,AGO,ARE,ARG,AUS,AUT,BEL,BGD,BGR,BLR,BRA,BRN,CAN,CHE,CHL,CHN,CIV,CMR,COD,COL,CRI,CYP,CZE,DEU,DNK,EGY,ESP,EST,FIN,FRA,GBR,GRC,HKG,HRV,HUN,IDN,IND,IRL,ISL,ISR,ITA,JOR,JPN,KAZ,KHM,KOR,LAO,LTU,LUX,LVA,MAR,MEX,MLT,MMR,MYS,NGA,NLD,NOR,NZL,PAK,PER,PHL,POL,PRT,ROU,RUS,SAU,SEN,SGP,STP,SVK,SVN,SWE,THA,TUN,TUR,TWN,UKR,USA,VNM,ZAF
AGO,0.0,0.17444536555892448,0.1688134973895673,0.1896701016700033,0.1861034608359262,0.1912301123389308,0.19983675061452275,0.1873722526373442,0.18896637818453957,0.17614315664934005,0.322642502400027,0.17240527583114568,0.19622055440196096,0.18512128179320328,0.17599613052585372,0.18713393005148649,0.17998830999590093,0.28182413602250533,0.1782979470866143,0.1815545181515977,0.23576877608408656,0.18208148116656633,0.18026249161555363,0.1832989166053136,0.19489473412278607,0.17886223817348015,0.18001118905055433,0.17676213276866484,0.1868293355254866,0.19138107447911068,0.19690910629307026,0.2296504896028652,0.174943170041449,0.16956422857297382,0.1756062632433044,0.17397505524458873,0.3306412907166002,0.1898993963775641,0.18177625140716377,0.17612137592811922,0.18658288659289504,0.1825458556473623,0.17846804419471865,0.32647330494391646,0.18285347206113306,0.17029538367698202,0.18442363338944218,0.45200729920436816,0.2015420297337446,0.207270110455201,0.1743121995236557,0.24717133650877704,0.29235327569085917,0.1823698028464692,0.2126292513346952,0.18537155779885311,0.1815040315421407,0.19047592266446606,0.17874428177141324,0.17247862830151134,0.19846641900961784,0.17964928758053006,0.18249086885505536,0.1681034509488977,0.1715930886486707,0.1918290723052459,0.17914669901464522,0.22288437306036263,0.2729517908188596,0.20317671689414182,0.18736134992857015,0.18287523250057922,0.18589809874422858,0.1788342448651178,0.17687086660843246,0.19716581560184185,0.16976967625656134,0.17828343127484647,0.18983280912791506,0.17569848731169851
ARE,0.17444536555892448,0.0,0.15452108633692896,0.120352010048997,0.13150176743335842,0.11832549208403063,0.18789863830246117,0.11855943880103698,0.18485428839781942,0.12020432259568106,0.24348040997826537,0.14006979994663316,0.15634719068458236,0.14657044207784112,0.14374889787438205,0.15962425469501276,0.1574494224295955,0.2657718897564084,0.12012676466115195,0.1506750209345023,0.17384822980940398,0.13032985759680948,0.1388165714009215,0.13862986916794934,0.18034516378942156,0.12688492038030427,0.14083850970655828,0.11972997084196768,0.13789629947213133,0.12833758679125018,0.16808245236752814,0.18620185372281847,0.12483138450549637,0.12936860123048802,0.15172103494661285,0.14165543155880317,0.31364147043296314,0.1519108662538659,0.13851403761033912,0.1264123548957882,0.12893856380155724,0.1464575744919005,0.15630716470114073,0.32017841120383933,0.14395871868843904,0.19361161905630872,0.1471630612238986,0.44129299596813854,0.14043052788848231,0.20745911468458927,0.13241842970227735,0.21242413375568212,0.3350437164664267,0.14860138669557424,0.19396467579164792,0.12811617161910313,0.1139539488335741,0.13186891373398701,0.18547018312648086,0.14362832195480435,0.18393631325704726,0.11966690097314134,0.13036090349703305,0.13375440900923435,0.128311755205088,0.15380432012842263,0.16685348972617178,0.174009537758524,0.25789030009535235,0.14234152118486637,0.12268951785001046,0.13348159614935892,0.15991428796411009,0.17279772528273582,0.1452151353106142,0.16149694326175215,0.1621510750751892,0.14569557500925287,0.16891128563709262,0.13886912984088629
ARG,0.1688134973895673,0.15452108633692896,0.0,0.1239319568736606,0.11681235691059255,0.11833896824708627,0.14300484933949212,0.11684033730301976,0.09141457188720883,0.07328598292904272,0.29790003737653636,0.09538090056801146,0.1265226081960642,0.10750097158023544,0.09073159892213903,0.09238506953018372,0.08541178141076547,0.22905877087609322,0.07657476360093518,0.0976400323242335,0.18567957167181912,0.11100650036385316,0.10833533007042606,0.11487458402341134,0.11859157411433915,0.09025222059608154,0.11234261089658262,0.1070843533011051,0.1156564366351457,0.12739526049047165,0.13191024259584985,0.1843132262293384,0.0950479333824932,0.08218701845197132,0.0786651003207777,0.08015996404065247,0.2937813443740412,0.11888725376198504,0.10853137348903832,0.09731044782873996,0.09755346251984669,0.10723984929605035,0.11910647215906452,0.2958972469970481,0.10635346008594475,0.13251406118660097,0.1037864770463815,0.4301100447052358,0.14712482409752298,0.10990346563625676,0.08149127021887168,0.2050769330243109,0.2843935814002348,0.09178117688431264,0.13989767143625795,0.10852940382791182,0.12313628883067011,0.10821981124649563,0.10072640924012502,0.07111897691528864,0.10554914757167884,0.0967339224276122,0.10340124868846197,0.08170384856341034,0.09784523616801521,0.1304144579188269,0.08083014257974327,0.17632186021812213,0.23549799876520494,0.1450263117560374,0.12191614972057772,0.11682102143290916,0.09563731230761248,0.0837842997562348,0.09333326127574555,0.13029659901092003,0.09098412090966684,0.10457625570625904,0.1273809817009434,0.09527190367201038
AUS,0.1896701016700033,0.120352010048997,0.1239319568736606,0.0,0.07852681764326062,0.05580387760689381,0.16106042001539292,0.06370516556138207,0.15397101796689375,0.10396771136181811,0.2990388752107368,0.09858264234767099,0.1143785673489101,0.0940424573725336,0.1149948163346827,0.1384009184211819,0.12676665961745148,0.23797211821471453,0.0969068169084189,0.10863281660155955,0.13798838125701607,0.07983303701339275,0.09538704294544606,0.09665611090199723,0.16831915469555303,0.07390826055730344,0.09886456680357993,0.08459190029644617,0.07545361073367954,0.05949369281623791,0.14367555007536498,0.16310311667084235,0.07537616232359584,0.08524576639884192,0.1308144299197918,0.1072351457874446,0.3035958089106829,0.11387634262690992,0.10461569924104969,0.07994849502859264,0.09742192142252032,0.11406416337514844,0.12356114101710619,0.303966158342285,0.11714349028502889,0.1661776671985907,0.10905595102221415,0.4145112039432529,0.0888152324582956,0.17593882935347394,0.10416753352575542,0.1948862287607877,0.3147970650086135,0.13294605856355443,0.16730164120848887,0.06448236806506588,0.06881152501112624,0.06092541322537261,0.15504183111400321,0.10738063028631545,0.15657155188456903,0.06547043582362061,0.08313097602500248,0.09165883730285732,0.11544516515760146,0.1475925595603465,0.12411176676180695,0.15694210400029143,0.22679172586453958,0.10157693267171666,0.06445207421051563,0.08730657879646588,0.13798808266326132,0.1386675859907468,0.10200807839797557,0.14066451792753246,0.13096395841217962,0.10231075833009855,0.1515336181282022,0.10441700262750993
AUT,0.1861034608359262,0.13150176743335842,0.11681235691059255,0.07852681764326062,0.0,0.0767312346619942,0.1609387970946148,0.0793560567842369,0.15202218221562208,0.09085745360273316,0.29571234638267263,0.09058234942995103,0.09372019906447665,0.09280286719970292,0.10122464896306062,0.13599876757617163,0.12652685065644217,0.24573860126243774,0.08951235712375581,0.10723223609670703,0.15545151318720338,0.07005814822517058,0.07469732529722414,0.09572742319319102,0.16575178292022696,0.06852766620643554,0.08741230144454792,0.07868053146263602,0.05858883308330226,0.05227879185948813,0.13159989752946794,0.1616287717578533,0.07307145936578338,0.08181843226217116,0.12195964245134162,0.10270771125342497,0.3011601094816251,0.10631830216983812,0.09248235471512715,0.05712100062742909,0.1084244243791084,0.09638720515652349,0.1257993314097305,0.30181695248805235,0.09842168834215936,0.14926101581443557,0.10621891837751146,0.411596120920922,0.09808407780817242,0.17798585606236814,0.1014718113186938,0.1831775255859821,0.3202945818111128,0.12729478890400062,0.16497924316510099,0.07794155487634213,0.09271010175108875,0.08551194887982941,0.14233683174635164,0.10406506114914177,0.1547809729834825,0.07945290808859154,0.04231094455684585,0.07938724601964356,0.09035521549693955,0.1457342676906504,0.13010666678576938,0.15249859729890222,0.222738361828282,0.08272274574007865,0.07892557296455023,0.07697243956317044,0.1220313063145562,0.14048647433812844,0.08572684703800679,0.12479615468940389,0.12568070728407613,0.09041745190578034,0.14733084222693296,0.098953260147117
BEL,0.1912301123389308,0.11832549208403063,0.11833896824708627,0.05580387760689381,0.0767312346619942,0.0,0.15950644663846708,0.05237723069371323,0.1534784370999522,0.09336768852249874,0.29118975807358366,0.09248726613402197,0.10142155512498717,0.08081095979232994,0.10940947348910798,0.1332349660609426,0.12362721194666293,0.2440199303032456,0.09430089851275,0.0968187707876205,0.12954050734928887,0.06860915869406733,0.07646919648196893,0.0876312739012602,0.16731791721458858,0.05654063964259588,0.08704849360774239,0.07242845578033541,0.06388996073309593,0.05716798677499561,0.1376073986573524,0.15401265280619056,0.06697160262476881,0.07628892218461539,0.12902848651854268,0.10121731697027044,0.29738512321942695,0.10426391851471432,0.08845763842239782,0.06657106033488766,0.09382326122398256,0.103023206363604,0.12579360848546783,0.30135863011571457,0.10550005429196212,0.17551458331437364,0.09864729407909932,0.40785926697121555,0.08641739269553073,0.17569785668780105,0.09681661949329391,0.19205839828352292,0.3212770277580855,0.12263358088744372,0.15875104188772346,0.04801562695728515,0.07302727324051655,0.07327540734975975,0.1597598890613148,0.1008494349516347,0.14773819935804963,0.05803960742963206,0.07809537262594311,0.08655134447295429,0.10926356905972484,0.14415827228796346,0.11894875962982968,0.1478032300030218,0.22174594069379314,0.09981917724024082,0.04698432612547579,0.07926159007956811,0.13396749141770706,0.1385078742384212,0.10750551339679765,0.12919906309524076,0.12305767606337922,0.09014500802891562,0.15104534440371703,0.0995568565119557
BGD,0.19983675061452275,0.18789863830246117,0.14300484933949212,0.16106042001539292,0.1609387970946148,0.15950644663846708,0.0,0.15421433529138348,0.13151532066240165,0.14645278772155118,0.31775286618468185,0.15016858704985653,0.17238802697995528,0.15310487121181537,0.11454817311952764,0.13704723360262377,0.1302995502375797,0.2615825515031981,0.14638754242240165,0.15238731817133813,0.20863913229418485,0.15358083096625036,0.15428320328173997,0.15427536153235624,0.17331771957679484,0.14623007113272646,0.1507860807661462,0.15036633823991882,0.15909844713300553,0.16606715793567478,0.16915393847108703,0.20511864879283662,0.14426431907120357,0.13798212372558336,0.13460732968046327,0.12585474184324094,0.31855210791664457,0.15699732523694854,0.15146156331268112,0.14095035732661185,0.15184142087727373,0.1553611138993608,0.1629592377740345,0.2919967535737689,0.15108687567194648,0.1564525664157511,0.15200168312223006,0.4383893402601659,0.17438034080098366,0.1628957516526419,0.146737908870699,0.22936028527169225,0.25935057932864786,0.16398308276076198,0.16892239913610202,0.15618560398926726,0.16005004238034942,0.15742933061926306,0.12458563516348763,0.13591936659574846,0.16600017917590512,0.14530353424475778,0.14394353401394958,0.1371058687940048,0.1529986869755829,0.179531617306149,0.14288198220683349,0.20023609265590278,0.2538233784373432,0.1805353546600682,0.15605459044869158,0.15757988960653008,0.13549165467873656,0.1300457461791109,0.12040117095012624,0.16802812899531247,0.139512869113146,0.15558437984863155,0.13413740931747103,0.14927789509981687
BGR,0.1873722526373442,0.11855943880103698,0.11684033730301976,0.06370516556138207,0.0793560567842369,0.05237723069371323,0.15421433529138348,0.0,0.14910773488635018,0.0920120272330718,0.29088951218326,0.09117816289028473,0.11095699972457317,0.08917442023674624,0.10272802731808316,0.12455608032901604,0.11872547558799942,0.2401334440825095,0.09271921607791252,0.10244521947795675,0.14127544096124323,0.07022734639436964,0.08038755469521895,0.0929644289323588,0.1614828381517603,0.059425191741680754,0.08508771261360205,0.07155144237479073,0.0759607850418657,0.07182874363086517,0.1345072085233053,0.1583714907695872,0.06969394476942084,0.07406350041801767,0.12467761147919103,0.09168215632482497,0.2997285970515905,0.10511063755960857,0.09177616347553286,0.06276831208277762,0.08291124297656433,0.09724596458810916,0.12086135319961674,0.28414997662198493,0.10116005859394896,0.16964716167870203,0.08883540376007239,0.4145189552735357,0.08972384129163305,0.17395398220339603,0.09252796315061153,0.18414741298507337,0.31683238966837335,0.11739030882460379,0.1535477900442159,0.0650502234206298,0.07508870452469085,0.08079718719593584,0.1553738320849255,0.09565291133879161,0.14424519257399826,0.0494699192160149,0.07983200262441338,0.08134255613467153,0.1017988606187135,0.14198221474647454,0.12016719480054525,0.15098913100031205,0.22369787800507962,0.09976300035234163,0.05542786741984366,0.07719527918598597,0.12742685314877752,0.13511821676114252,0.09840697903405903,0.1246337026462952,0.1090695789736348,0.09438093185752844,0.1451421909501147,0.09426955734388612
BLR,0.18896637818453957,0.18485428839781942,0.09141457188720883,0.15397101796689375,0.15202218221562208,0.1534784370999522,0.13151532066240165,0.14910773488635018,0.0,0.1221642238441312,0.3149895880882156,0.1402306301359055,0.16368355980209517,0.1446023872482777,0.11630931398947505,0.09508619926592886,0.10159892482669222,0.24359965130148406,0.11343988021726178,0.12806022937236392,0.20325566761308506,0.14437276925146814,0.14696514072703487,0.1465487738581428,0.15206349077058018,0.12815329413189264,0.14691449970008963,0.14358059061179496,0.15020847316143426,0.16072306207112774,0.15160712157965597,0.20780519885865148,0.13341982600007285,0.11367369993431695,0.10589838195032496,0.10741456296563238,0.3115248926272994,0.1529325800358804,0.14444495520795564,0.1374809433048926,0.12441904371612897,0.14757077434708984,0.15841282210930271,0.3018975246752135,0.1435457774925371,0.12009959367191786,0.13732024594197464,0.4379166551859573,0.17014829521792918,0.07584123158395535,0.12275146503843948,0.22784963785328763,0.24530985677254472,0.13217666456636934,0.1459276813078025,0.14570941341335134,0.15829788605177894,0.1297644717370533,0.0832854395443466,0.1107332070972405,0.10817921185293278,0.1259183573463045,0.1353539500711115,0.12029581274788231,0.13528372361803395,0.17522394959898396,0.09279466626993024,0.1977813826545576,0.2525178881892761,0.17251645519704073,0.15677504151705438,0.1550485718052834,0.11753798527148977,0.08915410538013986,0.10567466192195976,0.16233180403436373,0.10878806887420342,0.14946265543509915,0.12633144385906844,0.1364509314109153
BRA,0.17614315664934005,0.12020432259568106,0.07328598292904272,0.10396771136181811,0.09085745360273316,0.09336768852249874,0.14645278772155118,0.0920120272330718,0.1221642238441312,0.0,0.267683073950721,0.07331607614735661,0.10624384009794227,0.08917616845560282,0.08394131512054104,0.09685879404033257,0.09222295623851694,0.2292520742096462,0.06100649395695488,0.08306108677981296,0.17526738926206537,0.08694494969778119,0.08021903475468982,0.09295609843052399,0.13645308623662272,0.06682967263235821,0.09528395254176956,0.07752501962765211,0.08925587488595149,0.10033906021501676,0.1235912549346791,0.16035149178237615,0.0771725798774588,0.06287437926606605,0.08412186396141684,0.07889651940122924,0.2948999474299699,0.10462921702532331,0.08128906731056922,0.06623995112124767,0.09079202611008186,0.08232381355386967,0.10595553918721827,0.2998605571737921,0.0818646764043038,0.14769831370279266,0.08851311412147282,0.41675513205496134,0.129537190679978,0.14310562312170733,0.0633550383654411,0.1901670272412028,0.3071164098036819,0.08742485910005114,0.14181808237449467,0.08287848594049906,0.10530075382145286,0.10429680489406103,0.12453770255209688,0.06879298146515436,0.1156143182621423,0.07803036066840603,0.07631964357286643,0.06649052073108495,0.07758671994675156,0.12134726822165555,0.10041086786943079,0.15480130436205977,0.2215255912825426,0.11581746636446899,0.09794716320824368,0.09415388031444077,0.09495267162562099,0.1078613642381888,0.08931341335413996,0.11248895341308289,0.09667032335090388,0.08139358216579405,0.12763698942213395,0.07143014186861851
BRN,0.322642502400027,0.24348040997826537,0.29790003737653636,0.2990388752107368,0.29571234638267263,0.29118975807358366,0.31775286618468185,0.29088951218326,0.3149895880882156,0.267683073950721,0.0,0.28703362176374336,0.3014898818038231,0.2962134700617969,0.29120039177359786,0.28889636060106666,0.294327646107315,0.3641394130819634,0.2720419558874905,0.2996610129600962,0.32943946830329746,0.2928276962886577,0.28785444731669535,0.2942791205610649,0.317339169577803,0.2891355586265462,0.2919350369852399,0.2768782073032641,0.2961766866643947,0.298760085719428,0.3010584438052741,0.32556724194087144,0.2880747247892297,0.28636751238174835,0.2931737268681717,0.28946923286724413,0.4006740721917834,0.2970753114796226,0.2784740910235701,0.2849113074915583,0.29110714263419285,0.28788512288992796,0.2978161816644668,0.408234788673295,0.2868546819124371,0.3183568754686878,0.2927759829487209,0.5103034528815337,0.309311515574277,0.3283545360366301,0.2853331054660804,0.33430867273150133,0.41530351326155684,0.2879860485169757,0.32166398098033333,0.294850884865534,0.29599585859177896,0.3042808792678109,0.3131000424186973,0.29066171257062434,0.31205240250473015,0.2900764555641144,0.29149976971916663,0.2878196911181809,0.2807455188831084,0.29786775098172225,0.30527783343419934,0.3118151459712094,0.3587529982817642,0.3044531040819357,0.2945019798908048,0.28973113274403495,0.2991694836469759,0.3055742015682485,0.2987213814839154,0.2973855366180513,0.29854446262312273,0.28946473317539956,0.2974666778934348,0.2773835119024875
CAN,0.17240527583114568,0.14006979994663316,0.09538090056801146,0.09858264234767099,0.09058234942995103,0.09248726613402197,0.15016858704985653,0.09117816289028473,0.1402306301359055,0.07331607614735661,0.28703362176374336,0.0,0.10520863321619403,0.0787962181392232,0.09092722788891443,0.11590120089291006,0.10506314338051659,0.23116134555657705,0.08637169364468239,0.0876109846999166,0.17523298275576615,0.08073892017817849,0.06473905931202018,0.08526993935193455,0.14405088106108122,0.07067398045954319,0.07948131868911434,0.06604548310135525,0.07704041340463975,0.09414697744994391,0.12025745370414946,0.16071014380085422,0.07609229072282289,0.06340237062510176,0.10440248220864362,0.08324120779929425,0.29434145311456045,0.09372912068059967,0.06359166871136758,0.06442399569091355,0.09997729757404634,0.07982968093612004,0.0995085383609449,0.29880578218761344,0.07954664593827375,0.15758156597925113,0.0890359539722867,0.3875849916979112,0.1288488085367637,0.15678511825716374,0.07334397247683173,0.1903760619281653,0.30963904002876325,0.09433984387660747,0.1481348980057555,0.07448168399320662,0.09658250706279081,0.10856842705578079,0.14128593402084272,0.0779710965217211,0.13619516558348804,0.08274147506515847,0.08829815209588117,0.07143766182885802,0.0897201552979376,0.12454420935588331,0.11345770983252637,0.15202608394307465,0.1928795328955061,0.12389852566024248,0.09273740761846835,0.07304277930618623,0.11204619031160752,0.11798644485384481,0.10312152903148862,0.11039955404637881,0.10448740440937536,0.04536769658279443,0.13690611578674233,0.06881637872264103
CHE,0.19622055440196096,0.15634719068458236,0.1265226081960642,0.1143785673489101,0.09372019906447665,0.10142155512498717,0.17238802697995528,0.11095699972457317,0.16368355980209517,0.10624384009794227,0.3014898818038231,0.10520863321619403,0.0,0.09984463368346799,0.11602507009333538,0.14573236298190284,0.136536074945982,0.2496099372003078,0.1176775770565484,0.11292843034326579,0.17712994029782378,0.10264109823562835,0.09440164168438782,0.09794457904644784,0.17904545660394464,0.09532127296620693,0.11034382453070041,0.10234703906484637,0.09340943996717437,0.09795627897509221,0.1371495735590614,0.16330094486267022,0.10012851022346651,0.1015584515851777,0.13616833326046357,0.12105441261083331,0.24168712219939084,0.1207713023707332,0.09462442369179111,0.08885688588469882,0.12438988429062349,0.11014875206876996,0.13364890854558983,0.3139966178457094,0.10979358550163079,0.17171044619070724,0.11947932796048412,0.4135477239005495,0.13744614893941048,0.18534007024713917,0.11343248800702814,0.1862286172025685,0.32541246475410884,0.13342201401412068,0.16628086495335914,0.0932890529870793,0.11703545317508772,0.12255712869178415,0.15927484632668554,0.11693950981393945,0.155059747025852,0.10899258272578531,0.09704301402894737,0.10158875833000393,0.11468751343053346,0.1575022395512844,0.13672819412442222,0.14824698100197747,0.23017663463270008,0.1269840602816992,0.10454915885537161,0.09841330961682601,0.13143457417153753,0.15010032293515516,0.12180119456140595,0.12934553780334948,0.13302227319015414,0.10022690775134702,0.15380241654461907,0.11029894946502561
CHL,0.18512128179320328,0.14657044207784112,0.10750097158023544,0.0940424573725336,0.09280286719970292,0.08081095979232994,0.15310487121181537,0.08917442023674624,0.1446023872482777,0.08917616845560282,0.2962134700617969,0.0787962181392232,0.09984463368346799,0.0,0.10593573707033595,0.12349916625045071,0.11440502161303677,0.20814099008771014,0.09922734241707783,0.09002095074011736,0.16443530836122605,0.0903376672160093,0.0784003069555546,0.0953362171950349,0.16431475905572301,0.07087468000948483,0.09255130825611296,0.08188339818765897,0.07471116518591638,0.08804581179977806,0.13162190026197879,0.16079465150897007,0.08097501936693123,0.08086288894343395,0.11913709096574288,0.10088899416851198,0.2997444032812849,0.0962501406726603,0.08037479739244165,0.07480260627431458,0.10693540683785197,0.10426026526752263,0.11223032208199123,0.3052767466557841,0.10304591569185957,0.158492242055406,0.09436342203395306,0.39572429080306093,0.12188973293482731,0.16391069962544766,0.09416229912522311,0.19275472353061068,0.30937873093482665,0.11506109773253975,0.14639148916712594,0.07368447844919442,0.09733454419484158,0.10139438895841886,0.14892263070822934,0.0874714690454095,0.13458386617948326,0.08195444501225949,0.0901097634280298,0.08339198273106997,0.10434104806263411,0.1463757617162614,0.10261801922354497,0.1567384429965216,0.20891702001713938,0.1256090563015037,0.08928568702693356,0.08452039829939409,0.1236928048679501,0.12818575625316442,0.10881262556815163,0.12642778983045766,0.11373880294423504,0.07950692290046876,0.12868711858792956,0.08972322167128406
CHN,0.17599613052585372,0.14374889787438205,0.09073159892213903,0.1149948163346827,0.10122464896306062,0.10940947348910798,0.11454817311952764,0.10272802731808316,0.11630931398947505,0.08394131512054104,0.29120039177359786,0.09092722788891443,0.11602507009333538,0.10593573707033595,0.0,0.10451934615334646,0.09942715767063112,0.23413973710191252,0.08990408536597859,0.11297572122563393,0.17828671337529572,0.09212086502748942,0.09006004374582872,0.10656224477153062,0.13806172655177412,0.08729321447502686,0.09987083146899248,0.08417423564239439,0.10878946208315969,0.11819273808296606,0.1312552664579153,0.1822150088914315,0.08799720386045852,0.07482753586650367,0.0899120305572639,0.0652754800851462,0.29164504100746613,0.11302448204539742,0.09378190880895694,0.08036918200849348,0.09447505932898187,0.08222418858787468,0.1178536170003684,0.27986630921909733,0.06349925452257771,0.14382050880714467,0.10459137417974182,0.43065475849147394,0.1371891991340633,0.13935398498604246,0.07659228738106773,0.17338283634670018,0.2925536024478031,0.10311174090299688,0.14543094111040136,0.10435930905318597,0.11277012594764324,0.11740379280771435,0.11769986135588943,0.08187511884330835,0.13279137031691454,0.09148915301087776,0.09227749711221268,0.07688691572330608,0.09364334178935428,0.13717878545623904,0.10366345217781953,0.15109377277563016,0.23552671709695255,0.12634701340458143,0.10544131935261873,0.09980369814019359,0.07206264816120453,0.10644153873443898,0.07928199121150677,0.08750692761461329,0.10165883599485857,0.10034211165051503,0.09875226520463927,0.08872385430267873
CIV,0.18713393005148649,0.15962425469501276,0.09238506953018372,0.1384009184211819,0.13599876757617163,0.1332349660609426,0.13704723360262377,0.12455608032901604,0.09508619926592886,0.09685879404033257,0.28889636060106666,0.11590120089291006,0.14573236298190284,0.12349916625045071,0.10451934615334646,0.0,0.08676729699589056,0.2331508079946191,0.09646117755286382,0.11594792161409587,0.19054099672810246,0.12762990648210817,0.12274421324617392,0.12949998324745712,0.14872056118353924,0.1065245856963536,0.11264078504204247,0.11610297154144668,0.13401653484809883,0.14621370073454584,0.14182812089610444,0.19703724862571287,0.11256850190048286,0.09755318229208582,0.09795037024598625,0.09540076518858508,0.30316613654144503,0.1307670044056812,0.12014617273577591,0.11338275326045648,0.10667161616089162,0.12611987803905086,0.13415516899138694,0.3030987677541296,0.12298183589706543,0.1456409558201448,0.10770738692076488,0.4390553866708326,0.14667441728103905,0.10850683417916772,0.10298825407285996,0.21434945585601686,0.283074513675305,0.11153197008712433,0.1322263220773095,0.1274748654455946,0.13702980195068828,0.1259854150453449,0.12025433523196377,0.0865994067733493,0.10689616312942586,0.10476584243685405,0.12085436050958417,0.098598755953766,0.11493025144968316,0.15870679345833083,0.08725223492518268,0.18425965646269168,0.24703892278922432,0.16108035285305766,0.1354381401610114,0.1284030166520959,0.11291713859604685,0.08961963069790507,0.10810534445332023,0.14698532076220855,0.10086004430991846,0.1262214410182402,0.1303594088201401,0.11055649875707112
CMR,0.17998830999590093,0.1574494224295955,0.08541178141076547,0.12676665961745148,0.12652685065644217,0.12362721194666293,0.1302995502375797,0.11872547558799942,0.10159892482669222,0.09222295623851694,0.294327646107315,0.10506314338051659,0.136536074945982,0.11440502161303677,0.09942715767063112,0.08676729699589056,0.0,0.2319741022322594,0.08879201799457995,0.10190187640789738,0.18169585329240237,0.11788711812553304,0.11489295196442435,0.11751309410426836,0.1446888450625126,0.09486708713088561,0.11020529260583369,0.1093749207151834,0.12520450866760585,0.1344355214949997,0.13038115299269123,0.17966018510848783,0.09955632400991886,0.0903317224574801,0.08711254922038161,0.09352846520948552,0.3011903375534689,0.12177061796608409,0.11464972140772933,0.10197611186201996,0.10598349301290576,0.11601182895743609,0.12224697304880884,0.3012261217564897,0.11225230312621293,0.14489507737050536,0.1039880689044722,0.4377009300891911,0.1466759622006418,0.1216740139614235,0.09723048428281358,0.20663034888566786,0.2917761166115884,0.11042711834031983,0.14287214144354649,0.11684503051482079,0.1257783397662459,0.11803623535777685,0.1169823030046115,0.07561662701206653,0.11627847566045611,0.09984563257762637,0.11105812261186522,0.09036115900836218,0.1105354173870011,0.14623220631978667,0.08754356367176447,0.175191985852615,0.2414193373777865,0.15298114356304165,0.12415803730382075,0.12024216651596774,0.10513106334168386,0.08342560553409749,0.10251762549855661,0.1401785129847197,0.10370443449766506,0.11697902396527865,0.13237863251482038,0.10470760172132192
COD,0.28182413602250533,0.2657718897564084,0.22905877087609322,0.23797211821471453,0.24573860126243774,0.2440199303032456,0.2615825515031981,0.2401334440825095,0.24359965130148406,0.2292520742096462,0.3641394130819634,0.23116134555657705,0.2496099372003078,0.20814099008771014,0.23413973710191252,0.2331508079946191,0.2319741022322594,0.0,0.23436097647288506,0.23757017557112983,0.2824360291516466,0.2406190824824414,0.23814864737077127,0.24121058192537,0.2597449850544906,0.23045956907247814,0.24023846997661752,0.23678129970132208,0.2443747707937451,0.25062642223581244,0.25104508503454814,0.2791824457872884,0.2343123142214528,0.23029730278565608,0.2317131540241279,0.22868044762826367,0.3679647330623452,0.24133253586737963,0.23804838302588271,0.23308987778547285,0.23263421365487555,0.23744296548384622,0.2214955055590379,0.3642222852898998,0.23803353924601683,0.2523954753209187,0.23234800714453704,0.48504760469551184,0.2583443335059895,0.2512992728150493,0.22657944718744977,0.2941960235493273,0.37015947221920253,0.2357034870205001,0.2502308535184367,0.23994506758235007,0.24391771461523404,0.24415717174744983,0.2523151795840076,0.22408410991209657,0.2376115456690675,0.2318212944569838,0.2399386022714451,0.2305653612032334,0.23831014115565,0.26130674705363477,0.21899154466939302,0.27517147296726857,0.3195241455873821,0.2598401050060003,0.24344816185296125,0.24050007077069482,0.23956785569859557,0.2368191474384426,0.23475486062871034,0.25152749637900607,0.23422551471324912,0.23979988072590075,0.2217624550826128,0.22641428790345736
COL,0.1782979470866143,0.12012676466115195,0.07657476360093518,0.0969068169084189,0.08951235712375581,0.09430089851275,0.14638754242240165,0.09271921607791252,0.11343988021726178,0.06100649395695488,0.2720419558874905,0.08637169364468239,0.1176775770565484,0.09922734241707783,0.08990408536597859,0.09646117755286382,0.08879201799457995,0.23436097647288506,0.0,0.09799888552800988,0.16769681115278065,0.09650213916933208,0.09616654494123693,0.10259900291166149,0.13117905660284498,0.07364332999314477,0.100185248716241,0.0854941969843872,0.09286662531066693,0.09583074801282897,0.12737720491335588,0.17406576409313673,0.07945598731071032,0.07612523270463069,0.08455959358069737,0.08315809234171351,0.298550751054969,0.10397902076219966,0.0934107510377924,0.07831041565403851,0.08380515151510422,0.10403749691777402,0.11942068589818253,0.30246736604212615,0.10144982338174566,0.14146185535347136,0.09991184686563732,0.42057593682169114,0.12339681127313358,0.1314218880345906,0.08132059610127972,0.19239324264110283,0.30542643687727516,0.09423827449866297,0.14362648445164125,0.09072230341885883,0.10203924988971322,0.09192089979810537,0.12055309134261165,0.07025998160437176,0.1209755003818735,0.07968858454814315,0.07675291826257992,0.07671364067203683,0.08683132991962511,0.1241746620141395,0.0933195147582002,0.16351826919025084,0.22799238046676568,0.12303056891693817,0.10312804866048493,0.10358396599724681,0.10083865950945956,0.10512221849595385,0.08398916399014673,0.1267625606316498,0.10936745764967637,0.09627447575004153,0.12958978594918877,0.08860588001705123
CRI,0.1815545181515977,0.1506750209345023,0.0976400323242335,0.10863281660155955,0.10723223609670703,0.0968187707876205,0.15238731817133813,0.10244521947795675,0.12806022937236392,0.08306108677981296,0.2996610129600962,0.0876109846999166,0.11292843034326579,0.09002095074011736,0.11297572122563393,0.11594792161409587,0.10190187640789738,0.23757017557112983,0.09799888552800988,0.0,0.1749760976526354,0.09748626727342533,0.09814089571867043,0.0864143050101203,0.16209591775359225,0.08065413878961943,0.10008390964823659,0.09548093156773599,0.09555450082709242,0.10479832798680243,0.13137772644221946,0.12191324982820531,0.08682237994143341,0.08264017636856218,0.10576498787332335,0.10157613018827981,0.30081216758340706,0.10909943857677828,0.09358787496769841,0.08510860546182351,0.11135578194103005,0.10785203505431601,0.11673062027593506,0.30535307418189445,0.11063386580847873,0.15578138907820632,0.10421503159218373,0.4023384651045757,0.13142450341073128,0.14642185602660124,0.08810615930934185,0.2033261795188864,0.306941955461412,0.11279105722971389,0.1358443211199529,0.08266416410491048,0.11351654953664685,0.10698487145942373,0.13826865388325732,0.08653313329478567,0.11229021843834569,0.08870673769577574,0.0973178719035004,0.08382369107690515,0.11006275631153817,0.13333867061851198,0.10376263012971584,0.15746640809002474,0.21014872512320676,0.13533869844659996,0.10212170113378122,0.10329296675721082,0.12141325275792,0.11836710081301136,0.11132999445907829,0.133780882976002,0.10479669696190015,0.08988667540127514,0.14597439589471858,0.09720202754548694
CYP,0.23576877608408656,0.17384822980940398,0.18567957167181912,0.13798838125701607,0.15545151318720338,0.12954050734928887,0.20863913229418485,0.14127544096124323,0.20325566761308506,0.17526738926206537,0.32943946830329746,0.17523298275576615,0.17712994029782378,0.16443530836122605,0.17828671337529572,0.19054099672810246,0.18169585329240237,0.2824360291516466,0.16769681115278065,0.1749760976526354,0.0,0.15349335835628208,0.15929311004735394,0.15903265803318942,0.20377731569628985,0.14773220967057266,0.1442962797320668,0.1539368227256696,0.15591235591199104,0.14363840412200873,0.18019736565303274,0.21069023727310657,0.1514316291196384,0.15926713339762236,0.1891339093250019,0.17472817740451582,0.3310312951915766,0.17580237312730598,0.17364319221617747,0.15762676766182404,0.16244324838475246,0.17948788984381542,0.19350417778507828,0.334489314728087,0.179898813951245,0.2201897580957224,0.17123691160573198,0.43344778670902057,0.11529209676772473,0.22115414325857966,0.17263636992947726,0.23519314354830087,0.34613758745863915,0.1902889534370771,0.21494432726169502,0.14843887784651771,0.14493040268132917,0.14331025293911862,0.20813759031060755,0.16864375843194318,0.20839604359000033,0.14505820373583392,0.15331917280642587,0.16716595693273764,0.17916723740172724,0.20331323995073539,0.17171171030851287,0.18041461014295973,0.2715334524976441,0.16311401709118636,0.13227633316411405,0.16309291698029937,0.1937362909706881,0.18716701219221238,0.16995396953329667,0.1963799388148449,0.18849545616446042,0.17510240905092728,0.20365778514628358,0.1782593734415035
CZE,0.18208148116656633,0.13032985759680948,0.11100650036385316,0.07983303701339275,0.07005814822517058,0.06860915869406733,0.15358083096625036,0.07022734639436964,0.14437276925146814,0.08694494969778119,0.2928276962886577,0.08073892017817849,0.10264109823562835,0.0903376672160093,0.09212086502748942,0.12762990648210817,0.11788711812553304,0.2406190824824414,0.09650213916933208,0.09748626727342533,0.15349335835628208,0.0,0.055070253823430275,0.08835775644787452,0.16167535786720658,0.05804113636150805,0.07873454082028965,0.06918590939493587,0.07095285553405463,0.07559870253815702,0.1308010041178537,0.15242190516548373,0.06800521565653735,0.053066268552133325,0.11681221697433004,0.09078420433735516,0.29801256502935153,0.10336145735675488,0.08345212258267515,0.059495012825660706,0.10102440855984171,0.0742165531889599,0.1188900909261134,0.30017593852403635,0.07696751977364819,0.16091308442308297,0.09185036981998815,0.41769485948044915,0.10094772197749562,0.16732652023876485,0.08034250887468602,0.1851111121777467,0.31266736628957176,0.11780257016921492,0.15744704998336453,0.06637970197206824,0.0844115063391058,0.08843760659808844,0.14535258274406096,0.09754438619283552,0.14530553410873134,0.06160416869419347,0.07159948541609663,0.06826918796047017,0.09656046058538215,0.14086914596515504,0.12013618699767538,0.14945179138846001,0.22461612824610608,0.06986457415513489,0.05918347498553146,0.06308245116268678,0.11669487368741535,0.12758995101901827,0.09680957155039586,0.11747835745726361,0.11325508912801961,0.08254130512279065,0.14223583755717942,0.08965487648013366
DEU,0.18026249161555363,0.1388165714009215,0.10833533007042606,0.09538704294544606,0.07469732529722414,0.07646919648196893,0.15428320328173997,0.08038755469521895,0.14696514072703487,0.08021903475468982,0.28785444731669535,0.06473905931202018,0.09440164168438782,0.0784003069555546,0.09006004374582872,0.12274421324617392,0.11489295196442435,0.23814864737077127,0.09616654494123693,0.09814089571867043,0.15929311004735394,0.055070253823430275,0.0,0.08318792084880325,0.15831629400362765,0.05840374486917643,0.07481837649018586,0.06254090830297604,0.06764376905223884,0.08228162305365742,0.11924033088082224,0.16110517868815039,0.07230027784150271,0.05702251933160108,0.11550316145640459,0.08850861176124047,0.29494780353554084,0.09226927131318786,0.0665521818919005,0.05321797441876688,0.10446017266650585,0.06460554416083013,0.11335166408297172,0.30107124255454987,0.06987547519814553,0.16310904095425902,0.09249636051076432,0.4068869876657479,0.11784068300508213,0.16735278884266205,0.08121766418816521,0.1844174725630409,0.31620193182728745,0.11110255636868267,0.15441474263379168,0.06887504581661016,0.09446467671075567,0.10703361934543922,0.14715955478962658,0.08835570940359411,0.14470509617649835,0.07535639585473475,0.07588368297569105,0.06612478895742546,0.09007187399728869,0.1403872202663997,0.11514543076592493,0.14679456844106153,0.21519428304995405,0.0930555198948267,0.07503990014251154,0.05955938377478567,0.11497574418253213,0.12628188053646852,0.10466175225469197,0.11161570223066301,0.11049207899471943,0.06281118122021054,0.14197205407419164,0.07694146414453541
DNK,0.1832989166053136,0.13862986916794934,0.11487458402341134,0.09665611090199723,0.09572742319319102,0.0876312739012602,0.15427536153235624,0.0929644289323588,0.1465487738581428,0.09295609843052399,0.2942791205610649,0.08526993935193455,0.09794457904644784,0.0953362171950349,0.10656224477153062,0.12949998324745712,0.11751309410426836,0.24121058192537,0.10259900291166149,0.0864143050101203,0.15903265803318942,0.08835775644787452,0.08318792084880325,0.0,0.1615588857124728,0.08090177591126312,0.09178723923697442,0.08081578380853044,0.08969478716458192,0.09379343315357258,0.10705132034641247,0.13204378066673517,0.08427230502567336,0.08181076811024274,0.11829257854300156,0.10365283175739196,0.29194880363282366,0.10345168389730534,0.08067385825399452,0.07475630047413723,0.10847833244335561,0.09555495044701487,0.12174856502967993,0.3050697652667809,0.09839004502589704,0.166031108245576,0.10350042778571208,0.4061398538477486,0.12377353011343975,0.16992879329791297,0.09685540139503232,0.1937929581158297,0.3145071517387082,0.11823866124537052,0.15282092153328644,0.07446799551302972,0.0834500747493777,0.10637005206411426,0.14892990627178385,0.10306631982550216,0.1381372229721877,0.08772724995088638,0.09408360878493098,0.08498798868471867,0.10707594580793842,0.13691004061555842,0.12413347508148555,0.12436172047809958,0.2174406545356301,0.12627896095772248,0.09192391893479353,0.09045792545403317,0.12773035236753022,0.13310101699914756,0.11307005032270408,0.12351157416849487,0.11419623640574937,0.08302527528344565,0.14881359508499853,0.09509249403221172
EGY,0.19489473412278607,0.18034516378942156,0.11859157411433915,0.16831915469555303,0.16575178292022696,0.16731791721458858,0.17331771957679484,0.1614828381517603,0.15206349077058018,0.13645308623662272,0.317339169577803,0.14405088106108122,0.17904545660394464,0.16431475905572301,0.13806172655177412,0.14872056118353924,0.1446888450625126,0.2597449850544906,0.13117905660284498,0.16209591775359225,0.20377731569628985,0.16167535786720658,0.15831629400362765,0.1615588857124728,0.0,0.1513496190638322,0.15282837539375335,0.15554767014774099,0.16822840446908327,0.174179615901372,0.16755782389300422,0.22410845557228154,0.15098192942413755,0.14474053696507239,0.1196483699643614,0.13506718397319273,0.3201307262664116,0.16762674292701363,0.16203398276010003,0.151422066274518,0.14199858274678828,0.15953491490842484,0.16122967046960404,0.3089307996623521,0.15848728434578127,0.1749865804704212,0.15704514171240794,0.45290792362994486,0.17915235779395797,0.16721229639360277,0.13606442781645278,0.23342247563612412,0.2999935965574717,0.12507245731817956,0.18900384496576894,0.15881318500101804,0.16039543283727725,0.16122244892910897,0.1446463478967744,0.13027946357219036,0.16803553157322623,0.15246662238423064,0.1574479471802088,0.13916054921898188,0.1412262799701918,0.11970817003186622,0.14452207299015063,0.20508004463851429,0.2676725984788892,0.18579099000155488,0.16575432800595022,0.16382160767748646,0.1426227373667266,0.14386591063624438,0.14625473789876442,0.17469755990150987,0.14237322507035327,0.15498901859257344,0.16973843006841294,0.15219610392144106
ESP,0.17886223817348015,0.12688492038030427,0.09025222059608154,0.07390826055730344,0.06852766620643554,0.05654063964259588,0.14623007113272646,0.059425191741680754,0.12815329413189264,0.06682967263235821,0.2891355586265462,0.07067398045954319,0.09532127296620693,0.07087468000948483,0.08729321447502686,0.1065245856963536,0.09486708713088561,0.23045956907247814,0.07364332999314477,0.08065413878961943,0.14773220967057266,0.05804113636150805,0.05840374486917643,0.08090177591126312,0.1513496190638322,0.0,0.07296139840169483,0.06243391227601598,0.06257911708226274,0.07110149313547015,0.11670112505028353,0.1545310286858186,0.051485280496401095,0.04941390016135721,0.09917438434346489,0.0799954477766913,0.2944763519555367,0.09006561085807381,0.07368574967747518,0.04555793302993925,0.0792314002423567,0.08092572913378597,0.10958541242543808,0.29884691071717195,0.08123965992814695,0.1549546441906059,0.07885341435182786,0.4158903025408266,0.09943629400403692,0.1500932409487657,0.07013931699038968,0.18398053349465576,0.31213991188516316,0.09910300433115254,0.13830336569716542,0.05706189348217632,0.07638796866502855,0.08063041613349921,0.13738616230314338,0.069616254461381,0.12083788390824483,0.046950576815165845,0.05962348672295692,0.05888480368576973,0.08706709005437047,0.13588492129937385,0.09474767084286705,0.149391734992774,0.22100414881590544,0.09728310951211172,0.06239834004446026,0.06633932411682206,0.10528899763326355,0.1140807537978883,0.08624106695512213,0.11541053472997645,0.10120937147568418,0.07487577998911688,0.13576701123328946,0.07701148569656457
EST,0.18001118905055433,0.14083850970655828,0.11234261089658262,0.09886456680357993,0.08741230144454792,0.08704849360774239,0.1507860807661462,0.08508771261360205,0.14691449970008963,0.09528395254176956,0.2919350369852399,0.07948131868911434,0.11034382453070041,0.09255130825611296,0.09987083146899248,0.11264078504204247,0.11020529260583369,0.24023846997661752,0.100185248716241,0.10008390964823659,0.1442962797320668,0.07873454082028965,0.07481837649018586,0.09178723923697442,0.15282837539375335,0.07296139840169483,0.0,0.062854667053645,0.09006119857651278,0.09818470795575238,0.12320173263619455,0.15964917642490647,0.07575098640346509,0.07329410867508665,0.11459796208333381,0.10013817260404041,0.297750155038582,0.10329582687145913,0.0857128838777944,0.07101400196207555,0.10571231776079196,0.09498933884364692,0.11556116459490828,0.3031278362798641,0.09459347983930048,0.15847474448215085,0.08443076348458783,0.4212866705385986,0.0835238681284934,0.16747743232692208,0.09181375456552869,0.18524212342547874,0.31025202722457057,0.11569588342698317,0.1568166772486849,0.08370949186402196,0.09510032585170719,0.10669247031331808,0.14554248658436705,0.09143416897227932,0.14306215271382244,0.07859724325393327,0.08256515516821447,0.07401289474240662,0.09684985536735803,0.13869924967906147,0.11507927426639175,0.14995838557081406,0.22397524345881145,0.11846436572131537,0.07888166661934637,0.07185243881160755,0.11999068343326204,0.12120575944508201,0.10613266079755299,0.121179773410667,0.11170869588086926,0.08374076180774791,0.14060456235511024,0.09008286894165062
FIN,0.17676213276866484,0.11972997084196768,0.1070843533011051,0.08459190029644617,0.07868053146263602,0.07242845578033541,0.15036633823991882,0.07155144237479073,0.14358059061179496,0.07752501962765211,0.2768782073032641,0.06604548310135525,0.10234703906484637,0.08188339818765897,0.08417423564239439,0.11610297154144668,0.1093749207151834,0.23678129970132208,0.0854941969843872,0.09548093156773599,0.1539368227256696,0.06918590939493587,0.06254090830297604,0.08081578380853044,0.15554767014774099,0.06243391227601598,0.062854667053645,0.0,0.07833047458913073,0.08361568220854283,0.12248927634079851,0.15884429135627834,0.06436486983268394,0.062422870007940896,0.11036979820778736,0.0858806737405491,0.29360242417314314,0.09011871057217272,0.06664592615693576,0.05485414891574839,0.09178045250312417,0.07792779418677966,0.10977701750736397,0.2969883679251686,0.07451031655895259,0.16065784481242745,0.08543415572982191,0.4143281513401443,0.10249809549000016,0.1659525762771572,0.07901887835563161,0.17763714854092572,0.31273625683370276,0.1086237331905229,0.15596475340497212,0.06782409162818262,0.0829994771611262,0.09696928680798331,0.14586097524989902,0.0845502388364978,0.14354285743497247,0.0645944727875491,0.07711606719576047,0.07062255871870317,0.0909177067962553,0.13530532307535734,0.11580330019336109,0.14115853000064504,0.218451957179785,0.1118525610436963,0.06941691359589522,0.05986721465898003,0.11286148756746762,0.12258957638209332,0.09911382890910002,0.102654621365115,0.10911533787272965,0.0697910550371774,0.13114867388372653,0.07479403600613996
FRA,0.1868293355254866,0.13789629947213133,0.1156564366351457,0.07545361073367954,0.05858883308330226,0.06388996073309593,0.15909844713300553,0.0759607850418657,0.15020847316143426,0.08925587488595149,0.2961766866643947,0.07704041340463975,0.09340943996717437,0.07471116518591638,0.10878946208315969,0.13401653484809883,0.12520450866760585,0.2443747707937451,0.09286662531066693,0.09555450082709242,0.15591235591199104,0.07095285553405463,0.06764376905223884,0.08969478716458192,0.16822840446908327,0.06257911708226274,0.09006119857651278,0.07833047458913073,0.0,0.04723927691403379,0.13202075975602676,0.15861412808995923,0.07373083420956252,0.07604760989579872,0.1266511688953424,0.1013611792584199,0.3004693311958118,0.10309775727211082,0.07703995016625632,0.058936435116710054,0.1112535635838579,0.10032776467906238,0.12286153592253699,0.30564764816621653,0.10163928061848036,0.1586913689432193,0.10123107443673525,0.3852369315336056,0.10302792000413355,0.17249265979196549,0.0977409546914657,0.18840586042039212,0.3172409228950108,0.12356515256595824,0.16081343065216439,0.06170283651686704,0.09264271169056622,0.0863744209464304,0.14704869432910259,0.10134177582039919,0.1504380849566953,0.07712134717062878,0.061975534041547965,0.08114943965310274,0.09812356533315446,0.1481176242610328,0.12206728983430032,0.15102610792509996,0.200335822693474,0.09426280809777964,0.07528474932435941,0.08028113060331028,0.12735710155392,0.136261186661114,0.09834621555002103,0.12785145529125871,0.12337199524083839,0.07337021021423372,0.1478120383259367,0.09519092823622277
GBR,0.19138107447911068,0.12833758679125018,0.12739526049047165,0.05949369281623791,0.05227879185948813,0.05716798677499561,0.16606715793567478,0.07182874363086517,0.16072306207112774,0.10033906021501676,0.298760085719428,0.09414697744994391,0.09795627897509221,0.08804581179977806,0.11819273808296606,0.14621370073454584,0.1344355214949997,0.25062642223581244,0.09583074801282897,0.10479832798680243,0.14363840412200873,0.07559870253815702,0.08228162305365742,0.09379343315357258,0.174179615901372,0.07110149313547015,0.09818470795575238,0.08361568220854283,0.04723927691403379,0.0,0.13999156479158806,0.15634317239332546,0.07735281101699909,0.08795393777209415,0.13519026588619446,0.1124928582382902,0.30271370530954744,0.1051033417036634,0.09258186274051347,0.06720165632508662,0.11156709563557637,0.11174578193027268,0.132170759205333,0.3094834479692483,0.11337237888962566,0.16364547622818257,0.11281606039049176,0.3928515142930816,0.09558177055061368,0.1855206524229601,0.10938205714463028,0.18892019557572037,0.32369816833394804,0.13342033173535228,0.16891040540118507,0.06282757683190068,0.08589939429698752,0.0778892637344132,0.15517026837224335,0.11190522093459589,0.16024018000707702,0.078097322061552,0.06058822100429002,0.09176442222216555,0.10792458398104775,0.15001298639477384,0.13481785118100506,0.15261821217649502,0.2109611989538303,0.08830866767904054,0.07157607624514004,0.08650354166369818,0.13707738613156298,0.1492894073962446,0.1025849253358873,0.13733026212321614,0.13471757257478303,0.08974102586077852,0.15602058189892215,0.10670389979838142
GRC,0.19690910629307026,0.16808245236752814,0.13191024259584985,0.14367555007536498,0.13159989752946794,0.1376073986573524,0.16915393847108703,0.1345072085233053,0.15160712157965597,0.1235912549346791,0.3010584438052741,0.12025745370414946,0.1371495735590614,0.13162190026197879,0.1312552664579153,0.14182812089610444,0.13038115299269123,0.25104508503454814,0.12737720491335588,0.13137772644221946,0.18019736565303274,0.1308010041178537,0.11924033088082224,0.10705132034641247,0.16755782389300422,0.11670112505028353,0.12320173263619455,0.12248927634079851,0.13202075975602676,0.13999156479158806,0.0,0.17664939793384618,0.11826587349807562,0.11681414344729509,0.13977610704672172,0.13023509092457966,0.309869234809491,0.13814490581197217,0.1118109898970298,0.11722813143638423,0.13756563176355274,0.12855826896033531,0.1446673032459687,0.3123111302777857,0.12375417718264983,0.17061913931876238,0.13012062354001278,0.43155586714639654,0.15881667958742507,0.1775858444565455,0.12667778184148082,0.20781378388728236,0.3123881818430611,0.14425038225948766,0.1764539578693156,0.12993628042118313,0.12610587214264501,0.14578481269761498,0.1533207974181218,0.12119830373760172,0.15797029221928197,0.1285171190910366,0.12613975771387573,0.11471878264407497,0.12796290034039148,0.16416687065954882,0.14021454919029103,0.14324402182529383,0.2421409065876115,0.1611115631308962,0.13904845247928602,0.12661092274337024,0.14211243832136683,0.1438840498958006,0.13400389506315113,0.1462962360888633,0.13661718676867265,0.12233375071918019,0.16199171695811318,0.12378593051984489
HKG,0.2296504896028652,0.18620185372281847,0.1843132262293384,0.16310311667084235,0.1616287717578533,0.15401265280619056,0.20511864879283662,0.1583714907695872,0.20780519885865148,0.16035149178237615,0.32556724194087144,0.16071014380085422,0.16330094486267022,0.16079465150897007,0.1822150088914315,0.19703724862571287,0.17966018510848783,0.2791824457872884,0.17406576409313673,0.12191324982820531,0.21069023727310657,0.15242190516548373,0.16110517868815039,0.13204378066673517,0.22410845557228154,0.1545310286858186,0.15964917642490647,0.15884429135627834,0.15861412808995923,0.15634317239332546,0.17664939793384618,0.0,0.15669681901671512,0.1552289140756467,0.17863368898552703,0.17778352620803747,0.32971901668771225,0.17018860240239847,0.15564208322642156,0.14989036032832248,0.17750171264713452,0.1660611768546119,0.17888460307807152,0.336435496435716,0.1688413026374216,0.2187170480077696,0.16991132635364048,0.41466431083126876,0.17399830329052335,0.23192359702340107,0.1636403910132886,0.23427967706472957,0.3500969119816517,0.180153980851361,0.19796837863731623,0.14364929517631625,0.16370550683100593,0.173741829290925,0.206752294773315,0.1750947020128448,0.1805855116187771,0.15803878207322114,0.15846313033019077,0.15695331207506671,0.17338686407124096,0.1652861050306226,0.1928875731986477,0.1731861398735216,0.2388088091138204,0.1775274521971238,0.15481436197095852,0.1624893201413978,0.19192038845239343,0.19868492841337732,0.18173840522968632,0.18169577045100369,0.17349506113276872,0.15501381697530048,0.20748403596831702,0.16479233927712497
HRV,0.174943170041449,0.12483138450549637,0.0950479333824932,0.07537616232359584,0.07307145936578338,0.06697160262476881,0.14426431907120357,0.06969394476942084,0.13341982600007285,0.0771725798774588,0.2880747247892297,0.07609229072282289,0.10012851022346651,0.08097501936693123,0.08799720386045852,0.11256850190048286,0.09955632400991886,0.2343123142214528,0.07945598731071032,0.08682237994143341,0.1514316291196384,0.06800521565653735,0.07230027784150271,0.08427230502567336,0.15098192942413755,0.051485280496401095,0.07575098640346509,0.06436486983268394,0.07373083420956252,0.07735281101699909,0.11826587349807562,0.15669681901671512,0.0,0.05979632228350666,0.1044109466055894,0.08414331725101103,0.2930258388422101,0.09506023029980283,0.08080935690468373,0.056044793724884086,0.08306515155863295,0.08496457723535436,0.10864716407320531,0.29822755727973954,0.0876110642568886,0.14945884861328346,0.08116773196566386,0.422198489934875,0.10249409015037077,0.15485164936005744,0.07972554143389754,0.1841130266965966,0.30644099536931246,0.10948816657329971,0.14640313450336642,0.07082230646055641,0.08023640127980651,0.08539998242678998,0.13515247081582857,0.07446324457137676,0.13177220976705867,0.057777535901714985,0.06946960320992215,0.06161040292880257,0.08867806568687156,0.1309027535808644,0.10288487482927475,0.1501462623113899,0.22347261618383893,0.10617207168937588,0.0641392570696277,0.07278097973717622,0.11015625025328522,0.11360663060973847,0.08680095005081576,0.11862181674842368,0.10562378391139023,0.0812265628945657,0.13346361799762022,0.07764636564559609
HUN,0.16956422857297382,0.12936860123048802,0.08218701845197132,0.08524576639884192,0.08181843226217116,0.07628892218461539,0.13798212372558336,0.07406350041801767,0.11367369993431695,0.06287437926606605,0.28636751238174835,0.06340237062510176,0.1015584515851777,0.08086288894343395,0.07482753586650367,0.09755318229208582,0.0903317224574801,0.23029730278565608,0.07612523270463069,0.08264017636856218,0.15926713339762236,0.053066268552133325,0.05702251933160108,0.08181076811024274,0.14474053696507239,0.04941390016135721,0.07329410867508665,0.062422870007940896,0.07604760989579872,0.08795393777209415,0.11681414344729509,0.1552289140756467,0.05979632228350666,0.0,0.09464610292356274,0.0702306558881622,0.2911866502397701,0.09475909485758988,0.07240686588303878,0.05614913042940953,0.08390973381742642,0.0685076097228475,0.10435441524451337,0.29450486383976604,0.06478019460192055,0.14161747594193097,0.07622838804950356,0.4152304881541922,0.110335910866136,0.13716149338509517,0.05354749718870782,0.17879506122014976,0.2919623746977416,0.0950646400951117,0.14100398386568583,0.06762552069250762,0.08805709950732614,0.08770994342693034,0.12192503458961368,0.07073948471749446,0.11880783233070241,0.05321391741309006,0.07323400187862071,0.049257338970283455,0.0832239222175729,0.13102080607313096,0.09485006035959113,0.14483316405766797,0.21736967205234936,0.09650258694825527,0.07216164682812581,0.07086923052661476,0.09332679298713945,0.09783698978995047,0.08359755232195178,0.10381716586320447,0.08923534709374667,0.0695778650266694,0.11869666116183666,0.07020668680806322
IDN,0.1756062632433044,0.15172103494661285,0.0786651003207777,0.1308144299197918,0.12195964245134162,0.12902848651854268,0.13460732968046327,0.12467761147919103,0.10589838195032496,0.08412186396141684,0.2931737268681717,0.10440248220864362,0.13616833326046357,0.11913709096574288,0.0899120305572639,0.09795037024598625,0.08711254922038161,0.2317131540241279,0.08455959358069737,0.10576498787332335,0.1891339093250019,0.11681221697433004,0.11550316145640459,0.11829257854300156,0.1196483699643614,0.09917438434346489,0.11459796208333381,0.11036979820778736,0.1266511688953424,0.13519026588619446,0.13977610704672172,0.17863368898552703,0.1044109466055894,0.09464610292356274,0.0,0.09098134343262113,0.30243990949029725,0.12218949688014638,0.11705392499461414,0.10321423482633926,0.09891464599218922,0.11131399493793276,0.12997518944884398,0.3072602315232267,0.10845203786430205,0.14702545747400725,0.1158207328909564,0.4391142176217517,0.15024499295061472,0.1252026664093324,0.08649679340249278,0.2050497276323855,0.30336060450758123,0.08612594131963466,0.14002770025680075,0.11855127573407694,0.1267304662178279,0.12175373510678174,0.11732215337570169,0.08138792663090222,0.11147874565159924,0.10259254681253566,0.10453840007303118,0.08990603434900353,0.1051404454491848,0.12228876971899592,0.09556521857707928,0.17705151502547944,0.24664035590259548,0.14659868691600308,0.12903444492104532,0.1242413781259011,0.08958954092151958,0.10271683723920937,0.09834589040147584,0.1351964763245809,0.11018480708207513,0.118888375131631,0.13422383955758016,0.10708882142110984
IND,0.17397505524458873,0.14165543155880317,0.08015996404065247,0.1072351457874446,0.10270771125342497,0.10121731697027044,0.12585474184324094,0.09168215632482497,0.10741456296563238,0.07889651940122924,0.28946923286724413,0.08324120779929425,0.12105441261083331,0.10088899416851198,0.0652754800851462,0.09540076518858508,0.09352846520948552,0.22868044762826367,0.08315809234171351,0.10157613018827981,0.17472817740451582,0.09078420433735516,0.08850861176124047,0.10365283175739196,0.13506718397319273,0.0799954477766913,0.10013817260404041,0.0858806737405491,0.1013611792584199,0.1124928582382902,0.13023509092457966,0.17778352620803747,0.08414331725101103,0.0702306558881622,0.09098134343262113,0.0,0.29080095656234795,0.10601008416757195,0.09531344660645405,0.07863968279483431,0.08603384838444325,0.08406758355164584,0.11752753135248714,0.2666427172093639,0.08461080817761234,0.1437287764865012,0.09824692659394636,0.4189891001911398,0.1337161686398972,0.12683047078615486,0.07638615595983894,0.1964735822423748,0.29072377397709986,0.09697614872995827,0.1371518783727066,0.09498021272713156,0.1073958924690942,0.10742756114233985,0.1141289315298024,0.07661001539711214,0.11743156272066649,0.08087521350761744,0.09457981786428275,0.07315686794964481,0.09277203884297917,0.13469370934423888,0.09244780722377238,0.16286068328978245,0.22443175483557357,0.127057275533764,0.10315605144275974,0.09836501081098474,0.09681426134305726,0.0971529906416575,0.07942704791187633,0.10897564683730628,0.08789647505027644,0.09543718499596797,0.120266503073972,0.08468348055082765
IRL,0.3306412907166002,0.31364147043296314,0.2937813443740412,0.3035958089106829,0.3011601094816251,0.29738512321942695,0.31855210791664457,0.2997285970515905,0.3115248926272994,0.2948999474299699,0.4006740721917834,0.29434145311456045,0.24168712219939084,0.2997444032812849,0.29164504100746613,0.30316613654144503,0.3011903375534689,0.3679647330623452,0.298550751054969,0.30081216758340706,0.3310312951915766,0.29801256502935153,0.29494780353554084,0.29194880363282366,0.3201307262664116,0.2944763519555367,0.297750155038582,0.29360242417314314,0.3004693311958118,0.30271370530954744,0.309869234809491,0.32971901668771225,0.2930258388422101,0.2911866502397701,0.30243990949029725,0.29080095656234795,0.0,0.3004416930173852,0.29528538628850165,0.29302224969146795,0.2905974618690955,0.29163754352973215,0.30419234982033505,0.4117969318496546,0.29447002532673117,0.3209163789831862,0.2991509652785878,0.5090875120658318,0.3134682975728103,0.32051882475150406,0.29150659222355707,0.3393333813632965,0.4143546301381205,0.30368360884615625,0.322947708436594,0.29884674863417965,0.3024751839494594,0.3062516439087749,0.31315965197415047,0.2954886394976233,0.3140815441541904,0.2970166768336218,0.2992018188491124,0.29278738152318273,0.29835757449440825,0.31330865641300676,0.3045592346774706,0.3165918038386731,0.36202763566144586,0.31242907806609066,0.295419034601218,0.29613419347476194,0.30335960659878325,0.30277263322407977,0.3009715636728478,0.3052607284048292,0.3003383226822375,0.29428919693370154,0.31071993117717317,0.2945235487546368
ISL,0.1898993963775641,0.1519108662538659,0.11888725376198504,0.11387634262690992,0.10631830216983812,0.10426391851471432,0.15699732523694854,0.10511063755960857,0.1529325800358804,0.10462921702532331,0.2970753114796226,0.09372912068059967,0.1207713023707332,0.0962501406726603,0.11302448204539742,0.1307670044056812,0.12177061796608409,0.24133253586737963,0.10397902076219966,0.10909943857677828,0.17580237312730598,0.10336145735675488,0.09226927131318786,0.10345168389730534,0.16762674292701363,0.09006561085807381,0.10329582687145913,0.09011871057217272,0.10309775727211082,0.1051033417036634,0.13814490581197217,0.17018860240239847,0.09506023029980283,0.09475909485758988,0.12218949688014638,0.10601008416757195,0.3004416930173852,0.0,0.0896889944397507,0.08928235002218342,0.113711963283735,0.10756690814313981,0.13152572806129018,0.30714081334732063,0.10844328169442856,0.16882385066708225,0.11418503320859276,0.421140769809238,0.1381948606804381,0.1690229909608318,0.10821437993015899,0.19304325718255072,0.3161464434698022,0.12111591463004184,0.15544549716299097,0.09765301588329388,0.10326743755834383,0.11629551834206944,0.15616008274980175,0.09539038063460366,0.14192509483354124,0.09721464242381611,0.10201944476116731,0.09890884123755214,0.11389468894407372,0.15171623699909553,0.12299063561900335,0.1599510816476325,0.22891205438652312,0.13564462653143716,0.10872319062068721,0.09687263174177387,0.1281306099952502,0.13458075003400924,0.11988124452091382,0.13453602751599902,0.1223607309473482,0.09786855890912005,0.14774074917707514,0.10324157683248489
ISR,0.18177625140716377,0.13851403761033912,0.10853137348903832,0.10461569924104969,0.09248235471512715,0.08845763842239782,0.15146156331268112,0.09177616347553286,0.14444495520795564,0.08128906731056922,0.2784740910235701,0.06359166871136758,0.09462442369179111,0.08037479739244165,0.09378190880895694,0.12014617273577591,0.11464972140772933,0.23804838302588271,0.0934107510377924,0.09358787496769841,0.17364319221617747,0.08345212258267515,0.0665521818919005,0.08067385825399452,0.16203398276010003,0.07368574967747518,0.0857128838777944,0.06664592615693576,0.07703995016625632,0.09258186274051347,0.1118109898970298,0.15564208322642156,0.08080935690468373,0.07240686588303878,0.11705392499461414,0.09531344660645405,0.29528538628850165,0.0896889944397507,0.0,0.0676731004727867,0.10889406934135548,0.08709679180700955,0.11441894826669062,0.3017708454788955,0.07821625521435059,0.16373639202243795,0.09582664988625449,0.39805698866973355,0.13233647481687716,0.16468904628872935,0.08583993328735778,0.17203052243797753,0.3115128569201416,0.10631878881342162,0.14962156768217985,0.0742863849049703,0.09827079986667786,0.11110738731236144,0.14634901136398795,0.08988493499416987,0.1370835462612082,0.08812135108091201,0.09017808019096364,0.08041557017620647,0.09580874210307658,0.14077967732245425,0.11653308828953095,0.13495743017106582,0.20845145074725804,0.1289001756773928,0.09442579747122996,0.07688429133188505,0.11155849376450658,0.1282302879965802,0.11066005347851517,0.10302460579282217,0.10900983665232865,0.06155125653822618,0.12990663840886618,0.07850690363621833
ITA,0.17612137592811922,0.1264123548957882,0.09731044782873996,0.07994849502859264,0.05712100062742909,0.06657106033488766,0.14095035732661185,0.06276831208277762,0.1374809433048926,0.06623995112124767,0.2849113074915583,0.06442399569091355,0.08885688588469882,0.07480260627431458,0.08036918200849348,0.11338275326045648,0.10197611186201996,0.23308987778547285,0.07831041565403851,0.08510860546182351,0.15762676766182404,0.059495012825660706,0.05321797441876688,0.07475630047413723,0.151422066274518,0.04555793302993925,0.07101400196207555,0.05485414891574839,0.058936435116710054,0.06720165632508662,0.11722813143638423,0.14989036032832248,0.056044793724884086,0.05614913042940953,0.10321423482633926,0.07863968279483431,0.29302224969146795,0.08928235002218342,0.0676731004727867,0.0,0.08868654502552875,0.07345036140199919,0.1045292900958106,0.29406861903369724,0.07386639697172674,0.15180560691822778,0.07848667576400198,0.4095283669945038,0.10510721322665433,0.16380616928284988,0.07591745573957882,0.17973906896121009,0.312292810278448,0.10329826579243764,0.14594394023320428,0.06100683723042127,0.08284103609856018,0.09123185148234299,0.134594568539469,0.07667429403756039,0.1336717185486207,0.05992909789821415,0.05249580252548963,0.05688170863311181,0.07844483882060056,0.12988068838703806,0.11099599237770753,0.14353264650323153,0.21275834273169958,0.09615805559227139,0.06325440121671523,0.06527214396374909,0.10503014044049451,0.11929264569491978,0.08264307273693768,0.10732654210772946,0.10072275551381808,0.06521948524231534,0.13384072223413254,0.06990288984155811
JOR,0.18658288659289504,0.12893856380155724,0.09755346251984669,0.09742192142252032,0.1084244243791084,0.09382326122398256,0.15184142087727373,0.08291124297656433,0.12441904371612897,0.09079202611008186,0.29110714263419285,0.09997729757404634,0.12438988429062349,0.10693540683785197,0.09447505932898187,0.10667161616089162,0.10598349301290576,0.23263421365487555,0.08380515151510422,0.11135578194103005,0.16244324838475246,0.10102440855984171,0.10446017266650585,0.10847833244335561,0.14199858274678828,0.0792314002423567,0.10571231776079196,0.09178045250312417,0.1112535635838579,0.11156709563557637,0.13756563176355274,0.17750171264713452,0.08306515155863295,0.08390973381742642,0.09891464599218922,0.08603384838444325,0.2905974618690955,0.113711963283735,0.10889406934135548,0.08868654502552875,0.0,0.10877229977941394,0.12914925451206344,0.30208688664817923,0.10625873284789662,0.1654003589521363,0.10096018356293654,0.4335193984475622,0.12396413438106556,0.14689085773131816,0.08630038655096556,0.20050562946998715,0.3122378180536896,0.09388943157735602,0.13203902063243234,0.09417758190896607,0.09175532151099448,0.09756856485853382,0.14707552787779699,0.08212734514120994,0.11660426277256401,0.07088417903842494,0.09999292193167968,0.08871643974615409,0.10637551151911757,0.13634278433108307,0.10627689226632352,0.1666934153330323,0.2369542909382544,0.13263683545016455,0.09868300329402734,0.10498836234168762,0.11117793480985871,0.12418033840885788,0.10166690407916829,0.130341001594071,0.11023242916256133,0.10987025054542607,0.13890570492162527,0.09254080323520503
JPN,0.1825458556473623,0.1464575744919005,0.10723984929605035,0.11406416337514844,0.09638720515652349,0.103023206363604,0.1553611138993608,0.09724596458810916,0.14757077434708984,0.08232381355386967,0.28788512288992796,0.07982968093612004,0.11014875206876996,0.10426026526752263,0.08222418858787468,0.12611987803905086,0.11601182895743609,0.23744296548384622,0.10403749691777402,0.10785203505431601,0.17948788984381542,0.0742165531889599,0.06460554416083013,0.09555495044701487,0.15953491490842484,0.08092572913378597,0.09498933884364692,0.07792779418677966,0.10032776467906238,0.11174578193027268,0.12855826896033531,0.1660611768546119,0.08496457723535436,0.0685076097228475,0.11131399493793276,0.08406758355164584,0.29163754352973215,0.10756690814313981,0.08709679180700955,0.07345036140199919,0.10877229977941394,0.0,0.11807250111197223,0.2769459573703029,0.05848307182192434,0.1646857961254872,0.10188680280608153,0.42782132874861584,0.13904974464654113,0.16682394998464486,0.08219195501485908,0.18882579504199323,0.3143767132640678,0.11401869839460434,0.15778945527667923,0.09575341284490958,0.10956440720383936,0.12414517704883411,0.14751589204648455,0.09254639542441916,0.14534836385469568,0.09155645238669612,0.09317604268439683,0.07211683824568657,0.0942444188007621,0.13924879507458954,0.1217989309369381,0.15492530041722297,0.2324592028780647,0.1066913647950417,0.09779220522426314,0.08538418918847707,0.1089405528094189,0.12942115392877596,0.10586006377435207,0.101905705690574,0.10586602848660084,0.08542543528562423,0.14106726161997535,0.07974428038997003
KAZ,0.17846804419471865,0.15630716470114073,0.11910647215906452,0.12356114101710619,0.1257993314097305,0.12579360848546783,0.1629592377740345,0.12086135319961674,0.15841282210930271,0.10595553918721827,0.2978161816644668,0.0995085383609449,0.13364890854558983,0.11223032208199123,0.1178536170003684,0.13415516899138694,0.12224697304880884,0.2214955055590379,0.11942068589818253,0.11673062027593506,0.19350417778507828,0.1188900909261134,0.11335166408297172,0.12174856502967993,0.16122967046960404,0.10958541242543808,0.11556116459490828,0.10977701750736397,0.12286153592253699,0.132170759205333,0.1446673032459687,0.17888460307807152,0.10864716407320531,0.10435441524451337,0.12997518944884398,0.11752753135248714,0.30419234982033505,0.13152572806129018,0.11441894826669062,0.1045292900958106,0.12914925451206344,0.11807250111197223,0.0,0.3032091980512167,0.11997699903955182,0.16510200651024806,0.1121487762801071,0.43350338004998035,0.15040209889439926,0.17813649730939782,0.10477003173532706,0.20738287648797468,0.30563104023708165,0.12649323159712106,0.16794694697801898,0.11720472626641172,0.126725710903861,0.13517982701968856,0.15282509633092234,0.1054367704039592,0.15587945622765695,0.11302604034129987,0.12326530026744012,0.09976808314344704,0.11285186322933578,0.14439810938451847,0.13264503578617448,0.17469388999812682,0.23664376820096064,0.15030694026170974,0.11954119505711172,0.11260448167459383,0.13826493237067966,0.13401022184491265,0.1261099346388179,0.14344456005745926,0.12089896051915837,0.10727512770014934,0.1507214240292522,0.1001166864211016
KHM,0.32647330494391646,0.32017841120383933,0.2958972469970481,0.303966158342285,0.30181695248805235,0.30135863011571457,0.2919967535737689,0.28414997662198493,0.3018975246752135,0.2998605571737921,0.408234788673295,0.29880578218761344,0.3139966178457094,0.3052767466557841,0.27986630921909733,0.3030987677541296,0.3012261217564897,0.3642222852898998,0.30246736604212615,0.30535307418189445,0.334489314728087,0.30017593852403635,0.30107124255454987,0.3050697652667809,0.3089307996623521,0.29884691071717195,0.3031278362798641,0.2969883679251686,0.30564764816621653,0.3094834479692483,0.3123111302777857,0.336435496435716,0.29822755727973954,0.29450486383976604,0.3072602315232267,0.2666427172093639,0.4117969318496546,0.30714081334732063,0.3017708454788955,0.29406861903369724,0.30208688664817923,0.2769459573703029,0.3032091980512167,0.0,0.2919081150316479,0.305842416574722,0.3037945398786429,0.5146817370022326,0.31428517328655825,0.31421110988808054,0.29861041018473805,0.3472681486922596,0.36771971071070997,0.30963512390034387,0.32028989062384283,0.30388163337897306,0.3076840360069602,0.30690096992522714,0.2966967908551471,0.2983597750178615,0.3115890187074294,0.2975970850306107,0.3020412157633878,0.29188075657360824,0.29271788347699695,0.31680562705531073,0.30018952732536025,0.3289517466161557,0.3666646405942102,0.31331896788128316,0.3021993359200124,0.30073699155350053,0.3050875635283778,0.3028448973744002,0.2823922903550039,0.2882141460419259,0.26734812740900266,0.3035365983928342,0.2981345396273156,0.2967147951505147
KOR,0.18285347206113306,0.14395871868843904,0.10635346008594475,0.11714349028502889,0.09842168834215936,0.10550005429196212,0.15108687567194648,0.10116005859394896,0.1435457774925371,0.0818646764043038,0.2868546819124371,0.07954664593827375,0.10979358550163079,0.10304591569185957,0.06349925452257771,0.12298183589706543,0.11225230312621293,0.23803353924601683,0.10144982338174566,0.11063386580847873,0.179898813951245,0.07696751977364819,0.06987547519814553,0.09839004502589704,0.15848728434578127,0.08123965992814695,0.09459347983930048,0.07451031655895259,0.10163928061848036,0.11337237888962566,0.12375417718264983,0.1688413026374216,0.0876110642568886,0.06478019460192055,0.10845203786430205,0.08461080817761234,0.29447002532673117,0.10844328169442856,0.07821625521435059,0.07386639697172674,0.10625873284789662,0.05848307182192434,0.11997699903955182,0.2919081150316479,0.0,0.1656544662640677,0.10230706863864446,0.42117149041330565,0.14039881978448707,0.16433812278689663,0.07220941429225056,0.15966361168325308,0.314815150794796,0.10394013644725017,0.1583956563578983,0.09664582660497754,0.11001908854585962,0.12603563984889232,0.146485477501885,0.09193535720286455,0.14145908506369936,0.09198382558121128,0.09423097901215166,0.07803732495065677,0.09713260144518421,0.14196011704177186,0.12382734771312474,0.13500970075680985,0.22620226708702257,0.11277320636016637,0.10105595665376438,0.08772111193270513,0.0822299272425493,0.1263096067225619,0.10691564748093021,0.06762368939637935,0.11195170164505185,0.08566761855215034,0.11748480864810867,0.08352435744919876
LAO,0.17029538367698202,0.19361161905630872,0.13251406118660097,0.1661776671985907,0.14926101581443557,0.17551458331437364,0.1564525664157511,0.16964716167870203,0.12009959367191786,0.14769831370279266,0.3183568754686878,0.15758156597925113,0.17171044619070724,0.158492242055406,0.14382050880714467,0.1456409558201448,0.14489507737050536,0.2523954753209187,0.14146185535347136,0.15578138907820632,0.2201897580957224,0.16091308442308297,0.16310904095425902,0.166031108245576,0.1749865804704212,0.1549546441906059,0.15847474448215085,0.16065784481242745,0.1586913689432193,0.16364547622818257,0.17061913931876238,0.2187170480077696,0.14945884861328346,0.14161747594193097,0.14702545747400725,0.1437287764865012,0.3209163789831862,0.16882385066708225,0.16373639202243795,0.15180560691822778,0.1654003589521363,0.1646857961254872,0.16510200651024806,0.305842416574722,0.1656544662640677,0.0,0.16188748903466824,0.443228857705586,0.17618727489242117,0.15380712499616633,0.15494054750903336,0.23084188250286203,0.21729688490386448,0.16803984586179416,0.17967613830803683,0.16908412740373402,0.177052433220246,0.1557583461982823,0.09477620576416498,0.14544908609243362,0.15608535478728733,0.1555754751321127,0.1416980380488548,0.13649146232876921,0.1434327307192808,0.18269098322479713,0.14198479294882088,0.21197380788110984,0.2556100787721444,0.17409418909675403,0.1724388501437017,0.16749372434838672,0.15128973717449795,0.138170727990387,0.11944720098647521,0.18158832535616132,0.1288474338052032,0.16386410440041524,0.13070323504223788,0.15247751233778878
LTU,0.18442363338944218,0.1471630612238986,0.1037864770463815,0.10905595102221415,0.10621891837751146,0.09864729407909932,0.15200168312223006,0.08883540376007239,0.13732024594197464,0.08851311412147282,0.2927759829487209,0.0890359539722867,0.11947932796048412,0.09436342203395306,0.10459137417974182,0.10770738692076488,0.1039880689044722,0.23234800714453704,0.09991184686563732,0.10421503159218373,0.17123691160573198,0.09185036981998815,0.09249636051076432,0.10350042778571208,0.15704514171240794,0.07885341435182786,0.08443076348458783,0.08543415572982191,0.10123107443673525,0.11281606039049176,0.13012062354001278,0.16991132635364048,0.08116773196566386,0.07622838804950356,0.1158207328909564,0.09824692659394636,0.2991509652785878,0.11418503320859276,0.09582664988625449,0.07848667576400198,0.10096018356293654,0.10188680280608153,0.1121487762801071,0.3037945398786429,0.10230706863864446,0.16188748903466824,0.0,0.4276147292577408,0.11932775295201346,0.16137064477397312,0.09237198911711651,0.19595036691885512,0.30774254758528496,0.11599067553093785,0.15226446610057662,0.09466006568019698,0.10826134828875998,0.11286741224318263,0.143071259368894,0.08408276579509284,0.13490818210876507,0.07407089555816945,0.09931285146483326,0.0786189486305495,0.09669370455220917,0.14485508599418034,0.11369122926899174,0.161598419244032,0.22992648806079788,0.13074352546636833,0.09223385327236298,0.09291503503083683,0.1200610889957482,0.11233542054689152,0.09523966979705725,0.1292773293293421,0.10644817233679946,0.0986414843717657,0.14413658886860234,0.0932647126655398
LUX,0.45200729920436816,0.44129299596813854,0.4301100447052358,0.4145112039432529,0.411596120920922,0.40785926697121555,0.4383893402601659,0.4145189552735357,0.4379166551859573,0.41675513205496134,0.5103034528815337,0.3875849916979112,0.4135477239005495,0.39572429080306093,0.43065475849147394,0.4390553866708326,0.4377009300891911,0.48504760469551184,0.42057593682169114,0.4023384651045757,0.43344778670902057,0.41769485948044915,0.4068869876657479,0.4061398538477486,0.45290792362994486,0.4158903025408266,0.4212866705385986,0.4143281513401443,0.3852369315336056,0.3928515142930816,0.43155586714639654,0.41466431083126876,0.422198489934875,0.4152304881541922,0.4391142176217517,0.4189891001911398,0.5090875120658318,0.421140769809238,0.39805698866973355,0.4095283669945038,0.4335193984475622,0.42782132874861584,0.43350338004998035,0.5146817370022326,0.42117149041330565,0.443228857705586,0.4276147292577408,0.0,0.4267581913604122,0.444562290038123,0.42169782508514503,0.4560556458489294,0.5238181722695443,0.4145829660291522,0.4375294362275584,0.39982981382818167,0.42696859715889496,0.42020664608010744,0.44106972022337726,0.4308861154951657,0.43740244247990523,0.4224326083452617,0.413693804136857,0.4277265775763457,0.42603356565008776,0.44020931790020884,0.435815358491511,0.4222124770401723,0.2757251542605832,0.42624317432290904,0.4189082374697084,0.42188276730434404,0.4370963580134448,0.4389135257270459,0.43103252417801424,0.4179177671926099,0.429069809552391,0.3855427122263457,0.432504994546095,0.4174183652136486
LVA,0.2015420297337446,0.14043052788848231,0.14712482409752298,0.0888152324582956,0.09808407780817242,0.08641739269553073,0.17438034080098366,0.08972384129163305,0.17014829521792918,0.129537190679978,0.309311515574277,0.1288488085367637,0.13744614893941048,0.12188973293482731,0.1371891991340633,0.14667441728103905,0.1466759622006418,0.2583443335059895,0.12339681127313358,0.13142450341073128,0.11529209676772473,0.10094772197749562,0.11784068300508213,0.12377353011343975,0.17915235779395797,0.09943629400403692,0.0835238681284934,0.10249809549000016,0.10302792000413355,0.09558177055061368,0.15881667958742507,0.17399830329052335,0.10249409015037077,0.110335910866136,0.15024499295061472,0.1337161686398972,0.3134682975728103,0.1381948606804381,0.13233647481687716,0.10510721322665433,0.12396413438106556,0.13904974464654113,0.15040209889439926,0.31428517328655825,0.14039881978448707,0.17618727489242117,0.11932775295201346,0.4267581913604122,0.0,0.1926848588045654,0.1293955831209796,0.20469342538082438,0.3225572407716058,0.15294320203201683,0.18238740840953196,0.10201199116826701,0.10522289507976348,0.09764004662211612,0.16986805440189748,0.1320960629032588,0.17137037238658945,0.09182180861803484,0.09540532558238704,0.11507427078390832,0.13133764399538433,0.16609572649418258,0.14277669016668434,0.16877320482955696,0.23930349456093547,0.11260727505616007,0.08079352337077837,0.11332822947404117,0.15607556182077398,0.15321592846528115,0.11872653608294119,0.1597345848601796,0.1475091865164553,0.13065723732318116,0.1673917219795467,0.13407423312597522
MAR,0.207270110455201,0.20745911468458927,0.10990346563625676,0.17593882935347394,0.17798585606236814,0.17569785668780105,0.1628957516526419,0.17395398220339603,0.07584123158395535,0.14310562312170733,0.3283545360366301,0.15678511825716374,0.18534007024713917,0.16391069962544766,0.13935398498604246,0.10850683417916772,0.1216740139614235,0.2512992728150493,0.1314218880345906,0.14642185602660124,0.22115414325857966,0.16732652023876485,0.16735278884266205,0.16992879329791297,0.16721229639360277,0.1500932409487657,0.16747743232692208,0.1659525762771572,0.17249265979196549,0.1855206524229601,0.1775858444565455,0.23192359702340107,0.15485164936005744,0.13716149338509517,0.1252026664093324,0.12683047078615486,0.32051882475150406,0.1690229909608318,0.16468904628872935,0.16380616928284988,0.14689085773131816,0.16682394998464486,0.17813649730939782,0.31421110988808054,0.16433812278689663,0.15380712499616633,0.16137064477397312,0.444562290038123,0.1926848588045654,0.0,0.14032937336753754,0.24481992822394788,0.2777702217654319,0.14841369569222543,0.16048466688403362,0.16719601048673408,0.18024201748953575,0.15223752069031762,0.12443142180919992,0.12789659923284766,0.1280973477566406,0.15056499903686646,0.1630696469772524,0.14360231554128403,0.1596299882170807,0.19423302165235712,0.09130122616877585,0.22259944329656517,0.2646362945176707,0.19705661023778046,0.18050658844656087,0.17621703258250146,0.13996821933322273,0.09140257505740969,0.13737465138962732,0.1825924868550814,0.14052507342792997,0.16715161011017252,0.15308136093519936,0.15613567664948108
MEX,0.1743121995236557,0.13241842970227735,0.08149127021887168,0.10416753352575542,0.1014718113186938,0.09681661949329391,0.146737908870699,0.09252796315061153,0.12275146503843948,0.0633550383654411,0.2853331054660804,0.07334397247683173,0.11343248800702814,0.09416229912522311,0.07659228738106773,0.10298825407285996,0.09723048428281358,0.22657944718744977,0.08132059610127972,0.08810615930934185,0.17263636992947726,0.08034250887468602,0.08121766418816521,0.09685540139503232,0.13606442781645278,0.07013931699038968,0.09181375456552869,0.07901887835563161,0.0977409546914657,0.10938205714463028,0.12667778184148082,0.1636403910132886,0.07972554143389754,0.05354749718870782,0.08649679340249278,0.07638615595983894,0.29150659222355707,0.10821437993015899,0.08583993328735778,0.07591745573957882,0.08630038655096556,0.08219195501485908,0.10477003173532706,0.29861041018473805,0.07220941429225056,0.15494054750903336,0.09237198911711651,0.42169782508514503,0.1293955831209796,0.14032937336753754,0.0,0.1788648295402367,0.3061271829900657,0.08328010954977016,0.14274272840899455,0.08757517138019304,0.10093294860782862,0.10523127722260263,0.13265655863230771,0.07023718535587178,0.1166003514878023,0.07392699805481695,0.09185302192721198,0.0653476316990212,0.09179198369271799,0.12204918810369002,0.1010209841542503,0.14652903685660557,0.22441633165278188,0.11839000946965932,0.09470927865947794,0.09202666273409432,0.08486732207133564,0.10819788548430638,0.09648279087443605,0.1017305213585682,0.10091775384515557,0.0848030609635551,0.12196584183753426,0.07846389986339859
MLT,0.24717133650877704,0.21242413375568212,0.2050769330243109,0.1948862287607877,0.1831775255859821,0.19205839828352292,0.22936028527169225,0.18414741298507337,0.22784963785328763,0.1901670272412028,0.33430867273150133,0.1903760619281653,0.1862286172025685,0.19275472353061068,0.17338283634670018,0.21434945585601686,0.20663034888566786,0.2941960235493273,0.19239324264110283,0.2033261795188864,0.23519314354830087,0.1851111121777467,0.1844174725630409,0.1937929581158297,0.23342247563612412,0.18398053349465576,0.18524212342547874,0.17763714854092572,0.18840586042039212,0.18892019557572037,0.20781378388728236,0.23427967706472957,0.1841130266965966,0.17879506122014976,0.2050497276323855,0.1964735822423748,0.3393333813632965,0.19304325718255072,0.17203052243797753,0.17973906896121009,0.20050562946998715,0.18882579504199323,0.20738287648797468,0.3472681486922596,0.15966361168325308,0.23084188250286203,0.19595036691885512,0.4560556458489294,0.20469342538082438,0.24481992822394788,0.1788648295402367,0.0,0.3593269190948471,0.19453352199472154,0.235406842860017,0.1891958142444301,0.19434492575486628,0.202164278303178,0.2233706400243275,0.1939924925397449,0.21970831902337443,0.18776588793532667,0.18373453742610651,0.18555763287415525,0.19259439979956192,0.22131523684697124,0.21269235612186277,0.17686505390577764,0.28310701640578884,0.19571020953516438,0.1893090985264989,0.1872545691426953,0.15723404964591317,0.2152226950567682,0.19681951909267043,0.1474615211892892,0.206901867494124,0.1904188165382159,0.16789769280215092,0.19151682856671687
MMR,0.29235327569085917,0.3350437164664267,0.2843935814002348,0.3147970650086135,0.3202945818111128,0.3212770277580855,0.25935057932864786,0.31683238966837335,0.24530985677254472,0.3071164098036819,0.41530351326155684,0.30963904002876325,0.32541246475410884,0.30937873093482665,0.2925536024478031,0.283074513675305,0.2917761166115884,0.37015947221920253,0.30542643687727516,0.306941955461412,0.34613758745863915,0.31266736628957176,0.31620193182728745,0.3145071517387082,0.2999935965574717,0.31213991188516316,0.31025202722457057,0.31273625683370276,0.3172409228950108,0.32369816833394804,0.3123881818430611,0.3500969119816517,0.30644099536931246,0.2919623746977416,0.30336060450758123,0.29072377397709986,0.4143546301381205,0.3161464434698022,0.3115128569201416,0.312292810278448,0.3122378180536896,0.3143767132640678,0.30563104023708165,0.36771971071070997,0.314815150794796,0.21729688490386448,0.30774254758528496,0.5238181722695443,0.3225572407716058,0.2777702217654319,0.3061271829900657,0.3593269190948471,0.0,0.31550376227953114,0.2998789879948696,0.31581852643337416,0.32038714224037185,0.3036322662688526,0.22471464361352528,0.2975100729593908,0.2851600494558835,0.3051518677961281,0.3139999824642707,0.29472230934624977,0.30483894525477906,0.31860048894689935,0.28750626950124863,0.34342048213553245,0.36879448390295544,0.3301166053245796,0.3178767976797325,0.3168364364504943,0.3033516108810676,0.27546471385370747,0.27920219522953194,0.32190180472557206,0.2550354059071636,0.31362344480624577,0.25365371657865166,0.30499698089580474
MYS,0.1823698028464692,0.14860138669557424,0.09178117688431264,0.13294605856355443,0.12729478890400062,0.12263358088744372,0.16398308276076198,0.11739030882460379,0.13217666456636934,0.08742485910005114,0.2879860485169757,0.09433984387660747,0.13342201401412068,0.11506109773253975,0.10311174090299688,0.11153197008712433,0.11042711834031983,0.2357034870205001,0.09423827449866297,0.11279105722971389,0.1902889534370771,0.11780257016921492,0.11110255636868267,0.11823866124537052,0.12507245731817956,0.09910300433115254,0.11569588342698317,0.1086237331905229,0.12356515256595824,0.13342033173535228,0.14425038225948766,0.180153980851361,0.10948816657329971,0.0950646400951117,0.08612594131963466,0.09697614872995827,0.30368360884615625,0.12111591463004184,0.10631878881342162,0.10329826579243764,0.09388943157735602,0.11401869839460434,0.12649323159712106,0.30963512390034387,0.10394013644725017,0.16803984586179416,0.11599067553093785,0.4145829660291522,0.15294320203201683,0.14841369569222543,0.08328010954977016,0.19453352199472154,0.31550376227953114,0.0,0.13237751202567313,0.11080425467842182,0.12063091528731741,0.1308088992610985,0.1477898793849788,0.09003593671834083,0.10781280370291149,0.10348235524180807,0.11732912780081328,0.10030745495113735,0.11005524541905706,0.11937114217521975,0.11411588056760157,0.16401252014172385,0.224816995804043,0.1523207159363255,0.12780274880447873,0.12235627605268184,0.09950430249368017,0.1274501508265111,0.12362306913853995,0.12050560409089052,0.10712866028408369,0.10793862637125869,0.13857628588755552,0.1005495249416085
NGA,0.2126292513346952,0.19396467579164792,0.13989767143625795,0.16730164120848887,0.16497924316510099,0.15875104188772346,0.16892239913610202,0.1535477900442159,0.1459276813078025,0.14181808237449467,0.32166398098033333,0.1481348980057555,0.16628086495335914,0.14639148916712594,0.14543094111040136,0.1322263220773095,0.14287214144354649,0.2502308535184367,0.14362648445164125,0.1358443211199529,0.21494432726169502,0.15744704998336453,0.15441474263379168,0.15282092153328644,0.18900384496576894,0.13830336569716542,0.1568166772486849,0.15596475340497212,0.16081343065216439,0.16891040540118507,0.1764539578693156,0.19796837863731623,0.14640313450336642,0.14100398386568583,0.14002770025680075,0.1371518783727066,0.322947708436594,0.15544549716299097,0.14962156768217985,0.14594394023320428,0.13203902063243234,0.15778945527667923,0.16794694697801898,0.32028989062384283,0.1583956563578983,0.17967613830803683,0.15226446610057662,0.4375294362275584,0.18238740840953196,0.16048466688403362,0.14274272840899455,0.235406842860017,0.2998789879948696,0.13237751202567313,0.0,0.15055054938629714,0.1592085111188098,0.16242797862881217,0.16867556527052152,0.13053720579690062,0.10243323599162081,0.13914386293319095,0.1547521695158657,0.13717888589453214,0.15480545261027104,0.18253518158908968,0.13087044747825585,0.20893214715904088,0.2576455073888252,0.18859969352574038,0.16543594280175303,0.1609605524109652,0.15047199640325504,0.16100821477384386,0.1481494527396746,0.1770004074268314,0.1261417165011563,0.1536094822197734,0.16664979312358563,0.14698194740955436
NLD,0.18537155779885311,0.12811617161910313,0.10852940382791182,0.06448236806506588,0.07794155487634213,0.04801562695728515,0.15618560398926726,0.0650502234206298,0.14570941341335134,0.08287848594049906,0.294850884865534,0.07448168399320662,0.0932890529870793,0.07368447844919442,0.10435930905318597,0.1274748654455946,0.11684503051482079,0.23994506758235007,0.09072230341885883,0.08266416410491048,0.14843887784651771,0.06637970197206824,0.06887504581661016,0.07446799551302972,0.15881318500101804,0.05706189348217632,0.08370949186402196,0.06782409162818262,0.06170283651686704,0.06282757683190068,0.12993628042118313,0.14364929517631625,0.07082230646055641,0.06762552069250762,0.11855127573407694,0.09498021272713156,0.29884674863417965,0.09765301588329388,0.0742863849049703,0.06100683723042127,0.09417758190896607,0.09575341284490958,0.11720472626641172,0.30388163337897306,0.09664582660497754,0.16908412740373402,0.09466006568019698,0.39982981382818167,0.10201199116826701,0.16719601048673408,0.08757517138019304,0.1891958142444301,0.31581852643337416,0.11080425467842182,0.15055054938629714,0.0,0.0738170916925678,0.07648950263156384,0.1509928138991554,0.09498290068220099,0.13554489844071757,0.06196709884133612,0.07921659283390588,0.0792865731670909,0.10467602491702853,0.1351591211776,0.1146683176056182,0.1430151883753844,0.2135046904220082,0.10536721788547104,0.06335307370181113,0.0697693223330646,0.12522030068694026,0.13163129608578178,0.105739501963207,0.11830146269850894,0.1139161879282905,0.06993512313875178,0.14616984078873485,0.08954852534745461
NOR,0.1815040315421407,0.1139539488335741,0.12313628883067011,0.06881152501112624,0.09271010175108875,0.07302727324051655,0.16005004238034942,0.07508870452469085,0.15829788605177894,0.10530075382145286,0.29599585859177896,0.09658250706279081,0.11703545317508772,0.09733454419484158,0.11277012594764324,0.13702980195068828,0.1257783397662459,0.24391771461523404,0.10203924988971322,0.11351654953664685,0.14493040268132917,0.0844115063391058,0.09446467671075567,0.0834500747493777,0.16039543283727725,0.07638796866502855,0.09510032585170719,0.0829994771611262,0.09264271169056622,0.08589939429698752,0.12610587214264501,0.16370550683100593,0.08023640127980651,0.08805709950732614,0.1267304662178279,0.1073958924690942,0.3024751839494594,0.10326743755834383,0.09827079986667786,0.08284103609856018,0.09175532151099448,0.10956440720383936,0.126725710903861,0.3076840360069602,0.11001908854585962,0.177052433220246,0.10826134828875998,0.42696859715889496,0.10522289507976348,0.18024201748953575,0.10093294860782862,0.19434492575486628,0.32038714224037185,0.12063091528731741,0.1592085111188098,0.0738170916925678,0.0,0.08277574950195152,0.1639309376734468,0.1042390915619704,0.14997993298596402,0.07292473111655087,0.09698403815396366,0.09227424046567628,0.1059993380225494,0.14074162748112992,0.12875253646503457,0.1449155734558235,0.237791865000902,0.11756577440082616,0.07822109509363387,0.08347168773137531,0.13363115500835712,0.1426035434263867,0.11509372876378603,0.13506189671139032,0.1281735171355167,0.1004978769683715,0.15218618161352404,0.10502850739214997
NZL,0.19047592266446606,0.13186891373398701,0.10821981124649563,0.06092541322537261,0.08551194887982941,0.07327540734975975,0.15742933061926306,0.08079718719593584,0.1297644717370533,0.10429680489406103,0.3042808792678109,0.10856842705578079,0.12255712869178415,0.10139438895841886,0.11740379280771435,0.1259854150453449,0.11803623535777685,0.24415717174744983,0.09192089979810537,0.10698487145942373,0.14331025293911862,0.08843760659808844,0.10703361934543922,0.10637005206411426,0.16122244892910897,0.08063041613349921,0.10669247031331808,0.09696928680798331,0.0863744209464304,0.0778892637344132,0.14578481269761498,0.173741829290925,0.08539998242678998,0.08770994342693034,0.12175373510678174,0.10742756114233985,0.3062516439087749,0.11629551834206944,0.11110738731236144,0.09123185148234299,0.09756856485853382,0.12414517704883411,0.13517982701968856,0.30690096992522714,0.12603563984889232,0.1557583461982823,0.11286741224318263,0.42020664608010744,0.09764004662211612,0.15223752069031762,0.10523127722260263,0.202164278303178,0.3036322662688526,0.1308088992610985,0.16242797862881217,0.07648950263156384,0.08277574950195152,0.0,0.13938486173624334,0.10683799999848782,0.14355779786127812,0.06962489259059822,0.08794347981783486,0.09570705500911308,0.11777673588976792,0.15493014440645378,0.11208957154921444,0.16732963073671592,0.23694090656364705,0.11214489037479516,0.08408150886419194,0.09923126626952597,0.1323244555152479,0.12354372579338993,0.09897947559634515,0.14837879967145062,0.12710676102196258,0.11008623129586281,0.14743408190030868,0.1149417885107141
PAK,0.17874428177141324,0.18547018312648086,0.10072640924012502,0.15504183111400321,0.14233683174635164,0.1597598890613148,0.12458563516348763,0.1553738320849255,0.0832854395443466,0.12453770255209688,0.3131000424186973,0.14128593402084272,0.15927484632668554,0.14892263070822934,0.11769986135588943,0.12025433523196377,0.1169823030046115,0.2523151795840076,0.12055309134261165,0.13826865388325732,0.20813759031060755,0.14535258274406096,0.14715955478962658,0.14892990627178385,0.1446463478967744,0.13738616230314338,0.14554248658436705,0.14586097524989902,0.14704869432910259,0.15517026837224335,0.1533207974181218,0.206752294773315,0.13515247081582857,0.12192503458961368,0.11732215337570169,0.1141289315298024,0.31315965197415047,0.15616008274980175,0.14634901136398795,0.134594568539469,0.14707552787779699,0.14751589204648455,0.15282509633092234,0.2966967908551471,0.146485477501885,0.09477620576416498,0.143071259368894,0.44106972022337726,0.16986805440189748,0.12443142180919992,0.13265655863230771,0.2233706400243275,0.22471464361352528,0.1477898793849788,0.16867556527052152,0.1509928138991554,0.1639309376734468,0.13938486173624334,0.0,0.12165338441412334,0.1408503059288291,0.138857612341928,0.1285794275109447,0.1196765957853141,0.12894515045203442,0.16431394176424557,0.11824052265590693,0.19806988254511543,0.2529391421653433,0.16644110114071087,0.15757035994917057,0.15373260366375943,0.12468922779329628,0.10263181694976885,0.09666189949249984,0.16408511972901393,0.11061033728177196,0.14746818559867797,0.1257210375331912,0.1377892822559527
PER,0.17247862830151134,0.14362832195480435,0.07111897691528864,0.10738063028631545,0.10406506114914177,0.1008494349516347,0.13591936659574846,0.09565291133879161,0.1107332070972405,0.06879298146515436,0.29066171257062434,0.0779710965217211,0.11693950981393945,0.0874714690454095,0.08187511884330835,0.0865994067733493,0.07561662701206653,0.22408410991209657,0.07025998160437176,0.08653313329478567,0.16864375843194318,0.09754438619283552,0.08835570940359411,0.10306631982550216,0.13027946357219036,0.069616254461381,0.09143416897227932,0.0845502388364978,0.10134177582039919,0.11190522093459589,0.12119830373760172,0.1750947020128448,0.07446324457137676,0.07073948471749446,0.08138792663090222,0.07661001539711214,0.2954886394976233,0.09539038063460366,0.08988493499416987,0.07667429403756039,0.08212734514120994,0.09254639542441916,0.1054367704039592,0.2983597750178615,0.09193535720286455,0.14544908609243362,0.08408276579509284,0.4308861154951657,0.1320960629032588,0.12789659923284766,0.07023718535587178,0.1939924925397449,0.2975100729593908,0.09003593671834083,0.13053720579690062,0.09498290068220099,0.1042390915619704,0.10683799999848782,0.12165338441412334,0.0,0.11311001137604758,0.07870899518920858,0.08956319711438014,0.0689350071979573,0.09057796462119101,0.12764565954182175,0.0769366178918399,0.16452351543866028,0.230453791937599,0.1354534701019141,0.10236762667584669,0.09724683468572168,0.09225346752286046,0.09203105407707778,0.08663505433891515,0.1230886613989397,0.09442666946129241,0.09167018509084403,0.1263995847186356,0.07471223008243504
PHL,0.19846641900961784,0.18393631325704726,0.10554914757167884,0.15657155188456903,0.1547809729834825,0.14773819935804963,0.16600017917590512,0.14424519257399826,0.10817921185293278,0.1156143182621423,0.31205240250473015,0.13619516558348804,0.155059747025852,0.13458386617948326,0.13279137031691454,0.10689616312942586,0.11627847566045611,0.2376115456690675,0.1209755003818735,0.11229021843834569,0.20839604359000033,0.14530553410873134,0.14470509617649835,0.1381372229721877,0.16803553157322623,0.12083788390824483,0.14306215271382244,0.14354285743497247,0.1504380849566953,0.16024018000707702,0.15797029221928197,0.1805855116187771,0.13177220976705867,0.11880783233070241,0.11147874565159924,0.11743156272066649,0.3140815441541904,0.14192509483354124,0.1370835462612082,0.1336717185486207,0.11660426277256401,0.14534836385469568,0.15587945622765695,0.3115890187074294,0.14145908506369936,0.15608535478728733,0.13490818210876507,0.43740244247990523,0.17137037238658945,0.1280973477566406,0.1166003514878023,0.21970831902337443,0.2851600494558835,0.10781280370291149,0.10243323599162081,0.13554489844071757,0.14997993298596402,0.14355779786127812,0.1408503059288291,0.11311001137604758,0.0,0.12343096503573776,0.14129407886050147,0.12004324124025526,0.1380599978372477,0.1663522191966561,0.10640020374177965,0.19070352762043274,0.24945347177428553,0.1786597724473419,0.15675904005734298,0.15375351742722518,0.12450349857192365,0.132011187962621,0.1335191652281454,0.154460717313226,0.10414909993729023,0.1428903339727756,0.14658225853324997,0.1311995682580941
POL,0.17964928758053006,0.11966690097314134,0.0967339224276122,0.06547043582362061,0.07945290808859154,0.05803960742963206,0.14530353424475778,0.0494699192160149,0.1259183573463045,0.07803036066840603,0.2900764555641144,0.08274147506515847,0.10899258272578531,0.08195444501225949,0.09148915301087776,0.10476584243685405,0.09984563257762637,0.2318212944569838,0.07968858454814315,0.08870673769577574,0.14505820373583392,0.06160416869419347,0.07535639585473475,0.08772724995088638,0.15246662238423064,0.046950576815165845,0.07859724325393327,0.0645944727875491,0.07712134717062878,0.078097322061552,0.1285171190910366,0.15803878207322114,0.057777535901714985,0.05321391741309006,0.10259254681253566,0.08087521350761744,0.2970166768336218,0.09721464242381611,0.08812135108091201,0.05992909789821415,0.07088417903842494,0.09155645238669612,0.11302604034129987,0.2975970850306107,0.09198382558121128,0.1555754751321127,0.07407089555816945,0.4224326083452617,0.09182180861803484,0.15056499903686646,0.07392699805481695,0.18776588793532667,0.3051518677961281,0.10348235524180807,0.13914386293319095,0.06196709884133612,0.07292473111655087,0.06962489259059822,0.138857612341928,0.07870899518920858,0.12343096503573776,0.0,0.07427268499068732,0.06310604755439944,0.09439691619851324,0.13764455380227075,0.10112550807957092,0.15165535272174122,0.22823828815631622,0.09791569864120295,0.054842308376304535,0.07382206262069844,0.11124120581947007,0.11400718847840054,0.08425053197981881,0.12168503940909982,0.09969015430817392,0.08918719200181657,0.13382670658729845,0.0870745502005841
PRT,0.18249086885505536,0.13036090349703305,0.10340124868846197,0.08313097602500248,0.04231094455684585,0.07809537262594311,0.14394353401394958,0.07983200262441338,0.1353539500711115,0.07631964357286643,0.29149976971916663,0.08829815209588117,0.09704301402894737,0.0901097634280298,0.09227749711221268,0.12085436050958417,0.11105812261186522,0.2399386022714451,0.07675291826257992,0.0973178719035004,0.15331917280642587,0.07159948541609663,0.07588368297569105,0.09408360878493098,0.1574479471802088,0.05962348672295692,0.08256515516821447,0.07711606719576047,0.061975534041547965,0.06058822100429002,0.12613975771387573,0.15846313033019077,0.06946960320992215,0.07323400187862071,0.10453840007303118,0.09457981786428275,0.2992018188491124,0.10201944476116731,0.09017808019096364,0.05249580252548963,0.09999292193167968,0.09317604268439683,0.12326530026744012,0.3020412157633878,0.09423097901215166,0.1416980380488548,0.09931285146483326,0.413693804136857,0.09540532558238704,0.1630696469772524,0.09185302192721198,0.18373453742610651,0.3139999824642707,0.11732912780081328,0.1547521695158657,0.07921659283390588,0.09698403815396366,0.08794347981783486,0.1285794275109447,0.08956319711438014,0.14129407886050147,0.07427268499068732,0.0,0.07128073263527454,0.08549029253718311,0.14157149877172664,0.11570994729148107,0.15384990791708478,0.2206231320755333,0.08402086735539954,0.07936727486349285,0.08679316048824212,0.10804330358178992,0.1260450325107768,0.07229741904322397,0.12402179509317676,0.11766653567099251,0.08964374934310851,0.13814407673391002,0.09111189378531502
ROU,0.1681034509488977,0.13375440900923435,0.08170384856341034,0.09165883730285732,0.07938724601964356,0.08655134447295429,0.1371058687940048,0.08134255613467153,0.12029581274788231,0.06649052073108495,0.2878196911181809,0.07143766182885802,0.10158875833000393,0.08339198273106997,0.07688691572330608,0.098598755953766,0.09036115900836218,0.2305653612032334,0.07671364067203683,0.08382369107690515,0.16716595693273764,0.06826918796047017,0.06612478895742546,0.08498798868471867,0.13916054921898188,0.05888480368576973,0.07401289474240662,0.07062255871870317,0.08114943965310274,0.09176442222216555,0.11471878264407497,0.15695331207506671,0.06161040292880257,0.049257338970283455,0.08990603434900353,0.07315686794964481,0.29278738152318273,0.09890884123755214,0.08041557017620647,0.05688170863311181,0.08871643974615409,0.07211683824568657,0.09976808314344704,0.29188075657360824,0.07803732495065677,0.13649146232876921,0.0786189486305495,0.4277265775763457,0.11507427078390832,0.14360231554128403,0.0653476316990212,0.18555763287415525,0.29472230934624977,0.10030745495113735,0.13717888589453214,0.0792865731670909,0.09227424046567628,0.09570705500911308,0.1196765957853141,0.0689350071979573,0.12004324124025526,0.06310604755439944,0.07128073263527454,0.0,0.07588790350091643,0.12235880175498413,0.0958361220381245,0.1539548384948162,0.2287463911021412,0.10481008563664279,0.08214063397419809,0.07477618867307766,0.09775661874026206,0.10519852608590588,0.07836438580788115,0.11490038117345175,0.09008440272168787,0.0766288717614924,0.12610778097488584,0.07272722056366723
RUS,0.1715930886486707,0.128311755205088,0.09784523616801521,0.11544516515760146,0.09035521549693955,0.10926356905972484,0.1529986869755829,0.1017988606187135,0.13528372361803395,0.07758671994675156,0.2807455188831084,0.0897201552979376,0.11468751343053346,0.10434104806263411,0.09364334178935428,0.11493025144968316,0.1105354173870011,0.23831014115565,0.08683132991962511,0.11006275631153817,0.17916723740172724,0.09656046058538215,0.09007187399728869,0.10707594580793842,0.1412262799701918,0.08706709005437047,0.09684985536735803,0.0909177067962553,0.09812356533315446,0.10792458398104775,0.12796290034039148,0.17338686407124096,0.08867806568687156,0.0832239222175729,0.1051404454491848,0.09277203884297917,0.29835757449440825,0.11389468894407372,0.09580874210307658,0.07844483882060056,0.10637551151911757,0.0942444188007621,0.11285186322933578,0.29271788347699695,0.09713260144518421,0.1434327307192808,0.09669370455220917,0.42603356565008776,0.13133764399538433,0.1596299882170807,0.09179198369271799,0.19259439979956192,0.30483894525477906,0.11005524541905706,0.15480545261027104,0.10467602491702853,0.1059993380225494,0.11777673588976792,0.12894515045203442,0.09057796462119101,0.1380599978372477,0.09439691619851324,0.08549029253718311,0.07588790350091643,0.0,0.13101106282118916,0.11655141091238758,0.16261870477024706,0.230681147646492,0.12166169403468496,0.10751177520441686,0.09931334686359464,0.11110221516622638,0.12183372413377597,0.09381069451384277,0.12347546272353388,0.10484099181181389,0.09615505371572501,0.13739944822515804,0.08970961054163983
SAU,0.1918290723052459,0.15380432012842263,0.1304144579188269,0.1475925595603465,0.1457342676906504,0.14415827228796346,0.179531617306149,0.14198221474647454,0.17522394959898396,0.12134726822165555,0.29786775098172225,0.12454420935588331,0.1575022395512844,0.1463757617162614,0.13717878545623904,0.15870679345833083,0.14623220631978667,0.26130674705363477,0.1241746620141395,0.13333867061851198,0.20331323995073539,0.14086914596515504,0.1403872202663997,0.13691004061555842,0.11970817003186622,0.13588492129937385,0.13869924967906147,0.13530532307535734,0.1481176242610328,0.15001298639477384,0.16416687065954882,0.1652861050306226,0.1309027535808644,0.13102080607313096,0.12228876971899592,0.13469370934423888,0.31330865641300676,0.15171623699909553,0.14077967732245425,0.12988068838703806,0.13634278433108307,0.13924879507458954,0.14439810938451847,0.31680562705531073,0.14196011704177186,0.18269098322479713,0.14485508599418034,0.44020931790020884,0.16609572649418258,0.19423302165235712,0.12204918810369002,0.22131523684697124,0.31860048894689935,0.11937114217521975,0.18253518158908968,0.1351591211776,0.14074162748112992,0.15493014440645378,0.16431394176424557,0.12764565954182175,0.1663522191966561,0.13764455380227075,0.14157149877172664,0.12235880175498413,0.13101106282118916,0.0,0.1571332171490435,0.18555100190260898,0.24796523432427237,0.16693545812256486,0.14316144208507103,0.14256520674519702,0.14854900919547376,0.15955500865011074,0.14679733172469486,0.15951934343275587,0.1406525480663934,0.13372872994691737,0.17241837908449958,0.1314147654892118
SEN,0.17914669901464522,0.16685348972617178,0.08083014257974327,0.12411176676180695,0.13010666678576938,0.11894875962982968,0.14288198220683349,0.12016719480054525,0.09279466626993024,0.10041086786943079,0.30527783343419934,0.11345770983252637,0.13672819412442222,0.10261801922354497,0.10366345217781953,0.08725223492518268,0.08754356367176447,0.21899154466939302,0.0933195147582002,0.10376263012971584,0.17171171030851287,0.12013618699767538,0.11514543076592493,0.12413347508148555,0.14452207299015063,0.09474767084286705,0.11507927426639175,0.11580330019336109,0.12206728983430032,0.13481785118100506,0.14021454919029103,0.1928875731986477,0.10288487482927475,0.09485006035959113,0.09556521857707928,0.09244780722377238,0.3045592346774706,0.12299063561900335,0.11653308828953095,0.11099599237770753,0.10627689226632352,0.1217989309369381,0.13264503578617448,0.30018952732536025,0.12382734771312474,0.14198479294882088,0.11369122926899174,0.435815358491511,0.14277669016668434,0.09130122616877585,0.1010209841542503,0.21269235612186277,0.28750626950124863,0.11411588056760157,0.13087044747825585,0.1146683176056182,0.12875253646503457,0.11208957154921444,0.11824052265590693,0.0769366178918399,0.10640020374177965,0.10112550807957092,0.11570994729148107,0.0958361220381245,0.11655141091238758,0.1571332171490435,0.0,0.18454521926014433,0.24621312721903182,0.15606454367817385,0.12495418733904187,0.12400619759378846,0.1133613901238175,0.0803461418547626,0.10369615626224804,0.14715220260395495,0.10632017436853464,0.12123294003542169,0.12834918981308688,0.10723625321118001
SGP,0.22288437306036263,0.174009537758524,0.17632186021812213,0.15694210400029143,0.15249859729890222,0.1478032300030218,0.20023609265590278,0.15098913100031205,0.1977813826545576,0.15480130436205977,0.3118151459712094,0.15202608394307465,0.14824698100197747,0.1567384429965216,0.15109377277563016,0.18425965646269168,0.175191985852615,0.27517147296726857,0.16351826919025084,0.15746640809002474,0.18041461014295973,0.14945179138846001,0.14679456844106153,0.12436172047809958,0.20508004463851429,0.149391734992774,0.14995838557081406,0.14115853000064504,0.15102610792509996,0.15261821217649502,0.14324402182529383,0.1731861398735216,0.1501462623113899,0.14483316405766797,0.17705151502547944,0.16286068328978245,0.3165918038386731,0.1599510816476325,0.13495743017106582,0.14353264650323153,0.1666934153330323,0.15492530041722297,0.17469388999812682,0.3289517466161557,0.13500970075680985,0.21197380788110984,0.161598419244032,0.4222124770401723,0.16877320482955696,0.22259944329656517,0.14652903685660557,0.17686505390577764,0.34342048213553245,0.16401252014172385,0.20893214715904088,0.1430151883753844,0.1449155734558235,0.16732963073671592,0.19806988254511543,0.16452351543866028,0.19070352762043274,0.15165535272174122,0.15384990791708478,0.1539548384948162,0.16261870477024706,0.18555100190260898,0.18454521926014433,0.0,0.24632179835834586,0.16978531044294337,0.1502979701025238,0.15202476777521534,0.15282469796385725,0.1878946466170934,0.1692422870443658,0.12740623924253988,0.1737885577694173,0.15061049932734205,0.16723501406285873,0.15682778462071803
STP,0.2729517908188596,0.25789030009535235,0.23549799876520494,0.22679172586453958,0.222738361828282,0.22174594069379314,0.2538233784373432,0.22369787800507962,0.2525178881892761,0.2215255912825426,0.3587529982817642,0.1928795328955061,0.23017663463270008,0.20891702001713938,0.23552671709695255,0.24703892278922432,0.2414193373777865,0.3195241455873821,0.22799238046676568,0.21014872512320676,0.2715334524976441,0.22461612824610608,0.21519428304995405,0.2174406545356301,0.2676725984788892,0.22100414881590544,0.22397524345881145,0.218451957179785,0.200335822693474,0.2109611989538303,0.2421409065876115,0.2388088091138204,0.22347261618383893,0.21736967205234936,0.24664035590259548,0.22443175483557357,0.36202763566144586,0.22891205438652312,0.20845145074725804,0.21275834273169958,0.2369542909382544,0.2324592028780647,0.23664376820096064,0.3666646405942102,0.22620226708702257,0.2556100787721444,0.22992648806079788,0.2757251542605832,0.23930349456093547,0.2646362945176707,0.22441633165278188,0.28310701640578884,0.36879448390295544,0.224816995804043,0.2576455073888252,0.2135046904220082,0.237791865000902,0.23694090656364705,0.2529391421653433,0.230453791937599,0.24945347177428553,0.22823828815631622,0.2206231320755333,0.2287463911021412,0.230681147646492,0.24796523432427237,0.24621312721903182,0.24632179835834586,0.0,0.2422322734224393,0.22616471892664405,0.23051085407622435,0.2414944373542682,0.24372072896165803,0.2363743602319207,0.22995478270400405,0.2345532143723475,0.19677131490965422,0.24505279075547823,0.21530932870835134
SVK,0.20317671689414182,0.14234152118486637,0.1450263117560374,0.10157693267171666,0.08272274574007865,0.09981917724024082,0.1805353546600682,0.09976300035234163,0.17251645519704073,0.11581746636446899,0.3044531040819357,0.12389852566024248,0.1269840602816992,0.1256090563015037,0.12634701340458143,0.16108035285305766,0.15298114356304165,0.2598401050060003,0.12303056891693817,0.13533869844659996,0.16311401709118636,0.06986457415513489,0.0930555198948267,0.12627896095772248,0.18579099000155488,0.09728310951211172,0.11846436572131537,0.1118525610436963,0.09426280809777964,0.08830866767904054,0.1611115631308962,0.1775274521971238,0.10617207168937588,0.09650258694825527,0.14659868691600308,0.127057275533764,0.31242907806609066,0.13564462653143716,0.1289001756773928,0.09615805559227139,0.13263683545016455,0.1066913647950417,0.15030694026170974,0.31331896788128316,0.11277320636016637,0.17409418909675403,0.13074352546636833,0.42624317432290904,0.11260727505616007,0.19705661023778046,0.11839000946965932,0.19571020953516438,0.3301166053245796,0.1523207159363255,0.18859969352574038,0.10536721788547104,0.11756577440082616,0.11214489037479516,0.16644110114071087,0.1354534701019141,0.1786597724473419,0.09791569864120295,0.08402086735539954,0.10481008563664279,0.12166169403468496,0.16693545812256486,0.15606454367817385,0.16978531044294337,0.2422322734224393,0.0,0.09092132737769797,0.10571333023731361,0.14231495731765906,0.1627205753261317,0.11482909280250325,0.1503238223946186,0.1503362485162209,0.12518471884902282,0.1681012407021983,0.1278960702500927
SVN,0.18736134992857015,0.12268951785001046,0.12191614972057772,0.06445207421051563,0.07892557296455023,0.04698432612547579,0.15605459044869158,0.05542786741984366,0.15677504151705438,0.09794716320824368,0.2945019798908048,0.09273740761846835,0.10454915885537161,0.08928568702693356,0.10544131935261873,0.1354381401610114,0.12415803730382075,0.24344816185296125,0.10312804866048493,0.10212170113378122,0.13227633316411405,0.05918347498553146,0.07503990014251154,0.09192391893479353,0.16575432800595022,0.06239834004446026,0.07888166661934637,0.06941691359589522,0.07528474932435941,0.07157607624514004,0.13904845247928602,0.15481436197095852,0.0641392570696277,0.07216164682812581,0.12903444492104532,0.10315605144275974,0.295419034601218,0.10872319062068721,0.09442579747122996,0.06325440121671523,0.09868300329402734,0.09779220522426314,0.11954119505711172,0.3021993359200124,0.10105595665376438,0.1724388501437017,0.09223385327236298,0.4189082374697084,0.08079352337077837,0.18050658844656087,0.09470927865947794,0.1893090985264989,0.3178767976797325,0.12780274880447873,0.16543594280175303,0.06335307370181113,0.07822109509363387,0.08408150886419194,0.15757035994917057,0.10236762667584669,0.15675904005734298,0.054842308376304535,0.07936727486349285,0.08214063397419809,0.10751177520441686,0.14316144208507103,0.12495418733904187,0.1502979701025238,0.22616471892664405,0.09092132737769797,0.0,0.07405096753471888,0.1327648948831787,0.13422913246827822,0.10223612910558642,0.12935300729933177,0.12253116660026875,0.09401439045375815,0.14989354798556204,0.09864335087130428
SWE,0.18287523250057922,0.13348159614935892,0.11682102143290916,0.08730657879646588,0.07697243956317044,0.07926159007956811,0.15757988960653008,0.07719527918598597,0.1550485718052834,0.09415388031444077,0.28973113274403495,0.07304277930618623,0.09841330961682601,0.08452039829939409,0.09980369814019359,0.1284030166520959,0.12024216651596774,0.24050007077069482,0.10358396599724681,0.10329296675721082,0.16309291698029937,0.06308245116268678,0.05955938377478567,0.09045792545403317,0.16382160767748646,0.06633932411682206,0.07185243881160755,0.05986721465898003,0.08028113060331028,0.08650354166369818,0.12661092274337024,0.1624893201413978,0.07278097973717622,0.07086923052661476,0.1242413781259011,0.09836501081098474,0.29613419347476194,0.09687263174177387,0.07688429133188505,0.06527214396374909,0.10498836234168762,0.08538418918847707,0.11260448167459383,0.30073699155350053,0.08772111193270513,0.16749372434838672,0.09291503503083683,0.42188276730434404,0.11332822947404117,0.17621703258250146,0.09202666273409432,0.1872545691426953,0.3168364364504943,0.12235627605268184,0.1609605524109652,0.0697693223330646,0.08347168773137531,0.09923126626952597,0.15373260366375943,0.09724683468572168,0.15375351742722518,0.07382206262069844,0.08679316048824212,0.07477618867307766,0.09931334686359464,0.14256520674519702,0.12400619759378846,0.15202476777521534,0.23051085407622435,0.10571333023731361,0.07405096753471888,0.0,0.12684319345061404,0.13330754185911647,0.10897353722240091,0.12001854412982538,0.11609236222546107,0.07570105071566381,0.14650812724300002,0.0875054641829894
THA,0.18589809874422858,0.15991428796411009,0.09563731230761248,0.13798808266326132,0.1220313063145562,0.13396749141770706,0.13549165467873656,0.12742685314877752,0.11753798527148977,0.09495267162562099,0.2991694836469759,0.11204619031160752,0.13143457417153753,0.1236928048679501,0.07206264816120453,0.11291713859604685,0.10513106334168386,0.23956785569859557,0.10083865950945956,0.12141325275792,0.1937362909706881,0.11669487368741535,0.11497574418253213,0.12773035236753022,0.1426227373667266,0.10528899763326355,0.11999068343326204,0.11286148756746762,0.12735710155392,0.13707738613156298,0.14211243832136683,0.19192038845239343,0.11015625025328522,0.09332679298713945,0.08958954092151958,0.09681426134305726,0.30335960659878325,0.1281306099952502,0.11155849376450658,0.10503014044049451,0.11117793480985871,0.1089405528094189,0.13826493237067966,0.3050875635283778,0.0822299272425493,0.15128973717449795,0.1200610889957482,0.4370963580134448,0.15607556182077398,0.13996821933322273,0.08486732207133564,0.15723404964591317,0.3033516108810676,0.09950430249368017,0.15047199640325504,0.12522030068694026,0.13363115500835712,0.1323244555152479,0.12468922779329628,0.09225346752286046,0.12450349857192365,0.11124120581947007,0.10804330358178992,0.09775661874026206,0.11110221516622638,0.14854900919547376,0.1133613901238175,0.15282469796385725,0.2414944373542682,0.14231495731765906,0.1327648948831787,0.12684319345061404,0.0,0.11373232519473218,0.10359149713099537,0.09219406637918957,0.11858192384629195,0.12160889722935293,0.09702864295805916,0.10910192639094651
TUN,0.1788342448651178,0.17279772528273582,0.0837842997562348,0.1386675859907468,0.14048647433812844,0.1385078742384212,0.1300457461791109,0.13511821676114252,0.08915410538013986,0.1078613642381888,0.3055742015682485,0.11798644485384481,0.15010032293515516,0.12818575625316442,0.10644153873443898,0.08961963069790507,0.08342560553409749,0.2368191474384426,0.10512221849595385,0.11836710081301136,0.18716701219221238,0.12758995101901827,0.12628188053646852,0.13310101699914756,0.14386591063624438,0.1140807537978883,0.12120575944508201,0.12258957638209332,0.136261186661114,0.1492894073962446,0.1438840498958006,0.19868492841337732,0.11360663060973847,0.09783698978995047,0.10271683723920937,0.0971529906416575,0.30277263322407977,0.13458075003400924,0.1282302879965802,0.11929264569491978,0.12418033840885788,0.12942115392877596,0.13401022184491265,0.3028448973744002,0.1263096067225619,0.138170727990387,0.11233542054689152,0.4389135257270459,0.15321592846528115,0.09140257505740969,0.10819788548430638,0.2152226950567682,0.27546471385370747,0.1274501508265111,0.16100821477384386,0.13163129608578178,0.1426035434263867,0.12354372579338993,0.10263181694976885,0.09203105407707778,0.132011187962621,0.11400718847840054,0.1260450325107768,0.10519852608590588,0.12183372413377597,0.15955500865011074,0.0803461418547626,0.1878946466170934,0.24372072896165803,0.1627205753261317,0.13422913246827822,0.13330754185911647,0.11373232519473218,0.0,0.10458692243813703,0.15019789470872963,0.11129677146381568,0.12886832519689206,0.13033828619075138,0.11617028988798281
TUR,0.17687086660843246,0.1452151353106142,0.09333326127574555,0.10200807839797557,0.08572684703800679,0.10750551339679765,0.12040117095012624,0.09840697903405903,0.10567466192195976,0.08931341335413996,0.2987213814839154,0.10312152903148862,0.12180119456140595,0.10881262556815163,0.07928199121150677,0.10810534445332023,0.10251762549855661,0.23475486062871034,0.08398916399014673,0.11132999445907829,0.16995396953329667,0.09680957155039586,0.10466175225469197,0.11307005032270408,0.14625473789876442,0.08624106695512213,0.10613266079755299,0.09911382890910002,0.09834621555002103,0.1025849253358873,0.13400389506315113,0.18173840522968632,0.08680095005081576,0.08359755232195178,0.09834589040147584,0.07942704791187633,0.3009715636728478,0.11988124452091382,0.11066005347851517,0.08264307273693768,0.10166690407916829,0.10586006377435207,0.1261099346388179,0.2823922903550039,0.10691564748093021,0.11944720098647521,0.09523966979705725,0.43103252417801424,0.11872653608294119,0.13737465138962732,0.09648279087443605,0.19681951909267043,0.27920219522953194,0.12362306913853995,0.1481494527396746,0.105739501963207,0.11509372876378603,0.09897947559634515,0.09666189949249984,0.08663505433891515,0.1335191652281454,0.08425053197981881,0.07229741904322397,0.07836438580788115,0.09381069451384277,0.14679733172469486,0.10369615626224804,0.1692422870443658,0.2363743602319207,0.11482909280250325,0.10223612910558642,0.10897353722240091,0.10359149713099537,0.10458692243813703,0.0,0.13169343509606865,0.10447280461833408,0.1143591644630538,0.12242070924859089,0.10366176529555975
TWN,0.19716581560184185,0.16149694326175215,0.13029659901092003,0.14066451792753246,0.12479615468940389,0.12919906309524076,0.16802812899531247,0.1246337026462952,0.16233180403436373,0.11248895341308289,0.2973855366180513,0.11039955404637881,0.12934553780334948,0.12642778983045766,0.08750692761461329,0.14698532076220855,0.1401785129847197,0.25152749637900607,0.1267625606316498,0.133780882976002,0.1963799388148449,0.11747835745726361,0.11161570223066301,0.12351157416849487,0.17469755990150987,0.11541053472997645,0.121179773410667,0.102654621365115,0.12785145529125871,0.13733026212321614,0.1462962360888633,0.18169577045100369,0.11862181674842368,0.10381716586320447,0.1351964763245809,0.10897564683730628,0.3052607284048292,0.13453602751599902,0.10302460579282217,0.10732654210772946,0.130341001594071,0.101905705690574,0.14344456005745926,0.2882141460419259,0.06762368939637935,0.18158832535616132,0.1292773293293421,0.4179177671926099,0.1597345848601796,0.1825924868550814,0.1017305213585682,0.1474615211892892,0.32190180472557206,0.12050560409089052,0.1770004074268314,0.11830146269850894,0.13506189671139032,0.14837879967145062,0.16408511972901393,0.1230886613989397,0.154460717313226,0.12168503940909982,0.12402179509317676,0.11490038117345175,0.12347546272353388,0.15951934343275587,0.14715220260395495,0.12740623924253988,0.22995478270400405,0.1503238223946186,0.12935300729933177,0.12001854412982538,0.09219406637918957,0.15019789470872963,0.13169343509606865,0.0,0.13110356378136226,0.11332773519113533,0.11686057276353783,0.11318959475093814
UKR,0.16976967625656134,0.1621510750751892,0.09098412090966684,0.13096395841217962,0.12568070728407613,0.12305767606337922,0.139512869113146,0.1090695789736348,0.10878806887420342,0.09667032335090388,0.29854446262312273,0.10448740440937536,0.13302227319015414,0.11373880294423504,0.10165883599485857,0.10086004430991846,0.10370443449766506,0.23422551471324912,0.10936745764967637,0.10479669696190015,0.18849545616446042,0.11325508912801961,0.11049207899471943,0.11419623640574937,0.14237322507035327,0.10120937147568418,0.11170869588086926,0.10911533787272965,0.12337199524083839,0.13471757257478303,0.13661718676867265,0.17349506113276872,0.10562378391139023,0.08923534709374667,0.11018480708207513,0.08789647505027644,0.3003383226822375,0.1223607309473482,0.10900983665232865,0.10072275551381808,0.11023242916256133,0.10586602848660084,0.12089896051915837,0.26734812740900266,0.11195170164505185,0.1288474338052032,0.10644817233679946,0.429069809552391,0.1475091865164553,0.14052507342792997,0.10091775384515557,0.206901867494124,0.2550354059071636,0.10712866028408369,0.1261417165011563,0.1139161879282905,0.1281735171355167,0.12710676102196258,0.11061033728177196,0.09442666946129241,0.10414909993729023,0.09969015430817392,0.11766653567099251,0.09008440272168787,0.10484099181181389,0.1406525480663934,0.10632017436853464,0.1737885577694173,0.2345532143723475,0.1503362485162209,0.12253116660026875,0.11609236222546107,0.11858192384629195,0.11129677146381568,0.10447280461833408,0.13110356378136226,0.0,0.11201552003656931,0.1255441017223357,0.10023611349836815
USA,0.17828343127484647,0.14569557500925287,0.10457625570625904,0.10231075833009855,0.09041745190578034,0.09014500802891562,0.15558437984863155,0.09438093185752844,0.14946265543509915,0.08139358216579405,0.28946473317539956,0.04536769658279443,0.10022690775134702,0.07950692290046876,0.10034211165051503,0.1262214410182402,0.11697902396527865,0.23979988072590075,0.09627447575004153,0.08988667540127514,0.17510240905092728,0.08254130512279065,0.06281118122021054,0.08302527528344565,0.15498901859257344,0.07487577998911688,0.08374076180774791,0.0697910550371774,0.07337021021423372,0.08974102586077852,0.12233375071918019,0.15501381697530048,0.0812265628945657,0.0695778650266694,0.118888375131631,0.09543718499596797,0.29428919693370154,0.09786855890912005,0.06155125653822618,0.06521948524231534,0.10987025054542607,0.08542543528562423,0.10727512770014934,0.3035365983928342,0.08566761855215034,0.16386410440041524,0.0986414843717657,0.3855427122263457,0.13065723732318116,0.16715161011017252,0.0848030609635551,0.1904188165382159,0.31362344480624577,0.10793862637125869,0.1536094822197734,0.06993512313875178,0.1004978769683715,0.11008623129586281,0.14746818559867797,0.09167018509084403,0.1428903339727756,0.08918719200181657,0.08964374934310851,0.0766288717614924,0.09615505371572501,0.13372872994691737,0.12123294003542169,0.15061049932734205,0.19677131490965422,0.12518471884902282,0.09401439045375815,0.07570105071566381,0.12160889722935293,0.12886832519689206,0.1143591644630538,0.11332773519113533,0.11201552003656931,0.0,0.14308490010992203,0.07397463549320446
VNM,0.18983280912791506,0.16891128563709262,0.1273809817009434,0.1515336181282022,0.14733084222693296,0.15104534440371703,0.13413740931747103,0.1451421909501147,0.12633144385906844,0.12763698942213395,0.2974666778934348,0.13690611578674233,0.15380241654461907,0.12868711858792956,0.09875226520463927,0.1303594088201401,0.13237863251482038,0.2217624550826128,0.12958978594918877,0.14597439589471858,0.20365778514628358,0.14223583755717942,0.14197205407419164,0.14881359508499853,0.16973843006841294,0.13576701123328946,0.14060456235511024,0.13114867388372653,0.1478120383259367,0.15602058189892215,0.16199171695811318,0.20748403596831702,0.13346361799762022,0.11869666116183666,0.13422383955758016,0.120266503073972,0.31071993117717317,0.14774074917707514,0.12990663840886618,0.13384072223413254,0.13890570492162527,0.14106726161997535,0.1507214240292522,0.2981345396273156,0.11748480864810867,0.13070323504223788,0.14413658886860234,0.432504994546095,0.1673917219795467,0.15308136093519936,0.12196584183753426,0.16789769280215092,0.25365371657865166,0.13857628588755552,0.16664979312358563,0.14616984078873485,0.15218618161352404,0.14743408190030868,0.1257210375331912,0.1263995847186356,0.14658225853324997,0.13382670658729845,0.13814407673391002,0.12610778097488584,0.13739944822515804,0.17241837908449958,0.12834918981308688,0.16723501406285873,0.24505279075547823,0.1681012407021983,0.14989354798556204,0.14650812724300002,0.09702864295805916,0.13033828619075138,0.12242070924859089,0.11686057276353783,0.1255441017223357,0.14308490010992203,0.0,0.1308970396386291
ZAF,0.17569848731169851,0.13886912984088629,0.09527190367201038,0.10441700262750993,0.098953260147117,0.0995568565119557,0.14927789509981687,0.09426955734388612,0.1364509314109153,0.07143014186861851,0.2773835119024875,0.06881637872264103,0.11029894946502561,0.08972322167128406,0.08872385430267873,0.11055649875707112,0.10470760172132192,0.22641428790345736,0.08860588001705123,0.09720202754548694,0.1782593734415035,0.08965487648013366,0.07694146414453541,0.09509249403221172,0.15219610392144106,0.07701148569656457,0.09008286894165062,0.07479403600613996,0.09519092823622277,0.10670389979838142,0.12378593051984489,0.16479233927712497,0.07764636564559609,0.07020668680806322,0.10708882142110984,0.08468348055082765,0.2945235487546368,0.10324157683248489,0.07850690363621833,0.06990288984155811,0.09254080323520503,0.07974428038997003,0.1001166864211016,0.2967147951505147,0.08352435744919876,0.15247751233778878,0.0932647126655398,0.4174183652136486,0.13407423312597522,0.15613567664948108,0.07846389986339859,0.19151682856671687,0.30499698089580474,0.1005495249416085,0.14698194740955436,0.08954852534745461,0.10502850739214997,0.1149417885107141,0.1377892822559527,0.07471223008243504,0.1311995682580941,0.0870745502005841,0.09111189378531502,0.07272722056366723,0.08970961054163983,0.1314147654892118,0.10723625321118001,0.15682778462071803,0.21530932870835134,0.1278960702500927,0.09864335087130428,0.0875054641829894,0.10910192639094651,0.11617028988798281,0.10366176529555975,0.11318959475093814,0.10023611349836815,0.07397463549320446,0.1308970396386291,0.0
