,AGO,ARE,ARG,AUS,AUT,BEL,BGD,BGR,BLR,BRA,BRN,CAN,CHE,CHL,CHN,CIV,CMR,COD,COL,CRI,CYP,CZE,DEU,DNK,EGY,ESP,EST,FIN,FRA,GBR,GRC,HKG,HRV,HUN,IDN,IND,IRL,ISL,ISR,ITA,JOR,JPN,KAZ,KHM,KOR,LAO,LTU,LUX,LVA,MAR,MEX,MLT,MMR,MYS,NGA,NLD,NOR,NZL,PAK,PER,PHL,POL,PRT,ROU,RUS,SAU,SEN,SGP,STP,SVK,SVN,SWE,THA,TUN,TUR,TWN,UKR,USA,VNM,ZAF
AGO,0.0,0.20781977626328982,0.1903552987605536,0.20374201896119876,0.1912076406888034,0.20387991407530046,0.20987978956096262,0.19139556548114667,0.2129907823321414,0.19056172259682153,0.3796306978288136,0.18822033781208317,0.1988461732391227,0.1984286550109644,0.19557181291783604,0.20632405857454833,0.1961774475345418,0.24857994408711676,0.19307071952704352,0.19923593067756204,0.24099662766209518,0.1949047251311104,0.1966310716641658,0.19683032601906658,0.22993490667580294,0.19258321987646984,0.19636132450966212,0.19638727244801407,0.19437978600243444,0.1945523082723585,0.1934457952801384,0.2653988292579862,0.19256672039704165,0.18852060172171572,0.19008065698244028,0.1939446594883665,0.21083663985089127,0.21143840007900513,0.2000267059172652,0.19379690385759993,0.20679607305616768,0.19975541955235437,0.18028011841931743,0.3431168228748724,0.20696333303241318,0.1993222686641173,0.2007465419883509,0.48906985188770574,0.20660781135210196,0.2302929265116707,0.1945715199487406,0.23732113369864286,0.29501832523700366,0.1964291564124589,0.23894414405604153,0.20075373914950326,0.1866895632528437,0.1925188759344727,0.19296865768318658,0.19099175638829444,0.2156910446076424,0.19589917837462745,0.19083220521683095,0.184393942406381,0.1870731249043593,0.2000521034545465,0.2060977546684722,0.21610125466984437,0.2973225182726694,0.20807106375002918,0.20014082401264477,0.19655655853267948,0.20395851039621757,0.19411999084241496,0.18614107304024752,0.23364777602305392,0.19878362087158635,0.19782465529981025,0.20049450757246107,0.19376412715663438
ARE,0.20781977626328982,0.0,0.16398305755944562,0.14264836598538794,0.15079165801249533,0.11654046930968942,0.19687299324922433,0.14312783867337042,0.20213817859665317,0.1316038337829007,0.2574270507917009,0.14461119985009518,0.16050227770031184,0.1596718562299011,0.1568214120181085,0.16088508980518704,0.1686012135331089,0.23426742171039863,0.1468474817503401,0.15989979371840185,0.19779194072138603,0.14051920971419116,0.1455162289703903,0.1484936563659387,0.20771704350753614,0.13877561546757672,0.15383840890186828,0.13065154751100896,0.14293410346245045,0.14423060518911254,0.1490613734638785,0.23583341827703216,0.1479375306454701,0.14383872357751684,0.16489379655430383,0.15642583311076597,0.1713670273211559,0.17113926779481514,0.13868865654204415,0.13405035632624215,0.16221777453904,0.15079196866679376,0.16009460872581116,0.35376727579662426,0.15887504858183485,0.21677920230390696,0.1516498472812414,0.46948579335310425,0.1644233767010054,0.219803011671003,0.13229058952877829,0.20135330696501516,0.32568879556421865,0.16011363666698739,0.22495913971935802,0.14342412700310064,0.13833497497498173,0.1522076682776683,0.20683512402394277,0.15712415649943648,0.19860376533202595,0.13584148777990765,0.14589206857509873,0.14867598624608264,0.14086494226937205,0.16022819722536358,0.17646032358750185,0.14134926127799557,0.26600703296557127,0.17670675540917022,0.13911245280981066,0.14916824131084933,0.17019109636263832,0.17212456820021682,0.1580342881350773,0.18165075227723076,0.17886962334195464,0.15180248916497927,0.18055842513066264,0.14281749065779914
ARG,0.1903552987605536,0.16398305755944562,0.0,0.12058547519886267,0.1148666188422604,0.10518374559737663,0.13140513649161983,0.0869385248863885,0.09459802225963031,0.0645405976802455,0.3480964162634484,0.08897216763713127,0.11848941296831966,0.10159660455103013,0.08449455870965654,0.09329464816896764,0.0827682628759821,0.14058898837151007,0.06627200024556586,0.08376769582248093,0.1698248827430703,0.10289218522830944,0.09838326143761782,0.10003607377289561,0.13422891876915147,0.08171715317402568,0.1048927281662798,0.09975576855063613,0.10230556013933215,0.11656546446271064,0.09757243790550457,0.2248625735414433,0.0929629231525592,0.06772428726684707,0.07040780849963109,0.06805435845359722,0.11155838184642353,0.12193902187197155,0.09531519334180112,0.09453508371537449,0.10056811147989807,0.09987976904539463,0.12552602309073885,0.3172393329108571,0.10822904604126946,0.1419583956705717,0.09448499304233164,0.4590517744348818,0.1399204419040153,0.11092200438059893,0.07718907098659082,0.17895055885962644,0.2762111723648644,0.07396801129655609,0.15233263650795256,0.10182362949895359,0.11272419944161588,0.0847755390192774,0.12359948775193157,0.06215754679047824,0.09949505256967948,0.08680891296352751,0.10296911240863511,0.08087518863349882,0.09787878594370518,0.11573521320627729,0.0674598149279297,0.14067200056640808,0.24512718414344786,0.15589763475054236,0.10859655137442434,0.10690671012356631,0.09111403245699581,0.07588855732726303,0.09123809767343674,0.15262543714433813,0.10893915286625538,0.09388492176694824,0.10800135308463565,0.08483231447303369
AUS,0.20374201896119876,0.14264836598538794,0.12058547519886267,0.0,0.0835750933652725,0.06950548003383043,0.160003826121389,0.08285518402483202,0.16501037040768435,0.09724558767371724,0.34984401300842694,0.0974840384635609,0.10946397973406617,0.10741827570245473,0.11878905373134271,0.13497769625235917,0.12910871143478328,0.1951772836055459,0.11365973787174138,0.10250058757960592,0.15549722843001304,0.0681639065211443,0.0976772823258419,0.09115649265330206,0.17371089206489268,0.07728284049662786,0.10571477616950263,0.08912034679978392,0.06691233601888548,0.059715121171482685,0.10797945729105797,0.20692843914874015,0.10271273309609166,0.10077107271422689,0.12504858050700657,0.11733819540941011,0.12858772589405273,0.13153393660399776,0.10377585811028896,0.06794789523031586,0.12897308311755415,0.11158621529796482,0.11687361347589398,0.335023023629307,0.12661473844567742,0.18720075139904785,0.10541146487836463,0.44496188227966016,0.099039085472668,0.18348086692793084,0.11099841617326324,0.16901425903813408,0.3034855903428533,0.12354255148804787,0.1917185550682872,0.07100328194632222,0.07725490565559626,0.0763190633734315,0.1691220132269429,0.11307821887086986,0.16228886347704602,0.06808236417534692,0.0768007529842094,0.09196976120618666,0.11196847566935864,0.12641507611189085,0.12917028445371004,0.11225716843651154,0.2359253104437033,0.12795139171926337,0.06190884848340814,0.10015071081894185,0.13920175293099468,0.1319629296334317,0.10309778285530295,0.16922849959990927,0.14177626983020888,0.10359204811231704,0.14996034093752456,0.10134972115968224
AUT,0.1912076406888034,0.15079165801249533,0.1148666188422604,0.0835750933652725,0.0,0.08184333634869945,0.15879532643793667,0.08573338223260331,0.16186460831980784,0.08910611873679758,0.34697474741363876,0.09294727989160616,0.07359037315256631,0.08369867674909734,0.10097962459423306,0.1272497479117331,0.12670405508881388,0.20429655009004857,0.10173598908672887,0.10867828049395581,0.15666500209784517,0.06216763062082854,0.07642329351440529,0.09450256780656592,0.17588411232005913,0.06412840335879995,0.0906773611078542,0.08289537558334555,0.05733923566690859,0.051575747484606284,0.09675906084005369,0.20660987390011068,0.09182139985690875,0.09194957376688964,0.11438633160746332,0.11860951844086494,0.12232282821138789,0.12324053858454331,0.09269564001364891,0.062276321305781514,0.12291160560321604,0.09483073752741054,0.11702103974390331,0.33113752051806966,0.11019790107603306,0.1836014976726416,0.09939122326042693,0.4467181436190888,0.08724535354601345,0.18411896170986639,0.10871858368977934,0.14979975669685802,0.3061367198927552,0.12100307125867907,0.19101148936851528,0.0853586052460589,0.09754409431139864,0.07893212114600666,0.14146003681276087,0.11023188714334618,0.15807655564896608,0.08578610753057433,0.0428589672441202,0.0823684371517899,0.0876388842078969,0.1219592224111676,0.13129294212917578,0.11898032628395297,0.23618667230848198,0.07864832091077814,0.07828514761974356,0.0819288831945458,0.12362648904525807,0.13050307188590832,0.07533711278410514,0.15446088507880876,0.13406559621576344,0.09449495770879522,0.14673614443351207,0.09422541685553065
BEL,0.20387991407530046,0.11654046930968942,0.10518374559737663,0.06950548003383043,0.08184333634869945,0.0,0.15386726725022007,0.07277588668358309,0.15553627010110888,0.07460450559863237,0.31869193625684034,0.08242013752232291,0.09826221248096742,0.08853912163627867,0.10259488268961678,0.11430979474215322,0.11494887459032048,0.19426484038531056,0.09656995020977831,0.09273860026351839,0.1477385386831156,0.06180162098054117,0.07017526133396815,0.08231302754132286,0.17200679936812155,0.05685589135523018,0.0895785117364717,0.06736888435089838,0.05833596154541811,0.06693332912959221,0.09324647680537876,0.20234896071083194,0.09056016095427558,0.0786948322750434,0.1154026070410955,0.10707965848202576,0.11382367718802731,0.11519130742041034,0.07207740250610867,0.05337671904864916,0.11114584357998644,0.09051965901445759,0.11513826229171975,0.3317058378801071,0.10658041069971479,0.18534323883749554,0.0917193027496088,0.4423210870174265,0.10187900618242608,0.17579794671701127,0.08796259910237256,0.16450929781259976,0.3050228978963542,0.10840274145589339,0.18053740853214412,0.0597598693013159,0.08085348484676523,0.08399967058868589,0.16988594872510993,0.09831054980790521,0.14954439860500388,0.06106700172987661,0.0767685765933754,0.08286129018892795,0.0966609083720531,0.11267497772520046,0.11625946608460153,0.09916679313737506,0.2311376530808724,0.13215147762740334,0.05716438136438328,0.08410655434328136,0.12729945317980998,0.12218307508756625,0.10293958776807531,0.14920849875020295,0.12586484108570375,0.08312946788773053,0.14304831564889908,0.08478985776099536
BGD,0.20987978956096262,0.19687299324922433,0.13140513649161983,0.160003826121389,0.15879532643793667,0.15386726725022007,0.0,0.13031885272131513,0.12995205374656463,0.13864884929418317,0.364940652954826,0.1430572867298516,0.1665242540338293,0.15095818397043714,0.1209060617738585,0.13549845719758835,0.13579200392734728,0.1925215168030462,0.139883678123778,0.14570550392984552,0.1988848175909865,0.1505354175659064,0.149730690505166,0.14788059695012998,0.18746477318270166,0.14319344984862714,0.1461091315988278,0.14673838172818976,0.149458045385998,0.15970793771378092,0.14288388162606627,0.24238759714140484,0.1437422564906468,0.12937924404774995,0.13350632570428267,0.11978335447013196,0.16492325674622071,0.15514741891009423,0.14768264353060329,0.13951597269254887,0.15286651511150967,0.15111702299650542,0.15849612489964043,0.29051555826283215,0.15348298376298147,0.13260174103258415,0.14835883079135026,0.46914754997094554,0.17171207718832032,0.15611864933252217,0.14638301035214082,0.21028206029451194,0.22792460985158838,0.154075414880154,0.1828782267379722,0.15290386571984194,0.15660471396480463,0.14202013423559673,0.14085554815848217,0.1303818409222157,0.15956478474715624,0.13969177385626394,0.14498270959607445,0.1288007447463318,0.14954063390998618,0.15718278261788785,0.1370332669549109,0.1761589438737639,0.26389066377301973,0.1928736555418122,0.14962192590013842,0.15027716586860676,0.13694593431845964,0.1122913617032699,0.11836510069399163,0.1914296241909505,0.14035840661703244,0.15153089633112718,0.09987477306415316,0.14266850835213424
BGR,0.19139556548114667,0.14312783867337042,0.0869385248863885,0.08285518402483202,0.08573338223260331,0.07277588668358309,0.13031885272131513,0.0,0.12777729374757946,0.07381401245279343,0.3398704177015619,0.07268561615687269,0.10077470357277069,0.08081957896089034,0.08406714983499408,0.09374493070658345,0.09870248745327931,0.17159796836349264,0.08747317584873086,0.08428039044963709,0.15838911171054318,0.06782109861379663,0.07521436825631755,0.08270122492947375,0.160368940514589,0.05660218229938406,0.08537269644503719,0.06960275399869378,0.07109825214350564,0.08260983478681004,0.08531157100155613,0.2087243797734233,0.07464637220163704,0.06250053280594496,0.09588791701668459,0.08556370588033477,0.10885842047458628,0.11107250893913446,0.07986057230893663,0.058464931879245785,0.08556165862066593,0.08150027263331325,0.10705529795594058,0.30064983520647015,0.10155388968937258,0.1553736271124346,0.08431447729672577,0.45013319836740456,0.10908092709213524,0.15384625835622512,0.08416377092626379,0.1619802432074491,0.2759201150813476,0.0956711083982228,0.1526696794146702,0.07454827027640655,0.08811655230216936,0.07976639462912156,0.14305716139853916,0.0779362026330829,0.11982219949973628,0.05505636504890925,0.07981360586569322,0.05627509051350468,0.0840960409046821,0.106779876105172,0.09855754053750296,0.1166795291547927,0.23002342712558532,0.1337122519427109,0.07126494070922941,0.07510968755323025,0.10826749476616085,0.1034480515226768,0.08168481152172051,0.14688097842918957,0.09191799562079356,0.08350448568079731,0.11837106592004212,0.07191087403261102
BLR,0.2129907823321414,0.20213817859665317,0.09459802225963031,0.16501037040768435,0.16186460831980784,0.15553627010110888,0.12995205374656463,0.12777729374757946,0.0,0.13126632951243636,0.3682486557596077,0.14751758412778046,0.16878616968841478,0.15200949604571853,0.12719217757411386,0.11240423554138569,0.11677881762095835,0.11898624868768988,0.12488506179219684,0.12638598734182524,0.20073660571968815,0.15001379713219076,0.15108949346909947,0.14984209504599932,0.18406781740365652,0.13331040997819443,0.15093358997777093,0.15125588240834448,0.1512682916726024,0.16568748033054995,0.14109476985731806,0.25365910566561684,0.13928586846744878,0.11302485907816155,0.10477351452354376,0.1121305615712811,0.14829430118500112,0.16202418998810356,0.15255021068748545,0.1475960166938938,0.13532449951392056,0.1551811058145506,0.1722657308249227,0.3117677852988613,0.1577772434071226,0.12254878869601837,0.13840276513851912,0.47560846480732166,0.1768190599937841,0.08024832877421531,0.13916486069354625,0.21435917419425884,0.2477673904986843,0.12942211559205882,0.14174520063919605,0.15399541372659295,0.16530631390740974,0.12081527223680587,0.12013149148325648,0.11721531510646323,0.08642344799060779,0.12865574817706044,0.14541445030691566,0.1278438391752167,0.14858818251999265,0.16491689002892043,0.09018041435480793,0.18491783646367002,0.2736844507893078,0.1919773600525304,0.15897381673958474,0.1580033070506944,0.1258218043675863,0.0984192505231351,0.12243535590524274,0.19574061786989422,0.13411142824574357,0.1551619033376446,0.11084653699393293,0.13882483740885984
BRA,0.19056172259682153,0.1316038337829007,0.0645405976802455,0.09724558767371724,0.08910611873679758,0.07460450559863237,0.13864884929418317,0.07381401245279343,0.13126632951243636,0.0,0.322954413769495,0.06491164148039202,0.09901557890196468,0.08321918769097632,0.07748839797256456,0.09366355217563085,0.0902931805069427,0.1720076136756813,0.05522414378569479,0.07728526893989977,0.16117357762974122,0.07932520923645331,0.07398160859553786,0.07948054793138448,0.13643901631935168,0.06025392141507295,0.09125878115579918,0.07409970062283248,0.07646063570940274,0.08794040003977228,0.08406730736823859,0.2026851153563173,0.080374974490714,0.06044377223383609,0.07486614349931373,0.07645968665777256,0.10831128673443974,0.11267367609590367,0.0749985216363393,0.06635441528362265,0.09398440493518316,0.077445815986902,0.10686110175274283,0.32717151394105065,0.09107231768237459,0.16427699424518225,0.0809166260689001,0.4507292717089976,0.1218390374084686,0.1465367000901251,0.048991663254769884,0.1649774547278809,0.29462999857961053,0.07170395462093063,0.16573227677780356,0.07765681731899686,0.09039551099509431,0.08426710808983795,0.1411862071583723,0.06143179322190322,0.12246011589037221,0.071028858297401,0.07915696939341767,0.06515198132125212,0.07274483892504298,0.0956251093120968,0.09360403065573852,0.11710325313352223,0.23469095143197352,0.13028969306211138,0.08537753798891935,0.08520195189733734,0.09259375999311795,0.09516668253687437,0.08210776124620574,0.14052047836810472,0.11050617370830247,0.07233401540164856,0.1212194522138745,0.06560477626932845
BRN,0.3796306978288136,0.2574270507917009,0.3480964162634484,0.34984401300842694,0.34697474741363876,0.31869193625684034,0.364940652954826,0.3398704177015619,0.3682486557596077,0.322954413769495,0.0,0.33632886085948444,0.3491587138333755,0.34497349579473013,0.342015001049523,0.33537726284401875,0.3471284908146219,0.3880268295915737,0.32710203351212264,0.3505043738643548,0.37118350096271385,0.3432237538179379,0.33746993778043644,0.3433699256888423,0.3706721225135595,0.33788673032838173,0.3447393381190171,0.32857434821436,0.3424059681654293,0.3461399057286671,0.3387156218825417,0.39462760665334,0.3381863634061246,0.3353496757011525,0.3455248885519471,0.33903344839100047,0.3541198345604561,0.3514448521818738,0.32831812487977174,0.33745945170527325,0.34391112356143055,0.3386934717170867,0.3466495750030346,0.4662574444560281,0.3444343077690237,0.3706811301853053,0.33891557302902375,0.5699430695346348,0.35635033548330275,0.37739867998840165,0.3190222377701037,0.3712995607742358,0.44323562410954037,0.34488964021093865,0.3817994591170909,0.3413939948020298,0.34491924405995,0.34950236031660137,0.3680588094778952,0.3427598893299761,0.3654920508717404,0.33823060913702446,0.3452453261676595,0.34209033106042036,0.3331135796627752,0.34486235969817686,0.3549492256521805,0.33456987587169573,0.40998182718065795,0.3599217393365536,0.3443813784056257,0.34032266404070893,0.35138410115415736,0.3509342673229732,0.34689898908043704,0.3509828480607386,0.3532312788768149,0.3410034163244884,0.3506638111375348,0.3317930143048905
CAN,0.18822033781208317,0.14461119985009518,0.08897216763713127,0.0974840384635609,0.09294727989160616,0.08242013752232291,0.1430572867298516,0.07268561615687269,0.14751758412778046,0.06491164148039202,0.33632886085948444,0.0,0.1009370425344605,0.08397586474599442,0.08869313162034054,0.10489048044059507,0.10196478249199892,0.18697442137107925,0.07909542778505356,0.08589153709827511,0.15932256824675292,0.0794884949441677,0.06359990100625482,0.07532143851802417,0.15119117644375077,0.06954438703506295,0.08518481411200952,0.0670895259555389,0.07318198803054447,0.08537237194269497,0.08026332123030604,0.20506744290301324,0.08668262750397358,0.0639643613891615,0.09935581776324273,0.0905226209034506,0.1058848575762511,0.10486701538581575,0.06255828451333632,0.0702417704087506,0.10044977703972306,0.07452517033005145,0.10099832116016245,0.32472024216484974,0.09169116632844336,0.16919199508102728,0.09093658728005222,0.4362919152524916,0.12359751841292267,0.1629765615290658,0.07236836834744703,0.16467408179701545,0.292672096012946,0.08986400760358541,0.17431646067747483,0.07058845726442456,0.08303907405601287,0.09384832148804906,0.15631475725229205,0.07780760851505295,0.14148002662126183,0.08321229030311995,0.09294275067554456,0.07276685900111175,0.08247588115931737,0.09801144860882499,0.11153111465756456,0.11740073053694208,0.2173951583716573,0.14174680969080386,0.08554256877261729,0.06357087108272494,0.11090482149897056,0.10567361403787505,0.09844400830541838,0.14591876405106458,0.1146998311514176,0.052384976168840455,0.13207025729816085,0.06124196037030873
CHE,0.1988461732391227,0.16050227770031184,0.11848941296831966,0.10946397973406617,0.07359037315256631,0.09826221248096742,0.1665242540338293,0.10077470357277069,0.16878616968841478,0.09901557890196468,0.3491587138333755,0.1009370425344605,0.0,0.08852587915760496,0.10886871889825753,0.13218581207777827,0.12854705577618855,0.2093768030756307,0.11307670348174066,0.11421469536251645,0.15441531533126593,0.0875585749692085,0.08853594870918766,0.09710227926246152,0.18453273069537313,0.08576015735282944,0.09974831397062259,0.09434136383378448,0.08339702789956499,0.08115057679159353,0.1004847612543516,0.1941681770396845,0.10409210521149029,0.09847264707037551,0.12024393927180357,0.12841516740516548,0.11465175909756167,0.12833352070510104,0.09145882213582199,0.08612778386637886,0.1253659327482083,0.09904806187436432,0.1247856700272304,0.3394521679817,0.11152375383892514,0.19102006667349306,0.11287514877462618,0.4529462957440023,0.11740833024632823,0.18967515755172262,0.11194070680915261,0.14910869106763902,0.31045115018847236,0.12148656548413246,0.19073417812639168,0.09490583524214907,0.11213413804239628,0.10410850032004551,0.15675336548546254,0.11719463931037157,0.15829874978843322,0.10548632921125393,0.08522401663662942,0.09482231652730498,0.09999262171710716,0.1207588924997473,0.13661637187325315,0.11035197666057897,0.24528630569175724,0.11485173985398427,0.09911174782495002,0.09011290484914913,0.12342840958092222,0.13662735504315945,0.10333908331455599,0.14767295409853806,0.13718411700682345,0.1013424368434886,0.15194491985183545,0.10452557499780164
CHL,0.1984286550109644,0.1596718562299011,0.10159660455103013,0.10741827570245473,0.08369867674909734,0.08853912163627867,0.15095818397043714,0.08081957896089034,0.15200949604571853,0.08321918769097632,0.34497349579473013,0.08397586474599442,0.08852587915760496,0.0,0.10006318315747104,0.10976250463213315,0.10766916998549227,0.18595911997050182,0.09544240359804655,0.09654913148864305,0.15846552884378187,0.08503528872397265,0.0786383333105837,0.09561166590853032,0.17366786524274888,0.07213755427110576,0.09284416038034106,0.08466645083931174,0.07427997750837811,0.08901095898897951,0.09108988366251408,0.2094716103979019,0.08740765567183226,0.08468726019931423,0.10639432262567489,0.11425452117634918,0.11743842202913676,0.10563536159008728,0.07906623112327203,0.08069741889350925,0.10547496516855329,0.09405869828735085,0.1182109601605031,0.3336721574220765,0.10905004903768442,0.17694386822174632,0.09726701040681862,0.4569757052682083,0.12051347612181934,0.17026524401637985,0.09962060872159834,0.16086272216318137,0.30062496663299265,0.11005415507229523,0.16879215128808014,0.0872023791737963,0.10058205201409047,0.09592256950881868,0.15497007789828066,0.0879277694549033,0.137957729998223,0.0921718161869489,0.08760850958199533,0.07874467106849925,0.09057453578515652,0.1147683271179847,0.10859695286295759,0.12951587745015727,0.24324385308723365,0.13198601876201468,0.09310412779513351,0.07852568500136167,0.11637810992392975,0.12009520577684114,0.09865075015383787,0.15437434473585943,0.1229516372257402,0.08773825881246308,0.13407222655575762,0.08575534359255753
CHN,0.19557181291783604,0.1568214120181085,0.08449455870965654,0.11878905373134271,0.10097962459423306,0.10259488268961678,0.1209060617738585,0.08406714983499408,0.12719217757411386,0.07748839797256456,0.342015001049523,0.08869313162034054,0.10886871889825753,0.10006318315747104,0.0,0.10017687389965753,0.10348685259247074,0.1780603876093798,0.08280064425432733,0.11004111074000576,0.17064843693577117,0.09225289762127387,0.08433981757138022,0.10165303965797853,0.15678791822234397,0.08404179267675053,0.09811073963350513,0.08121020749396779,0.10123876254161022,0.11093965720550833,0.10003601739262787,0.22600402656773372,0.09781193879504507,0.07751039048770408,0.08940786771663568,0.0759429349011052,0.1229477863835268,0.1211205083009557,0.08821050663285986,0.0830489253070156,0.0971618155153024,0.07703264755005593,0.1226558830934105,0.30806372627751616,0.06801470730645447,0.1632888237794659,0.10323779935743405,0.4657428658542933,0.13225546925808382,0.1466687048318803,0.08102164752396425,0.16141107774015004,0.28730436431768036,0.0927034741813939,0.17347244530904238,0.10096004955820646,0.1103262926400467,0.10494796824059123,0.1418402839406684,0.08314473272070438,0.13608791708695697,0.09163153521424591,0.09680732540411552,0.08087870855605166,0.09357758351935869,0.11551890159924169,0.1048866554887371,0.12649793449915278,0.24955223689409164,0.13820308273041487,0.10311986225769638,0.09444264778257576,0.08124632821383819,0.09819074498929001,0.08053795353521886,0.11530113167060821,0.11320383343287159,0.09817147665477347,0.10509316449536778,0.08219826489508637
CIV,0.20632405857454833,0.16088508980518704,0.09329464816896764,0.13497769625235917,0.1272497479117331,0.11430979474215322,0.13549845719758835,0.09374493070658345,0.11240423554138569,0.09366355217563085,0.33537726284401875,0.10489048044059507,0.13218581207777827,0.10976250463213315,0.10017687389965753,0.0,0.08556544283213571,0.15806921410602656,0.09743228830571916,0.10244708174786361,0.1796724726842478,0.1158391086775007,0.11041672766664712,0.1145416959099522,0.17154505089651256,0.09617452977666764,0.10661481028534722,0.1007338459522303,0.11762678053601021,0.1307592630388409,0.11011926282685312,0.2289068226116994,0.11044991884066604,0.09018432280011426,0.08840271690268933,0.10438362371791786,0.1243197305641073,0.13118487818333754,0.1103642806698747,0.10560066641029324,0.09277055190822255,0.11592561089045367,0.1386590374064038,0.32476969634077707,0.1251953879981005,0.15705811829247884,0.10147398937017248,0.4696129801930333,0.1410703418335714,0.136826486806643,0.10094402424819054,0.18952654841212696,0.2859511250110155,0.1017425340996076,0.1410020897886164,0.11913670764878628,0.12519512714836906,0.10880983811067117,0.15240152119667555,0.08330532722907888,0.10365201937446888,0.09729356639662065,0.11618036198961951,0.09288368782829677,0.1102063620700005,0.12874439410425417,0.0927895474079223,0.14650783786867205,0.2562420909370427,0.16838827831222164,0.12319349484737666,0.1087544043287704,0.11287986630759453,0.1050006829581603,0.10913958911920098,0.16780372683557407,0.1176817751040631,0.11493756265717765,0.12294726691851236,0.09865801605139302
CMR,0.1961774475345418,0.1686012135331089,0.0827682628759821,0.12910871143478328,0.12670405508881388,0.11494887459032048,0.13579200392734728,0.09870248745327931,0.11677881762095835,0.0902931805069427,0.3471284908146219,0.10196478249199892,0.12854705577618855,0.10766916998549227,0.10348685259247074,0.08556544283213571,0.0,0.1606328498204106,0.08979040829870942,0.0921891071832238,0.17351376299164034,0.11474590711184389,0.10899104951783198,0.10975762061991204,0.16589672507515912,0.09210252841554253,0.1086964369939373,0.10624441494245906,0.1133054145154415,0.12600083284573024,0.09821621306303713,0.22351179957626893,0.10620304260345254,0.08685026026162218,0.08057497749264673,0.09676208445580398,0.12761219694554238,0.12699527527880017,0.10987654644015614,0.10487629691237062,0.10566662319675303,0.11273519047429487,0.13333373304051313,0.32958600947216915,0.12241303015188522,0.15776861224782687,0.09339816087382685,0.46979158317104774,0.14415199573769732,0.1311078290208384,0.10102608427728661,0.18612208146361459,0.2923556639106178,0.10044047901847117,0.16141634625377244,0.11589051139461505,0.12240636123644316,0.10472563926625544,0.15053337075739015,0.07102804588309947,0.11794174322384293,0.09789077737413861,0.11464178517115375,0.08855712713170717,0.10718372779829687,0.12199055479391024,0.0809191761369408,0.14332840339184738,0.25629197834162404,0.1700149065619829,0.11967824177899644,0.11041884131948143,0.10521682003676641,0.08629322631144287,0.10571803372530465,0.16905048558393934,0.1260750000600431,0.11052621113037447,0.12450279633450165,0.09711184925734409
COD,0.24857994408711676,0.23426742171039863,0.14058898837151007,0.1951772836055459,0.20429655009004857,0.19426484038531056,0.1925215168030462,0.17159796836349264,0.11898624868768988,0.1720076136756813,0.3880268295915737,0.18697442137107925,0.2093768030756307,0.18595911997050182,0.1780603876093798,0.15806921410602656,0.1606328498204106,0.0,0.1696211570758189,0.1662922308083651,0.23328895693554264,0.19141106279371628,0.19321876852304393,0.18999100841242145,0.2110616826503737,0.17629334172302488,0.19159156783629844,0.19270128989885837,0.1925467655407763,0.20529099831025138,0.18553600030663037,0.28401717034600044,0.18247853952847837,0.1643506759427699,0.15283464227002455,0.16096596000441207,0.1868170229841467,0.19755655412102718,0.19237971082409192,0.18948374844017823,0.1754860834958048,0.1963442082242741,0.19562485775728045,0.3418377439848031,0.20200624898637176,0.17956732482290594,0.17115840791515416,0.4993131633618609,0.2136732979882046,0.13240186361033637,0.17294489311787561,0.24828462427269712,0.2941328701319897,0.1665873555120579,0.17586742988782417,0.19202375203517244,0.19972046794284645,0.16058684265886977,0.17922485180975115,0.1593985881393491,0.12843396408336477,0.17055874794472295,0.19194019278899127,0.17248120502584766,0.18816460642029753,0.20274834185451449,0.13315217541172752,0.2231235164456282,0.3035215328242144,0.23279139869626517,0.1966424483862016,0.19694383307967336,0.175901265387511,0.14892431027730352,0.17209412622646056,0.23227838483892466,0.17779790757335523,0.19445699112019604,0.1540736627026512,0.17797605999603194
COL,0.19307071952704352,0.1468474817503401,0.06627200024556586,0.11365973787174138,0.10173598908672887,0.09656995020977831,0.139883678123778,0.08747317584873086,0.12488506179219684,0.05522414378569479,0.32710203351212264,0.07909542778505356,0.11307670348174066,0.09544240359804655,0.08280064425432733,0.09743228830571916,0.08979040829870942,0.1696211570758189,0.0,0.09231299211886196,0.16780699048053202,0.09910325019560841,0.09393251081602402,0.09537035825624952,0.13052357337644405,0.07774916541783171,0.10244359103744899,0.09104709347940712,0.09455981103049117,0.102485016767709,0.09139380412680721,0.22065434336597314,0.09069581694569286,0.07768016052852983,0.07592350455039536,0.07532882835702241,0.11828782815445334,0.118010766603535,0.08745919306011044,0.08783970553283915,0.09432831599625545,0.09906108305655653,0.11619957136343491,0.32833072107826755,0.10928634584339343,0.1592929789983698,0.09480785846836057,0.45709218706809546,0.13240936065891384,0.13451929369446466,0.0691075217029041,0.16890646015027838,0.2934460307641918,0.07936385543026066,0.16810800430099718,0.0971335393477857,0.10508632614863932,0.09197370751373256,0.13625107019565397,0.05872488243100785,0.12482632278278717,0.09063964913614057,0.09311170059294764,0.07765418364298295,0.08575848959851262,0.11098705862995749,0.09038559236993535,0.13447654625779829,0.24336502653080327,0.14525152109502373,0.10814348261676521,0.09919698389076675,0.09874990004355055,0.09517800777413399,0.08838364018543862,0.15268488519212706,0.12246524388168195,0.08811907132896042,0.11988442051472563,0.08073900876380484
CRI,0.19923593067756204,0.15989979371840185,0.08376769582248093,0.10250058757960592,0.10867828049395581,0.09273860026351839,0.14570550392984552,0.08428039044963709,0.12638598734182524,0.07728526893989977,0.3505043738643548,0.08589153709827511,0.11421469536251645,0.09654913148864305,0.11004111074000576,0.10244708174786361,0.0921891071832238,0.1662922308083651,0.09231299211886196,0.0,0.1618655781109997,0.09184166403102619,0.09908196844768011,0.08686109220989965,0.16831653808026237,0.07512811751727481,0.10023539031836429,0.09289788993549167,0.0881345871747186,0.10276810978385663,0.08334429773367882,0.187413287799389,0.0969562231931396,0.07747294866848099,0.08750745089215538,0.10007441097603209,0.11195019438886573,0.11970072178306813,0.09250361747083842,0.08490153439168648,0.10836237393942681,0.10413785879090348,0.11820643361810379,0.3316828777674219,0.12066297826896613,0.16185683226226555,0.09198100766242323,0.44690172664253214,0.1284951486075732,0.13818688422623596,0.09479471800665272,0.17956361994433276,0.2971567276675061,0.09699817612981951,0.15732290790469838,0.08964083716948257,0.1032633778060549,0.08356770213643841,0.15462157233157164,0.08114512637449853,0.1123654437563304,0.0783911204736069,0.09718094528433456,0.07486687418132466,0.10532908959908074,0.10317113160192704,0.0871424612408914,0.12894992120443435,0.23186843798311874,0.1549974786442852,0.09472207623496925,0.09942011984795453,0.11280646424198319,0.10230508385734749,0.10271904627579308,0.1638475845537836,0.11862367921220611,0.09265685006166646,0.13334626840492902,0.08628464394123557
CYP,0.24099662766209518,0.19779194072138603,0.1698248827430703,0.15549722843001304,0.15666500209784517,0.1477385386831156,0.1988848175909865,0.15838911171054318,0.20073660571968815,0.16117357762974122,0.37118350096271385,0.15932256824675292,0.15441531533126593,0.15846552884378187,0.17064843693577117,0.1796724726842478,0.17351376299164034,0.23328895693554264,0.16780699048053202,0.1618655781109997,0.0,0.15289621443542498,0.15072139113296948,0.15167404977966664,0.20817077482908536,0.14836632732640476,0.14340473149974234,0.15216747571062775,0.15290628950180096,0.14836657585401292,0.14356394618996635,0.24093784211899588,0.16131736994659904,0.160795730896392,0.17472192323238933,0.1729227778114602,0.1831339420855998,0.17784896493679536,0.15983770491402155,0.15064557610745571,0.17251970700314467,0.16545802875840282,0.1797927437290436,0.359103342467772,0.1711221825423219,0.2231260950181643,0.16546695732525477,0.47143946473401094,0.14648773310676128,0.21546791069764867,0.16763988430646445,0.21051093206865684,0.3286193380470535,0.17450682581301774,0.22670387783183293,0.1548010674193256,0.145513262178338,0.1543187414225736,0.20799998375887843,0.1644090259922825,0.20121865645380188,0.15272880120320476,0.15617020451362915,0.15819311055176993,0.1685178957138058,0.17842473887984042,0.16926814266164852,0.15754595987119716,0.27711440079437655,0.1870559605663057,0.15049968150751172,0.15708507529555066,0.18152990910456612,0.17285446451273268,0.16668184377404016,0.206454464173855,0.18825281977010855,0.16237574347142117,0.19383434048640177,0.16508322058596964
CZE,0.1949047251311104,0.14051920971419116,0.10289218522830944,0.0681639065211443,0.06216763062082854,0.06180162098054117,0.1505354175659064,0.06782109861379663,0.15001379713219076,0.07932520923645331,0.3432237538179379,0.0794884949441677,0.0875585749692085,0.08503528872397265,0.09225289762127387,0.1158391086775007,0.11474590711184389,0.19141106279371628,0.09910325019560841,0.09184166403102619,0.15289621443542498,0.0,0.06133643298975097,0.08187722656632243,0.1698173712101962,0.05265608514574773,0.08020114943477656,0.06701485917499701,0.05560251254358157,0.060467792467238435,0.08939381541940601,0.19446698016959438,0.08590249762359518,0.07067463972763645,0.10671114751024495,0.10473688677468922,0.11529159176234556,0.1182306306365887,0.07929256169845686,0.04849617161222616,0.11048747584681953,0.0804242111348013,0.1090722772397819,0.32927057209516053,0.09380204877932445,0.17854883994593063,0.08861162811235956,0.4508701764460567,0.0908100939545173,0.1725095555942047,0.0910741032917317,0.15573176944091893,0.301092217523203,0.10553096941143797,0.17805767176533305,0.06644181749424309,0.07773526978780945,0.071916884358246,0.1554516010462347,0.09857030801272415,0.14721349065985462,0.05556587632604383,0.06361853009905429,0.07291114936858335,0.09037364035572305,0.11154648755616393,0.11705351636157556,0.10629470726934033,0.23716810801003455,0.10386825562590432,0.04918496443660473,0.06982382930214796,0.1167722895934168,0.11605356639176594,0.08745221193230512,0.1484874669673341,0.12167978257576682,0.08533377270084581,0.13848226726005353,0.08019652518099223
DEU,0.1966310716641658,0.1455162289703903,0.09838326143761782,0.0976772823258419,0.07642329351440529,0.07017526133396815,0.149730690505166,0.07521436825631755,0.15108949346909947,0.07398160859553786,0.33746993778043644,0.06359990100625482,0.08853594870918766,0.0786383333105837,0.08433981757138022,0.11041672766664712,0.10899104951783198,0.19321876852304393,0.09393251081602402,0.09908196844768011,0.15072139113296948,0.06133643298975097,0.0,0.07802457912451989,0.16847119293624419,0.0582088707757726,0.08030745040830672,0.06275239501893753,0.06242113057886918,0.0752417016436623,0.08411981656077033,0.20684723794304272,0.08766321193821217,0.06071283728245265,0.10768747723851142,0.10115790434255614,0.10797207861491856,0.10695253793336554,0.06475538776366568,0.058775432728140085,0.10466968563428414,0.060814934705352,0.11326229822572495,0.3276286425933019,0.0762995852239571,0.1794441706125032,0.0939860530268405,0.44096646609906753,0.1122418601489115,0.17023371782966634,0.08284527595781145,0.15577760228503398,0.3013175188206093,0.10310551800587377,0.18108927098660077,0.0703544033058844,0.08993900457302456,0.09384227635350442,0.15861502235579913,0.09268717010082186,0.14833155839024748,0.07816837423335675,0.0808540972806223,0.07623767800204151,0.08654769186510113,0.10837383148089243,0.11535316100231045,0.11105748515302995,0.22614941693143437,0.11707619573436517,0.07500917150223604,0.0595196066565584,0.11235132480287709,0.11291459464621639,0.09732641967420823,0.14154176207881333,0.11978079200328219,0.06507331997366889,0.1384117523714113,0.06926596519806434
DNK,0.19683032601906658,0.1484936563659387,0.10003607377289561,0.09115649265330206,0.09450256780656592,0.08231302754132286,0.14788059695012998,0.08270122492947375,0.14984209504599932,0.07948054793138448,0.3433699256888423,0.07532143851802417,0.09710227926246152,0.09561166590853032,0.10165303965797853,0.1145416959099522,0.10975762061991204,0.18999100841242145,0.09537035825624952,0.08686109220989965,0.15167404977966664,0.08187722656632243,0.07802457912451989,0.0,0.15553083628299982,0.07513624491541387,0.09094907390478355,0.07573143039978616,0.07803759508590279,0.08278855194200212,0.06946262841124816,0.19115822078915098,0.09618413281493325,0.07758627710977545,0.10552907718431506,0.10376920053652816,0.11167012331786906,0.11211159408185209,0.080828090479856,0.07009700222881018,0.10868979792884277,0.08724159697430052,0.11370740895846697,0.32964658409154435,0.10644238010227443,0.17460759884174262,0.09904487443535599,0.4428962014072676,0.12240651474262124,0.16872488679935235,0.08961217002108851,0.1675800752670885,0.29706611200433847,0.10000565902152607,0.17632810761081297,0.06939287534915915,0.07757364627374568,0.09052023680838009,0.15907073840844863,0.09571917517984256,0.14300101819834315,0.083551031868436,0.09236942955863127,0.0791758122177847,0.09648398112925655,0.1083307805476231,0.11624327788153448,0.10119982148436213,0.23146084424864827,0.14366405716134475,0.08592678919244612,0.08212892568185785,0.11993518542212962,0.11501697334670022,0.10549462492258321,0.15409787032268035,0.12048542084678934,0.07817758064769949,0.13906146092755126,0.07923106652922454
EGY,0.22993490667580294,0.20771704350753614,0.13422891876915147,0.17371089206489268,0.17588411232005913,0.17200679936812155,0.18746477318270166,0.160368940514589,0.18406781740365652,0.13643901631935168,0.3706721225135595,0.15119117644375077,0.18453273069537313,0.17366786524274888,0.15678791822234397,0.17154505089651256,0.16589672507515912,0.2110616826503737,0.13052357337644405,0.16831653808026237,0.20817077482908536,0.1698173712101962,0.16847119293624419,0.15553083628299982,0.0,0.16322589775103047,0.16344575754230659,0.1642327229786304,0.17121559895975716,0.17295701196020824,0.16357294310758974,0.26256473081461046,0.16433654647246423,0.15881593472717168,0.1488283817682278,0.13839245540584955,0.18713399717981463,0.18407064537667492,0.17197373872383404,0.1620461992197877,0.1668811621692922,0.16923741170288628,0.1691406196636499,0.33868750986255586,0.17701397405165825,0.19861097715889395,0.1652790116985591,0.48925700560691854,0.1854833788204532,0.1935777645750048,0.13340501055489776,0.22512113117207186,0.30902086673378254,0.13320644825638073,0.22072005299477218,0.16932367041554316,0.15549400485512443,0.16162917170118568,0.17852664603392424,0.13713509940744145,0.18735697466104922,0.1616346419226745,0.17274252446779206,0.15179655176146536,0.1488920167075076,0.17246005177402027,0.16528492330383254,0.18513801666597993,0.2858378335989471,0.20516622558695854,0.17122249091511726,0.17083630673273434,0.16123788996016378,0.15958667560251283,0.16563310950491134,0.2076535646648365,0.16990184368636319,0.15760051536962208,0.17527255110632783,0.15987365202954032
ESP,0.19258321987646984,0.13877561546757672,0.08171715317402568,0.07728284049662786,0.06412840335879995,0.05685589135523018,0.14319344984862714,0.05660218229938406,0.13331040997819443,0.06025392141507295,0.33788673032838173,0.06954438703506295,0.08576015735282944,0.07213755427110576,0.08404179267675053,0.09617452977666764,0.09210252841554253,0.17629334172302488,0.07774916541783171,0.07512811751727481,0.14836632732640476,0.05265608514574773,0.0582088707757726,0.07513624491541387,0.16322589775103047,0.0,0.0734234777048706,0.06356375862708419,0.051887560035337434,0.063128275035558,0.07349308435184115,0.20296013926706202,0.0718391822343822,0.056791374303210566,0.09020313015123962,0.09438257637340595,0.10040777136663341,0.10392222448502234,0.06892919737966813,0.04395283219548705,0.08837022816985987,0.07613166853365848,0.10994682330230855,0.3275540804920835,0.09268979806061212,0.17054315112275106,0.0781356509159235,0.44601670542629096,0.0941134360823288,0.15708622045926254,0.07940129001387018,0.15173839390615074,0.298190517866201,0.09058337618968623,0.16241166161183718,0.06488179632302656,0.08136249630538046,0.07143977759999728,0.14626147726614502,0.07611169083916422,0.1240098891124077,0.05593487420596753,0.05591224557725665,0.06115453334824738,0.07752272711818256,0.10401315098924786,0.09494946545864723,0.10932548301945572,0.22926978007573873,0.11401862312381295,0.06361876182586573,0.06974085686031711,0.10275025089235919,0.10373365329768196,0.07783619667514285,0.14498981533345182,0.11152498374510694,0.07464274472348119,0.1287641158002476,0.06713772207495926
EST,0.19636132450966212,0.15383840890186828,0.1048927281662798,0.10571477616950263,0.0906773611078542,0.0895785117364717,0.1461091315988278,0.08537269644503719,0.15093358997777093,0.09125878115579918,0.3447393381190171,0.08518481411200952,0.09974831397062259,0.09284416038034106,0.09811073963350513,0.10661481028534722,0.1086964369939373,0.19159156783629844,0.10244359103744899,0.10023539031836429,0.14340473149974234,0.08020114943477656,0.08030745040830672,0.09094907390478355,0.16344575754230659,0.0734234777048706,0.0,0.06848397372329715,0.08665526003868844,0.09513395829283733,0.09137246043217377,0.20555519034590797,0.09416356266891733,0.07756162172324861,0.10846031399459635,0.10974073321825505,0.12151691526146066,0.12109411786436189,0.08590750548038198,0.07749095942094042,0.11060805753299528,0.09455536526117232,0.11831039113250999,0.3281165426600751,0.10207850112767794,0.17010226126981381,0.092998318629162,0.4573803362691519,0.0772112866988355,0.1708804989940489,0.09703169368962043,0.1492721720192328,0.293526979166194,0.10395103420355273,0.18079393198814986,0.09241258065039404,0.09903664589937333,0.09896562355936328,0.15318502045608556,0.09591209431852915,0.1467201245674071,0.08739157250102897,0.09008393419628959,0.08108807022791396,0.09436249185346193,0.11273901695806071,0.11347976609600914,0.11478833394404894,0.23720782572175825,0.1319859506221339,0.08638421494941809,0.07625923008784824,0.10781564397904694,0.10872698740193773,0.1007986665837305,0.14049573558006018,0.12525938091163252,0.09451578938566922,0.13145980118831127,0.08926638701878835
FIN,0.19638727244801407,0.13065154751100896,0.09975576855063613,0.08912034679978392,0.08289537558334555,0.06736888435089838,0.14673838172818976,0.06960275399869378,0.15125588240834448,0.07409970062283248,0.32857434821436,0.0670895259555389,0.09434136383378448,0.08466645083931174,0.08121020749396779,0.1007338459522303,0.10624441494245906,0.19270128989885837,0.09104709347940712,0.09289788993549167,0.15216747571062775,0.06701485917499701,0.06275239501893753,0.07573143039978616,0.1642327229786304,0.06356375862708419,0.06848397372329715,0.0,0.07488130294858444,0.08270721321858208,0.08343047301726245,0.20362660501794028,0.0861596749657236,0.06807339961862106,0.10363344053871872,0.09772552862285026,0.11288243535880589,0.10830523612887147,0.06438383661992231,0.053901069260751666,0.09936138155584533,0.07005398424238013,0.10890365031987001,0.3225723572057759,0.08252749996281318,0.175844898253498,0.08898661299245572,0.45451432451631646,0.10454985266474208,0.17144387917942594,0.08023628778788897,0.15314654297408,0.29845129693712424,0.09842902542906966,0.18156833813323567,0.071899764490445,0.08005817866407454,0.09099016393780608,0.16222131342909626,0.08707916203706646,0.14873461905764426,0.06646444733316495,0.08488030988399288,0.0729848820159106,0.087757240384197,0.10308534058268747,0.11486102861509341,0.09867257010666593,0.23639026091961873,0.134440362591735,0.06696239559414394,0.057266657644569424,0.10732643804771841,0.11041252635249124,0.09693027739014098,0.12670400730429213,0.11718833227021874,0.07677981498691527,0.13081778498121602,0.0702750816274365
FRA,0.19437978600243444,0.14293410346245045,0.10230556013933215,0.06691233601888548,0.05733923566690859,0.05833596154541811,0.149458045385998,0.07109825214350564,0.1512682916726024,0.07646063570940274,0.3424059681654293,0.07318198803054447,0.08339702789956499,0.07427997750837811,0.10123876254161022,0.11762678053601021,0.1133054145154415,0.1925467655407763,0.09455981103049117,0.0881345871747186,0.15290628950180096,0.05560251254358157,0.06242113057886918,0.07803759508590279,0.17121559895975716,0.051887560035337434,0.08665526003868844,0.07488130294858444,0.0,0.044955249186753754,0.08602512552919589,0.20002243391111435,0.08627675490241146,0.07367433795321746,0.11031595649523346,0.10571134767418638,0.10436590039013897,0.1127772440466149,0.0718673291790827,0.050556569205453566,0.11507421592913858,0.08975427886574071,0.11172638278827868,0.33098164092286536,0.10552530692286746,0.17621037388979702,0.0896080998078971,0.42613408551425924,0.09803273320976218,0.17058449619906654,0.09562515359785605,0.1533252487830686,0.29953646858364263,0.10782443166872735,0.18027601950951286,0.05774209312726343,0.08298171736248292,0.07230407946647983,0.15054531886237943,0.09669511315461063,0.14602439237281184,0.07046613013075187,0.05534439700800415,0.07538096145549497,0.08894161651982652,0.11326285031621289,0.11418871452287947,0.10892886849479648,0.21623707184704968,0.11179450443456164,0.0641963508635552,0.07861318543155853,0.1194513945563147,0.11717697210107768,0.08555139588095755,0.15343634781146465,0.12336678651995375,0.07056770271091531,0.13886433890030048,0.07912189147894548
GBR,0.1945523082723585,0.14423060518911254,0.11656546446271064,0.059715121171482685,0.051575747484606284,0.06693332912959221,0.15970793771378092,0.08260983478681004,0.16568748033054995,0.08794040003977228,0.3461399057286671,0.08537237194269497,0.08115057679159353,0.08901095898897951,0.11093965720550833,0.1307592630388409,0.12600083284573024,0.20529099831025138,0.102485016767709,0.10276810978385663,0.14836657585401292,0.060467792467238435,0.0752417016436623,0.08278855194200212,0.17295701196020824,0.063128275035558,0.09513395829283733,0.08270721321858208,0.044955249186753754,0.0,0.09608002484571174,0.19878076821928817,0.0943279299866019,0.0900056485059814,0.1208977750826617,0.11903114366738103,0.11302592686720762,0.11751863547192827,0.08698442981302097,0.057295906801351,0.12471636518886388,0.09909635457973548,0.11503906473137011,0.3372705137871806,0.11487843712854814,0.18864831026645423,0.0998382656208731,0.4328444044370494,0.09582721883642308,0.18684187931961546,0.10682765281080904,0.15141963012659027,0.30798898368096406,0.11770056232143723,0.19087421190186166,0.06254761078148076,0.0831024347263955,0.07648044750090797,0.1557997220810292,0.1089207207241272,0.15959900653714876,0.07961770479289361,0.05228826779913848,0.08662227267995357,0.09589586341353819,0.12253735248011359,0.13109364003492371,0.11202871149297178,0.22472766015613105,0.10089727260092621,0.07001225760484488,0.08618791802640886,0.12919641946677798,0.13288805206408796,0.09234594389498627,0.16019724619692005,0.1365469593433529,0.08490353052399612,0.1501868905366761,0.09076895464048668
GRC,0.1934457952801384,0.1490613734638785,0.09757243790550457,0.10797945729105797,0.09675906084005369,0.09324647680537876,0.14288388162606627,0.08531157100155613,0.14109476985731806,0.08406730736823859,0.3387156218825417,0.08026332123030604,0.1004847612543516,0.09108988366251408,0.10003601739262787,0.11011926282685312,0.09821621306303713,0.18553600030663037,0.09139380412680721,0.08334429773367882,0.14356394618996635,0.08939381541940601,0.08411981656077033,0.06946262841124816,0.16357294310758974,0.07349308435184115,0.09137246043217377,0.08343047301726245,0.08602512552919589,0.09608002484571174,0.0,0.1932404057028927,0.08749829240850225,0.07556131418990732,0.09895017178911081,0.10018248870962414,0.12132547494916318,0.115505558979729,0.08218085348860835,0.08175696947972229,0.10561405930166008,0.08971522497598824,0.1169022833111976,0.32343862774631765,0.10402183166415069,0.1634654685505981,0.093644405598856,0.45495786890182704,0.12417234065816336,0.15917633238828152,0.09313578270901794,0.16617147940417656,0.29011970177780577,0.10704850482882769,0.17487735394073023,0.09038635890076276,0.09250404378936249,0.09492937727623435,0.1452771368593273,0.09185406862285311,0.1390812946759801,0.09086123427074541,0.09419211927160516,0.07696645392876855,0.0932228551620438,0.10586029682026467,0.10556296933982393,0.10523439766364794,0.24091178356249143,0.14295446588213787,0.09800146179774816,0.08257393032400319,0.11387931042663163,0.10819697212357368,0.09692970013999395,0.15345897188688581,0.11998198783551559,0.09057108062889849,0.13218100845163164,0.07978194302627369
HKG,0.2653988292579862,0.23583341827703216,0.2248625735414433,0.20692843914874015,0.20660987390011068,0.20234896071083194,0.24238759714140484,0.2087243797734233,0.25365910566561684,0.2026851153563173,0.39462760665334,0.20506744290301324,0.1941681770396845,0.2094716103979019,0.22600402656773372,0.2289068226116994,0.22351179957626893,0.28401717034600044,0.22065434336597314,0.187413287799389,0.24093784211899588,0.19446698016959438,0.20684723794304272,0.19115822078915098,0.26256473081461046,0.20296013926706202,0.20555519034590797,0.20362660501794028,0.20002243391111435,0.19878076821928817,0.1932404057028927,0.0,0.2123591544795539,0.2039179755772562,0.21016162483587042,0.22569396734840208,0.21484727648956153,0.2177832711471856,0.20170755837463197,0.1975658878140712,0.226735900251358,0.20719704329599392,0.1963455074812484,0.3867673069317146,0.2209427887165255,0.26550431951812864,0.21749180212656105,0.44514557631548807,0.21996888100702297,0.2705994309789248,0.21222278159953253,0.25092668674644364,0.3622921822325838,0.21066215233751262,0.25205476200428606,0.1988147057090987,0.20501884586660343,0.21610686649353475,0.2554712472190249,0.22200301988896406,0.23281005651302492,0.20473376610414587,0.20329438375660575,0.20263711274477855,0.21165900137758906,0.18308890755210677,0.23258376080882942,0.20453574523339532,0.2781054717161338,0.22512967969422812,0.19920590868602972,0.20227234616988654,0.23141708475113934,0.23248199465341707,0.22157160055321737,0.2418254057436048,0.20505938756599706,0.20219286789190896,0.24619231149586387,0.2063615341619611
HRV,0.19256672039704165,0.1479375306454701,0.0929629231525592,0.10271273309609166,0.09182139985690875,0.09056016095427558,0.1437422564906468,0.07464637220163704,0.13928586846744878,0.080374974490714,0.3381863634061246,0.08668262750397358,0.10409210521149029,0.08740765567183226,0.09781193879504507,0.11044991884066604,0.10620304260345254,0.18247853952847837,0.09069581694569286,0.0969562231931396,0.16131736994659904,0.08590249762359518,0.08766321193821217,0.09618413281493325,0.16433654647246423,0.0718391822343822,0.09416356266891733,0.0861596749657236,0.08627675490241146,0.0943279299866019,0.08749829240850225,0.2123591544795539,0.0,0.07813516030391413,0.100625012432136,0.0977712900011081,0.11941637294081749,0.11824751741392114,0.09066028372249349,0.07835493927165235,0.09664600000921107,0.09470611801100055,0.1187110291847391,0.3252256263854791,0.11061641694656003,0.16312137530492185,0.09403321369220057,0.4616038357125047,0.11937604145417817,0.15620308886812723,0.09426156437396052,0.16554725878311471,0.2879079958409535,0.10729987097100954,0.17361307575235488,0.09383221074535972,0.10315189283863013,0.09225365827234235,0.14151542088657312,0.09040441562230653,0.1353093994527256,0.08386639954323055,0.08625337917038713,0.07874276264350015,0.09246693514202489,0.11081556922564863,0.10431942470684741,0.12612609210127917,0.24098827087232177,0.13512684488250773,0.08807998676714783,0.09018056044086557,0.11282874642464807,0.10566202922451318,0.09339890088446018,0.1550550267742128,0.12205829085069722,0.09595612378670317,0.12908891144686513,0.08663015918994826
HUN,0.18852060172171572,0.14383872357751684,0.06772428726684707,0.10077107271422689,0.09194957376688964,0.0786948322750434,0.12937924404774995,0.06250053280594496,0.11302485907816155,0.06044377223383609,0.3353496757011525,0.0639643613891615,0.09847264707037551,0.08468726019931423,0.07751039048770408,0.09018432280011426,0.08685026026162218,0.1643506759427699,0.07768016052852983,0.07747294866848099,0.160795730896392,0.07067463972763645,0.06071283728245265,0.07758627710977545,0.15881593472717168,0.056791374303210566,0.07756162172324861,0.06807339961862106,0.07367433795321746,0.0900056485059814,0.07556131418990732,0.2039179755772562,0.07813516030391413,0.0,0.08517264549493059,0.07853386558059446,0.09756933127964232,0.10760259856196458,0.06857868627120853,0.06690934658734415,0.09391854209867452,0.07222758245528967,0.11143843392854012,0.3144206600996877,0.07945088065460967,0.14531389932150543,0.0797461796542643,0.44606236856293396,0.12020281375617067,0.136872464315734,0.06812222395217189,0.15837739902593997,0.27271422654292465,0.0825638808641938,0.15849630283757177,0.07337223814342493,0.09677772128008318,0.07957584688146893,0.1321869020136454,0.07357541231334283,0.11444739422780714,0.0656206961597206,0.08448247292656197,0.062152032392020086,0.0828273376724209,0.10063551053853709,0.08837726036996994,0.1152476182152212,0.22807247593498492,0.13206161076837575,0.08351249589070653,0.07255120980948983,0.08798666777335014,0.08474142288378418,0.08585777840162198,0.1346104338921477,0.10081492304723687,0.07064386145272145,0.10870409870321203,0.06072524448637028
IDN,0.19008065698244028,0.16489379655430383,0.07040780849963109,0.12504858050700657,0.11438633160746332,0.1154026070410955,0.13350632570428267,0.09588791701668459,0.10477351452354376,0.07486614349931373,0.3455248885519471,0.09935581776324273,0.12024393927180357,0.10639432262567489,0.08940786771663568,0.08840271690268933,0.08057497749264673,0.15283464227002455,0.07592350455039536,0.08750745089215538,0.17472192323238933,0.10671114751024495,0.10768747723851142,0.10552907718431506,0.1488283817682278,0.09020313015123962,0.10846031399459635,0.10363344053871872,0.11031595649523346,0.1208977750826617,0.09895017178911081,0.21016162483587042,0.100625012432136,0.08517264549493059,0.0,0.0814695079988049,0.12600935827812706,0.12638661949074995,0.11019757244751364,0.10000341332258594,0.1023385319229456,0.10764937065630462,0.12925566775312308,0.3315244927960138,0.11571003783766592,0.15385023852596152,0.1027417416891707,0.46816925077366617,0.13904524303639107,0.11933498558042682,0.0857577626870337,0.18169654326985454,0.29247467262245347,0.07994725458971713,0.15649522347001993,0.11497549932192117,0.12015852465338464,0.09429849020709055,0.1327533379215679,0.07121283536777949,0.104213706431216,0.09130045071778269,0.09986234097698694,0.08250435448588567,0.09848725727277793,0.11212496715729561,0.08274838082420147,0.14345731553870686,0.25608872042752273,0.15011378128884087,0.11586588898829389,0.11066202718099048,0.09100362362557002,0.08910027262359804,0.08882248043457387,0.161445921872521,0.12249726013725311,0.11173266688909693,0.11556282903042296,0.09440478552466541
IND,0.1939446594883665,0.15642583311076597,0.06805435845359722,0.11733819540941011,0.11860951844086494,0.10707965848202576,0.11978335447013196,0.08556370588033477,0.1121305615712811,0.07645968665777256,0.33903344839100047,0.0905226209034506,0.12841516740516548,0.11425452117634918,0.0759429349011052,0.10438362371791786,0.09676208445580398,0.16096596000441207,0.07532882835702241,0.10007441097603209,0.1729227778114602,0.10473688677468922,0.10115790434255614,0.10376920053652816,0.13839245540584955,0.09438257637340595,0.10974073321825505,0.09772552862285026,0.10571134767418638,0.11903114366738103,0.10018248870962414,0.22569396734840208,0.0977712900011081,0.07853386558059446,0.0814695079988049,0.0,0.12582299226885243,0.12716829039366712,0.1008563999580352,0.09561301354634072,0.10784236594237379,0.101755736037018,0.12497298090853204,0.30652770011683234,0.10997925805626124,0.14325305366546667,0.09971036689776475,0.45556830186769326,0.14159034097275494,0.11701809925224924,0.0795491875198944,0.18265740006047826,0.27315290790436525,0.09087327712011478,0.1774728475733499,0.10487235890150047,0.11347663103133322,0.09500636888171518,0.12716560222771983,0.07676798917597588,0.1291979172376803,0.08891262939864833,0.1087129207964179,0.08048154289039482,0.10001046184090889,0.11426272915311751,0.08565522620193769,0.13683836028231372,0.24183418069814003,0.16027569156772925,0.10843391674647264,0.10474579580173245,0.10251264123873886,0.07900688738900696,0.08870082170570352,0.15191414458652772,0.1182974876811987,0.09979891152983851,0.10562605645578853,0.0861154295272036
IRL,0.21083663985089127,0.1713670273211559,0.11155838184642353,0.12858772589405273,0.12232282821138789,0.11382367718802731,0.16492325674622071,0.10885842047458628,0.14829430118500112,0.10831128673443974,0.3541198345604561,0.1058848575762511,0.11465175909756167,0.11743842202913676,0.1229477863835268,0.1243197305641073,0.12761219694554238,0.1868170229841467,0.11828782815445334,0.11195019438886573,0.1831339420855998,0.11529159176234556,0.10797207861491856,0.11167012331786906,0.18713399717981463,0.10040777136663341,0.12151691526146066,0.11288243535880589,0.10436590039013897,0.11302592686720762,0.12132547494916318,0.21484727648956153,0.11941637294081749,0.09756933127964232,0.12600935827812706,0.12582299226885243,0.0,0.1248015091096088,0.10040900123754236,0.10740331839855899,0.12493657230334293,0.12057374592197087,0.1411271688502423,0.336930065582889,0.12722968179402275,0.18274737367928623,0.12482417408732359,0.4164207923191824,0.150430620003104,0.1692001493760933,0.11915873328553178,0.16971073418729596,0.30246180248325844,0.11136585906626904,0.16790248546434583,0.10895816747468638,0.12774820318576902,0.11704046217498064,0.1688311524032675,0.11799930599219119,0.13352889545434493,0.11293048553647421,0.11480899753389405,0.11336087369382136,0.1249409617807025,0.1386480552375487,0.12811756340130945,0.1405146497686189,0.2161705628311293,0.16093006035202426,0.12076128621486268,0.11813055168057389,0.1259318877669283,0.13232466838818724,0.12767083085992278,0.1601896650800806,0.1332724951993337,0.09998661074872517,0.14657275659967633,0.10647127724951479
ISL,0.21143840007900513,0.17113926779481514,0.12193902187197155,0.13153393660399776,0.12324053858454331,0.11519130742041034,0.15514741891009423,0.11107250893913446,0.16202418998810356,0.11267367609590367,0.3514448521818738,0.10486701538581575,0.12833352070510104,0.10563536159008728,0.1211205083009557,0.13118487818333754,0.12699527527880017,0.19755655412102718,0.118010766603535,0.11970072178306813,0.17784896493679536,0.1182306306365887,0.10695253793336554,0.11211159408185209,0.18407064537667492,0.10392222448502234,0.12109411786436189,0.10830523612887147,0.1127772440466149,0.11751863547192827,0.115505558979729,0.2177832711471856,0.11824751741392114,0.10760259856196458,0.12638661949074995,0.12716829039366712,0.1248015091096088,0.0,0.10243056399467788,0.10853925033640519,0.12289531962445412,0.11580457733549336,0.13766892990785834,0.3364988043799886,0.12920549446048288,0.18824429466920975,0.12723917380788363,0.4454149021446635,0.1479860007494905,0.17867444274401045,0.12232909717700993,0.17970080157055376,0.30217716365967606,0.1244714881918635,0.18533982795235976,0.11478418125932768,0.1169893693117453,0.12010106127917257,0.17473677847662633,0.11169155509176341,0.15218901156486042,0.11653000011707147,0.11901594837384769,0.11507014914234578,0.1214647564269848,0.13497213485924628,0.129837235563875,0.14272502484615301,0.23483961751245186,0.1628047606966118,0.12140861019997508,0.11383038533421658,0.1346718571228349,0.1317564897016151,0.1286377014716115,0.1711408561805043,0.14109618929657478,0.1091094289765758,0.14391206924564678,0.10729976431511454
ISR,0.2000267059172652,0.13868865654204415,0.09531519334180112,0.10377585811028896,0.09269564001364891,0.07207740250610867,0.14768264353060329,0.07986057230893663,0.15255021068748545,0.0749985216363393,0.32831812487977174,0.06255828451333632,0.09145882213582199,0.07906623112327203,0.08821050663285986,0.1103642806698747,0.10987654644015614,0.19237971082409192,0.08745919306011044,0.09250361747083842,0.15983770491402155,0.07929256169845686,0.06475538776366568,0.080828090479856,0.17197373872383404,0.06892919737966813,0.08590750548038198,0.06438383661992231,0.0718673291790827,0.08698442981302097,0.08218085348860835,0.20170755837463197,0.09066028372249349,0.06857868627120853,0.11019757244751364,0.1008563999580352,0.10040900123754236,0.10243056399467788,0.0,0.07004048461264274,0.10293989725290896,0.07633626390509522,0.11510933020272136,0.3278032140778887,0.08491180263022914,0.17755884450879927,0.09545581301938126,0.4400393941039434,0.12807541117453417,0.16921085693477964,0.08225138139990791,0.15329146711736114,0.29853670086569223,0.09801959845686545,0.17611595122399767,0.06577472975198977,0.09233158895863229,0.09767687699325439,0.16334896697265552,0.09033274692780173,0.14387588377945085,0.08830890300330936,0.09361424505497926,0.0826911727742224,0.09348618841901364,0.10441749007715476,0.11372116758636998,0.10847851615893638,0.2251618264928739,0.1464077899461698,0.08553907469488173,0.07184942330405884,0.10953836009960292,0.11432106787177117,0.10575966414258359,0.1260087184362528,0.11867681422256464,0.06415715605618191,0.13324154878192412,0.06851715994133473
ITA,0.19379690385759993,0.13405035632624215,0.09453508371537449,0.06794789523031586,0.062276321305781514,0.05337671904864916,0.13951597269254887,0.058464931879245785,0.1475960166938938,0.06635441528362265,0.33745945170527325,0.0702417704087506,0.08612778386637886,0.08069741889350925,0.0830489253070156,0.10560066641029324,0.10487629691237062,0.18948374844017823,0.08783970553283915,0.08490153439168648,0.15064557610745571,0.04849617161222616,0.058775432728140085,0.07009700222881018,0.1620461992197877,0.04395283219548705,0.07749095942094042,0.053901069260751666,0.050556569205453566,0.057295906801351,0.08175696947972229,0.1975658878140712,0.07835493927165235,0.06690934658734415,0.10000341332258594,0.09561301354634072,0.10740331839855899,0.10853925033640519,0.07004048461264274,0.0,0.10012496522870738,0.07517851400831745,0.10516089744340264,0.3246874806515238,0.09120378660806364,0.17772847495937596,0.08275638784933856,0.4460302809035387,0.09411678529041964,0.17064736359434637,0.08299006633062078,0.15337461265940766,0.2998078200404622,0.0995498340012628,0.17651892354771262,0.059504894444259326,0.07335889367934699,0.07480899735455775,0.15458484798415248,0.0849146577372031,0.142720900964509,0.054927006087181575,0.05761992877362206,0.06470276417301253,0.08360590372841682,0.10205707169081489,0.1116644414735082,0.10006740486770214,0.2276526087303754,0.11557871808303646,0.04764421046018553,0.06950877787940747,0.10999458225352494,0.10966944131013888,0.08118485834594992,0.14232007144078548,0.11595228099604263,0.07345348019571277,0.13194898898471508,0.06858651472459078
JOR,0.20679607305616768,0.16221777453904,0.10056811147989807,0.12897308311755415,0.12291160560321604,0.11114584357998644,0.15286651511150967,0.08556165862066593,0.13532449951392056,0.09398440493518316,0.34391112356143055,0.10044977703972306,0.1253659327482083,0.10547496516855329,0.0971618155153024,0.09277055190822255,0.10566662319675303,0.1754860834958048,0.09432831599625545,0.10836237393942681,0.17251970700314467,0.11048747584681953,0.10466968563428414,0.10868979792884277,0.1668811621692922,0.08837022816985987,0.11060805753299528,0.09936138155584533,0.11507421592913858,0.12471636518886388,0.10561405930166008,0.226735900251358,0.09664600000921107,0.09391854209867452,0.1023385319229456,0.10784236594237379,0.12493657230334293,0.12289531962445412,0.10293989725290896,0.10012496522870738,0.0,0.1060210094187054,0.13410325851520383,0.33414636781768586,0.11955340303588889,0.1784036533396691,0.11113369729192404,0.46987602959490077,0.14164675709126193,0.15497369601854982,0.09917439693084729,0.18346940914947893,0.30292823513218614,0.0996027969728472,0.15204724982028003,0.11351907035452125,0.11593164810308372,0.11837200189001812,0.16869520542420727,0.08591814432114989,0.11876636271543006,0.09785731694552953,0.11389302693883495,0.09176497467363712,0.10402558859194296,0.12276620136058382,0.10092229920415725,0.13940364516131148,0.2494856792180441,0.1637209077082475,0.11603114237907372,0.10662327991530204,0.11437103016899439,0.11781359187652364,0.11465237559707715,0.16225290238697163,0.1227125818135786,0.10583653130592843,0.13804051216663854,0.09383072252025351
JPN,0.19975541955235437,0.15079196866679376,0.09987976904539463,0.11158621529796482,0.09483073752741054,0.09051965901445759,0.15111702299650542,0.08150027263331325,0.1551811058145506,0.077445815986902,0.3386934717170867,0.07452517033005145,0.09904806187436432,0.09405869828735085,0.07703264755005593,0.11592561089045367,0.11273519047429487,0.1963442082242741,0.09906108305655653,0.10413785879090348,0.16545802875840282,0.0804242111348013,0.060814934705352,0.08724159697430052,0.16923741170288628,0.07613166853365848,0.09455536526117232,0.07005398424238013,0.08975427886574071,0.09909635457973548,0.08971522497598824,0.20719704329599392,0.09470611801100055,0.07222758245528967,0.10764937065630462,0.101755736037018,0.12057374592197087,0.11580457733549336,0.07633626390509522,0.07517851400831745,0.1060210094187054,0.0,0.11657858372886029,0.3040775553326816,0.06478244714480534,0.18144009230743632,0.10300628617087032,0.46182196478931026,0.1294718403921194,0.17244713746035956,0.08237364899914934,0.16587523158113862,0.30089828960939374,0.10564097962957715,0.18420301709888492,0.08749971044377296,0.10092101752383058,0.1090411635253964,0.16266136363189163,0.09556550132021721,0.15224759750823902,0.08962441378354112,0.09824550729675074,0.07992485452951391,0.09098422774578611,0.1039515216216984,0.11981153805552527,0.11744779557425557,0.2443414770249536,0.12920678577243377,0.0907107960911281,0.07350530530200865,0.10835759495619338,0.11751382425485074,0.10031211759826762,0.12651598210352263,0.10665055525572106,0.08347607839981094,0.1394653400838248,0.07400215836401729
KAZ,0.18028011841931743,0.16009460872581116,0.12552602309073885,0.11687361347589398,0.11702103974390331,0.11513826229171975,0.15849612489964043,0.10705529795594058,0.1722657308249227,0.10686110175274283,0.3466495750030346,0.10099832116016245,0.1247856700272304,0.1182109601605031,0.1226558830934105,0.1386590374064038,0.13333373304051313,0.19562485775728045,0.11619957136343491,0.11820643361810379,0.1797927437290436,0.1090722772397819,0.11326229822572495,0.11370740895846697,0.1691406196636499,0.10994682330230855,0.11831039113250999,0.10890365031987001,0.11172638278827868,0.11503906473137011,0.1169022833111976,0.1963455074812484,0.1187110291847391,0.11143843392854012,0.12925566775312308,0.12497298090853204,0.1411271688502423,0.13766892990785834,0.11510933020272136,0.10516089744340264,0.13410325851520383,0.11657858372886029,0.0,0.3254040253754805,0.13337129567348124,0.17981110423854757,0.12108875949401306,0.45493101623209536,0.13671861870345822,0.19209641305807754,0.11249873072508923,0.18335210903005303,0.29209363178140746,0.12205785751026257,0.18725907785603207,0.1155383751306987,0.11237630517735969,0.12056486004402193,0.1667690055749179,0.11693597733152711,0.1640910432456898,0.11086554205240316,0.11759237238642337,0.10344860754035193,0.11088504624713333,0.11633853952776484,0.1439754658962987,0.13764132665816456,0.2445477325058525,0.1528037394341409,0.11059016727408717,0.11229072656948293,0.14454831666361656,0.1373224656167968,0.12150159441235171,0.1717638606229021,0.12979768410461417,0.11090253586302914,0.14475673859761282,0.10796656303408507
KHM,0.3431168228748724,0.35376727579662426,0.3172393329108571,0.335023023629307,0.33113752051806966,0.3317058378801071,0.29051555826283215,0.30064983520647015,0.3117677852988613,0.32717151394105065,0.4662574444560281,0.32472024216484974,0.3394521679817,0.3336721574220765,0.30806372627751616,0.32476969634077707,0.32958600947216915,0.3418377439848031,0.32833072107826755,0.3316828777674219,0.359103342467772,0.32927057209516053,0.3276286425933019,0.32964658409154435,0.33868750986255586,0.3275540804920835,0.3281165426600751,0.3225723572057759,0.33098164092286536,0.3372705137871806,0.32343862774631765,0.3867673069317146,0.3252256263854791,0.3144206600996877,0.3315244927960138,0.30652770011683234,0.336930065582889,0.3364988043799886,0.3278032140778887,0.3246874806515238,0.33414636781768586,0.3040775553326816,0.3254040253754805,0.0,0.31911365292583277,0.2823963363327981,0.3313114760581818,0.5613507390793953,0.33747949905248276,0.32868481229872953,0.325603833384145,0.36320788178937885,0.28034126811292254,0.33346443245645324,0.32999879138541094,0.3317111853859275,0.3370219496240051,0.3270052553052109,0.29622926660558696,0.3250287584026559,0.326172492931771,0.32273619774209134,0.3330452915755025,0.31300985753363364,0.32360856376483044,0.33270296275931627,0.32283056003416016,0.34402260038188315,0.39708453278001343,0.34695992114168567,0.32992394486271653,0.3255733652791901,0.3311087604907017,0.3171495375942285,0.3079754481925152,0.31704432206048266,0.2515207879559245,0.329820955748981,0.29801209170986676,0.3239227517872643
KOR,0.20696333303241318,0.15887504858183485,0.10822904604126946,0.12661473844567742,0.11019790107603306,0.10658041069971479,0.15348298376298147,0.10155388968937258,0.1577772434071226,0.09107231768237459,0.3444343077690237,0.09169116632844336,0.11152375383892514,0.10905004903768442,0.06801470730645447,0.1251953879981005,0.12241303015188522,0.20200624898637176,0.10928634584339343,0.12066297826896613,0.1711221825423219,0.09380204877932445,0.0762995852239571,0.10644238010227443,0.17701397405165825,0.09268979806061212,0.10207850112767794,0.08252749996281318,0.10552530692286746,0.11487843712854814,0.10402183166415069,0.2209427887165255,0.11061641694656003,0.07945088065460967,0.11571003783766592,0.10997925805626124,0.12722968179402275,0.12920549446048288,0.08491180263022914,0.09120378660806364,0.11955340303588889,0.06478244714480534,0.13337129567348124,0.31911365292583277,0.0,0.18853110154716682,0.11565740718526825,0.46070874229620706,0.1432319874331728,0.17633079482493952,0.0902921283798215,0.15238343396383494,0.30523875520741084,0.10561491511911804,0.19355718754671208,0.10111393121310738,0.1118410560558906,0.12255081009808202,0.16869226332620643,0.10886166929750642,0.15835141580810685,0.10316716018252939,0.11001605827628,0.09995827912395436,0.10725538278978616,0.12082073271206188,0.1321589522629519,0.1190097422359645,0.24638970659700926,0.13543999347779076,0.10657744528825545,0.094098397620983,0.08710388926796797,0.12386628213032834,0.11083286118346514,0.0917872875643256,0.1285768301800307,0.09806151553092107,0.13310084925571716,0.09024914248174672
LAO,0.1993222686641173,0.21677920230390696,0.1419583956705717,0.18720075139904785,0.1836014976726416,0.18534323883749554,0.13260174103258415,0.1553736271124346,0.12254878869601837,0.16427699424518225,0.3706811301853053,0.16919199508102728,0.19102006667349306,0.17694386822174632,0.1632888237794659,0.15705811829247884,0.15776861224782687,0.17956732482290594,0.1592929789983698,0.16185683226226555,0.2231260950181643,0.17854883994593063,0.1794441706125032,0.17460759884174262,0.19861097715889395,0.17054315112275106,0.17010226126981381,0.175844898253498,0.17621037388979702,0.18864831026645423,0.1634654685505981,0.26550431951812864,0.16312137530492185,0.14531389932150543,0.15385023852596152,0.14325305366546667,0.18274737367928623,0.18824429466920975,0.17755884450879927,0.17772847495937596,0.1784036533396691,0.18144009230743632,0.17981110423854757,0.2823963363327981,0.18853110154716682,0.0,0.16835115916012297,0.4825613512163031,0.19326259629877685,0.14492461853529862,0.16922735051968,0.23117721084975573,0.17779814610310796,0.17171383864554027,0.1830992630936433,0.18150571776140775,0.19027055765737527,0.15545094662598286,0.11360735785947378,0.1573804731126285,0.15216311237878624,0.16209661221397267,0.17597393765848035,0.1511804879978615,0.16987084660111826,0.18069983563029643,0.14661858625647933,0.20634566072918695,0.2810140733132236,0.2119998676071753,0.1828679652445045,0.17821980406631824,0.1671698508938863,0.133445214195223,0.14978207992923126,0.21771888775805584,0.14725285607305824,0.17834924161960772,0.1182864056319865,0.16701680563782914
LTU,0.2007465419883509,0.1516498472812414,0.09448499304233164,0.10541146487836463,0.09939122326042693,0.0917193027496088,0.14835883079135026,0.08431447729672577,0.13840276513851912,0.0809166260689001,0.33891557302902375,0.09093658728005222,0.11287514877462618,0.09726701040681862,0.10323779935743405,0.10147398937017248,0.09339816087382685,0.17115840791515416,0.09480785846836057,0.09198100766242323,0.16546695732525477,0.08861162811235956,0.0939860530268405,0.09904487443535599,0.1652790116985591,0.0781356509159235,0.092998318629162,0.08898661299245572,0.0896080998078971,0.0998382656208731,0.093644405598856,0.21749180212656105,0.09403321369220057,0.0797461796542643,0.1027417416891707,0.09971036689776475,0.12482417408732359,0.12723917380788363,0.09545581301938126,0.08275638784933856,0.11113369729192404,0.10300628617087032,0.12108875949401306,0.3313114760581818,0.11565740718526825,0.16835115916012297,0.0,0.4637383764400731,0.1168682232299025,0.15393109603523636,0.09371804899854223,0.17374371277578768,0.2969499324821722,0.10968342710965354,0.17784921808266455,0.093297860482841,0.10664009995805433,0.08970295193941842,0.14829873226846554,0.08549980567451998,0.13550720120700005,0.07949973761417051,0.09185483126915926,0.07907366649430998,0.09172607225218433,0.1171502131533692,0.10006334170055405,0.1262578782764882,0.247104425592553,0.1424750584660111,0.0936373118412821,0.09362116850320606,0.11745926620148554,0.10082383576599652,0.08431582403309663,0.15925737784417093,0.12549183251793336,0.10024889660759838,0.13502123123778825,0.08750085487684227
LUX,0.48906985188770574,0.46948579335310425,0.4590517744348818,0.44496188227966016,0.4467181436190888,0.4423210870174265,0.46914754997094554,0.45013319836740456,0.47560846480732166,0.4507292717089976,0.5699430695346348,0.4362919152524916,0.4529462957440023,0.4569757052682083,0.4657428658542933,0.4696129801930333,0.46979158317104774,0.4993131633618609,0.45709218706809546,0.44690172664253214,0.47143946473401094,0.4508701764460567,0.44096646609906753,0.4428962014072676,0.48925700560691854,0.44601670542629096,0.4573803362691519,0.45451432451631646,0.42613408551425924,0.4328444044370494,0.45495786890182704,0.44514557631548807,0.4616038357125047,0.44606236856293396,0.46816925077366617,0.45556830186769326,0.4164207923191824,0.4454149021446635,0.4400393941039434,0.4460302809035387,0.46987602959490077,0.46182196478931026,0.45493101623209536,0.5613507390793953,0.46070874229620706,0.4825613512163031,0.4637383764400731,0.0,0.4652903656014955,0.48158034769443586,0.45994093321854884,0.45668954554289865,0.5444280814432279,0.44627978322044887,0.4823669651558344,0.4346353331286909,0.45477932727742215,0.4564036989363703,0.47974265256005244,0.4670904519133826,0.46519378497021413,0.4556263260304399,0.43871982721614877,0.46180949388344256,0.4597171905750098,0.46365026602257875,0.47200994337235697,0.45740943638996523,0.2949314317720449,0.4616251222176349,0.45167683513661006,0.45645782098156884,0.4675009953305018,0.4708813081920872,0.46166081318387353,0.46725507415928996,0.4555856776338241,0.41704863001996695,0.4687805802072549,0.4444006394429729
LVA,0.20660781135210196,0.1644233767010054,0.1399204419040153,0.099039085472668,0.08724535354601345,0.10187900618242608,0.17171207718832032,0.10908092709213524,0.1768190599937841,0.1218390374084686,0.35635033548330275,0.12359751841292267,0.11740833024632823,0.12051347612181934,0.13225546925808382,0.1410703418335714,0.14415199573769732,0.2136732979882046,0.13240936065891384,0.1284951486075732,0.14648773310676128,0.0908100939545173,0.1122418601489115,0.12240651474262124,0.1854833788204532,0.0941134360823288,0.0772112866988355,0.10454985266474208,0.09803273320976218,0.09582721883642308,0.12417234065816336,0.21996888100702297,0.11937604145417817,0.12020281375617067,0.13904524303639107,0.14159034097275494,0.150430620003104,0.1479860007494905,0.12807541117453417,0.09411678529041964,0.14164675709126193,0.1294718403921194,0.13671861870345822,0.33747949905248276,0.1432319874331728,0.19326259629877685,0.1168682232299025,0.4652903656014955,0.0,0.19889472926221927,0.13506458975756994,0.17115647372279844,0.30812484275224017,0.14387106223492546,0.2007474256954984,0.11529143023866316,0.11608177081633585,0.10531034320174018,0.16611799124628066,0.13214907177552115,0.17421391168715022,0.10132507805999265,0.08892296385994408,0.10808279956292996,0.11798054579626113,0.14384613563397897,0.14391498737902916,0.13199018351767455,0.2531333617001969,0.11397808911420892,0.09497060523091454,0.11185429444692067,0.1510964955284543,0.1423108926410076,0.1077489028761959,0.18025969183024415,0.1520760462489855,0.12998804392847477,0.1626088155436001,0.1266253385199801
MAR,0.2302929265116707,0.219803011671003,0.11092200438059893,0.18348086692793084,0.18411896170986639,0.17579794671701127,0.15611864933252217,0.15384625835622512,0.08024832877421531,0.1465367000901251,0.37739867998840165,0.1629765615290658,0.18967515755172262,0.17026524401637985,0.1466687048318803,0.136826486806643,0.1311078290208384,0.13240186361033637,0.13451929369446466,0.13818688422623596,0.21546791069764867,0.1725095555942047,0.17023371782966634,0.16872488679935235,0.1935777645750048,0.15708622045926254,0.1708804989940489,0.17144387917942594,0.17058449619906654,0.18684187931961546,0.15917633238828152,0.2705994309789248,0.15620308886812723,0.136872464315734,0.11933498558042682,0.11701809925224924,0.1692001493760933,0.17867444274401045,0.16921085693477964,0.17064736359434637,0.15497369601854982,0.17244713746035956,0.19209641305807754,0.32868481229872953,0.17633079482493952,0.14492461853529862,0.15393109603523636,0.48158034769443586,0.19889472926221927,0.0,0.1522471862357037,0.23210311345089146,0.2801041690463736,0.14488797810415,0.1789314276561568,0.17168750970254054,0.18496633063744491,0.13839168181582803,0.14751051253776093,0.13104752221704244,0.12079537219249907,0.15111309752279756,0.1693307663955766,0.1462969010585157,0.1680871320376234,0.176413785298864,0.08991788657677126,0.20497489022510887,0.2838730490353925,0.21571670141757232,0.18034713842189673,0.1759634952551047,0.1443174331969943,0.10063041128946343,0.14604679787460445,0.2101959770883652,0.16606650881219726,0.16990428846534497,0.13750793298994676,0.15386558472084372
MEX,0.1945715199487406,0.13229058952877829,0.07718907098659082,0.11099841617326324,0.10871858368977934,0.08796259910237256,0.14638301035214082,0.08416377092626379,0.13916486069354625,0.048991663254769884,0.3190222377701037,0.07236836834744703,0.11194070680915261,0.09962060872159834,0.08102164752396425,0.10094402424819054,0.10102608427728661,0.17294489311787561,0.0691075217029041,0.09479471800665272,0.16763988430646445,0.0910741032917317,0.08284527595781145,0.08961217002108851,0.13340501055489776,0.07940129001387018,0.09703169368962043,0.08023628778788897,0.09562515359785605,0.10682765281080904,0.09313578270901794,0.21222278159953253,0.09426156437396052,0.06812222395217189,0.0857577626870337,0.0795491875198944,0.11915873328553178,0.12232909717700993,0.08225138139990791,0.08299006633062078,0.09917439693084729,0.08237364899914934,0.11249873072508923,0.325603833384145,0.0902921283798215,0.16922735051968,0.09371804899854223,0.45994093321854884,0.13506458975756994,0.1522471862357037,0.0,0.16955947305314714,0.2952666109284031,0.07349578334697612,0.17360142694038436,0.09228665287846811,0.09652251722565801,0.09973915414439005,0.1532637866121594,0.07237869142433709,0.13218713523509046,0.08231954100799498,0.10303085991804725,0.07772879642301068,0.08367756727058026,0.10352768778956566,0.10598492450322292,0.11930492333918706,0.24568643005430235,0.14681207119810077,0.09934018033540505,0.09214287657346769,0.096888893836413,0.1054517677381576,0.10095121929631909,0.13623522565450533,0.11782020079039082,0.08293295797242664,0.12422914689351798,0.0768023111101135
MLT,0.23732113369864286,0.20135330696501516,0.17895055885962644,0.16901425903813408,0.14979975669685802,0.16450929781259976,0.21028206029451194,0.1619802432074491,0.21435917419425884,0.1649774547278809,0.3712995607742358,0.16467408179701545,0.14910869106763902,0.16086272216318137,0.16141107774015004,0.18952654841212696,0.18612208146361459,0.24828462427269712,0.16890646015027838,0.17956361994433276,0.21051093206865684,0.15573176944091893,0.15577760228503398,0.1675800752670885,0.22512113117207186,0.15173839390615074,0.1492721720192328,0.15314654297408,0.1533252487830686,0.15141963012659027,0.16617147940417656,0.25092668674644364,0.16554725878311471,0.15837739902593997,0.18169654326985454,0.18265740006047826,0.16971073418729596,0.17970080157055376,0.15329146711736114,0.15337461265940766,0.18346940914947893,0.16587523158113862,0.18335210903005303,0.36320788178937885,0.15238343396383494,0.23117721084975573,0.17374371277578768,0.45668954554289865,0.17115647372279844,0.23210311345089146,0.16955947305314714,0.0,0.33633144486439853,0.16601429805084755,0.23791961411696405,0.162905680481582,0.17163578059943174,0.1680690115546329,0.20332361369863616,0.17690224959551099,0.20688170499489822,0.16679930950101174,0.15192835982929112,0.16567577684954027,0.16648345163720418,0.18531723404730915,0.19245888938383823,0.1715718848263899,0.2625316191138536,0.16432408272084773,0.1631957901017821,0.1614457887363384,0.14914214628914732,0.18872792196918453,0.16542231722060735,0.1553907441436418,0.1948790244431915,0.1643964647935107,0.18430480746309982,0.1656243758674653
MMR,0.29501832523700366,0.32568879556421865,0.2762111723648644,0.3034855903428533,0.3061367198927552,0.3050228978963542,0.22792460985158838,0.2759201150813476,0.2477673904986843,0.29462999857961053,0.44323562410954037,0.292672096012946,0.31045115018847236,0.30062496663299265,0.28730436431768036,0.2859511250110155,0.2923556639106178,0.2941328701319897,0.2934460307641918,0.2971567276675061,0.3286193380470535,0.301092217523203,0.3013175188206093,0.29706611200433847,0.30902086673378254,0.298190517866201,0.293526979166194,0.29845129693712424,0.29953646858364263,0.30798898368096406,0.29011970177780577,0.3622921822325838,0.2879079958409535,0.27271422654292465,0.29247467262245347,0.27315290790436525,0.30246180248325844,0.30217716365967606,0.29853670086569223,0.2998078200404622,0.30292823513218614,0.30089828960939374,0.29209363178140746,0.28034126811292254,0.30523875520741084,0.17779814610310796,0.2969499324821722,0.5444280814432279,0.30812484275224017,0.2801041690463736,0.2952666109284031,0.33633144486439853,0.0,0.30242635228012843,0.2756506058835767,0.3005120876541314,0.30604774677851837,0.2854506197265294,0.2194109866269056,0.28754337839642635,0.2762644725162291,0.2883344742248901,0.3022772208643796,0.2803959876379065,0.2956426658431906,0.30174924301801204,0.28441393240203916,0.31660256756112637,0.3692962367779147,0.32542706047297004,0.30035034269910077,0.2995903029968687,0.2947639781845023,0.2672882768829114,0.2756634332237848,0.3231092305280403,0.24933940919928885,0.2994010814909409,0.23105183247443883,0.29467406352430897
MYS,0.1964291564124589,0.16011363666698739,0.07396801129655609,0.12354255148804787,0.12100307125867907,0.10840274145589339,0.154075414880154,0.0956711083982228,0.12942211559205882,0.07170395462093063,0.34488964021093865,0.08986400760358541,0.12148656548413246,0.11005415507229523,0.0927034741813939,0.1017425340996076,0.10044047901847117,0.1665873555120579,0.07936385543026066,0.09699817612981951,0.17450682581301774,0.10553096941143797,0.10310551800587377,0.10000565902152607,0.13320644825638073,0.09058337618968623,0.10395103420355273,0.09842902542906966,0.10782443166872735,0.11770056232143723,0.10704850482882769,0.21066215233751262,0.10729987097100954,0.0825638808641938,0.07994725458971713,0.09087327712011478,0.11136585906626904,0.1244714881918635,0.09801959845686545,0.0995498340012628,0.0996027969728472,0.10564097962957715,0.12205785751026257,0.33346443245645324,0.10561491511911804,0.17171383864554027,0.10968342710965354,0.44627978322044887,0.14387106223492546,0.14488797810415,0.07349578334697612,0.16601429805084755,0.30242635228012843,0.0,0.15787877738038447,0.10394449686448645,0.10768517740964739,0.10548655727076334,0.15653056962852435,0.07898249861901917,0.1107583162740661,0.09464038040002458,0.1108772896092263,0.09344644592749893,0.10029582633018574,0.11502076218266896,0.09957164570785942,0.13219107807182187,0.23639778986549037,0.15915511620538977,0.11456694326358129,0.11061024877813348,0.0881589198632602,0.10839549265540988,0.11401587816652585,0.13751273741456105,0.11724099411113599,0.09481714378352128,0.12632386180383653,0.0913561314996513
NGA,0.23894414405604153,0.22495913971935802,0.15233263650795256,0.1917185550682872,0.19101148936851528,0.18053740853214412,0.1828782267379722,0.1526696794146702,0.14174520063919605,0.16573227677780356,0.3817994591170909,0.17431646067747483,0.19073417812639168,0.16879215128808014,0.17347244530904238,0.1410020897886164,0.16141634625377244,0.17586742988782417,0.16810800430099718,0.15732290790469838,0.22670387783183293,0.17805767176533305,0.18108927098660077,0.17632810761081297,0.22072005299477218,0.16241166161183718,0.18079393198814986,0.18156833813323567,0.18027601950951286,0.19087421190186166,0.17487735394073023,0.25205476200428606,0.17361307575235488,0.15849630283757177,0.15649522347001993,0.1774728475733499,0.16790248546434583,0.18533982795235976,0.17611595122399767,0.17651892354771262,0.15204724982028003,0.18420301709888492,0.18725907785603207,0.32999879138541094,0.19355718754671208,0.1830992630936433,0.17784921808266455,0.4823669651558344,0.2007474256954984,0.1789314276561568,0.17360142694038436,0.23791961411696405,0.2756506058835767,0.15787877738038447,0.0,0.1800772884548583,0.18714304868797005,0.1675113328783807,0.18760328921118455,0.15695636686330383,0.1033275027932813,0.16264002274816294,0.1813527356405444,0.15935115415023215,0.17660689570409754,0.18397330714719423,0.14910846726374083,0.21004809111590228,0.28856610310052055,0.22154069498200424,0.18702329386889324,0.1839967356999038,0.17579253701604344,0.17359953060196992,0.1735268590330007,0.22361162419075362,0.14235855516793228,0.17820449423648982,0.1719589367923386,0.1705410615109845
NLD,0.20075373914950326,0.14342412700310064,0.10182362949895359,0.07100328194632222,0.0853586052460589,0.0597598693013159,0.15290386571984194,0.07454827027640655,0.15399541372659295,0.07765681731899686,0.3413939948020298,0.07058845726442456,0.09490583524214907,0.0872023791737963,0.10096004955820646,0.11913670764878628,0.11589051139461505,0.19202375203517244,0.0971335393477857,0.08964083716948257,0.1548010674193256,0.06644181749424309,0.0703544033058844,0.06939287534915915,0.16932367041554316,0.06488179632302656,0.09241258065039404,0.071899764490445,0.05774209312726343,0.06254761078148076,0.09038635890076276,0.1988147057090987,0.09383221074535972,0.07337223814342493,0.11497549932192117,0.10487235890150047,0.10895816747468638,0.11478418125932768,0.06577472975198977,0.059504894444259326,0.11351907035452125,0.08749971044377296,0.1155383751306987,0.3317111853859275,0.10111393121310738,0.18150571776140775,0.093297860482841,0.4346353331286909,0.11529143023866316,0.17168750970254054,0.09228665287846811,0.162905680481582,0.3005120876541314,0.10394449686448645,0.1800772884548583,0.0,0.07869444631058996,0.08101429358172066,0.16486181884055243,0.09815236477983431,0.14642297050941025,0.07466991178447313,0.08308755151789529,0.08322173320136533,0.09959716203644131,0.11181327328986834,0.11611522213266838,0.1057026466267751,0.22371940842474497,0.13818553641036777,0.07111864474310306,0.0780334074971234,0.1236816166744337,0.11973162354242899,0.1055276100661036,0.1440676948140126,0.12441479541762203,0.06816323226737615,0.14193954632461173,0.07603869341943092
NOR,0.1866895632528437,0.13833497497498173,0.11272419944161588,0.07725490565559626,0.09754409431139864,0.08085348484676523,0.15660471396480463,0.08811655230216936,0.16530631390740974,0.09039551099509431,0.34491924405995,0.08303907405601287,0.11213413804239628,0.10058205201409047,0.1103262926400467,0.12519512714836906,0.12240636123644316,0.19972046794284645,0.10508632614863932,0.1032633778060549,0.145513262178338,0.07773526978780945,0.08993900457302456,0.07757364627374568,0.15549400485512443,0.08136249630538046,0.09903664589937333,0.08005817866407454,0.08298171736248292,0.0831024347263955,0.09250404378936249,0.20501884586660343,0.10315189283863013,0.09677772128008318,0.12015852465338464,0.11347663103133322,0.12774820318576902,0.1169893693117453,0.09233158895863229,0.07335889367934699,0.11593164810308372,0.10092101752383058,0.11237630517735969,0.3370219496240051,0.1118410560558906,0.19027055765737527,0.10664009995805433,0.45477932727742215,0.11608177081633585,0.18496633063744491,0.09652251722565801,0.17163578059943174,0.30604774677851837,0.10768517740964739,0.18714304868797005,0.07869444631058996,0.0,0.09390151723305407,0.17537481697119642,0.10055621055924648,0.15955228816275976,0.0804578842518722,0.09634731847872874,0.09043199747056341,0.09440548891456267,0.11827600966344236,0.12893703891140265,0.10554400342432978,0.242902745446654,0.14469356680404505,0.0756000462175079,0.08916161772339119,0.13125017964372024,0.1272354854005918,0.1145446679844937,0.1586807846080801,0.13502147034674652,0.09280782208986711,0.14736692582590732,0.09405440288446053
NZL,0.1925188759344727,0.1522076682776683,0.0847755390192774,0.0763190633734315,0.07893212114600666,0.08399967058868589,0.14202013423559673,0.07976639462912156,0.12081527223680587,0.08426710808983795,0.34950236031660137,0.09384832148804906,0.10410850032004551,0.09592256950881868,0.10494796824059123,0.10880983811067117,0.10472563926625544,0.16058684265886977,0.09197370751373256,0.08356770213643841,0.1543187414225736,0.071916884358246,0.09384227635350442,0.09052023680838009,0.16162917170118568,0.07143977759999728,0.09896562355936328,0.09099016393780608,0.07230407946647983,0.07648044750090797,0.09492937727623435,0.21610686649353475,0.09225365827234235,0.07957584688146893,0.09429849020709055,0.09500636888171518,0.11704046217498064,0.12010106127917257,0.09767687699325439,0.07480899735455775,0.11837200189001812,0.1090411635253964,0.12056486004402193,0.3270052553052109,0.12255081009808202,0.15545094662598286,0.08970295193941842,0.4564036989363703,0.10531034320174018,0.13839168181582803,0.09973915414439005,0.1680690115546329,0.2854506197265294,0.10548655727076334,0.1675113328783807,0.08101429358172066,0.09390151723305407,0.0,0.12953868006731753,0.09310487288997041,0.125834781738387,0.06689157274496038,0.07243338830600662,0.07931211727890511,0.10077569587706817,0.12474211609505971,0.09277536212998497,0.1267887175082341,0.24625083570445816,0.1256662288687923,0.08306744470602637,0.09607741766204152,0.11537413326536555,0.09984334284841699,0.08252453462276418,0.16645631546176076,0.12922499964755513,0.09850342092195721,0.124100162606991,0.09173727464287143
PAK,0.19296865768318658,0.20683512402394277,0.12359948775193157,0.1691220132269429,0.14146003681276087,0.16988594872510993,0.14085554815848217,0.14305716139853916,0.12013149148325648,0.1411862071583723,0.3680588094778952,0.15631475725229205,0.15675336548546254,0.15497007789828066,0.1418402839406684,0.15240152119667555,0.15053337075739015,0.17922485180975115,0.13625107019565397,0.15462157233157164,0.20799998375887843,0.1554516010462347,0.15861502235579913,0.15907073840844863,0.17852664603392424,0.14626147726614502,0.15318502045608556,0.16222131342909626,0.15054531886237943,0.1557997220810292,0.1452771368593273,0.2554712472190249,0.14151542088657312,0.1321869020136454,0.1327533379215679,0.12716560222771983,0.1688311524032675,0.17473677847662633,0.16334896697265552,0.15458484798415248,0.16869520542420727,0.16266136363189163,0.1667690055749179,0.29622926660558696,0.16869226332620643,0.11360735785947378,0.14829873226846554,0.47974265256005244,0.16611799124628066,0.14751051253776093,0.1532637866121594,0.20332361369863616,0.2194109866269056,0.15653056962852435,0.18760328921118455,0.16486181884055243,0.17537481697119642,0.12953868006731753,0.0,0.1433525379317894,0.14847953012368148,0.15226097205383796,0.1361185056372674,0.13456694365084354,0.14154771735095587,0.1697673281337079,0.13898777034234927,0.19022891234207695,0.27713009686365875,0.15805395640531716,0.16746718977475947,0.1615477985793232,0.14415787077009637,0.12774797029522494,0.10765413354506362,0.20036066385199133,0.14535352464062984,0.1622847724687372,0.1250622226482485,0.1519057894874641
PER,0.19099175638829444,0.15712415649943648,0.06215754679047824,0.11307821887086986,0.11023188714334618,0.09831054980790521,0.1303818409222157,0.0779362026330829,0.11721531510646323,0.06143179322190322,0.3427598893299761,0.07780760851505295,0.11719463931037157,0.0879277694549033,0.08314473272070438,0.08330532722907888,0.07102804588309947,0.1593985881393491,0.05872488243100785,0.08114512637449853,0.1644090259922825,0.09857030801272415,0.09268717010082186,0.09571917517984256,0.13713509940744145,0.07611169083916422,0.09591209431852915,0.08707916203706646,0.09669511315461063,0.1089207207241272,0.09185406862285311,0.22200301988896406,0.09040441562230653,0.07357541231334283,0.07121283536777949,0.07676798917597588,0.11799930599219119,0.11169155509176341,0.09033274692780173,0.0849146577372031,0.08591814432114989,0.09556550132021721,0.11693597733152711,0.3250287584026559,0.10886166929750642,0.1573804731126285,0.08549980567451998,0.4670904519133826,0.13214907177552115,0.13104752221704244,0.07237869142433709,0.17690224959551099,0.28754337839642635,0.07898249861901917,0.15695636686330383,0.09815236477983431,0.10055621055924648,0.09310487288997041,0.1433525379317894,0.0,0.11590469091053623,0.08218816601998939,0.09947372718167231,0.07265260199763802,0.08920972025986709,0.1093661295639266,0.07722460479622054,0.13503140617639936,0.24655702329701853,0.15649107956903135,0.10197576489195989,0.09571886547686051,0.09256006843217351,0.08504221428701265,0.090173403885914,0.1570827092797271,0.1142802167608862,0.09099104525993894,0.11544021621401243,0.07790434457007467
PHL,0.2156910446076424,0.19860376533202595,0.09949505256967948,0.16228886347704602,0.15807655564896608,0.14954439860500388,0.15956478474715624,0.11982219949973628,0.08642344799060779,0.12246011589037221,0.3654920508717404,0.14148002662126183,0.15829874978843322,0.137957729998223,0.13608791708695697,0.10365201937446888,0.11794174322384293,0.12843396408336477,0.12482632278278717,0.1123654437563304,0.20121865645380188,0.14721349065985462,0.14833155839024748,0.14300101819834315,0.18735697466104922,0.1240098891124077,0.1467201245674071,0.14873461905764426,0.14602439237281184,0.15959900653714876,0.1390812946759801,0.23281005651302492,0.1353093994527256,0.11444739422780714,0.104213706431216,0.1291979172376803,0.13352889545434493,0.15218901156486042,0.14387588377945085,0.142720900964509,0.11876636271543006,0.15224759750823902,0.1640910432456898,0.326172492931771,0.15835141580810685,0.15216311237878624,0.13550720120700005,0.46519378497021413,0.17421391168715022,0.12079537219249907,0.13218713523509046,0.20688170499489822,0.2762644725162291,0.1107583162740661,0.1033275027932813,0.14642297050941025,0.15955228816275976,0.125834781738387,0.14847953012368148,0.11590469091053623,0.0,0.12581675480936494,0.14316225156681303,0.12311576610969124,0.14110614841710825,0.15425833243960022,0.09562329199299704,0.1805509461616558,0.26132307319163983,0.19007731461592622,0.15758045405535287,0.15421299568472926,0.1280352772247015,0.12376445658981108,0.13430596057394892,0.18927164863896964,0.12171327330081172,0.14545860962774212,0.13454550585580502,0.13106733956091582
POL,0.19589917837462745,0.13584148777990765,0.08680891296352751,0.06808236417534692,0.08578610753057433,0.06106700172987661,0.13969177385626394,0.05505636504890925,0.12865574817706044,0.071028858297401,0.33823060913702446,0.08321229030311995,0.10548632921125393,0.0921718161869489,0.09163153521424591,0.09729356639662065,0.09789077737413861,0.17055874794472295,0.09063964913614057,0.0783911204736069,0.15272880120320476,0.05556587632604383,0.07816837423335675,0.083551031868436,0.1616346419226745,0.05593487420596753,0.08739157250102897,0.06646444733316495,0.07046613013075187,0.07961770479289361,0.09086123427074541,0.20473376610414587,0.08386639954323055,0.0656206961597206,0.09130045071778269,0.08891262939864833,0.11293048553647421,0.11653000011707147,0.08830890300330936,0.054927006087181575,0.09785731694552953,0.08962441378354112,0.11086554205240316,0.32273619774209134,0.10316716018252939,0.16209661221397267,0.07949973761417051,0.4556263260304399,0.10132507805999265,0.15111309752279756,0.08231954100799498,0.16679930950101174,0.2883344742248901,0.09464038040002458,0.16264002274816294,0.07466991178447313,0.0804578842518722,0.06689157274496038,0.15226097205383796,0.08218816601998939,0.12581675480936494,0.0,0.0755024783698099,0.06278422701644297,0.091063768273707,0.10929462466642778,0.09608546378166168,0.10914973508372396,0.2415351188863124,0.12952834029247978,0.053127195421315394,0.0831289749064472,0.11039262487179698,0.10194688520146086,0.08625229195395284,0.15173931402187224,0.11232004416743435,0.09167446482035566,0.12478663873033193,0.08045887098817216
PRT,0.19083220521683095,0.14589206857509873,0.10296911240863511,0.0768007529842094,0.0428589672441202,0.0767685765933754,0.14498270959607445,0.07981360586569322,0.14541445030691566,0.07915696939341767,0.3452453261676595,0.09294275067554456,0.08522401663662942,0.08760850958199533,0.09680732540411552,0.11618036198961951,0.11464178517115375,0.19194019278899127,0.09311170059294764,0.09718094528433456,0.15617020451362915,0.06361853009905429,0.0808540972806223,0.09236942955863127,0.17274252446779206,0.05591224557725665,0.09008393419628959,0.08488030988399288,0.05534439700800415,0.05228826779913848,0.09419211927160516,0.20329438375660575,0.08625337917038713,0.08448247292656197,0.09986234097698694,0.1087129207964179,0.11480899753389405,0.11901594837384769,0.09361424505497926,0.05761992877362206,0.11389302693883495,0.09824550729675074,0.11759237238642337,0.3330452915755025,0.11001605827628,0.17597393765848035,0.09185483126915926,0.43871982721614877,0.08892296385994408,0.1693307663955766,0.10303085991804725,0.15192835982929112,0.3022772208643796,0.1108772896092263,0.1813527356405444,0.08308755151789529,0.09634731847872874,0.07243338830600662,0.1361185056372674,0.09947372718167231,0.14316225156681303,0.0755024783698099,0.0,0.0799832593405662,0.08844163653761951,0.11936825067725323,0.1176698298381664,0.11783675066730345,0.22752423465900762,0.08508916949382181,0.07509952022787696,0.09230941809468193,0.1122777321031761,0.11871945715932923,0.06446175456147399,0.1565329964825028,0.1309864037389131,0.09433190762250543,0.1352768631694666,0.08869719949153693
ROU,0.184393942406381,0.14867598624608264,0.08087518863349882,0.09196976120618666,0.0823684371517899,0.08286129018892795,0.1288007447463318,0.05627509051350468,0.1278438391752167,0.06515198132125212,0.34209033106042036,0.07276685900111175,0.09482231652730498,0.07874467106849925,0.08087870855605166,0.09288368782829677,0.08855712713170717,0.17248120502584766,0.07765418364298295,0.07486687418132466,0.15819311055176993,0.07291114936858335,0.07623767800204151,0.0791758122177847,0.15179655176146536,0.06115453334824738,0.08108807022791396,0.0729848820159106,0.07538096145549497,0.08662227267995357,0.07696645392876855,0.20263711274477855,0.07874276264350015,0.062152032392020086,0.08250435448588567,0.08048154289039482,0.11336087369382136,0.11507014914234578,0.0826911727742224,0.06470276417301253,0.09176497467363712,0.07992485452951391,0.10344860754035193,0.31300985753363364,0.09995827912395436,0.1511804879978615,0.07907366649430998,0.46180949388344256,0.10808279956292996,0.1462969010585157,0.07772879642301068,0.16567577684954027,0.2803959876379065,0.09344644592749893,0.15935115415023215,0.08322173320136533,0.09043199747056341,0.07931211727890511,0.13456694365084354,0.07265260199763802,0.12311576610969124,0.06278422701644297,0.0799832593405662,0.0,0.07153263831912585,0.09365257633072428,0.0912671159212916,0.1193593583728061,0.24265522706733614,0.1289461679281865,0.07682145985695747,0.0752083634682484,0.10249991415928521,0.09550104953632148,0.07403938175860703,0.14948306741139172,0.10352916716864086,0.08494948352850384,0.11800982779497125,0.07242593298216836
RUS,0.1870731249043593,0.14086494226937205,0.09787878594370518,0.11196847566935864,0.0876388842078969,0.0966609083720531,0.14954063390998618,0.0840960409046821,0.14858818251999265,0.07274483892504298,0.3331135796627752,0.08247588115931737,0.09999262171710716,0.09057453578515652,0.09357758351935869,0.1102063620700005,0.10718372779829687,0.18816460642029753,0.08575848959851262,0.10532908959908074,0.1685178957138058,0.09037364035572305,0.08654769186510113,0.09648398112925655,0.1488920167075076,0.07752272711818256,0.09436249185346193,0.087757240384197,0.08894161651982652,0.09589586341353819,0.0932228551620438,0.21165900137758906,0.09246693514202489,0.0828273376724209,0.09848725727277793,0.10001046184090889,0.1249409617807025,0.1214647564269848,0.09348618841901364,0.08360590372841682,0.10402558859194296,0.09098422774578611,0.11088504624713333,0.32360856376483044,0.10725538278978616,0.16987084660111826,0.09172607225218433,0.4597171905750098,0.11798054579626113,0.1680871320376234,0.08367756727058026,0.16648345163720418,0.2956426658431906,0.10029582633018574,0.17660689570409754,0.09959716203644131,0.09440548891456267,0.10077569587706817,0.14154771735095587,0.08920972025986709,0.14110614841710825,0.091063768273707,0.08844163653761951,0.07153263831912585,0.0,0.1095664580407363,0.115981603213931,0.1256304285457483,0.24389338724759205,0.12418313750294187,0.1001900103221981,0.0889880301651834,0.11255268578766152,0.11628726290505252,0.08784490074833105,0.15249330564293126,0.1166145915023588,0.09356691555508415,0.13608840678735765,0.08499162052269409
SAU,0.2000521034545465,0.16022819722536358,0.11573521320627729,0.12641507611189085,0.1219592224111676,0.11267497772520046,0.15718278261788785,0.106779876105172,0.16491689002892043,0.0956251093120968,0.34486235969817686,0.09801144860882499,0.1207588924997473,0.1147683271179847,0.11551890159924169,0.12874439410425417,0.12199055479391024,0.20274834185451449,0.11098705862995749,0.10317113160192704,0.17842473887984042,0.11154648755616393,0.10837383148089243,0.1083307805476231,0.17246005177402027,0.10401315098924786,0.11273901695806071,0.10308534058268747,0.11326285031621289,0.12253735248011359,0.10586029682026467,0.18308890755210677,0.11081556922564863,0.10063551053853709,0.11212496715729561,0.11426272915311751,0.1386480552375487,0.13497213485924628,0.10441749007715476,0.10205707169081489,0.12276620136058382,0.1039515216216984,0.11633853952776484,0.33270296275931627,0.12082073271206188,0.18069983563029643,0.1171502131533692,0.46365026602257875,0.14384613563397897,0.176413785298864,0.10352768778956566,0.18531723404730915,0.30174924301801204,0.11502076218266896,0.18397330714719423,0.11181327328986834,0.11827600966344236,0.12474211609505971,0.1697673281337079,0.1093661295639266,0.15425833243960022,0.10929462466642778,0.11936825067725323,0.09365257633072428,0.1095664580407363,0.0,0.12902201184517653,0.13292102868012787,0.24803264831637695,0.1603543918660857,0.11197273388712327,0.10362859548315558,0.1323974687670355,0.12438203316432155,0.12248063457119791,0.16071713831102563,0.13043011016108796,0.10709569590234129,0.14960808095371364,0.09793707801889401
SEN,0.2060977546684722,0.17646032358750185,0.0674598149279297,0.12917028445371004,0.13129294212917578,0.11625946608460153,0.1370332669549109,0.09855754053750296,0.09018041435480793,0.09360403065573852,0.3549492256521805,0.11153111465756456,0.13661637187325315,0.10859695286295759,0.1048866554887371,0.0927895474079223,0.0809191761369408,0.13315217541172752,0.09038559236993535,0.0871424612408914,0.16926814266164852,0.11705351636157556,0.11535316100231045,0.11624327788153448,0.16528492330383254,0.09494946545864723,0.11347976609600914,0.11486102861509341,0.11418871452287947,0.13109364003492371,0.10556296933982393,0.23258376080882942,0.10431942470684741,0.08837726036996994,0.08274838082420147,0.08565522620193769,0.12811756340130945,0.129837235563875,0.11372116758636998,0.1116644414735082,0.10092229920415725,0.11981153805552527,0.1439754658962987,0.32283056003416016,0.1321589522629519,0.14661858625647933,0.10006334170055405,0.47200994337235697,0.14391498737902916,0.08991788657677126,0.10598492450322292,0.19245888938383823,0.28441393240203916,0.09957164570785942,0.14910846726374083,0.11611522213266838,0.12893703891140265,0.09277536212998497,0.13898777034234927,0.07722460479622054,0.09562329199299704,0.09608546378166168,0.1176698298381664,0.0912671159212916,0.115981603213931,0.12902201184517653,0.0,0.15485643172838562,0.2603406909850154,0.17366134715554157,0.12158211454971941,0.12042723042271349,0.10991406657365899,0.07504369554430873,0.1053383171023977,0.17349574915404029,0.1244051049087692,0.11814100015532704,0.11746117929521784,0.10261339291477041
SGP,0.21610125466984437,0.14134926127799557,0.14067200056640808,0.11225716843651154,0.11898032628395297,0.09916679313737506,0.1761589438737639,0.1166795291547927,0.18491783646367002,0.11710325313352223,0.33456987587169573,0.11740073053694208,0.11035197666057897,0.12951587745015727,0.12649793449915278,0.14650783786867205,0.14332840339184738,0.2231235164456282,0.13447654625779829,0.12894992120443435,0.15754595987119716,0.10629470726934033,0.11105748515302995,0.10119982148436213,0.18513801666597993,0.10932548301945572,0.11478833394404894,0.09867257010666593,0.10892886849479648,0.11202871149297178,0.10523439766364794,0.20453574523339532,0.12612609210127917,0.1152476182152212,0.14345731553870686,0.13683836028231372,0.1405146497686189,0.14272502484615301,0.10847851615893638,0.10006740486770214,0.13940364516131148,0.11744779557425557,0.13764132665816456,0.34402260038188315,0.1190097422359645,0.20634566072918695,0.1262578782764882,0.45740943638996523,0.13199018351767455,0.20497489022510887,0.11930492333918706,0.1715718848263899,0.31660256756112637,0.13219107807182187,0.21004809111590228,0.1057026466267751,0.10554400342432978,0.1267887175082341,0.19022891234207695,0.13503140617639936,0.1805509461616558,0.10914973508372396,0.11783675066730345,0.1193593583728061,0.1256304285457483,0.13292102868012787,0.15485643172838562,0.0,0.24938622150054848,0.15373131916107421,0.10515531059878712,0.11532976045463947,0.14147138878152254,0.15106935082127096,0.13426684977939737,0.14774801821664757,0.15375961079802922,0.12014705504142978,0.16370447242734215,0.11876588422081247
STP,0.2973225182726694,0.26600703296557127,0.24512718414344786,0.2359253104437033,0.23618667230848198,0.2311376530808724,0.26389066377301973,0.23002342712558532,0.2736844507893078,0.23469095143197352,0.40998182718065795,0.2173951583716573,0.24528630569175724,0.24324385308723365,0.24955223689409164,0.2562420909370427,0.25629197834162404,0.3035215328242144,0.24336502653080327,0.23186843798311874,0.27711440079437655,0.23716810801003455,0.22614941693143437,0.23146084424864827,0.2858378335989471,0.22926978007573873,0.23720782572175825,0.23639026091961873,0.21623707184704968,0.22472766015613105,0.24091178356249143,0.2781054717161338,0.24098827087232177,0.22807247593498492,0.25608872042752273,0.24183418069814003,0.2161705628311293,0.23483961751245186,0.2251618264928739,0.2276526087303754,0.2494856792180441,0.2443414770249536,0.2445477325058525,0.39708453278001343,0.24638970659700926,0.2810140733132236,0.247104425592553,0.2949314317720449,0.2531333617001969,0.2838730490353925,0.24568643005430235,0.2625316191138536,0.3692962367779147,0.23639778986549037,0.28856610310052055,0.22371940842474497,0.242902745446654,0.24625083570445816,0.27713009686365875,0.24655702329701853,0.26132307319163983,0.2415351188863124,0.22752423465900762,0.24265522706733614,0.24389338724759205,0.24803264831637695,0.2603406909850154,0.24938622150054848,0.0,0.25921987150118847,0.23660363057685416,0.23990412513000672,0.25114998821379736,0.254505424765482,0.24750674547445278,0.26533693970344807,0.24789955726207275,0.2067128687917762,0.25955353999378045,0.22251820605994418
SVK,0.20807106375002918,0.17670675540917022,0.15589763475054236,0.12795139171926337,0.07864832091077814,0.13215147762740334,0.1928736555418122,0.1337122519427109,0.1919773600525304,0.13028969306211138,0.3599217393365536,0.14174680969080386,0.11485173985398427,0.13198601876201468,0.13820308273041487,0.16838827831222164,0.1700149065619829,0.23279139869626517,0.14525152109502373,0.1549974786442852,0.1870559605663057,0.10386825562590432,0.11707619573436517,0.14366405716134475,0.20516622558695854,0.11401862312381295,0.1319859506221339,0.134440362591735,0.11179450443456164,0.10089727260092621,0.14295446588213787,0.22512967969422812,0.13512684488250773,0.13206161076837575,0.15011378128884087,0.16027569156772925,0.16093006035202426,0.1628047606966118,0.1464077899461698,0.11557871808303646,0.1637209077082475,0.12920678577243377,0.1528037394341409,0.34695992114168567,0.13543999347779076,0.2119998676071753,0.1424750584660111,0.4616251222176349,0.11397808911420892,0.21571670141757232,0.14681207119810077,0.16432408272084773,0.32542706047297004,0.15915511620538977,0.22154069498200424,0.13818553641036777,0.14469356680404505,0.1256662288687923,0.15805395640531716,0.15649107956903135,0.19007731461592622,0.12952834029247978,0.08508916949382181,0.1289461679281865,0.12418313750294187,0.1603543918660857,0.17366134715554157,0.15373131916107421,0.25921987150118847,0.0,0.12470763564159973,0.1304516552637813,0.14999194992473733,0.16980007236544614,0.10825370394182797,0.18121613932198125,0.16993173393359354,0.14411982766705322,0.17879564877564597,0.13904910895826797
SVN,0.20014082401264477,0.13911245280981066,0.10859655137442434,0.06190884848340814,0.07828514761974356,0.05716438136438328,0.14962192590013842,0.07126494070922941,0.15897381673958474,0.08537753798891935,0.3443813784056257,0.08554256877261729,0.09911174782495002,0.09310412779513351,0.10311986225769638,0.12319349484737666,0.11967824177899644,0.1966424483862016,0.10814348261676521,0.09472207623496925,0.15049968150751172,0.04918496443660473,0.07500917150223604,0.08592678919244612,0.17122249091511726,0.06361876182586573,0.08638421494941809,0.06696239559414394,0.0641963508635552,0.07001225760484488,0.09800146179774816,0.19920590868602972,0.08807998676714783,0.08351249589070653,0.11586588898829389,0.10843391674647264,0.12076128621486268,0.12140861019997508,0.08553907469488173,0.04764421046018553,0.11603114237907372,0.0907107960911281,0.11059016727408717,0.32992394486271653,0.10657744528825545,0.1828679652445045,0.0936373118412821,0.45167683513661006,0.09497060523091454,0.18034713842189673,0.09934018033540505,0.1631957901017821,0.30035034269910077,0.11456694326358129,0.18702329386889324,0.07111864474310306,0.0756000462175079,0.08306744470602637,0.16746718977475947,0.10197576489195989,0.15758045405535287,0.053127195421315394,0.07509952022787696,0.07682145985695747,0.1001900103221981,0.11197273388712327,0.12158211454971941,0.10515531059878712,0.23660363057685416,0.12470763564159973,0.0,0.08025170845663862,0.12819485396169306,0.11834999868030618,0.09695128870649955,0.15462088680856495,0.12766048630540366,0.09047444946222988,0.14294202469988834,0.08888415436631376
SWE,0.19655655853267948,0.14916824131084933,0.10690671012356631,0.10015071081894185,0.0819288831945458,0.08410655434328136,0.15027716586860676,0.07510968755323025,0.1580033070506944,0.08520195189733734,0.34032266404070893,0.06357087108272494,0.09011290484914913,0.07852568500136167,0.09444264778257576,0.1087544043287704,0.11041884131948143,0.19694383307967336,0.09919698389076675,0.09942011984795453,0.15708507529555066,0.06982382930214796,0.0595196066565584,0.08212892568185785,0.17083630673273434,0.06974085686031711,0.07625923008784824,0.057266657644569424,0.07861318543155853,0.08618791802640886,0.08257393032400319,0.20227234616988654,0.09018056044086557,0.07255120980948983,0.11066202718099048,0.10474579580173245,0.11813055168057389,0.11383038533421658,0.07184942330405884,0.06950877787940747,0.10662327991530204,0.07350530530200865,0.11229072656948293,0.3255733652791901,0.094098397620983,0.17821980406631824,0.09362116850320606,0.45645782098156884,0.11185429444692067,0.1759634952551047,0.09214287657346769,0.1614457887363384,0.2995903029968687,0.11061024877813348,0.1839967356999038,0.0780334074971234,0.08916161772339119,0.09607741766204152,0.1615477985793232,0.09571886547686051,0.15421299568472926,0.0831289749064472,0.09230941809468193,0.0752083634682484,0.0889880301651834,0.10362859548315558,0.12042723042271349,0.11532976045463947,0.23990412513000672,0.1304516552637813,0.08025170845663862,0.0,0.120946639663641,0.11567532781022137,0.10207935864250321,0.14658834540300694,0.12133988773004842,0.07496454511404695,0.14117491846907348,0.07532143984951947
THA,0.20395851039621757,0.17019109636263832,0.09111403245699581,0.13920175293099468,0.12362648904525807,0.12729945317980998,0.13694593431845964,0.10826749476616085,0.1258218043675863,0.09259375999311795,0.35138410115415736,0.11090482149897056,0.12342840958092222,0.11637810992392975,0.08124632821383819,0.11287986630759453,0.10521682003676641,0.175901265387511,0.09874990004355055,0.11280646424198319,0.18152990910456612,0.1167722895934168,0.11235132480287709,0.11993518542212962,0.16123788996016378,0.10275025089235919,0.10781564397904694,0.10732643804771841,0.1194513945563147,0.12919641946677798,0.11387931042663163,0.23141708475113934,0.11282874642464807,0.08798666777335014,0.09100362362557002,0.10251264123873886,0.1259318877669283,0.1346718571228349,0.10953836009960292,0.10999458225352494,0.11437103016899439,0.10835759495619338,0.14454831666361656,0.3311087604907017,0.08710388926796797,0.1671698508938863,0.11745926620148554,0.4675009953305018,0.1510964955284543,0.1443174331969943,0.096888893836413,0.14914214628914732,0.2947639781845023,0.0881589198632602,0.17579253701604344,0.1236816166744337,0.13125017964372024,0.11537413326536555,0.14415787077009637,0.09256006843217351,0.1280352772247015,0.11039262487179698,0.1122777321031761,0.10249991415928521,0.11255268578766152,0.1323974687670355,0.10991406657365899,0.14147138878152254,0.25114998821379736,0.14999194992473733,0.12819485396169306,0.120946639663641,0.0,0.10640396538564983,0.10317110285566758,0.1134998446175049,0.13705343329364827,0.11805575425659316,0.10532824388791487,0.10520315167572916
TUN,0.19411999084241496,0.17212456820021682,0.07588855732726303,0.1319629296334317,0.13050307188590832,0.12218307508756625,0.1122913617032699,0.1034480515226768,0.0984192505231351,0.09516668253687437,0.3509342673229732,0.10567361403787505,0.13662735504315945,0.12009520577684114,0.09819074498929001,0.1050006829581603,0.08629322631144287,0.14892431027730352,0.09517800777413399,0.10230508385734749,0.17285446451273268,0.11605356639176594,0.11291459464621639,0.11501697334670022,0.15958667560251283,0.10373365329768196,0.10872698740193773,0.11041252635249124,0.11717697210107768,0.13288805206408796,0.10819697212357368,0.23248199465341707,0.10566202922451318,0.08474142288378418,0.08910027262359804,0.07900688738900696,0.13232466838818724,0.1317564897016151,0.11432106787177117,0.10966944131013888,0.11781359187652364,0.11751382425485074,0.1373224656167968,0.3171495375942285,0.12386628213032834,0.133445214195223,0.10082383576599652,0.4708813081920872,0.1423108926410076,0.10063041128946343,0.1054517677381576,0.18872792196918453,0.2672882768829114,0.10839549265540988,0.17359953060196992,0.11973162354242899,0.1272354854005918,0.09984334284841699,0.12774797029522494,0.08504221428701265,0.12376445658981108,0.10194688520146086,0.11871945715932923,0.09550104953632148,0.11628726290505252,0.12438203316432155,0.07504369554430873,0.15106935082127096,0.254505424765482,0.16980007236544614,0.11834999868030618,0.11567532781022137,0.10640396538564983,0.0,0.09754893439023597,0.16912331303386563,0.12941788680478902,0.1136637946566812,0.10466573595533238,0.0991841590877906
TUR,0.18614107304024752,0.1580342881350773,0.09123809767343674,0.10309778285530295,0.07533711278410514,0.10293958776807531,0.11836510069399163,0.08168481152172051,0.12243535590524274,0.08210776124620574,0.34689898908043704,0.09844400830541838,0.10333908331455599,0.09865075015383787,0.08053795353521886,0.10913958911920098,0.10571803372530465,0.17209412622646056,0.08838364018543862,0.10271904627579308,0.16668184377404016,0.08745221193230512,0.09732641967420823,0.10549462492258321,0.16563310950491134,0.07783619667514285,0.1007986665837305,0.09693027739014098,0.08555139588095755,0.09234594389498627,0.09692970013999395,0.22157160055321737,0.09339890088446018,0.08585777840162198,0.08882248043457387,0.08870082170570352,0.12767083085992278,0.1286377014716115,0.10575966414258359,0.08118485834594992,0.11465237559707715,0.10031211759826762,0.12150159441235171,0.3079754481925152,0.11083286118346514,0.14978207992923126,0.08431582403309663,0.46166081318387353,0.1077489028761959,0.14604679787460445,0.10095121929631909,0.16542231722060735,0.2756634332237848,0.11401587816652585,0.1735268590330007,0.1055276100661036,0.1145446679844937,0.08252453462276418,0.10765413354506362,0.090173403885914,0.13430596057394892,0.08625229195395284,0.06446175456147399,0.07403938175860703,0.08784490074833105,0.12248063457119791,0.1053383171023977,0.13426684977939737,0.24750674547445278,0.10825370394182797,0.09695128870649955,0.10207935864250321,0.10317110285566758,0.09754893439023597,0.0,0.15694627094217614,0.12001847472015166,0.11033051388232674,0.11358506928530149,0.09520975077155884
TWN,0.23364777602305392,0.18165075227723076,0.15262543714433813,0.16922849959990927,0.15446088507880876,0.14920849875020295,0.1914296241909505,0.14688097842918957,0.19574061786989422,0.14052047836810472,0.3509828480607386,0.14591876405106458,0.14767295409853806,0.15437434473585943,0.11530113167060821,0.16780372683557407,0.16905048558393934,0.23227838483892466,0.15268488519212706,0.1638475845537836,0.206454464173855,0.1484874669673341,0.14154176207881333,0.15409787032268035,0.2076535646648365,0.14498981533345182,0.14049573558006018,0.12670400730429213,0.15343634781146465,0.16019724619692005,0.15345897188688581,0.2418254057436048,0.1550550267742128,0.1346104338921477,0.161445921872521,0.15191414458652772,0.1601896650800806,0.1711408561805043,0.1260087184362528,0.14232007144078548,0.16225290238697163,0.12651598210352263,0.1717638606229021,0.31704432206048266,0.0917872875643256,0.21771888775805584,0.15925737784417093,0.46725507415928996,0.18025969183024415,0.2101959770883652,0.13623522565450533,0.1553907441436418,0.3231092305280403,0.13751273741456105,0.22361162419075362,0.1440676948140126,0.1586807846080801,0.16645631546176076,0.20036066385199133,0.1570827092797271,0.18927164863896964,0.15173931402187224,0.1565329964825028,0.14948306741139172,0.15249330564293126,0.16071713831102563,0.17349574915404029,0.14774801821664757,0.26533693970344807,0.18121613932198125,0.15462088680856495,0.14658834540300694,0.1134998446175049,0.16912331303386563,0.15694627094217614,0.0,0.15680690626515592,0.14544483942326797,0.1588079334340668,0.1425371999401946
UKR,0.19878362087158635,0.17886962334195464,0.10893915286625538,0.14177626983020888,0.13406559621576344,0.12586484108570375,0.14035840661703244,0.09191799562079356,0.13411142824574357,0.11050617370830247,0.3532312788768149,0.1146998311514176,0.13718411700682345,0.1229516372257402,0.11320383343287159,0.1176817751040631,0.1260750000600431,0.17779790757335523,0.12246524388168195,0.11862367921220611,0.18825281977010855,0.12167978257576682,0.11978079200328219,0.12048542084678934,0.16990184368636319,0.11152498374510694,0.12525938091163252,0.11718833227021874,0.12336678651995375,0.1365469593433529,0.11998198783551559,0.20505938756599706,0.12205829085069722,0.10081492304723687,0.12249726013725311,0.1182974876811987,0.1332724951993337,0.14109618929657478,0.11867681422256464,0.11595228099604263,0.1227125818135786,0.10665055525572106,0.12979768410461417,0.2515207879559245,0.1285768301800307,0.14725285607305824,0.12549183251793336,0.4555856776338241,0.1520760462489855,0.16606650881219726,0.11782020079039082,0.1948790244431915,0.24933940919928885,0.11724099411113599,0.14235855516793228,0.12441479541762203,0.13502147034674652,0.12922499964755513,0.14535352464062984,0.1142802167608862,0.12171327330081172,0.11232004416743435,0.1309864037389131,0.10352916716864086,0.1166145915023588,0.13043011016108796,0.1244051049087692,0.15375961079802922,0.24789955726207275,0.16993173393359354,0.12766048630540366,0.12133988773004842,0.13705343329364827,0.12941788680478902,0.12001847472015166,0.15680690626515592,0.0,0.11846664959352839,0.13143208009726917,0.11228437136091377
USA,0.19782465529981025,0.15180248916497927,0.09388492176694824,0.10359204811231704,0.09449495770879522,0.08312946788773053,0.15153089633112718,0.08350448568079731,0.1551619033376446,0.07233401540164856,0.3410034163244884,0.052384976168840455,0.1013424368434886,0.08773825881246308,0.09817147665477347,0.11493756265717765,0.11052621113037447,0.19445699112019604,0.08811907132896042,0.09265685006166646,0.16237574347142117,0.08533377270084581,0.06507331997366889,0.07817758064769949,0.15760051536962208,0.07464274472348119,0.09451578938566922,0.07677981498691527,0.07056770271091531,0.08490353052399612,0.09057108062889849,0.20219286789190896,0.09595612378670317,0.07064386145272145,0.11173266688909693,0.09979891152983851,0.09998661074872517,0.1091094289765758,0.06415715605618191,0.07345348019571277,0.10583653130592843,0.08347607839981094,0.11090253586302914,0.329820955748981,0.09806151553092107,0.17834924161960772,0.10024889660759838,0.41704863001996695,0.12998804392847477,0.16990428846534497,0.08293295797242664,0.1643964647935107,0.2994010814909409,0.09481714378352128,0.17820449423648982,0.06816323226737615,0.09280782208986711,0.09850342092195721,0.1622847724687372,0.09099104525993894,0.14545860962774212,0.09167446482035566,0.09433190762250543,0.08494948352850384,0.09356691555508415,0.10709569590234129,0.11814100015532704,0.12014705504142978,0.2067128687917762,0.14411982766705322,0.09047444946222988,0.07496454511404695,0.11805575425659316,0.1136637946566812,0.11033051388232674,0.14544483942326797,0.11846664959352839,0.0,0.13947056824384488,0.06683380977607155
VNM,0.20049450757246107,0.18055842513066264,0.10800135308463565,0.14996034093752456,0.14673614443351207,0.14304831564889908,0.09987477306415316,0.11837106592004212,0.11084653699393293,0.1212194522138745,0.3506638111375348,0.13207025729816085,0.15194491985183545,0.13407222655575762,0.10509316449536778,0.12294726691851236,0.12450279633450165,0.1540736627026512,0.11988442051472563,0.13334626840492902,0.19383434048640177,0.13848226726005353,0.1384117523714113,0.13906146092755126,0.17527255110632783,0.1287641158002476,0.13145980118831127,0.13081778498121602,0.13886433890030048,0.1501868905366761,0.13218100845163164,0.24619231149586387,0.12908891144686513,0.10870409870321203,0.11556282903042296,0.10562605645578853,0.14657275659967633,0.14391206924564678,0.13324154878192412,0.13194898898471508,0.13804051216663854,0.1394653400838248,0.14475673859761282,0.29801209170986676,0.13310084925571716,0.1182864056319865,0.13502123123778825,0.4687805802072549,0.1626088155436001,0.13750793298994676,0.12422914689351798,0.18430480746309982,0.23105183247443883,0.12632386180383653,0.1719589367923386,0.14193954632461173,0.14736692582590732,0.124100162606991,0.1250622226482485,0.11544021621401243,0.13454550585580502,0.12478663873033193,0.1352768631694666,0.11800982779497125,0.13608840678735765,0.14960808095371364,0.11746117929521784,0.16370447242734215,0.25955353999378045,0.17879564877564597,0.14294202469988834,0.14117491846907348,0.10532824388791487,0.10466573595533238,0.11358506928530149,0.1588079334340668,0.13143208009726917,0.13947056824384488,0.0,0.12674722938915248
ZAF,0.19376412715663438,0.14281749065779914,0.08483231447303369,0.10134972115968224,0.09422541685553065,0.08478985776099536,0.14266850835213424,0.07191087403261102,0.13882483740885984,0.06560477626932845,0.3317930143048905,0.06124196037030873,0.10452557499780164,0.08575534359255753,0.08219826489508637,0.09865801605139302,0.09711184925734409,0.17797605999603194,0.08073900876380484,0.08628464394123557,0.16508322058596964,0.08019652518099223,0.06926596519806434,0.07923106652922454,0.15987365202954032,0.06713772207495926,0.08926638701878835,0.0702750816274365,0.07912189147894548,0.09076895464048668,0.07978194302627369,0.2063615341619611,0.08663015918994826,0.06072524448637028,0.09440478552466541,0.0861154295272036,0.10647127724951479,0.10729976431511454,0.06851715994133473,0.06858651472459078,0.09383072252025351,0.07400215836401729,0.10796656303408507,0.3239227517872643,0.09024914248174672,0.16701680563782914,0.08750085487684227,0.4444006394429729,0.1266253385199801,0.15386558472084372,0.0768023111101135,0.1656243758674653,0.29467406352430897,0.0913561314996513,0.1705410615109845,0.07603869341943092,0.09405440288446053,0.09173727464287143,0.1519057894874641,0.07790434457007467,0.13106733956091582,0.08045887098817216,0.08869719949153693,0.07242593298216836,0.08499162052269409,0.09793707801889401,0.10261339291477041,0.11876588422081247,0.22251820605994418,0.13904910895826797,0.08888415436631376,0.07532143984951947,0.10520315167572916,0.0991841590877906,0.09520975077155884,0.1425371999401946,0.11228437136091377,0.06683380977607155,0.12674722938915248,0.0
