,AGO,ARE,ARG,AUS,AUT,BEL,BGD,BGR,BLR,BRA,BRN,CAN,CHE,CHL,CHN,CIV,CMR,COD,COL,CRI,CYP,CZE,DEU,DNK,EGY,ESP,EST,FIN,FRA,GBR,GRC,HKG,HRV,HUN,IDN,IND,IRL,ISL,ISR,ITA,JOR,JPN,KAZ,KHM,KOR,LAO,LTU,LUX,LVA,MAR,MEX,MLT,MMR,MYS,NGA,NLD,NOR,NZL,PAK,PER,PHL,POL,PRT,ROU,RUS,SAU,SEN,SGP,STP,SVK,SVN,SWE,THA,TUN,TUR,TWN,UKR,USA,VNM,ZAF
AGO,0.0,0.20095912581096767,0.19152040723931804,0.20379725165606707,0.1935432039250051,0.2051562293879927,0.2227916247846206,0.18906376350117798,0.22066642890285446,0.20510748350270364,0.33184394354433544,0.19753463213521,0.19984477705559578,0.19730672658096082,0.19750963748032924,0.21033602670225965,0.20679132977106365,0.19440795294676058,0.1956120570850647,0.206339745832614,0.23018977432623708,0.2003976471710965,0.20537733215974682,0.2023439143102299,0.21776929871158088,0.22902134303177027,0.20467159152523315,0.20192039854062063,0.20032726408653176,0.20282916354089822,0.20462679030451403,0.26106761146303664,0.1917836115585234,0.1950941513487665,0.19948642394344562,0.1956501610879119,0.22245868332592875,0.22423671700567788,0.2062692061855382,0.19965143011817868,0.2029777766037154,0.20625114691960214,0.20016325953011602,0.4046589593054809,0.21162007910933475,0.19658818051194568,0.18960259483744704,0.487276137834903,0.20394584687425285,0.21959304263760643,0.19616166963334553,0.24512634957029458,0.29270721067812433,0.20649276376549708,0.25367151822598905,0.20811013055449237,0.19703951268740746,0.1965324411625892,0.1914736343015321,0.1990783907517719,0.22876455697247836,0.19766130034870746,0.21226460225779545,0.18148500141968107,0.18843484682216127,0.21208265725756836,0.21198519819383263,0.2343996756700932,0.26913472409586375,0.20042580348100272,0.20423614592315847,0.20367047583877948,0.20234088821425153,0.208617988185261,0.19117317264340242,0.21857402614929872,0.20107964575740928,0.20306216597366025,0.19920221446392908,0.20056768124574423
ARE,0.20095912581096767,0.0,0.16328286195474634,0.11820575250902671,0.13804323624077317,0.12382132083681942,0.19838811705469736,0.13437819715564356,0.2075882134552654,0.11835250693714716,0.2434022650397738,0.13947582390885746,0.15419024680324714,0.155280831392027,0.14742870147773662,0.15773390084182773,0.1712306369544646,0.18456255980027714,0.15592184331613873,0.16016146793867292,0.16313002451959516,0.12400027110277632,0.14326652850848962,0.14644447666248012,0.15996030927584728,0.12043344209782703,0.15142240136557666,0.1346447965441,0.12766791628458488,0.12324630940681916,0.15437771598869032,0.21647057654146631,0.12308294926931039,0.14536494558598675,0.15712084147876917,0.13578031173169117,0.13532768642053236,0.16528386709790427,0.14456222949318812,0.12616680917815687,0.14545753013021331,0.14675269273157668,0.17148057582451273,0.39129947474856414,0.1535530836213947,0.20767614225926137,0.13185745043044267,0.4596733310950189,0.13616820359712228,0.1969493891994424,0.13682697323257104,0.20903579377837053,0.33055425132714944,0.15795134928285773,0.2403654326381841,0.1236616376349477,0.12640954354352685,0.133713365031069,0.20823418353193832,0.14684459673720632,0.21261353358844712,0.1305909603965486,0.11898747930831571,0.17174023604221708,0.13424847816918167,0.142615413873363,0.16841962858974852,0.13551477290843084,0.22916023491548054,0.14890146464924175,0.12016987026993992,0.1437376383156486,0.1567466367709486,0.17929947235892196,0.14052678364995025,0.16195496832457293,0.1838480043910476,0.14542766967448087,0.18971194449244658,0.14070628934723084
ARG,0.19152040723931804,0.16328286195474634,0.0,0.11248202249346054,0.11338372829112142,0.10558311695734232,0.14175097637811987,0.09058542045461794,0.09690404391563008,0.10212772098845148,0.29329588833648085,0.09938858338971988,0.1210004639531209,0.10538214085346496,0.08868927454504048,0.09954297689417271,0.09271734545603703,0.1038970392430911,0.06119396298253684,0.09326575527334158,0.14924792631147954,0.10779813590057091,0.1135414462296755,0.09980561093867778,0.12126967647848563,0.14797350182269017,0.11036752413578226,0.10831861615036663,0.10533500504741006,0.1194286615214076,0.11253826622901146,0.216251704765012,0.09353931783471811,0.07702440503564445,0.08480165694397113,0.07612032641623609,0.13363587883266614,0.1441054443998866,0.10821830004321602,0.10215178057039252,0.10120302103103197,0.11209168924910358,0.13984353632327012,0.36860958771339597,0.11064639723165351,0.13423383224112187,0.09056828011344559,0.45214995213359316,0.12062820191514573,0.0904188678525692,0.08759966067586891,0.19698409994084565,0.2613386788985543,0.09289932895148102,0.17361101379052943,0.11502047363661087,0.11100412356640225,0.09313478864937084,0.12360830500452857,0.08661580330235213,0.10609243086900592,0.09050281165073067,0.13094186639353916,0.09497168944114721,0.10258058995836893,0.1270758332892246,0.07367085251597014,0.16703061482153386,0.20829508197531613,0.13453322496818607,0.11759622376543587,0.1141849977756841,0.08700275122517245,0.08384194270792363,0.0945925953158756,0.12851519057680588,0.10147713949117565,0.10586354441673786,0.09571373511646855,0.09798889131517834
AUS,0.20379725165606707,0.11820575250902671,0.11248202249346054,0.0,0.07456612367079794,0.05971860184527856,0.15869443609320613,0.0785353460331753,0.1603807943935381,0.11201134094935015,0.29479071805675555,0.08064306741689571,0.09481498611541099,0.09693467876870404,0.10181435093401837,0.1167421754773759,0.11852626112596232,0.14481985805385025,0.10059903682702769,0.09967433600521414,0.11180588452845225,0.05888187865646706,0.08218956386464864,0.08628339355226447,0.15468588667877814,0.07775114761376054,0.09349715609193351,0.08033781496124691,0.05525555965344417,0.04721900664613447,0.10034822678676322,0.1850481101037228,0.06000706535869091,0.08394615787926,0.1069469557284038,0.09053705094269923,0.07517690994365399,0.12149693709567655,0.08515989992328864,0.0595680725221824,0.09825518820068437,0.09345894817994939,0.1322255252822764,0.3753463951489208,0.10615619097552781,0.16594712476560905,0.07616967860558312,0.42716814567521144,0.07785189176624187,0.14990907186398042,0.08944042736961096,0.18085462921278636,0.30041744796429065,0.10876102941144239,0.1975665174922772,0.044435051912579605,0.07438892148907303,0.06359768759162836,0.1657825507560041,0.09385268913078962,0.16733337670911444,0.06616901872500454,0.060327571424060436,0.12277188500445024,0.09962031373957166,0.0968532826974149,0.110143793357511,0.13116836052024214,0.18341355383856375,0.10400739126114865,0.05540612057180329,0.08775070657640978,0.11272345403224493,0.1313871448024156,0.08775376122778719,0.1221948862733577,0.13649937699721681,0.07906268263724202,0.14877136901129487,0.0850987865614922
AUT,0.1935432039250051,0.13804323624077317,0.11338372829112142,0.07456612367079794,0.0,0.0645739045122894,0.16173600274245561,0.08865698192655912,0.16585460246080544,0.10317327977065677,0.2948711110555722,0.06915299639820052,0.05967655489919006,0.06913179844501142,0.09155717219014234,0.11174359847897092,0.1221936830377669,0.1518105705818081,0.09427300361818337,0.100942603368927,0.12450294759854652,0.05499564466915315,0.06309346441236012,0.07599280495023239,0.14968712345366547,0.11848743920115096,0.08475385745018488,0.06855258942054769,0.05776168014395281,0.06130958409054238,0.08783357685114343,0.1791750456423091,0.07032178483649067,0.07655562429954649,0.10637642799723902,0.09956517286009763,0.10820872693925744,0.11967342054043074,0.07207819595153092,0.05721193973077635,0.09831868106246291,0.07589975254345245,0.13265220528412558,0.36960124291953395,0.08955945384483936,0.16280858086035851,0.0757952166600394,0.4324705382841048,0.0859024249780892,0.15121646378367049,0.08371896473580333,0.15771423953885946,0.3091567302428365,0.11538802180744906,0.20216548998006922,0.07450381915268334,0.08143550357754739,0.06984932329395403,0.15009187776795802,0.0987600763188442,0.1682224076196833,0.07000127311999917,0.0875132552845535,0.11521973437018396,0.08243531931301659,0.10907810372226451,0.11790433374782784,0.1340284661714911,0.1865525475835824,0.07193941587833266,0.07170484086026267,0.06123893071925331,0.10023195712520225,0.13353279964481227,0.06738025540529811,0.10859114550879045,0.13625242936260354,0.06950450499064635,0.1507491743018742,0.07698042641495617
BEL,0.2051562293879927,0.12382132083681942,0.10558311695734232,0.05971860184527856,0.0645739045122894,0.0,0.15655512845112488,0.08056841458161484,0.16000811788820005,0.09352229452952411,0.28840759469069677,0.06345144170502498,0.08130765951228193,0.08246986921574981,0.08735823748476126,0.10561907639653499,0.11401491812761982,0.1462666809829852,0.09496467793596375,0.09097503874212128,0.11719250808352154,0.0545215951443895,0.0616964176618222,0.07285403215372181,0.14959829548997275,0.10132626975986869,0.08078257916272162,0.06612732550423027,0.04418196589314316,0.053050709864073634,0.08860669910031804,0.18191898171872892,0.06383198482489526,0.07024136060753981,0.10180676027909641,0.08961574304676197,0.09421047014494757,0.11337531609938131,0.06052084164306803,0.039958042689619916,0.09360362272992331,0.07386138353074626,0.1299640577581059,0.36701253337178774,0.08715708830523551,0.1709972943935734,0.06895345832744272,0.43321608886349317,0.0827230357596389,0.1470188731549683,0.07499028196973441,0.17922264949972988,0.30853731167988985,0.1104209418612606,0.1956079871991729,0.049735956101971866,0.07206805409945788,0.07232072080345414,0.1702290470958247,0.09038736105306579,0.165918047249549,0.05623801266860653,0.07892245255767613,0.12667609003402652,0.08983549453271349,0.09743316691545158,0.10385237864699357,0.12477667667372742,0.18711911077376647,0.10205685140683025,0.054886686192882964,0.0697110021242277,0.10176231151744676,0.12687206280316293,0.08636644172041007,0.10302487421203457,0.13073101973273596,0.06231844737384474,0.14916582180791307,0.07356599242570398
BGD,0.2227916247846206,0.19838811705469736,0.14175097637811987,0.15869443609320613,0.16173600274245561,0.15655512845112488,0.0,0.12773725642710315,0.15124670981256716,0.16510083023640726,0.32675942381097767,0.1576286008913256,0.1732347156207985,0.1620388787154655,0.126615470751446,0.1468124023004293,0.15498935451324988,0.16421450033379237,0.14667148448033931,0.15334397840370154,0.18189222566733462,0.15649363783258907,0.16435201419605672,0.156140812731654,0.1878121754867274,0.18182448218167213,0.1554534780329967,0.1585790445414676,0.15514206919860254,0.1638285974545485,0.1573791261355579,0.2343072210746594,0.14650640067316867,0.1447213114651904,0.15001774901048484,0.13482323126907395,0.17880912239234964,0.17576413176772884,0.16349293311762972,0.14359953782574628,0.15391732399804564,0.16339140088523696,0.18104282007228004,0.3744328711865896,0.1594499180145348,0.16198050060009697,0.14044821044996617,0.46564483389550576,0.1612191884490918,0.1623129022310097,0.1537312110442608,0.22680893712574582,0.2472265359089359,0.17393005165590622,0.21070640284080336,0.16405423396687863,0.16314207660005178,0.14990598657086185,0.1567816973364738,0.14468827834755627,0.1749812893657367,0.14849213936808422,0.15824427264594798,0.13827114360726858,0.1626071714840604,0.17625352271761852,0.1471531217085468,0.1999071210186491,0.23564330429104757,0.17799754624837716,0.15257108118757656,0.1629185109690321,0.13437174811596977,0.1157683219914383,0.13811957445537576,0.16989135303087052,0.15344405397149713,0.16182890886127857,0.09144431138738542,0.1580658901800744
BGR,0.18906376350117798,0.13437819715564356,0.09058542045461794,0.0785353460331753,0.08865698192655912,0.08056841458161484,0.12773725642710315,0.0,0.12450095038685968,0.10720366867498868,0.2950496855302723,0.08963815335224938,0.10864550727362658,0.09811317693676136,0.08142134232758791,0.09416290446724457,0.10617959549873246,0.12301214191569541,0.0921552653020994,0.09923656662171086,0.12792371525885265,0.07596611112559645,0.09661718949828546,0.08968246476298744,0.1476990135894038,0.11054897545366146,0.09402110092188613,0.08270731367055345,0.07812967821049975,0.09003797104618515,0.09806246164378418,0.19659895178121523,0.06111976017510549,0.07041164788363342,0.09670809665830903,0.07201158153425341,0.11224391541661202,0.1258970598418653,0.09749178271104351,0.07356221872782281,0.08537770824301665,0.09472530341158977,0.13078597734463437,0.35297740986239473,0.10333731468605106,0.130036000543407,0.06013591029892908,0.4500549166077328,0.08808599327968307,0.12495258373691746,0.08663491520156066,0.18524627855919235,0.25443958678343115,0.11582320863187666,0.1739357911347292,0.08960514642599883,0.09232737988182943,0.07810609571417151,0.12831028783057805,0.09152878635269239,0.1437995736561606,0.06158586618253136,0.09369247472651872,0.08010369268168253,0.09198656058545727,0.11284944141392915,0.09514341485363742,0.14497085955407862,0.19944641414811842,0.10872020430059773,0.07926495773107008,0.09231565958851234,0.0963207448057979,0.10699177339765735,0.07885110572620212,0.11845575745664488,0.09477633778687175,0.09728067878482934,0.10922203354782455,0.08765779901036537
BLR,0.22066642890285446,0.2075882134552654,0.09690404391563008,0.1603807943935381,0.16585460246080544,0.16000811788820005,0.15124670981256716,0.12450095038685968,0.0,0.15857927244352021,0.33182781050241394,0.15630460837903123,0.17375408638749948,0.15380351318064478,0.13958371067069278,0.12492374199482337,0.12203224761141881,0.11368702138728255,0.11544092787632661,0.13485307488936896,0.17947273957801796,0.1552373439718014,0.16509202175723264,0.1511148312783891,0.18043219931788868,0.18131786868452432,0.15806229755075216,0.16066923203628072,0.15575723551093826,0.17227918280447763,0.15682127505485297,0.24793872407216894,0.1381169150380314,0.11728981187927053,0.12553323411495632,0.12975800799382842,0.1699158130734921,0.18368188525795295,0.1652823906196234,0.15620924861885951,0.14499754702674794,0.165379306076255,0.1895326862843776,0.38799582338941707,0.15932515126131597,0.1344579226065032,0.13526759467319582,0.4695395709452372,0.1633313765671367,0.08175512624962136,0.14856046488394137,0.2294168831235296,0.22878582616611137,0.1409208783897364,0.15818061621357013,0.16420247334058147,0.16512803326184308,0.1365317621304551,0.1312038410943997,0.1411555863749009,0.07708988599335397,0.13470733934218135,0.17046280721156967,0.10576928720764374,0.15846193723425217,0.1844988788944289,0.09845940194747792,0.208468144484592,0.24158978758710933,0.17574835884472728,0.16513968801893972,0.16694466745560713,0.12834822924143338,0.09813488604456469,0.14008632406802132,0.17845097530609663,0.12237437874296525,0.16385870089510735,0.09693206448287461,0.15148088026263656
BRA,0.20510748350270364,0.11835250693714716,0.10212772098845148,0.11201134094935015,0.10317327977065677,0.09352229452952411,0.16510083023640726,0.10720366867498868,0.15857927244352021,0.0,0.2387447721264147,0.09472958704500899,0.11347442454640388,0.10853019251916067,0.09887867389957646,0.10760347229209961,0.12359094406848102,0.14948557154960124,0.09709573183123195,0.10869113137527485,0.15021512213552163,0.10491197585613109,0.10004569425771227,0.10233989466485018,0.11698036368242071,0.14676904649170452,0.11414003019021307,0.100806494685008,0.09834784013259223,0.10929380493911886,0.11634526128683008,0.1967544256896313,0.100273262692285,0.09054490043275064,0.10914424808255546,0.09444685672540844,0.13907059671194572,0.14416404905535016,0.10106515734557865,0.09439018125358034,0.11136788524713535,0.10430476003885689,0.14362682057466,0.37860518690938827,0.10731872005375154,0.16701018721467195,0.09207050637793425,0.4436470131622124,0.12491931431456617,0.1421157215738937,0.09137854363094114,0.18991932722354948,0.3043061106925323,0.11263245036730178,0.20537803093408386,0.110653996539224,0.11067476403968311,0.10808264722678215,0.16167579620001787,0.10205267281236557,0.15650934839327796,0.09442604769439795,0.12800562592311376,0.13329387248244973,0.09907542197563927,0.12289950649264525,0.11915802335737395,0.12848592826093408,0.20358901347414954,0.12364698990828789,0.11310355959001205,0.10568758956560757,0.10120852503060725,0.12589753709888146,0.10220603161167317,0.12077209343506055,0.13982336610073207,0.10025372248176988,0.14449251441636954,0.09312367623424786
BRN,0.33184394354433544,0.2434022650397738,0.29329588833648085,0.29479071805675555,0.2948711110555722,0.28840759469069677,0.32675942381097767,0.2950496855302723,0.33182781050241394,0.2387447721264147,0.0,0.28473274550075506,0.2994201094138273,0.29752242826710196,0.28763891687586823,0.28973504467136,0.30359544344763245,0.31950139309599457,0.2885578366189038,0.3051777200515158,0.3157866300083116,0.2956412062820677,0.29078510060221385,0.2922684609292504,0.2506278094444922,0.3124595535657717,0.29853017351527733,0.2895580109553611,0.2915740289419947,0.2935978720474826,0.29696890075539123,0.3417506374640108,0.2920474946957787,0.2930193767088279,0.29691983372871994,0.2808292341325478,0.3097464861947453,0.3090509242240654,0.29005743662944755,0.2894442498243593,0.290926143352158,0.2924053647178294,0.29187304950709675,0.4662571449113596,0.29713285684987834,0.32563011511026796,0.283628166697707,0.526581385798786,0.30290195510044293,0.3249577259849457,0.2836953200790746,0.3366103279232463,0.4135261135238856,0.2864695513496784,0.348207878771496,0.29640234439228763,0.286448370886103,0.29949210172185914,0.3240158398579701,0.2852086034139117,0.3315366591475303,0.29211108113567646,0.3053134366252069,0.30983357774529136,0.2805179506829512,0.2950903300168625,0.30990611405690704,0.2751377891194009,0.34106183825327074,0.3044977874799464,0.2978123483306514,0.2925184766667728,0.2925398549645011,0.3109743864464726,0.295746788493081,0.3009687113764397,0.30851499451316805,0.28874347019521035,0.3123750562625498,0.28365962313657134
CAN,0.19753463213521,0.13947582390885746,0.09938858338971988,0.08064306741689571,0.06915299639820052,0.06345144170502498,0.1576286008913256,0.08963815335224938,0.15630460837903123,0.09472958704500899,0.28473274550075506,0.0,0.08545777052458942,0.08172760472103328,0.0774495038706964,0.09871508493364028,0.10873955080237489,0.1406064760571566,0.08774060341704491,0.09608351071142372,0.13218609982960688,0.07144877299033793,0.054848798469303135,0.06958747911216179,0.14229559404410522,0.1315981024064003,0.08388518297226627,0.0620947981948725,0.060146995552043794,0.07466241174522542,0.08079120705175588,0.189946234661257,0.07916881770686443,0.06361145384423524,0.09505862322907645,0.09065665496319916,0.12066517257788123,0.11764429895366826,0.06114958819105677,0.06078900718122539,0.08932195868292332,0.05998714325827065,0.1215884120238754,0.36847353672002353,0.07693845888061082,0.16470863517779372,0.07298433273845231,0.44279304050387347,0.09938565851994197,0.1418668488983984,0.06933542018332793,0.18094348163223253,0.3020655797956065,0.1077214230013307,0.1933672235009505,0.07661124223508929,0.074473381121225,0.0816903466623538,0.16432399327691966,0.0818572090531303,0.16390006508336252,0.06805994507665737,0.1070429682777816,0.12643805479998596,0.08517979193850146,0.11077021828303496,0.10739251803677814,0.13703376650705842,0.1887146418660058,0.10920921575260073,0.08084479634067467,0.054593105066780556,0.09369124396797648,0.1223131421038807,0.09027376873243506,0.10224799294616123,0.125133137196958,0.05422100263720115,0.1451363203088113,0.0630810109756866
CHE,0.19984477705559578,0.15419024680324714,0.1210004639531209,0.09481498611541099,0.05967655489919006,0.08130765951228193,0.1732347156207985,0.10864550727362658,0.17375408638749948,0.11347442454640388,0.2994201094138273,0.08545777052458942,0.0,0.08487021641153407,0.10556373350299435,0.12200890990277354,0.13020195620735087,0.16237887074930318,0.10575142626565048,0.10588431744604723,0.1378499670208216,0.0835655270565762,0.07984556269920032,0.08682001865082115,0.1593277341100287,0.14142382416687146,0.10064811709375612,0.08790834815123473,0.07851615247066515,0.08058422387318284,0.10109913173529325,0.1724023952143361,0.08871474050844375,0.09009625331811515,0.11867508905796298,0.11737316570913932,0.11652077555576094,0.13102405689369,0.07865800992162751,0.07855823328110209,0.11456521831237546,0.0925383477490719,0.14201922722851043,0.37977757187668504,0.1014631697430048,0.1710619221076045,0.09210792603213915,0.43116371358550887,0.10498045829787443,0.16133681497717464,0.09401304101888576,0.1501318035536774,0.3148487519773807,0.12278545389130043,0.20355330776303396,0.09040093565196072,0.09602573541687753,0.08907624584124607,0.15829038150576724,0.11286754562525564,0.16958459746874055,0.091350287055022,0.11131623782239412,0.12823115127046011,0.09914375012870451,0.11978665186669023,0.12789564142246077,0.12748086347945864,0.19203949860732886,0.09734105414752836,0.09566846723496025,0.08487073184253942,0.1096307416606504,0.14357083723425984,0.09082389723169876,0.11104779029627744,0.14747151884570794,0.08106189740121617,0.16125248058109146,0.09318083075304821
CHL,0.19730672658096082,0.155280831392027,0.10538214085346496,0.09693467876870404,0.06913179844501142,0.08246986921574981,0.1620388787154655,0.09811317693676136,0.15380351318064478,0.10853019251916067,0.29752242826710196,0.08172760472103328,0.08487021641153407,0.0,0.09816139605737817,0.10782825281479899,0.1111590179668334,0.13892349258080472,0.09046052544668251,0.10451226081682914,0.14139025379050932,0.08245487955949628,0.08817697860791157,0.08574226117368461,0.14888156538056646,0.14274700135899127,0.09766062552998574,0.08748193248226303,0.0816989656670417,0.09293977738616302,0.09027110644113777,0.19886774889285852,0.08529263129203359,0.08149177925367874,0.10460927612572811,0.10664746878712823,0.1291514549863775,0.12179369043635045,0.08230939285689688,0.08140509450064286,0.10331180827695498,0.09665663707353644,0.13843673457085157,0.3766737328391504,0.10322937511824089,0.15530951203119706,0.08403017206597038,0.4518207746996809,0.1050935269198574,0.14108191143609486,0.09365942179249619,0.16967709424915325,0.3016665170794104,0.12145464509162145,0.1952905014138066,0.09654821312482592,0.09464273815396941,0.08037114508885017,0.14709003164158987,0.0898751634747599,0.15164779571917772,0.08524097927176834,0.11347641621274077,0.11433536932296635,0.09191774871143665,0.13102599480799818,0.10250405663994527,0.14832251960230602,0.2057926166099431,0.10224231314453135,0.09685057618244557,0.08227766267377258,0.09911780623191989,0.12546201029640303,0.08282088436145044,0.12270460819852357,0.13596544277209138,0.08912975303533366,0.14157657783254363,0.08673413844000515
CHN,0.19750963748032924,0.14742870147773662,0.08868927454504048,0.10181435093401837,0.09155717219014234,0.08735823748476126,0.126615470751446,0.08142134232758791,0.13958371067069278,0.09887867389957646,0.28763891687586823,0.0774495038706964,0.10556373350299435,0.09816139605737817,0.0,0.09874977715544572,0.10656102024889921,0.13504718147903988,0.08527574162786129,0.10887572495045554,0.1454518213539836,0.08422585574831387,0.08591554681680771,0.09138245547656147,0.13488561932264348,0.13846008511184038,0.0985216988367671,0.07407791487732687,0.08992023441571832,0.10494325961176781,0.1013670177766329,0.19811498591897064,0.08839029711790895,0.07228162151880257,0.08933146225424511,0.07352950541437629,0.12955283864536787,0.1271745179760809,0.087486329286889,0.07488932290900932,0.08818637490508822,0.07420648556564421,0.1338736145183002,0.3520539126331099,0.06434454152797453,0.15581640924431783,0.08208475746953733,0.45375116229338586,0.1112906346976373,0.13273192445247003,0.06642647633946551,0.16885632032140122,0.2870308670866324,0.11110269056308023,0.18984156675589892,0.10634741737608133,0.0963374401832319,0.09971361847112131,0.14936208550694643,0.0816383954048821,0.15336594581990606,0.08048329215491776,0.11713197921921943,0.11085675796793622,0.09153121050399823,0.12238294999458331,0.10353744871011691,0.1378090198964693,0.2035565314443307,0.11407876364880283,0.09517753859250982,0.08512976354454073,0.06977884636203997,0.10382338676624654,0.08223276161446094,0.08358717987035758,0.11266248048559994,0.08902947196501962,0.11761167059818188,0.07683588244956635
CIV,0.21033602670225965,0.15773390084182773,0.09954297689417271,0.1167421754773759,0.11174359847897092,0.10561907639653499,0.1468124023004293,0.09416290446724457,0.12492374199482337,0.10760347229209961,0.28973504467136,0.09871508493364028,0.12200890990277354,0.10782825281479899,0.09874977715544572,0.0,0.08827669352731271,0.13412745775016843,0.09436746672956861,0.10570697651824078,0.14937349657831284,0.10557310614603894,0.11249447226124334,0.10299305020167136,0.15290385362906533,0.14875627850751522,0.09801542910559971,0.09936952108403489,0.10511726271645935,0.12149464483743176,0.11532315756642775,0.2104823980001102,0.0981229299835206,0.0883470517140998,0.09614216004470093,0.10792707043999168,0.14042282530831862,0.14188275793326607,0.10921424822857251,0.09886747830413824,0.097651241021433,0.11376713737240926,0.1487740860572392,0.37754260059004224,0.11779124557955645,0.15491481030955617,0.0792779491224846,0.4587234522377322,0.11193968025816001,0.1237677598670588,0.10159355616863519,0.19831166043767912,0.2882569028210879,0.11420279766818231,0.15593418566361414,0.11973906928385823,0.10904608667891566,0.10296865370470358,0.15912837429042168,0.09173117276462751,0.127088956005815,0.08732259783891343,0.1299656156124657,0.1153044509123803,0.10939307850519814,0.1415126409440466,0.08965940149541025,0.16116133624750645,0.2129289213813807,0.1358240508524132,0.11722284613953472,0.10612867426356666,0.09464600998078913,0.1111283324037666,0.10551951935604009,0.13604878457879624,0.12191452526547293,0.11169079552881504,0.1286995413941063,0.09998398733725146
CMR,0.20679132977106365,0.1712306369544646,0.09271734545603703,0.11852626112596232,0.1221936830377669,0.11401491812761982,0.15498935451324988,0.10617959549873246,0.12203224761141881,0.12359094406848102,0.30359544344763245,0.10873955080237489,0.13020195620735087,0.1111590179668334,0.10656102024889921,0.08827669352731271,0.0,0.1223351894177013,0.0879910002909958,0.0992053681497861,0.1516683661137815,0.11479742830413282,0.12104326131781806,0.10772176732589857,0.15766915978267954,0.1504561446210883,0.11219822465021273,0.1119744481550569,0.11199969832058042,0.1256891223160805,0.11590822615704308,0.21626949131686815,0.10485250167309268,0.0898016315253112,0.0909431524525543,0.10703141294917153,0.1418694692837384,0.14459841940527865,0.11708065670772091,0.1082145131227795,0.10749837256229575,0.11951386943566525,0.14995493431383966,0.3815355355154646,0.12221940475653745,0.15820181544881062,0.09692887607766902,0.46305730504029263,0.12057138978730089,0.11186169079371192,0.10827392401194744,0.20243738043456141,0.2928307069123632,0.11618101669756005,0.17625321691149776,0.1250772476578416,0.11813323707396103,0.10528554379281951,0.1611728075100904,0.0926033860995727,0.11941552132226436,0.09614296074804471,0.13570155381868806,0.12532577590969754,0.11662307881941635,0.14534741599758388,0.07724481448808661,0.17259025830321117,0.21979013581986837,0.14668108532984578,0.12638988430626075,0.12007715399706724,0.09380266830607292,0.0960649760782576,0.1084173676856648,0.14437155226705803,0.13087686273711446,0.11868742129283186,0.1300804786134858,0.10610563130276389
COD,0.19440795294676058,0.18456255980027714,0.1038970392430911,0.14481985805385025,0.1518105705818081,0.1462666809829852,0.16421450033379237,0.12301214191569541,0.11368702138728255,0.14948557154960124,0.31950139309599457,0.1406064760571566,0.16237887074930318,0.13892349258080472,0.13504718147903988,0.13412745775016843,0.1223351894177013,0.0,0.12161452519303215,0.12777352804110875,0.17830426933154278,0.14432099749571362,0.15102264531623025,0.13710480306967715,0.17307079008588389,0.1767657527663485,0.14389786334265908,0.14220864149924903,0.14263280423266894,0.15857358497597168,0.14572179840558863,0.2355355489674587,0.13077176753366046,0.11560417428058696,0.12671284835744226,0.12572344329294377,0.16304183304844497,0.16596250851080385,0.14844959442506825,0.14366161227846286,0.13705370788805946,0.15005691694259626,0.16821415222562844,0.37925049056282384,0.15149682572095483,0.14669896744787733,0.12666950304743652,0.47297101514330164,0.1489914823132107,0.11439858118560371,0.1378533298310574,0.22324384885489476,0.2603288690968526,0.14166847120071813,0.193633483017566,0.1528368648524687,0.1515020367820984,0.12862611088497586,0.15090831586994458,0.1270014460477734,0.12254792070405526,0.1288377097912778,0.16267667020064963,0.12380027499832631,0.14501728165976557,0.16899955385326776,0.10805769383345765,0.19803416674748933,0.23439128082072547,0.16969524655942797,0.15191479304159136,0.14832501268424633,0.13282022215931208,0.1075598613062953,0.13239960924491362,0.16881976923614445,0.12902546830315675,0.14859874519076474,0.12663616235099462,0.13735029247532654
COL,0.1956120570850647,0.15592184331613873,0.06119396298253684,0.10059903682702769,0.09427300361818337,0.09496467793596375,0.14667148448033931,0.0921552653020994,0.11544092787632661,0.09709573183123195,0.2885578366189038,0.08774060341704491,0.10575142626565048,0.09046052544668251,0.08527574162786129,0.09436746672956861,0.0879910002909958,0.12161452519303215,0.0,0.0883800920958051,0.13850483117832962,0.09614483890498854,0.10066849056945408,0.08813572378799746,0.12270313951181828,0.13820336256516455,0.1016304654115132,0.09696132615529159,0.09256979897558462,0.1036935005533174,0.09954154726607826,0.20629875473793477,0.08276363344610486,0.07171220293521373,0.08185621376005008,0.08053724581535084,0.12606327846613866,0.13225231718069191,0.09515532802087857,0.08711468804680648,0.0837616500855919,0.10230392043698819,0.1347586187052246,0.37747993242576006,0.10311837474078919,0.14326477874868487,0.08452551352650076,0.44806789330961067,0.1142123757319096,0.09976943551879353,0.08111155666140053,0.18451352256218528,0.28517644764942296,0.09135394021887326,0.1784199382383214,0.10448197258759802,0.09831206904253448,0.08470879462654315,0.13555365782099715,0.07492169323400658,0.11822568046588207,0.08463502590718366,0.11738094627559251,0.1063438276136423,0.09316373169104332,0.11902294434659852,0.07588263855190586,0.15994063633668415,0.20391071813930317,0.1205640205105796,0.10800907216926373,0.10293874253977252,0.07776399128982743,0.0951743116407457,0.08150107503371043,0.12330204707695822,0.1207249913954191,0.09323720584569692,0.11137294793831909,0.08510274822866123
CRI,0.206339745832614,0.16016146793867292,0.09326575527334158,0.09967433600521414,0.100942603368927,0.09097503874212128,0.15334397840370154,0.09923656662171086,0.13485307488936896,0.10869113137527485,0.3051777200515158,0.09608351071142372,0.10588431744604723,0.10451226081682914,0.10887572495045554,0.10570697651824078,0.0992053681497861,0.12777352804110875,0.0883800920958051,0.0,0.12988939852726988,0.09722435478686008,0.10419956597546771,0.08327422350137209,0.15480523463661816,0.13646447466507639,0.10075835328013923,0.09959621646744637,0.08863309576082724,0.10187237727976503,0.09341291393610897,0.17491259053575198,0.08520633496087125,0.07711932278404822,0.09282676243706808,0.099813573780398,0.12599701066465172,0.13456947386849,0.09742594993462846,0.08654005353038363,0.10740538044767398,0.10586387989550668,0.1376942925367336,0.37950453331828804,0.11408625947585664,0.1508754789327844,0.08703807858905074,0.4417100571992645,0.11133368781810525,0.1131073602648331,0.09480650114564154,0.19466683722893818,0.29720472196995756,0.10616396819074152,0.18882539322556485,0.09786912831841262,0.10333284147884675,0.0880051992458698,0.15902763582845955,0.09701449634507467,0.12508880113198204,0.07661788752917563,0.1161787895278528,0.12817061970836732,0.10975903237021754,0.11030420446850621,0.0860090507004927,0.15765533772068593,0.19579199096210687,0.13223598613964702,0.10507496594772923,0.10476311539650006,0.09756170229125621,0.10067719274449385,0.10122349888334004,0.1296205690714644,0.13176314064043487,0.09724061508691026,0.13340962776741458,0.09289434823515552
CYP,0.23018977432623708,0.16313002451959516,0.14924792631147954,0.11180588452845225,0.12450294759854652,0.11719250808352154,0.18189222566733462,0.12792371525885265,0.17947273957801796,0.15021512213552163,0.3157866300083116,0.13218609982960688,0.1378499670208216,0.14139025379050932,0.1454518213539836,0.14937349657831284,0.1516683661137815,0.17830426933154278,0.13850483117832962,0.12988939852726988,0.0,0.12288858837789543,0.12714102991774098,0.11141755685232049,0.1802676847244832,0.13562358001800454,0.11964893085735498,0.12771704873301115,0.11536456317719962,0.1091605342067181,0.11535292785849159,0.2013595124802356,0.11943596275323091,0.12826700056976176,0.14265661991411918,0.1317149030563578,0.12171460982747963,0.14972837969118322,0.13038161368035484,0.11750650664872117,0.13435852524858044,0.1403200064147688,0.17204711123302924,0.3907263801417866,0.14291249831110614,0.18859780144144714,0.1275304895713323,0.4039486459294128,0.12811512421244897,0.16707255971729282,0.1386352794982061,0.20301423855882617,0.3154301051824389,0.1356292815500395,0.2176594267779015,0.11072550192899944,0.11531876590249142,0.12587791955064545,0.19453047795956624,0.14165007840433547,0.18840275068699483,0.12051120681960056,0.1291987752057074,0.16282779457701868,0.14536643183661943,0.14531595402739503,0.14543480428674743,0.1523295867310305,0.17859824346170874,0.15036207090120698,0.12354726118842238,0.13011723979717926,0.14667985030031488,0.15716817939927857,0.13548042731056453,0.1553204101299981,0.16813538208568693,0.1268125912617943,0.17583192839918688,0.13268286539595153
CZE,0.2003976471710965,0.12400027110277632,0.10779813590057091,0.05888187865646706,0.05499564466915315,0.0545215951443895,0.15649363783258907,0.07596611112559645,0.1552373439718014,0.10491197585613109,0.2956412062820677,0.07144877299033793,0.0835655270565762,0.08245487955949628,0.08422585574831387,0.10557310614603894,0.11479742830413282,0.14432099749571362,0.09614483890498854,0.09722435478686008,0.12288858837789543,0.0,0.07041156700013686,0.08107953680432496,0.15061204521338947,0.0879900807019572,0.08145995324237512,0.06457471978447528,0.05297122520275625,0.059279559430230354,0.0951516374151623,0.1782615331623163,0.0591326732578126,0.07153521716358052,0.09986761897276553,0.09143027569351608,0.09260577784834223,0.12191814566203166,0.07801823048755242,0.04805166821571224,0.093117485298879,0.07628253160516463,0.13434838416430192,0.3621517888807864,0.08377334237304425,0.16549951647479538,0.0685024997522543,0.4452139228734373,0.07014308407251271,0.1439129795767301,0.07470443780098968,0.16480353264503506,0.30629801213556596,0.11021237322814992,0.19356762982158923,0.05890278633144401,0.07337743635797242,0.0637258421787099,0.16007416309834155,0.09558068890283244,0.1595242166984593,0.050651113700200964,0.06539882371824868,0.1132756497397145,0.08731650608989987,0.10135483663388657,0.10458508927390661,0.12820838544794086,0.19770537767563787,0.07842633395120151,0.04690880355125925,0.06905945803482996,0.0970420027841605,0.1275035113562458,0.07150398626798243,0.10321807801331685,0.12779513235393317,0.07844354802487696,0.14602304186364046,0.07755929382526273
DEU,0.20537733215974682,0.14326652850848962,0.1135414462296755,0.08218956386464864,0.06309346441236012,0.0616964176618222,0.16435201419605672,0.09661718949828546,0.16509202175723264,0.10004569425771227,0.29078510060221385,0.054848798469303135,0.07984556269920032,0.08817697860791157,0.08591554681680771,0.11249447226124334,0.12104326131781806,0.15102264531623025,0.10066849056945408,0.10419956597546771,0.12714102991774098,0.07041156700013686,0.0,0.07530727709536889,0.15359715996812276,0.1301204965362822,0.08710004765261561,0.07049096835959419,0.05355374825563698,0.06845793587162725,0.09323502457945819,0.1854217000304736,0.08571539173391579,0.0680043987054361,0.10786077370940059,0.09958964420757088,0.11309275918017507,0.11980210615188837,0.06719051460402513,0.05915153437654262,0.09980857755586747,0.05765474668678022,0.1321204138390096,0.372006318430176,0.07290359935917547,0.17252204846229455,0.08302297288385023,0.4236070911061214,0.10171199337890806,0.14897947711102646,0.07878571211323283,0.1774802155282949,0.31092080239056824,0.11238176165949158,0.20284795202062275,0.07503152954365473,0.0826373839087877,0.08933942120945404,0.17046583297291806,0.09785924232449851,0.17401767669126406,0.07286990738135397,0.10706210687133796,0.13414604077281003,0.09288734720998368,0.11707033518960695,0.11766815481693209,0.13268372316080373,0.18001269161177713,0.098755369693138,0.08043333214546632,0.06109289999529787,0.10273067290124903,0.13127275946604183,0.09510028510181022,0.10031296984704673,0.13640088714067994,0.053215163412700675,0.15643365185839186,0.07109919345227644
DNK,0.2023439143102299,0.14644447666248012,0.09980561093867778,0.08628339355226447,0.07599280495023239,0.07285403215372181,0.156140812731654,0.08968246476298744,0.1511148312783891,0.10233989466485018,0.2922684609292504,0.06958747911216179,0.08682001865082115,0.08574226117368461,0.09138245547656147,0.10299305020167136,0.10772176732589857,0.13710480306967715,0.08813572378799746,0.08327422350137209,0.11141755685232049,0.08107953680432496,0.07530727709536889,0.0,0.13999299819776662,0.13387362348900983,0.08363731317099411,0.07112082609039644,0.07270934211749513,0.08303712174754818,0.06883824768752268,0.18126739636544306,0.08016291099599504,0.07066523393684788,0.09517012023233007,0.09386983011180151,0.11769849574221193,0.11815019734458863,0.07199688086965009,0.06690954208187949,0.09156087588651382,0.08158095938825281,0.12993157088296048,0.37454726524229653,0.09361245414182395,0.16024882494042947,0.07868029453399147,0.4380015258417441,0.103508922645013,0.13689422509809301,0.08193274683487879,0.18147270055341824,0.29997620958561133,0.10573288282172909,0.19193288042945206,0.0833323515059136,0.06862082843952594,0.08471326728183555,0.16150506808291903,0.0911185910497262,0.15372018189188558,0.07100900548782078,0.11241620591884452,0.12700316457579847,0.09179918923333169,0.11180794624816373,0.10304979360145497,0.13423823985456773,0.19271136053670815,0.12065061997945842,0.09093507503614372,0.06807491772607424,0.09919274775898525,0.1175843175747222,0.09548766636715955,0.11312636336964514,0.12887960282085026,0.07168133421751119,0.14249795506750643,0.07761375359082116
EGY,0.21776929871158088,0.15996030927584728,0.12126967647848563,0.15468588667877814,0.14968712345366547,0.14959829548997275,0.1878121754867274,0.1476990135894038,0.18043219931788868,0.11698036368242071,0.2506278094444922,0.14229559404410522,0.1593277341100287,0.14888156538056646,0.13488561932264348,0.15290385362906533,0.15766915978267954,0.17307079008588389,0.12270313951181828,0.15480523463661816,0.1802676847244832,0.15061204521338947,0.15359715996812276,0.13999299819776662,0.0,0.1832123488099933,0.14834743911303383,0.14800890819659424,0.15130419870112424,0.15486372023189876,0.1482492462134886,0.23697162657022364,0.14421505611166494,0.14252790739891977,0.14305789522296128,0.127938356182339,0.17906008075321925,0.17355127105163004,0.15330704248203084,0.14487599528025707,0.14325194322106238,0.15215557711129338,0.16667383161362173,0.38033148262824573,0.15408678665929415,0.1877888488584068,0.13959222797956208,0.4717230438003284,0.1597078070965547,0.17054019415341598,0.13017144196057798,0.21614865579279033,0.31221059538517226,0.1361907802478176,0.23068360531548698,0.15838920588194408,0.13779411590222307,0.14889190751931022,0.1691806538931029,0.13107315213449908,0.18092468584059893,0.14659352233802803,0.16818647046882798,0.15642683771355193,0.12412987161335894,0.15406264267236042,0.15221619896133376,0.17137176612418822,0.23926684243679328,0.16128032642531917,0.15881406621429742,0.15291410214129766,0.1365630318578644,0.15531724931615373,0.13804333690716186,0.16578413688032625,0.163382412931684,0.1486584620409507,0.16145610631466814,0.14266819262153005
ESP,0.22902134303177027,0.12043344209782703,0.14797350182269017,0.07775114761376054,0.11848743920115096,0.10132626975986869,0.18182448218167213,0.11054897545366146,0.18131786868452432,0.14676904649170452,0.3124595535657717,0.1315981024064003,0.14142382416687146,0.14274700135899127,0.13846008511184038,0.14875627850751522,0.1504561446210883,0.1767657527663485,0.13820336256516455,0.13646447466507639,0.13562358001800454,0.0879900807019572,0.1301204965362822,0.13387362348900983,0.1832123488099933,0.0,0.13235081290899198,0.12254689236357799,0.10173442373148067,0.09362348140446754,0.14162273032516426,0.20809093778160132,0.09233390890555498,0.1272114438154743,0.13590605494355626,0.1264870101041755,0.08972141854945578,0.15474547966431756,0.13552166328391663,0.10026370789394534,0.13080609481110558,0.13303652361839,0.17425454399439555,0.3889235768535592,0.13980927689903108,0.19727008051183612,0.11679220113560827,0.453932013910617,0.10002359364147656,0.17173486911539462,0.12570843893364583,0.2022661943674787,0.3228989478842776,0.14722081214274188,0.21993178431630372,0.08811336883111276,0.11288176395874777,0.10066363933232898,0.19758645948183715,0.136558407560323,0.1905087535985172,0.10170336722454178,0.05046379995076044,0.1531044920952642,0.1390546403990583,0.1198285084326545,0.13803933146382313,0.1526612438837298,0.22181998193771194,0.12142696583134306,0.07742531912083228,0.13443452701100111,0.14215991356892332,0.1621177832401271,0.11517016569746792,0.15533808585541153,0.1711114992794222,0.13593205631810193,0.1746487717142909,0.1326308122359179
EST,0.20467159152523315,0.15142240136557666,0.11036752413578226,0.09349715609193351,0.08475385745018488,0.08078257916272162,0.1554534780329967,0.09402110092188613,0.15806229755075216,0.11414003019021307,0.29853017351527733,0.08388518297226627,0.10064811709375612,0.09766062552998574,0.0985216988367671,0.09801542910559971,0.11219822465021273,0.14389786334265908,0.1016304654115132,0.10075835328013923,0.11964893085735498,0.08145995324237512,0.08710004765261561,0.08363731317099411,0.14834743911303383,0.13235081290899198,0.0,0.07409899847397332,0.0821349999665787,0.092230982026779,0.09875393045293664,0.1881177755835821,0.08266579462003225,0.08569077218776996,0.10574753227041912,0.1051963943820207,0.1237601514763402,0.1281530434437888,0.09128178658804731,0.07383536350414062,0.09983737681692201,0.09490230114276664,0.13602309444146354,0.3762878422234955,0.10549132740393966,0.1633002436218786,0.07301208551093591,0.4449827808738377,0.0679700783646376,0.14582390570710244,0.09475197787449513,0.18197264234665986,0.30199779490263823,0.11883476265691605,0.1967383318676859,0.09556398463424644,0.08889059889934431,0.09304858638874842,0.1633476517280494,0.09652139909744437,0.16177034386547495,0.07971176328670761,0.11148089314577787,0.12550489521983743,0.0985575700792223,0.1171024264175136,0.10700810459320442,0.1475849665178794,0.19382049409200877,0.11291604762686946,0.08942867019178032,0.08000519845262247,0.10519361242484886,0.12329065244864595,0.09590561924432121,0.12211741685179275,0.13552722238028295,0.08915269692872528,0.14517601118780799,0.09112772088266169
FIN,0.20192039854062063,0.1346447965441,0.10831861615036663,0.08033781496124691,0.06855258942054769,0.06612732550423027,0.1585790445414676,0.08270731367055345,0.16066923203628072,0.100806494685008,0.2895580109553611,0.0620947981948725,0.08790834815123473,0.08748193248226303,0.07407791487732687,0.09936952108403489,0.1119744481550569,0.14220864149924903,0.09696132615529159,0.09959621646744637,0.12771704873301115,0.06457471978447528,0.07049096835959419,0.07112082609039644,0.14800890819659424,0.12254689236357799,0.07409899847397332,0.0,0.0684474154988435,0.07938612377431026,0.08698866270627433,0.17850773977502704,0.07598341208704872,0.06867348865211843,0.0976998788463211,0.09115612507948632,0.11164252620756365,0.11990394120642416,0.06806474178859173,0.05801941244039276,0.08926400483384787,0.06452302868392315,0.1291123881411949,0.3585624296193626,0.07060677688027236,0.1658111155886539,0.07151381849654162,0.4479695855752154,0.08668983413545722,0.14878403317837985,0.07085302424595344,0.1612635130980416,0.30370593215861114,0.11556172736597338,0.2011972301434972,0.08108696124152456,0.07461092812032769,0.08384807826782488,0.16578175613870622,0.08991305309828691,0.16709342127100907,0.06498341919444421,0.09994523657495209,0.12480085674674546,0.08952865244774066,0.10857588019531472,0.109951479702385,0.12122687757311175,0.19642391686588043,0.1077287625790737,0.07542219388438769,0.05228763682563192,0.09366659554237342,0.12493358062455015,0.08921658372173248,0.08489770737749806,0.12461607380609306,0.07084799365667126,0.14753011393080878,0.07181094525000598
FRA,0.20032726408653176,0.12766791628458488,0.10533500504741006,0.05525555965344417,0.05776168014395281,0.04418196589314316,0.15514206919860254,0.07812967821049975,0.15575723551093826,0.09834784013259223,0.2915740289419947,0.060146995552043794,0.07851615247066515,0.0816989656670417,0.08992023441571832,0.10511726271645935,0.11199969832058042,0.14263280423266894,0.09256979897558462,0.08863309576082724,0.11536456317719962,0.05297122520275625,0.05355374825563698,0.07270934211749513,0.15130419870112424,0.10173442373148067,0.0821349999665787,0.0684474154988435,0.0,0.04335536111798548,0.085810230025771,0.17893383633926566,0.06213567105773596,0.06440377156741597,0.10053390348931757,0.0886524759553075,0.0897014974908071,0.11616701983528549,0.06198732715232535,0.0415703951042309,0.09365455656397477,0.0749492885059301,0.12725952174807822,0.3726188433503087,0.0878723399235912,0.16284291329863704,0.06591677390066607,0.42438711234120363,0.08145987836782062,0.1416875836812181,0.07543765244883553,0.1752472457531809,0.3021347941717458,0.10421420753454477,0.1930961565098614,0.047533691867102976,0.0719915199987008,0.06532766685765107,0.16266319585429753,0.08985957928038603,0.16258073081204844,0.05668747566196197,0.07868542564747391,0.12133372201453353,0.08954718634359733,0.10142104967876085,0.10397415362317668,0.1271064483259683,0.1763025580115182,0.09679524639665289,0.05618372817965535,0.07000223914628495,0.09903124846218127,0.1232113583426076,0.08132328284159417,0.10838159445730158,0.12782741672061637,0.056964496279066544,0.14557082926479573,0.06987204768382001
GBR,0.20282916354089822,0.12324630940681916,0.1194286615214076,0.04721900664613447,0.06130958409054238,0.053050709864073634,0.1638285974545485,0.09003797104618515,0.17227918280447763,0.10929380493911886,0.2935978720474826,0.07466241174522542,0.08058422387318284,0.09293977738616302,0.10494325961176781,0.12149464483743176,0.1256891223160805,0.15857358497597168,0.1036935005533174,0.10187237727976503,0.1091605342067181,0.059279559430230354,0.06845793587162725,0.08303712174754818,0.15486372023189876,0.09362348140446754,0.092230982026779,0.07938612377431026,0.04335536111798548,0.0,0.09927436186132345,0.1763508041654558,0.06973413941175932,0.08609506758357657,0.11627446948983584,0.09882770526449912,0.0788352391642713,0.11848005878223877,0.0762633345885838,0.053190782596706065,0.10625705340206747,0.09089117891049939,0.13386333449415946,0.3773542624192438,0.1028128016689683,0.1745286162383641,0.0804878595390367,0.41256136736382176,0.0831258828604494,0.15997863693680459,0.08930113472804323,0.17311170557268038,0.31212294275257463,0.10894638188944937,0.20398553572607997,0.04006047368221074,0.07489403066219116,0.07264364639686421,0.1703876037607338,0.10230694976977951,0.17729366851132874,0.07120371573883805,0.07208661968006219,0.13267216584091363,0.09782074742945639,0.10090240507459586,0.12171000696089557,0.12651100800104828,0.1723113757368197,0.09816290437784989,0.05843571102265632,0.08161140183962659,0.11491847062202241,0.13989560392433512,0.08970392954925827,0.11751957885369942,0.14419761217155558,0.06579827766391064,0.15845717397226172,0.08418056374589998
GRC,0.20462679030451403,0.15437771598869032,0.11253826622901146,0.10034822678676322,0.08783357685114343,0.08860669910031804,0.1573791261355579,0.09806246164378418,0.15682127505485297,0.11634526128683008,0.29696890075539123,0.08079120705175588,0.10109913173529325,0.09027110644113777,0.1013670177766329,0.11532315756642775,0.11590822615704308,0.14572179840558863,0.09954154726607826,0.09341291393610897,0.11535292785849159,0.0951516374151623,0.09323502457945819,0.06883824768752268,0.1482492462134886,0.14162273032516426,0.09875393045293664,0.08698866270627433,0.085810230025771,0.09927436186132345,0.0,0.1923690803449505,0.08984577040952627,0.08564592538252429,0.10209319082110661,0.10285719599461787,0.13429405158209035,0.12436923580566085,0.08191786187634952,0.08440241826672788,0.09776636232820117,0.09137704461410975,0.1377927403462336,0.37162317519014926,0.10029347054212873,0.16085412437934793,0.09050894737754914,0.45066439675041764,0.11284418554590316,0.14171890248894883,0.09820141874754705,0.18799360526986147,0.29698527074695996,0.1278627919388428,0.20161141315866268,0.09921317032687389,0.08378946619693192,0.09769012508771699,0.1632246120827827,0.10150602926321632,0.1650332238838312,0.0886412584418605,0.11963007258907779,0.13040026023153797,0.1036333212994981,0.12006755933219748,0.10943763710293174,0.13683869641613866,0.1959121555538535,0.12871118981929006,0.10040586055902304,0.08645117999528813,0.10722420979797741,0.12467463146848136,0.1007687226957699,0.12018634158597498,0.1333445311464487,0.0908679957760849,0.1453820584424625,0.08964014564667196
HKG,0.26106761146303664,0.21647057654146631,0.216251704765012,0.1850481101037228,0.1791750456423091,0.18191898171872892,0.2343072210746594,0.19659895178121523,0.24793872407216894,0.1967544256896313,0.3417506374640108,0.189946234661257,0.1724023952143361,0.19886774889285852,0.19811498591897064,0.2104823980001102,0.21626949131686815,0.2355355489674587,0.20629875473793477,0.17491259053575198,0.2013595124802356,0.1782615331623163,0.1854217000304736,0.18126739636544306,0.23697162657022364,0.20809093778160132,0.1881177755835821,0.17850773977502704,0.17893383633926566,0.1763508041654558,0.1923690803449505,0.0,0.1870619825372331,0.18125657372464546,0.20510668642854726,0.20323528297514967,0.18864053983253024,0.20627073512664262,0.17955022135990933,0.17559542304617382,0.20405255597042607,0.18801013016631662,0.205613803386194,0.4133995035456051,0.18747657909447593,0.2423832382605865,0.18633242315912624,0.4484907857878618,0.19233445142362368,0.2373607438419698,0.17538032337457782,0.2103500530268942,0.35963505949923263,0.1895914790524213,0.2631662343148967,0.1779189266243306,0.18435636979175543,0.19467413104115708,0.24537874819242977,0.20499146507254593,0.23036347341042845,0.17848806858739424,0.19209292342625645,0.2215221193041261,0.19707063240937786,0.16994163750030572,0.2162787316665339,0.18267855994202242,0.23909563277388718,0.1987656334551615,0.18512843283678443,0.1876116573209543,0.1946610294038788,0.22081355339731987,0.20129201217717366,0.17821211420668817,0.22180550870553334,0.18187091934445093,0.23870418414140154,0.18979088992491905
HRV,0.1917836115585234,0.12308294926931039,0.09353931783471811,0.06000706535869091,0.07032178483649067,0.06383198482489526,0.14650640067316867,0.06111976017510549,0.1381169150380314,0.100273262692285,0.2920474946957787,0.07916881770686443,0.08871474050844375,0.08529263129203359,0.08839029711790895,0.0981229299835206,0.10485250167309268,0.13077176753366046,0.08276363344610486,0.08520633496087125,0.11943596275323091,0.0591326732578126,0.08571539173391579,0.08016291099599504,0.14421505611166494,0.09233390890555498,0.08266579462003225,0.07598341208704872,0.06213567105773596,0.06973413941175932,0.08984577040952627,0.1870619825372331,0.0,0.06855698940225334,0.08886522017532948,0.07983303046472716,0.09201548927072462,0.12133984006355579,0.08382013399342385,0.05713088937670961,0.08081443479754942,0.0879208007071969,0.13147902264679828,0.3728218840210661,0.10045616675663595,0.144736061117546,0.05332263350886212,0.44422245431723784,0.07556482892787941,0.12723542202634594,0.0806875058092451,0.1751530663252891,0.2866206155104652,0.1067372770157283,0.18523125691500747,0.06803521055932486,0.07902294158628906,0.059158377821900816,0.1425075082649868,0.08806771186010161,0.1441944325037195,0.05427165915875276,0.07078833762868121,0.10103357956482219,0.08455472607023919,0.09787832442721563,0.09064545781011066,0.1344719820095819,0.19317634542942316,0.09205075862501585,0.05874370665060193,0.08585393468868997,0.09240721666631903,0.1118591243928414,0.0688353230894665,0.11750400123372938,0.12161654278811243,0.08409412693338252,0.1264103773617805,0.07780742004752682
HUN,0.1950941513487665,0.14536494558598675,0.07702440503564445,0.08394615787926,0.07655562429954649,0.07024136060753981,0.1447213114651904,0.07041164788363342,0.11728981187927053,0.09054490043275064,0.2930193767088279,0.06361145384423524,0.09009625331811515,0.08149177925367874,0.07228162151880257,0.0883470517140998,0.0898016315253112,0.11560417428058696,0.07171220293521373,0.07711932278404822,0.12826700056976176,0.07153521716358052,0.0680043987054361,0.07066523393684788,0.14252790739891977,0.1272114438154743,0.08569077218776996,0.06867348865211843,0.06440377156741597,0.08609506758357657,0.08564592538252429,0.18125657372464546,0.06855698940225334,0.0,0.08082677848684384,0.07562586831876585,0.10925695257495335,0.12275938356355214,0.07269037729021535,0.06567886017277955,0.08540078327233284,0.07196671356902581,0.12755344924313344,0.3689107436454637,0.07236844275970279,0.138558009853276,0.06354582859653103,0.43991083466618164,0.09911769775840697,0.10584526570761575,0.06302871345813585,0.1695124934032862,0.2775083503730492,0.09594548503559623,0.1797532465918042,0.08428483843400063,0.08802470980290276,0.07363869450818378,0.140697727053352,0.08170327911366147,0.12686318786635947,0.05416471933582493,0.10679487693062202,0.10249326149042917,0.08574699812179704,0.11605279163506235,0.07999560174746068,0.13369339150610896,0.1896223529456839,0.10670617904032356,0.08551645804125331,0.07395844291448976,0.07493639311991021,0.09325211959403197,0.08149354743278638,0.09723912540685534,0.10731000426577522,0.06982259474500205,0.11840591416963295,0.0662163165295344
IDN,0.19948642394344562,0.15712084147876917,0.08480165694397113,0.1069469557284038,0.10637642799723902,0.10180676027909641,0.15001774901048484,0.09670809665830903,0.12553323411495632,0.10914424808255546,0.29691983372871994,0.09505862322907645,0.11867508905796298,0.10460927612572811,0.08933146225424511,0.09614216004470093,0.0909431524525543,0.12671284835744226,0.08185621376005008,0.09282676243706808,0.14265661991411918,0.09986761897276553,0.10786077370940059,0.09517012023233007,0.14305789522296128,0.13590605494355626,0.10574753227041912,0.0976998788463211,0.10053390348931757,0.11627446948983584,0.10209319082110661,0.20510668642854726,0.08886522017532948,0.08082677848684384,0.0,0.09398464041737113,0.1335620604965925,0.13573976172260277,0.10626583518288099,0.0923869957653626,0.09446786387055936,0.09930838075315,0.1461696278527372,0.3789851194615898,0.10205329501638345,0.15520457140490604,0.0898202962977185,0.4574513440073544,0.11780547045246612,0.10817945399301697,0.08715801046586305,0.1896573086376728,0.2945507742958568,0.10110643181362088,0.1812324366291894,0.11333843988446264,0.106140413233529,0.09627811837609977,0.15552524248389507,0.08865273161438132,0.12394516280069937,0.08338050080655089,0.11848028072593293,0.12104668847955974,0.10288278301169075,0.12890516627518145,0.08194240541880707,0.15947735042004937,0.21348191296463065,0.12825915633646542,0.10890102419288357,0.1083138564555453,0.07989881682545401,0.09539393274690357,0.0899348558092755,0.12470029794008833,0.12801553057495765,0.10743411370335218,0.12430137337222365,0.09488439571660562
IND,0.1956501610879119,0.13578031173169117,0.07612032641623609,0.09053705094269923,0.09956517286009763,0.08961574304676197,0.13482323126907395,0.07201158153425341,0.12975800799382842,0.09444685672540844,0.2808292341325478,0.09065665496319916,0.11737316570913932,0.10664746878712823,0.07352950541437629,0.10792707043999168,0.10703141294917153,0.12572344329294377,0.08053724581535084,0.099813573780398,0.1317149030563578,0.09143027569351608,0.09958964420757088,0.09386983011180151,0.127938356182339,0.1264870101041755,0.1051963943820207,0.09115612507948632,0.0886524759553075,0.09882770526449912,0.10285719599461787,0.20323528297514967,0.07983303046472716,0.07562586831876585,0.09398464041737113,0.0,0.11778045151067186,0.13340819627561992,0.09708271632527142,0.08322255563030571,0.08876320903483771,0.09692781047083308,0.13513643007090853,0.35343769750652915,0.09868703584907694,0.14133032341978113,0.08260995773523526,0.4384261433789357,0.10781147945926921,0.1152090665157777,0.08190186100824218,0.1909398187517386,0.2680247064639442,0.10060317689047579,0.19607022918155312,0.09800149533094629,0.1002830571898523,0.08988611281190416,0.1339112114945397,0.08991295104224947,0.14472062053116805,0.08246982359380774,0.11156781793050247,0.10443243980094308,0.09640821399520937,0.11643039359904006,0.09519646935769395,0.14487558674680975,0.1929672378370014,0.12424922984246266,0.09715920587537485,0.10022556343583462,0.09425953396813752,0.09895197540872962,0.08564323862713921,0.1140943266937645,0.10855119083424694,0.0945838881747385,0.1083454349625427,0.08499998804866254
IRL,0.22245868332592875,0.13532768642053236,0.13363587883266614,0.07517690994365399,0.10820872693925744,0.09421047014494757,0.17880912239234964,0.11224391541661202,0.1699158130734921,0.13907059671194572,0.3097464861947453,0.12066517257788123,0.11652077555576094,0.1291514549863775,0.12955283864536787,0.14042282530831862,0.1418694692837384,0.16304183304844497,0.12606327846613866,0.12599701066465172,0.12171460982747963,0.09260577784834223,0.11309275918017507,0.11769849574221193,0.17906008075321925,0.08972141854945578,0.1237601514763402,0.11164252620756365,0.0897014974908071,0.0788352391642713,0.13429405158209035,0.18864053983253024,0.09201548927072462,0.10925695257495335,0.1335620604965925,0.11778045151067186,0.0,0.14169860604145823,0.11098867230473042,0.09656636530214,0.12683822638176925,0.12626854895507367,0.16673250980775545,0.3873134451976108,0.12692884231521492,0.18665547213321326,0.11062884243768238,0.4019607931833008,0.10935052914678288,0.16339624416572754,0.11528084948496768,0.1780905516011112,0.3146665825933102,0.11608048344370121,0.20632156248757436,0.07467786764005545,0.10950404743177825,0.09803471885731783,0.1875341247064509,0.12848494825330287,0.17617881327590623,0.1008452177144564,0.08817585464091313,0.14760773400954552,0.13382935949422065,0.1299391857611135,0.13181865467373985,0.12880261847542032,0.180274968327488,0.12854867011558474,0.09007669264209003,0.12404383217076377,0.13018188021832958,0.15069398437456424,0.11766914294078759,0.13557991755511006,0.1597992066278802,0.10776491861038115,0.16780629065143254,0.11828712981025026
ISL,0.22423671700567788,0.16528386709790427,0.1441054443998866,0.12149693709567655,0.11967342054043074,0.11337531609938131,0.17576413176772884,0.1258970598418653,0.18368188525795295,0.14416404905535016,0.3090509242240654,0.11764429895366826,0.13102405689369,0.12179369043635045,0.1271745179760809,0.14188275793326607,0.14459841940527865,0.16596250851080385,0.13225231718069191,0.13456947386849,0.14972837969118322,0.12191814566203166,0.11980210615188837,0.11815019734458863,0.17355127105163004,0.15474547966431756,0.1281530434437888,0.11990394120642416,0.11616701983528549,0.11848005878223877,0.12436923580566085,0.20627073512664262,0.12133984006355579,0.12275938356355214,0.13573976172260277,0.13340819627561992,0.14169860604145823,0.0,0.11790804773109395,0.11358126084848112,0.126602624004452,0.12348514746602575,0.1596469843784929,0.38402958794161396,0.13285949260546862,0.1910639698017823,0.12134419066927583,0.44573295826306203,0.13491993238914318,0.1736200794278876,0.12480276990858888,0.20146462241510063,0.31719941350656294,0.14538944432157355,0.2122538924580043,0.12341329849123273,0.11444987597565195,0.11952131409096195,0.19192044718838253,0.12650936294840698,0.18522677080286304,0.11932560831598431,0.13923380734503996,0.15954377670022438,0.12612261191987897,0.14694833486720557,0.13858751758266788,0.164050534470415,0.20769520652318896,0.14640269504252396,0.12610533014996952,0.12270513975740464,0.1359186706153073,0.15662342208689714,0.1292675936299418,0.1475814043137612,0.1640489111783907,0.1181920996564061,0.16810899790930162,0.12110437250752705
ISR,0.2062692061855382,0.14456222949318812,0.10821830004321602,0.08515989992328864,0.07207819595153092,0.06052084164306803,0.16349293311762972,0.09749178271104351,0.1652823906196234,0.10106515734557865,0.29005743662944755,0.06114958819105677,0.07865800992162751,0.08230939285689688,0.087486329286889,0.10921424822857251,0.11708065670772091,0.14844959442506825,0.09515532802087857,0.09742594993462846,0.13038161368035484,0.07801823048755242,0.06719051460402513,0.07199688086965009,0.15330704248203084,0.13552166328391663,0.09128178658804731,0.06806474178859173,0.06198732715232535,0.0762633345885838,0.08191786187634952,0.17955022135990933,0.08382013399342385,0.07269037729021535,0.10626583518288099,0.09708271632527142,0.11098867230473042,0.11790804773109395,0.0,0.06274631045966543,0.09186360721162241,0.07455963817349559,0.1288874416837722,0.37311216797534086,0.0817798910116618,0.1722605637532965,0.08201413264249664,0.4317756429103479,0.10725602924330929,0.15175364280023212,0.07754132986423559,0.17236927259416845,0.3095496836662311,0.11174487563045875,0.1961966548984876,0.07375964248558427,0.07996557117973123,0.08776769371437912,0.1725124666972864,0.09321766832494258,0.16953931697232794,0.07795977019344712,0.11138731070803115,0.1345161026920022,0.09427067940435706,0.10816764623152102,0.11280458380134666,0.12578171386955278,0.1828326427727117,0.11974621695379807,0.08440241714099866,0.06937448928634056,0.1019780687810203,0.1312184252123186,0.09952478850470019,0.09549381854867231,0.13411153300719575,0.05366378179040019,0.15462821431924828,0.07158403950004552
ITA,0.19965143011817868,0.12616680917815687,0.10215178057039252,0.0595680725221824,0.05721193973077635,0.039958042689619916,0.14359953782574628,0.07356221872782281,0.15620924861885951,0.09439018125358034,0.2894442498243593,0.06078900718122539,0.07855823328110209,0.08140509450064286,0.07488932290900932,0.09886747830413824,0.1082145131227795,0.14366161227846286,0.08711468804680648,0.08654005353038363,0.11750650664872117,0.04805166821571224,0.05915153437654262,0.06690954208187949,0.14487599528025707,0.10026370789394534,0.07383536350414062,0.05801941244039276,0.0415703951042309,0.053190782596706065,0.08440241826672788,0.17559542304617382,0.05713088937670961,0.06567886017277955,0.0923869957653626,0.08322255563030571,0.09656636530214,0.11358126084848112,0.06274631045966543,0.0,0.08546418614963028,0.06855710703507871,0.1256354469732843,0.36926377017301576,0.08109311708710668,0.16451955999597007,0.061329629921600244,0.4343964337085508,0.07863269868288504,0.14266442456469805,0.06835386903730395,0.17451641026437853,0.3044525993003231,0.10613366589743752,0.19346282746797636,0.056565275884581524,0.06865863178971897,0.07022291169738155,0.16259123701000633,0.08181277912931326,0.16221892503559052,0.051869179559990826,0.07569201488124602,0.12035958901509686,0.0842875960713454,0.09535766602648435,0.10224415447486832,0.12793899631817537,0.18516820713656293,0.09581598103188463,0.04789105739021429,0.06538736543542743,0.09038754232343618,0.11716512727742127,0.07408440049758434,0.1007826299410179,0.12785119708900136,0.06177002157015236,0.13961908048341226,0.06663561225457659
JOR,0.2029777766037154,0.14545753013021331,0.10120302103103197,0.09825518820068437,0.09831868106246291,0.09360362272992331,0.15391732399804564,0.08537770824301665,0.14499754702674794,0.11136788524713535,0.290926143352158,0.08932195868292332,0.11456521831237546,0.10331180827695498,0.08818637490508822,0.097651241021433,0.10749837256229575,0.13705370788805946,0.0837616500855919,0.10740538044767398,0.13435852524858044,0.093117485298879,0.09980857755586747,0.09156087588651382,0.14325194322106238,0.13080609481110558,0.09983737681692201,0.08926400483384787,0.09365455656397477,0.10625705340206747,0.09776636232820117,0.20405255597042607,0.08081443479754942,0.08540078327233284,0.09446786387055936,0.08876320903483771,0.12683822638176925,0.126602624004452,0.09186360721162241,0.08546418614963028,0.0,0.09582192910045609,0.1387787469080462,0.3742733214097898,0.10408771593255996,0.1553687994764001,0.07945820697791554,0.45543972803390437,0.11221738838801268,0.12735404087023516,0.08714357066506814,0.19074498689762945,0.29497708248584936,0.11116492037975871,0.1829051942585272,0.10457193913415343,0.09364891774788926,0.10045393693260977,0.16319211585524881,0.08646164822611425,0.1557613339355815,0.08378752004665307,0.11425692642672691,0.12168423563182823,0.09288535144395185,0.11896741620651301,0.09643291568598511,0.15371464184893469,0.2043057621466303,0.12442302568493825,0.09975550592557297,0.09739723641461859,0.09632274800315513,0.12132821251868396,0.09710046555444568,0.12108528668621028,0.12576080582408147,0.09715100300196906,0.13561394008397046,0.08846735898935679
JPN,0.20625114691960214,0.14675269273157668,0.11209168924910358,0.09345894817994939,0.07589975254345245,0.07386138353074626,0.16339140088523696,0.09472530341158977,0.165379306076255,0.10430476003885689,0.2924053647178294,0.05998714325827065,0.0925383477490719,0.09665663707353644,0.07420648556564421,0.11376713737240926,0.11951386943566525,0.15005691694259626,0.10230392043698819,0.10586387989550668,0.1403200064147688,0.07628253160516463,0.05765474668678022,0.08158095938825281,0.15215557711129338,0.13303652361839,0.09490230114276664,0.06452302868392315,0.0749492885059301,0.09089117891049939,0.09137704461410975,0.18801013016631662,0.0879208007071969,0.07196671356902581,0.09930838075315,0.09692781047083308,0.12626854895507367,0.12348514746602575,0.07455963817349559,0.06855710703507871,0.09582192910045609,0.0,0.13293865031528457,0.34855852082291694,0.06117209710181771,0.17241510389161438,0.08459624922733212,0.4507890206919325,0.10826864702060295,0.1489644736963359,0.07532161361677564,0.1795504077881747,0.30907224038235703,0.12309744040386793,0.2054941691141686,0.09430992452378352,0.08794306059532107,0.09874698149320425,0.17106865634482019,0.09624340807228048,0.17463249823251628,0.07437203747237893,0.1116036862911453,0.13158455542487082,0.09216810597403012,0.11430649196776675,0.1177164882927378,0.138210925553911,0.19794489581128794,0.10179333414382291,0.08773308345831586,0.06563420003811547,0.09324297559830816,0.13126511183180148,0.09356003723115404,0.08864086756029822,0.12502897587393882,0.07493258140963835,0.15382665318954347,0.0736686627529605
KAZ,0.20016325953011602,0.17148057582451273,0.13984353632327012,0.1322255252822764,0.13265220528412558,0.1299640577581059,0.18104282007228004,0.13078597734463437,0.1895326862843776,0.14362682057466,0.29187304950709675,0.1215884120238754,0.14201922722851043,0.13843673457085157,0.1338736145183002,0.1487740860572392,0.14995493431383966,0.16821415222562844,0.1347586187052246,0.1376942925367336,0.17204711123302924,0.13434838416430192,0.1321204138390096,0.12993157088296048,0.16667383161362173,0.17425454399439555,0.13602309444146354,0.1291123881411949,0.12725952174807822,0.13386333449415946,0.1377927403462336,0.205613803386194,0.13147902264679828,0.12755344924313344,0.1461696278527372,0.13513643007090853,0.16673250980775545,0.1596469843784929,0.1288874416837722,0.1256354469732843,0.1387787469080462,0.13293865031528457,0.0,0.38210035658016167,0.14491734892283376,0.1809317178867305,0.12198674086985785,0.46045059278778866,0.1438079997834578,0.1810068439730473,0.12784869474288263,0.21359597161798916,0.2995444108275178,0.15020500935303163,0.21524567593007754,0.1371609881340587,0.12876155885435644,0.13469267928526277,0.18154908753882615,0.12196037900809317,0.19399426530089398,0.12614128706169683,0.15609802845994952,0.15479777883868576,0.12669967251203823,0.13905360080571993,0.15404421004847,0.17756200476881304,0.21784591229343048,0.15787122378701046,0.13801336710670697,0.13121574567156827,0.14598699459709036,0.1586532000035832,0.142206097609235,0.1553728765580822,0.1534213637260477,0.12552183714541804,0.1631607686966152,0.1234238667638185
KHM,0.4046589593054809,0.39129947474856414,0.36860958771339597,0.3753463951489208,0.36960124291953395,0.36701253337178774,0.3744328711865896,0.35297740986239473,0.38799582338941707,0.37860518690938827,0.4662571449113596,0.36847353672002353,0.37977757187668504,0.3766737328391504,0.3520539126331099,0.37754260059004224,0.3815355355154646,0.37925049056282384,0.37747993242576006,0.37950453331828804,0.3907263801417866,0.3621517888807864,0.372006318430176,0.37454726524229653,0.38033148262824573,0.3889235768535592,0.3762878422234955,0.3585624296193626,0.3726188433503087,0.3773542624192438,0.37162317519014926,0.4133995035456051,0.3728218840210661,0.3689107436454637,0.3789851194615898,0.35343769750652915,0.3873134451976108,0.38402958794161396,0.37311216797534086,0.36926377017301576,0.3742733214097898,0.34855852082291694,0.38210035658016167,0.0,0.3536037048331251,0.38299669249333923,0.3696466402781831,0.5791758320900393,0.3720253986015181,0.38187593839569156,0.36813495742192404,0.4093752827590868,0.4325742386743779,0.3793911025608242,0.40604200949686803,0.37811796771035183,0.3763182620314938,0.3760691041328699,0.38008561579705585,0.3754936039486989,0.3975563116474122,0.36502123680313603,0.38160834272270217,0.3543202652828453,0.36731087144202,0.38383185985481283,0.37279305815973474,0.392083084205747,0.4128814387398173,0.3660787062115951,0.37357227774614843,0.36336864471824326,0.37517399208940583,0.3777717442777705,0.3639751677459662,0.34740598368635295,0.31399806651208656,0.3733821974059497,0.37465830675096085,0.367526605545367
KOR,0.21162007910933475,0.1535530836213947,0.11064639723165351,0.10615619097552781,0.08955945384483936,0.08715708830523551,0.1594499180145348,0.10333731468605106,0.15932515126131597,0.10731872005375154,0.29713285684987834,0.07693845888061082,0.1014631697430048,0.10322937511824089,0.06434454152797453,0.11779124557955645,0.12221940475653745,0.15149682572095483,0.10311837474078919,0.11408625947585664,0.14291249831110614,0.08377334237304425,0.07290359935917547,0.09361245414182395,0.15408678665929415,0.13980927689903108,0.10549132740393966,0.07060677688027236,0.0878723399235912,0.1028128016689683,0.10029347054212873,0.18747657909447593,0.10045616675663595,0.07236844275970279,0.10205329501638345,0.09868703584907694,0.12692884231521492,0.13285949260546862,0.0817798910116618,0.08109311708710668,0.10408771593255996,0.06117209710181771,0.14491734892283376,0.3536037048331251,0.0,0.17508559982967448,0.09858378673222709,0.4456991787290438,0.12014077375457248,0.14485064142837106,0.06940986522041463,0.15231227891386653,0.3091474883846926,0.12122964083842162,0.2079767598952257,0.10351121607984962,0.09779634565222525,0.10699987064559585,0.17175413109823595,0.10362408155349907,0.16852605929563133,0.08711140010089062,0.12112863198221986,0.13476207456621384,0.10362555007232853,0.1264221807634227,0.11831323994736544,0.12146703576388236,0.20137541057909988,0.11295704213654409,0.0994013484872832,0.08044972191650146,0.08290168275380534,0.12690906127125892,0.09868366383557023,0.054423294308932085,0.13169598348197056,0.08466869612190116,0.14956122579319014,0.08517632440101255
LAO,0.19658818051194568,0.20767614225926137,0.13423383224112187,0.16594712476560905,0.16280858086035851,0.1709972943935734,0.16198050060009697,0.130036000543407,0.1344579226065032,0.16701018721467195,0.32563011511026796,0.16470863517779372,0.1710619221076045,0.15530951203119706,0.15581640924431783,0.15491481030955617,0.15820181544881062,0.14669896744787733,0.14326477874868487,0.1508754789327844,0.18859780144144714,0.16549951647479538,0.17252204846229455,0.16024882494042947,0.1877888488584068,0.19727008051183612,0.1633002436218786,0.1658111155886539,0.16284291329863704,0.1745286162383641,0.16085412437934793,0.2423832382605865,0.144736061117546,0.138558009853276,0.15520457140490604,0.14133032341978113,0.18665547213321326,0.1910639698017823,0.1722605637532965,0.16451955999597007,0.1553687994764001,0.17241510389161438,0.1809317178867305,0.38299669249333923,0.17508559982967448,0.0,0.1388210706406614,0.46755309987415494,0.16744370663331148,0.14161697787817246,0.16305988213530878,0.22510390577134787,0.2116601823127212,0.16924506075476567,0.20256934461694207,0.17506756395642287,0.17578774096401248,0.1480446814303981,0.11924403368767447,0.15836206593406416,0.15480690974413408,0.1497963261965275,0.18038130129123783,0.10890702982855373,0.1590363071962197,0.18414002731221202,0.14791831395737404,0.2103255531050424,0.23525748025164145,0.1731929890022951,0.17037028258075385,0.16942416255067846,0.1564744202218771,0.13754587907248633,0.14851943198061113,0.18616730334468654,0.13478476224650396,0.16863261990880546,0.11619186776250408,0.16003160038755257
LTU,0.18960259483744704,0.13185745043044267,0.09056828011344559,0.07616967860558312,0.0757952166600394,0.06895345832744272,0.14044821044996617,0.06013591029892908,0.13526759467319582,0.09207050637793425,0.283628166697707,0.07298433273845231,0.09210792603213915,0.08403017206597038,0.08208475746953733,0.0792779491224846,0.09692887607766902,0.12666950304743652,0.08452551352650076,0.08703807858905074,0.1275304895713323,0.0685024997522543,0.08302297288385023,0.07868029453399147,0.13959222797956208,0.11679220113560827,0.07301208551093591,0.07151381849654162,0.06591677390066607,0.0804878595390367,0.09050894737754914,0.18633242315912624,0.05332263350886212,0.06354582859653103,0.0898202962977185,0.08260995773523526,0.11062884243768238,0.12134419066927583,0.08201413264249664,0.061329629921600244,0.07945820697791554,0.08459624922733212,0.12198674086985785,0.3696466402781831,0.09858378673222709,0.1388210706406614,0.0,0.4489959729713747,0.07546639674893794,0.13025301532150044,0.07560803809717542,0.17819076538390075,0.27669291504748705,0.10641349705226627,0.17068146615597132,0.08081625834377591,0.08044466667085948,0.07299831650140474,0.14050571208496582,0.08033298025198628,0.14212766234993357,0.051675207963994677,0.09427145104419576,0.09371145342577736,0.07859090092089939,0.1075875442954387,0.08976176906894161,0.13608298769897983,0.19435799958089317,0.1002684532477704,0.07468092740413575,0.08219533952533911,0.08687224800501206,0.11095494334001996,0.07593581981987531,0.11435266090686105,0.10735044042552645,0.08116206627179412,0.12170117458898347,0.07376568214678408
LUX,0.487276137834903,0.4596733310950189,0.45214995213359316,0.42716814567521144,0.4324705382841048,0.43321608886349317,0.46564483389550576,0.4500549166077328,0.4695395709452372,0.4436470131622124,0.526581385798786,0.44279304050387347,0.43116371358550887,0.4518207746996809,0.45375116229338586,0.4587234522377322,0.46305730504029263,0.47297101514330164,0.44806789330961067,0.4417100571992645,0.4039486459294128,0.4452139228734373,0.4236070911061214,0.4380015258417441,0.4717230438003284,0.453932013910617,0.4449827808738377,0.4479695855752154,0.42438711234120363,0.41256136736382176,0.45066439675041764,0.4484907857878618,0.44422245431723784,0.43991083466618164,0.4574513440073544,0.4384261433789357,0.4019607931833008,0.44573295826306203,0.4317756429103479,0.4343964337085508,0.45543972803390437,0.4507890206919325,0.46045059278778866,0.5791758320900393,0.4456991787290438,0.46755309987415494,0.4489959729713747,0.0,0.4541879637328634,0.46281918883390016,0.44944786050219804,0.4635177034647111,0.5420215024446908,0.4078510540798372,0.4757920501779346,0.4168476041716353,0.4485240478842666,0.4445053811437479,0.4730984793269273,0.45621701433155093,0.4773310844486387,0.4455910221427015,0.45324956008470685,0.46685658746381603,0.45353996908295857,0.45722041654829004,0.46300811054653074,0.4353064164544394,0.32212707734486495,0.4493793820475981,0.44362714328100356,0.44715886305331026,0.4581402158506345,0.45843315588340783,0.44961051473661523,0.44393708287992045,0.4621013632266782,0.4114475497493306,0.4702442658336033,0.4345074543490589
LVA,0.20394584687425285,0.13616820359712228,0.12062820191514573,0.07785189176624187,0.0859024249780892,0.0827230357596389,0.1612191884490918,0.08808599327968307,0.1633313765671367,0.12491931431456617,0.30290195510044293,0.09938565851994197,0.10498045829787443,0.1050935269198574,0.1112906346976373,0.11193968025816001,0.12057138978730089,0.1489914823132107,0.1142123757319096,0.11133368781810525,0.12811512421244897,0.07014308407251271,0.10171199337890806,0.103508922645013,0.1597078070965547,0.10002359364147656,0.0679700783646376,0.08668983413545722,0.08145987836782062,0.0831258828604494,0.11284418554590316,0.19233445142362368,0.07556482892787941,0.09911769775840697,0.11780547045246612,0.10781147945926921,0.10935052914678288,0.13491993238914318,0.10725602924330929,0.07863269868288504,0.11221738838801268,0.10826864702060295,0.1438079997834578,0.3720253986015181,0.12014077375457248,0.16744370663331148,0.07546639674893794,0.4541879637328634,0.0,0.15569148224445256,0.10348471352263652,0.1808840580133472,0.30173937728089245,0.12869647849904195,0.19808899718305087,0.0853220836622529,0.09133639602657659,0.08164425804936465,0.16258630229310297,0.10942557918337183,0.16600013768132196,0.07884353753651724,0.08163922625892067,0.11854367940762972,0.10461058820544542,0.11487167608135614,0.11307911000497112,0.14594416332045426,0.20326247890914678,0.09757863705904943,0.07505422470604245,0.09666668301704133,0.11868833570753358,0.13588897095971308,0.08654785758057394,0.13497567393174653,0.13819958496801907,0.1062837155643162,0.15121377673098646,0.10374784427378701
MAR,0.21959304263760643,0.1969493891994424,0.0904188678525692,0.14990907186398042,0.15121646378367049,0.1470188731549683,0.1623129022310097,0.12495258373691746,0.08175512624962136,0.1421157215738937,0.3249577259849457,0.1418668488983984,0.16133681497717464,0.14108191143609486,0.13273192445247003,0.1237677598670588,0.11186169079371192,0.11439858118560371,0.09976943551879353,0.1131073602648331,0.16707255971729282,0.1439129795767301,0.14897947711102646,0.13689422509809301,0.17054019415341598,0.17173486911539462,0.14582390570710244,0.14878403317837985,0.1416875836812181,0.15997863693680459,0.14171890248894883,0.2373607438419698,0.12723542202634594,0.10584526570761575,0.10817945399301697,0.1152090665157777,0.16339624416572754,0.1736200794278876,0.15175364280023212,0.14266442456469805,0.12735404087023516,0.1489644736963359,0.1810068439730473,0.38187593839569156,0.14485064142837106,0.14161697787817246,0.13025301532150044,0.46281918883390016,0.15569148224445256,0.0,0.13460752839716625,0.22259293572059913,0.2673088430312729,0.12695938364335688,0.18610005114886088,0.15451998061329403,0.15767764103410364,0.1256260708891045,0.14733783633445832,0.12896655332196238,0.08714604126606587,0.12466529450409176,0.160465015326478,0.1236264347540006,0.14669179825304313,0.17184881871336566,0.0827982103848439,0.20186558944093883,0.2319101912064683,0.16206394133838353,0.15594070288963743,0.15311986674980232,0.11998661551938468,0.08905955668320091,0.1265088207109113,0.16743822425919336,0.13365043100812196,0.15026161048742986,0.11257714712321953,0.13533621232994333
MEX,0.19616166963334553,0.13682697323257104,0.08759966067586891,0.08944042736961096,0.08371896473580333,0.07499028196973441,0.1537312110442608,0.08663491520156066,0.14856046488394137,0.09137854363094114,0.2836953200790746,0.06933542018332793,0.09401304101888576,0.09365942179249619,0.06642647633946551,0.10159355616863519,0.10827392401194744,0.1378533298310574,0.08111155666140053,0.09480650114564154,0.1386352794982061,0.07470443780098968,0.07878571211323283,0.08193274683487879,0.13017144196057798,0.12570843893364583,0.09475197787449513,0.07085302424595344,0.07543765244883553,0.08930113472804323,0.09820141874754705,0.17538032337457782,0.0806875058092451,0.06302871345813585,0.08715801046586305,0.08190186100824218,0.11528084948496768,0.12480276990858888,0.07754132986423559,0.06835386903730395,0.08714357066506814,0.07532161361677564,0.12784869474288263,0.36813495742192404,0.06940986522041463,0.16305988213530878,0.07560803809717542,0.44944786050219804,0.10348471352263652,0.13460752839716625,0.0,0.15915747481838458,0.30051631557656955,0.09407490835665074,0.18918867115018376,0.08850545233547216,0.08041245187843406,0.09049462072369024,0.1608371879029807,0.08024709406341216,0.1502472069120847,0.06868676528076173,0.10678992115380428,0.12289307680107148,0.08436887295762151,0.10496689735153827,0.10258708203242084,0.1267009562631013,0.20102931584838887,0.11130484344116248,0.08617773664783512,0.0817768246698265,0.07266473570813865,0.11819131940508298,0.08825517590635798,0.08350585620676108,0.1229344146888203,0.07598461368248816,0.13678233151331645,0.07611806908444783
MLT,0.24512634957029458,0.20903579377837053,0.19698409994084565,0.18085462921278636,0.15771423953885946,0.17922264949972988,0.22680893712574582,0.18524627855919235,0.2294168831235296,0.18991932722354948,0.3366103279232463,0.18094348163223253,0.1501318035536774,0.16967709424915325,0.16885632032140122,0.19831166043767912,0.20243738043456141,0.22324384885489476,0.18451352256218528,0.19466683722893818,0.20301423855882617,0.16480353264503506,0.1774802155282949,0.18147270055341824,0.21614865579279033,0.2022661943674787,0.18197264234665986,0.1612635130980416,0.1752472457531809,0.17311170557268038,0.18799360526986147,0.2103500530268942,0.1751530663252891,0.1695124934032862,0.1896573086376728,0.1909398187517386,0.1780905516011112,0.20146462241510063,0.17236927259416845,0.17451641026437853,0.19074498689762945,0.1795504077881747,0.21359597161798916,0.4093752827590868,0.15231227891386653,0.22510390577134787,0.17819076538390075,0.4635177034647111,0.1808840580133472,0.22259293572059913,0.15915747481838458,0.0,0.3491574530811957,0.19058520576268928,0.2610621909045354,0.1827030330420784,0.18344218273351331,0.17569865884721358,0.20736689456027568,0.1904528176104341,0.21987420641582586,0.17958202804421222,0.18262658126732398,0.19120129047624249,0.17862465435517108,0.2007838615746636,0.20211848391436488,0.15367359671102598,0.2480991183077332,0.16491415943976462,0.17967769346894352,0.1743064533784268,0.15685870541147823,0.20801616333488898,0.165741253114743,0.1416753719718094,0.21591226669203342,0.1782793858455575,0.21489319767979376,0.18103407664043442
MMR,0.29270721067812433,0.33055425132714944,0.2613386788985543,0.30041744796429065,0.3091567302428365,0.30853731167988985,0.2472265359089359,0.25443958678343115,0.22878582616611137,0.3043061106925323,0.4135261135238856,0.3020655797956065,0.3148487519773807,0.3016665170794104,0.2870308670866324,0.2882569028210879,0.2928307069123632,0.2603288690968526,0.28517644764942296,0.29720472196995756,0.3154301051824389,0.30629801213556596,0.31092080239056824,0.29997620958561133,0.31221059538517226,0.3228989478842776,0.30199779490263823,0.30370593215861114,0.3021347941717458,0.31212294275257463,0.29698527074695996,0.35963505949923263,0.2866206155104652,0.2775083503730492,0.2945507742958568,0.2680247064639442,0.3146665825933102,0.31719941350656294,0.3095496836662311,0.3044525993003231,0.29497708248584936,0.30907224038235703,0.2995444108275178,0.4325742386743779,0.3091474883846926,0.2116601823127212,0.27669291504748705,0.5420215024446908,0.30173937728089245,0.2673088430312729,0.30051631557656955,0.3491574530811957,0.0,0.3064741607978169,0.28017857741928526,0.3087976753712486,0.3097554907814035,0.2861525450852096,0.20602961700686678,0.295275240973335,0.270283940669781,0.28948017711414087,0.31380067559944014,0.22152594004248016,0.30051673729195366,0.31509970475126303,0.2795000919425894,0.33345939787504525,0.3460863958479427,0.31804600491458895,0.3043097614995844,0.3079677337415201,0.2944616972792127,0.2632050074215505,0.2930582333275867,0.31492418522544574,0.23215749156396887,0.30619895707057404,0.20898868232355633,0.30256666300240254
MYS,0.20649276376549708,0.15795134928285773,0.09289932895148102,0.10876102941144239,0.11538802180744906,0.1104209418612606,0.17393005165590622,0.11582320863187666,0.1409208783897364,0.11263245036730178,0.2864695513496784,0.1077214230013307,0.12278545389130043,0.12145464509162145,0.11110269056308023,0.11420279766818231,0.11618101669756005,0.14166847120071813,0.09135394021887326,0.10616396819074152,0.1356292815500395,0.11021237322814992,0.11238176165949158,0.10573288282172909,0.1361907802478176,0.14722081214274188,0.11883476265691605,0.11556172736597338,0.10421420753454477,0.10894638188944937,0.1278627919388428,0.1895914790524213,0.1067372770157283,0.09594548503559623,0.10110643181362088,0.10060317689047579,0.11608048344370121,0.14538944432157355,0.11174487563045875,0.10613366589743752,0.11116492037975871,0.12309744040386793,0.15020500935303163,0.3793911025608242,0.12122964083842162,0.16924506075476567,0.10641349705226627,0.4078510540798372,0.12869647849904195,0.12695938364335688,0.09407490835665074,0.19058520576268928,0.3064741607978169,0.0,0.17830307771406156,0.1065316259866688,0.10836150011213683,0.10907047426509074,0.16924309781034,0.10476274360440051,0.13287919997473174,0.09902585123030841,0.13530846100135066,0.13713034619912917,0.1126809475497724,0.13166627967859784,0.10698123963353087,0.15519339015103797,0.181683503654634,0.13767603719303873,0.12346907056596748,0.122230262707263,0.10503496145132163,0.12290742925191847,0.11696852381004232,0.13308836970665874,0.13526006162584586,0.1024212098746656,0.14695911378735274,0.10374490938641205
NGA,0.25367151822598905,0.2403654326381841,0.17361101379052943,0.1975665174922772,0.20216548998006922,0.1956079871991729,0.21070640284080336,0.1739357911347292,0.15818061621357013,0.20537803093408386,0.348207878771496,0.1933672235009505,0.20355330776303396,0.1952905014138066,0.18984156675589892,0.15593418566361414,0.17625321691149776,0.193633483017566,0.1784199382383214,0.18882539322556485,0.2176594267779015,0.19356762982158923,0.20284795202062275,0.19193288042945206,0.23068360531548698,0.21993178431630372,0.1967383318676859,0.2011972301434972,0.1930961565098614,0.20398553572607997,0.20161141315866268,0.2631662343148967,0.18523125691500747,0.1797532465918042,0.1812324366291894,0.19607022918155312,0.20632156248757436,0.2122538924580043,0.1961966548984876,0.19346282746797636,0.1829051942585272,0.2054941691141686,0.21524567593007754,0.40604200949686803,0.2079767598952257,0.20256934461694207,0.17068146615597132,0.4757920501779346,0.19808899718305087,0.18610005114886088,0.18918867115018376,0.2610621909045354,0.28017857741928526,0.17830307771406156,0.0,0.19701701338525954,0.1924836451965528,0.188126796566942,0.2062200686505357,0.18537197464933455,0.16350353517567148,0.17372603146756854,0.21262394856526284,0.16257938793648544,0.19311885421896266,0.21518096358718009,0.1657768771008324,0.24048570687890322,0.26106999519454405,0.21290848760337439,0.20306446928901578,0.20550811538531316,0.18329317625936356,0.19541039664035173,0.19551604566349146,0.2195252425011885,0.16516863545113522,0.1957540384129515,0.18962846690793253,0.1936937788086416
NLD,0.20811013055449237,0.1236616376349477,0.11502047363661087,0.044435051912579605,0.07450381915268334,0.049735956101971866,0.16405423396687863,0.08960514642599883,0.16420247334058147,0.110653996539224,0.29640234439228763,0.07661124223508929,0.09040093565196072,0.09654821312482592,0.10634741737608133,0.11973906928385823,0.1250772476578416,0.1528368648524687,0.10448197258759802,0.09786912831841262,0.11072550192899944,0.05890278633144401,0.07503152954365473,0.0833323515059136,0.15838920588194408,0.08811336883111276,0.09556398463424644,0.08108696124152456,0.047533691867102976,0.04006047368221074,0.09921317032687389,0.1779189266243306,0.06803521055932486,0.08428483843400063,0.11333843988446264,0.09800149533094629,0.07467786764005545,0.12341329849123273,0.07375964248558427,0.056565275884581524,0.10457193913415343,0.09430992452378352,0.1371609881340587,0.37811796771035183,0.10351121607984962,0.17506756395642287,0.08081625834377591,0.4168476041716353,0.0853220836622529,0.15451998061329403,0.08850545233547216,0.1827030330420784,0.3087976753712486,0.1065316259866688,0.19701701338525954,0.0,0.07177248350598066,0.06881641151885422,0.1747724488494001,0.10380040615045566,0.17024375054790786,0.06824113400579795,0.06990463923745342,0.1328468385679486,0.10274508254423492,0.0978950719440755,0.11338229099279529,0.12496395681878618,0.17676131686438876,0.10867218607690257,0.05580908515647816,0.08570108371800893,0.11571605417352354,0.13691683349222653,0.09625247533666696,0.11590748624260433,0.1403339585493829,0.06851067674235607,0.15636028254103948,0.08520179823741342
NOR,0.19703951268740746,0.12640954354352685,0.11100412356640225,0.07438892148907303,0.08143550357754739,0.07206805409945788,0.16314207660005178,0.09232737988182943,0.16512803326184308,0.11067476403968311,0.286448370886103,0.074473381121225,0.09602573541687753,0.09464273815396941,0.0963374401832319,0.10904608667891566,0.11813323707396103,0.1515020367820984,0.09831206904253448,0.10333284147884675,0.11531876590249142,0.07337743635797242,0.0826373839087877,0.06862082843952594,0.13779411590222307,0.11288176395874777,0.08889059889934431,0.07461092812032769,0.0719915199987008,0.07489403066219116,0.08378946619693192,0.18435636979175543,0.07902294158628906,0.08802470980290276,0.106140413233529,0.1002830571898523,0.10950404743177825,0.11444987597565195,0.07996557117973123,0.06865863178971897,0.09364891774788926,0.08794306059532107,0.12876155885435644,0.3763182620314938,0.09779634565222525,0.17578774096401248,0.08044466667085948,0.4485240478842666,0.09133639602657659,0.15767764103410364,0.08041245187843406,0.18344218273351331,0.3097554907814035,0.10836150011213683,0.1924836451965528,0.07177248350598066,0.0,0.08356810058635458,0.17388193478098757,0.09144150196100079,0.16997025687030795,0.07414109147628697,0.09506366350199016,0.1337446275758137,0.09002666757126375,0.09914508738367504,0.11396363528797258,0.12553440653605813,0.19961726334929655,0.11655771006278004,0.08059790515064578,0.07688669505695997,0.10616338572149367,0.1375223575543908,0.10050430527386943,0.11476853619300773,0.13754757608281795,0.07919071377024789,0.15350112259316248,0.08416439080788296
NZL,0.1965324411625892,0.133713365031069,0.09313478864937084,0.06359768759162836,0.06984932329395403,0.07232072080345414,0.14990598657086185,0.07810609571417151,0.1365317621304551,0.10808264722678215,0.29949210172185914,0.0816903466623538,0.08907624584124607,0.08037114508885017,0.09971361847112131,0.10296865370470358,0.10528554379281951,0.12862611088497586,0.08470879462654315,0.0880051992458698,0.12587791955064545,0.0637258421787099,0.08933942120945404,0.08471326728183555,0.14889190751931022,0.10066363933232898,0.09304858638874842,0.08384807826782488,0.06532766685765107,0.07264364639686421,0.09769012508771699,0.19467413104115708,0.059158377821900816,0.07363869450818378,0.09627811837609977,0.08988611281190416,0.09803471885731783,0.11952131409096195,0.08776769371437912,0.07022291169738155,0.10045393693260977,0.09874698149320425,0.13469267928526277,0.3760691041328699,0.10699987064559585,0.1480446814303981,0.07299831650140474,0.4445053811437479,0.08164425804936465,0.1256260708891045,0.09049462072369024,0.17569865884721358,0.2861525450852096,0.10907047426509074,0.188126796566942,0.06881641151885422,0.08356810058635458,0.0,0.14029815653333216,0.09264853313553786,0.13791136405119792,0.06665359610080245,0.07665034833037195,0.1017023841782439,0.09585307708661774,0.11400335284643853,0.09068339299548106,0.14248668899393366,0.19922184127817447,0.09939049304047581,0.07359987061046022,0.08546885628158579,0.10070770104153282,0.1109376736729005,0.07288246331836384,0.1256652992963697,0.1273665013562694,0.08443055620048494,0.12553584595960113,0.08524483719549776
PAK,0.1914736343015321,0.20823418353193832,0.12360830500452857,0.1657825507560041,0.15009187776795802,0.1702290470958247,0.1567816973364738,0.12831028783057805,0.1312038410943997,0.16167579620001787,0.3240158398579701,0.16432399327691966,0.15829038150576724,0.14709003164158987,0.14936208550694643,0.15912837429042168,0.1611728075100904,0.15090831586994458,0.13555365782099715,0.15902763582845955,0.19453047795956624,0.16007416309834155,0.17046583297291806,0.16150506808291903,0.1691806538931029,0.19758645948183715,0.1633476517280494,0.16578175613870622,0.16266319585429753,0.1703876037607338,0.1632246120827827,0.24537874819242977,0.1425075082649868,0.140697727053352,0.15552524248389507,0.1339112114945397,0.1875341247064509,0.19192044718838253,0.1725124666972864,0.16259123701000633,0.16319211585524881,0.17106865634482019,0.18154908753882615,0.38008561579705585,0.17175413109823595,0.11924403368767447,0.14050571208496582,0.4730984793269273,0.16258630229310297,0.14733783633445832,0.1608371879029807,0.20736689456027568,0.20602961700686678,0.16924309781034,0.2062200686505357,0.1747724488494001,0.17388193478098757,0.14029815653333216,0.0,0.15885658528576338,0.15086297039798094,0.15321744245242377,0.1741684850802601,0.08262707996468989,0.14982582021557359,0.1829374283303922,0.14979279293572131,0.20713448316317767,0.24245396462146035,0.15227471284962382,0.16871347237809914,0.16673907887781972,0.14805956064914436,0.1398121944878425,0.1272256942493694,0.1825011569775946,0.1347062718097465,0.16824515730211562,0.10822167606634187,0.16051899112656773
PER,0.1990783907517719,0.14684459673720632,0.08661580330235213,0.09385268913078962,0.0987600763188442,0.09038736105306579,0.14468827834755627,0.09152878635269239,0.1411555863749009,0.10205267281236557,0.2852086034139117,0.0818572090531303,0.11286754562525564,0.0898751634747599,0.0816383954048821,0.09173117276462751,0.0926033860995727,0.1270014460477734,0.07492169323400658,0.09701449634507467,0.14165007840433547,0.09558068890283244,0.09785924232449851,0.0911185910497262,0.13107315213449908,0.136558407560323,0.09652139909744437,0.08991305309828691,0.08985957928038603,0.10230694976977951,0.10150602926321632,0.20499146507254593,0.08806771186010161,0.08170327911366147,0.08865273161438132,0.08991295104224947,0.12848494825330287,0.12650936294840698,0.09321766832494258,0.08181277912931326,0.08646164822611425,0.09624340807228048,0.12196037900809317,0.3754936039486989,0.10362408155349907,0.15836206593406416,0.08033298025198628,0.45621701433155093,0.10942557918337183,0.12896655332196238,0.08024709406341216,0.1904528176104341,0.295275240973335,0.10476274360440051,0.18537197464933455,0.10380040615045566,0.09144150196100079,0.09264853313553786,0.15885658528576338,0.0,0.1447200517173611,0.08292027862379567,0.11600178864648172,0.12205979171087941,0.09410689763147898,0.11979324969833754,0.09152383956495577,0.15559253047218535,0.2055731907632304,0.12724487735687445,0.10157881782056047,0.09677027138749096,0.08093353850627805,0.10832346275886336,0.09284659106761695,0.12313626484973539,0.12614687580758915,0.09418547288717213,0.12748936072121328,0.08228515042386744
PHL,0.22876455697247836,0.21261353358844712,0.10609243086900592,0.16733337670911444,0.1682224076196833,0.165918047249549,0.1749812893657367,0.1437995736561606,0.07708988599335397,0.15650934839327796,0.3315366591475303,0.16390006508336252,0.16958459746874055,0.15164779571917772,0.15336594581990606,0.127088956005815,0.11941552132226436,0.12254792070405526,0.11822568046588207,0.12508880113198204,0.18840275068699483,0.1595242166984593,0.17401767669126406,0.15372018189188558,0.18092468584059893,0.1905087535985172,0.16177034386547495,0.16709342127100907,0.16258073081204844,0.17729366851132874,0.1650332238838312,0.23036347341042845,0.1441944325037195,0.12686318786635947,0.12394516280069937,0.14472062053116805,0.17617881327590623,0.18522677080286304,0.16953931697232794,0.16221892503559052,0.1557613339355815,0.17463249823251628,0.19399426530089398,0.3975563116474122,0.16852605929563133,0.15480690974413408,0.14212766234993357,0.4773310844486387,0.16600013768132196,0.08714604126606587,0.1502472069120847,0.21987420641582586,0.270283940669781,0.13287919997473174,0.16350353517567148,0.17024375054790786,0.16997025687030795,0.13791136405119792,0.15086297039798094,0.1447200517173611,0.0,0.1395897255268852,0.17657571067751235,0.1275178017220044,0.161018450726684,0.1825743174635015,0.09558749799182105,0.2107491807194247,0.2500834786678853,0.17806635149241673,0.17537914850018277,0.17362749157220086,0.12909057474450356,0.10509405799273518,0.1446018609250934,0.18292684982710014,0.14436025942560288,0.17091165522166793,0.12509597329062105,0.1557514127324924
POL,0.19766130034870746,0.1305909603965486,0.09050281165073067,0.06616901872500454,0.07000127311999917,0.05623801266860653,0.14849213936808422,0.06158586618253136,0.13470733934218135,0.09442604769439795,0.29211108113567646,0.06805994507665737,0.091350287055022,0.08524097927176834,0.08048329215491776,0.08732259783891343,0.09614296074804471,0.1288377097912778,0.08463502590718366,0.07661788752917563,0.12051120681960056,0.050651113700200964,0.07286990738135397,0.07100900548782078,0.14659352233802803,0.10170336722454178,0.07971176328670761,0.06498341919444421,0.05668747566196197,0.07120371573883805,0.0886412584418605,0.17848806858739424,0.05427165915875276,0.05416471933582493,0.08338050080655089,0.08246982359380774,0.1008452177144564,0.11932560831598431,0.07795977019344712,0.051869179559990826,0.08378752004665307,0.07437203747237893,0.12614128706169683,0.36502123680313603,0.08711140010089062,0.1497963261965275,0.051675207963994677,0.4455910221427015,0.07884353753651724,0.12466529450409176,0.06868676528076173,0.17958202804421222,0.28948017711414087,0.09902585123030841,0.17372603146756854,0.06824113400579795,0.07414109147628697,0.06665359610080245,0.15321744245242377,0.08292027862379567,0.1395897255268852,0.0,0.08381938854511613,0.10414789246924468,0.08320256589723099,0.09997840474457777,0.08618700207645381,0.13631900290777024,0.19543747991184174,0.0958675624101368,0.06289068056989397,0.07239365514273044,0.08676503853706173,0.1107930312641679,0.07885621030591985,0.10837499216914064,0.11007706041485532,0.07628215127284645,0.13172728497240027,0.06997546835295454
PRT,0.21226460225779545,0.11898747930831571,0.13094186639353916,0.060327571424060436,0.0875132552845535,0.07892245255767613,0.15824427264594798,0.09369247472651872,0.17046280721156967,0.12800562592311376,0.3053134366252069,0.1070429682777816,0.11131623782239412,0.11347641621274077,0.11713197921921943,0.1299656156124657,0.13570155381868806,0.16267667020064963,0.11738094627559251,0.1161787895278528,0.1291987752057074,0.06539882371824868,0.10706210687133796,0.11241620591884452,0.16818647046882798,0.05046379995076044,0.11148089314577787,0.09994523657495209,0.07868542564747391,0.07208661968006219,0.11963007258907779,0.19209292342625645,0.07078833762868121,0.10679487693062202,0.11848028072593293,0.11156781793050247,0.08817585464091313,0.13923380734503996,0.11138731070803115,0.07569201488124602,0.11425692642672691,0.1116036862911453,0.15609802845994952,0.38160834272270217,0.12112863198221986,0.18038130129123783,0.09427145104419576,0.45324956008470685,0.08163922625892067,0.160465015326478,0.10678992115380428,0.18262658126732398,0.31380067559944014,0.13530846100135066,0.21262394856526284,0.06990463923745342,0.09506366350199016,0.07665034833037195,0.1741684850802601,0.11600178864648172,0.17657571067751235,0.08381938854511613,0.0,0.13282846969345838,0.1172626558903495,0.10328092684391416,0.12305107113393096,0.14239227435093144,0.21141802410790225,0.09674408643293275,0.05613763310096445,0.11043473249298821,0.11965982386606978,0.1425139658158746,0.08787604353968023,0.1363417165826475,0.15660100093078858,0.11279085979736893,0.15490191044343143,0.11133794169343207
ROU,0.18148500141968107,0.17174023604221708,0.09497168944114721,0.12277188500445024,0.11521973437018396,0.12667609003402652,0.13827114360726858,0.08010369268168253,0.10576928720764374,0.13329387248244973,0.30983357774529136,0.12643805479998596,0.12823115127046011,0.11433536932296635,0.11085675796793622,0.1153044509123803,0.12532577590969754,0.12380027499832631,0.1063438276136423,0.12817061970836732,0.16282779457701868,0.1132756497397145,0.13414604077281003,0.12700316457579847,0.15642683771355193,0.1531044920952642,0.12550489521983743,0.12480085674674546,0.12133372201453353,0.13267216584091363,0.13040026023153797,0.2215221193041261,0.10103357956482219,0.10249326149042917,0.12104668847955974,0.10443243980094308,0.14760773400954552,0.15954377670022438,0.1345161026920022,0.12035958901509686,0.12168423563182823,0.13158455542487082,0.15479777883868576,0.3543202652828453,0.13476207456621384,0.10890702982855373,0.09371145342577736,0.46685658746381603,0.11854367940762972,0.1236264347540006,0.12289307680107148,0.19120129047624249,0.22152594004248016,0.13713034619912917,0.16257938793648544,0.1328468385679486,0.1337446275758137,0.1017023841782439,0.08262707996468989,0.12205979171087941,0.1275178017220044,0.10414789246924468,0.13282846969345838,0.0,0.11603389005768971,0.15073230872637303,0.10859933638349878,0.1767207179147119,0.2229786104704197,0.11921794422566231,0.12415708672657999,0.1296561971520229,0.11607068767127224,0.11659370215354924,0.09361862819254227,0.14789579342288994,0.08943468456208117,0.13406920186616308,0.09501814000595611,0.12270079943273732
RUS,0.18843484682216127,0.13424847816918167,0.10258058995836893,0.09962031373957166,0.08243531931301659,0.08983549453271349,0.1626071714840604,0.09198656058545727,0.15846193723425217,0.09907542197563927,0.2805179506829512,0.08517979193850146,0.09914375012870451,0.09191774871143665,0.09153121050399823,0.10939307850519814,0.11662307881941635,0.14501728165976557,0.09316373169104332,0.10975903237021754,0.14536643183661943,0.08731650608989987,0.09288734720998368,0.09179918923333169,0.12412987161335894,0.1390546403990583,0.0985575700792223,0.08952865244774066,0.08954718634359733,0.09782074742945639,0.1036333212994981,0.19707063240937786,0.08455472607023919,0.08574699812179704,0.10288278301169075,0.09640821399520937,0.13382935949422065,0.12612261191987897,0.09427067940435706,0.0842875960713454,0.09288535144395185,0.09216810597403012,0.12669967251203823,0.36731087144202,0.10362555007232853,0.1590363071962197,0.07859090092089939,0.45353996908295857,0.10461058820544542,0.14669179825304313,0.08436887295762151,0.17862465435517108,0.30051673729195366,0.1126809475497724,0.19311885421896266,0.10274508254423492,0.09002666757126375,0.09585307708661774,0.14982582021557359,0.09410689763147898,0.161018450726684,0.08320256589723099,0.1172626558903495,0.11603389005768971,0.0,0.1171788946955513,0.11380584997857317,0.14620525630591838,0.2042085285620572,0.10194942989110752,0.10023121009201318,0.09095806240316082,0.09954286342194672,0.13133214084575745,0.08688388221451819,0.11957429768801998,0.12567623524027374,0.09248500193583442,0.14421781016406698,0.08659513551700534
SAU,0.21208265725756836,0.142615413873363,0.1270758332892246,0.0968532826974149,0.10907810372226451,0.09743316691545158,0.17625352271761852,0.11284944141392915,0.1844988788944289,0.12289950649264525,0.2950903300168625,0.11077021828303496,0.11978665186669023,0.13102599480799818,0.12238294999458331,0.1415126409440466,0.14534741599758388,0.16899955385326776,0.11902294434659852,0.11030420446850621,0.14531595402739503,0.10135483663388657,0.11707033518960695,0.11180794624816373,0.15406264267236042,0.1198285084326545,0.1171024264175136,0.10857588019531472,0.10142104967876085,0.10090240507459586,0.12006755933219748,0.16994163750030572,0.09787832442721563,0.11605279163506235,0.12890516627518145,0.11643039359904006,0.1299391857611135,0.14694833486720557,0.10816764623152102,0.09535766602648435,0.11896741620651301,0.11430649196776675,0.13905360080571993,0.38383185985481283,0.1264221807634227,0.18414002731221202,0.1075875442954387,0.45722041654829004,0.11487167608135614,0.17184881871336566,0.10496689735153827,0.2007838615746636,0.31509970475126303,0.13166627967859784,0.21518096358718009,0.0978950719440755,0.09914508738367504,0.11400335284643853,0.1829374283303922,0.11979324969833754,0.1825743174635015,0.09997840474457777,0.10328092684391416,0.15073230872637303,0.1171788946955513,0.0,0.13856008782396195,0.1560655653470526,0.20470581198977889,0.13145390293885625,0.09857861282875854,0.11859819748608608,0.12817104093891712,0.15307896773521038,0.12286523483472996,0.1304198472860948,0.15357739938217493,0.11277824252369656,0.16729838330824573,0.11262940574811446
SEN,0.21198519819383263,0.16841962858974852,0.07367085251597014,0.110143793357511,0.11790433374782784,0.10385237864699357,0.1471531217085468,0.09514341485363742,0.09845940194747792,0.11915802335737395,0.30990611405690704,0.10739251803677814,0.12789564142246077,0.10250405663994527,0.10353744871011691,0.08965940149541025,0.07724481448808661,0.10805769383345765,0.07588263855190586,0.0860090507004927,0.14543480428674743,0.10458508927390661,0.11766815481693209,0.10304979360145497,0.15221619896133376,0.13803933146382313,0.10700810459320442,0.109951479702385,0.10397415362317668,0.12171000696089557,0.10943763710293174,0.2162787316665339,0.09064545781011066,0.07999560174746068,0.08194240541880707,0.09519646935769395,0.13181865467373985,0.13858751758266788,0.11280458380134666,0.10224415447486832,0.09643291568598511,0.1177164882927378,0.15404421004847,0.37279305815973474,0.11831323994736544,0.14791831395737404,0.08976176906894161,0.46300811054653074,0.11307911000497112,0.0827982103848439,0.10258708203242084,0.20211848391436488,0.2795000919425894,0.10698123963353087,0.1657768771008324,0.11338229099279529,0.11396363528797258,0.09068339299548106,0.14979279293572131,0.09152383956495577,0.09558749799182105,0.08618700207645381,0.12305107113393096,0.10859933638349878,0.11380584997857317,0.13856008782396195,0.0,0.17204746677658625,0.21923831194970383,0.1389302275085008,0.11689794931315406,0.11884587317485566,0.09284730296884114,0.083151635433591,0.1002703872827635,0.13949920322434656,0.11682811728360398,0.1158676094957935,0.11110326808571304,0.10346211171048143
SGP,0.2343996756700932,0.13551477290843084,0.16703061482153386,0.13116836052024214,0.1340284661714911,0.12477667667372742,0.1999071210186491,0.14497085955407862,0.208468144484592,0.12848592826093408,0.2751377891194009,0.13703376650705842,0.12748086347945864,0.14832251960230602,0.1378090198964693,0.16116133624750645,0.17259025830321117,0.19803416674748933,0.15994063633668415,0.15765533772068593,0.1523295867310305,0.12820838544794086,0.13268372316080373,0.13423823985456773,0.17137176612418822,0.1526612438837298,0.1475849665178794,0.12122687757311175,0.1271064483259683,0.12651100800104828,0.13683869641613866,0.18267855994202242,0.1344719820095819,0.13369339150610896,0.15947735042004937,0.14487558674680975,0.12880261847542032,0.164050534470415,0.12578171386955278,0.12793899631817537,0.15371464184893469,0.138210925553911,0.17756200476881304,0.392083084205747,0.12146703576388236,0.2103255531050424,0.13608298769897983,0.4353064164544394,0.14594416332045426,0.20186558944093883,0.1267009562631013,0.15367359671102598,0.33345939787504525,0.15519339015103797,0.24048570687890322,0.12496395681878618,0.12553440653605813,0.14248668899393366,0.20713448316317767,0.15559253047218535,0.2107491807194247,0.13631900290777024,0.14239227435093144,0.1767207179147119,0.14620525630591838,0.1560655653470526,0.17204746677658625,0.0,0.21113147331525967,0.15400394816200585,0.13288501460110655,0.13662376027062853,0.14254587428793525,0.18092946371917634,0.14514532620511592,0.1160913169043446,0.18289599083896182,0.13202175960961082,0.19517436202846616,0.1378287116999999
STP,0.26913472409586375,0.22916023491548054,0.20829508197531613,0.18341355383856375,0.1865525475835824,0.18711911077376647,0.23564330429104757,0.19944641414811842,0.24158978758710933,0.20358901347414954,0.34106183825327074,0.1887146418660058,0.19203949860732886,0.2057926166099431,0.2035565314443307,0.2129289213813807,0.21979013581986837,0.23439128082072547,0.20391071813930317,0.19579199096210687,0.17859824346170874,0.19770537767563787,0.18001269161177713,0.19271136053670815,0.23926684243679328,0.22181998193771194,0.19382049409200877,0.19642391686588043,0.1763025580115182,0.1723113757368197,0.1959121555538535,0.23909563277388718,0.19317634542942316,0.1896223529456839,0.21348191296463065,0.1929672378370014,0.180274968327488,0.20769520652318896,0.1828326427727117,0.18516820713656293,0.2043057621466303,0.19794489581128794,0.21784591229343048,0.4128814387398173,0.20137541057909988,0.23525748025164145,0.19435799958089317,0.32212707734486495,0.20326247890914678,0.2319101912064683,0.20102931584838887,0.2480991183077332,0.3460863958479427,0.181683503654634,0.26106999519454405,0.17676131686438876,0.19961726334929655,0.19922184127817447,0.24245396462146035,0.2055731907632304,0.2500834786678853,0.19543747991184174,0.21141802410790225,0.2229786104704197,0.2042085285620572,0.20470581198977889,0.21923831194970383,0.21113147331525967,0.0,0.20848577347076705,0.19548495288448794,0.19716951065141922,0.20734352444100146,0.21558533780666142,0.20288377079021003,0.20493741535492352,0.21655504346695906,0.16914852479048648,0.2341142370372957,0.17998579265052636
SVK,0.20042580348100272,0.14890146464924175,0.13453322496818607,0.10400739126114865,0.07193941587833266,0.10205685140683025,0.17799754624837716,0.10872020430059773,0.17574835884472728,0.12364698990828789,0.3044977874799464,0.10920921575260073,0.09734105414752836,0.10224231314453135,0.11407876364880283,0.1358240508524132,0.14668108532984578,0.16969524655942797,0.1205640205105796,0.13223598613964702,0.15036207090120698,0.07842633395120151,0.098755369693138,0.12065061997945842,0.16128032642531917,0.12142696583134306,0.11291604762686946,0.1077287625790737,0.09679524639665289,0.09816290437784989,0.12871118981929006,0.1987656334551615,0.09205075862501585,0.10670617904032356,0.12825915633646542,0.12424922984246266,0.12854867011558474,0.14640269504252396,0.11974621695379807,0.09581598103188463,0.12442302568493825,0.10179333414382291,0.15787122378701046,0.3660787062115951,0.11295704213654409,0.1731929890022951,0.1002684532477704,0.4493793820475981,0.09757863705904943,0.16206394133838353,0.11130484344116248,0.16491415943976462,0.31804600491458895,0.13767603719303873,0.21290848760337439,0.10867218607690257,0.11655771006278004,0.09939049304047581,0.15227471284962382,0.12724487735687445,0.17806635149241673,0.0958675624101368,0.09674408643293275,0.11921794422566231,0.10194942989110752,0.13145390293885625,0.1389302275085008,0.15400394816200585,0.20848577347076705,0.0,0.09420338562299424,0.10665683391042466,0.11742242507841472,0.1554243493524208,0.07579634727707237,0.13174542581697812,0.1501607894958028,0.1155772715601284,0.16357516688965057,0.10834459400445116
SVN,0.20423614592315847,0.12016987026993992,0.11759622376543587,0.05540612057180329,0.07170484086026267,0.054886686192882964,0.15257108118757656,0.07926495773107008,0.16513968801893972,0.11310355959001205,0.2978123483306514,0.08084479634067467,0.09566846723496025,0.09685057618244557,0.09517753859250982,0.11722284613953472,0.12638988430626075,0.15191479304159136,0.10800907216926373,0.10507496594772923,0.12354726118842238,0.04690880355125925,0.08043333214546632,0.09093507503614372,0.15881406621429742,0.07742531912083228,0.08942867019178032,0.07542219388438769,0.05618372817965535,0.05843571102265632,0.10040586055902304,0.18512843283678443,0.05874370665060193,0.08551645804125331,0.10890102419288357,0.09715920587537485,0.09007669264209003,0.12610533014996952,0.08440241714099866,0.04789105739021429,0.09975550592557297,0.08773308345831586,0.13801336710670697,0.37357227774614843,0.0994013484872832,0.17037028258075385,0.07468092740413575,0.44362714328100356,0.07505422470604245,0.15594070288963743,0.08617773664783512,0.17967769346894352,0.3043097614995844,0.12346907056596748,0.20306446928901578,0.05580908515647816,0.08059790515064578,0.07359987061046022,0.16871347237809914,0.10157881782056047,0.17537914850018277,0.06289068056989397,0.05613763310096445,0.12415708672657999,0.10023121009201318,0.09857861282875854,0.11689794931315406,0.13288501460110655,0.19548495288448794,0.09420338562299424,0.0,0.08448655914528894,0.11018786920520814,0.1312746085043945,0.08218641990828794,0.11668965714066663,0.13842066893670163,0.08595680935556176,0.14840285969085715,0.08879159282419437
SWE,0.20367047583877948,0.1437376383156486,0.1141849977756841,0.08775070657640978,0.06123893071925331,0.0697110021242277,0.1629185109690321,0.09231565958851234,0.16694466745560713,0.10568758956560757,0.2925184766667728,0.054593105066780556,0.08487073184253942,0.08227766267377258,0.08512976354454073,0.10612867426356666,0.12007715399706724,0.14832501268424633,0.10293874253977252,0.10476311539650006,0.13011723979717926,0.06905945803482996,0.06109289999529787,0.06807491772607424,0.15291410214129766,0.13443452701100111,0.08000519845262247,0.05228763682563192,0.07000223914628495,0.08161140183962659,0.08645117999528813,0.1876116573209543,0.08585393468868997,0.07395844291448976,0.1083138564555453,0.10022556343583462,0.12404383217076377,0.12270513975740464,0.06937448928634056,0.06538736543542743,0.09739723641461859,0.06563420003811547,0.13121574567156827,0.36336864471824326,0.08044972191650146,0.16942416255067846,0.08219533952533911,0.44715886305331026,0.09666668301704133,0.15311986674980232,0.0817768246698265,0.1743064533784268,0.3079677337415201,0.122230262707263,0.20550811538531316,0.08570108371800893,0.07688669505695997,0.08546885628158579,0.16673907887781972,0.09677027138749096,0.17362749157220086,0.07239365514273044,0.11043473249298821,0.1296561971520229,0.09095806240316082,0.11859819748608608,0.11884587317485566,0.13662376027062853,0.19716951065141922,0.10665683391042466,0.08448655914528894,0.0,0.10397714730778408,0.13180027493028915,0.0941200148918794,0.10124862557909715,0.132218163244649,0.06772988862894033,0.15400348623781204,0.07426095956027608
THA,0.20234088821425153,0.1567466367709486,0.08700275122517245,0.11272345403224493,0.10023195712520225,0.10176231151744676,0.13437174811596977,0.0963207448057979,0.12834822924143338,0.10120852503060725,0.2925398549645011,0.09369124396797648,0.1096307416606504,0.09911780623191989,0.06977884636203997,0.09464600998078913,0.09380266830607292,0.13282022215931208,0.07776399128982743,0.09756170229125621,0.14667985030031488,0.0970420027841605,0.10273067290124903,0.09919274775898525,0.1365630318578644,0.14215991356892332,0.10519361242484886,0.09366659554237342,0.09903124846218127,0.11491847062202241,0.10722420979797741,0.1946610294038788,0.09240721666631903,0.07493639311991021,0.07989881682545401,0.09425953396813752,0.13018188021832958,0.1359186706153073,0.1019780687810203,0.09038754232343618,0.09632274800315513,0.09324297559830816,0.14598699459709036,0.37517399208940583,0.08290168275380534,0.1564744202218771,0.08687224800501206,0.4581402158506345,0.11868833570753358,0.11998661551938468,0.07266473570813865,0.15685870541147823,0.2944616972792127,0.10503496145132163,0.18329317625936356,0.11571605417352354,0.10616338572149367,0.10070770104153282,0.14805956064914436,0.08093353850627805,0.12909057474450356,0.08676503853706173,0.11965982386606978,0.11607068767127224,0.09954286342194672,0.12817104093891712,0.09284730296884114,0.14254587428793525,0.20734352444100146,0.11742242507841472,0.11018786920520814,0.10397714730778408,0.0,0.09815408284761742,0.08489418984716865,0.09851586639486176,0.12755332140355466,0.10471462033223508,0.11599400114378454,0.09267946455444202
TUN,0.208617988185261,0.17929947235892196,0.08384194270792363,0.1313871448024156,0.13353279964481227,0.12687206280316293,0.1157683219914383,0.10699177339765735,0.09813488604456469,0.12589753709888146,0.3109743864464726,0.1223131421038807,0.14357083723425984,0.12546201029640303,0.10382338676624654,0.1111283324037666,0.0960649760782576,0.1075598613062953,0.0951743116407457,0.10067719274449385,0.15716817939927857,0.1275035113562458,0.13127275946604183,0.1175843175747222,0.15531724931615373,0.1621177832401271,0.12329065244864595,0.12493358062455015,0.1232113583426076,0.13989560392433512,0.12467463146848136,0.22081355339731987,0.1118591243928414,0.09325211959403197,0.09539393274690357,0.09895197540872962,0.15069398437456424,0.15662342208689714,0.1312184252123186,0.11716512727742127,0.12132821251868396,0.13126511183180148,0.1586532000035832,0.3777717442777705,0.12690906127125892,0.13754587907248633,0.11095494334001996,0.45843315588340783,0.13588897095971308,0.08905955668320091,0.11819131940508298,0.20801616333488898,0.2632050074215505,0.12290742925191847,0.19541039664035173,0.13691683349222653,0.1375223575543908,0.1109376736729005,0.1398121944878425,0.10832346275886336,0.10509405799273518,0.1107930312641679,0.1425139658158746,0.11659370215354924,0.13133214084575745,0.15307896773521038,0.083151635433591,0.18092946371917634,0.21558533780666142,0.1554243493524208,0.1312746085043945,0.13180027493028915,0.09815408284761742,0.0,0.10791305855764105,0.1469425887943516,0.1276259051569888,0.12950759842738183,0.0879972737875767,0.11620853909331863
TUR,0.19117317264340242,0.14052678364995025,0.0945925953158756,0.08775376122778719,0.06738025540529811,0.08636644172041007,0.13811957445537576,0.07885110572620212,0.14008632406802132,0.10220603161167317,0.295746788493081,0.09027376873243506,0.09082389723169876,0.08282088436145044,0.08223276161446094,0.10551951935604009,0.1084173676856648,0.13239960924491362,0.08150107503371043,0.10122349888334004,0.13548042731056453,0.07150398626798243,0.09510028510181022,0.09548766636715955,0.13804333690716186,0.11517016569746792,0.09590561924432121,0.08921658372173248,0.08132328284159417,0.08970392954925827,0.1007687226957699,0.20129201217717366,0.0688353230894665,0.08149354743278638,0.0899348558092755,0.08564323862713921,0.11766914294078759,0.1292675936299418,0.09952478850470019,0.07408440049758434,0.09710046555444568,0.09356003723115404,0.142206097609235,0.3639751677459662,0.09868366383557023,0.14851943198061113,0.07593581981987531,0.44961051473661523,0.08654785758057394,0.1265088207109113,0.08825517590635798,0.165741253114743,0.2930582333275867,0.11696852381004232,0.19551604566349146,0.09625247533666696,0.10050430527386943,0.07288246331836384,0.1272256942493694,0.09284659106761695,0.1446018609250934,0.07885621030591985,0.08787604353968023,0.09361862819254227,0.08688388221451819,0.12286523483472996,0.1002703872827635,0.14514532620511592,0.20288377079021003,0.07579634727707237,0.08218641990828794,0.0941200148918794,0.08489418984716865,0.10791305855764105,0.0,0.11934775385476803,0.1269345090779757,0.09970732251099813,0.12228041408358556,0.08648867146946482
TWN,0.21857402614929872,0.16195496832457293,0.12851519057680588,0.1221948862733577,0.10859114550879045,0.10302487421203457,0.16989135303087052,0.11845575745664488,0.17845097530609663,0.12077209343506055,0.3009687113764397,0.10224799294616123,0.11104779029627744,0.12270460819852357,0.08358717987035758,0.13604878457879624,0.14437155226705803,0.16881976923614445,0.12330204707695822,0.1296205690714644,0.1553204101299981,0.10321807801331685,0.10031296984704673,0.11312636336964514,0.16578413688032625,0.15533808585541153,0.12211741685179275,0.08489770737749806,0.10838159445730158,0.11751957885369942,0.12018634158597498,0.17821211420668817,0.11750400123372938,0.09723912540685534,0.12470029794008833,0.1140943266937645,0.13557991755511006,0.1475814043137612,0.09549381854867231,0.1007826299410179,0.12108528668621028,0.08864086756029822,0.1553728765580822,0.34740598368635295,0.054423294308932085,0.18616730334468654,0.11435266090686105,0.44393708287992045,0.13497567393174653,0.16743822425919336,0.08350585620676108,0.1416753719718094,0.31492418522544574,0.13308836970665874,0.2195252425011885,0.11590748624260433,0.11476853619300773,0.1256652992963697,0.1825011569775946,0.12313626484973539,0.18292684982710014,0.10837499216914064,0.1363417165826475,0.14789579342288994,0.11957429768801998,0.1304198472860948,0.13949920322434656,0.1160913169043446,0.20493741535492352,0.13174542581697812,0.11668965714066663,0.10124862557909715,0.09851586639486176,0.1469425887943516,0.11934775385476803,0.0,0.13921037120886898,0.10094763743035073,0.1628192174445225,0.10441661561721285
UKR,0.20107964575740928,0.1838480043910476,0.10147713949117565,0.13649937699721681,0.13625242936260354,0.13073101973273596,0.15344405397149713,0.09477633778687175,0.12237437874296525,0.13982336610073207,0.30851499451316805,0.125133137196958,0.14747151884570794,0.13596544277209138,0.11266248048559994,0.12191452526547293,0.13087686273711446,0.12902546830315675,0.1207249913954191,0.13176314064043487,0.16813538208568693,0.12779513235393317,0.13640088714067994,0.12887960282085026,0.163382412931684,0.1711114992794222,0.13552722238028295,0.12461607380609306,0.12782741672061637,0.14419761217155558,0.1333445311464487,0.22180550870553334,0.12161654278811243,0.10731000426577522,0.12801553057495765,0.10855119083424694,0.1597992066278802,0.1640489111783907,0.13411153300719575,0.12785119708900136,0.12576080582408147,0.12502897587393882,0.1534213637260477,0.31399806651208656,0.13169598348197056,0.13478476224650396,0.10735044042552645,0.4621013632266782,0.13819958496801907,0.13365043100812196,0.1229344146888203,0.21591226669203342,0.23215749156396887,0.13526006162584586,0.16516863545113522,0.1403339585493829,0.13754757608281795,0.1273665013562694,0.1347062718097465,0.12614687580758915,0.14436025942560288,0.11007706041485532,0.15660100093078858,0.08943468456208117,0.12567623524027374,0.15357739938217493,0.11682811728360398,0.18289599083896182,0.21655504346695906,0.1501607894958028,0.13842066893670163,0.132218163244649,0.12755332140355466,0.1276259051569888,0.1269345090779757,0.13921037120886898,0.0,0.13288387452911773,0.1201289417380192,0.12373976016703525
USA,0.20306216597366025,0.14542766967448087,0.10586354441673786,0.07906268263724202,0.06950450499064635,0.06231844737384474,0.16182890886127857,0.09728067878482934,0.16385870089510735,0.10025372248176988,0.28874347019521035,0.05422100263720115,0.08106189740121617,0.08912975303533366,0.08902947196501962,0.11169079552881504,0.11868742129283186,0.14859874519076474,0.09323720584569692,0.09724061508691026,0.1268125912617943,0.07844354802487696,0.053215163412700675,0.07168133421751119,0.1486584620409507,0.13593205631810193,0.08915269692872528,0.07084799365667126,0.056964496279066544,0.06579827766391064,0.0908679957760849,0.18187091934445093,0.08409412693338252,0.06982259474500205,0.10743411370335218,0.0945838881747385,0.10776491861038115,0.1181920996564061,0.05366378179040019,0.06177002157015236,0.09715100300196906,0.07493258140963835,0.12552183714541804,0.3733821974059497,0.08466869612190116,0.16863261990880546,0.08116206627179412,0.4114475497493306,0.1062837155643162,0.15026161048742986,0.07598461368248816,0.1782793858455575,0.30619895707057404,0.1024212098746656,0.1957540384129515,0.06851067674235607,0.07919071377024789,0.08443055620048494,0.16824515730211562,0.09418547288717213,0.17091165522166793,0.07628215127284645,0.11279085979736893,0.13406920186616308,0.09248500193583442,0.11277824252369656,0.1158676094957935,0.13202175960961082,0.16914852479048648,0.1155772715601284,0.08595680935556176,0.06772988862894033,0.10471462033223508,0.12950759842738183,0.09970732251099813,0.10094763743035073,0.13288387452911773,0.0,0.15198213927772197,0.06540393048360074
VNM,0.19920221446392908,0.18971194449244658,0.09571373511646855,0.14877136901129487,0.1507491743018742,0.14916582180791307,0.09144431138738542,0.10922203354782455,0.09693206448287461,0.14449251441636954,0.3123750562625498,0.1451363203088113,0.16125248058109146,0.14157657783254363,0.11761167059818188,0.1286995413941063,0.1300804786134858,0.12663616235099462,0.11137294793831909,0.13340962776741458,0.17583192839918688,0.14602304186364046,0.15643365185839186,0.14249795506750643,0.16145610631466814,0.1746487717142909,0.14517601118780799,0.14753011393080878,0.14557082926479573,0.15845717397226172,0.1453820584424625,0.23870418414140154,0.1264103773617805,0.11840591416963295,0.12430137337222365,0.1083454349625427,0.16780629065143254,0.16810899790930162,0.15462821431924828,0.13961908048341226,0.13561394008397046,0.15382665318954347,0.1631607686966152,0.37465830675096085,0.14956122579319014,0.11619186776250408,0.12170117458898347,0.4702442658336033,0.15121377673098646,0.11257714712321953,0.13678233151331645,0.21489319767979376,0.20898868232355633,0.14695911378735274,0.18962846690793253,0.15636028254103948,0.15350112259316248,0.12553584595960113,0.10822167606634187,0.12748936072121328,0.12509597329062105,0.13172728497240027,0.15490191044343143,0.09501814000595611,0.14421781016406698,0.16729838330824573,0.11110326808571304,0.19517436202846616,0.2341142370372957,0.16357516688965057,0.14840285969085715,0.15400348623781204,0.11599400114378454,0.0879972737875767,0.12228041408358556,0.1628192174445225,0.1201289417380192,0.15198213927772197,0.0,0.1426589191711032
ZAF,0.20056768124574423,0.14070628934723084,0.09798889131517834,0.0850987865614922,0.07698042641495617,0.07356599242570398,0.1580658901800744,0.08765779901036537,0.15148088026263656,0.09312367623424786,0.28365962313657134,0.0630810109756866,0.09318083075304821,0.08673413844000515,0.07683588244956635,0.09998398733725146,0.10610563130276389,0.13735029247532654,0.08510274822866123,0.09289434823515552,0.13268286539595153,0.07755929382526273,0.07109919345227644,0.07761375359082116,0.14266819262153005,0.1326308122359179,0.09112772088266169,0.07181094525000598,0.06987204768382001,0.08418056374589998,0.08964014564667196,0.18979088992491905,0.07780742004752682,0.0662163165295344,0.09488439571660562,0.08499998804866254,0.11828712981025026,0.12110437250752705,0.07158403950004552,0.06663561225457659,0.08846735898935679,0.0736686627529605,0.1234238667638185,0.367526605545367,0.08517632440101255,0.16003160038755257,0.07376568214678408,0.4345074543490589,0.10374784427378701,0.13533621232994333,0.07611806908444783,0.18103407664043442,0.30256666300240254,0.10374490938641205,0.1936937788086416,0.08520179823741342,0.08416439080788296,0.08524483719549776,0.16051899112656773,0.08228515042386744,0.1557514127324924,0.06997546835295454,0.11133794169343207,0.12270079943273732,0.08659513551700534,0.11262940574811446,0.10346211171048143,0.1378287116999999,0.17998579265052636,0.10834459400445116,0.08879159282419437,0.07426095956027608,0.09267946455444202,0.11620853909331863,0.08648867146946482,0.10441661561721285,0.12373976016703525,0.06540393048360074,0.1426589191711032,0.0
