,AGO,ARE,ARG,AUS,AUT,BEL,BGD,BGR,BLR,BRA,BRN,CAN,CHE,CHL,CHN,CIV,CMR,COD,COL,CRI,CYP,CZE,DEU,DNK,EGY,ESP,EST,FIN,FRA,GBR,GRC,HKG,HRV,HUN,IDN,IND,IRL,ISL,ISR,ITA,JOR,JPN,KAZ,KHM,KOR,LAO,LTU,LUX,LVA,MAR,MEX,MLT,MMR,MYS,NGA,NLD,NOR,NZL,PAK,PER,PHL,POL,PRT,ROU,RUS,SAU,SEN,SGP,STP,SVK,SVN,SWE,THA,TUN,TUR,TWN,UKR,USA,VNM,ZAF
AGO,0.0,0.2554193054386261,0.1966698569606356,0.21579694082458362,0.20485228417117923,0.21645995820363298,0.2190648977519957,0.20463472153906345,0.21729467717144915,0.20028369115491854,0.3881621927112502,0.20356262978448508,0.20880633998230735,0.21051337516044305,0.20703419983406832,0.2150545632052989,0.20723118312515576,0.22194742273620083,0.20508110412669867,0.21213534133905992,0.2439525894093496,0.21175184423694998,0.2111074802261101,0.20890983045041453,0.21775270487142856,0.22094724219993273,0.2108742738531682,0.21180128174184168,0.2051133138802106,0.20748789064820325,0.21965143955386435,0.2565146296748525,0.2011658638611106,0.19724078524070854,0.20213749618346813,0.1935668406770828,0.22931992490155287,0.22142361632266783,0.21310699056915866,0.2092356865907633,0.21115530826042192,0.21692087833315996,0.18798799767428132,0.32030276029472143,0.2200863427278836,0.19611827172645857,0.2077708801780208,0.48820902352600426,0.23169065917436057,0.23800129612525522,0.20397152404422045,0.2290238397160481,0.26539648496627916,0.21095409744033522,0.23130385775437876,0.21477836203545148,0.19593951444116914,0.2056438151346982,0.1900536597061305,0.20494694452994267,0.22042898905097139,0.20614497587986166,0.20930814937370845,0.18427077130492134,0.1927782826049589,0.20729534881586956,0.21903624999846366,0.22861392393414284,0.2952751496467249,0.20965426031610568,0.22306684553700393,0.2089516092503712,0.2151596910906991,0.21210056982221762,0.19685061360701675,0.2358104239550898,0.1993422438334218,0.2090294739476031,0.19599842485329186,0.20712597094231383
ARE,0.2554193054386261,0.0,0.21419918024936077,0.19559663061491814,0.20299746467932048,0.1713125339170736,0.24292298161202658,0.19558483645807775,0.24254768295858967,0.18243103355265328,0.22665250028571332,0.19290520570652464,0.2071814942734425,0.20594871561333616,0.20481703731071796,0.2013367053338017,0.2124755118927074,0.25472479685921595,0.19898339690944025,0.20829353342778967,0.22179552883919434,0.19389098419424133,0.1958982608132749,0.1976667548654303,0.18830805466250594,0.1930294280917909,0.2032376594387929,0.1863562607318008,0.19354241765995034,0.19476984074625314,0.20850953797114588,0.2590780502715505,0.19197821435706808,0.19595397263890243,0.20748980783411916,0.20265347912815815,0.20761902390718512,0.2089886904455768,0.19775695994884004,0.18768290278377395,0.20514729379393665,0.20419407170522721,0.2063145766879284,0.3494165033011973,0.20259690083547754,0.2474204804485043,0.18454186545859533,0.47882981234080413,0.2137049592871579,0.25696465320331563,0.17956380805044286,0.22297906650816657,0.3373254399925838,0.21292285697734228,0.2638362187366566,0.19320127757328476,0.19099855836186458,0.1992876658835235,0.23796170129169164,0.2059214514921393,0.24255470739747428,0.18891639925512957,0.19470320683435466,0.20594645158723413,0.1870478102705284,0.1996253473083285,0.22343311680642644,0.17367411062135424,0.2862302667346599,0.18799862718750604,0.19851705230405736,0.19626980244415373,0.21750896053028612,0.2064963277788177,0.20448389707013195,0.2157281763127653,0.22285305105901165,0.1986158024092171,0.22513539469560492,0.19466977952454895
ARG,0.1966698569606356,0.21419918024936077,0.0,0.1173307576622412,0.1212169864194621,0.11408276004540936,0.1398319766370007,0.10662710373468771,0.08955508738268422,0.07310718779685024,0.35714940212339885,0.09558372054294273,0.11839953951484473,0.10653197883090451,0.08991913125531337,0.10041444933015903,0.08422980544393471,0.11352900253441632,0.06581132729965536,0.09108859312022287,0.16424518957629336,0.1115267403245278,0.10518377747536585,0.10412274691255184,0.11445804285725464,0.12255946812147811,0.10803970724499277,0.1091083244104834,0.10449111663166528,0.12003999657611968,0.12688945729925785,0.211513951336134,0.09522228441654029,0.07814666884524124,0.07321977584696078,0.07344109612124096,0.13418323307553717,0.1168920955560186,0.10131744659192915,0.10264278788741292,0.10101854880784249,0.11191643670306223,0.1185413819067546,0.2830896406779648,0.11161595233155903,0.1343748782873118,0.0966743068137975,0.4510260739616461,0.15834588922740733,0.10503845045290398,0.08199801466033799,0.15536586196691085,0.24906720484883227,0.08365757838527306,0.1468190689525125,0.11388032242121336,0.11178338483672538,0.09005906993742256,0.09394517113000368,0.07162102403543676,0.09698504642533685,0.09428250319515552,0.11726673903298583,0.08040423069617911,0.09775004299688543,0.1092437077788363,0.07012189535674314,0.1491797440768866,0.2320686298207276,0.12132131140759408,0.13387348286327996,0.10748101656340801,0.0978972108812274,0.10230168839953487,0.08921693908918761,0.14513233684466126,0.09844325561666706,0.09857493246726391,0.09137578560877546,0.09119372083239845
AUS,0.21579694082458362,0.19559663061491814,0.1173307576622412,0.0,0.09122202410611262,0.07386238151374389,0.16456566151725288,0.0644827668976073,0.158207606349173,0.10014788814130894,0.3558811812066035,0.09003567818627765,0.10880149910081552,0.10231851095665981,0.11619306261080187,0.12832692261143844,0.11849931609255193,0.17147382590709623,0.11244378323649326,0.10235540094693937,0.11238573194340798,0.06181582598911156,0.09339143503958719,0.08401207131883032,0.15381609409598854,0.05644640510167532,0.09807413657245774,0.09059588656991771,0.06707232033181006,0.05839748540375839,0.12083447296541901,0.18571525233689143,0.0777036615235176,0.09077476181485489,0.11555752279494896,0.10392145782591819,0.07975927631560953,0.10861042969384485,0.09680322923002067,0.05991051275948132,0.1172869639885604,0.11291607940262105,0.11797049809979604,0.30079436758584793,0.11728168830834945,0.1763418396513263,0.07980806287783333,0.4249918656209505,0.09032137162606121,0.1778168531895741,0.10074760468870557,0.13781927011767842,0.2845712362744322,0.11686604266517175,0.1854735614925084,0.05056866650449396,0.07687850082973768,0.07157910375626614,0.1565973020873048,0.10744191899412738,0.16335549114322057,0.06298023772457127,0.06590625344131944,0.09534225804159338,0.10923663946627979,0.09943214184570746,0.12366000012867251,0.12726009924054213,0.21156911936685996,0.0810834230170938,0.0629578539993223,0.09572149046013001,0.1387185996748436,0.11575605021259455,0.10298011386249423,0.15115493440511835,0.13619612379550927,0.09097576880334354,0.1441894470015167,0.09522901218622255
AUT,0.20485228417117923,0.20299746467932048,0.1212169864194621,0.09122202410611262,0.0,0.08788630511280815,0.1696052159515554,0.09590379519638703,0.1634029513436278,0.09716450183575479,0.3561222040000352,0.09885273801037982,0.07392464475158135,0.0871943513848125,0.10346575461583966,0.12903249276104753,0.1252963449077184,0.18589792126395022,0.10916658667486498,0.11637517513795305,0.14460446308040495,0.07055458373821108,0.08139182533110537,0.09618949715995788,0.14818303988868023,0.08755617613496572,0.09369547494099027,0.09212993682735897,0.06003927849288236,0.0582628758915474,0.11910033957065497,0.19004880743792343,0.08376819053818119,0.09232473169198534,0.113213953917704,0.11796717200634588,0.10878805067816928,0.1122562803392637,0.09792174427643403,0.07586114480302375,0.12310043951217144,0.10659989344667797,0.12602365577281635,0.3000895352414077,0.11267936079899034,0.1604997014596272,0.09826732487580053,0.4363286480973564,0.10217597912770895,0.18568138767287984,0.10939191884161388,0.11475344891165483,0.2930151036894881,0.12940759266682705,0.19325128873774478,0.08515322600257023,0.09733918192100569,0.07855857773864534,0.15051196002645562,0.11711144753426019,0.1633040110721303,0.08728816614458715,0.054050077857659466,0.08645101221343321,0.08969276889730794,0.11089985378428414,0.1350165353495477,0.12914554059617556,0.2229676285121456,0.07122968187620242,0.09721549017585403,0.08448400245564193,0.13015932679781309,0.12009628774270904,0.07265366696415307,0.14488425230149823,0.13942272358892477,0.09648147925287802,0.1445946885089254,0.09754414256410392
BEL,0.21645995820363298,0.1713125339170736,0.11408276004540936,0.07386238151374389,0.08788630511280815,0.0,0.16352273475463228,0.08299569163584262,0.1564407753828983,0.08359585475514149,0.32873679773845343,0.08527080450224409,0.09729210965582492,0.08461629735570805,0.10642516282472117,0.11314483611604478,0.11125479626378923,0.18073065364159727,0.10562547384895539,0.09931296094231465,0.1285714731231631,0.06411674700517925,0.07168320325478932,0.08158447916067454,0.14291985525067824,0.07647822161650714,0.0862259188017834,0.07773802763200957,0.05978584199381553,0.0660672683551355,0.10948110196157256,0.18381932887291583,0.0731779672993202,0.07915935977357186,0.11055383668274368,0.1070580123549101,0.09132770473132765,0.10120722986505346,0.07994373279269111,0.05724123541757014,0.11100828155238932,0.0980243409224675,0.11623765959802022,0.29704955030498353,0.10309110059661239,0.18010434225533611,0.07376411070082124,0.42949220225812024,0.10971680078001712,0.17874960773263454,0.0890174804407547,0.13625701568999185,0.2909310858397776,0.11801672615352299,0.1815896214979015,0.054438883129524385,0.0820896285061678,0.0863341777684785,0.1589420319451436,0.10384083913128041,0.1589005011158295,0.0656993936448493,0.07851617995404717,0.09952833385784113,0.0976865947150866,0.10085495727228545,0.11831719167824777,0.1089882650188527,0.21438866394011832,0.07817230598024115,0.08111853855453768,0.08216325270790724,0.131446256309115,0.10749805344692206,0.10210394786859374,0.13493586384285455,0.12945367353898032,0.08009953157402248,0.14516099979035538,0.08825088862022394
BGD,0.2190648977519957,0.24292298161202658,0.1398319766370007,0.16456566151725288,0.1696052159515554,0.16352273475463228,0.0,0.14581539617362127,0.14087693500375364,0.14961245186589445,0.37624335511946755,0.15579616980931876,0.1726742904746048,0.1596756817914672,0.13004741493045333,0.14449897514399768,0.14980584723295415,0.1640111813047165,0.1493678556680861,0.15697894689441513,0.1927360292736825,0.16186729488295784,0.1607484904004911,0.15735153453800985,0.17677272298950172,0.17071673198438544,0.15506463312188276,0.1599686400948038,0.15699240400789835,0.1676698027570421,0.1658516916487215,0.23206184282252434,0.15012719160467813,0.14138117761716326,0.13952374503664072,0.12626348654671204,0.18020074825938026,0.162257832390734,0.15937147947151822,0.14839996994662635,0.15577387287699038,0.16499055725156406,0.16214176960086726,0.27806601576125173,0.1610744412551749,0.15788807274659936,0.15121053513726423,0.4626279146892778,0.19222444527370328,0.16905263550063096,0.15537624839849476,0.19489307828139807,0.22001731410963468,0.16693158928410684,0.1794257923938379,0.1648551522575594,0.1637313973402814,0.1535964196708651,0.13364558873570673,0.1400018574623269,0.16629128129746454,0.15047424454086702,0.15947111468830605,0.13040308155496677,0.15765745918871896,0.1625022119457938,0.14886108264323855,0.18743330173968054,0.2560257806289056,0.16776307136894097,0.17065865979455416,0.15843385121988438,0.14723163943548384,0.1489711222065331,0.12961606943757079,0.1874869741911487,0.1477718989029556,0.1600249280016199,0.08970486950038246,0.15387109078630645
BGR,0.20463472153906345,0.19558483645807775,0.10662710373468771,0.0644827668976073,0.09590379519638703,0.08299569163584262,0.14581539617362127,0.0,0.1354354418494719,0.09935599679190805,0.354809031327502,0.09899158792490961,0.11760974324516141,0.10514016807820471,0.10494518462838585,0.11101530600178916,0.11181070772575534,0.16033879606595072,0.10688573132638492,0.09974521277745452,0.11624498471513403,0.06412234633554059,0.10051956235183905,0.09273173113221764,0.15095812641916173,0.05914421324712251,0.09675999359370478,0.08890611903304785,0.0788544742729302,0.08120423467580563,0.11989243387398964,0.19519668149079972,0.0712144038606354,0.08563315423873379,0.10540330215172639,0.08567664066663282,0.100853889836621,0.109537801648648,0.10164783364085873,0.06427644414620817,0.1036632085289282,0.11267035601147772,0.11538675571032109,0.2823516769765496,0.11744956111182851,0.15550598899538176,0.07328273316817362,0.4468312340392332,0.09239041799732416,0.16031110604796467,0.09804976275330102,0.1412577953800971,0.2575559669421006,0.12138248236128964,0.1625905260196248,0.07022793956822898,0.0849491081465997,0.07322695679478095,0.13624912241133377,0.10478656013507862,0.14658840442466226,0.04879682419463558,0.07196302011045322,0.0692204034356959,0.10283142266838072,0.10012200639985543,0.11324624821547682,0.1270184410233644,0.2278063812205493,0.08111735936083553,0.0679721412127741,0.09588870292800548,0.12815757678254966,0.11004009904388347,0.09026809538561288,0.14785963827303325,0.11583808120868822,0.1047491002459024,0.12443256966721232,0.09771043749796098
BLR,0.21729467717144915,0.24254768295858967,0.08955508738268422,0.158207606349173,0.1634029513436278,0.1564407753828983,0.14087693500375364,0.1354354418494719,0.0,0.13206581330239997,0.3758321525877785,0.1496537319730773,0.16421540869040752,0.1492872043979204,0.12688736432885706,0.11250230780368997,0.11752136838355942,0.10937755444757,0.11287767285087236,0.12647112577003283,0.18665172566998112,0.15173267661905257,0.15104357302522578,0.14989979913323676,0.1636972135776171,0.1570821268439892,0.1504412825406635,0.1528743196651149,0.14822770811896863,0.16482790448503934,0.16267482808995856,0.23622990454106851,0.13818280732326169,0.11901567241316378,0.10155680079321026,0.11498916876608802,0.17148523076472466,0.15016588168473757,0.15106064585814435,0.14675006405213376,0.13340352787178406,0.1589670882724967,0.1619087788249968,0.29349247903797976,0.15238716315872364,0.13554065117402053,0.13837853946242742,0.4644339273320016,0.18854038947157606,0.08396380250793922,0.13714416634023965,0.1889583322446903,0.22799195838994593,0.125489295507936,0.12339996036640875,0.15549559910118885,0.1592122802323725,0.12677783114084265,0.10198782273923801,0.11564677635842664,0.07389592137661202,0.1308679081030722,0.15375141429921116,0.10628474356452587,0.14534915293205633,0.15939679711917154,0.0917797060382244,0.1856371576243415,0.25774998581960323,0.1602865966811609,0.1718328902256552,0.15464317275245873,0.12284857371937491,0.1391159441685446,0.1233462619973936,0.1839323062227042,0.12596709332229988,0.15346669612514843,0.10538959503319464,0.1364787712940723
BRA,0.20028369115491854,0.18243103355265328,0.07310718779685024,0.10014788814130894,0.09716450183575479,0.08359585475514149,0.14961245186589445,0.09935599679190805,0.13206581330239997,0.0,0.3299715580599187,0.06265123544213944,0.0933174983132069,0.08597885498035678,0.0778688916813776,0.09685437805331881,0.08687929051287341,0.1550891162631322,0.06181922623491715,0.08428399900224798,0.15366707269457763,0.0912398256739255,0.07449840529532273,0.08226216687551674,0.10570223736993598,0.1076988400610799,0.09104061546214372,0.08164724791245416,0.07685018227394559,0.09303608558347348,0.10825657634027099,0.18284389692477146,0.08049173493644503,0.059495433857033125,0.07666794917555851,0.07944008537746775,0.12146361722591567,0.10463021938002218,0.07625761132978547,0.07646893089131389,0.09169688502105194,0.08601570894210349,0.10627148052658116,0.2919818940439148,0.08594323817535522,0.15399825708588455,0.07830470604857054,0.4355649904748419,0.14689831877799545,0.1484522509376693,0.053696124109437755,0.13616263304208387,0.2771309191082932,0.08142010813466428,0.16895973556543623,0.09113867149332812,0.08832826801192727,0.09055619118052213,0.12752002182061448,0.0699141734565574,0.1282240325779337,0.07769319160379781,0.09747575516038379,0.09248145984389823,0.07409694885491826,0.08496085300144524,0.10192979496384491,0.1196875383563807,0.21510790585364387,0.09436528746111747,0.11685778835005278,0.07888225357922844,0.09702366853281137,0.09238105675423937,0.0847633659492956,0.12332257021575384,0.10761854334509491,0.0671302238994478,0.11613736109404826,0.06608732364788962
BRN,0.3881621927112502,0.22665250028571332,0.35714940212339885,0.3558811812066035,0.3561222040000352,0.32873679773845343,0.37624335511946755,0.354809031327502,0.3758321525877785,0.3299715580599187,0.0,0.3417629989469804,0.3545940714029299,0.35197250610731223,0.3499771483308173,0.3410902892391877,0.35147045435139695,0.38247144166096886,0.3413404099505743,0.3570403113363978,0.3757844672910074,0.3522311744820443,0.34569551447110203,0.3495250922262988,0.32086429518262033,0.3551419434714058,0.3526452641201682,0.3398168491303268,0.34890041120080223,0.35353403362907165,0.35262519672622594,0.39227051724262224,0.34657108760261307,0.3457859830527872,0.35020107602760314,0.34925456777050984,0.36421222892062044,0.3567287219191786,0.3465055278139218,0.3459258818273983,0.349610578832864,0.34991625462131815,0.3502723920169273,0.45000966683097565,0.34813080893261067,0.3746881963763824,0.3373042194482013,0.5653750653498468,0.37193486068599063,0.3839180939794814,0.32910416895341355,0.36688438469579965,0.4388694808060988,0.3537113921405569,0.38927044328054894,0.35341487033345487,0.34970052658461503,0.35441550201243155,0.36970240816849587,0.3496136739232514,0.37345393032216195,0.34599114704895095,0.3538145034541611,0.35629798444724164,0.33996536556789214,0.35015127209435626,0.3642203286226232,0.3238733176596822,0.4071517247735767,0.34638603118794103,0.35980161885003537,0.3467123246746181,0.35701577863882106,0.34576017340003656,0.35307648628735355,0.3548138752282175,0.35954686098622884,0.346418500848021,0.36036734057226477,0.34150624619024705
CAN,0.20356262978448508,0.19290520570652464,0.09558372054294273,0.09003567818627765,0.09885273801037982,0.08527080450224409,0.15579616980931876,0.09899158792490961,0.1496537319730773,0.06265123544213944,0.3417629989469804,0.0,0.09257241350712268,0.08200091509280293,0.08940707990578048,0.10419343241832833,0.09706188217866843,0.16504415632044203,0.08261809505518337,0.09560619797209577,0.1514351701958415,0.08713891408855994,0.0685020498927359,0.07326724223095307,0.12363581946216085,0.1091483349691982,0.08380748818814353,0.07439408677646127,0.07430315567877631,0.08724702813499065,0.09796245473483117,0.18724392770355483,0.08024037627172527,0.06549474435908882,0.09636080817070614,0.08988722261938858,0.12093379999561421,0.09677662139579364,0.06400095705709913,0.0744771958733992,0.09210781520648566,0.0805934787025585,0.09811985506434376,0.29247540995302934,0.08829079982734679,0.16849374167627262,0.08351948927405684,0.43665057426443743,0.14413948303030727,0.16773734354689218,0.06662876700402356,0.1374075741087778,0.2805987820969278,0.09908820692494268,0.1756792646299383,0.08293920035342667,0.07640869404750494,0.0924700957136635,0.14304716055851324,0.07962072577622716,0.1515578535916122,0.08245505563058338,0.10166306406245078,0.10115744112944594,0.08146227406413697,0.08343763482804811,0.11726460094832104,0.12426464139404977,0.20982060186289278,0.101220934361563,0.11171639510002451,0.06351470044047026,0.11457631742344203,0.09289597643878764,0.09749608750877668,0.12895761019789762,0.11338494847014562,0.05243348875613803,0.1306792708284918,0.06356007824990716
CHE,0.20880633998230735,0.2071814942734425,0.11839953951484473,0.10880149910081552,0.07392464475158135,0.09729210965582492,0.1726742904746048,0.11760974324516141,0.16421540869040752,0.0933174983132069,0.3545940714029299,0.09257241350712268,0.0,0.08713027208977778,0.10463219297097458,0.12487735886617907,0.1203364139733866,0.186703640466169,0.11046372175188873,0.11055941969212806,0.16058733183208873,0.09605859157241851,0.08308726637372967,0.09151887901578822,0.15246002093965996,0.11755478201794381,0.09877190234231838,0.09364535400793128,0.07693399891535162,0.08433826906338386,0.11461412794677017,0.1751567273747085,0.09464886736049072,0.0859796841427303,0.11176618270122504,0.12316967886348384,0.11169985211545568,0.1138863722142669,0.08496387643479408,0.09075624133437979,0.12139432935540365,0.10284948248737681,0.12662319115112206,0.3063038822053794,0.10698291347346531,0.16783924675052622,0.10775016141163296,0.43184596122530694,0.13943023891027148,0.18584118512849498,0.10337878759650898,0.11494333918688251,0.29495476188593894,0.12523239958993312,0.18713101523586392,0.09752950801133159,0.10504987295315968,0.09880627824907602,0.15482613147267094,0.11651338154421328,0.1553504084496258,0.10205615719228078,0.0939851602409436,0.10656885308834267,0.09707943404734717,0.10963824567974344,0.1359179685712819,0.11900661200762044,0.22055612372228045,0.10024454233305356,0.12220739374978838,0.0856373984055033,0.12289022204323895,0.11836641757816016,0.0970788044323697,0.13189092049504864,0.13859427564452187,0.08839585828042318,0.150537488039139,0.09562319271193277
CHL,0.21051337516044305,0.20594871561333616,0.10653197883090451,0.10231851095665981,0.0871943513848125,0.08461629735570805,0.1596756817914672,0.10514016807820471,0.1492872043979204,0.08597885498035678,0.35197250610731223,0.08200091509280293,0.08713027208977778,0.0,0.09850146521804028,0.10600711669485756,0.10071868375124102,0.16512546322590146,0.09673113568501834,0.10441417213339942,0.15431539571111508,0.08849088025609293,0.07954296193866553,0.08919463388683295,0.1440823096946297,0.11167200968524768,0.0894491190055591,0.0859086530318024,0.07517530116941341,0.0919522817638308,0.09704690647959953,0.19528522751382338,0.0798862586579339,0.07963072099001087,0.1020850423307277,0.11083476492224958,0.12371787728289028,0.09234156417650806,0.07591259510461476,0.08800022324155551,0.1004874062300775,0.09935145620388824,0.11417855555607039,0.3008911598865145,0.10317591785904781,0.16310313341865296,0.09120773985095743,0.44832572783644864,0.14003412031217713,0.17009275613938327,0.09655337114185454,0.13210575111485195,0.28480027366716065,0.12096087092532626,0.17261086544603968,0.09090762451512868,0.09294663442759037,0.08881537867227426,0.14825807456497667,0.08979714639885447,0.14470933624739693,0.09008344397665029,0.0977777179221425,0.09750620910188769,0.08887177588781896,0.10890787562954775,0.11088506999201464,0.13051957159763972,0.22899064753186996,0.10320998566365758,0.11624958247958954,0.07423488408128188,0.11727890850523731,0.10203272134146134,0.0958625984988975,0.13953748398993093,0.12602787937429635,0.08337817708469154,0.13636632921325367,0.08356091310295347
CHN,0.20703419983406832,0.20481703731071796,0.08991913125531337,0.11619306261080187,0.10346575461583966,0.10642516282472117,0.13004741493045333,0.10494518462838585,0.12688736432885706,0.0778688916813776,0.3499771483308173,0.08940707990578048,0.10463219297097458,0.09850146521804028,0.0,0.10328145537029511,0.1019700558673809,0.15940122519119615,0.08513018665631276,0.11374787592526263,0.16368342779594547,0.097696388912644,0.08576172562277097,0.10191256619416585,0.12689682853746337,0.11633934314217075,0.1031433314543692,0.08329785845223033,0.09889888381942366,0.11310130523510482,0.11910756573382429,0.2082005431420845,0.09496136285513417,0.07949132963766656,0.0857457138711318,0.08282044410506738,0.13458102672147726,0.1112767812993853,0.09063513348145281,0.08730375597525132,0.09718313962131683,0.0829180612937193,0.12080407181946395,0.27890712486050223,0.07058434599652572,0.15755289509359308,0.10205313600102721,0.45566470256077835,0.15358703746686356,0.1489731201826418,0.07698589529200472,0.13027576313231157,0.27400729666756307,0.10810789082116408,0.1753870783286557,0.1140234084613402,0.10714872042841672,0.10385348901514102,0.13208430902963983,0.08432661720828853,0.13696055003606306,0.09434075562480414,0.10550777016002635,0.08961656404307555,0.09059101476621882,0.11180369836671528,0.11086848103682342,0.12365032935238382,0.2350881531990277,0.10310403686468914,0.1258404032389661,0.09100301290211275,0.08088761490721808,0.1006921302027304,0.07701959990264699,0.10320836550596424,0.1128604380919446,0.09586690924545756,0.10767425846942437,0.0850575036851141
CIV,0.2150545632052989,0.2013367053338017,0.10041444933015903,0.12832692261143844,0.12903249276104753,0.11314483611604478,0.14449897514399768,0.11101530600178916,0.11250230780368997,0.09685437805331881,0.3410902892391877,0.10419343241832833,0.12487735886617907,0.10600711669485756,0.10328145537029511,0.0,0.08725194141543365,0.1532600842081245,0.09792750001740001,0.10760263408351514,0.17053459065849322,0.11654708434230565,0.11122554904225163,0.11276323396634613,0.14544117090759157,0.12910501716789533,0.10214130934720006,0.10489024505996725,0.11133770294524371,0.129139981633899,0.1302795993102593,0.21116602212545002,0.10798852970365834,0.09426770274363251,0.08828947118485292,0.11027414473611506,0.14906595081262494,0.11653407342375732,0.10832292461384652,0.106602168566975,0.09792283977314845,0.12274123004581314,0.12926389226208254,0.2954726959482105,0.12247770751907748,0.1593985949790965,0.09783823405935367,0.45820759846839304,0.1585835152185429,0.1445527803736133,0.10241822744520357,0.16080337083113005,0.2692663626549415,0.1132567866274674,0.13854328906607058,0.12150366684206267,0.11790645150291591,0.10934830839158537,0.13942806962976995,0.08688330675761902,0.11450264017777771,0.09848975574746231,0.12403439390197527,0.10198076061157545,0.10789903094560942,0.125258141739398,0.10027872030679973,0.1476087077092744,0.23792931427414424,0.12806953538999755,0.14072971020388267,0.10473981269619191,0.11333000841104593,0.1051876606035515,0.10736038385499361,0.15533840935787566,0.11636181587855195,0.11263525488233045,0.1250562378273687,0.0979768059872828
CMR,0.20723118312515576,0.2124755118927074,0.08422980544393471,0.11849931609255193,0.1252963449077184,0.11125479626378923,0.14980584723295415,0.11181070772575534,0.11752136838355942,0.08687929051287341,0.35147045435139695,0.09706188217866843,0.1203364139733866,0.10071868375124102,0.1019700558673809,0.08725194141543365,0.0,0.144102912963383,0.08334968984473112,0.0909108294620416,0.16203708528054597,0.11261327616658955,0.10647254694255635,0.10366453040045301,0.13767233702903756,0.12224905431965814,0.10204941259942327,0.1045455419570467,0.10532711322331947,0.12104228971575778,0.11980619240704302,0.20403595414978873,0.09972598462800106,0.08467037190948347,0.07636198948130354,0.09980478124640264,0.14327520017693454,0.11139570865931937,0.10294978698750676,0.1033734777084028,0.09941816319924886,0.11505135245370932,0.11729465598221551,0.2973414425778632,0.11567742562409852,0.15804102937292258,0.0908589913758247,0.45952963494351595,0.15847359403144676,0.1349937107210217,0.09553414462670723,0.1515601051791515,0.2734381078246669,0.10585425852987031,0.15636097058722295,0.11536246041075167,0.11067034348188866,0.10141686484742861,0.13204247811832986,0.07316738496246082,0.11659811238204734,0.09459583645260633,0.12010517578990332,0.1015299941350308,0.10195485706234748,0.11364280452322217,0.08431301365881494,0.14581446870700188,0.2378479923470688,0.1269442471343605,0.13557025563347777,0.10368677834681582,0.10451427623409489,0.09256732822006684,0.10032102165134583,0.153065255333872,0.11681888092798072,0.10515673465838711,0.12304968368617922,0.09115155820490517
COD,0.22194742273620083,0.25472479685921595,0.11352900253441632,0.17147382590709623,0.18589792126395022,0.18073065364159727,0.1640111813047165,0.16033879606595072,0.10937755444757,0.1550891162631322,0.38247144166096886,0.16504415632044203,0.186703640466169,0.16512546322590146,0.15940122519119615,0.1532600842081245,0.144102912963383,0.0,0.14487646461531964,0.15260302487949065,0.21259167825240807,0.17605604675128508,0.17343330624290668,0.17116675926813998,0.17766185105924293,0.18501039972205405,0.16921985632079345,0.1732294893241974,0.170646397529614,0.18601484824090916,0.18266433650567604,0.25283530092488893,0.1603528779077999,0.14393117473686068,0.13859282276988083,0.1331202312181119,0.1931374506439278,0.176945140578406,0.1716566754601162,0.1722102855234991,0.16227286670148827,0.17822800079692014,0.15968864250618284,0.29098594888164825,0.17780186890519106,0.1424095431842795,0.15515918396333395,0.48045366164806874,0.20846015922146016,0.11937460346502116,0.15667862177354067,0.2085896548329182,0.21926606544380783,0.1546688310085056,0.16531916101737132,0.17734727957512197,0.17970834014022635,0.14563448194937845,0.11286815843865483,0.13473066936474865,0.12518934247232902,0.15772290301056416,0.18094189794084262,0.1327263725922751,0.1647946922084804,0.17477563416994493,0.12212765718790988,0.20683959130234283,0.27286239573609056,0.18402720102506348,0.19123560341565893,0.1708695676969149,0.15643545188519664,0.15669131250462165,0.14765876327824673,0.20394672380065565,0.13909633712218963,0.17197591367445714,0.1291360741726978,0.15807452624546442
COL,0.20508110412669867,0.19898339690944025,0.06581132729965536,0.11244378323649326,0.10916658667486498,0.10562547384895539,0.1493678556680861,0.10688573132638492,0.11287767285087236,0.06181922623491715,0.3413404099505743,0.08261809505518337,0.11046372175188873,0.09673113568501834,0.08513018665631276,0.09792750001740001,0.08334968984473112,0.14487646461531964,0.0,0.09153808827343211,0.15883236144148838,0.10742059135812648,0.10046311822085835,0.09724372076948373,0.10469623297660692,0.1162451797393687,0.10354279293636916,0.10191458332638588,0.09575632658015498,0.10786024061097108,0.11751148963347426,0.2055814395650699,0.0902893564904697,0.08059080384376271,0.07508425171867186,0.0833960040931549,0.1337267389639241,0.10582045104267711,0.09330880125219422,0.09704722021005134,0.08858891228299447,0.11245835773248872,0.12082602177322899,0.2997234724169721,0.11010283320479404,0.1473351275433656,0.09420020930510267,0.4475121518439127,0.15374945927791647,0.12343178241381347,0.0736215482501068,0.14181646587743413,0.27384231569992834,0.08496328563362054,0.161605698513818,0.1099454425485853,0.10247215775632397,0.09078902504445532,0.11974852619335838,0.061223167577380215,0.11512698914038437,0.09429409298490792,0.10677919443105868,0.09055283373838016,0.08957405919050683,0.10216241280474316,0.08543249220058843,0.14156190194195636,0.2298631432439547,0.11757707122899166,0.13198269706643403,0.10206739839614944,0.09778351805466971,0.10334085276091429,0.08618994574017272,0.14311618598581363,0.11814324745855563,0.09082411417183976,0.10649859709350533,0.08423353404186447
CRI,0.21213534133905992,0.20829353342778967,0.09108859312022287,0.10235540094693937,0.11637517513795305,0.09931296094231465,0.15697894689441513,0.09974521277745452,0.12647112577003283,0.08428399900224798,0.3570403113363978,0.09560619797209577,0.11055941969212806,0.10441417213339942,0.11374787592526263,0.10760263408351514,0.0909108294620416,0.15260302487949065,0.09153808827343211,0.0,0.14027124641284222,0.09979482371542886,0.10444890367980342,0.0916697137022006,0.14514712896762488,0.10846132742104439,0.09951838581874943,0.10153635953802642,0.08958188047805805,0.10554912002030925,0.11048333205992146,0.16429629780812793,0.08777131884072936,0.07540799346746559,0.07882069492889973,0.10045019292357588,0.12390792387907097,0.11184968497816868,0.09611977429724548,0.09005258228581751,0.10799966516562125,0.11525466622178114,0.11845786264122538,0.30163305210137614,0.1199848035809132,0.15418565927294794,0.08838097203027907,0.4357896356648415,0.1429579286000345,0.13599459710260536,0.09537560866537477,0.15190080960138475,0.28053611637050246,0.10183847443619679,0.15990591062791296,0.09452907881725353,0.10443863404681125,0.09039699876536904,0.1358932825184904,0.09240427461432613,0.11716893206920412,0.08017420734524493,0.10530548184692616,0.10215210837690945,0.10596586764998361,0.09448327171313954,0.0918616302904038,0.1396085770639972,0.2173725524891482,0.11321339893055808,0.11652238187651266,0.10182566567158857,0.11703697077828937,0.10717650961292545,0.10312127873447959,0.1507717828769596,0.12481444823463016,0.09878191941535475,0.13255876110038495,0.08936404052816088
CYP,0.2439525894093496,0.22179552883919434,0.16424518957629336,0.11238573194340798,0.14460446308040495,0.1285714731231631,0.1927360292736825,0.11624498471513403,0.18665172566998112,0.15366707269457763,0.3757844672910074,0.1514351701958415,0.16058733183208873,0.15431539571111508,0.16368342779594547,0.17053459065849322,0.16203708528054597,0.21259167825240807,0.15883236144148838,0.14027124641284222,0.0,0.12285386410066816,0.1495092581734208,0.1357940575726953,0.18520773029455306,0.10689669577271878,0.13733230723615458,0.1411040658474862,0.12750248895598776,0.12232648245581874,0.12519115913515944,0.19398021894036335,0.13006818557596955,0.14477818848544058,0.1566774246922026,0.15165393178148961,0.1294854671675063,0.15022357602524647,0.14965721861389072,0.12060155395496171,0.15656418112405784,0.16409404865947738,0.16777334608421388,0.3260641706077885,0.15700903188620605,0.20827615457735044,0.1361663291864423,0.4376381636605646,0.11707383732996461,0.20425996530847193,0.1537341498703326,0.1730243284425297,0.30709023383667194,0.1606058556019811,0.21481085893502386,0.11374497119587995,0.11630324983793357,0.13195747781299458,0.1932969287693769,0.15957536770251798,0.1946979084007849,0.11984666501449938,0.11928777336080848,0.1447340626198214,0.16074786034613867,0.14409535294245615,0.16126074556128858,0.1401452022652294,0.23327232220375788,0.12934816598675464,0.11046795761936243,0.15216053909313446,0.1765702637271282,0.15972726776046714,0.15016283821010706,0.18625943230997102,0.18027563973923405,0.15238761599629105,0.18166399077186504,0.1528070812802646
CZE,0.21175184423694998,0.19389098419424133,0.1115267403245278,0.06181582598911156,0.07055458373821108,0.06411674700517925,0.16186729488295784,0.06412234633554059,0.15173267661905257,0.0912398256739255,0.3522311744820443,0.08713891408855994,0.09605859157241851,0.08849088025609293,0.097696388912644,0.11654708434230565,0.11261327616658955,0.17605604675128508,0.10742059135812648,0.09979482371542886,0.12285386410066816,0.0,0.07311798092054345,0.08150214988856488,0.14944181222515118,0.0554782269734875,0.08263651345236325,0.07351553851644778,0.05786457402848,0.05927759957914617,0.11171551384810717,0.18261699024624914,0.06890600247442477,0.0762243138519235,0.10606765398557315,0.10334119767116086,0.09324371138606338,0.10434758603453173,0.08459945523526814,0.04682514720944383,0.11037918752544815,0.09321150662717904,0.1169562714097375,0.2955747274474503,0.09884395024398589,0.17319972433337796,0.07354655638236583,0.4431084955406217,0.0881307168687987,0.175599926204837,0.09196141804493134,0.1274541199520889,0.28828279792380307,0.11712068639995998,0.18088679018003556,0.05385284550256904,0.07381405486306933,0.06955757919891782,0.1538655842912613,0.10558977529605916,0.1561897646325913,0.05047751475820049,0.05895340486614194,0.0849201898399773,0.09548022516528766,0.09861022442333171,0.11968305841555352,0.11698691810013594,0.22510029836180803,0.05803712241004825,0.056583438221127255,0.07325104995487146,0.12528329156731388,0.10620313306341514,0.0891646068117397,0.13681725884399726,0.1284767982555389,0.08780656617990677,0.14086536873974084,0.0863675408695109
DEU,0.2111074802261101,0.1958982608132749,0.10518377747536585,0.09339143503958719,0.08139182533110537,0.07168320325478932,0.1607484904004911,0.10051956235183905,0.15104357302522578,0.07449840529532273,0.34569551447110203,0.0685020498927359,0.08308726637372967,0.07954296193866553,0.08576172562277097,0.11122554904225163,0.10647254694255635,0.17343330624290668,0.10046311822085835,0.10444890367980342,0.1495092581734208,0.07311798092054345,0.0,0.07582884966489348,0.1421349655396958,0.1019059244788638,0.08149355257283546,0.07158645922445327,0.060568651017075946,0.077983047470557,0.10253563732698917,0.18529088704614272,0.0821564115426123,0.06165859984145451,0.10265916273588797,0.10232240279266398,0.10815318550271293,0.09750402568544292,0.06863328221779082,0.06504460562530329,0.10433901042409395,0.06800750282836457,0.1111482612046651,0.2947336761615492,0.07217779954818465,0.17174103129935225,0.08747980109552381,0.42651236560101013,0.13613380067259945,0.17267019936634598,0.0836145959061955,0.12776380808705648,0.287813159913873,0.1101630806397448,0.1824654940780669,0.07740482294982434,0.08634995384178352,0.09216208200201252,0.1498832529898635,0.09847925162417627,0.1558960246217322,0.07781412819773305,0.09227723807164818,0.10100757265294699,0.08768008411475171,0.102194179045436,0.12023094945387872,0.11878712555720544,0.20836000142211925,0.07832020784340026,0.10551058046434594,0.05913837054757804,0.11805882171013829,0.09811386297386118,0.09495814959278062,0.1257886289830538,0.12260051383569306,0.06167016181114233,0.14027172543859937,0.07138987648191121
DNK,0.20890983045041453,0.1976667548654303,0.10412274691255184,0.08401207131883032,0.09618949715995788,0.08158447916067454,0.15735153453800985,0.09273173113221764,0.14989979913323676,0.08226216687551674,0.3495250922262988,0.07326724223095307,0.09151887901578822,0.08919463388683295,0.10191256619416585,0.11276323396634613,0.10366453040045301,0.17116675926813998,0.09724372076948373,0.0916697137022006,0.1357940575726953,0.08150214988856488,0.07582884966489348,0.0,0.12684485181677416,0.09743028844568573,0.08543202239481978,0.07824263124151112,0.07486186666873497,0.08241900627363469,0.09564008385030515,0.1743009867321281,0.08018398495147017,0.07538225959093944,0.10086579073404116,0.10128007050236507,0.10999319459077772,0.09831099825396969,0.07871656756182019,0.06691136701130017,0.1047319820073804,0.09483695481018703,0.11315958563259715,0.29896678928766857,0.10141684078474057,0.16990164860535492,0.08594445539676783,0.4360407663177966,0.13092531515304034,0.17156258085889167,0.08592656249298729,0.1373307432261015,0.28433557599444254,0.10798596717799241,0.1757245672171337,0.07595681886075506,0.06688411393084769,0.08712228655786657,0.1461021494072989,0.09686551208877715,0.15080979821352297,0.07733030649694239,0.09341595338517426,0.0993975453467098,0.09265017019532525,0.09157146025333963,0.11852829172439107,0.11170680728640327,0.21835290060274587,0.09795934417449298,0.09983433910921229,0.07739588803855516,0.1226974933675274,0.10263661957574607,0.10038930605278183,0.13872066101640992,0.1233248333557903,0.07392480689940302,0.13645575406270288,0.08131779157287067
EGY,0.21775270487142856,0.18830805466250594,0.11445804285725464,0.15381609409598854,0.14818303988868023,0.14291985525067824,0.17677272298950172,0.15095812641916173,0.1636972135776171,0.10570223736993598,0.32086429518262033,0.12363581946216085,0.15246002093965996,0.1440823096946297,0.12689682853746337,0.14544117090759157,0.13767233702903756,0.17766185105924293,0.10469623297660692,0.14514712896762488,0.18520773029455306,0.14944181222515118,0.1421349655396958,0.12684485181677416,0.0,0.15840542352289266,0.14152379705595747,0.14030334120390642,0.14264615375110226,0.14859140810751006,0.14448719998543616,0.23207616238704584,0.13786016204890478,0.13340134991354205,0.12922432452106275,0.12210737499433395,0.17428854845456576,0.15147113276403124,0.14381692077131128,0.14029749182961215,0.1384067896378846,0.14800626956167368,0.1524816073116777,0.30346356440508654,0.14558160892780067,0.17616108153579113,0.13790070256117753,0.46750975706550285,0.18399989664467872,0.17241122851763968,0.10595135532451495,0.17662378087996003,0.2913887607003191,0.12307446531034623,0.20641095902628795,0.15346490975803603,0.13029245235089185,0.14003453547941971,0.14588650133508402,0.11478676218958371,0.16490309831520494,0.14185333270221065,0.14998768985637012,0.1337929563946493,0.11580235502179687,0.13705811577633134,0.14333196043189614,0.15285360145521523,0.2566545072959624,0.15028478050893,0.16812174933521182,0.14234616225360305,0.13706769399038427,0.14129566416853545,0.1280850473966432,0.1706558580723505,0.1477450083079699,0.13315048475426733,0.13466034691612508,0.13289272289748488
ESP,0.22094724219993273,0.1930294280917909,0.12255946812147811,0.05644640510167532,0.08755617613496572,0.07647822161650714,0.17071673198438544,0.05914421324712251,0.1570821268439892,0.1076988400610799,0.3551419434714058,0.1091483349691982,0.11755478201794381,0.11167200968524768,0.11633934314217075,0.12910501716789533,0.12224905431965814,0.18501039972205405,0.1162451797393687,0.10846132742104439,0.10689669577271878,0.0554782269734875,0.1019059244788638,0.09743028844568573,0.15840542352289266,0.0,0.10223838419685939,0.09447293453735248,0.07621834329587332,0.0663093852427509,0.12930691518205317,0.19520280246447066,0.0778567381594598,0.10024050846774425,0.11672412803071593,0.11453627600045792,0.08943965889311077,0.11282971722127695,0.109425750008872,0.058752454258348616,0.1192383759734561,0.11800110512988284,0.13354131186243592,0.305928206513598,0.12122012376181864,0.1817858293100259,0.08265893399724898,0.4457630714482333,0.07126286623180247,0.17965691823470242,0.10696634137229535,0.13599363481451068,0.2942822369665028,0.12953147931572798,0.18917401658812555,0.06286309242505478,0.08544934271420816,0.07821032523455809,0.16525583351402146,0.11602982412518219,0.16420974099286975,0.0591053623141911,0.05094169008976176,0.09416756483914615,0.11264333908881238,0.10643617249303033,0.12473076273355674,0.12504800688661152,0.2312227489109079,0.06814149666898527,0.048308858932849925,0.10615933233656215,0.13766894275620023,0.12243547589282541,0.09886096523708252,0.15412932995894826,0.14376424464709173,0.1120853801556031,0.1494841800988185,0.10798961574902849
EST,0.2108742738531682,0.2032376594387929,0.10803970724499277,0.09807413657245774,0.09369547494099027,0.0862259188017834,0.15506463312188276,0.09675999359370478,0.1504412825406635,0.09104061546214372,0.3526452641201682,0.08380748818814353,0.09877190234231838,0.0894491190055591,0.1031433314543692,0.10214130934720006,0.10204941259942327,0.16921985632079345,0.10354279293636916,0.09951838581874943,0.13733230723615458,0.08263651345236325,0.08149355257283546,0.08543202239481978,0.14152379705595747,0.10223838419685939,0.0,0.07406751671874072,0.0799096942421414,0.0931766944626146,0.10826656619560933,0.18555907979931502,0.08272385172919731,0.07871972364563036,0.09930640465340564,0.10628933385412316,0.1199545400082519,0.10629056956633583,0.08524089334714526,0.07799507495644782,0.1047784659513043,0.10267487857040875,0.1159118762415735,0.299125470136982,0.1066405319206374,0.16634291806308574,0.08331775956848564,0.44395273717386313,0.11143618353313851,0.170207972533704,0.09678359358611106,0.12905458004741144,0.2821546507843491,0.11746516763543136,0.17866688608646827,0.08977269344991538,0.08931742031515665,0.09604916350343924,0.14643919437789688,0.09814245434601765,0.15186497783459763,0.08240839303906058,0.09544925261437852,0.09839389754982948,0.09419446481146605,0.09939269404982663,0.1123093662132268,0.12747431313172028,0.21948610736887286,0.09195397269123126,0.1039477107827434,0.0725880378989244,0.12345244471881935,0.09742977433394112,0.09598839727651128,0.14118479240270546,0.127624921070952,0.08904252914208555,0.13701462376067494,0.08796206144424495
FIN,0.21180128174184168,0.1863562607318008,0.1091083244104834,0.09059588656991771,0.09212993682735897,0.07773802763200957,0.1599686400948038,0.08890611903304785,0.1528743196651149,0.08164724791245416,0.3398168491303268,0.07439408677646127,0.09364535400793128,0.0859086530318024,0.08329785845223033,0.10489024505996725,0.1045455419570467,0.1732294893241974,0.10191458332638588,0.10153635953802642,0.1411040658474862,0.07351553851644778,0.07158645922445327,0.07824263124151112,0.14030334120390642,0.09447293453735248,0.07406751671874072,0.0,0.07767992876501213,0.0885402436212557,0.1042811083772473,0.1861143650945731,0.07924529467508389,0.06999793597420119,0.0985816014051068,0.09924738390862826,0.10948898505577984,0.1013841229292068,0.07019238080401484,0.06330949191087862,0.10271514953475552,0.08028686822819694,0.11185189940197271,0.2918982110433135,0.07684247601517519,0.17380073526512643,0.08188022982409425,0.44850107689120394,0.12490966167019936,0.17422909088058766,0.0784370423955903,0.11739592720577698,0.2854558849309743,0.11616522698137972,0.18522876985087672,0.08100690545158323,0.08064307079671758,0.09196806411165089,0.1517347589602373,0.09645878153182627,0.15321367434908112,0.0707148596242247,0.09195802178183295,0.09926531238055057,0.0923235240951479,0.09749342396890208,0.12061716477140726,0.09964531435495995,0.22486449829753255,0.08732161961276805,0.09517654317156299,0.05985679241853974,0.10328549020209817,0.09797259364856004,0.09723556825851826,0.10474068738325011,0.12266531632845247,0.07967964034569561,0.1393593751380478,0.07821983982080799
FRA,0.2051133138802106,0.19354241765995034,0.10449111663166528,0.06707232033181006,0.06003927849288236,0.05978584199381553,0.15699240400789835,0.0788544742729302,0.14822770811896863,0.07685018227394559,0.34890041120080223,0.07430315567877631,0.07693399891535162,0.07517530116941341,0.09889888381942366,0.11133770294524371,0.10532711322331947,0.170646397529614,0.09575632658015498,0.08958188047805805,0.12750248895598776,0.05786457402848,0.060568651017075946,0.07486186666873497,0.14264615375110226,0.07621834329587332,0.0799096942421414,0.07767992876501213,0.0,0.045051909278091426,0.10078212594699636,0.17319610518549686,0.0673681981335268,0.0647943627678295,0.09950179642143295,0.09866310322200669,0.08246135445150636,0.09601039867422356,0.07156837136107336,0.051324664916806026,0.10607277682579166,0.09483226809916748,0.11045624025932572,0.29795498580256946,0.09735244420283515,0.1608484013302741,0.07457083614731085,0.41513413835438784,0.10744679410780002,0.16981150344279372,0.08836527033865776,0.1204110296471308,0.28338050604230675,0.10578416703628264,0.17579460476376668,0.05117234159440852,0.0767029995965843,0.07046067088153056,0.1437645056878706,0.098144282048501,0.14820373132968695,0.06397688685438578,0.06189800377417461,0.08448163043375108,0.08608046584076987,0.0934466179769177,0.114907742022361,0.11792229963940508,0.19904370328865562,0.07003815939557179,0.08336973779894329,0.07193808300439553,0.1205593767983992,0.09988874312062376,0.07992733152767595,0.1364088338774887,0.12261162688592592,0.06580828351844024,0.13533132318159588,0.07453569425122367
GBR,0.20748789064820325,0.19476984074625314,0.12003999657611968,0.05839748540375839,0.0582628758915474,0.0660672683551355,0.1676698027570421,0.08120423467580563,0.16482790448503934,0.09303608558347348,0.35353403362907165,0.08724702813499065,0.08433826906338386,0.0919522817638308,0.11310130523510482,0.129139981633899,0.12104228971575778,0.18601484824090916,0.10786024061097108,0.10554912002030925,0.12232648245581874,0.05927759957914617,0.077983047470557,0.08241900627363469,0.14859140810751006,0.0663093852427509,0.0931766944626146,0.0885402436212557,0.045051909278091426,0.0,0.11589004939194437,0.1777935975673356,0.07620526039201415,0.08698848517050355,0.1173347943248168,0.11201316553652667,0.07605630216446832,0.10426702534001041,0.08984217527072272,0.05767931748125835,0.12175413807545746,0.1091717541491476,0.12057686723812501,0.305735853592955,0.11343467354887618,0.17303287502912545,0.08234426212658427,0.41775858771576335,0.09158353150739662,0.1870403176326078,0.10192298966990754,0.1199091751061825,0.2927312023836776,0.11812724922456949,0.19099065048995198,0.05017235564927108,0.07720134951915304,0.07334422790908837,0.15604915052680288,0.11227794179258857,0.16533042511763887,0.07165832057141529,0.05084892986153685,0.09402987256135922,0.09772371448623458,0.10141992463209686,0.13190647260773594,0.1218323933063679,0.2057705825551207,0.06883744676360182,0.07325197290743757,0.08808919067707253,0.13523641794208804,0.11602653931342201,0.09131069566476754,0.1467073701792174,0.14004826081104066,0.08046785684725619,0.14572300081398443,0.09208110294068976
GRC,0.21965143955386435,0.20850953797114588,0.12688945729925785,0.12083447296541901,0.11910033957065497,0.10948110196157256,0.1658516916487215,0.11989243387398964,0.16267482808995856,0.10825657634027099,0.35262519672622594,0.09796245473483117,0.11461412794677017,0.09704690647959953,0.11910756573382429,0.1302795993102593,0.11980619240704302,0.18266433650567604,0.11751148963347426,0.11048333205992146,0.12519115913515944,0.11171551384810717,0.10253563732698917,0.09564008385030515,0.14448719998543616,0.12930691518205317,0.10826656619560933,0.1042811083772473,0.10078212594699636,0.11589004939194437,0.0,0.1902599250931187,0.10376945177674203,0.09941454516596504,0.12005025250034822,0.11993512925198081,0.14317538670517688,0.11830180640532152,0.09342298541868879,0.10638238981762306,0.119384398978136,0.11254523566091577,0.12879973744628972,0.298947997758118,0.10734945948541029,0.1768557841441597,0.11109112269185904,0.44787468339449343,0.15744760693315984,0.17995702798797333,0.11273693893399606,0.1517014939093478,0.2877098941992579,0.13804725565018466,0.19122592084288692,0.10968224279378971,0.09557859162540122,0.11779767644910125,0.15785255704622173,0.11793595814176844,0.16788515732071171,0.11010567948923686,0.1232512321546669,0.12144356108268367,0.11339963832332008,0.11665255106120409,0.13204252867368077,0.11466429175119644,0.22906357760170398,0.1267851910921431,0.1309314836914829,0.09504536336842336,0.13831801408453714,0.12099341183315346,0.11631379519048922,0.14572996628484453,0.140087497271409,0.1027033180997325,0.15216175022307812,0.10164064501827673
HKG,0.2565146296748525,0.2590780502715505,0.211513951336134,0.18571525233689143,0.19004880743792343,0.18381932887291583,0.23206184282252434,0.19519668149079972,0.23622990454106851,0.18284389692477146,0.39227051724262224,0.18724392770355483,0.1751567273747085,0.19528522751382338,0.2082005431420845,0.21116602212545002,0.20403595414978873,0.25283530092488893,0.2055814395650699,0.16429629780812793,0.19398021894036335,0.18261699024624914,0.18529088704614272,0.1743009867321281,0.23207616238704584,0.19520280246447066,0.18555907979931502,0.1861143650945731,0.17319610518549686,0.1777935975673356,0.1902599250931187,0.0,0.18685836608437045,0.16961095866386722,0.1908232931602468,0.20409713788882672,0.1886506805730918,0.19733061734639934,0.1808995375030592,0.17641670167919646,0.2070136516837904,0.19442978039033823,0.1981940401873688,0.34873226937351726,0.19833612825348293,0.24131649999441965,0.1924633365886891,0.41873533682854475,0.21048059340305378,0.25678746262104846,0.19312558341300656,0.20735053154895214,0.3404096251962313,0.19026371686620985,0.24022925406282417,0.17585486841057787,0.18236158905936642,0.19717572719212118,0.23044908137449194,0.20801700293781666,0.2139002361694975,0.17978395703787986,0.18737874483004105,0.20398173291780486,0.19596921379439763,0.1635998609704016,0.21831838665613246,0.19330300987799676,0.24019845602773618,0.18533802638521826,0.18918680400477936,0.18521096873067347,0.21293951000625058,0.20258033896413197,0.20398300649507456,0.20849908184422128,0.21286183704836556,0.18196526648700864,0.2300787123631054,0.18718779121376206
HRV,0.2011658638611106,0.19197821435706808,0.09522228441654029,0.0777036615235176,0.08376819053818119,0.0731779672993202,0.15012719160467813,0.0712144038606354,0.13818280732326169,0.08049173493644503,0.34657108760261307,0.08024037627172527,0.09464886736049072,0.0798862586579339,0.09496136285513417,0.10798852970365834,0.09972598462800106,0.1603528779077999,0.0902893564904697,0.08777131884072936,0.13006818557596955,0.06890600247442477,0.0821564115426123,0.08018398495147017,0.13786016204890478,0.0778567381594598,0.08272385172919731,0.07924529467508389,0.0673681981335268,0.07620526039201415,0.10376945177674203,0.18685836608437045,0.0,0.06824998190748202,0.0908505199031322,0.08890805532371567,0.10492822214651229,0.09784742623630979,0.08182533232162603,0.062298391954158025,0.09437582451176434,0.09816007247998844,0.10885941931198073,0.29447696502416454,0.10404124446632654,0.15333415014451768,0.07030566121013614,0.44738466428167767,0.11203326754027362,0.1543778731944567,0.08573385432531287,0.1316987742541194,0.27162756473928173,0.11446065192298956,0.16988587583605766,0.07187012827594196,0.08076431821401149,0.0735126502497646,0.13457761036464388,0.09233974463151448,0.14174244959787913,0.061419389594387155,0.07296089939182823,0.07666864747690175,0.0828840472204002,0.08668670453710982,0.10172373573901144,0.11965410533572164,0.22375884760780648,0.08070057926790296,0.08080808233639131,0.08083584859624054,0.11620665563603783,0.09823109352737894,0.08383061710086831,0.13766583630960771,0.12044782185140983,0.08419244763010175,0.1252389521569866,0.08123886835228097
HUN,0.19724078524070854,0.19595397263890243,0.07814666884524124,0.09077476181485489,0.09232473169198534,0.07915935977357186,0.14138117761716326,0.08563315423873379,0.11901567241316378,0.059495433857033125,0.3457859830527872,0.06549474435908882,0.0859796841427303,0.07963072099001087,0.07949132963766656,0.09426770274363251,0.08467037190948347,0.14393117473686068,0.08059080384376271,0.07540799346746559,0.14477818848544058,0.0762243138519235,0.06165859984145451,0.07538225959093944,0.13340134991354205,0.10024050846774425,0.07871972364563036,0.06999793597420119,0.0647943627678295,0.08698848517050355,0.09941454516596504,0.16961095866386722,0.06824998190748202,0.0,0.0770828021463242,0.07731824179167086,0.10848182973902337,0.0965633002319904,0.06584193727453537,0.06743090634310947,0.09169604343434061,0.07850551241828967,0.10013883801180176,0.28610355380778385,0.07666531013495953,0.14347509649391677,0.07391423544756782,0.4326964508508008,0.13843503914596206,0.14135788278178207,0.06866034392032674,0.12541308325797573,0.26038092374823235,0.09273433603771444,0.15682888114752655,0.0795262524787653,0.08842986042341176,0.07900287783227541,0.11887740949939826,0.0812882904357624,0.11977569716680793,0.06338958849238367,0.09221581140517983,0.078269781152298,0.08056614652478333,0.08798140642621327,0.09524008169950184,0.11756825928902788,0.20927154894142935,0.08511171685256164,0.10556718539881071,0.06591513852727189,0.09272728904985819,0.085914734418609,0.08359424399271054,0.11924986670111426,0.10163688905727858,0.06575175866565568,0.11504292011521447,0.06055598191074983
IDN,0.20213749618346813,0.20748980783411916,0.07321977584696078,0.11555752279494896,0.113213953917704,0.11055383668274368,0.13952374503664072,0.10540330215172639,0.10155680079321026,0.07666794917555851,0.35020107602760314,0.09636080817070614,0.11176618270122504,0.1020850423307277,0.0857457138711318,0.08828947118485292,0.07636198948130354,0.13859282276988083,0.07508425171867186,0.07882069492889973,0.1566774246922026,0.10606765398557315,0.10265916273588797,0.10086579073404116,0.12922432452106275,0.11672412803071593,0.09930640465340564,0.0985816014051068,0.09950179642143295,0.1173347943248168,0.12005025250034822,0.1908232931602468,0.0908505199031322,0.0770828021463242,0.0,0.08907826814414885,0.13869671260340405,0.10916402726700915,0.10150430399954445,0.09608236552298952,0.09881346116205367,0.10926236207571856,0.12397926800158038,0.2974757312381015,0.10642426728341337,0.14556991108906078,0.09737608022968712,0.4550613816246028,0.15299940702388393,0.11814813480723847,0.08501836907968693,0.14634758223197036,0.27112020925799635,0.09146934725560006,0.1525574208516491,0.11381689000379289,0.11055606263865397,0.09141061297304463,0.11938373396778398,0.07436627502176074,0.09662393014921747,0.08682980014265132,0.10602540381360953,0.0888971280065624,0.0954557901154068,0.10473928413672902,0.08024938312044325,0.14012214173610016,0.2361934409222526,0.11439094093135811,0.12861587797731444,0.10302151989175184,0.08915524941931054,0.09754966704116796,0.08256957281924875,0.14243150456632192,0.11782723315342779,0.10561986288294276,0.10737549235840149,0.08875277141938523
IND,0.1935668406770828,0.20265347912815815,0.07344109612124096,0.10392145782591819,0.11796717200634588,0.1070580123549101,0.12626348654671204,0.08567664066663282,0.11498916876608802,0.07944008537746775,0.34925456777050984,0.08988722261938858,0.12316967886348384,0.11083476492224958,0.08282044410506738,0.11027414473611506,0.09980478124640264,0.1331202312181119,0.0833960040931549,0.10045019292357588,0.15165393178148961,0.10334119767116086,0.10232240279266398,0.10128007050236507,0.12210737499433395,0.11453627600045792,0.10628933385412316,0.09924738390862826,0.09866310322200669,0.11201316553652667,0.11993512925198081,0.20409713788882672,0.08890805532371567,0.07731824179167086,0.08907826814414885,0.0,0.12730096221282375,0.11693708910801426,0.10004777122058313,0.09245141830363061,0.09747681664514042,0.10615893488014573,0.11310293637269234,0.2649074465498353,0.10687020216117077,0.13490238823166276,0.09117834540219723,0.44204584775237,0.14848540601459795,0.12830944104334008,0.08299764956655889,0.15242901687500715,0.23617605437587436,0.0999809204644051,0.16434189670906274,0.10634540603954841,0.10488547809202436,0.09571076423370257,0.09569486863438512,0.086786794286811,0.1294667129138384,0.08696475947136625,0.11123220423391583,0.07579859650070983,0.096746181457138,0.10401325065261023,0.09675214634894887,0.13848138985036515,0.2211975441470225,0.11241833255299948,0.12138661840455055,0.10005650645604118,0.1087178819797308,0.10141445715450643,0.08661428662132742,0.13657367114904398,0.09646166893288188,0.09643153147622299,0.09013969880273874,0.08832173699720414
IRL,0.22931992490155287,0.20761902390718512,0.13418323307553717,0.07975927631560953,0.10878805067816928,0.09132770473132765,0.18020074825938026,0.100853889836621,0.17148523076472466,0.12146361722591567,0.36421222892062044,0.12093379999561421,0.11169985211545568,0.12371787728289028,0.13458102672147726,0.14906595081262494,0.14327520017693454,0.1931374506439278,0.1337267389639241,0.12390792387907097,0.1294854671675063,0.09324371138606338,0.10815318550271293,0.10999319459077772,0.17428854845456576,0.08943965889311077,0.1199545400082519,0.10948898505577984,0.08246135445150636,0.07605630216446832,0.14317538670517688,0.1886506805730918,0.10492822214651229,0.10848182973902337,0.13869671260340405,0.12730096221282375,0.0,0.12342552354862678,0.1112393593025182,0.08792576769499243,0.14087361184171687,0.13424009528679595,0.1471025251966608,0.31421490809921904,0.1287731379756013,0.19112866270059642,0.10955664350536935,0.3899294737672784,0.11512869847520099,0.19147064266448316,0.1235238710868416,0.1334409333480015,0.2968519618962587,0.12488160432066682,0.19828357807680722,0.0739052834615499,0.10734090696321179,0.10296960493871651,0.17305577507473469,0.13614464738536924,0.17305072481197967,0.0950278940617161,0.09291421154425443,0.12262887561524627,0.13445785670827046,0.13030861861296292,0.14433853687640094,0.1334658868760737,0.19281128445477405,0.10133089351477723,0.09472885989594662,0.12029955774719779,0.14498113573271165,0.13711651659901003,0.1261945275139494,0.15214157791021843,0.1564850046608546,0.10488729068080974,0.1602553302260465,0.11926917994411833
ISL,0.22142361632266783,0.2089886904455768,0.1168920955560186,0.10861042969384485,0.1122562803392637,0.10120722986505346,0.162257832390734,0.109537801648648,0.15016588168473757,0.10463021938002218,0.3567287219191786,0.09677662139579364,0.1138863722142669,0.09234156417650806,0.1112767812993853,0.11653407342375732,0.11139570865931937,0.176945140578406,0.10582045104267711,0.11184968497816868,0.15022357602524647,0.10434758603453173,0.09750402568544292,0.09831099825396969,0.15147113276403124,0.11282971722127695,0.10629056956633583,0.1013841229292068,0.09601039867422356,0.10426702534001041,0.11830180640532152,0.19733061734639934,0.09784742623630979,0.0965633002319904,0.10916402726700915,0.11693708910801426,0.12342552354862678,0.0,0.09095772438815128,0.09708930646203558,0.10344095872834046,0.1139528094031594,0.1264863243523021,0.3040356923192753,0.11739583550911711,0.17780287290029737,0.10732195328540349,0.44059217884333135,0.14646149340042453,0.17059767389355418,0.10933750609099173,0.14501458356155558,0.2880189166517877,0.12286198161772514,0.17313530964081508,0.10155396958949847,0.10243448172530126,0.10219624116348434,0.1597086757104417,0.1006975821777068,0.14784150957202535,0.09826943688943987,0.11053383398538517,0.11339726521373633,0.10820789116882829,0.11673913161859807,0.11966397569722495,0.13975169649042918,0.2221228085719114,0.11671858219497439,0.12374316103183731,0.10063667975778372,0.12977221463009914,0.11112671450646595,0.11138385560461488,0.15244898369623777,0.13632788019391479,0.1008768656430313,0.14194184743816465,0.09778609902730445
ISR,0.21310699056915866,0.19775695994884004,0.10131744659192915,0.09680322923002067,0.09792174427643403,0.07994373279269111,0.15937147947151822,0.10164783364085873,0.15106064585814435,0.07625761132978547,0.3465055278139218,0.06400095705709913,0.08496387643479408,0.07591259510461476,0.09063513348145281,0.10832292461384652,0.10294978698750676,0.1716566754601162,0.09330880125219422,0.09611977429724548,0.14965721861389072,0.08459945523526814,0.06863328221779082,0.07871656756182019,0.14381692077131128,0.109425750008872,0.08524089334714526,0.07019238080401484,0.07156837136107336,0.08984217527072272,0.09342298541868879,0.1808995375030592,0.08182533232162603,0.06584193727453537,0.10150430399954445,0.10004777122058313,0.1112393593025182,0.09095772438815128,0.0,0.07455110857915222,0.09434509606353471,0.08361525022248623,0.10807677933613402,0.29675833692094794,0.0840849594540236,0.17403946656903033,0.08734076514173768,0.4344907725113215,0.1453950788556058,0.17093440240522517,0.08018361513246283,0.12944888678028627,0.2863778423148358,0.10923442620297882,0.17496644519313406,0.07919002076410606,0.08590125420724802,0.09233446904428598,0.1507446944768957,0.09321859367832723,0.14941640398682116,0.08492964200769242,0.10214591995773857,0.10519193368056785,0.09294417218469939,0.09273752125030578,0.11654133023904004,0.1130778856967229,0.21150291395290005,0.10415462741465792,0.11071297295113064,0.0656026667799439,0.11360645769714409,0.09682526564153411,0.10337871395469975,0.11457930094390723,0.12193451447384605,0.05885655710565663,0.14041773180739242,0.06949596259985717
ITA,0.2092356865907633,0.18768290278377395,0.10264278788741292,0.05991051275948132,0.07586114480302375,0.05724123541757014,0.14839996994662635,0.06427644414620817,0.14675006405213376,0.07646893089131389,0.3459258818273983,0.0744771958733992,0.09075624133437979,0.08800022324155551,0.08730375597525132,0.106602168566975,0.1033734777084028,0.1722102855234991,0.09704722021005134,0.09005258228581751,0.12060155395496171,0.04682514720944383,0.06504460562530329,0.06691136701130017,0.14029749182961215,0.058752454258348616,0.07799507495644782,0.06330949191087862,0.051324664916806026,0.05767931748125835,0.10638238981762306,0.17641670167919646,0.062298391954158025,0.06743090634310947,0.09608236552298952,0.09245141830363061,0.08792576769499243,0.09708930646203558,0.07455110857915222,0.0,0.10142598834763637,0.08448285523885989,0.10952848032037654,0.2901676164761835,0.09046905056225206,0.1712589978836098,0.06707516112352772,0.43239649411467407,0.10061309349602636,0.17062244340162427,0.08050886526786794,0.12718055013440124,0.2850475753392751,0.10808565705554773,0.1778360847313364,0.05023607394727227,0.06679410453708023,0.0720924275505816,0.14888531673800884,0.09298806381014407,0.1522572795997812,0.04783727608324484,0.0592667669994823,0.08475082784963174,0.0894401195228721,0.08708472184583653,0.11408900865081867,0.11047679390804942,0.21236171955783367,0.06442235105526761,0.062387235419947534,0.07165499560320092,0.11790334263347459,0.09608256276625533,0.08355087946985736,0.12791258554483279,0.1195030468901297,0.07300112689449355,0.13120507203208748,0.07420417264677732
JOR,0.21115530826042192,0.20514729379393665,0.10101854880784249,0.1172869639885604,0.12310043951217144,0.11100828155238932,0.15577387287699038,0.1036632085289282,0.13340352787178406,0.09169688502105194,0.349610578832864,0.09210781520648566,0.12139432935540365,0.1004874062300775,0.09718313962131683,0.09792283977314845,0.09941816319924886,0.16227286670148827,0.08858891228299447,0.10799966516562125,0.15656418112405784,0.11037918752544815,0.10433901042409395,0.1047319820073804,0.1384067896378846,0.1192383759734561,0.1047784659513043,0.10271514953475552,0.10607277682579166,0.12175413807545746,0.119384398978136,0.2070136516837904,0.09437582451176434,0.09169604343434061,0.09881346116205367,0.09747681664514042,0.14087361184171687,0.10344095872834046,0.09434509606353471,0.10142598834763637,0.0,0.11173703927660517,0.12550868981812524,0.2967662131023012,0.11527609207136501,0.1618662937471005,0.10051304559396985,0.4538387048348175,0.15624829719842198,0.1481455321820492,0.09463035450634287,0.15389276640799102,0.27827399829405686,0.10954539057495191,0.16077290851637097,0.11382817944603682,0.10733822608579704,0.11139962212206167,0.14716015971211388,0.08794151642018393,0.13846499238050636,0.0970109204975256,0.11684171868570002,0.10384122716272422,0.09974929855374641,0.10866491182504698,0.1013528070509552,0.1433412055699472,0.22831687850846547,0.12099660002314906,0.12991510499468953,0.10300744526981324,0.1159400047142322,0.10048812449553966,0.10724842871142092,0.1460662350152828,0.12014954821091212,0.10207643971733531,0.13303206860831468,0.0913089859908248
JPN,0.21692087833315996,0.20419407170522721,0.11191643670306223,0.11291607940262105,0.10659989344667797,0.0980243409224675,0.16499055725156406,0.11267035601147772,0.1589670882724967,0.08601570894210349,0.34991625462131815,0.0805934787025585,0.10284948248737681,0.09935145620388824,0.0829180612937193,0.12274123004581314,0.11505135245370932,0.17822800079692014,0.11245835773248872,0.11525466622178114,0.16409404865947738,0.09321150662717904,0.06800750282836457,0.09483695481018703,0.14800626956167368,0.11800110512988284,0.10267487857040875,0.08028686822819694,0.09483226809916748,0.1091717541491476,0.11254523566091577,0.19442978039033823,0.09816007247998844,0.07850551241828967,0.10926236207571856,0.10615893488014573,0.13424009528679595,0.1139528094031594,0.08361525022248623,0.08448285523885989,0.11173703927660517,0.0,0.12019046120143367,0.2602723892781239,0.06169415526297281,0.18039000863107957,0.10385629880628375,0.4519134005002028,0.15564436311328558,0.1774222113311798,0.08926723061932275,0.13957389446255614,0.28958471007811576,0.1238073049331772,0.19142503124937837,0.105608196211884,0.10398633426290535,0.11293698462614948,0.1570525712241936,0.10748381886361434,0.1630099799376233,0.09279581328053968,0.11278046668632943,0.11059823724769692,0.0972884178890925,0.10807248971064903,0.12962297589877425,0.12434115883894283,0.2304233450282884,0.09629908965193591,0.12193335499608182,0.07417053641129458,0.11470130128216663,0.10906846850429844,0.10503489305774331,0.1044003689515808,0.10917323823494615,0.08719109421302709,0.1458237607310626,0.08460003051566245
KAZ,0.18798799767428132,0.2063145766879284,0.1185413819067546,0.11797049809979604,0.12602365577281635,0.11623765959802022,0.16214176960086726,0.11538675571032109,0.1619087788249968,0.10627148052658116,0.3502723920169273,0.09811985506434376,0.12662319115112206,0.11417855555607039,0.12080407181946395,0.12926389226208254,0.11729465598221551,0.15968864250618284,0.12082602177322899,0.11845786264122538,0.16777334608421388,0.1169562714097375,0.1111482612046651,0.11315958563259715,0.1524816073116777,0.13354131186243592,0.1159118762415735,0.11185189940197271,0.11045624025932572,0.12057686723812501,0.12879973744628972,0.1981940401873688,0.10885941931198073,0.10013883801180176,0.12397926800158038,0.11310293637269234,0.1471025251966608,0.1264863243523021,0.10807677933613402,0.10952848032037654,0.12550868981812524,0.12019046120143367,0.0,0.2919489668335855,0.1285452262900202,0.16483273126248496,0.1059023342238401,0.45593476422009993,0.15796989152196875,0.1816713986858465,0.10825096709024062,0.15911202933584867,0.2675843913741368,0.13565554074513717,0.17728661055695272,0.11645562692286289,0.11180863357625617,0.11222871153113037,0.14628131217475673,0.10926176794282001,0.16397197122868445,0.10817301361203732,0.1280909730006619,0.11353522351374386,0.10729667325195316,0.10940767955733931,0.1366699126319624,0.1459826660019417,0.23371035575554291,0.12560447676128292,0.13247139169617062,0.10747777667595215,0.1407871070868258,0.12005931995737697,0.12119870925633387,0.157246121821947,0.12473367684269669,0.10574192262089917,0.13840807880535808,0.10516967323340987
KHM,0.32030276029472143,0.3494165033011973,0.2830896406779648,0.30079436758584793,0.3000895352414077,0.29704955030498353,0.27806601576125173,0.2823516769765496,0.29349247903797976,0.2919818940439148,0.45000966683097565,0.29247540995302934,0.3063038822053794,0.3008911598865145,0.27890712486050223,0.2954726959482105,0.2973414425778632,0.29098594888164825,0.2997234724169721,0.30163305210137614,0.3260641706077885,0.2955747274474503,0.2947336761615492,0.29896678928766857,0.30346356440508654,0.305928206513598,0.299125470136982,0.2918982110433135,0.29795498580256946,0.305735853592955,0.298947997758118,0.34873226937351726,0.29447696502416454,0.28610355380778385,0.2974757312381015,0.2649074465498353,0.31421490809921904,0.3040356923192753,0.29675833692094794,0.2901676164761835,0.2967662131023012,0.2602723892781239,0.2919489668335855,0.0,0.2799700751974647,0.28633108229648685,0.29472032430551964,0.5324946901980102,0.3175483603230419,0.3047235490984304,0.2929995354610296,0.32005673808809787,0.30380540186474786,0.30182830901122776,0.30267683641291043,0.3033792934063938,0.30345368227777664,0.2987610861737777,0.2737776272166073,0.2957034771560333,0.30430604263114375,0.29016375728148164,0.30417451264792306,0.2672670966338335,0.28823330317025514,0.3011326390119589,0.292602384185728,0.3146780161663238,0.3609389082759886,0.29616149840406575,0.3082043949789659,0.28805847589542166,0.30015652686553607,0.2967923067747316,0.27969779056065197,0.2711814433317274,0.22335423234624907,0.2970797541230653,0.2742774063392357,0.29210656493133136
KOR,0.2200863427278836,0.20259690083547754,0.11161595233155903,0.11728168830834945,0.11267936079899034,0.10309110059661239,0.1610744412551749,0.11744956111182851,0.15238716315872364,0.08594323817535522,0.34813080893261067,0.08829079982734679,0.10698291347346531,0.10317591785904781,0.07058434599652572,0.12247770751907748,0.11567742562409852,0.17780186890519106,0.11010283320479404,0.1199848035809132,0.15700903188620605,0.09884395024398589,0.07217779954818465,0.10141684078474057,0.14558160892780067,0.12122012376181864,0.1066405319206374,0.07684247601517519,0.09735244420283515,0.11343467354887618,0.10734945948541029,0.19833612825348293,0.10404124446632654,0.07666531013495953,0.10642426728341337,0.10687020216117077,0.1287731379756013,0.11739583550911711,0.0840849594540236,0.09046905056225206,0.11527609207136501,0.06169415526297281,0.1285452262900202,0.2799700751974647,0.0,0.18069906704459623,0.10817064912595283,0.43959481509615506,0.16061533852487075,0.17303730015971158,0.08604416215535146,0.1279092763952271,0.28947929171010933,0.11764730033348678,0.19243493216658583,0.10826456048372399,0.10465158076229998,0.11622148705457674,0.15601955694738773,0.1092368210689311,0.1570835308742418,0.09834530153866161,0.11650413080626881,0.11514281860549445,0.10375287383436516,0.11823390947376321,0.13045865072441973,0.10880570369391654,0.22332933518409803,0.10100258021353826,0.12732514065415443,0.08498962265413264,0.09723934322734505,0.11029435921001188,0.10600028777676934,0.08584794585601517,0.12365660880301503,0.08928387877413475,0.14173101656467937,0.0884325850267333
LAO,0.19611827172645857,0.2474204804485043,0.1343748782873118,0.1763418396513263,0.1604997014596272,0.18010434225533611,0.15788807274659936,0.15550598899538176,0.13554065117402053,0.15399825708588455,0.3746881963763824,0.16849374167627262,0.16783924675052622,0.16310313341865296,0.15755289509359308,0.1593985949790965,0.15804102937292258,0.1424095431842795,0.1473351275433656,0.15418565927294794,0.20827615457735044,0.17319972433337796,0.17174103129935225,0.16990164860535492,0.17616108153579113,0.1817858293100259,0.16634291806308574,0.17380073526512643,0.1608484013302741,0.17303287502912545,0.1768557841441597,0.24131649999441965,0.15333415014451768,0.14347509649391677,0.14556991108906078,0.13490238823166276,0.19112866270059642,0.17780287290029737,0.17403946656903033,0.1712589978836098,0.1618662937471005,0.18039000863107957,0.16483273126248496,0.28633108229648685,0.18069906704459623,0.0,0.15896153213042297,0.4675376884857896,0.19563817083898657,0.15253991645086046,0.16497967956808496,0.19001215514225303,0.1995488553334325,0.16832931398255999,0.17189069124614198,0.17959332368934577,0.18158908331596046,0.14921652666928692,0.10185197900080792,0.1583783245315073,0.14549366322906315,0.1591341618049395,0.165013967847881,0.11528494155055316,0.1524371616733666,0.1708252637570165,0.1503277203095356,0.1999672814473883,0.2618325097381574,0.16970048117412365,0.19026007333411518,0.1697527134375511,0.15897168556774963,0.1638595956979869,0.13361251088466078,0.20181589197563557,0.14268931465134652,0.17211351975751554,0.12094536534462602,0.16018790982218004
LTU,0.2077708801780208,0.18454186545859533,0.0966743068137975,0.07980806287783333,0.09826732487580053,0.07376411070082124,0.15121053513726423,0.07328273316817362,0.13837853946242742,0.07830470604857054,0.3373042194482013,0.08351948927405684,0.10775016141163296,0.09120773985095743,0.10205313600102721,0.09783823405935367,0.0908589913758247,0.15515918396333395,0.09420020930510267,0.08838097203027907,0.1361663291864423,0.07354655638236583,0.08747980109552381,0.08594445539676783,0.13790070256117753,0.08265893399724898,0.08331775956848564,0.08188022982409425,0.07457083614731085,0.08234426212658427,0.11109112269185904,0.1924633365886891,0.07030566121013614,0.07391423544756782,0.09737608022968712,0.09117834540219723,0.10955664350536935,0.10732195328540349,0.08734076514173768,0.06707516112352772,0.10051304559396985,0.10385629880628375,0.1059023342238401,0.29472032430551964,0.10817064912595283,0.15896153213042297,0.0,0.44661341251049164,0.11448423030052335,0.15914699415565148,0.08169645733305805,0.13817756484788285,0.27174030128932375,0.11362210041418697,0.17077182267181784,0.07321950068513292,0.08604376804662349,0.07952282833962675,0.13783223061229968,0.08896679132542819,0.14098055876289312,0.06017899266410992,0.08347673870278781,0.08686671937227802,0.08973029914100487,0.09519660370300681,0.10163665331150085,0.11626293306340332,0.22446525299130082,0.0877025493882996,0.08811346457673014,0.08611055840072078,0.11884183968603816,0.0940073940560012,0.08734438803948023,0.1393631365416417,0.11573490042892362,0.08795569409482588,0.1274860933786178,0.08160945201041934
LUX,0.48820902352600426,0.47882981234080413,0.4510260739616461,0.4249918656209505,0.4363286480973564,0.42949220225812024,0.4626279146892778,0.4468312340392332,0.4644339273320016,0.4355649904748419,0.5653750653498468,0.43665057426443743,0.43184596122530694,0.44832572783644864,0.45566470256077835,0.45820759846839304,0.45952963494351595,0.48045366164806874,0.4475121518439127,0.4357896356648415,0.4376381636605646,0.4431084955406217,0.42651236560101013,0.4360407663177966,0.46750975706550285,0.4457630714482333,0.44395273717386313,0.44850107689120394,0.41513413835438784,0.41775858771576335,0.44787468339449343,0.41873533682854475,0.44738466428167767,0.4326964508508008,0.4550613816246028,0.44204584775237,0.3899294737672784,0.44059217884333135,0.4344907725113215,0.43239649411467407,0.4538387048348175,0.4519134005002028,0.45593476422009993,0.5324946901980102,0.43959481509615506,0.4675376884857896,0.44661341251049164,0.0,0.4544573494519231,0.4750484090123242,0.4497664269311965,0.44466319094832496,0.5286174468299375,0.41111521624205827,0.46792021389403576,0.4177387274618269,0.4418701592271313,0.44526573793408836,0.4634198373575516,0.4570879801306293,0.46370665119638543,0.4423642303242638,0.4401368720846335,0.4573083876584447,0.45032052175909654,0.45149179153952956,0.4634445063451631,0.45990817072603746,0.29676748468378256,0.4399568759497656,0.4490520441605495,0.4436030626288951,0.4620922670132598,0.4509215666967657,0.4497232211719951,0.4500426460455486,0.45498128100599017,0.4105392331193882,0.4580286565203599,0.43196893007296844
LVA,0.23169065917436057,0.2137049592871579,0.15834588922740733,0.09032137162606121,0.10217597912770895,0.10971680078001712,0.19222444527370328,0.09239041799732416,0.18854038947157606,0.14689831877799545,0.37193486068599063,0.14413948303030727,0.13943023891027148,0.14003412031217713,0.15358703746686356,0.1585835152185429,0.15847359403144676,0.20846015922146016,0.15374945927791647,0.1429579286000345,0.11707383732996461,0.0881307168687987,0.13613380067259945,0.13092531515304034,0.18399989664467872,0.07126286623180247,0.11143618353313851,0.12490966167019936,0.10744679410780002,0.09158353150739662,0.15744760693315984,0.21048059340305378,0.11203326754027362,0.13843503914596206,0.15299940702388393,0.14848540601459795,0.11512869847520099,0.14646149340042453,0.1453950788556058,0.10061309349602636,0.15624829719842198,0.15564436311328558,0.15796989152196875,0.3175483603230419,0.16061533852487075,0.19563817083898657,0.11448423030052335,0.4544573494519231,0.0,0.2106096632153808,0.14653972577256036,0.15021015398543314,0.3027481246721531,0.1635904260024207,0.21197176383915114,0.09619426320013556,0.11632335316447287,0.10508325777491749,0.18542061447603153,0.15377138419331055,0.19319137969569503,0.10052974094503248,0.07833080122478679,0.11836628481505684,0.140778311150973,0.13767663866071395,0.1571226491437695,0.1504760560163922,0.2459285204349915,0.09088121978521727,0.07704323675023779,0.13420752146873183,0.17217387709202228,0.15284764145805424,0.1236060825133164,0.18484686076421125,0.17224185916158238,0.14616557510522865,0.17373226603511857,0.1456877878579113
MAR,0.23800129612525522,0.25696465320331563,0.10503845045290398,0.1778168531895741,0.18568138767287984,0.17874960773263454,0.16905263550063096,0.16031110604796467,0.08396380250793922,0.1484522509376693,0.3839180939794814,0.16773734354689218,0.18584118512849498,0.17009275613938327,0.1489731201826418,0.1445527803736133,0.1349937107210217,0.11937460346502116,0.12343178241381347,0.13599459710260536,0.20425996530847193,0.175599926204837,0.17267019936634598,0.17156258085889167,0.17241122851763968,0.17965691823470242,0.170207972533704,0.17422909088058766,0.16981150344279372,0.1870403176326078,0.17995702798797333,0.25678746262104846,0.1543778731944567,0.14135788278178207,0.11814813480723847,0.12830944104334008,0.19147064266448316,0.17059767389355418,0.17093440240522517,0.17062244340162427,0.1481455321820492,0.1774222113311798,0.1816713986858465,0.3047235490984304,0.17303730015971158,0.15253991645086046,0.15914699415565148,0.4750484090123242,0.2106096632153808,0.0,0.1522957484692851,0.20900241874870873,0.25597420292832995,0.13873599233652228,0.16767574460487386,0.17817562438466175,0.18270966578733175,0.1435815711425235,0.12444544214356061,0.13294806936469147,0.10158276866015355,0.15530342761641452,0.1761356798589769,0.13720951779571144,0.16554676061212215,0.17576765160441093,0.09091213058953779,0.208551450315565,0.27231026552430304,0.1830007010946139,0.1941028091360852,0.17433184977153796,0.14277478956232695,0.15445778378117814,0.1451298321810388,0.20074515665623535,0.15535791539180477,0.17215875514322027,0.12872658942723955,0.1544154920716015
MEX,0.20397152404422045,0.17956380805044286,0.08199801466033799,0.10074760468870557,0.10939191884161388,0.0890174804407547,0.15537624839849476,0.09804976275330102,0.13714416634023965,0.053696124109437755,0.32910416895341355,0.06662876700402356,0.10337878759650898,0.09655337114185454,0.07698589529200472,0.10241822744520357,0.09553414462670723,0.15667862177354067,0.0736215482501068,0.09537560866537477,0.1537341498703326,0.09196141804493134,0.0836145959061955,0.08592656249298729,0.10595135532451495,0.10696634137229535,0.09678359358611106,0.0784370423955903,0.08836527033865776,0.10192298966990754,0.11273693893399606,0.19312558341300656,0.08573385432531287,0.06866034392032674,0.08501836907968693,0.08299764956655889,0.1235238710868416,0.10933750609099173,0.08018361513246283,0.08050886526786794,0.09463035450634287,0.08926723061932275,0.10825096709024062,0.2929995354610296,0.08604416215535146,0.16497967956808496,0.08169645733305805,0.4497664269311965,0.14653972577256036,0.1522957484692851,0.0,0.1359969997730962,0.2796732992798615,0.08782435239966253,0.1727755467551361,0.09589683771406146,0.08412476666519786,0.09400498634716538,0.1359920920240909,0.07321416885925221,0.13379632676380818,0.08018519201701652,0.10488246717381335,0.09769449015624282,0.08228780075413372,0.08998319200439417,0.10760316835111719,0.11254638851680122,0.2287541348117856,0.10092636705688093,0.11559621403633506,0.08603452056931446,0.09170945125010106,0.09947992769658034,0.09547388980717011,0.11459329055199728,0.1119415454861406,0.07763673401705015,0.12042010570208009,0.07872461178658331
MLT,0.2290238397160481,0.22297906650816657,0.15536586196691085,0.13781927011767842,0.11475344891165483,0.13625701568999185,0.19489307828139807,0.1412577953800971,0.1889583322446903,0.13616263304208387,0.36688438469579965,0.1374075741087778,0.11494333918688251,0.13210575111485195,0.13027576313231157,0.16080337083113005,0.1515601051791515,0.2085896548329182,0.14181646587743413,0.15190080960138475,0.1730243284425297,0.1274541199520889,0.12776380808705648,0.1373307432261015,0.17662378087996003,0.13599363481451068,0.12905458004741144,0.11739592720577698,0.1204110296471308,0.1199091751061825,0.1517014939093478,0.20735053154895214,0.1316987742541194,0.12541308325797573,0.14634758223197036,0.15242901687500715,0.1334409333480015,0.14501458356155558,0.12944888678028627,0.12718055013440124,0.15389276640799102,0.13957389446255614,0.15911202933584867,0.32005673808809787,0.1279092763952271,0.19001215514225303,0.13817756484788285,0.44466319094832496,0.15021015398543314,0.20900241874870873,0.1359969997730962,0.0,0.3084757271796758,0.15155763920017423,0.2168820671408213,0.1332032240284992,0.13845501307214736,0.13324208955289105,0.18085492438624415,0.14929442823977238,0.17721659490600156,0.13471807765074897,0.12229423741862101,0.13676428005738805,0.1357133708484372,0.14850870849427578,0.16557204038991138,0.13881092916799437,0.23622540352738877,0.12441657140475504,0.14536379461654544,0.1308936074404184,0.12396967808070093,0.1489626193499208,0.12803496995769836,0.13537496982307134,0.17135349061863706,0.13589181370319947,0.1723971109227707,0.135164987530421
MMR,0.26539648496627916,0.3373254399925838,0.24906720484883227,0.2845712362744322,0.2930151036894881,0.2909310858397776,0.22001731410963468,0.2575559669421006,0.22799195838994593,0.2771309191082932,0.4388694808060988,0.2805987820969278,0.29495476188593894,0.28480027366716065,0.27400729666756307,0.2692663626549415,0.2734381078246669,0.21926606544380783,0.27384231569992834,0.28053611637050246,0.30709023383667194,0.28828279792380307,0.287813159913873,0.28433557599444254,0.2913887607003191,0.2942822369665028,0.2821546507843491,0.2854558849309743,0.28338050604230675,0.2927312023836776,0.2877098941992579,0.3404096251962313,0.27162756473928173,0.26038092374823235,0.27112020925799635,0.23617605437587436,0.2968519618962587,0.2880189166517877,0.2863778423148358,0.2850475753392751,0.27827399829405686,0.28958471007811576,0.2675843913741368,0.30380540186474786,0.28947929171010933,0.1995488553334325,0.27174030128932375,0.5286174468299375,0.3027481246721531,0.25597420292832995,0.2796732992798615,0.3084757271796758,0.0,0.28696789433602665,0.2356856519043143,0.28894080198737426,0.2901658156197358,0.26990640642332214,0.1852803964185669,0.2720280892498299,0.253918716835865,0.2725290974772345,0.29025839308944396,0.23066760178661905,0.2792098101328031,0.2840114354182941,0.2644210966487738,0.30399925150828433,0.3474983715624448,0.28970576929372055,0.29382029801956544,0.28463806563734384,0.2752030258742209,0.27607665062196346,0.26360893132402247,0.3032807287497229,0.22745055104572964,0.28559569897597775,0.20694301987874583,0.2804409497632956
MYS,0.21095409744033522,0.21292285697734228,0.08365757838527306,0.11686604266517175,0.12940759266682705,0.11801672615352299,0.16693158928410684,0.12138248236128964,0.125489295507936,0.08142010813466428,0.3537113921405569,0.09908820692494268,0.12523239958993312,0.12096087092532626,0.10810789082116408,0.1132567866274674,0.10585425852987031,0.1546688310085056,0.08496328563362054,0.10183847443619679,0.1606058556019811,0.11712068639995998,0.1101630806397448,0.10798596717799241,0.12307446531034623,0.12953147931572798,0.11746516763543136,0.11616522698137972,0.10578416703628264,0.11812724922456949,0.13804725565018466,0.19026371686620985,0.11446065192298956,0.09273433603771444,0.09146934725560006,0.0999809204644051,0.12488160432066682,0.12286198161772514,0.10923442620297882,0.10808565705554773,0.10954539057495191,0.1238073049331772,0.13565554074513717,0.30182830901122776,0.11764730033348678,0.16832931398255999,0.11362210041418697,0.41111521624205827,0.1635904260024207,0.13873599233652228,0.08782435239966253,0.15155763920017423,0.28696789433602665,0.0,0.16283057531371634,0.11234963328151543,0.10759522750551316,0.10848590798435924,0.1387269783259321,0.09135383983323585,0.11510980388531451,0.1042701258639604,0.1253034092855933,0.11562172476870983,0.1097260303249222,0.11561871757122087,0.10529980133523058,0.14911580311000136,0.20588882221450397,0.12633503999497736,0.14150582470441872,0.11678141066109271,0.10994507136512026,0.11501526961173213,0.11654804717043345,0.14425022802437154,0.12326462695546343,0.09653945168301606,0.12669859055409582,0.09911241626753481
NGA,0.23130385775437876,0.2638362187366566,0.1468190689525125,0.1854735614925084,0.19325128873774478,0.1815896214979015,0.1794257923938379,0.1625905260196248,0.12339996036640875,0.16895973556543623,0.38927044328054894,0.1756792646299383,0.18713101523586392,0.17261086544603968,0.1753870783286557,0.13854328906607058,0.15636097058722295,0.16531916101737132,0.161605698513818,0.15990591062791296,0.21481085893502386,0.18088679018003556,0.1824654940780669,0.1757245672171337,0.20641095902628795,0.18917401658812555,0.17866688608646827,0.18522876985087672,0.17579460476376668,0.19099065048995198,0.19122592084288692,0.24022925406282417,0.16988587583605766,0.15682888114752655,0.1525574208516491,0.16434189670906274,0.19828357807680722,0.17313530964081508,0.17496644519313406,0.1778360847313364,0.16077290851637097,0.19142503124937837,0.17728661055695272,0.30267683641291043,0.19243493216658583,0.17189069124614198,0.17077182267181784,0.46792021389403576,0.21197176383915114,0.16767574460487386,0.1727755467551361,0.2168820671408213,0.2356856519043143,0.16283057531371634,0.0,0.18035822434287285,0.18358049150451952,0.16610861698057922,0.15333524542770427,0.15742370187376598,0.1195558497904088,0.16159037125476516,0.1890391658350093,0.14140009127484574,0.17407857427838835,0.1826181441365156,0.14656760562019794,0.21517431734810713,0.26818589690011485,0.19265488315148002,0.1995376942490798,0.18298069972124775,0.17079861583289965,0.17340368775611192,0.16998657390624922,0.2151946776343142,0.14259753224871857,0.17747094686865758,0.1615449863169069,0.17001832061734037
NLD,0.21477836203545148,0.19320127757328476,0.11388032242121336,0.05056866650449396,0.08515322600257023,0.054438883129524385,0.1648551522575594,0.07022793956822898,0.15549559910118885,0.09113867149332812,0.35341487033345487,0.08293920035342667,0.09752950801133159,0.09090762451512868,0.1140234084613402,0.12150366684206267,0.11536246041075167,0.17734727957512197,0.1099454425485853,0.09452907881725353,0.11374497119587995,0.05385284550256904,0.07740482294982434,0.07595681886075506,0.15346490975803603,0.06286309242505478,0.08977269344991538,0.08100690545158323,0.05117234159440852,0.05017235564927108,0.10968224279378971,0.17585486841057787,0.07187012827594196,0.0795262524787653,0.11381689000379289,0.10634540603954841,0.0739052834615499,0.10155396958949847,0.07919002076410606,0.05023607394727227,0.11382817944603682,0.105608196211884,0.11645562692286289,0.3033792934063938,0.10826456048372399,0.17959332368934577,0.07321950068513292,0.4177387274618269,0.09619426320013556,0.17817562438466175,0.09589683771406146,0.1332032240284992,0.28894080198737426,0.11234963328151543,0.18035822434287285,0.0,0.0695101908153412,0.07198705060940652,0.15824415738536413,0.10795963325994627,0.15850980344000432,0.05821615895530406,0.06825224388395502,0.09827318374352938,0.10355182456537906,0.0976177302157203,0.12067740539280508,0.1171930133430949,0.20421216996455388,0.07560772787350678,0.0628695465421445,0.0829648686104546,0.13452003119058378,0.10922894056675754,0.10229140017953808,0.1421170506764313,0.13326379658317355,0.07511987511189233,0.1457212878920486,0.08723636625606301
NOR,0.19593951444116914,0.19099855836186458,0.11178338483672538,0.07687850082973768,0.09733918192100569,0.0820896285061678,0.1637313973402814,0.0849491081465997,0.1592122802323725,0.08832826801192727,0.34970052658461503,0.07640869404750494,0.10504987295315968,0.09294663442759037,0.10714872042841672,0.11790645150291591,0.11067034348188866,0.17970834014022635,0.10247215775632397,0.10443863404681125,0.11630324983793357,0.07381405486306933,0.08634995384178352,0.06688411393084769,0.13029245235089185,0.08544934271420816,0.08931742031515665,0.08064307079671758,0.0767029995965843,0.07720134951915304,0.09557859162540122,0.18236158905936642,0.08076431821401149,0.08842986042341176,0.11055606263865397,0.10488547809202436,0.10734090696321179,0.10243448172530126,0.08590125420724802,0.06679410453708023,0.10733822608579704,0.10398633426290535,0.11180863357625617,0.30345368227777664,0.10465158076229998,0.18158908331596046,0.08604376804662349,0.4418701592271313,0.11632335316447287,0.18270966578733175,0.08412476666519786,0.13845501307214736,0.2901658156197358,0.10759522750551316,0.18358049150451952,0.0695101908153412,0.0,0.0891665890539064,0.1575299624812052,0.09717268686915505,0.16134420515515493,0.07493029325959003,0.08897073099033492,0.10309712668466547,0.09186231688789308,0.08975320718626313,0.12729250111538065,0.10718273070601124,0.22372035961147851,0.09345395749823349,0.08757585542688327,0.08186374549499965,0.1291495928485075,0.10743910582885878,0.10791195457977222,0.1401001409489067,0.13070533049815508,0.08202624681290363,0.14019279569270546,0.08987516420139642
NZL,0.2056438151346982,0.1992876658835235,0.09005906993742256,0.07157910375626614,0.07855857773864534,0.0863341777684785,0.1535964196708651,0.07322695679478095,0.12677783114084265,0.09055619118052213,0.35441550201243155,0.0924700957136635,0.09880627824907602,0.08881537867227426,0.10385348901514102,0.10934830839158537,0.10141686484742861,0.14563448194937845,0.09078902504445532,0.09039699876536904,0.13195747781299458,0.06955757919891782,0.09216208200201252,0.08712228655786657,0.14003453547941971,0.07821032523455809,0.09604916350343924,0.09196806411165089,0.07046067088153056,0.07334422790908837,0.11779767644910125,0.19717572719212118,0.0735126502497646,0.07900287783227541,0.09141061297304463,0.09571076423370257,0.10296960493871651,0.10219624116348434,0.09233446904428598,0.0720924275505816,0.11139962212206167,0.11293698462614948,0.11222871153113037,0.2987610861737777,0.11622148705457674,0.14921652666928692,0.07952282833962675,0.44526573793408836,0.10508325777491749,0.1435815711425235,0.09400498634716538,0.13324208955289105,0.26990640642332214,0.10848590798435924,0.16610861698057922,0.07198705060940652,0.0891665890539064,0.0,0.12822720270612714,0.09345400383750758,0.1292926000243449,0.06721435074071384,0.06738110442766461,0.0735607359946055,0.09704963060847896,0.10538280221735873,0.09729400788094762,0.13161513285216997,0.22850854332772766,0.08725864129642012,0.0899610085400656,0.09021922644388013,0.11807214197445098,0.10623574127378851,0.08161951614328948,0.15078601152877658,0.1255744602147503,0.09209666029027412,0.11967643397181219,0.08778513422006554
PAK,0.1900536597061305,0.23796170129169164,0.09394517113000368,0.1565973020873048,0.15051196002645562,0.1589420319451436,0.13364558873570673,0.13624912241133377,0.10198782273923801,0.12752002182061448,0.36970240816849587,0.14304716055851324,0.15482613147267094,0.14825807456497667,0.13208430902963983,0.13942806962976995,0.13204247811832986,0.11286815843865483,0.11974852619335838,0.1358932825184904,0.1932969287693769,0.1538655842912613,0.1498832529898635,0.1461021494072989,0.14588650133508402,0.16525583351402146,0.14643919437789688,0.1517347589602373,0.1437645056878706,0.15604915052680288,0.15785255704622173,0.23044908137449194,0.13457761036464388,0.11887740949939826,0.11938373396778398,0.09569486863438512,0.17305577507473469,0.1597086757104417,0.1507446944768957,0.14888531673800884,0.14716015971211388,0.1570525712241936,0.14628131217475673,0.2737776272166073,0.15601955694738773,0.10185197900080792,0.13783223061229968,0.4634198373575516,0.18542061447603153,0.12444544214356061,0.1359920920240909,0.18085492438624415,0.1852803964185669,0.1387269783259321,0.15333524542770427,0.15824415738536413,0.1575299624812052,0.12822720270612714,0.0,0.12683939591390644,0.12212951563578976,0.1387696087224575,0.15173099923485703,0.09454904590751691,0.1345061332528453,0.14877265681883517,0.11916092350702603,0.18197429380438473,0.25402423606846924,0.1566476200487898,0.17219087241556855,0.14841531820779036,0.13405465649245232,0.14219044322645227,0.11387232717810963,0.1807164251577801,0.11496207295821548,0.14700821446512974,0.0888688834878292,0.13925888465595512
PER,0.20494694452994267,0.2059214514921393,0.07162102403543676,0.10744191899412738,0.11711144753426019,0.10384083913128041,0.1400018574623269,0.10478656013507862,0.11564677635842664,0.0699141734565574,0.3496136739232514,0.07962072577622716,0.11651338154421328,0.08979714639885447,0.08432661720828853,0.08688330675761902,0.07316738496246082,0.13473066936474865,0.061223167577380215,0.09240427461432613,0.15957536770251798,0.10558977529605916,0.09847925162417627,0.09686551208877715,0.11478676218958371,0.11602982412518219,0.09814245434601765,0.09645878153182627,0.098144282048501,0.11227794179258857,0.11793595814176844,0.20801700293781666,0.09233974463151448,0.0812882904357624,0.07436627502176074,0.086786794286811,0.13614464738536924,0.1006975821777068,0.09321859367832723,0.09298806381014407,0.08794151642018393,0.10748381886361434,0.10926176794282001,0.2957034771560333,0.1092368210689311,0.1583783245315073,0.08896679132542819,0.4570879801306293,0.15377138419331055,0.13294806936469147,0.07321416885925221,0.14929442823977238,0.2720280892498299,0.09135383983323585,0.15742370187376598,0.10795963325994627,0.09717268686915505,0.09345400383750758,0.12683939591390644,0.0,0.11966976041819048,0.0896964044975669,0.1113252900906485,0.09421699145306398,0.0917459059147796,0.1036102443423528,0.08375430992960718,0.14324183129296927,0.2336162391591186,0.11901234840266821,0.1276871189143147,0.09768777120671969,0.09473287770021496,0.09465902162387597,0.0910473146254123,0.14590813712857262,0.11235935270861161,0.09242334666830505,0.10737286720638521,0.08263649047820497
PHL,0.22042898905097139,0.24255470739747428,0.09698504642533685,0.16335549114322057,0.1633040110721303,0.1589005011158295,0.16629128129746454,0.14658840442466226,0.07389592137661202,0.1282240325779337,0.37345393032216195,0.1515578535916122,0.1553504084496258,0.14470933624739693,0.13696055003606306,0.11450264017777771,0.11659811238204734,0.12518934247232902,0.11512698914038437,0.11716893206920412,0.1946979084007849,0.1561897646325913,0.1558960246217322,0.15080979821352297,0.16490309831520494,0.16420974099286975,0.15186497783459763,0.15321367434908112,0.14820373132968695,0.16533042511763887,0.16788515732071171,0.2139002361694975,0.14174244959787913,0.11977569716680793,0.09662393014921747,0.1294667129138384,0.17305072481197967,0.14784150957202535,0.14941640398682116,0.1522572795997812,0.13846499238050636,0.1630099799376233,0.16397197122868445,0.30430604263114375,0.1570835308742418,0.14549366322906315,0.14098055876289312,0.46370665119638543,0.19319137969569503,0.10158276866015355,0.13379632676380818,0.17721659490600156,0.253918716835865,0.11510980388531451,0.1195558497904088,0.15850980344000432,0.16134420515515493,0.1292926000243449,0.12212951563578976,0.11966976041819048,0.0,0.1351133763268206,0.15785073922450762,0.11915039916304486,0.1434269822993014,0.1536459207932444,0.09330095559663917,0.18352197737037615,0.2570084986571163,0.1644761650440398,0.17988924009451493,0.15707700017734583,0.11377964467914402,0.13996426621524144,0.13289950486335306,0.17542986705696562,0.13214134124840118,0.15416522407602157,0.12627182387371064,0.13648653592972496
POL,0.20614497587986166,0.18891639925512957,0.09428250319515552,0.06298023772457127,0.08728816614458715,0.0656993936448493,0.15047424454086702,0.04879682419463558,0.1308679081030722,0.07769319160379781,0.34599114704895095,0.08245505563058338,0.10205615719228078,0.09008344397665029,0.09434075562480414,0.09848975574746231,0.09459583645260633,0.15772290301056416,0.09429409298490792,0.08017420734524493,0.11984666501449938,0.05047751475820049,0.07781412819773305,0.07733030649694239,0.14185333270221065,0.0591053623141911,0.08240839303906058,0.0707148596242247,0.06397688685438578,0.07165832057141529,0.11010567948923686,0.17978395703787986,0.061419389594387155,0.06338958849238367,0.08682980014265132,0.08696475947136625,0.0950278940617161,0.09826943688943987,0.08492964200769242,0.04783727608324484,0.0970109204975256,0.09279581328053968,0.10817301361203732,0.29016375728148164,0.09834530153866161,0.1591341618049395,0.06017899266410992,0.4423642303242638,0.10052974094503248,0.15530342761641452,0.08018519201701652,0.13471807765074897,0.2725290974772345,0.1042701258639604,0.16159037125476516,0.05821615895530406,0.07493029325959003,0.06721435074071384,0.1387696087224575,0.0896964044975669,0.1351133763268206,0.0,0.06759948963551181,0.07411828623526849,0.08915165856926609,0.08983415003088252,0.1012432020710294,0.11688811775930044,0.22214552104924065,0.06604365636611563,0.0649187876059893,0.07825921567914569,0.1138890479989057,0.0955770264206572,0.08550073759578568,0.13660116706615866,0.11169134430124722,0.0859501888322695,0.1272989661732508,0.07850604407112212
PRT,0.20930814937370845,0.19470320683435466,0.11726673903298583,0.06590625344131944,0.054050077857659466,0.07851617995404717,0.15947111468830605,0.07196302011045322,0.15375141429921116,0.09747575516038379,0.3538145034541611,0.10166306406245078,0.0939851602409436,0.0977777179221425,0.10550777016002635,0.12403439390197527,0.12010517578990332,0.18094189794084262,0.10677919443105868,0.10530548184692616,0.11928777336080848,0.05895340486614194,0.09227723807164818,0.09341595338517426,0.14998768985637012,0.05094169008976176,0.09544925261437852,0.09195802178183295,0.06189800377417461,0.05084892986153685,0.1232512321546669,0.18737874483004105,0.07296089939182823,0.09221581140517983,0.10602540381360953,0.11123220423391583,0.09291421154425443,0.11053383398538517,0.10214591995773857,0.0592667669994823,0.11684171868570002,0.11278046668632943,0.1280909730006619,0.30417451264792306,0.11650413080626881,0.165013967847881,0.08347673870278781,0.4401368720846335,0.07833080122478679,0.1761356798589769,0.10488246717381335,0.12229423741862101,0.29025839308944396,0.1253034092855933,0.1890391658350093,0.06825224388395502,0.08897073099033492,0.06738110442766461,0.15173099923485703,0.1113252900906485,0.15785073922450762,0.06759948963551181,0.0,0.08231038686536177,0.09895621239485498,0.10153862311789287,0.1235567553619606,0.12377984097556717,0.22398981490951397,0.060115095488242856,0.06628075728953013,0.09853650327543344,0.12723327075724186,0.11730045398438192,0.07462228146148416,0.14919210624083498,0.14158852835462418,0.10337203303099372,0.1382164083030446,0.09834688077143373
ROU,0.18427077130492134,0.20594645158723413,0.08040423069617911,0.09534225804159338,0.08645101221343321,0.09952833385784113,0.13040308155496677,0.0692204034356959,0.10628474356452587,0.09248145984389823,0.35629798444724164,0.10115744112944594,0.10656885308834267,0.09750620910188769,0.08961656404307555,0.10198076061157545,0.1015299941350308,0.1327263725922751,0.09055283373838016,0.10215210837690945,0.1447340626198214,0.0849201898399773,0.10100757265294699,0.0993975453467098,0.1337929563946493,0.09416756483914615,0.09839389754982948,0.09926531238055057,0.08448163043375108,0.09402987256135922,0.12144356108268367,0.20398173291780486,0.07666864747690175,0.078269781152298,0.0888971280065624,0.07579859650070983,0.12262887561524627,0.11339726521373633,0.10519193368056785,0.08475082784963174,0.10384122716272422,0.11059823724769692,0.11353522351374386,0.2672670966338335,0.11514281860549445,0.11528494155055316,0.08686671937227802,0.4573083876584447,0.11836628481505684,0.13720951779571144,0.09769449015624282,0.13676428005738805,0.23066760178661905,0.11562172476870983,0.14140009127484574,0.09827318374352938,0.10309712668466547,0.0735607359946055,0.09454904590751691,0.09421699145306398,0.11915039916304486,0.07411828623526849,0.08231038686536177,0.0,0.08941293061561535,0.10896025998791428,0.09666586302238468,0.13811265023351404,0.23637834734132726,0.09051590831745364,0.10481751939714297,0.09991583297399617,0.11003287656649136,0.10809262000015697,0.06285417298218285,0.14590025280531396,0.09379188633107571,0.10753285326128834,0.09459703832710636,0.09653474883912638
RUS,0.1927782826049589,0.1870478102705284,0.09775004299688543,0.10923663946627979,0.08969276889730794,0.0976865947150866,0.15765745918871896,0.10283142266838072,0.14534915293205633,0.07409694885491826,0.33996536556789214,0.08146227406413697,0.09707943404734717,0.08887177588781896,0.09059101476621882,0.10789903094560942,0.10195485706234748,0.1647946922084804,0.08957405919050683,0.10596586764998361,0.16074786034613867,0.09548022516528766,0.08768008411475171,0.09265017019532525,0.11580235502179687,0.11264333908881238,0.09419446481146605,0.0923235240951479,0.08608046584076987,0.09772371448623458,0.11339963832332008,0.19596921379439763,0.0828840472204002,0.08056614652478333,0.0954557901154068,0.096746181457138,0.13445785670827046,0.10820789116882829,0.09294417218469939,0.0894401195228721,0.09974929855374641,0.0972884178890925,0.10729667325195316,0.28823330317025514,0.10375287383436516,0.1524371616733666,0.08973029914100487,0.45032052175909654,0.140778311150973,0.16554676061212215,0.08228780075413372,0.1357133708484372,0.2792098101328031,0.1097260303249222,0.17407857427838835,0.10355182456537906,0.09186231688789308,0.09704963060847896,0.1345061332528453,0.0917459059147796,0.1434269822993014,0.08915165856926609,0.09895621239485498,0.08941293061561535,0.0,0.1005108806880752,0.11663783718686786,0.12817330059899004,0.2293155910256582,0.09622067661556938,0.12206286390342862,0.08626472660222795,0.1134602063180088,0.10331334211694312,0.08426631743732649,0.13673820462590588,0.11244420830405413,0.08884779419737641,0.12800171638364868,0.08362369415372976
SAU,0.20729534881586956,0.1996253473083285,0.1092437077788363,0.09943214184570746,0.11089985378428414,0.10085495727228545,0.1625022119457938,0.10012200639985543,0.15939679711917154,0.08496085300144524,0.35015127209435626,0.08343763482804811,0.10963824567974344,0.10890787562954775,0.11180369836671528,0.125258141739398,0.11364280452322217,0.17477563416994493,0.10216241280474316,0.09448327171313954,0.14409535294245615,0.09861022442333171,0.102194179045436,0.09157146025333963,0.13705811577633134,0.10643617249303033,0.09939269404982663,0.09749342396890208,0.0934466179769177,0.10141992463209686,0.11665255106120409,0.1635998609704016,0.08668670453710982,0.08798140642621327,0.10473928413672902,0.10401325065261023,0.13030861861296292,0.11673913161859807,0.09273752125030578,0.08708472184583653,0.10866491182504698,0.10807248971064903,0.10940767955733931,0.3011326390119589,0.11823390947376321,0.1708252637570165,0.09519660370300681,0.45149179153952956,0.13767663866071395,0.17576765160441093,0.08998319200439417,0.14850870849427578,0.2840114354182941,0.11561871757122087,0.1826181441365156,0.0976177302157203,0.08975320718626313,0.10538280221735873,0.14877265681883517,0.1036102443423528,0.1536459207932444,0.08983415003088252,0.10153862311789287,0.10896025998791428,0.1005108806880752,0.0,0.12574293108837034,0.1302793075671109,0.2215457787060664,0.10663472460619497,0.1077453814344882,0.09804118893664411,0.1289918294458649,0.11231958770557089,0.11180932770416142,0.14354176490470033,0.12824858479448692,0.09620328392447212,0.13917433970118798,0.09209824494652001
SEN,0.21903624999846366,0.22343311680642644,0.07012189535674314,0.12366000012867251,0.1350165353495477,0.11831719167824777,0.14886108264323855,0.11324624821547682,0.0917797060382244,0.10192979496384491,0.3642203286226232,0.11726460094832104,0.1359179685712819,0.11088506999201464,0.11086848103682342,0.10027872030679973,0.08431301365881494,0.12212765718790988,0.08543249220058843,0.0918616302904038,0.16126074556128858,0.11968305841555352,0.12023094945387872,0.11852829172439107,0.14333196043189614,0.12473076273355674,0.1123093662132268,0.12061716477140726,0.114907742022361,0.13190647260773594,0.13204252867368077,0.21831838665613246,0.10172373573901144,0.09524008169950184,0.08024938312044325,0.09675214634894887,0.14433853687640094,0.11966397569722495,0.11654133023904004,0.11408900865081867,0.1013528070509552,0.12962297589877425,0.1366699126319624,0.292602384185728,0.13045865072441973,0.1503277203095356,0.10163665331150085,0.4634445063451631,0.1571226491437695,0.09091213058953779,0.10760316835111719,0.16557204038991138,0.2644210966487738,0.10529980133523058,0.14656760562019794,0.12067740539280508,0.12729250111538065,0.09729400788094762,0.11916092350702603,0.08375430992960718,0.09330095559663917,0.1012432020710294,0.1235567553619606,0.09666586302238468,0.11663783718686786,0.12574293108837034,0.0,0.1625587831753442,0.24680649970581403,0.133180926799409,0.13950955407930998,0.12181328212414477,0.11198719144326598,0.1084869507514899,0.10470313324910134,0.16281209272830158,0.11977279145420562,0.12129414448917494,0.11462590312435202,0.10683993183116276
SGP,0.22861392393414284,0.17367411062135424,0.1491797440768866,0.12726009924054213,0.12914554059617556,0.1089882650188527,0.18743330173968054,0.1270184410233644,0.1856371576243415,0.1196875383563807,0.3238733176596822,0.12426464139404977,0.11900661200762044,0.13051957159763972,0.12365032935238382,0.1476087077092744,0.14581446870700188,0.20683959130234283,0.14156190194195636,0.1396085770639972,0.1401452022652294,0.11698691810013594,0.11878712555720544,0.11170680728640327,0.15285360145521523,0.12504800688661152,0.12747431313172028,0.09964531435495995,0.11792229963940508,0.1218323933063679,0.11466429175119644,0.19330300987799676,0.11965410533572164,0.11756825928902788,0.14012214173610016,0.13848138985036515,0.1334658868760737,0.13975169649042918,0.1130778856967229,0.11047679390804942,0.1433412055699472,0.12434115883894283,0.1459826660019417,0.3146780161663238,0.10880570369391654,0.1999672814473883,0.11626293306340332,0.45990817072603746,0.1504760560163922,0.208551450315565,0.11254638851680122,0.13881092916799437,0.30399925150828433,0.14911580311000136,0.21517431734810713,0.1171930133430949,0.10718273070601124,0.13161513285216997,0.18197429380438473,0.14324183129296927,0.18352197737037615,0.11688811775930044,0.12377984097556717,0.13811265023351404,0.12817330059899004,0.1302793075671109,0.1625587831753442,0.0,0.2466146528311013,0.11997130067635339,0.12781757764461274,0.11926086791276483,0.13579159911900715,0.1387924355549672,0.1332513153375423,0.11601021672927357,0.15986017682340756,0.12546036752342882,0.17045647979222703,0.12532865870909476
STP,0.2952751496467249,0.2862302667346599,0.2320686298207276,0.21156911936685996,0.2229676285121456,0.21438866394011832,0.2560257806289056,0.2278063812205493,0.25774998581960323,0.21510790585364387,0.4071517247735767,0.20982060186289278,0.22055612372228045,0.22899064753186996,0.2350881531990277,0.23792931427414424,0.2378479923470688,0.27286239573609056,0.2298631432439547,0.2173725524891482,0.23327232220375788,0.22510029836180803,0.20836000142211925,0.21835290060274587,0.2566545072959624,0.2312227489109079,0.21948610736887286,0.22486449829753255,0.19904370328865562,0.2057705825551207,0.22906357760170398,0.24019845602773618,0.22375884760780648,0.20927154894142935,0.2361934409222526,0.2211975441470225,0.19281128445477405,0.2221228085719114,0.21150291395290005,0.21236171955783367,0.22831687850846547,0.2304233450282884,0.23371035575554291,0.3609389082759886,0.22332933518409803,0.2618325097381574,0.22446525299130082,0.29676748468378256,0.2459285204349915,0.27231026552430304,0.2287541348117856,0.23622540352738877,0.3474983715624448,0.20588882221450397,0.26818589690011485,0.20421216996455388,0.22372035961147851,0.22850854332772766,0.25402423606846924,0.2336162391591186,0.2570084986571163,0.22214552104924065,0.22398981490951397,0.23637834734132726,0.2293155910256582,0.2215457787060664,0.24680649970581403,0.2466146528311013,0.0,0.22316052834901903,0.23388796808540233,0.22169441108289564,0.24210824951474064,0.22599481164836235,0.2307008462284173,0.24197452944478107,0.23682008082667202,0.19417584783528039,0.24613677350295857,0.20386023125804054
SVK,0.20965426031610568,0.18799862718750604,0.12132131140759408,0.0810834230170938,0.07122968187620242,0.07817230598024115,0.16776307136894097,0.08111735936083553,0.1602865966811609,0.09436528746111747,0.34638603118794103,0.101220934361563,0.10024454233305356,0.10320998566365758,0.10310403686468914,0.12806953538999755,0.1269442471343605,0.18402720102506348,0.11757707122899166,0.11321339893055808,0.12934816598675464,0.05803712241004825,0.07832020784340026,0.09795934417449298,0.15028478050893,0.06814149666898527,0.09195397269123126,0.08732161961276805,0.07003815939557179,0.06883744676360182,0.1267851910921431,0.18533802638521826,0.08070057926790296,0.08511171685256164,0.11439094093135811,0.11241833255299948,0.10133089351477723,0.11671858219497439,0.10415462741465792,0.06442235105526761,0.12099660002314906,0.09629908965193591,0.12560447676128292,0.29616149840406575,0.10100258021353826,0.16970048117412365,0.0877025493882996,0.4399568759497656,0.09088121978521727,0.1830007010946139,0.10092636705688093,0.12441657140475504,0.28970576929372055,0.12633503999497736,0.19265488315148002,0.07560772787350678,0.09345395749823349,0.08725864129642012,0.1566476200487898,0.11901234840266821,0.1644761650440398,0.06604365636611563,0.060115095488242856,0.09051590831745364,0.09622067661556938,0.10663472460619497,0.133180926799409,0.11997130067635339,0.22316052834901903,0.0,0.07405302425305368,0.09096464837722011,0.12837959458569534,0.11628000859292514,0.08880102115671751,0.14063515033984894,0.13600302607292403,0.1010256694677733,0.14436996126849652,0.09728702148493702
SVN,0.22306684553700393,0.19851705230405736,0.13387348286327996,0.0629578539993223,0.09721549017585403,0.08111853855453768,0.17065865979455416,0.0679721412127741,0.1718328902256552,0.11685778835005278,0.35980161885003537,0.11171639510002451,0.12220739374978838,0.11624958247958954,0.1258404032389661,0.14072971020388267,0.13557025563347777,0.19123560341565893,0.13198269706643403,0.11652238187651266,0.11046795761936243,0.056583438221127255,0.10551058046434594,0.09983433910921229,0.16812174933521182,0.048308858932849925,0.1039477107827434,0.09517654317156299,0.08336973779894329,0.07325197290743757,0.1309314836914829,0.18918680400477936,0.08080808233639131,0.10556718539881071,0.12861587797731444,0.12138661840455055,0.09472885989594662,0.12374316103183731,0.11071297295113064,0.062387235419947534,0.12991510499468953,0.12193335499608182,0.13247139169617062,0.3082043949789659,0.12732514065415443,0.19026007333411518,0.08811346457673014,0.4490520441605495,0.07704323675023779,0.1941028091360852,0.11559621403633506,0.14536379461654544,0.29382029801956544,0.14150582470441872,0.1995376942490798,0.0628695465421445,0.08757585542688327,0.0899610085400656,0.17219087241556855,0.1276871189143147,0.17988924009451493,0.0649187876059893,0.06628075728953013,0.10481751939714297,0.12206286390342862,0.1077453814344882,0.13950955407930998,0.12781757764461274,0.23388796808540233,0.07405302425305368,0.0,0.10654147124114438,0.15017133208223188,0.1272290432042293,0.11102349774399024,0.15930744925945914,0.15063749808626484,0.11394208734615786,0.15662072173046132,0.1153863436515857
SWE,0.2089516092503712,0.19626980244415373,0.10748101656340801,0.09572149046013001,0.08448400245564193,0.08216325270790724,0.15843385121988438,0.09588870292800548,0.15464317275245873,0.07888225357922844,0.3467123246746181,0.06351470044047026,0.0856373984055033,0.07423488408128188,0.09100301290211275,0.10473981269619191,0.10368677834681582,0.1708695676969149,0.10206739839614944,0.10182566567158857,0.15216053909313446,0.07325104995487146,0.05913837054757804,0.07739588803855516,0.14234616225360305,0.10615933233656215,0.0725880378989244,0.05985679241853974,0.07193808300439553,0.08808919067707253,0.09504536336842336,0.18521096873067347,0.08083584859624054,0.06591513852727189,0.10302151989175184,0.10005650645604118,0.12029955774719779,0.10063667975778372,0.0656026667799439,0.07165499560320092,0.10300744526981324,0.07417053641129458,0.10747777667595215,0.28805847589542166,0.08498962265413264,0.1697527134375511,0.08611055840072078,0.4436030626288951,0.13420752146873183,0.17433184977153796,0.08603452056931446,0.1308936074404184,0.28463806563734384,0.11678141066109271,0.18298069972124775,0.0829648686104546,0.08186374549499965,0.09021922644388013,0.14841531820779036,0.09768777120671969,0.15707700017734583,0.07825921567914569,0.09853650327543344,0.09991583297399617,0.08626472660222795,0.09804118893664411,0.12181328212414477,0.11926086791276483,0.22169441108289564,0.09096464837722011,0.10654147124114438,0.0,0.12041505582228784,0.09608097679351822,0.09615206287140006,0.12494033721468494,0.1190241458414112,0.06840784021736515,0.13913268415578994,0.07192344177096245
THA,0.2151596910906991,0.21750896053028612,0.0978972108812274,0.1387185996748436,0.13015932679781309,0.131446256309115,0.14723163943548384,0.12815757678254966,0.12284857371937491,0.09702366853281137,0.35701577863882106,0.11457631742344203,0.12289022204323895,0.11727890850523731,0.08088761490721808,0.11333000841104593,0.10451427623409489,0.15643545188519664,0.09778351805466971,0.11703697077828937,0.1765702637271282,0.12528329156731388,0.11805882171013829,0.1226974933675274,0.13706769399038427,0.13766894275620023,0.12345244471881935,0.10328549020209817,0.1205593767983992,0.13523641794208804,0.13831801408453714,0.21293951000625058,0.11620665563603783,0.09272728904985819,0.08915524941931054,0.1087178819797308,0.14498113573271165,0.12977221463009914,0.11360645769714409,0.11790334263347459,0.1159400047142322,0.11470130128216663,0.1407871070868258,0.30015652686553607,0.09723934322734505,0.15897168556774963,0.11884183968603816,0.4620922670132598,0.17217387709202228,0.14277478956232695,0.09170945125010106,0.12396967808070093,0.2752030258742209,0.10994507136512026,0.17079861583289965,0.13452003119058378,0.1291495928485075,0.11807214197445098,0.13405465649245232,0.09473287770021496,0.11377964467914402,0.1138890479989057,0.12723327075724186,0.11003287656649136,0.1134602063180088,0.1289918294458649,0.11198719144326598,0.13579159911900715,0.24210824951474064,0.12837959458569534,0.15017133208223188,0.12041505582228784,0.0,0.11749202025588136,0.10356357645278196,0.11118378719992748,0.13105262232330403,0.12002623848721233,0.11605017363993424,0.10829892987430459
TUN,0.21210056982221762,0.2064963277788177,0.10230168839953487,0.11575605021259455,0.12009628774270904,0.10749805344692206,0.1489711222065331,0.11004009904388347,0.1391159441685446,0.09238105675423937,0.34576017340003656,0.09289597643878764,0.11836641757816016,0.10203272134146134,0.1006921302027304,0.1051876606035515,0.09256732822006684,0.15669131250462165,0.10334085276091429,0.10717650961292545,0.15972726776046714,0.10620313306341514,0.09811386297386118,0.10263661957574607,0.14129566416853545,0.12243547589282541,0.09742977433394112,0.09797259364856004,0.09988874312062376,0.11602653931342201,0.12099341183315346,0.20258033896413197,0.09823109352737894,0.085914734418609,0.09754966704116796,0.10141445715450643,0.13711651659901003,0.11112671450646595,0.09682526564153411,0.09608256276625533,0.10048812449553966,0.10906846850429844,0.12005931995737697,0.2967923067747316,0.11029435921001188,0.1638595956979869,0.0940073940560012,0.4509215666967657,0.15284764145805424,0.15445778378117814,0.09947992769658034,0.1489626193499208,0.27607665062196346,0.11501526961173213,0.17340368775611192,0.10922894056675754,0.10743910582885878,0.10623574127378851,0.14219044322645227,0.09465902162387597,0.13996426621524144,0.0955770264206572,0.11730045398438192,0.10809262000015697,0.10331334211694312,0.11231958770557089,0.1084869507514899,0.1387924355549672,0.22599481164836235,0.11628000859292514,0.1272290432042293,0.09608097679351822,0.11749202025588136,0.0,0.10186734452976381,0.14646315658977563,0.12376173380860427,0.09822161877629419,0.12901261200072422,0.0839702436477691
TUR,0.19685061360701675,0.20448389707013195,0.08921693908918761,0.10298011386249423,0.07265366696415307,0.10210394786859374,0.12961606943757079,0.09026809538561288,0.1233462619973936,0.0847633659492956,0.35307648628735355,0.09749608750877668,0.0970788044323697,0.0958625984988975,0.07701959990264699,0.10736038385499361,0.10032102165134583,0.14765876327824673,0.08618994574017272,0.10312127873447959,0.15016283821010706,0.0891646068117397,0.09495814959278062,0.10038930605278183,0.1280850473966432,0.09886096523708252,0.09598839727651128,0.09723556825851826,0.07992733152767595,0.09131069566476754,0.11631379519048922,0.20398300649507456,0.08383061710086831,0.08359424399271054,0.08256957281924875,0.08661428662132742,0.1261945275139494,0.11138385560461488,0.10337871395469975,0.08355087946985736,0.10724842871142092,0.10503489305774331,0.12119870925633387,0.27969779056065197,0.10600028777676934,0.13361251088466078,0.08734438803948023,0.4497232211719951,0.1236060825133164,0.1451298321810388,0.09547388980717011,0.12803496995769836,0.26360893132402247,0.11654804717043345,0.16998657390624922,0.10229140017953808,0.10791195457977222,0.08161951614328948,0.11387232717810963,0.0910473146254123,0.13289950486335306,0.08550073759578568,0.07462228146148416,0.06285417298218285,0.08426631743732649,0.11180932770416142,0.10470313324910134,0.1332513153375423,0.2307008462284173,0.08880102115671751,0.11102349774399024,0.09615206287140006,0.10356357645278196,0.10186734452976381,0.0,0.14098861214904498,0.11631738040427696,0.10448080260711697,0.10522237309609257,0.09085664437027487
TWN,0.2358104239550898,0.2157281763127653,0.14513233684466126,0.15115493440511835,0.14488425230149823,0.13493586384285455,0.1874869741911487,0.14785963827303325,0.1839323062227042,0.12332257021575384,0.3548138752282175,0.12895761019789762,0.13189092049504864,0.13953748398993093,0.10320836550596424,0.15533840935787566,0.153065255333872,0.20394672380065565,0.14311618598581363,0.1507717828769596,0.18625943230997102,0.13681725884399726,0.1257886289830538,0.13872066101640992,0.1706558580723505,0.15412932995894826,0.14118479240270546,0.10474068738325011,0.1364088338774887,0.1467073701792174,0.14572996628484453,0.20849908184422128,0.13766583630960771,0.11924986670111426,0.14243150456632192,0.13657367114904398,0.15214157791021843,0.15244898369623777,0.11457930094390723,0.12791258554483279,0.1460662350152828,0.1044003689515808,0.157246121821947,0.2711814433317274,0.08584794585601517,0.20181589197563557,0.1393631365416417,0.4500426460455486,0.18484686076421125,0.20074515665623535,0.11459329055199728,0.13537496982307134,0.3032807287497229,0.14425022802437154,0.2151946776343142,0.1421170506764313,0.1401001409489067,0.15078601152877658,0.1807164251577801,0.14590813712857262,0.17542986705696562,0.13660116706615866,0.14919210624083498,0.14590025280531396,0.13673820462590588,0.14354176490470033,0.16281209272830158,0.11601021672927357,0.24197452944478107,0.14063515033984894,0.15930744925945914,0.12494033721468494,0.11118378719992748,0.14646315658977563,0.14098861214904498,0.0,0.14118775447687643,0.12690386223693587,0.1676101807174518,0.12835904647600957
UKR,0.1993422438334218,0.22285305105901165,0.09844325561666706,0.13619612379550927,0.13942272358892477,0.12945367353898032,0.1477718989029556,0.11583808120868822,0.12596709332229988,0.10761854334509491,0.35954686098622884,0.11338494847014562,0.13859427564452187,0.12602787937429635,0.1128604380919446,0.11636181587855195,0.11681888092798072,0.13909633712218963,0.11814324745855563,0.12481444823463016,0.18027563973923405,0.1284767982555389,0.12260051383569306,0.1233248333557903,0.1477450083079699,0.14376424464709173,0.127624921070952,0.12266531632845247,0.12261162688592592,0.14004826081104066,0.140087497271409,0.21286183704836556,0.12044782185140983,0.10163688905727858,0.11782723315342779,0.09646166893288188,0.1564850046608546,0.13632788019391479,0.12193451447384605,0.1195030468901297,0.12014954821091212,0.10917323823494615,0.12473367684269669,0.22335423234624907,0.12365660880301503,0.14268931465134652,0.11573490042892362,0.45498128100599017,0.17224185916158238,0.15535791539180477,0.1119415454861406,0.17135349061863706,0.22745055104572964,0.12326462695546343,0.14259753224871857,0.13326379658317355,0.13070533049815508,0.1255744602147503,0.11496207295821548,0.11235935270861161,0.13214134124840118,0.11169134430124722,0.14158852835462418,0.09379188633107571,0.11244420830405413,0.12824858479448692,0.11977279145420562,0.15986017682340756,0.23682008082667202,0.13600302607292403,0.15063749808626484,0.1190241458414112,0.13105262232330403,0.12376173380860427,0.11631738040427696,0.14118775447687643,0.0,0.11950089213753276,0.11958261556184037,0.11229033478698008
USA,0.2090294739476031,0.1986158024092171,0.09857493246726391,0.09097576880334354,0.09648147925287802,0.08009953157402248,0.1600249280016199,0.1047491002459024,0.15346669612514843,0.0671302238994478,0.346418500848021,0.05243348875613803,0.08839585828042318,0.08337817708469154,0.09586690924545756,0.11263525488233045,0.10515673465838711,0.17197591367445714,0.09082411417183976,0.09878191941535475,0.15238761599629105,0.08780656617990677,0.06167016181114233,0.07392480689940302,0.13315048475426733,0.1120853801556031,0.08904252914208555,0.07967964034569561,0.06580828351844024,0.08046785684725619,0.1027033180997325,0.18196526648700864,0.08419244763010175,0.06575175866565568,0.10561986288294276,0.09643153147622299,0.10488729068080974,0.1008768656430313,0.05885655710565663,0.07300112689449355,0.10207643971733531,0.08719109421302709,0.10574192262089917,0.2970797541230653,0.08928387877413475,0.17211351975751554,0.08795569409482588,0.4105392331193882,0.14616557510522865,0.17215875514322027,0.07763673401705015,0.13589181370319947,0.28559569897597775,0.09653945168301606,0.17747094686865758,0.07511987511189233,0.08202624681290363,0.09209666029027412,0.14700821446512974,0.09242334666830505,0.15416522407602157,0.0859501888322695,0.10337203303099372,0.10753285326128834,0.08884779419737641,0.09620328392447212,0.12129414448917494,0.12546036752342882,0.19417584783528039,0.1010256694677733,0.11394208734615786,0.06840784021736515,0.12002623848721233,0.09822161877629419,0.10448080260711697,0.12690386223693587,0.11950089213753276,0.0,0.13579386863351198,0.06430956928757472
VNM,0.19599842485329186,0.22513539469560492,0.09137578560877546,0.1441894470015167,0.1445946885089254,0.14516099979035538,0.08970486950038246,0.12443256966721232,0.10538959503319464,0.11613736109404826,0.36036734057226477,0.1306792708284918,0.150537488039139,0.13636632921325367,0.10767425846942437,0.1250562378273687,0.12304968368617922,0.1291360741726978,0.10649859709350533,0.13255876110038495,0.18166399077186504,0.14086536873974084,0.14027172543859937,0.13645575406270288,0.13466034691612508,0.1494841800988185,0.13701462376067494,0.1393593751380478,0.13533132318159588,0.14572300081398443,0.15216175022307812,0.2300787123631054,0.1252389521569866,0.11504292011521447,0.10737549235840149,0.09013969880273874,0.1602553302260465,0.14194184743816465,0.14041773180739242,0.13120507203208748,0.13303206860831468,0.1458237607310626,0.13840807880535808,0.2742774063392357,0.14173101656467937,0.12094536534462602,0.1274860933786178,0.4580286565203599,0.17373226603511857,0.12872658942723955,0.12042010570208009,0.1723971109227707,0.20694301987874583,0.12669859055409582,0.1615449863169069,0.1457212878920486,0.14019279569270546,0.11967643397181219,0.0888688834878292,0.10737286720638521,0.12627182387371064,0.1272989661732508,0.1382164083030446,0.09459703832710636,0.12800171638364868,0.13917433970118798,0.11462590312435202,0.17045647979222703,0.24613677350295857,0.14436996126849652,0.15662072173046132,0.13913268415578994,0.11605017363993424,0.12901261200072422,0.10522237309609257,0.1676101807174518,0.11958261556184037,0.13579386863351198,0.0,0.12872814925984125
ZAF,0.20712597094231383,0.19466977952454895,0.09119372083239845,0.09522901218622255,0.09754414256410392,0.08825088862022394,0.15387109078630645,0.09771043749796098,0.1364787712940723,0.06608732364788962,0.34150624619024705,0.06356007824990716,0.09562319271193277,0.08356091310295347,0.0850575036851141,0.0979768059872828,0.09115155820490517,0.15807452624546442,0.08423353404186447,0.08936404052816088,0.1528070812802646,0.0863675408695109,0.07138987648191121,0.08131779157287067,0.13289272289748488,0.10798961574902849,0.08796206144424495,0.07821983982080799,0.07453569425122367,0.09208110294068976,0.10164064501827673,0.18718779121376206,0.08123886835228097,0.06055598191074983,0.08875277141938523,0.08832173699720414,0.11926917994411833,0.09778609902730445,0.06949596259985717,0.07420417264677732,0.0913089859908248,0.08460003051566245,0.10516967323340987,0.29210656493133136,0.0884325850267333,0.16018790982218004,0.08160945201041934,0.43196893007296844,0.1456877878579113,0.1544154920716015,0.07872461178658331,0.135164987530421,0.2804409497632956,0.09911241626753481,0.17001832061734037,0.08723636625606301,0.08987516420139642,0.08778513422006554,0.13925888465595512,0.08263649047820497,0.13648653592972496,0.07850604407112212,0.09834688077143373,0.09653474883912638,0.08362369415372976,0.09209824494652001,0.10683993183116276,0.12532865870909476,0.20386023125804054,0.09728702148493702,0.1153863436515857,0.07192344177096245,0.10829892987430459,0.0839702436477691,0.09085664437027487,0.12835904647600957,0.11229033478698008,0.06430956928757472,0.12872814925984125,0.0
