,AGO,ARE,ARG,AUS,AUT,BEL,BGD,BGR,BLR,BRA,BRN,CAN,CHE,CHL,CHN,CIV,CMR,COD,COL,CRI,CYP,CZE,DEU,DNK,EGY,ESP,EST,FIN,FRA,GBR,GRC,HKG,HRV,HUN,IDN,IND,IRL,ISL,ISR,ITA,JOR,JPN,KAZ,KHM,KOR,LAO,LTU,LUX,LVA,MAR,MEX,MLT,MMR,MYS,NGA,NLD,NOR,NZL,PAK,PER,PHL,POL,PRT,ROU,RUS,SAU,SEN,SGP,STP,SVK,SVN,SWE,THA,TUN,TUR,TWN,UKR,USA,VNM,ZAF
AGO,0.0,0.21135517089393685,0.20866165815344925,0.2244391205422099,0.21895117938997177,0.22292320235533963,0.23282936755069983,0.21169218906121004,0.23596186409292377,0.21265678966176232,0.3062531442580158,0.20533084489914918,0.222314927156523,0.21871747528562427,0.21362252888092098,0.23071287536196175,0.2102899751004727,0.2752888871463202,0.21460570047282543,0.21638964584755313,0.25817029543078995,0.21795011919908092,0.21355453511440192,0.21571076263923597,0.21125428114624534,0.21280857724483426,0.21304509270045804,0.2103106997757775,0.21932166176209764,0.2230296262211189,0.2158147875349871,0.25452812269658887,0.21040746411718886,0.20863228914569332,0.20220392614645097,0.20924228275340645,0.23906160687645645,0.2227881268743679,0.215258304921658,0.21127316578695352,0.21717135102178164,0.2150017775499426,0.18869816014313276,0.33856706696854666,0.21768556704171974,0.22725911178353644,0.21415215369948393,0.4646956373090032,0.2313984262386801,0.24545471146846845,0.20829418166056984,0.2763230305692995,0.3312319640590462,0.19489933960285902,0.24612780513363414,0.21765407484975752,0.21400904336018467,0.2246280255386131,0.22462859274649635,0.20883527519433834,0.24425901013294732,0.21453442686435342,0.22008454918767395,0.20645818814865086,0.20837723003006547,0.20997312959111808,0.22497229119188497,0.23662301796970234,0.2972693202794228,0.23204729906595029,0.21629173859415518,0.2148139314099182,0.21736233061080096,0.21028842822503951,0.21832202273816906,0.23226658638849268,0.22209546130346308,0.21037601545194462,0.2392128113372141,0.21088828085256817
ARE,0.21135517089393685,0.0,0.15907514079490842,0.10890146556599814,0.1210462844169922,0.10485528305031128,0.18296450492544222,0.11968912533528545,0.18168884572119182,0.11848508654257979,0.2240863674171612,0.13576350710884044,0.14153352380002854,0.13475767718583034,0.14164044260885855,0.1644863972149232,0.1558944534046844,0.227556557708999,0.11771563960726544,0.1415486554915079,0.18590158265532117,0.12359040890608944,0.13538249385738327,0.12816797280435105,0.19783026092199257,0.12394518347293222,0.13731970835194438,0.11701900607899808,0.12525317927212223,0.11690801134461742,0.14200229328043948,0.1726173573122809,0.12445670177626458,0.131627218674477,0.15002675629250967,0.13963301047508508,0.17310082873160154,0.15107751593723298,0.13666495804232262,0.1164822669680106,0.1388262107554443,0.14160355316976841,0.15799152507470957,0.30664500725537785,0.14282557678698427,0.1955977633921453,0.1372561769165444,0.4341470474447036,0.13853129349906343,0.20261173180277578,0.129483076284853,0.20915963957962758,0.32345441201040054,0.15047086371838725,0.19224238273198255,0.12325160208734416,0.10620642379688004,0.12051128343420398,0.1882214743647832,0.14267382320264288,0.1909329754622007,0.11008457069229494,0.13005639665042415,0.12882569869897242,0.1292342047675903,0.1468591470117285,0.1660695917850524,0.1397267667741473,0.25219750822047005,0.13605071264011365,0.11283954622911661,0.1317002740114741,0.15747507837948851,0.15575053467226954,0.1455142713006593,0.16207215060725189,0.175120850111385,0.14205190219643915,0.17839380022390475,0.13421278293309255
ARG,0.20866165815344925,0.15907514079490842,0.0,0.12770224605591443,0.11860032948556926,0.1187969995883702,0.1347276558780045,0.10056376311827585,0.08468028247850228,0.07615354510477498,0.25896327245837814,0.09794087926920662,0.11930092435265478,0.10898290495958372,0.09080148118463646,0.0942835899548071,0.07692140341246584,0.17958452737788363,0.08090283731900622,0.09033725605383391,0.17701863754391192,0.11638050232323291,0.11165678315690944,0.11527374908671317,0.12910438039537742,0.08678778784070995,0.11731174437511578,0.10884868593060615,0.1159424156387906,0.12945644329089215,0.10406912106149448,0.1823564817240212,0.0907672149854552,0.0762314587564311,0.0776014125529823,0.07701756888817236,0.1416966287496984,0.12025043653524442,0.10735392050505277,0.10216088195646064,0.09579477768036174,0.10983951559780099,0.1272311287410757,0.2829174426182847,0.11274202463294103,0.140631982007423,0.09282421288627693,0.4241583439845477,0.1445562776467973,0.0984177179929469,0.08127313611654198,0.2110536560887679,0.2749581121306008,0.08831743205247895,0.13573261442633167,0.11134446082278596,0.12529134144681178,0.10706699789261816,0.10578048680396977,0.06903644061892407,0.10840249829837459,0.0974703985408028,0.10925141878506527,0.08700619926773581,0.09957991156344241,0.11749913049549679,0.07271415736358723,0.15616276679505378,0.23370170865369055,0.1425045595531854,0.1174794147524146,0.11739026451910023,0.0942917675161465,0.07467405566164788,0.09968289191513191,0.13804556979264015,0.10196472997027246,0.10484696815700628,0.14151038312988207,0.08933115361999154
AUS,0.2244391205422099,0.10890146556599814,0.12770224605591443,0.0,0.07747406321985242,0.059996061825322716,0.15574822579530118,0.07837401159426526,0.15218892565275263,0.10235636516712582,0.2570280955946415,0.09677769894945669,0.1037625731452921,0.09090848277610301,0.1166768862620159,0.14907402858105598,0.12721842476127107,0.2013924111149576,0.09043384010933982,0.10238009570729119,0.1599190797140647,0.08388219065978524,0.09960067245669534,0.08639706130417374,0.17690195795387698,0.08090531915409935,0.1041921062935827,0.08649497340010945,0.07003552904709269,0.0597031918744609,0.11268422916077205,0.15139473539123033,0.08691508838754385,0.09651125364933551,0.1295555297745041,0.11030301221735969,0.15335438660943365,0.12066294356153166,0.10415591823556143,0.07739266580353948,0.11553565116070447,0.11388968819643588,0.13063834401807023,0.29250199212070976,0.12270103257402952,0.1704103387324928,0.10358088419431162,0.40930633218043383,0.10194321484030083,0.17089033106640247,0.10478731668350974,0.19585971507756128,0.30268565198519515,0.13325814308148856,0.16641933710437254,0.06635063390466,0.07012326262760339,0.06055032873337212,0.16004367927400184,0.10823605110944372,0.1673887786790916,0.06710266782714785,0.09295020148300034,0.09176342079585285,0.11305157510987159,0.12361436599453504,0.12666796893511434,0.12370489958886,0.22459145899355662,0.10499401137588266,0.06935900979274144,0.09259661222074148,0.13873466415850128,0.12454539328736149,0.11496659452103879,0.14818775749720303,0.14785263377590627,0.10143205956774386,0.1640568964672406,0.10372013783145813
AUT,0.21895117938997177,0.1210462844169922,0.11860032948556926,0.07747406321985242,0.0,0.06973446983031417,0.15293207916249105,0.0674720928094878,0.15018572458401916,0.08732780758260766,0.25078379602214834,0.08178081714644822,0.0763929036246428,0.0704561477698345,0.09827335921336582,0.1427178149207597,0.12284610012509081,0.20538239421065657,0.08671110177324894,0.09824036833524656,0.15886188998821715,0.0670902542723467,0.07137469233099815,0.08311013395716842,0.17401008029909684,0.06557275194397678,0.08206048293274816,0.07053063946867308,0.05328516257192823,0.04666677057498524,0.09734655505873711,0.14734057099133946,0.07286023282765156,0.0831240206843218,0.11721689632477264,0.10268000971865239,0.14498801055482702,0.10664886539651293,0.08617014501370408,0.050287478648488,0.11076704616351725,0.09115921550077018,0.1259817566372175,0.2863651382015627,0.09953076971459084,0.163409222761494,0.08891183648408627,0.40494327100562943,0.094166048787661,0.17162816816440257,0.09463324239040395,0.18051967085623405,0.3076060733382803,0.12282137248278169,0.1593737570303101,0.07264923761979852,0.08632625608675731,0.08153766937899269,0.15217958404098697,0.10017008847931883,0.1612182990591946,0.07085392050977506,0.04626331972296519,0.07224388310599571,0.08048757188310801,0.11232144187723214,0.127275829622996,0.11954418587324706,0.2177522494037624,0.07536948734661428,0.06797636956687245,0.0709949015236562,0.1198924217826256,0.12136675360315963,0.08468029294602643,0.12879355162458106,0.14032548189642083,0.0827614227277039,0.15980088852815338,0.0915446291171312
BEL,0.22292320235533963,0.10485528305031128,0.1187969995883702,0.059996061825322716,0.06973446983031417,0.0,0.15420641987732825,0.06350496447720617,0.15213742631328808,0.08687064095101465,0.2469976887789848,0.08900788788384793,0.08906928199086503,0.07818828111961207,0.10734438678005669,0.14196707254666802,0.12325669000251674,0.20338437097235493,0.08686136562607324,0.09203855964446418,0.1482629066736635,0.07069207793271047,0.07730052800431692,0.0787382238344688,0.17693456916136172,0.0605699789575993,0.08789783014096583,0.07244322091857915,0.05821471806973692,0.059413651279400896,0.10544566258162272,0.14300591492865294,0.07313134944910091,0.08518138584128204,0.12489502787819674,0.10374020968644584,0.14308787362508815,0.10750449454056706,0.08507832363831205,0.0599429861910768,0.10499912157317418,0.09920617383276217,0.12858869434503006,0.2904410467591597,0.10838840107075294,0.17936549511468255,0.09009299540539235,0.4069094980385059,0.09018050205438317,0.17160462543108312,0.09332394082774503,0.19184960343794735,0.3105167273754747,0.12169156050026478,0.15589708175089548,0.05441180240798133,0.07362336041586981,0.07557626445993197,0.16420901265307034,0.09992477401304752,0.1569651333442641,0.05714074578067189,0.0840684741542735,0.08309782171728852,0.1031714230062002,0.11620003681238719,0.11804179489600573,0.11475895746117867,0.22147333752814566,0.09881794043375522,0.04909087688181761,0.08061599826970489,0.132813468293889,0.12273803306447476,0.11524437279339819,0.1354928064526421,0.14102222613337523,0.08764325579300612,0.1637439483139483,0.0944365075757809
BGD,0.23282936755069983,0.18296450492544222,0.1347276558780045,0.15574822579530118,0.15293207916249105,0.15420641987732825,0.0,0.13462742536254182,0.12607229311936685,0.1386126637143406,0.2755779496069328,0.14224944871361947,0.15908249682345205,0.14948742580589838,0.11711766573529263,0.1351534376595922,0.12777746623498923,0.21871392225715552,0.14004540534115872,0.14424146549194058,0.20222869027671658,0.15040112602640604,0.1497939764900353,0.14809146094734668,0.16940090189423654,0.1395241803581938,0.14676131225223915,0.1441479591865706,0.15111075325360457,0.15984990885821848,0.14209717794632598,0.1975783664595916,0.13555402942401593,0.12880407229130034,0.12970401016935806,0.11978054549698254,0.18084766343965375,0.15053280925261459,0.14629448305986084,0.13583253154453673,0.14485865174179527,0.15031238929765206,0.1594145631812853,0.2678909193000439,0.1486021696667649,0.14057219151530304,0.13940261316744756,0.43289655450165376,0.16624131722044966,0.15115865625494904,0.14004871618699194,0.23054264161384022,0.23770495282030715,0.158429674230016,0.1616610801103595,0.15096576517287927,0.1533345062514588,0.14817474347887977,0.12163675079217963,0.12923353795384623,0.16658352246988817,0.13824051392517864,0.13851399373458953,0.12919104227884506,0.14482322898323638,0.15147059730145418,0.13743245930617473,0.1799384176323975,0.2486581666738739,0.1707104255475695,0.14561168147283934,0.15055075552984185,0.13103929039949175,0.11352074971065765,0.11696707534847162,0.1692146417128522,0.13445591693633932,0.14946043802405487,0.12056430673615795,0.13755340409103636
BGR,0.21169218906121004,0.11968912533528545,0.10056376311827585,0.07837401159426526,0.0674720928094878,0.06350496447720617,0.13462742536254182,0.0,0.13079512685684785,0.0742449435092127,0.24471151052518503,0.06931032058628586,0.08477073218366507,0.07280843512650341,0.08342781281212319,0.11800690282617507,0.10020825751241272,0.18662365990423166,0.08151237005389755,0.08200590943118265,0.15743579426226664,0.06640887196309736,0.06687066244897921,0.07507031746083927,0.15911957592601492,0.04777748394347028,0.07414101738634,0.05797545510849819,0.06683756848704643,0.07553327672580985,0.08630839962358326,0.1472489484037764,0.05997573253205039,0.06326607659828756,0.10186073544263274,0.0773132544329668,0.1379479161512985,0.09724393706578423,0.07587093719362027,0.04255315507270033,0.07850167952712263,0.0767552094546162,0.11037524620506349,0.26794443956853914,0.08920700106584437,0.15829909361534567,0.0669291799272133,0.4134686365082438,0.0981297881560184,0.15389479085342073,0.07447388461465057,0.18216379804972088,0.29394162236944393,0.10072276936501665,0.1312258337338544,0.06512532761995966,0.07775204166738042,0.08577374638598144,0.14360044080007803,0.07470644647472642,0.13204268689686968,0.047338746552987414,0.07390485438999378,0.055898463453781126,0.07926154755119501,0.1006368311743314,0.10415596736416044,0.12013240987624138,0.21733010116622858,0.09859359038657915,0.055664832281906426,0.06666436189131363,0.10816880667101877,0.10163719226092166,0.08935310717728956,0.1199892080574001,0.10746087558033464,0.07635359170472954,0.14537030705678908,0.06950268572597168
BLR,0.23596186409292377,0.18168884572119182,0.08468028247850228,0.15218892565275263,0.15018572458401916,0.15213742631328808,0.12607229311936685,0.13079512685684785,0.0,0.11976847019719554,0.27732095478829194,0.1405801820920429,0.15734301323945726,0.1444454542542708,0.11628698063766761,0.0878861298945016,0.10378254400404428,0.18764412915962098,0.1120404507642572,0.12447759070413075,0.1995436838279344,0.146213749924663,0.1495375478413827,0.14761753844247724,0.15867653162507814,0.12502791927360024,0.15019402932170833,0.14370188480198662,0.1485102994473407,0.15941372792135003,0.13316722371190856,0.20787276677672004,0.12919891917682536,0.10734752402835052,0.10545381180068746,0.10705832823219702,0.17403396694711723,0.15207751437691006,0.14718517757452976,0.13882676358760707,0.12056983363513499,0.14951037888020716,0.16358501454340182,0.28114609438701665,0.14798612370419004,0.12044316886373127,0.1270247320972413,0.4370012561797306,0.1675543094037278,0.07302930118080607,0.12241755078017,0.23144190301740195,0.2428146362867442,0.13307423470031282,0.14157019477540425,0.14720668753194466,0.1551937806666896,0.1250319231955751,0.09313980140264726,0.10851650032001849,0.10387514346331968,0.12413559978560613,0.1365371485761713,0.11924090994705214,0.1320571399769372,0.1568906062883722,0.0914898029328392,0.1833102721440971,0.2538133148876798,0.1669308418777084,0.15095619945683264,0.1535109929230014,0.11625890150384291,0.09417485993370042,0.11125409233006738,0.16959458171526512,0.10175941979480861,0.15006057071125947,0.13445071066201905,0.12658336456642996
BRA,0.21265678966176232,0.11848508654257979,0.07615354510477498,0.10235636516712582,0.08732780758260766,0.08687064095101465,0.1386126637143406,0.0742449435092127,0.11976847019719554,0.0,0.23132310523734548,0.07399621090015114,0.09441918801182779,0.08352257220991995,0.08480617823417139,0.10264773476331601,0.09066999929549674,0.1854761986942284,0.06889137535328076,0.0737533940185668,0.16673453867203986,0.08885529467493805,0.0828542169770668,0.08778844071998336,0.15427778040191273,0.06201984621130788,0.09621190481405677,0.07796158998626794,0.0846428141603341,0.09668954843189638,0.08705862913807183,0.1534293477210807,0.07012627253409105,0.06192024832011992,0.08626975834515034,0.07755085469131266,0.13485149969955018,0.1053145249155552,0.08073646579144182,0.0681898302575303,0.08833315573350223,0.08510932681794131,0.11242071097643937,0.2856717565339647,0.09031848891366044,0.15470724783166528,0.0760039182628663,0.4124894028955248,0.12259174399219179,0.1344297535542326,0.0614149631451888,0.19496274788745172,0.2952577435849169,0.09219670546811179,0.13648568970291483,0.08234251045756595,0.10174884499049719,0.09821381004463972,0.13139282414997946,0.06853574153535272,0.12395453414273802,0.0744869390859802,0.07928616806745153,0.06689431919611645,0.07503818874483725,0.1011087143762429,0.0955067203430793,0.1304723230656764,0.220108468787801,0.11121996526033763,0.08847034893679327,0.09185611000812063,0.09766033578161248,0.09047010845112513,0.08877886322653505,0.12325161763547442,0.11570920996492536,0.081038900076518,0.14247096585734037,0.06437769916730822
BRN,0.3062531442580158,0.2240863674171612,0.25896327245837814,0.2570280955946415,0.25078379602214834,0.2469976887789848,0.2755779496069328,0.24471151052518503,0.27732095478829194,0.23132310523734548,0.0,0.24175885522228663,0.2541345188652333,0.25149973077009696,0.24780159453593642,0.2520949481128773,0.255566222715276,0.3055010018701518,0.24056308291841327,0.2564425544090167,0.2867072394203406,0.2500091633773339,0.2440343369288171,0.2495866455330362,0.27794345375215607,0.24564824235239885,0.2482752359699019,0.2373669700253891,0.25122166822353825,0.2545448144379063,0.24675909832291698,0.28429738111987424,0.2423103038606011,0.24424336898394028,0.24991741495158096,0.24527290636385052,0.2675370685114228,0.25487804103431055,0.24041905092375304,0.24149703745394757,0.2477399025886965,0.2444673852988019,0.25533961128736615,0.36722510054110696,0.246679457773678,0.2844673512689287,0.2464423612565309,0.48379573617248856,0.2640447969876384,0.2882314544949849,0.2422148113836715,0.30095323758505105,0.3784560542985609,0.24584691961600733,0.28153928381155774,0.25138960018449075,0.25118590056751644,0.2610982634718286,0.2749154268034395,0.2472947758520235,0.27996298085652477,0.24683980981682135,0.2510089812391384,0.24314005973633454,0.24108609092004452,0.25324557011505794,0.26466144675315506,0.2615394154033019,0.3226806450676168,0.26163792811790754,0.24802334564558606,0.2458197973473649,0.2577771713375664,0.2566264887798221,0.255052704892188,0.2604648534951891,0.26630193143997893,0.2455511822990293,0.26916259169690987,0.2338583889754898
CAN,0.20533084489914918,0.13576350710884044,0.09794087926920662,0.09677769894945669,0.08178081714644822,0.08900788788384793,0.14224944871361947,0.06931032058628586,0.1405801820920429,0.07399621090015114,0.24175885522228663,0.0,0.08758296294384975,0.08387896144097179,0.08907282594521812,0.12386201346836481,0.10187003911511897,0.19287229275738674,0.09123364825708843,0.08100009824551757,0.16268680760952797,0.07847224241459663,0.06116971638061347,0.07805157311371895,0.15336427877392297,0.06389666357666525,0.07875345505953739,0.05982589238062404,0.07372919503779553,0.0883010815682529,0.08214725364310148,0.15016622246831332,0.06890769745466037,0.0619919154947104,0.10435057311998218,0.08116482802441687,0.1348013710587784,0.09300293003674709,0.06089995879016287,0.061547514417273956,0.09511532505465048,0.0725803977974985,0.10388966965184657,0.2837627065741056,0.08215378363094158,0.1603978366051685,0.07806249370452234,0.39490617065555156,0.11768468222221942,0.1521353917771184,0.06838221605131133,0.1934060678141755,0.2957077797149719,0.09772105722930509,0.1448463524838695,0.07052811370862254,0.09057968321307842,0.1023191930495512,0.14483195797706291,0.07613058287707933,0.14628642736316552,0.0764456092901488,0.08807934610385842,0.06746012841368045,0.08608911538236627,0.09588562734627916,0.11339191142199088,0.12366172525123001,0.19888232142632162,0.11176813114978368,0.08010390647694877,0.06467073009314828,0.11100788346599742,0.10088703562625523,0.1033284225927766,0.11865503576966874,0.12433822603617896,0.04421921515799234,0.14991702221901523,0.058911719249947266
CHE,0.222314927156523,0.14153352380002854,0.11930092435265478,0.1037625731452921,0.0763929036246428,0.08906928199086503,0.15908249682345205,0.08477073218366507,0.15734301323945726,0.09441918801182779,0.2541345188652333,0.08758296294384975,0.0,0.08149877389040833,0.10696125451567737,0.14724547362168133,0.12649627327246207,0.20721860708452278,0.10930769096539625,0.09801687545232819,0.16460048663276228,0.09022331122072207,0.08265865493437999,0.08282393529979255,0.17991930705621553,0.08137420554156126,0.09620031369741691,0.08705196399266565,0.0764947291192944,0.08216237173101493,0.09845109696537194,0.1410750126984852,0.0851609864839653,0.09097717949675582,0.1248360319340383,0.11282047364294959,0.11351562156147554,0.11044206468172006,0.0776716471367169,0.07487804036829873,0.11518854713802244,0.09677120151391304,0.12796065734385517,0.2961258708664353,0.10242706813255142,0.17410567792320258,0.1005116911118243,0.4025752191853281,0.12159064977348884,0.17462090101073655,0.09876093066232358,0.1823402045006615,0.31044383890402005,0.12433711932586543,0.1561259568960318,0.07640464929516058,0.10364768160958204,0.10985859545835855,0.15999830844846455,0.10710466867705291,0.15780050558500944,0.09415724651556924,0.08543326841658525,0.08682638826342824,0.09768785987853584,0.11611511812037846,0.12945519491295251,0.11270940459736507,0.2202516178631334,0.10805464357769369,0.08725014639159921,0.08021177985923846,0.1238016157329924,0.1271259417739762,0.11176705644134054,0.12645255950495782,0.1422038251403956,0.08397362514157009,0.16095167257078605,0.09704971588173715
CHL,0.21871747528562427,0.13475767718583034,0.10898290495958372,0.09090848277610301,0.0704561477698345,0.07818828111961207,0.14948742580589838,0.07280843512650341,0.1444454542542708,0.08352257220991995,0.25149973077009696,0.08387896144097179,0.08149877389040833,0.0,0.1014680718068159,0.13204411266087074,0.11287157936729403,0.17642280548915426,0.09240321492360759,0.09015101366365055,0.16191107515112418,0.08538859180478048,0.07840187039003862,0.09100350298848829,0.17135668774745424,0.06636847891918964,0.08937333670122802,0.0803542513155249,0.0664831254814469,0.07761910666527438,0.0971074689772014,0.15678057377242235,0.07183552140498631,0.08438483719676303,0.1117625126364911,0.10187204788530037,0.14376833075332798,0.09876271036208321,0.08385887190950897,0.06819157535408264,0.1051567818169404,0.09841159495840418,0.11620389920618553,0.2925862416394745,0.10573172210748416,0.16039900979581917,0.08603435761339097,0.4164255307162917,0.11153620186417723,0.16099956472716623,0.0915445591145508,0.18782624238101792,0.30226410203821447,0.11881028667271094,0.14661999427842537,0.07749168684532454,0.09191198253618275,0.09388431990214287,0.15084598107751007,0.08429386967374783,0.14732594736488588,0.07708691956721161,0.07502687200459816,0.0712133391815015,0.08678126173288721,0.11255991440912928,0.10343862052034208,0.13042242997587467,0.22712241203289496,0.10592897840598385,0.07980978697231948,0.07722155012571758,0.11803505000600495,0.1139221504905534,0.09872532793365162,0.1346933786906709,0.13443294271612236,0.08667270549208825,0.14794493679526088,0.08751407709928889
CHN,0.21362252888092098,0.14164044260885855,0.09080148118463646,0.1166768862620159,0.09827335921336582,0.10734438678005669,0.11711766573529263,0.08342781281212319,0.11628698063766761,0.08480617823417139,0.24780159453593642,0.08907282594521812,0.10696125451567737,0.1014680718068159,0.0,0.11327684761392827,0.09968072621308152,0.19111624165054925,0.08944539367059932,0.10882411051631084,0.17359328337,0.09305732342523683,0.08822114943151298,0.10493012616098145,0.1475922947977486,0.08440915808196385,0.09960843017695371,0.08382228783669489,0.10539203134140121,0.11479563929129633,0.10250377698952592,0.17880784293971197,0.08538858686043883,0.07415211875839657,0.08671411253649548,0.06237918301405986,0.1448547304339781,0.11297695457775439,0.09052295450255246,0.08199056223560973,0.0890204927243751,0.08086281483151117,0.12367185193736832,0.26826021609775996,0.063510141648925,0.15375263927865698,0.09603907222406255,0.4285849385288678,0.13212059745575347,0.13341511438792925,0.07026812480843543,0.18019215662215976,0.2872596753383009,0.1000230919731242,0.14662306592737914,0.10455523234862768,0.11118781792990223,0.11317090235812895,0.13047060916671663,0.08129070277452945,0.13930128796322525,0.087578216193653,0.09381765797481276,0.07766108275706865,0.09147548968804659,0.11433851538566565,0.10422958353184161,0.12649819730872852,0.23547120072506364,0.11669234480775115,0.09829033016898361,0.09833911686334483,0.07050823887556891,0.09120746693371515,0.08313375100922417,0.09348234368129094,0.11881320988897948,0.09985963322044367,0.11412760164419253,0.08460660090147289
CIV,0.23071287536196175,0.1644863972149232,0.0942835899548071,0.14907402858105598,0.1427178149207597,0.14196707254666802,0.1351534376595922,0.11800690282617507,0.0878861298945016,0.10264773476331601,0.2520949481128773,0.12386201346836481,0.14724547362168133,0.13204411266087074,0.11327684761392827,0.0,0.093422617673216,0.18564449683771206,0.10859095925746032,0.11978208208443691,0.19202796268536187,0.1400777388123641,0.1358679664765857,0.13827015928202982,0.16276921595940852,0.11648254892134478,0.12697007076373595,0.12361862835679274,0.1419202941396256,0.1539018750934278,0.12501311776296253,0.20249494889985084,0.11927707557202832,0.10431401024263244,0.0999168211996152,0.10067831892836931,0.16349246010200422,0.14272210194920976,0.13261984852324127,0.12651546179414455,0.10631571148971783,0.13773052484173073,0.14964040590932942,0.28728374384996147,0.13823094301431205,0.14100044338842133,0.11249428559921347,0.44096221222704535,0.15549271895302863,0.10888837956205619,0.11098386669952703,0.22569378261582235,0.2660720682319957,0.12002521854034075,0.13280104583398175,0.14013058688830585,0.14405456190425547,0.12921947224182948,0.118132297420355,0.09640836774980635,0.10689982419846783,0.1171079091917839,0.13142501179482155,0.10749092296863201,0.12011569805849143,0.14509345721298675,0.09670325056666965,0.17558049710880402,0.2526951330802312,0.16543491300657906,0.14214135778400785,0.13583098462509516,0.11835076830139461,0.09919667317044398,0.11677249405330865,0.1625923834578655,0.107759196939815,0.13584198800391506,0.140734060490933,0.11066934469454635
CMR,0.2102899751004727,0.1558944534046844,0.07692140341246584,0.12721842476127107,0.12284610012509081,0.12325669000251674,0.12777746623498923,0.10020825751241272,0.10378254400404428,0.09066999929549674,0.255566222715276,0.10187003911511897,0.12649627327246207,0.11287157936729403,0.09968072621308152,0.093422617673216,0.0,0.1853220932222669,0.09058573323475869,0.0949141704473325,0.175375057249274,0.1206712770103362,0.11704125306610358,0.11553793469193444,0.1437387111031192,0.0908761684868261,0.11202715433268759,0.1084600415881896,0.12093887987286411,0.13228148870813375,0.1006304319691024,0.17833264365343143,0.09412413825712271,0.08776079051092534,0.08001284686805918,0.08831823059552871,0.15211860851331838,0.12154629422406313,0.11607457591118721,0.10377600036284174,0.09803010816865464,0.1157602273152819,0.1241168921265565,0.28625286938480216,0.11718923503847684,0.14850212324727127,0.09430575739122161,0.4346927482071756,0.14106462988131127,0.12020562818949934,0.0935215801812715,0.21073841302167642,0.2825348201512527,0.1007438099958957,0.1365484821283267,0.11797358399075158,0.1215481438144488,0.1159856830077301,0.12394946192459971,0.07113978471913326,0.12004506873722424,0.09995841607511789,0.11281864067135655,0.08897362539390007,0.10451392185159464,0.11855937177112506,0.08949137615433793,0.15631587064843308,0.2405713394837241,0.14853840022365133,0.1188851097252169,0.11846301369444054,0.10212555517210084,0.07737929235162773,0.10558222479272465,0.14762043581779913,0.11315262499169632,0.11481371690457795,0.14506733867720206,0.09787650887281601
COD,0.2752888871463202,0.227556557708999,0.17958452737788363,0.2013924111149576,0.20538239421065657,0.20338437097235493,0.21871392225715552,0.18662365990423166,0.18764412915962098,0.1854761986942284,0.3055010018701518,0.19287229275738674,0.20721860708452278,0.17642280548915426,0.19111624165054925,0.18564449683771206,0.1853220932222669,0.0,0.1898840379406541,0.19048698803471664,0.24295680221061328,0.20164960717173988,0.19987905838311398,0.20088704740922578,0.22654728284909545,0.18531776997720506,0.20169997330697478,0.19690338358509973,0.2028333810066755,0.211413228666752,0.19530126619949661,0.24697032707512298,0.19100879236010698,0.18428515742866028,0.18571631763972318,0.18354820500024835,0.22376655960958283,0.20287937942169876,0.199682109018637,0.19299370604876034,0.18482469225038092,0.20028056295759183,0.18906829596727528,0.32787231500542113,0.20316013468192878,0.21429416019250716,0.18360640018317523,0.4649489183518909,0.21700719834090204,0.1960384182980184,0.18127320402058567,0.26843759616164053,0.3287662971490835,0.19193897140868413,0.19977118600769075,0.19979318328331724,0.20278615550060575,0.19758267728578893,0.21052282172583248,0.17216420153092013,0.1833619327282993,0.1874704242308798,0.20054388652980717,0.1869878701323439,0.19441866063638327,0.20950067749000356,0.1754271558260507,0.22928058210564467,0.2914888031039843,0.2198177604216933,0.2006902920031883,0.20186640736718706,0.1969124541995482,0.18517767485167858,0.19331212106337534,0.2209341082327368,0.19006436302133653,0.20059363445549017,0.19751368543937595,0.18586844210645723
COL,0.21460570047282543,0.11771563960726544,0.08090283731900622,0.09043384010933982,0.08671110177324894,0.08686136562607324,0.14004540534115872,0.08151237005389755,0.1120404507642572,0.06889137535328076,0.24056308291841327,0.09123364825708843,0.10930769096539625,0.09240321492360759,0.08944539367059932,0.10859095925746032,0.09058573323475869,0.1898840379406541,0.0,0.09094372778428594,0.1673305920569013,0.0980258309378381,0.10033733397413147,0.09888211729256995,0.15077686879525512,0.07335369805168349,0.1030959382446349,0.08701739135520117,0.08965914180737963,0.09107610046582695,0.09885996572741586,0.1681184698930144,0.07957300261108179,0.08056605104358501,0.09020026995259713,0.08290815820384635,0.1463079000686906,0.10864882550645026,0.09646968351334552,0.07865385775690281,0.08673839145832164,0.10775386638520162,0.12653350309352132,0.29035519372833424,0.11015125489636461,0.15204287355852655,0.08961146291793083,0.41654606503137237,0.11804430689521998,0.12648424162073277,0.08365210282527813,0.19140963214076137,0.29556560755685607,0.1003486092818433,0.14676983096039567,0.09171752426882891,0.096799368635725,0.08269905254236042,0.13227098230249287,0.07341542107825091,0.13176509661790076,0.07460136478108785,0.0826922810928805,0.07798043677510734,0.08889288842628715,0.11391349992458186,0.09251118685839288,0.13689320667813837,0.22768585998429833,0.11658956790492332,0.0933336018129952,0.10365140137237383,0.10468265717694543,0.0930750494517169,0.0891931809594522,0.13704835656781866,0.1270126511394229,0.09922385411781515,0.1464641102314426,0.08806537207078126
CRI,0.21638964584755313,0.1415486554915079,0.09033725605383391,0.10238009570729119,0.09824036833524656,0.09203855964446418,0.14424146549194058,0.08200590943118265,0.12447759070413075,0.0737533940185668,0.2564425544090167,0.08100009824551757,0.09801687545232819,0.09015101366365055,0.10882411051631084,0.11978208208443691,0.0949141704473325,0.19048698803471664,0.09094372778428594,0.0,0.16699122532170094,0.09717707919982402,0.09802765367509932,0.08104344581773573,0.16614680858851294,0.06847135675936003,0.09955942396360476,0.0903744164331437,0.08767446935483118,0.10171441434603025,0.08450862698408851,0.12457856784924964,0.07916384678231268,0.077746880249924,0.09919684759025267,0.09588586374386128,0.13978392527423678,0.10742368273737765,0.09052915595471771,0.08163035522988087,0.10176582478148224,0.10394881120118789,0.11898796104582929,0.29043083246804735,0.11244766144960841,0.15846236048997422,0.08667444198920561,0.40333457734048034,0.12358515601321092,0.13539555649781082,0.08320740538450536,0.20480502831984548,0.299384049813921,0.1084825185029123,0.12887101201936413,0.08128630911930299,0.10168102753384022,0.09630977505585178,0.14247727826030682,0.0788859172386281,0.12035432761331956,0.0795163805669886,0.09678743521121423,0.07581926674132945,0.09992893646615794,0.09585695237811169,0.0969795643210028,0.1336605834340112,0.21234381583413706,0.1282204230470153,0.09277379710555837,0.09700382217202048,0.11597511400350459,0.10056794487724333,0.11144935477382124,0.13940647312287002,0.11977630683099037,0.08577706537456566,0.1584684361792407,0.08611218064913492
CYP,0.25817029543078995,0.18590158265532117,0.17701863754391192,0.1599190797140647,0.15886188998821715,0.1482629066736635,0.20222869027671658,0.15743579426226664,0.1995436838279344,0.16673453867203986,0.2867072394203406,0.16268680760952797,0.16460048663276228,0.16191107515112418,0.17359328337,0.19202796268536187,0.175375057249274,0.24295680221061328,0.1673305920569013,0.16699122532170094,0.0,0.1627707633360253,0.15537925600066857,0.15974754086745638,0.21312995268578447,0.15318358064877072,0.1499898359080716,0.1573334937408952,0.15832960117790015,0.1518150654443182,0.1634925830580774,0.20852610057933085,0.15566848924928384,0.16270594026101548,0.1826218662865204,0.17091278747683378,0.19788334420362252,0.1737292541240866,0.16537032136796667,0.1554715959236844,0.1747064785204095,0.17033636927629814,0.18890889839346628,0.3212904951890163,0.1760802342941729,0.21915002683447504,0.16241350631430226,0.417001237159722,0.15164360503804455,0.2112816110582322,0.16732809563856982,0.23567115724675086,0.3326697553083697,0.1831666458002906,0.20856689247351376,0.15907454947684554,0.16091649179258669,0.15999304764709385,0.20580300680138136,0.1603505328687937,0.20900270095651496,0.1565002353206535,0.16364503784314116,0.16353156806171448,0.1711812400677338,0.18241707076092,0.16697649800194142,0.17093259053124982,0.2660074517975688,0.18008065886317284,0.15239369708058592,0.16335101316897452,0.18684114748081435,0.17219805711378078,0.17830085823582464,0.1953528324587601,0.193351006756447,0.16362950925015218,0.21055190442640015,0.16794803310792894
CZE,0.21795011919908092,0.12359040890608944,0.11638050232323291,0.08388219065978524,0.0670902542723467,0.07069207793271047,0.15040112602640604,0.06640887196309736,0.146213749924663,0.08885529467493805,0.2500091633773339,0.07847224241459663,0.09022331122072207,0.08538859180478048,0.09305732342523683,0.1400777388123641,0.1206712770103362,0.20164960717173988,0.0980258309378381,0.09717707919982402,0.1627707633360253,0.0,0.05445220572504665,0.08473287876679927,0.17132360253854417,0.06262608444777319,0.08302607149274846,0.07314856132823751,0.06969675111749979,0.07560280664450919,0.10022424826273517,0.14648199122315045,0.07628706293555008,0.06427230819811781,0.11556811733862261,0.09449534111634555,0.14623341247020255,0.11109964718354634,0.08668377013346217,0.05996160857578894,0.10888441063223596,0.07243507783688793,0.12547992308672956,0.28844266506698857,0.08066289835493931,0.16862855220782608,0.08591503204116822,0.41489633329235676,0.10125876690866775,0.16607063902587607,0.07839632531658977,0.1881869793824941,0.30347651118461844,0.11955160203264574,0.15597982257071494,0.07206049831579356,0.08631173374667979,0.0890050567620936,0.15338196924352987,0.10062835649749483,0.15826099489301082,0.05979775735437811,0.07838778839361633,0.07208143426302303,0.09369600554592805,0.11375489525399421,0.12260711189828633,0.12251249932625402,0.22483697122585328,0.06313028287269544,0.0590695878613759,0.06576461632639864,0.11809879470638714,0.11472791887734035,0.10280806991082724,0.12786587771339078,0.13582743020545335,0.0829543113940169,0.15760877289107958,0.08527564505505818
DEU,0.21355453511440192,0.13538249385738327,0.11165678315690944,0.09960067245669534,0.07137469233099815,0.07730052800431692,0.1497939764900353,0.06687066244897921,0.1495375478413827,0.0828542169770668,0.2440343369288171,0.06116971638061347,0.08265865493437999,0.07840187039003862,0.08822114943151298,0.1358679664765857,0.11704125306610358,0.19987905838311398,0.10033733397413147,0.09802765367509932,0.15537925600066857,0.05445220572504665,0.0,0.0803943809554995,0.16671030219488708,0.05974733254561858,0.07632628919801518,0.06188324959089725,0.06694256222949345,0.0813167761086307,0.09091417358345397,0.15553846680736533,0.07269065383305653,0.06209349668557615,0.11455968084817006,0.08962710009988019,0.14051699963404096,0.09783070716338842,0.06877074278578703,0.054958242257440615,0.10487735584808718,0.060315070827030956,0.11711334612281658,0.28717405165597515,0.07156960040375605,0.17082077806186413,0.08454299865886782,0.40493099865427806,0.10913216982796717,0.1651073377104046,0.07639395995857223,0.18675409008786964,0.30557787021886357,0.1124193867961818,0.15430675572347882,0.07175905982212412,0.09402311183061256,0.10636903184506105,0.15451636939385519,0.09072989734272735,0.15738954013290932,0.07351329936553345,0.0801355551352918,0.06962832741697786,0.08770058693535641,0.10999506750881391,0.11672758315494305,0.12148780091809884,0.2144638813835521,0.08637471657329064,0.06895249752008843,0.05901628819743022,0.11577133512877312,0.11121192690480093,0.10628015801427536,0.11936267458675433,0.1341833397756381,0.061174865634631155,0.15697895970048692,0.07206246687863062
DNK,0.21571076263923597,0.12816797280435105,0.11527374908671317,0.08639706130417374,0.08311013395716842,0.0787382238344688,0.14809146094734668,0.07507031746083927,0.14761753844247724,0.08778844071998336,0.2495866455330362,0.07805157311371895,0.08282393529979255,0.09100350298848829,0.10493012616098145,0.13827015928202982,0.11553793469193444,0.20088704740922578,0.09888211729256995,0.08104344581773573,0.15974754086745638,0.08473287876679927,0.0803943809554995,0.0,0.16905947398531815,0.07251460385696358,0.08952577621785326,0.07118869404432723,0.07609636699797244,0.08272410819634386,0.07588928631809357,0.12779451690811813,0.0808633772918931,0.08077223950590984,0.11608848000860171,0.10136394894525197,0.13686559234299425,0.10231245809464916,0.07969168649580258,0.06667245076092103,0.10470242801787905,0.09041961949389649,0.12278759606367305,0.29007143941305674,0.10119065476953616,0.1694574298236698,0.0902788896015251,0.4006656955007627,0.11457337882750188,0.1645139728318168,0.09019741541891453,0.19477240234367785,0.3029297564165289,0.1164704276701478,0.14761657021795327,0.06574697360280604,0.07682629510876605,0.09544204694392916,0.1545988024609096,0.10047721072384992,0.14979564830157896,0.0774374492255668,0.09188850953016112,0.07947029524496217,0.10014861656226604,0.10733770361816408,0.12377957438790892,0.1080850427863327,0.21410330463452526,0.11481819131186234,0.07964280122142765,0.08277475438172645,0.12615797630435277,0.11620305736669452,0.11404146102081499,0.1296647183756311,0.1322942781438541,0.07626164384570586,0.15979718499656612,0.0891293479963742
EGY,0.21125428114624534,0.19783026092199257,0.12910438039537742,0.17690195795387698,0.17401008029909684,0.17693456916136172,0.16940090189423654,0.15911957592601492,0.15867653162507814,0.15427778040191273,0.27794345375215607,0.15336427877392297,0.17991930705621553,0.17135668774745424,0.1475922947977486,0.16276921595940852,0.1437387111031192,0.22654728284909545,0.15077686879525512,0.16614680858851294,0.21312995268578447,0.17132360253854417,0.16671030219488708,0.16905947398531815,0.0,0.16038771278009636,0.16155580373028414,0.16139169768980965,0.17453511397928492,0.18159412674798767,0.16026130305271033,0.2250872832979446,0.15773041034191715,0.1486624214879799,0.13575297651747445,0.13869730039454564,0.19509908600037962,0.1745403536178337,0.16815291552580205,0.16196149544664754,0.1532741083762799,0.16497237693764857,0.16384851423925503,0.2859435510740676,0.16907713728256468,0.17146535962871193,0.15739733074374782,0.45237316500813834,0.18460302414787969,0.17381091961480163,0.14739697925934997,0.2442453414459169,0.26930638412799085,0.12745986237463433,0.1927810853981501,0.1693602249001963,0.17156925273138576,0.16877623511740678,0.13946945725023482,0.1448081235652366,0.1823534290610235,0.16096343680671543,0.17117835561356173,0.14801847129595463,0.14928067571785927,0.15868509431492006,0.15865602443029686,0.19724287112511144,0.26863722036015486,0.1906741922529012,0.16888933245361135,0.16817975466373736,0.15195922302141404,0.14667340844775717,0.1568751308231703,0.18613301526738768,0.14729958974822,0.15997963711605326,0.17652598011597886,0.15481163347238575
ESP,0.21280857724483426,0.12394518347293222,0.08678778784070995,0.08090531915409935,0.06557275194397678,0.0605699789575993,0.1395241803581938,0.04777748394347028,0.12502791927360024,0.06201984621130788,0.24564824235239885,0.06389666357666525,0.08137420554156126,0.06636847891918964,0.08440915808196385,0.11648254892134478,0.0908761684868261,0.18531776997720506,0.07335369805168349,0.06847135675936003,0.15318358064877072,0.06262608444777319,0.05974733254561858,0.07251460385696358,0.16038771278009636,0.0,0.07397392337588563,0.062194561110237495,0.05876790649380742,0.07306108921321541,0.0768132588260801,0.1459859253251524,0.05117950931895309,0.05285649002598556,0.09446024619624487,0.07846707706625139,0.13439592617636545,0.09162372655832642,0.07091529765439829,0.04425765606592363,0.08334478519985977,0.07683685193748979,0.11190884417120843,0.2855675712236278,0.08490650386319405,0.1601782619845688,0.06570684752400781,0.41066313141499133,0.09948433063327543,0.14324958022488998,0.06474221958137434,0.18625012951582656,0.30055787637623865,0.09701760269107339,0.1329954055180448,0.06142791056777593,0.07786159859364353,0.08328124465162254,0.1423471981628247,0.06664512476185651,0.12706088688454495,0.0493600614436907,0.06590717984732257,0.0553594690793181,0.07910043848734867,0.1012785837207408,0.09247107652040668,0.12131737065059187,0.21702433516058842,0.09560591130383024,0.06013449831679677,0.06632524246752891,0.10226597283832715,0.09407890318035127,0.09121249837407364,0.12217604938159102,0.11730598420156771,0.06934070309157012,0.15007563220591066,0.06850189515907706
EST,0.21304509270045804,0.13731970835194438,0.11731174437511578,0.1041921062935827,0.08206048293274816,0.08789783014096583,0.14676131225223915,0.07414101738634,0.15019402932170833,0.09621190481405677,0.2482752359699019,0.07875345505953739,0.09620031369741691,0.08937333670122802,0.09960843017695371,0.12697007076373595,0.11202715433268759,0.20169997330697478,0.1030959382446349,0.09955942396360476,0.1499898359080716,0.08302607149274846,0.07632628919801518,0.08952577621785326,0.16155580373028414,0.07397392337588563,0.0,0.06287503521339778,0.0879800591710722,0.09616563018556552,0.09108480797053865,0.15613982708756396,0.0772619585147083,0.07844318962406119,0.11365580137616817,0.1012612804793519,0.14505906706372576,0.10896622909724434,0.08680511108257036,0.07045165216796571,0.10605850605118174,0.09378167894491267,0.12063680864615194,0.28950412290337574,0.09738914107874765,0.1652370132439415,0.07520414752499338,0.4205496880513258,0.06753290633843934,0.16652205350432658,0.0900414204720057,0.184036253822191,0.3009982131092417,0.1153909037809789,0.15530265642239535,0.08641580447953601,0.09566370142785112,0.10838985907124782,0.15231852279016542,0.09286647736829233,0.15527361298888978,0.08080962223599798,0.08497134213341795,0.07515122068739606,0.09174038900276463,0.11020211279690102,0.11770003176641106,0.12168692322148261,0.2235150619709769,0.11292438939104273,0.07633506813026517,0.07404966819312067,0.11687799644964358,0.10883210719911715,0.10875584360749233,0.12470559268719837,0.13384750963099387,0.08574291762958335,0.15239330042695023,0.0881974066334237
FIN,0.2103106997757775,0.11701900607899808,0.10884868593060615,0.08649497340010945,0.07053063946867308,0.07244322091857915,0.1441479591865706,0.05797545510849819,0.14370188480198662,0.07796158998626794,0.2373669700253891,0.05982589238062404,0.08705196399266565,0.0803542513155249,0.08382228783669489,0.12361862835679274,0.1084600415881896,0.19690338358509973,0.08701739135520117,0.0903744164331437,0.1573334937408952,0.07314856132823751,0.06188324959089725,0.07118869404432723,0.16139169768980965,0.062194561110237495,0.06287503521339778,0.0,0.07456729581923201,0.08162878082748579,0.08563508063606752,0.1508702746170227,0.06558706948917431,0.06766908582979385,0.10712205273817021,0.08518744315008697,0.1366958968183347,0.09443849023712851,0.0672061181696264,0.051342513578438394,0.09336618956878717,0.0717164431341568,0.11268298690326022,0.27789894528495607,0.0795537941975511,0.16530687577710992,0.07671017512059274,0.4119109454400668,0.09709921892904325,0.1607817012910107,0.07637596590591021,0.18396442565603974,0.3015777111179161,0.1075090285730169,0.1523502090148072,0.06835127793724219,0.0790489953626102,0.09392991128553056,0.15065042654803878,0.08409375156764758,0.15386607435519548,0.06220474340887209,0.08164532359935958,0.06767195669910095,0.08638039334668547,0.10298575462507276,0.11626597458253117,0.11215301381136653,0.2172073630293592,0.10680927145017781,0.06294441380845807,0.056579742709347576,0.11275121158718857,0.10489671036903375,0.10204801055281819,0.10993277129869998,0.1267105625552796,0.06698665193008278,0.14675528784578978,0.07039695885328069
FRA,0.21932166176209764,0.12525317927212223,0.1159424156387906,0.07003552904709269,0.05328516257192823,0.05821471806973692,0.15111075325360457,0.06683756848704643,0.1485102994473407,0.0846428141603341,0.25122166822353825,0.07372919503779553,0.0764947291192944,0.0664831254814469,0.10539203134140121,0.1419202941396256,0.12093887987286411,0.2028333810066755,0.08965914180737963,0.08767446935483118,0.15832960117790015,0.06969675111749979,0.06694256222949345,0.07609636699797244,0.17453511397928492,0.05876790649380742,0.0879800591710722,0.07456729581923201,0.0,0.047345046244620964,0.09647062995621213,0.14203894617192803,0.07278439325221787,0.07926518885326225,0.12112579008229639,0.10278180458154704,0.14216933868363535,0.10403787507155873,0.07355669456387154,0.05191440784886848,0.1120029590005093,0.09565796964251704,0.1227888835552429,0.2913941038782682,0.10368273562644233,0.1669486119545354,0.08675111347445438,0.38873156003435777,0.10008906618704688,0.1670304497331713,0.09260807692354159,0.1866235062971931,0.3050361410623382,0.12103952466408018,0.1554053447865941,0.055685313538281635,0.08404091832261788,0.08119931469316549,0.15377774754535348,0.09701365849006933,0.15791195336412814,0.06982168194012585,0.0652891818892991,0.0751904300161687,0.08994346537262515,0.11477944426932617,0.11809783158826419,0.11701450449437495,0.20348858238621573,0.08958549263086966,0.06465441073915731,0.07464367782219238,0.12444554666177557,0.11792382408171362,0.09985502712150959,0.1328844652984227,0.13961044117026408,0.07017642283072695,0.16016226072029263,0.08776670513902064
GBR,0.2230296262211189,0.11690801134461742,0.12945644329089215,0.0597031918744609,0.04666677057498524,0.059413651279400896,0.15984990885821848,0.07553327672580985,0.15941372792135003,0.09668954843189638,0.2545448144379063,0.0883010815682529,0.08216237173101493,0.07761910666527438,0.11479563929129633,0.1539018750934278,0.13228148870813375,0.211413228666752,0.09107610046582695,0.10171441434603025,0.1518150654443182,0.07560280664450919,0.0813167761086307,0.08272410819634386,0.18159412674798767,0.07306108921321541,0.09616563018556552,0.08162878082748579,0.047345046244620964,0.0,0.10668370468163835,0.14298150587294944,0.08322821834712922,0.09377508497474638,0.13070905402798316,0.11374820775511392,0.14877210096764676,0.10818469622184229,0.08982450534449482,0.060644113492352984,0.11872749806152115,0.10619969355126954,0.13333327217250415,0.29656984867408354,0.11388610823932972,0.17364152538744937,0.10074004111490101,0.392208038123121,0.099516324007889,0.18034152237848164,0.10559327114774379,0.18467869737428444,0.3121863646742112,0.13135676498154608,0.16578965926051142,0.0631594879092866,0.0822131818661088,0.07746270133371387,0.16241355407207725,0.10982513810537953,0.16927575413156706,0.0753784063713174,0.06319085362513922,0.08599174078583138,0.09864379861655781,0.12206233871033742,0.1342508831785636,0.11915760061583837,0.21120628700378585,0.08313022809878774,0.06982977370035631,0.08471747386473846,0.1338258251678639,0.13186122954885807,0.10430578298697755,0.14129209395241116,0.15162053229688038,0.08546664612546703,0.16825164209429083,0.10113037448054663
GRC,0.2158147875349871,0.14200229328043948,0.10406912106149448,0.11268422916077205,0.09734655505873711,0.10544566258162272,0.14209717794632598,0.08630839962358326,0.13316722371190856,0.08705862913807183,0.24675909832291698,0.08214725364310148,0.09845109696537194,0.0971074689772014,0.10250377698952592,0.12501311776296253,0.1006304319691024,0.19530126619949661,0.09885996572741586,0.08450862698408851,0.1634925830580774,0.10022424826273517,0.09091417358345397,0.07588928631809357,0.16026130305271033,0.0768132588260801,0.09108480797053865,0.08563508063606752,0.09647062995621213,0.10668370468163835,0.0,0.144751317423192,0.07902427883361986,0.07920803528595795,0.10689712877637773,0.0967800288934397,0.14507352725394837,0.10924988448618247,0.08679881795102179,0.08244043859749677,0.10429175919696758,0.09463205792636145,0.12231237197389898,0.28109239032555444,0.10111191381166601,0.1545202052084613,0.08845247916165626,0.41892738013123754,0.12599422063294902,0.1511899492063477,0.09153659003579635,0.19595493344111525,0.29098705955225834,0.11522891279252756,0.14769386265115747,0.0947534445266536,0.09774248694229185,0.11267541742603542,0.13772191554601182,0.08937896963256425,0.14161615568520308,0.09343727337066847,0.09606177525192044,0.0755426202880226,0.09342502343579104,0.10613221388938217,0.11144968411863115,0.12100730973671454,0.22579833832314908,0.129101129104027,0.1017561991099809,0.09214556222668556,0.11505572378168338,0.10452840914728215,0.1046638699453422,0.13128518514517534,0.12284150491278964,0.08783086177581244,0.1509313022234793,0.08538235771220123
HKG,0.25452812269658887,0.1726173573122809,0.1823564817240212,0.15139473539123033,0.14734057099133946,0.14300591492865294,0.1975783664595916,0.1472489484037764,0.20787276677672004,0.1534293477210807,0.28429738111987424,0.15016622246831332,0.1410750126984852,0.15678057377242235,0.17880784293971197,0.20249494889985084,0.17833264365343143,0.24697032707512298,0.1681184698930144,0.12457856784924964,0.20852610057933085,0.14648199122315045,0.15553846680736533,0.12779451690811813,0.2250872832979446,0.1459859253251524,0.15613982708756396,0.1508702746170227,0.14203894617192803,0.14298150587294944,0.144751317423192,0.0,0.15318535642601563,0.15253331248195687,0.1748365823502243,0.17358720639174594,0.1842398084084697,0.1644747593531462,0.14735583677355407,0.14071832730772627,0.17202243439090908,0.16248679480881,0.18027255993735508,0.32280103707305563,0.16603822064675725,0.2196582789287332,0.16122859340291537,0.38292961861134495,0.1656176630061683,0.22523137134703403,0.15866967029806076,0.23403100850346537,0.33873151298801873,0.17312942901113013,0.1895350142116149,0.1333298277736594,0.151515406612741,0.16316506036913864,0.20901240286000827,0.17230268917602076,0.1928829330903373,0.148669930635359,0.1524014454413573,0.15116667463457123,0.16478150829211588,0.13684984909930584,0.192378703442631,0.149220212559333,0.21558539618438216,0.16435642867349895,0.14325961634916687,0.15642123833237367,0.1874711775469431,0.18473132348287516,0.17985564183142805,0.17976834660998692,0.18797295645761414,0.14500813429961906,0.21250914515404024,0.15916802077949854
HRV,0.21040746411718886,0.12445670177626458,0.0907672149854552,0.08691508838754385,0.07286023282765156,0.07313134944910091,0.13555402942401593,0.05997573253205039,0.12919891917682536,0.07012627253409105,0.2423103038606011,0.06890769745466037,0.0851609864839653,0.07183552140498631,0.08538858686043883,0.11927707557202832,0.09412413825712271,0.19100879236010698,0.07957300261108179,0.07916384678231268,0.15566848924928384,0.07628706293555008,0.07269065383305653,0.0808633772918931,0.15773041034191715,0.05117950931895309,0.0772619585147083,0.06558706948917431,0.07278439325221787,0.08322821834712922,0.07902427883361986,0.15318535642601563,0.0,0.06385287088960237,0.09811687664520499,0.08119565836401503,0.1346250545168592,0.096559096733305,0.07698059531092248,0.05695519598211201,0.08506905662577711,0.08130689241243275,0.11057580700798816,0.2840222418300034,0.09041633442305548,0.15311987765744173,0.06961620561573072,0.41917757966663016,0.10497035170811332,0.14587118842729985,0.07581385774885142,0.187951758155107,0.29253156972045996,0.10495423773504994,0.13977830263184454,0.07589520842491977,0.08369363524360243,0.08995289009179987,0.1377002118032383,0.06902541796436859,0.13747888453088047,0.06144789941323298,0.07675696415500498,0.05806895830147571,0.08158317230900396,0.09584427338051982,0.09701751009189839,0.12388290390606178,0.22256993025740196,0.10570204703451208,0.06411543452465368,0.07267400673618758,0.10503496584300655,0.09213443735032596,0.09257886732294134,0.12420316551098003,0.12008065767425986,0.07738221081958836,0.1448163219315559,0.06941417794602822
HUN,0.20863228914569332,0.131627218674477,0.0762314587564311,0.09651125364933551,0.0831240206843218,0.08518138584128204,0.12880407229130034,0.06326607659828756,0.10734752402835052,0.06192024832011992,0.24424336898394028,0.0619919154947104,0.09097717949675582,0.08438483719676303,0.07415211875839657,0.10431401024263244,0.08776079051092534,0.18428515742866028,0.08056605104358501,0.077746880249924,0.16270594026101548,0.06427230819811781,0.06209349668557615,0.08077223950590984,0.1486624214879799,0.05285649002598556,0.07844318962406119,0.06766908582979385,0.07926518885326225,0.09377508497474638,0.07920803528595795,0.15253331248195687,0.06385287088960237,0.0,0.09085825639307352,0.06850232254393801,0.13222999681002753,0.09921317538351185,0.07422920206233913,0.06192339610580891,0.08837370288040611,0.06966596040789752,0.11019673901844572,0.27745924648047643,0.07001255357015493,0.1391186758699132,0.06535228859651661,0.41272643455374125,0.1119957273006546,0.12773349751012575,0.04960148465603238,0.18553787634251492,0.27540611672166976,0.09478410184723376,0.13615829256665268,0.0757164234569832,0.09457137170477412,0.09135247098363078,0.1189060424198741,0.07003460623146897,0.12521670503970758,0.05884683974444428,0.08174905982722326,0.05413281022326686,0.07843286734789735,0.10146528554958083,0.09220712582975671,0.12133872344094736,0.21623410480199196,0.09742820746082448,0.07527332371871547,0.07520052393619801,0.08905215523440346,0.07886871853170575,0.08840120371197938,0.11123564633708416,0.10148106997210851,0.07062365483571036,0.1289150539607049,0.06017980845223615
IDN,0.20220392614645097,0.15002675629250967,0.0776014125529823,0.1295555297745041,0.11721689632477264,0.12489502787819674,0.12970401016935806,0.10186073544263274,0.10545381180068746,0.08626975834515034,0.24991741495158096,0.10435057311998218,0.1248360319340383,0.1117625126364911,0.08671411253649548,0.0999168211996152,0.08001284686805918,0.18571631763972318,0.09020026995259713,0.09919684759025267,0.1826218662865204,0.11556811733862261,0.11455968084817006,0.11608848000860171,0.13575297651747445,0.09446024619624487,0.11365580137616817,0.10712205273817021,0.12112579008229639,0.13070905402798316,0.10689712877637773,0.1748365823502243,0.09811687664520499,0.09085825639307352,0.0,0.08462297238021049,0.15273053226152264,0.12202475645647078,0.11631724981460924,0.10294925923711334,0.09268165535510756,0.11009658797241301,0.1315775661871989,0.2920156699769599,0.11035602310199966,0.15342126272515721,0.10259497129842178,0.4351427035918508,0.14370095920005038,0.12056247895581103,0.08626207673429483,0.2086055477258241,0.29298581394755824,0.08558666165362756,0.13772048140984888,0.11934399373793837,0.12432265935683555,0.11718880529283343,0.12681366184127135,0.07920693616812854,0.11868493611757842,0.09908795982308576,0.10344333135116476,0.08708639533929041,0.09763829531861591,0.11237821797464158,0.0963465595634142,0.15703316763000358,0.24486417218612888,0.1389958702193633,0.11974443824603828,0.11973239359384097,0.09054643147608696,0.0884660078240766,0.0977307520619271,0.14123593652760041,0.12145033392446267,0.11701360099385837,0.14570949651901374,0.10030638427694735
IND,0.20924228275340645,0.13963301047508508,0.07701756888817236,0.11030301221735969,0.10268000971865239,0.10374020968644584,0.11978054549698254,0.0773132544329668,0.10705832823219702,0.07755085469131266,0.24527290636385052,0.08116482802441687,0.11282047364294959,0.10187204788530037,0.06237918301405986,0.10067831892836931,0.08831823059552871,0.18354820500024835,0.08290815820384635,0.09588586374386128,0.17091278747683378,0.09449534111634555,0.08962710009988019,0.10136394894525197,0.13869730039454564,0.07846707706625139,0.1012612804793519,0.08518744315008697,0.10278180458154704,0.11374820775511392,0.0967800288934397,0.17358720639174594,0.08119565836401503,0.06850232254393801,0.08462297238021049,0.0,0.14054184655601082,0.10849988531019585,0.0944451901126181,0.08276375108339216,0.08173298736928095,0.08430210478881872,0.11736952599856403,0.2609992678132579,0.08737405585585444,0.1465498657426625,0.08823361663047004,0.4239910211824443,0.13173441514852496,0.1205901263210389,0.06958603781229045,0.20117770113524083,0.2788225570878404,0.0937066375441808,0.13925107511412724,0.1005286082934007,0.1070460431407899,0.10607816490093591,0.11910085730156626,0.06992255517387311,0.12628709235039642,0.08102745019352071,0.09987284323638985,0.07098116692279517,0.0915952529868506,0.10637288741486642,0.09127814519215548,0.1405564793590058,0.22759078513272007,0.12348577032099149,0.09841369000810714,0.09687566073956644,0.09312465759090524,0.08183933207792989,0.08853822179126661,0.1215733898068718,0.1053527157843309,0.0949687747184785,0.13165565870706702,0.0762221721853763
IRL,0.23906160687645645,0.17310082873160154,0.1416966287496984,0.15335438660943365,0.14498801055482702,0.14308787362508815,0.18084766343965375,0.1379479161512985,0.17403396694711723,0.13485149969955018,0.2675370685114228,0.1348013710587784,0.11351562156147554,0.14376833075332798,0.1448547304339781,0.16349246010200422,0.15211860851331838,0.22376655960958283,0.1463079000686906,0.13978392527423678,0.19788334420362252,0.14623341247020255,0.14051699963404096,0.13686559234299425,0.19509908600037962,0.13439592617636545,0.14505906706372576,0.1366958968183347,0.14216933868363535,0.14877210096764676,0.14507352725394837,0.1842398084084697,0.1346250545168592,0.13222999681002753,0.15273053226152264,0.14054184655601082,0.0,0.1459010717266642,0.13110287607989332,0.1342445090624941,0.1454116778335118,0.1401895004714974,0.16154694575093226,0.30788038472216467,0.14682390388009312,0.1928288621975775,0.1412566226215057,0.4173406980793818,0.16644834826484833,0.1847281162036276,0.13172887087614588,0.22216560285149034,0.3147603258664598,0.15218083646552855,0.1808067893154721,0.13926006481154743,0.15092988420718997,0.1532915324952314,0.1798690856824625,0.14132177651013436,0.17646277422758105,0.1384760124580643,0.1456706010706526,0.1342552342858486,0.14454482454898468,0.1526671383858537,0.15699616325986004,0.15559880242550284,0.24130853135771232,0.16434580227736797,0.13990402935289,0.14062813068596103,0.157560620543815,0.14979215405899896,0.15392751109252314,0.16522873901503912,0.16469528336156644,0.13566827065801118,0.18522607279906614,0.13902664589033917
ISL,0.2227881268743679,0.15107751593723298,0.12025043653524442,0.12066294356153166,0.10664886539651293,0.10750449454056706,0.15053280925261459,0.09724393706578423,0.15207751437691006,0.1053145249155552,0.25487804103431055,0.09300293003674709,0.11044206468172006,0.09876271036208321,0.11297695457775439,0.14272210194920976,0.12154629422406313,0.20287937942169876,0.10864882550645026,0.10742368273737765,0.1737292541240866,0.11109964718354634,0.09783070716338842,0.10231245809464916,0.1745403536178337,0.09162372655832642,0.10896622909724434,0.09443849023712851,0.10403787507155873,0.10818469622184229,0.10924988448618247,0.1644747593531462,0.096559096733305,0.09921317538351185,0.12202475645647078,0.10849988531019585,0.1459010717266642,0.0,0.09214923839488477,0.09279066566930359,0.11408414503117088,0.10745512519477535,0.1349843040481184,0.29482905960097494,0.11417041851719967,0.1752104684822532,0.10813618133238541,0.4120823020187437,0.13546388530674058,0.16449518042406813,0.10744563981903249,0.19940743353992654,0.30397421515547074,0.12215685185832881,0.15447912582334777,0.10338240244332374,0.10332368616537804,0.1186882889666084,0.16193806973419292,0.09859556721241038,0.15214221181994864,0.10148808597807138,0.106213897645507,0.10063425306434366,0.11063219071530783,0.12469623534344196,0.12629878473729358,0.14154409073353869,0.22208126354624788,0.1330941855671837,0.10551084500607052,0.10371781127289281,0.1285279991178356,0.12154080964033386,0.12348305937018908,0.14278081673374002,0.1418326902249704,0.09767668166800691,0.1618595265677682,0.10238876511319107
ISR,0.215258304921658,0.13666495804232262,0.10735392050505277,0.10415591823556143,0.08617014501370408,0.08507832363831205,0.14629448305986084,0.07587093719362027,0.14718517757452976,0.08073646579144182,0.24041905092375304,0.06089995879016287,0.0776716471367169,0.08385887190950897,0.09052295450255246,0.13261984852324127,0.11607457591118721,0.199682109018637,0.09646968351334552,0.09052915595471771,0.16537032136796667,0.08668377013346217,0.06877074278578703,0.07969168649580258,0.16815291552580205,0.07091529765439829,0.08680511108257036,0.0672061181696264,0.07355669456387154,0.08982450534449482,0.08679881795102179,0.14735583677355407,0.07698059531092248,0.07422920206233913,0.11631724981460924,0.0944451901126181,0.13110287607989332,0.09214923839488477,0.0,0.06769335700446624,0.10351115174215855,0.08309495208172082,0.11852336646563266,0.2874788578001493,0.0818266401003237,0.16950358565603707,0.08824945979461671,0.39225238361680426,0.12380329003809043,0.16055182824244593,0.08057802746325064,0.17692879052009583,0.30156615093271083,0.10602154738330569,0.14855347297377886,0.06826081507347058,0.09766933644194316,0.10851506127172186,0.15251817716284571,0.09027380509878712,0.1493652166061693,0.08684503366484986,0.09210016688433323,0.08042027162347862,0.09449609069571915,0.10991898171818458,0.11576725409085775,0.10932749159402742,0.20445040551718058,0.12010026261124798,0.08504202580652163,0.07447409577296804,0.10962915025460035,0.1131761228521184,0.11217963096614397,0.10317656645703221,0.13116579062977562,0.058119922038880285,0.1430015307113164,0.07500758812478103
ITA,0.21127316578695352,0.1164822669680106,0.10216088195646064,0.07739266580353948,0.050287478648488,0.0599429861910768,0.13583253154453673,0.04255315507270033,0.13882676358760707,0.0681898302575303,0.24149703745394757,0.061547514417273956,0.07487804036829873,0.06819157535408264,0.08199056223560973,0.12651546179414455,0.10377600036284174,0.19299370604876034,0.07865385775690281,0.08163035522988087,0.1554715959236844,0.05996160857578894,0.054958242257440615,0.06667245076092103,0.16196149544664754,0.04425765606592363,0.07045165216796571,0.051342513578438394,0.05191440784886848,0.060644113492352984,0.08244043859749677,0.14071832730772627,0.05695519598211201,0.06192339610580891,0.10294925923711334,0.08276375108339216,0.1342445090624941,0.09279066566930359,0.06769335700446624,0.0,0.09035303028089231,0.07435690226950162,0.11068685090693278,0.28182124870448627,0.0819864522726324,0.1627041437292441,0.06894890348798095,0.4045007023744162,0.0955101890370495,0.16037014301948552,0.07321560726988981,0.18087823393016217,0.3017342397539822,0.10458438157137769,0.14393764883613572,0.058917114337466624,0.07686069051800332,0.08503686610687196,0.14552087511155673,0.07892587334875129,0.14579675591408806,0.05500444089667065,0.05587195744397655,0.056938113871759746,0.07528921269100798,0.0986156258178926,0.1125111199623901,0.1128333204975935,0.2095094946771816,0.08660203511764533,0.049840274064087385,0.06362958705831462,0.10684102489466978,0.10231493880552,0.08520561837120573,0.11694301106038277,0.12483544973315844,0.06410942557346085,0.14844850528416711,0.06857524430053717
JOR,0.21717135102178164,0.1388262107554443,0.09579477768036174,0.11553565116070447,0.11076704616351725,0.10499912157317418,0.14485865174179527,0.07850167952712263,0.12056983363513499,0.08833315573350223,0.2477399025886965,0.09511532505465048,0.11518854713802244,0.1051567818169404,0.0890204927243751,0.10631571148971783,0.09803010816865464,0.18482469225038092,0.08673839145832164,0.10176582478148224,0.1747064785204095,0.10888441063223596,0.10487735584808718,0.10470242801787905,0.1532741083762799,0.08334478519985977,0.10605850605118174,0.09336618956878717,0.1120029590005093,0.11872749806152115,0.10429175919696758,0.17202243439090908,0.08506905662577711,0.08837370288040611,0.09268165535510756,0.08173298736928095,0.1454116778335118,0.11408414503117088,0.10351115174215855,0.09035303028089231,0.0,0.10523605600765158,0.1299108263232907,0.29026735576606766,0.10833258038834312,0.16883205402561868,0.0945896998289958,0.4309950826104513,0.13214047025898842,0.13881566700734246,0.08478815952463614,0.20591204708977967,0.3011441059376699,0.09292631906073166,0.12644430978165935,0.10492646256680378,0.10433472785284907,0.11337875973606398,0.15055829041675137,0.07733477692667962,0.11512333013604777,0.08431304390742742,0.10581973165297866,0.08303652940971873,0.10016506908139099,0.11246072658769336,0.10427506536750278,0.14454419759999146,0.23511139188674224,0.13780283818239633,0.10441980280695252,0.10752590043970794,0.10897273501784589,0.10784677342876176,0.10923978395548327,0.13698540088965572,0.11793446469152073,0.10591664563591362,0.15288807566924187,0.08493516145079531
JPN,0.2150017775499426,0.14160355316976841,0.10983951559780099,0.11388968819643588,0.09115921550077018,0.09920617383276217,0.15031238929765206,0.0767552094546162,0.14951037888020716,0.08510932681794131,0.2444673852988019,0.0725803977974985,0.09677120151391304,0.09841159495840418,0.08086281483151117,0.13773052484173073,0.1157602273152819,0.20028056295759183,0.10775386638520162,0.10394881120118789,0.17033636927629814,0.07243507783688793,0.060315070827030956,0.09041961949389649,0.16497237693764857,0.07683685193748979,0.09378167894491267,0.0717164431341568,0.09565796964251704,0.10619969355126954,0.09463205792636145,0.16248679480881,0.08130689241243275,0.06966596040789752,0.11009658797241301,0.08430210478881872,0.1401895004714974,0.10745512519477535,0.08309495208172082,0.07435690226950162,0.10523605600765158,0.0,0.12014537320393313,0.2656500806976392,0.060731086612864665,0.1718491858624467,0.09341826114367198,0.4252257738819774,0.1296667260653484,0.16390387468050435,0.07342638619044553,0.19247053713252454,0.3035352449479626,0.1131351429870683,0.15563906623774107,0.09277275415967412,0.10494463671047939,0.11984647163803139,0.1540787169583846,0.09312240202248075,0.15660298555746288,0.08588940579663391,0.09653088313349772,0.0754175741272422,0.09220916117387801,0.10663791871943994,0.1225382207392939,0.1282257602833335,0.23150633116794772,0.09990967628669964,0.08822765216276234,0.07854818883465882,0.10924875342719309,0.11324334499443584,0.1062128063585227,0.10977962241420575,0.1258754852241329,0.08148292373937412,0.15416095668645424,0.07417682044695417
KAZ,0.18869816014313276,0.15799152507470957,0.1272311287410757,0.13063834401807023,0.1259817566372175,0.12858869434503006,0.1594145631812853,0.11037524620506349,0.16358501454340182,0.11242071097643937,0.25533961128736615,0.10388966965184657,0.12796065734385517,0.11620389920618553,0.12367185193736832,0.14964040590932942,0.1241168921265565,0.18906829596727528,0.12653350309352132,0.11898796104582929,0.18890889839346628,0.12547992308672956,0.11711334612281658,0.12278759606367305,0.16384851423925503,0.11190884417120843,0.12063680864615194,0.11268298690326022,0.1227888835552429,0.13333327217250415,0.12231237197389898,0.18027255993735508,0.11057580700798816,0.11019673901844572,0.1315775661871989,0.11736952599856403,0.16154694575093226,0.1349843040481184,0.11852336646563266,0.11068685090693278,0.1299108263232907,0.12014537320393313,0.0,0.28696663778723935,0.1278728397835091,0.17236893779131054,0.11190682543419113,0.4323994091844872,0.1475773734227958,0.178185730616422,0.10602429066240918,0.21381650023469254,0.2945673098905761,0.12343173552648397,0.1671925170902746,0.1217954739074728,0.13021194054430751,0.13779055085649797,0.15809865218185978,0.1065231460196789,0.16917655692816053,0.1170436395429365,0.12913441957802924,0.10505929623110284,0.11297636891681477,0.12305658475651053,0.13753631727421314,0.1561518260189161,0.2384121000822608,0.14802957606783593,0.11773023224446366,0.11594363115651089,0.14114121102387248,0.1276683523122982,0.13065302454084077,0.1531354091377358,0.14071573029704934,0.11108010956165804,0.16514414463454277,0.10332913459426439
KHM,0.33856706696854666,0.30664500725537785,0.2829174426182847,0.29250199212070976,0.2863651382015627,0.2904410467591597,0.2678909193000439,0.26794443956853914,0.28114609438701665,0.2856717565339647,0.36722510054110696,0.2837627065741056,0.2961258708664353,0.2925862416394745,0.26826021609775996,0.28728374384996147,0.28625286938480216,0.32787231500542113,0.29035519372833424,0.29043083246804735,0.3212904951890163,0.28844266506698857,0.28717405165597515,0.29007143941305674,0.2859435510740676,0.2855675712236278,0.28950412290337574,0.27789894528495607,0.2913941038782682,0.29656984867408354,0.28109239032555444,0.32280103707305563,0.2840222418300034,0.27745924648047643,0.2920156699769599,0.2609992678132579,0.30788038472216467,0.29482905960097494,0.2874788578001493,0.28182124870448627,0.29026735576606766,0.2656500806976392,0.28696663778723935,0.0,0.2815182637980611,0.27356068096324876,0.28572974524764977,0.5047950271555777,0.299370191343791,0.29365762281875496,0.2839336929797647,0.3386827252751567,0.3187203357806272,0.29447132256256386,0.29871449538659167,0.2911497749742743,0.29513614026571794,0.29221489044420934,0.26946093508795826,0.2833879607196516,0.29756593017703403,0.28373685388990555,0.290009352313006,0.2771690579974198,0.27922203256712586,0.28966310347234797,0.28421933101897284,0.30650120375740536,0.35273498858861724,0.2958392095645067,0.2873550522099702,0.2853563053395423,0.28943267574338755,0.2820646815796357,0.26563057760717,0.278513338767279,0.23887722395575123,0.2887845830150695,0.27398061732930606,0.2769464996897359
KOR,0.21768556704171974,0.14282557678698427,0.11274202463294103,0.12270103257402952,0.09953076971459084,0.10838840107075294,0.1486021696667649,0.08920700106584437,0.14798612370419004,0.09031848891366044,0.246679457773678,0.08215378363094158,0.10242706813255142,0.10573172210748416,0.063510141648925,0.13823094301431205,0.11718923503847684,0.20316013468192878,0.11015125489636461,0.11244766144960841,0.1760802342941729,0.08066289835493931,0.07156960040375605,0.10119065476953616,0.16907713728256468,0.08490650386319405,0.09738914107874765,0.0795537941975511,0.10368273562644233,0.11388610823932972,0.10111191381166601,0.16603822064675725,0.09041633442305548,0.07001255357015493,0.11035602310199966,0.08737405585585444,0.14682390388009312,0.11417041851719967,0.0818266401003237,0.0819864522726324,0.10833258038834312,0.060731086612864665,0.1278728397835091,0.2815182637980611,0.0,0.17489339327177922,0.10147089281959572,0.42001108062662773,0.13613330819845215,0.16369521590335795,0.06928962669096587,0.16871793231331791,0.30567293901190606,0.10876536852459762,0.16046884959351465,0.1000810932833976,0.11230089390750121,0.12720780454182185,0.15610127471096566,0.09825317439653905,0.15662056566002713,0.09208396611543047,0.10113232693273744,0.08612026279847612,0.10033723810043176,0.11626093094092457,0.12869530395060025,0.10947553438506362,0.22770563921401332,0.10439977540571571,0.09738517225226001,0.0911172851819241,0.08258605719805306,0.11380079597528926,0.1104692649144998,0.07401933977673536,0.13647684386215841,0.09002822602775704,0.13182555168417823,0.08514803332725995
LAO,0.22725911178353644,0.1955977633921453,0.140631982007423,0.1704103387324928,0.163409222761494,0.17936549511468255,0.14057219151530304,0.15829909361534567,0.12044316886373127,0.15470724783166528,0.2844673512689287,0.1603978366051685,0.17410567792320258,0.16039900979581917,0.15375263927865698,0.14100044338842133,0.14850212324727127,0.21429416019250716,0.15204287355852655,0.15846236048997422,0.21915002683447504,0.16862855220782608,0.17082077806186413,0.1694574298236698,0.17146535962871193,0.1601782619845688,0.1652370132439415,0.16530687577710992,0.1669486119545354,0.17364152538744937,0.1545202052084613,0.2196582789287332,0.15311987765744173,0.1391186758699132,0.15342126272515721,0.1465498657426625,0.1928288621975775,0.1752104684822532,0.16950358565603707,0.1627041437292441,0.16883205402561868,0.1718491858624467,0.17236893779131054,0.27356068096324876,0.17489339327177922,0.0,0.15550233696908233,0.4429139258537687,0.17851906042931442,0.1490042399270826,0.15941556135905705,0.2393562151230989,0.18528004220436903,0.1734809777370953,0.17511295622590503,0.1728461003829206,0.17951214268192922,0.15726595722646114,0.09035963376779926,0.14912433883350087,0.16325021618671628,0.15710296074454563,0.15679641303421188,0.14209517378737724,0.1489536001261173,0.1669905935344222,0.14791406348618547,0.20189906725619908,0.25867826289446094,0.17908884812339512,0.17128686679999122,0.17026517142955258,0.15641980850019552,0.13855919116518464,0.1286980236168259,0.19188828060320529,0.12016422027274735,0.16909478431472738,0.12889970739527226,0.15072687651523273
LTU,0.21415215369948393,0.1372561769165444,0.09282421288627693,0.10358088419431162,0.08891183648408627,0.09009299540539235,0.13940261316744756,0.0669291799272133,0.1270247320972413,0.0760039182628663,0.2464423612565309,0.07806249370452234,0.1005116911118243,0.08603435761339097,0.09603907222406255,0.11249428559921347,0.09430575739122161,0.18360640018317523,0.08961146291793083,0.08667444198920561,0.16241350631430226,0.08591503204116822,0.08454299865886782,0.0902788896015251,0.15739733074374782,0.06570684752400781,0.07520414752499338,0.07671017512059274,0.08675111347445438,0.10074004111490101,0.08845247916165626,0.16122859340291537,0.06961620561573072,0.06535228859651661,0.10259497129842178,0.08823361663047004,0.1412566226215057,0.10813618133238541,0.08824945979461671,0.06894890348798095,0.0945896998289958,0.09341826114367198,0.11190682543419113,0.28572974524764977,0.10147089281959572,0.15550233696908233,0.0,0.42118604528070674,0.10308254174309929,0.14507700468850226,0.07751753617359267,0.19558651997031434,0.29297333900923983,0.10826073472932685,0.14178794905295825,0.08772207028974957,0.09752881564206715,0.09808087024390462,0.13700314228884394,0.07702304432235489,0.13440929867258997,0.06918285084288676,0.0885062963825853,0.06585768208692623,0.08111012560011806,0.10980476623235667,0.1007458576976962,0.1337328610483034,0.22440356855750052,0.11725857441214153,0.08072795061354135,0.08530387945374564,0.11073557367907406,0.08882459860597182,0.08961864252463053,0.1318074175287917,0.11693262880304982,0.08748089783454947,0.15028261912249516,0.08009904580696346
LUX,0.4646956373090032,0.4341470474447036,0.4241583439845477,0.40930633218043383,0.40494327100562943,0.4069094980385059,0.43289655450165376,0.4134686365082438,0.4370012561797306,0.4124894028955248,0.48379573617248856,0.39490617065555156,0.4025752191853281,0.4164255307162917,0.4285849385288678,0.44096221222704535,0.4346927482071756,0.4649489183518909,0.41654606503137237,0.40333457734048034,0.417001237159722,0.41489633329235676,0.40493099865427806,0.4006656955007627,0.45237316500813834,0.41066313141499133,0.4205496880513258,0.4119109454400668,0.38873156003435777,0.392208038123121,0.41892738013123754,0.38292961861134495,0.41917757966663016,0.41272643455374125,0.4351427035918508,0.4239910211824443,0.4173406980793818,0.4120823020187437,0.39225238361680426,0.4045007023744162,0.4309950826104513,0.4252257738819774,0.4323994091844872,0.5047950271555777,0.42001108062662773,0.4429139258537687,0.42118604528070674,0.0,0.4197267164898363,0.4417356143924293,0.42144011664327063,0.45127705474281016,0.5157871160960317,0.4138264692333609,0.43445133448639517,0.3941069311702826,0.4202615192225183,0.41704050900579476,0.44155968153118774,0.42854399909150653,0.43957714613712673,0.41662940252159575,0.4068616773458898,0.4238971369858942,0.4240182388472398,0.42765041499440587,0.4345196062933196,0.40882958686139864,0.2776146691256368,0.4163342041148954,0.41211771652145646,0.4190201288860404,0.4347072076643435,0.4321943250249136,0.4292248740862471,0.41787634404606944,0.4341585621360828,0.38259732240999367,0.43742265613434295,0.41504742800750904
LVA,0.2313984262386801,0.13853129349906343,0.1445562776467973,0.10194321484030083,0.094166048787661,0.09018050205438317,0.16624131722044966,0.0981297881560184,0.1675543094037278,0.12259174399219179,0.2640447969876384,0.11768468222221942,0.12159064977348884,0.11153620186417723,0.13212059745575347,0.15549271895302863,0.14106462988131127,0.21700719834090204,0.11804430689521998,0.12358515601321092,0.15164360503804455,0.10125876690866775,0.10913216982796717,0.11457337882750188,0.18460302414787969,0.09948433063327543,0.06753290633843934,0.09709921892904325,0.10008906618704688,0.099516324007889,0.12599422063294902,0.1656176630061683,0.10497035170811332,0.1119957273006546,0.14370095920005038,0.13173441514852496,0.16644834826484833,0.13546388530674058,0.12380329003809043,0.0955101890370495,0.13214047025898842,0.1296667260653484,0.1475773734227958,0.299370191343791,0.13613330819845215,0.17851906042931442,0.10308254174309929,0.4197267164898363,0.0,0.1864354233948924,0.12440716335745883,0.20012724484912553,0.3092470978834478,0.1466922212809029,0.17411283800643743,0.10510443250040831,0.10978247496793261,0.10848941769526543,0.17094458789491912,0.1254403850241154,0.17657093487910974,0.09669108999338402,0.09789909449001902,0.10711826056478736,0.1179705837705723,0.13727702022059887,0.13837444629403167,0.1398519570130286,0.23109726337225298,0.11711820846969219,0.08645106509043421,0.10948653971637361,0.15009798293902316,0.13595783592049848,0.12406179816437496,0.15932604099520956,0.15607629681275817,0.12021078519105023,0.17488926952181016,0.1229741238193468
MAR,0.24545471146846845,0.20261173180277578,0.0984177179929469,0.17089033106640247,0.17162816816440257,0.17160462543108312,0.15115865625494904,0.15389479085342073,0.07302930118080607,0.1344297535542326,0.2882314544949849,0.1521353917771184,0.17462090101073655,0.16099956472716623,0.13341511438792925,0.10888837956205619,0.12020562818949934,0.1960384182980184,0.12648424162073277,0.13539555649781082,0.2112816110582322,0.16607063902587607,0.1651073377104046,0.1645139728318168,0.17381091961480163,0.14324958022488998,0.16652205350432658,0.1607817012910107,0.1670304497331713,0.18034152237848164,0.1511899492063477,0.22523137134703403,0.14587118842729985,0.12773349751012575,0.12056247895581103,0.1205901263210389,0.1847281162036276,0.16449518042406813,0.16055182824244593,0.16037014301948552,0.13881566700734246,0.16390387468050435,0.178185730616422,0.29365762281875496,0.16369521590335795,0.1490042399270826,0.14507700468850226,0.4417356143924293,0.1864354233948924,0.0,0.13570825128570976,0.24627923871280374,0.2727474970801306,0.14641802790161806,0.16184601861045045,0.1638756284042545,0.17352069693249358,0.14499103960626597,0.12616856125729844,0.12092754250874992,0.12403287925462692,0.14620122591555457,0.16040907123103396,0.1382651334308542,0.15241157835158958,0.16782255046355468,0.08989014049493399,0.20345310544949796,0.2631582665794765,0.18850088136810722,0.17112570710167768,0.169445607126727,0.13531735877684326,0.09519360867070335,0.13913911262698703,0.18414547629840866,0.13422665040152654,0.1622492183771625,0.16103967291108937,0.14195130179374998
MEX,0.20829418166056984,0.129483076284853,0.08127313611654198,0.10478731668350974,0.09463324239040395,0.09332394082774503,0.14004871618699194,0.07447388461465057,0.12241755078017,0.0614149631451888,0.2422148113836715,0.06838221605131133,0.09876093066232358,0.0915445591145508,0.07026812480843543,0.11098386669952703,0.0935215801812715,0.18127320402058567,0.08365210282527813,0.08320740538450536,0.16732809563856982,0.07839632531658977,0.07639395995857223,0.09019741541891453,0.14739697925934997,0.06474221958137434,0.0900414204720057,0.07637596590591021,0.09260807692354159,0.10559327114774379,0.09153659003579635,0.15866967029806076,0.07581385774885142,0.04960148465603238,0.08626207673429483,0.06958603781229045,0.13172887087614588,0.10744563981903249,0.08057802746325064,0.07321560726988981,0.08478815952463614,0.07342638619044553,0.10602429066240918,0.2839336929797647,0.06928962669096587,0.15941556135905705,0.07751753617359267,0.42144011664327063,0.12440716335745883,0.13570825128570976,0.0,0.18696943194503504,0.29515625444560073,0.08454397922160005,0.14020244134248,0.08657878692656552,0.09859713762084021,0.10230943490283759,0.13763655473055655,0.06937469144440565,0.12667318075788567,0.06925338237877929,0.09386304646642252,0.06446800985502073,0.08376255405945515,0.10017480630700434,0.10058404702910982,0.1174616873534657,0.22617165558806304,0.10944663558487969,0.0860820714094111,0.08747726705657942,0.08538446074626557,0.09195803678562708,0.09791306962710931,0.10522098737722205,0.11721929126401275,0.08101517068306546,0.13637977405387383,0.06945373955724682
MLT,0.2763230305692995,0.20915963957962758,0.2110536560887679,0.19585971507756128,0.18051967085623405,0.19184960343794735,0.23054264161384022,0.18216379804972088,0.23144190301740195,0.19496274788745172,0.30095323758505105,0.1934060678141755,0.1823402045006615,0.18782624238101792,0.18019215662215976,0.22569378261582235,0.21073841302167642,0.26843759616164053,0.19140963214076137,0.20480502831984548,0.23567115724675086,0.1881869793824941,0.18675409008786964,0.19477240234367785,0.2442453414459169,0.18625012951582656,0.184036253822191,0.18396442565603974,0.1866235062971931,0.18467869737428444,0.19595493344111525,0.23403100850346537,0.187951758155107,0.18553787634251492,0.2086055477258241,0.20117770113524083,0.22216560285149034,0.19940743353992654,0.17692879052009583,0.18087823393016217,0.20591204708977967,0.19247053713252454,0.21381650023469254,0.3386827252751567,0.16871793231331791,0.2393562151230989,0.19558651997031434,0.45127705474281016,0.20012724484912553,0.24627923871280374,0.18696943194503504,0.0,0.35247212197087746,0.20336260283975557,0.23858680415725822,0.19026568477405673,0.1960182390908239,0.2002227289992326,0.231203244686272,0.19872028876180745,0.23494692841986806,0.18940239849418597,0.18269986523342346,0.18805169474783215,0.1916625870292785,0.20831992858740575,0.21633061025329944,0.17134001954314748,0.2831525804699303,0.18553949404325562,0.1877485740779606,0.18927886287030532,0.1680961638790822,0.21039336853600615,0.19597918879435094,0.16056545905022795,0.22472396224315688,0.1942482069579512,0.1879699781969417,0.1966877965158456
MMR,0.3312319640590462,0.32345441201040054,0.2749581121306008,0.30268565198519515,0.3076060733382803,0.3105167273754747,0.23770495282030715,0.29394162236944393,0.2428146362867442,0.2952577435849169,0.3784560542985609,0.2957077797149719,0.31044383890402005,0.30226410203821447,0.2872596753383009,0.2660720682319957,0.2825348201512527,0.3287662971490835,0.29556560755685607,0.299384049813921,0.3326697553083697,0.30347651118461844,0.30557787021886357,0.3029297564165289,0.26930638412799085,0.30055787637623865,0.3009982131092417,0.3015777111179161,0.3050361410623382,0.3121863646742112,0.29098705955225834,0.33873151298801873,0.29253156972045996,0.27540611672166976,0.29298581394755824,0.2788225570878404,0.3147603258664598,0.30397421515547074,0.30156615093271083,0.3017342397539822,0.3011441059376699,0.3035352449479626,0.2945673098905761,0.3187203357806272,0.30567293901190606,0.18528004220436903,0.29297333900923983,0.5157871160960317,0.3092470978834478,0.2727474970801306,0.29515625444560073,0.35247212197087746,0.0,0.3025141835222661,0.2850143480241979,0.30435432946334534,0.30840433205329204,0.29161563944232227,0.1974332278250039,0.2870409625545922,0.28172343901603125,0.29341784923438985,0.30380954952535116,0.2840069071962496,0.2919008883768243,0.29884633335304794,0.2819760459178617,0.3238984428476817,0.35887514559981004,0.31495614083509277,0.30322017296884257,0.3039653798568664,0.29055351233480575,0.27391953342014486,0.27054916481124724,0.3137637150176006,0.22677311891041524,0.3020513947599558,0.22903328410213677,0.2860730635594749
MYS,0.19489933960285902,0.15047086371838725,0.08831743205247895,0.13325814308148856,0.12282137248278169,0.12169156050026478,0.158429674230016,0.10072276936501665,0.13307423470031282,0.09219670546811179,0.24584691961600733,0.09772105722930509,0.12433711932586543,0.11881028667271094,0.1000230919731242,0.12002521854034075,0.1007438099958957,0.19193897140868413,0.1003486092818433,0.1084825185029123,0.1831666458002906,0.11955160203264574,0.1124193867961818,0.1164704276701478,0.12745986237463433,0.09701760269107339,0.1153909037809789,0.1075090285730169,0.12103952466408018,0.13135676498154608,0.11522891279252756,0.17312942901113013,0.10495423773504994,0.09478410184723376,0.08558666165362756,0.0937066375441808,0.15218083646552855,0.12215685185832881,0.10602154738330569,0.10458438157137769,0.09292631906073166,0.1131351429870683,0.12343173552648397,0.29447132256256386,0.10876536852459762,0.1734809777370953,0.10826073472932685,0.4138264692333609,0.1466922212809029,0.14641802790161806,0.08454397922160005,0.20336260283975557,0.3025141835222661,0.0,0.13926976242267752,0.1128154755614451,0.12220895951455726,0.1288343885958243,0.1484996132323132,0.09156897085119695,0.1209713544731412,0.10420382986464613,0.11847404393947479,0.09910612800571965,0.10615908560071405,0.1166423882176938,0.11556003643933213,0.14341231430936582,0.22520229578820947,0.14594674878195002,0.12091427614653308,0.11956556632418781,0.10236174985929761,0.11304780880086114,0.12536607193047575,0.1278001100016348,0.12189726218799843,0.10640752030471373,0.15492704038586108,0.09922171124075642
NGA,0.24612780513363414,0.19224238273198255,0.13573261442633167,0.16641933710437254,0.1593737570303101,0.15589708175089548,0.1616610801103595,0.1312258337338544,0.14157019477540425,0.13648568970291483,0.28153928381155774,0.1448463524838695,0.1561259568960318,0.14661999427842537,0.14662306592737914,0.13280104583398175,0.1365484821283267,0.19977118600769075,0.14676983096039567,0.12887101201936413,0.20856689247351376,0.15597982257071494,0.15430675572347882,0.14761657021795327,0.1927810853981501,0.1329954055180448,0.15530265642239535,0.1523502090148072,0.1554053447865941,0.16578965926051142,0.14769386265115747,0.1895350142116149,0.13977830263184454,0.13615829256665268,0.13772048140984888,0.13925107511412724,0.1808067893154721,0.15447912582334777,0.14855347297377886,0.14393764883613572,0.12644430978165935,0.15563906623774107,0.1671925170902746,0.29871449538659167,0.16046884959351465,0.17511295622590503,0.14178794905295825,0.43445133448639517,0.17411283800643743,0.16184601861045045,0.14020244134248,0.23858680415725822,0.2850143480241979,0.13926976242267752,0.0,0.15028869915554094,0.1566290219608989,0.15684381570034403,0.1652104270024769,0.13072058295509376,0.09548397289015782,0.1375761460761052,0.15171433793365616,0.13209469104797059,0.1467266010334162,0.15769029674527946,0.13608659309897225,0.19018254757145142,0.25503731669001106,0.18078264504683328,0.15768955810114804,0.1562369933208904,0.15136146177091525,0.1518782237501846,0.1500971378534825,0.18138008064672395,0.11771897028432009,0.14829512101248743,0.17482980509797347,0.14134665188466264
NLD,0.21765407484975752,0.12325160208734416,0.11134446082278596,0.06635063390466,0.07264923761979852,0.05441180240798133,0.15096576517287927,0.06512532761995966,0.14720668753194466,0.08234251045756595,0.25138960018449075,0.07052811370862254,0.07640464929516058,0.07749168684532454,0.10455523234862768,0.14013058688830585,0.11797358399075158,0.19979318328331724,0.09171752426882891,0.08128630911930299,0.15907454947684554,0.07206049831579356,0.07175905982212412,0.06574697360280604,0.1693602249001963,0.06142791056777593,0.08641580447953601,0.06835127793724219,0.055685313538281635,0.0631594879092866,0.0947534445266536,0.1333298277736594,0.07589520842491977,0.0757164234569832,0.11934399373793837,0.1005286082934007,0.13926006481154743,0.10338240244332374,0.06826081507347058,0.058917114337466624,0.10492646256680378,0.09277275415967412,0.1217954739074728,0.2911497749742743,0.1000810932833976,0.1728461003829206,0.08772207028974957,0.3941069311702826,0.10510443250040831,0.1638756284042545,0.08657878692656552,0.19026568477405673,0.30435432946334534,0.1128154755614451,0.15028869915554094,0.0,0.0757820257702701,0.07879696886481045,0.15594337072074937,0.09695164741484928,0.1497516436384819,0.06586612628274059,0.08560369136891587,0.07906432367004268,0.10047884328633581,0.11079930433515779,0.11599276562463735,0.10947444564144161,0.20917179506419828,0.10336545780973816,0.06426483174135912,0.07058125073411657,0.1253068342985758,0.11708494501226581,0.11368089966296223,0.12313175872103624,0.13466653464397474,0.06518272289216326,0.15899758981800757,0.08363335746073924
NOR,0.21400904336018467,0.10620642379688004,0.12529134144681178,0.07012326262760339,0.08632625608675731,0.07362336041586981,0.1533345062514588,0.07775204166738042,0.1551937806666896,0.10174884499049719,0.25118590056751644,0.09057968321307842,0.10364768160958204,0.09191198253618275,0.11118781792990223,0.14405456190425547,0.1215481438144488,0.20278615550060575,0.096799368635725,0.10168102753384022,0.16091649179258669,0.08631173374667979,0.09402311183061256,0.07682629510876605,0.17156925273138576,0.07786159859364353,0.09566370142785112,0.0790489953626102,0.08404091832261788,0.0822131818661088,0.09774248694229185,0.151515406612741,0.08369363524360243,0.09457137170477412,0.12432265935683555,0.1070460431407899,0.15092988420718997,0.10332368616537804,0.09766933644194316,0.07686069051800332,0.10433472785284907,0.10494463671047939,0.13021194054430751,0.29513614026571794,0.11230089390750121,0.17951214268192922,0.09752881564206715,0.4202615192225183,0.10978247496793261,0.17352069693249358,0.09859713762084021,0.1960182390908239,0.30840433205329204,0.12220895951455726,0.1566290219608989,0.0757820257702701,0.0,0.08248833220277202,0.16708648454933078,0.10384333392704823,0.1585672327212974,0.07105991820804106,0.1005793372142779,0.08911168141522106,0.10162123070233649,0.11907047178802486,0.1287771257852301,0.1147282738909171,0.23223679488748064,0.11641656067750873,0.07615971221445458,0.08546038773224028,0.13275402770904557,0.1235595569042081,0.12176183460575461,0.13960796640533207,0.14446643944578264,0.09636060773123274,0.16404393374126908,0.10127186384746352
NZL,0.2246280255386131,0.12051128343420398,0.10706699789261816,0.06055032873337212,0.08153766937899269,0.07557626445993197,0.14817474347887977,0.08577374638598144,0.1250319231955751,0.09821381004463972,0.2610982634718286,0.1023191930495512,0.10985859545835855,0.09388431990214287,0.11317090235812895,0.12921947224182948,0.1159856830077301,0.19758267728578893,0.08269905254236042,0.09630977505585178,0.15999304764709385,0.0890050567620936,0.10636903184506105,0.09544204694392916,0.16877623511740678,0.08328124465162254,0.10838985907124782,0.09392991128553056,0.08119931469316549,0.07746270133371387,0.11267541742603542,0.16316506036913864,0.08995289009179987,0.09135247098363078,0.11718880529283343,0.10607816490093591,0.1532915324952314,0.1186882889666084,0.10851506127172186,0.08503686610687196,0.11337875973606398,0.11984647163803139,0.13779055085649797,0.29221489044420934,0.12720780454182185,0.15726595722646114,0.09808087024390462,0.41704050900579476,0.10848941769526543,0.14499103960626597,0.10230943490283759,0.2002227289992326,0.29161563944232227,0.1288343885958243,0.15684381570034403,0.07879696886481045,0.08248833220277202,0.0,0.14175235579623785,0.10353537669272007,0.1503066901165996,0.06804006673285272,0.0937262170833158,0.09018429579138815,0.11014397625986212,0.12936390796414945,0.10978104943615087,0.13534238484893077,0.23459341926700072,0.1113596925687163,0.08404080996990418,0.09844961030814811,0.12870389923295167,0.10970750267294271,0.10722278319440974,0.1519250117593778,0.13647384964546477,0.10555525673078515,0.15692581196439673,0.10616841524143779
PAK,0.22462859274649635,0.1882214743647832,0.10578048680396977,0.16004367927400184,0.15217958404098697,0.16420901265307034,0.12163675079217963,0.14360044080007803,0.09313980140264726,0.13139282414997946,0.2749154268034395,0.14483195797706291,0.15999830844846455,0.15084598107751007,0.13047060916671663,0.118132297420355,0.12394946192459971,0.21052282172583248,0.13227098230249287,0.14247727826030682,0.20580300680138136,0.15338196924352987,0.15451636939385519,0.1545988024609096,0.13946945725023482,0.1423471981628247,0.15231852279016542,0.15065042654803878,0.15377774754535348,0.16241355407207725,0.13772191554601182,0.20901240286000827,0.1377002118032383,0.1189060424198741,0.12681366184127135,0.11910085730156626,0.1798690856824625,0.16193806973419292,0.15251817716284571,0.14552087511155673,0.15055829041675137,0.1540787169583846,0.15809865218185978,0.26946093508795826,0.15610127471096566,0.09035963376779926,0.13700314228884394,0.44155968153118774,0.17094458789491912,0.12616856125729844,0.13763655473055655,0.231203244686272,0.1974332278250039,0.1484996132323132,0.1652104270024769,0.15594337072074937,0.16708648454933078,0.14175235579623785,0.0,0.12768209589803953,0.14874674604307161,0.14255804930691915,0.1417211991675451,0.12595908924958732,0.13228322877825568,0.15258932766977948,0.1236156289715702,0.18789274932742292,0.2562034552459377,0.16784671559784556,0.1566814155746845,0.15606141041019397,0.1319055086573724,0.11115107452383342,0.10914933479686573,0.17461603684600324,0.10445064745399782,0.1522800208555411,0.12836276341949077,0.1339730482296404
PER,0.20883527519433834,0.14267382320264288,0.06903644061892407,0.10823605110944372,0.10017008847931883,0.09992477401304752,0.12923353795384623,0.07470644647472642,0.10851650032001849,0.06853574153535272,0.2472947758520235,0.07613058287707933,0.10710466867705291,0.08429386967374783,0.08129070277452945,0.09640836774980635,0.07113978471913326,0.17216420153092013,0.07341542107825091,0.0788859172386281,0.1603505328687937,0.10062835649749483,0.09072989734272735,0.10047721072384992,0.1448081235652366,0.06664512476185651,0.09286647736829233,0.08409375156764758,0.09701365849006933,0.10982513810537953,0.08937896963256425,0.17230268917602076,0.06902541796436859,0.07003460623146897,0.07920693616812854,0.06992255517387311,0.14132177651013436,0.09859556721241038,0.09027380509878712,0.07892587334875129,0.07733477692667962,0.09312240202248075,0.1065231460196789,0.2833879607196516,0.09825317439653905,0.14912433883350087,0.07702304432235489,0.42854399909150653,0.1254403850241154,0.12092754250874992,0.06937469144440565,0.19872028876180745,0.2870409625545922,0.09156897085119695,0.13072058295509376,0.09695164741484928,0.10384333392704823,0.10353537669272007,0.12768209589803953,0.0,0.11937504905853932,0.07933567676893041,0.09211297068272523,0.06797218594486236,0.08717892996316697,0.10382369251823002,0.0757502531242189,0.1425457656584129,0.22939552847800518,0.1304080696386783,0.09559432938822046,0.09513017949561742,0.09197812426046695,0.07666000726350282,0.09010702759435743,0.131371261404054,0.11000412887424076,0.09122816682388239,0.13993199793801678,0.06900020572688251
PHL,0.24425901013294732,0.1909329754622007,0.10840249829837459,0.1673887786790916,0.1612182990591946,0.1569651333442641,0.16658352246988817,0.13204268689686968,0.10387514346331968,0.12395453414273802,0.27996298085652477,0.14628642736316552,0.15780050558500944,0.14732594736488588,0.13930128796322525,0.10689982419846783,0.12004506873722424,0.1833619327282993,0.13176509661790076,0.12035432761331956,0.20900270095651496,0.15826099489301082,0.15738954013290932,0.14979564830157896,0.1823534290610235,0.12706088688454495,0.15527361298888978,0.15386607435519548,0.15791195336412814,0.16927575413156706,0.14161615568520308,0.1928829330903373,0.13747888453088047,0.12521670503970758,0.11868493611757842,0.12628709235039642,0.17646277422758105,0.15214221181994864,0.1493652166061693,0.14579675591408806,0.11512333013604777,0.15660298555746288,0.16917655692816053,0.29756593017703403,0.15662056566002713,0.16325021618671628,0.13440929867258997,0.43957714613712673,0.17657093487910974,0.12403287925462692,0.12667318075788567,0.23494692841986806,0.28172343901603125,0.1209713544731412,0.09548397289015782,0.1497516436384819,0.1585672327212974,0.1503066901165996,0.14874674604307161,0.11937504905853932,0.0,0.133930464587387,0.15011350420222683,0.12830377342293173,0.1400974960550489,0.15461508404002983,0.11224720942567967,0.1861169974207682,0.25645487048367926,0.18183277440059967,0.16241788317375527,0.16212438207679836,0.1344311647304448,0.13429320267760933,0.14353882687877362,0.17237930923654954,0.10527826189509719,0.15376408872689218,0.16647259867233616,0.13479243649611253
POL,0.21453442686435342,0.11008457069229494,0.0974703985408028,0.06710266782714785,0.07085392050977506,0.05714074578067189,0.13824051392517864,0.047338746552987414,0.12413559978560613,0.0744869390859802,0.24683980981682135,0.0764456092901488,0.09415724651556924,0.07708691956721161,0.087578216193653,0.1171079091917839,0.09995841607511789,0.1874704242308798,0.07460136478108785,0.0795163805669886,0.1565002353206535,0.05979775735437811,0.07351329936553345,0.0774374492255668,0.16096343680671543,0.0493600614436907,0.08080962223599798,0.06220474340887209,0.06982168194012585,0.0753784063713174,0.09343727337066847,0.148669930635359,0.06144789941323298,0.05884683974444428,0.09908795982308576,0.08102745019352071,0.1384760124580643,0.10148808597807138,0.08684503366484986,0.05500444089667065,0.08431304390742742,0.08588940579663391,0.1170436395429365,0.28373685388990555,0.09208396611543047,0.15710296074454563,0.06918285084288676,0.41662940252159575,0.09669108999338402,0.14620122591555457,0.06925338237877929,0.18940239849418597,0.29341784923438985,0.10420382986464613,0.1375761460761052,0.06586612628274059,0.07105991820804106,0.06804006673285272,0.14255804930691915,0.07933567676893041,0.133930464587387,0.0,0.08005148187419796,0.05919641695368828,0.08756184871913687,0.10604650339560524,0.10209405668745629,0.11893793731888547,0.22484190448196512,0.09342742198237083,0.05068143198687974,0.07278994942211885,0.10953656894968306,0.09830004037294822,0.09485814702502632,0.1262298827528969,0.1173665191538723,0.0843304607451896,0.14578485798942245,0.08007595825570639
PRT,0.22008454918767395,0.13005639665042415,0.10925141878506527,0.09295020148300034,0.04626331972296519,0.0840684741542735,0.13851399373458953,0.07390485438999378,0.1365371485761713,0.07928616806745153,0.2510089812391384,0.08807934610385842,0.08543326841658525,0.07502687200459816,0.09381765797481276,0.13142501179482155,0.11281864067135655,0.20054388652980717,0.0826922810928805,0.09678743521121423,0.16364503784314116,0.07838778839361633,0.0801355551352918,0.09188850953016112,0.17117835561356173,0.06590717984732257,0.08497134213341795,0.08164532359935958,0.0652891818892991,0.06319085362513922,0.09606177525192044,0.1524014454413573,0.07675696415500498,0.08174905982722326,0.10344333135116476,0.09987284323638985,0.1456706010706526,0.106213897645507,0.09210016688433323,0.05587195744397655,0.10581973165297866,0.09653088313349772,0.12913441957802924,0.290009352313006,0.10113232693273744,0.15679641303421188,0.0885062963825853,0.4068616773458898,0.09789909449001902,0.16040907123103396,0.09386304646642252,0.18269986523342346,0.30380954952535116,0.11847404393947479,0.15171433793365616,0.08560369136891587,0.1005793372142779,0.0937262170833158,0.1417211991675451,0.09211297068272523,0.15011350420222683,0.08005148187419796,0.0,0.07166866121961016,0.07695516135799454,0.11471433046095836,0.11858408875774462,0.1301701814443537,0.21687448254906927,0.08071142062738507,0.08085868129778806,0.08942938631177746,0.10729243357716248,0.1118141659005576,0.06928967503306137,0.13319979288175776,0.13653714854102483,0.08993404782484991,0.15292148745901815,0.08958417027159041
ROU,0.20645818814865086,0.12882569869897242,0.08700619926773581,0.09176342079585285,0.07224388310599571,0.08309782171728852,0.12919104227884506,0.055898463453781126,0.11924090994705214,0.06689431919611645,0.24314005973633454,0.06746012841368045,0.08682638826342824,0.0712133391815015,0.07766108275706865,0.10749092296863201,0.08897362539390007,0.1869878701323439,0.07798043677510734,0.07581926674132945,0.16353156806171448,0.07208143426302303,0.06962832741697786,0.07947029524496217,0.14801847129595463,0.0553594690793181,0.07515122068739606,0.06767195669910095,0.0751904300161687,0.08599174078583138,0.0755426202880226,0.15116667463457123,0.05806895830147571,0.05413281022326686,0.08708639533929041,0.07098116692279517,0.1342552342858486,0.10063425306434366,0.08042027162347862,0.056938113871759746,0.08303652940971873,0.0754175741272422,0.10505929623110284,0.2771690579974198,0.08612026279847612,0.14209517378737724,0.06585768208692623,0.4238971369858942,0.10711826056478736,0.1382651334308542,0.06446800985502073,0.18805169474783215,0.2840069071962496,0.09910612800571965,0.13209469104797059,0.07906432367004268,0.08911168141522106,0.09018429579138815,0.12595908924958732,0.06797218594486236,0.12830377342293173,0.05919641695368828,0.07166866121961016,0.0,0.06748341639216367,0.0904247386396114,0.09452411714304305,0.12797845586770637,0.22618783818571636,0.09918529289684742,0.07384611127593688,0.07226446084185766,0.0973354435983267,0.09000076196552786,0.07848586744776044,0.12355390993424231,0.10809793448893044,0.07704562630262927,0.13909125252256513,0.0665490919641879
RUS,0.20837723003006547,0.1292342047675903,0.09957991156344241,0.11305157510987159,0.08048757188310801,0.1031714230062002,0.14482322898323638,0.07926154755119501,0.1320571399769372,0.07503818874483725,0.24108609092004452,0.08608911538236627,0.09768785987853584,0.08678126173288721,0.09147548968804659,0.12011569805849143,0.10451392185159464,0.19441866063638327,0.08889288842628715,0.09992893646615794,0.1711812400677338,0.09369600554592805,0.08770058693535641,0.10014861656226604,0.14928067571785927,0.07910043848734867,0.09174038900276463,0.08638039334668547,0.08994346537262515,0.09864379861655781,0.09342502343579104,0.16478150829211588,0.08158317230900396,0.07843286734789735,0.09763829531861591,0.0915952529868506,0.14454482454898468,0.11063219071530783,0.09449609069571915,0.07528921269100798,0.10016506908139099,0.09220916117387801,0.11297636891681477,0.27922203256712586,0.10033723810043176,0.1489536001261173,0.08111012560011806,0.4240182388472398,0.1179705837705723,0.15241157835158958,0.08376255405945515,0.1916625870292785,0.2919008883768243,0.10615908560071405,0.1467266010334162,0.10047884328633581,0.10162123070233649,0.11014397625986212,0.13228322877825568,0.08717892996316697,0.1400974960550489,0.08756184871913687,0.07695516135799454,0.06748341639216367,0.0,0.10679546542542008,0.11212152729318675,0.1376558346647327,0.2293988767237589,0.10794786196164519,0.09582772159254548,0.09363539367867287,0.10704147506595225,0.10557522019075898,0.08158016985545052,0.13076090178441893,0.11889896768422119,0.09336552239938992,0.14958270750568006,0.08219479338356489
SAU,0.20997312959111808,0.1468591470117285,0.11749913049549679,0.12361436599453504,0.11232144187723214,0.11620003681238719,0.15147059730145418,0.1006368311743314,0.1568906062883722,0.1011087143762429,0.25324557011505794,0.09588562734627916,0.11611511812037846,0.11255991440912928,0.11433851538566565,0.14509345721298675,0.11855937177112506,0.20950067749000356,0.11391349992458186,0.09585695237811169,0.18241707076092,0.11375489525399421,0.10999506750881391,0.10733770361816408,0.15868509431492006,0.1012785837207408,0.11020211279690102,0.10298575462507276,0.11477944426932617,0.12206233871033742,0.10613221388938217,0.13684984909930584,0.09584427338051982,0.10146528554958083,0.11237821797464158,0.10637288741486642,0.1526671383858537,0.12469623534344196,0.10991898171818458,0.0986156258178926,0.11246072658769336,0.10663791871943994,0.12305658475651053,0.28966310347234797,0.11626093094092457,0.1669905935344222,0.10980476623235667,0.42765041499440587,0.13727702022059887,0.16782255046355468,0.10017480630700434,0.20831992858740575,0.29884633335304794,0.1166423882176938,0.15769029674527946,0.11079930433515779,0.11907047178802486,0.12936390796414945,0.15258932766977948,0.10382369251823002,0.15461508404002983,0.10604650339560524,0.11471433046095836,0.0904247386396114,0.10679546542542008,0.0,0.13180995716013863,0.14320732648332077,0.22907096910353916,0.1388436741750591,0.10776936306499495,0.10894007077198856,0.1290541399720488,0.11939709778806226,0.12240995704355535,0.14110092763702486,0.13735694209192342,0.1054906708174652,0.16369499706916837,0.09661018563849834
SEN,0.22497229119188497,0.1660695917850524,0.07271415736358723,0.12666796893511434,0.127275829622996,0.11804179489600573,0.13743245930617473,0.10415596736416044,0.0914898029328392,0.0955067203430793,0.26466144675315506,0.11339191142199088,0.12945519491295251,0.10343862052034208,0.10422958353184161,0.09670325056666965,0.08949137615433793,0.1754271558260507,0.09251118685839288,0.0969795643210028,0.16697649800194142,0.12260711189828633,0.11672758315494305,0.12377957438790892,0.15865602443029686,0.09247107652040668,0.11770003176641106,0.11626597458253117,0.11809783158826419,0.1342508831785636,0.11144968411863115,0.192378703442631,0.09701751009189839,0.09220712582975671,0.0963465595634142,0.09127814519215548,0.15699616325986004,0.12629878473729358,0.11576725409085775,0.1125111199623901,0.10427506536750278,0.1225382207392939,0.13753631727421314,0.28421933101897284,0.12869530395060025,0.14791406348618547,0.1007458576976962,0.4345196062933196,0.13837444629403167,0.08989014049493399,0.10058404702910982,0.21633061025329944,0.2819760459178617,0.11556003643933213,0.13608659309897225,0.11599276562463735,0.1287771257852301,0.10978104943615087,0.1236156289715702,0.0757502531242189,0.11224720942567967,0.10209405668745629,0.11858408875774462,0.09452411714304305,0.11212152729318675,0.13180995716013863,0.0,0.16565222686248304,0.2474667476693461,0.1527248850201722,0.12073431778318347,0.12109890516259196,0.1129291521742074,0.07631024118106343,0.1117370580506552,0.15375330393884068,0.11425430561580606,0.12038219099414163,0.14656394615965776,0.10093687068364215
SGP,0.23662301796970234,0.1397267667741473,0.15616276679505378,0.12370489958886,0.11954418587324706,0.11475895746117867,0.1799384176323975,0.12013240987624138,0.1833102721440971,0.1304723230656764,0.2615394154033019,0.12366172525123001,0.11270940459736507,0.13042242997587467,0.12649819730872852,0.17558049710880402,0.15631587064843308,0.22928058210564467,0.13689320667813837,0.1336605834340112,0.17093259053124982,0.12251249932625402,0.12148780091809884,0.1080850427863327,0.19724287112511144,0.12131737065059187,0.12168692322148261,0.11215301381136653,0.11701450449437495,0.11915760061583837,0.12100730973671454,0.149220212559333,0.12388290390606178,0.12133872344094736,0.15703316763000358,0.1405564793590058,0.15559880242550284,0.14154409073353869,0.10932749159402742,0.1128333204975935,0.14454419759999146,0.1282257602833335,0.1561518260189161,0.30650120375740536,0.10947553438506362,0.20189906725619908,0.1337328610483034,0.40882958686139864,0.1398519570130286,0.20345310544949796,0.1174616873534657,0.17134001954314748,0.3238984428476817,0.14341231430936582,0.19018254757145142,0.10947444564144161,0.1147282738909171,0.13534238484893077,0.18789274932742292,0.1425457656584129,0.1861169974207682,0.11893793731888547,0.1301701814443537,0.12797845586770637,0.1376558346647327,0.14320732648332077,0.16565222686248304,0.0,0.22980748706075418,0.13845722679670794,0.11609880656216848,0.12472931873442315,0.13114781629968306,0.1562125734394373,0.14943621948060007,0.10219269853972397,0.17237420663354133,0.12295961189096588,0.15850818482944945,0.1320686187232383
STP,0.2972693202794228,0.25219750822047005,0.23370170865369055,0.22459145899355662,0.2177522494037624,0.22147333752814566,0.2486581666738739,0.21733010116622858,0.2538133148876798,0.220108468787801,0.3226806450676168,0.19888232142632162,0.2202516178631334,0.22712241203289496,0.23547120072506364,0.2526951330802312,0.2405713394837241,0.2914888031039843,0.22768585998429833,0.21234381583413706,0.2660074517975688,0.22483697122585328,0.2144638813835521,0.21410330463452526,0.26863722036015486,0.21702433516058842,0.2235150619709769,0.2172073630293592,0.20348858238621573,0.21120628700378585,0.22579833832314908,0.21558539618438216,0.22256993025740196,0.21623410480199196,0.24486417218612888,0.22759078513272007,0.24130853135771232,0.22208126354624788,0.20445040551718058,0.2095094946771816,0.23511139188674224,0.23150633116794772,0.2384121000822608,0.35273498858861724,0.22770563921401332,0.25867826289446094,0.22440356855750052,0.2776146691256368,0.23109726337225298,0.2631582665794765,0.22617165558806304,0.2831525804699303,0.35887514559981004,0.22520229578820947,0.25503731669001106,0.20917179506419828,0.23223679488748064,0.23459341926700072,0.2562034552459377,0.22939552847800518,0.25645487048367926,0.22484190448196512,0.21687448254906927,0.22618783818571636,0.2293988767237589,0.22907096910353916,0.2474667476693461,0.22980748706075418,0.0,0.23455798436336192,0.21994462591122615,0.22812426736259359,0.2399185965677683,0.23719379156440054,0.23607275985575235,0.233588138041376,0.24440281404915123,0.19536749579711524,0.25341127644602346,0.21256012986486122
SVK,0.23204729906595029,0.13605071264011365,0.1425045595531854,0.10499401137588266,0.07536948734661428,0.09881794043375522,0.1707104255475695,0.09859359038657915,0.1669308418777084,0.11121996526033763,0.26163792811790754,0.11176813114978368,0.10805464357769369,0.10592897840598385,0.11669234480775115,0.16543491300657906,0.14853840022365133,0.2198177604216933,0.11658956790492332,0.1282204230470153,0.18008065886317284,0.06313028287269544,0.08637471657329064,0.11481819131186234,0.1906741922529012,0.09560591130383024,0.11292438939104273,0.10680927145017781,0.08958549263086966,0.08313022809878774,0.129101129104027,0.16435642867349895,0.10570204703451208,0.09742820746082448,0.1389958702193633,0.12348577032099149,0.16434580227736797,0.1330941855671837,0.12010026261124798,0.08660203511764533,0.13780283818239633,0.09990967628669964,0.14802957606783593,0.2958392095645067,0.10439977540571571,0.17908884812339512,0.11725857441214153,0.4163342041148954,0.11711820846969219,0.18850088136810722,0.10944663558487969,0.18553949404325562,0.31495614083509277,0.14594674878195002,0.18078264504683328,0.10336545780973816,0.11641656067750873,0.1113596925687163,0.16784671559784556,0.1304080696386783,0.18183277440059967,0.09342742198237083,0.08071142062738507,0.09918529289684742,0.10794786196164519,0.1388436741750591,0.1527248850201722,0.13845722679670794,0.23455798436336192,0.0,0.08991240719267836,0.10068870186456189,0.13402705327678624,0.14307740387014822,0.10830728776527791,0.14660736464864293,0.16031896075283755,0.11379568283617017,0.17269555409467596,0.11570882773032727
SVN,0.21629173859415518,0.11283954622911661,0.1174794147524146,0.06935900979274144,0.06797636956687245,0.04909087688181761,0.14561168147283934,0.055664832281906426,0.15095619945683264,0.08847034893679327,0.24802334564558606,0.08010390647694877,0.08725014639159921,0.07980978697231948,0.09829033016898361,0.14214135778400785,0.1188851097252169,0.2006902920031883,0.0933336018129952,0.09277379710555837,0.15239369708058592,0.0590695878613759,0.06895249752008843,0.07964280122142765,0.16888933245361135,0.06013449831679677,0.07633506813026517,0.06294441380845807,0.06465441073915731,0.06982977370035631,0.1017561991099809,0.14325961634916687,0.06411543452465368,0.07527332371871547,0.11974443824603828,0.09841369000810714,0.13990402935289,0.10551084500607052,0.08504202580652163,0.049840274064087385,0.10441980280695252,0.08822765216276234,0.11773023224446366,0.2873550522099702,0.09738517225226001,0.17128686679999122,0.08072795061354135,0.41211771652145646,0.08645106509043421,0.17112570710167768,0.0860820714094111,0.1877485740779606,0.30322017296884257,0.12091427614653308,0.15768955810114804,0.06426483174135912,0.07615971221445458,0.08404080996990418,0.1566814155746845,0.09559432938822046,0.16241788317375527,0.05068143198687974,0.08085868129778806,0.07384611127593688,0.09582772159254548,0.10776936306499495,0.12073431778318347,0.11609880656216848,0.21994462591122615,0.08991240719267836,0.0,0.07081949495451104,0.12639403971557,0.11226761286702329,0.10450037490327405,0.1299624012777231,0.1365393928643695,0.08329573496198726,0.1575022562942525,0.08747228373707741
SWE,0.2148139314099182,0.1317002740114741,0.11739026451910023,0.09259661222074148,0.0709949015236562,0.08061599826970489,0.15055075552984185,0.06666436189131363,0.1535109929230014,0.09185611000812063,0.2458197973473649,0.06467073009314828,0.08021177985923846,0.07722155012571758,0.09833911686334483,0.13583098462509516,0.11846301369444054,0.20186640736718706,0.10365140137237383,0.09700382217202048,0.16335101316897452,0.06576461632639864,0.05901628819743022,0.08277475438172645,0.16817975466373736,0.06632524246752891,0.07404966819312067,0.056579742709347576,0.07464367782219238,0.08471747386473846,0.09214556222668556,0.15642123833237367,0.07267400673618758,0.07520052393619801,0.11973239359384097,0.09687566073956644,0.14062813068596103,0.10371781127289281,0.07447409577296804,0.06362958705831462,0.10752590043970794,0.07854818883465882,0.11594363115651089,0.2853563053395423,0.0911172851819241,0.17026517142955258,0.08530387945374564,0.4190201288860404,0.10948653971637361,0.169445607126727,0.08747726705657942,0.18927886287030532,0.3039653798568664,0.11956556632418781,0.1562369933208904,0.07058125073411657,0.08546038773224028,0.09844961030814811,0.15606141041019397,0.09513017949561742,0.16212438207679836,0.07278994942211885,0.08942938631177746,0.07226446084185766,0.09363539367867287,0.10894007077198856,0.12109890516259196,0.12472931873442315,0.22812426736259359,0.10068870186456189,0.07081949495451104,0.0,0.12434421501818364,0.11470493335476831,0.10992978222296922,0.12583832953312207,0.13541844471902767,0.070723112844222,0.15856454251017538,0.08143825154500885
THA,0.21736233061080096,0.15747507837948851,0.0942917675161465,0.13873466415850128,0.1198924217826256,0.132813468293889,0.13103929039949175,0.10816880667101877,0.11625890150384291,0.09766033578161248,0.2577771713375664,0.11100788346599742,0.1238016157329924,0.11803505000600495,0.07050823887556891,0.11835076830139461,0.10212555517210084,0.1969124541995482,0.10468265717694543,0.11597511400350459,0.18684114748081435,0.11809879470638714,0.11577133512877312,0.12615797630435277,0.15195922302141404,0.10226597283832715,0.11687799644964358,0.11275121158718857,0.12444554666177557,0.1338258251678639,0.11505572378168338,0.1874711775469431,0.10503496584300655,0.08905215523440346,0.09054643147608696,0.09312465759090524,0.157560620543815,0.1285279991178356,0.10962915025460035,0.10684102489466978,0.10897273501784589,0.10924875342719309,0.14114121102387248,0.28943267574338755,0.08258605719805306,0.15641980850019552,0.11073557367907406,0.4347072076643435,0.15009798293902316,0.13531735877684326,0.08538446074626557,0.1680961638790822,0.29055351233480575,0.10236174985929761,0.15136146177091525,0.1253068342985758,0.13275402770904557,0.12870389923295167,0.1319055086573724,0.09197812426046695,0.1344311647304448,0.10953656894968306,0.10729243357716248,0.0973354435983267,0.10704147506595225,0.1290541399720488,0.1129291521742074,0.13114781629968306,0.2399185965677683,0.13402705327678624,0.12639403971557,0.12434421501818364,0.0,0.09900195687879705,0.10116885454873782,0.09466018547268464,0.13019041437261145,0.12107167245268301,0.10692042698048407,0.10447078433532654
TUN,0.21028842822503951,0.15575053467226954,0.07467405566164788,0.12454539328736149,0.12136675360315963,0.12273803306447476,0.11352074971065765,0.10163719226092166,0.09417485993370042,0.09047010845112513,0.2566264887798221,0.10088703562625523,0.1271259417739762,0.1139221504905534,0.09120746693371515,0.09919667317044398,0.07737929235162773,0.18517767485167858,0.0930750494517169,0.10056794487724333,0.17219805711378078,0.11472791887734035,0.11121192690480093,0.11620305736669452,0.14667340844775717,0.09407890318035127,0.10883210719911715,0.10489671036903375,0.11792382408171362,0.13186122954885807,0.10452840914728215,0.18473132348287516,0.09213443735032596,0.07886871853170575,0.0884660078240766,0.08183933207792989,0.14979215405899896,0.12154080964033386,0.1131761228521184,0.10231493880552,0.10784677342876176,0.11324334499443584,0.1276683523122982,0.2820646815796357,0.11380079597528926,0.13855919116518464,0.08882459860597182,0.4321943250249136,0.13595783592049848,0.09519360867070335,0.09195803678562708,0.21039336853600615,0.27391953342014486,0.11304780880086114,0.1518782237501846,0.11708494501226581,0.1235595569042081,0.10970750267294271,0.11115107452383342,0.07666000726350282,0.13429320267760933,0.09830004037294822,0.1118141659005576,0.09000076196552786,0.10557522019075898,0.11939709778806226,0.07631024118106343,0.1562125734394373,0.23719379156440054,0.14307740387014822,0.11226761286702329,0.11470493335476831,0.09900195687879705,0.0,0.09876508479286529,0.1429102494860623,0.11751582190412568,0.11279686757076982,0.13481141153873488,0.09261211051059337
TUR,0.21832202273816906,0.1455142713006593,0.09968289191513191,0.11496659452103879,0.08468029294602643,0.11524437279339819,0.11696707534847162,0.08935310717728956,0.11125409233006738,0.08877886322653505,0.255052704892188,0.1033284225927766,0.11176705644134054,0.09872532793365162,0.08313375100922417,0.11677249405330865,0.10558222479272465,0.19331212106337534,0.0891931809594522,0.11144935477382124,0.17830085823582464,0.10280806991082724,0.10628015801427536,0.11404146102081499,0.1568751308231703,0.09121249837407364,0.10875584360749233,0.10204801055281819,0.09985502712150959,0.10430578298697755,0.1046638699453422,0.17985564183142805,0.09257886732294134,0.08840120371197938,0.0977307520619271,0.08853822179126661,0.15392751109252314,0.12348305937018908,0.11217963096614397,0.08520561837120573,0.10923978395548327,0.1062128063585227,0.13065302454084077,0.26563057760717,0.1104692649144998,0.1286980236168259,0.08961864252463053,0.4292248740862471,0.12406179816437496,0.13913911262698703,0.09791306962710931,0.19597918879435094,0.27054916481124724,0.12536607193047575,0.1500971378534825,0.11368089966296223,0.12176183460575461,0.10722278319440974,0.10914933479686573,0.09010702759435743,0.14353882687877362,0.09485814702502632,0.06928967503306137,0.07848586744776044,0.08158016985545052,0.12240995704355535,0.1117370580506552,0.14943621948060007,0.23607275985575235,0.10830728776527791,0.10450037490327405,0.10992978222296922,0.10116885454873782,0.09876508479286529,0.0,0.1388986863587613,0.11695635014229419,0.11433520990700202,0.13390286746303645,0.09784489924731014
TWN,0.23226658638849268,0.16207215060725189,0.13804556979264015,0.14818775749720303,0.12879355162458106,0.1354928064526421,0.1692146417128522,0.1199892080574001,0.16959458171526512,0.12325161763547442,0.2604648534951891,0.11865503576966874,0.12645255950495782,0.1346933786906709,0.09348234368129094,0.1625923834578655,0.14762043581779913,0.2209341082327368,0.13704835656781866,0.13940647312287002,0.1953528324587601,0.12786587771339078,0.11936267458675433,0.1296647183756311,0.18613301526738768,0.12217604938159102,0.12470559268719837,0.10993277129869998,0.1328844652984227,0.14129209395241116,0.13128518514517534,0.17976834660998692,0.12420316551098003,0.11123564633708416,0.14123593652760041,0.1215733898068718,0.16522873901503912,0.14278081673374002,0.10317656645703221,0.11694301106038277,0.13698540088965572,0.10977962241420575,0.1531354091377358,0.278513338767279,0.07401933977673536,0.19188828060320529,0.1318074175287917,0.41787634404606944,0.15932604099520956,0.18414547629840866,0.10522098737722205,0.16056545905022795,0.3137637150176006,0.1278001100016348,0.18138008064672395,0.12313175872103624,0.13960796640533207,0.1519250117593778,0.17461603684600324,0.131371261404054,0.17237930923654954,0.1262298827528969,0.13319979288175776,0.12355390993424231,0.13076090178441893,0.14110092763702486,0.15375330393884068,0.10219269853972397,0.233588138041376,0.14660736464864293,0.1299624012777231,0.12583832953312207,0.09466018547268464,0.1429102494860623,0.1388986863587613,0.0,0.15373889085550868,0.1208987567741154,0.12961365137301858,0.12052658972471007
UKR,0.22209546130346308,0.175120850111385,0.10196472997027246,0.14785263377590627,0.14032548189642083,0.14102222613337523,0.13445591693633932,0.10746087558033464,0.10175941979480861,0.11570920996492536,0.26630193143997893,0.12433822603617896,0.1422038251403956,0.13443294271612236,0.11881320988897948,0.107759196939815,0.11315262499169632,0.19006436302133653,0.1270126511394229,0.11977630683099037,0.193351006756447,0.13582743020545335,0.1341833397756381,0.1322942781438541,0.14729958974822,0.11730598420156771,0.13384750963099387,0.1267105625552796,0.13961044117026408,0.15162053229688038,0.12284150491278964,0.18797295645761414,0.12008065767425986,0.10148106997210851,0.12145033392446267,0.1053527157843309,0.16469528336156644,0.1418326902249704,0.13116579062977562,0.12483544973315844,0.11793446469152073,0.1258754852241329,0.14071573029704934,0.23887722395575123,0.13647684386215841,0.12016422027274735,0.11693262880304982,0.4341585621360828,0.15607629681275817,0.13422665040152654,0.11721929126401275,0.22472396224315688,0.22677311891041524,0.12189726218799843,0.11771897028432009,0.13466653464397474,0.14446643944578264,0.13647384964546477,0.10445064745399782,0.11000412887424076,0.10527826189509719,0.1173665191538723,0.13653714854102483,0.10809793448893044,0.11889896768422119,0.13735694209192342,0.11425430561580606,0.17237420663354133,0.24440281404915123,0.16031896075283755,0.1365393928643695,0.13541844471902767,0.13019041437261145,0.11751582190412568,0.11695635014229419,0.15373889085550868,0.0,0.13187060232388886,0.1350500836181099,0.111464405156777
USA,0.21037601545194462,0.14205190219643915,0.10484696815700628,0.10143205956774386,0.0827614227277039,0.08764325579300612,0.14946043802405487,0.07635359170472954,0.15006057071125947,0.081038900076518,0.2455511822990293,0.04421921515799234,0.08397362514157009,0.08667270549208825,0.09985963322044367,0.13584198800391506,0.11481371690457795,0.20059363445549017,0.09922385411781515,0.08577706537456566,0.16362950925015218,0.0829543113940169,0.061174865634631155,0.07626164384570586,0.15997963711605326,0.06934070309157012,0.08574291762958335,0.06698665193008278,0.07017642283072695,0.08546664612546703,0.08783086177581244,0.14500813429961906,0.07738221081958836,0.07062365483571036,0.11701360099385837,0.0949687747184785,0.13566827065801118,0.09767668166800691,0.058119922038880285,0.06410942557346085,0.10591664563591362,0.08148292373937412,0.11108010956165804,0.2887845830150695,0.09002822602775704,0.16909478431472738,0.08748089783454947,0.38259732240999367,0.12021078519105023,0.1622492183771625,0.08101517068306546,0.1942482069579512,0.3020513947599558,0.10640752030471373,0.14829512101248743,0.06518272289216326,0.09636060773123274,0.10555525673078515,0.1522800208555411,0.09122816682388239,0.15376408872689218,0.0843304607451896,0.08993404782484991,0.07704562630262927,0.09336552239938992,0.1054906708174652,0.12038219099414163,0.12295961189096588,0.19536749579711524,0.11379568283617017,0.08329573496198726,0.070723112844222,0.12107167245268301,0.11279686757076982,0.11433520990700202,0.1208987567741154,0.13187060232388886,0.0,0.15689027442359957,0.06915315793650556
VNM,0.2392128113372141,0.17839380022390475,0.14151038312988207,0.1640568964672406,0.15980088852815338,0.1637439483139483,0.12056430673615795,0.14537030705678908,0.13445071066201905,0.14247096585734037,0.26916259169690987,0.14991702221901523,0.16095167257078605,0.14794493679526088,0.11412760164419253,0.140734060490933,0.14506733867720206,0.19751368543937595,0.1464641102314426,0.1584684361792407,0.21055190442640015,0.15760877289107958,0.15697895970048692,0.15979718499656612,0.17652598011597886,0.15007563220591066,0.15239330042695023,0.14675528784578978,0.16016226072029263,0.16825164209429083,0.1509313022234793,0.21250914515404024,0.1448163219315559,0.1289150539607049,0.14570949651901374,0.13165565870706702,0.18522607279906614,0.1618595265677682,0.1430015307113164,0.14844850528416711,0.15288807566924187,0.15416095668645424,0.16514414463454277,0.27398061732930606,0.13182555168417823,0.12889970739527226,0.15028261912249516,0.43742265613434295,0.17488926952181016,0.16103967291108937,0.13637977405387383,0.1879699781969417,0.22903328410213677,0.15492704038586108,0.17482980509797347,0.15899758981800757,0.16404393374126908,0.15692581196439673,0.12836276341949077,0.13993199793801678,0.16647259867233616,0.14578485798942245,0.15292148745901815,0.13909125252256513,0.14958270750568006,0.16369499706916837,0.14656394615965776,0.15850818482944945,0.25341127644602346,0.17269555409467596,0.1575022562942525,0.15856454251017538,0.10692042698048407,0.13481141153873488,0.13390286746303645,0.12961365137301858,0.1350500836181099,0.15689027442359957,0.0,0.14019936130513788
ZAF,0.21088828085256817,0.13421278293309255,0.08933115361999154,0.10372013783145813,0.0915446291171312,0.0944365075757809,0.13755340409103636,0.06950268572597168,0.12658336456642996,0.06437769916730822,0.2338583889754898,0.058911719249947266,0.09704971588173715,0.08751407709928889,0.08460660090147289,0.11066934469454635,0.09787650887281601,0.18586844210645723,0.08806537207078126,0.08611218064913492,0.16794803310792894,0.08527564505505818,0.07206246687863062,0.0891293479963742,0.15481163347238575,0.06850189515907706,0.0881974066334237,0.07039695885328069,0.08776670513902064,0.10113037448054663,0.08538235771220123,0.15916802077949854,0.06941417794602822,0.06017980845223615,0.10030638427694735,0.0762221721853763,0.13902664589033917,0.10238876511319107,0.07500758812478103,0.06857524430053717,0.08493516145079531,0.07417682044695417,0.10332913459426439,0.2769464996897359,0.08514803332725995,0.15072687651523273,0.08009904580696346,0.41504742800750904,0.1229741238193468,0.14195130179374998,0.06945373955724682,0.1966877965158456,0.2860730635594749,0.09922171124075642,0.14134665188466264,0.08363335746073924,0.10127186384746352,0.10616841524143779,0.1339730482296404,0.06900020572688251,0.13479243649611253,0.08007595825570639,0.08958417027159041,0.0665490919641879,0.08219479338356489,0.09661018563849834,0.10093687068364215,0.1320686187232383,0.21256012986486122,0.11570882773032727,0.08747228373707741,0.08143825154500885,0.10447078433532654,0.09261211051059337,0.09784489924731014,0.12052658972471007,0.111464405156777,0.06915315793650556,0.14019936130513788,0.0
