,AGO,ARE,ARG,AUS,AUT,BEL,BGD,BGR,BLR,BRA,BRN,CAN,CHE,CHL,CHN,CIV,CMR,COD,COL,CRI,CYP,CZE,DEU,DNK,EGY,ESP,EST,FIN,FRA,GBR,GRC,HKG,HRV,HUN,IDN,IND,IRL,ISL,ISR,ITA,JOR,JPN,KAZ,KHM,KOR,LAO,LTU,LUX,LVA,MAR,MEX,MLT,MMR,MYS,NGA,NLD,NOR,NZL,PAK,PER,PHL,POL,PRT,ROU,RUS,SAU,SEN,SGP,STP,SVK,SVN,SWE,THA,TUN,TUR,TWN,UKR,USA,VNM,ZAF
AGO,0.0,0.1885518654248392,0.19687777478709376,0.2164890382579598,0.20908404112269155,0.21742038408374795,0.24835552159493843,0.2089589688261331,0.23587855492068385,0.2301963611469451,0.40676359466942513,0.208092004593079,0.21615359925939864,0.212199739577484,0.2075689158376876,0.22489802382557905,0.2106030515080332,0.20922041696863936,0.20064452730592505,0.22162301778866933,0.2406840263213904,0.21523859682987295,0.21688657941027223,0.21322760940146615,0.2026564962972145,0.24141973794649502,0.21574780129063603,0.2140590302951307,0.21388907015608707,0.21273966609041178,0.21561404827509875,0.2743829721610777,0.20964669602000105,0.21163147014066896,0.20444672035142086,0.20712470711116046,0.22918013789037744,0.24098672239711622,0.21727697316549463,0.2122821618508869,0.21165093801968876,0.21746010206538666,0.2136208996633892,0.3326402740694664,0.22152185394752347,0.22853811403008392,0.20605445753849883,0.4811482290376916,0.21764667269949406,0.23179535957646327,0.20443465299994876,0.24677722335398264,0.3498727507633265,0.19970182717261195,0.2879557809254114,0.2187854732173768,0.20600461327373062,0.212023459296388,0.2206681964886986,0.20353357238519623,0.24661370669927127,0.21383460798992363,0.22568998622481334,0.20958433938284254,0.20067449590190875,0.2151881397898935,0.23207802161275348,0.24870381215499573,0.2836037466945069,0.2236418618330845,0.21939722324859717,0.21486875127623195,0.20975082840872045,0.22202273515380266,0.20956932365507266,0.22849584316539293,0.22095393998109164,0.21174045413344683,0.21822490180349818,0.21123930686126058
ARE,0.1885518654248392,0.0,0.15245579616452798,0.11719537424841704,0.13367727374051472,0.12290252240415858,0.20013995547206492,0.14205370021139382,0.1967266422120678,0.12568796313709332,0.3171151103833149,0.13416772570501026,0.14963561556235344,0.15262602395912134,0.13958631186951873,0.15645406692772898,0.16391701006210094,0.17086582998994523,0.14727095681420752,0.15741225163466066,0.16307796909925668,0.12106968085600603,0.13738573376684915,0.13969084522364508,0.15579032179873356,0.1251257311929775,0.1446800608432311,0.12958241959189573,0.12435362622563499,0.11951711740682443,0.1458807068262629,0.2074574736544776,0.12022972284419096,0.14196208159521165,0.1461764290805862,0.12450159750086734,0.1328098048410131,0.17394507411107268,0.13820059268032794,0.12276290034396721,0.13968527906228975,0.14013782683401937,0.18049550216161997,0.30357840184324536,0.146460219416417,0.20416459984946775,0.1344288671015421,0.4465532911762953,0.13810641057761208,0.1877521495612069,0.1325270093546119,0.19325110387765398,0.34978206260619044,0.14672739849009514,0.2600990449904143,0.12135183734217618,0.12296585670450141,0.13376853408775785,0.20229352520672628,0.1395133843066624,0.21111967520274563,0.12810012328872233,0.11977808012320466,0.1692478610715927,0.12469947803864861,0.1356438304550805,0.17885630340058215,0.14124961220207952,0.229798321492795,0.16327295601033487,0.11816384070756575,0.13798435958655342,0.14758010985949233,0.17321371462445778,0.13179799991582697,0.15450865911128006,0.1784495314761749,0.13757122658994156,0.18551194861006237,0.13446835186148864
ARG,0.19687777478709376,0.15245579616452798,0.0,0.11102878069762646,0.11249602396995664,0.10256820004668585,0.15124468500699007,0.08918894241396488,0.09552859543251256,0.13676036970109767,0.3719055179808133,0.10023298184204762,0.1220886767870476,0.10494634821229078,0.09088798792014631,0.09953125330900385,0.08656620751959107,0.10460113113434513,0.06080746328526716,0.09293253035889916,0.14723093703773532,0.10781767054479877,0.11333526076033497,0.09963959602689303,0.12216083865652577,0.14593469992469377,0.1083661179893564,0.10638736859311108,0.10342607937737977,0.11657886176278928,0.10615318364211845,0.21125143812652475,0.09414511221145766,0.0791693974826087,0.08412321136113222,0.07811436491887767,0.12585470690110126,0.1514617973604215,0.10773570021591708,0.10094306229695653,0.09670740487625036,0.1103771393243442,0.16022193373891788,0.2719881007137608,0.10982199222364297,0.14019010303780108,0.08979459791966543,0.4439543589326034,0.11887324642838104,0.0891541851078881,0.092469340298824,0.18022914529023717,0.29020152198600463,0.0913574342377707,0.1961123548189716,0.11192598675154991,0.11149730595056674,0.08861976955648983,0.12222382031491055,0.09084980910623525,0.11167453475453641,0.09319692164894097,0.12618196471401555,0.10327868506021659,0.1025773377465315,0.12623775023050876,0.0819838327246429,0.17034047928625784,0.21590055402632294,0.14597412468955395,0.11487006244921141,0.111077854290454,0.08599183139218883,0.08225647010438916,0.09718851883609599,0.12750519503183433,0.1022278855448416,0.10595409187123933,0.09668583364461034,0.09732252370246085
AUS,0.2164890382579598,0.11719537424841704,0.11102878069762646,0.0,0.07510935819918457,0.0595893751504588,0.16440181098421563,0.09125513970309018,0.15137392341145303,0.1450145929798786,0.36585663011533176,0.08296721923626987,0.09568606449553702,0.10140819668650065,0.1038331065656417,0.11857616527652887,0.12069643067964456,0.139504818825067,0.09979873615634989,0.10335355531195917,0.11559809612193546,0.05896985002325759,0.08258184171524742,0.08653496106089212,0.15918211361488924,0.07717789436306598,0.09232843444705055,0.08102555692443225,0.05550944941875081,0.04782740592333636,0.09324545586128775,0.17966039010424334,0.059463339404628,0.08594551944804285,0.10663644405662287,0.08702471895943448,0.07237690953369287,0.13240409883752896,0.086521784888094,0.06252274079670292,0.10087767796870331,0.09378567895244978,0.154209093605459,0.2827811261315859,0.10502282244585334,0.1680645170623499,0.07982794518880788,0.41571316360897365,0.08386040585960705,0.1459517324941898,0.09178276324197107,0.16492673374065864,0.3210152765582766,0.11032946882065194,0.22133648339179143,0.043225195706288064,0.07729534827095774,0.06441366942689189,0.16157294394153107,0.09926911726029386,0.16876562424211122,0.06614901995774768,0.0573610216454788,0.1219623064807293,0.09839184933617681,0.099259822883409,0.12619211508685776,0.13829921949594715,0.1889091904171786,0.12446448279620136,0.05682650900923395,0.08716047620212299,0.11102003023053075,0.12950078457775627,0.0813026741251333,0.12026999869460703,0.1371972111868913,0.07900933023049769,0.14979758660941656,0.08662340477383862
AUT,0.20908404112269155,0.13367727374051472,0.11249602396995664,0.07510935819918457,0.0,0.0650383605027739,0.1678906971862362,0.09097608406097851,0.15771149567343987,0.13773217665338977,0.3635874225630689,0.06972071652461409,0.05884187460819834,0.07458236558930104,0.09293563416695788,0.11483082798458248,0.12525785245715115,0.14728970450398593,0.09363232693758103,0.10263239386692119,0.12348224015525992,0.057173870173095505,0.0659738403944467,0.0743162375355624,0.15447092471654925,0.12022071096193844,0.08258140052936057,0.06815077816544014,0.059749655983760995,0.057808071942983354,0.08020820009201844,0.17466568589308884,0.0710904487547603,0.07935284317719185,0.10489374320612543,0.09928147435780747,0.10140699763706006,0.13036404473117635,0.07314783022052404,0.05845909176238862,0.09826182413835881,0.07564573543511224,0.15329157202118987,0.2792877379712837,0.08809234123952002,0.1669873930881654,0.06974906360547854,0.42385831544730135,0.0824121226756324,0.14810587912967782,0.08771408667519022,0.13898643994072715,0.33215803649679077,0.11683039284916961,0.22912940018532144,0.075604318456657,0.08007715237092979,0.07121146982845067,0.15373056202498078,0.10045240107660344,0.17060803228160096,0.07023211601717934,0.08381311629011758,0.10840664309418838,0.07813767840168397,0.10998777819063224,0.1342319154413592,0.14101065879317176,0.19372647608000432,0.08919424889510837,0.07560868403506311,0.05930388316517508,0.09793636263239747,0.13191234467673552,0.06636856254591347,0.1065778220267263,0.13875819357418887,0.06993999133434403,0.15168303885111561,0.07726514885704182
BEL,0.21742038408374795,0.12290252240415858,0.10256820004668585,0.0595893751504588,0.0650383605027739,0.0,0.16176534320122643,0.0867972446625261,0.15100252887366108,0.1313286387392832,0.3591834756336974,0.06397790436451202,0.08144539000484535,0.09038746973490569,0.08743047766159723,0.10803004441809287,0.11593530532741803,0.14083369574846477,0.09341151978011998,0.09128688062310754,0.11694745053030195,0.0548588315069476,0.06090270166573285,0.07043559226689894,0.15481160205918534,0.10091665681425098,0.07775344136585827,0.0654644371986371,0.04318803601735065,0.050300822032490256,0.07800165394455051,0.17458298272788955,0.06231361021658017,0.07140558889161719,0.09814213391529672,0.08651095768044291,0.08444151463466366,0.1258317292645346,0.0602329743814605,0.03931979313078084,0.0933457374663539,0.07204641400047768,0.14950364646689127,0.2770775004768081,0.084583459325754,0.17383513028663364,0.07144313677250627,0.42170212922583294,0.08280334817577409,0.14239206230877532,0.0769006126180872,0.16254978215114932,0.33144902408581345,0.10901768808964254,0.221475876946186,0.04984432266733083,0.07087087170169538,0.07267493731352377,0.16803398615998785,0.09193469632633199,0.1667176010680807,0.055017253370533634,0.07424926074563369,0.12849944708748176,0.08832928236345629,0.09504120946797066,0.12162552939540949,0.1317231028014089,0.19144402457393356,0.12200615663816873,0.05239920686301983,0.06771508683463164,0.09862313651098843,0.12394534635409772,0.08270584183015307,0.10095955025297552,0.13198025179635167,0.06109764732317563,0.14898437761717825,0.0723813375805612
BGD,0.24835552159493843,0.20013995547206492,0.15124468500699007,0.16440181098421563,0.1678906971862362,0.16176534320122643,0.0,0.1339225504728592,0.15423449102695294,0.19237651261166394,0.39263956448916937,0.1639141774481122,0.18013854035160634,0.17043087593771525,0.13366994100749333,0.15216499382596055,0.161566642296523,0.17020599713986337,0.15270318879341335,0.16057275534119037,0.18711720174230337,0.16392406906856455,0.1703673495378265,0.16260269317202997,0.19601498920416116,0.1864045161872786,0.15902862785752675,0.1647465436216855,0.16122338024117683,0.16920293949146314,0.15931557160920262,0.2355413803172485,0.15446302869025946,0.15364054689006465,0.15670854349916213,0.14776456728177964,0.18025605852082008,0.18711077544617655,0.16968778111498625,0.14815181256829346,0.15922236746387827,0.16881165971624007,0.20289303587884272,0.27671999809245973,0.16166063968490746,0.17155411004993756,0.14914585000010394,0.45753035413882276,0.16358773082493627,0.16929407009543995,0.16173961344682827,0.21629206191888395,0.27545942581979405,0.18108732456281335,0.22826179087363543,0.16967767301188877,0.16883111470617462,0.15628779249053198,0.1587635549689069,0.15335754507558774,0.18762486657882005,0.15629263962141451,0.160359528654812,0.1522353907066432,0.16853894631769037,0.1823828405177268,0.16060780921146453,0.2087739456690306,0.24551457366614665,0.19471099487431284,0.15633374896534072,0.1684485704676192,0.143309392479781,0.12273716455781383,0.146966051628799,0.17222633711275856,0.16005261624696493,0.16706849022850415,0.09883128907531975,0.16427326571815085
BGR,0.2089589688261331,0.14205370021139382,0.08918894241396488,0.09125513970309018,0.09097608406097851,0.0867972446625261,0.1339225504728592,0.0,0.11335559610954585,0.13609430066753572,0.36143603214180126,0.08868230179151688,0.10831259353096345,0.09869517852287224,0.08087555242118723,0.08963016075405213,0.10536002894004919,0.11667361176397398,0.08956701447461014,0.10150126612179491,0.13276153538398586,0.08807007643211391,0.09630981208105599,0.08811955499336818,0.15059454576752376,0.1310884361791418,0.08981479895537985,0.08444060667839424,0.08401224901165506,0.09718300081194665,0.09114822173084693,0.19265161117633947,0.07133490966682134,0.07090213209596065,0.09644307464551365,0.08342870699131624,0.11791466171051099,0.1368096471114817,0.09670683710406947,0.07991484830485582,0.08303406199108147,0.09389990199692443,0.15057367417811593,0.2541159406563201,0.10187657563190905,0.1260775993208566,0.06303192553970784,0.44018605326012405,0.09523217876981933,0.1209462908525908,0.09163639182370077,0.16859072481258217,0.2715365429385072,0.11732937049369659,0.18688275489503064,0.09963308636600164,0.0961359602043576,0.08495139251665312,0.11515374981406515,0.09313403672125567,0.14388996719879008,0.06916567280018823,0.10788708736145786,0.08523029214915928,0.08759248753367155,0.11889423878242553,0.10766278987173503,0.15408551077108748,0.2049904303770536,0.12890863705956643,0.09132094478382181,0.09065700046423783,0.09121169559782696,0.10250269866900788,0.08516472604306578,0.11651134958411091,0.08966299781536889,0.09492218336857647,0.10875957569418433,0.08580089032221117
BLR,0.23587855492068385,0.1967266422120678,0.09552859543251256,0.15137392341145303,0.15771149567343987,0.15100252887366108,0.15423449102695294,0.11335559610954585,0.0,0.17645087394370726,0.39018022981259504,0.1482308294440332,0.16739413197520006,0.14546152066359327,0.13419176519268694,0.11118953232776291,0.11066051667964454,0.11521337895286873,0.10536126075990757,0.1286448292799074,0.17258710796821564,0.1468676910164303,0.15850198742627325,0.1440123324106769,0.1773430863380365,0.17410966818100532,0.14916982871834908,0.15175651421084996,0.1471854668584561,0.16377025185517183,0.1470628122808699,0.23865020781224885,0.13183470086619611,0.10995006272953596,0.12036508045975478,0.128398262363044,0.1608237762949132,0.18494675013732392,0.15781278391026474,0.14791673908755326,0.13292667065833066,0.15727978621398364,0.201569932549523,0.2842651359949861,0.1517401488942147,0.13559263837954252,0.1281691163693144,0.45797078815818776,0.1560792460434632,0.08210255979418567,0.1417536743140262,0.20821409778075214,0.2566915683456362,0.13782658985992774,0.1554841406770157,0.1548966892761648,0.1554852346952563,0.12606683919941625,0.12144406291024776,0.13849615461499978,0.07771437463998182,0.12925950897135635,0.16025788498110144,0.11157351813740397,0.14933735779084234,0.17850155235925097,0.08163914262163065,0.20495728855321332,0.24373776078423967,0.1771241001642385,0.1568977770228593,0.15775026202856524,0.12016732204442472,0.09292385639399743,0.13521273527866462,0.1691182148724347,0.11556498651290302,0.15658747062557085,0.09563101778062498,0.14356941648235322
BRA,0.2301963611469451,0.12568796313709332,0.13676036970109767,0.1450145929798786,0.13773217665338977,0.1313286387392832,0.19237651261166394,0.13609430066753572,0.17645087394370726,0.0,0.27122852096329714,0.1303638233400939,0.1466684784307354,0.14305746376104234,0.13367668174724842,0.133387402453304,0.15267315266996584,0.17271217778613884,0.13348437509634467,0.1439016684313399,0.17393647816276847,0.13942174453981254,0.13561909005037712,0.1363629904388278,0.13760707471806205,0.17227256670531277,0.14438914197551136,0.13443261823756203,0.13308026418609642,0.1400831988330228,0.14257185497521213,0.21453443438812567,0.1339624643922068,0.12921362103524758,0.14092807764787757,0.1258922802646456,0.1607422709014907,0.17719896512487854,0.1344717561109683,0.13031884924659864,0.13763663465810172,0.13712474253572987,0.18501423308737616,0.3012126028497904,0.1413716193616682,0.192232447208971,0.12881259648708956,0.44496648969177316,0.15190167789934236,0.1664181902753388,0.13435201129444593,0.19701122111786368,0.33925352850339324,0.14432632212595964,0.2469254594458499,0.14289904498551054,0.14264920040580711,0.14008519821680404,0.18481378234997817,0.13613388916573202,0.18436947748629978,0.13345142414095298,0.15355861492319015,0.16224483906692572,0.12665024035175126,0.15447484417465213,0.160868999134662,0.13975871125267467,0.22819890990959718,0.16535782003380006,0.14403977216678218,0.1381775252766862,0.13178330176353786,0.1537146734300579,0.13531796599037252,0.1517167732765359,0.16610734311131461,0.1357255127329157,0.1682631315714497,0.12774607715855643
BRN,0.40676359466942513,0.3171151103833149,0.3719055179808133,0.36585663011533176,0.3635874225630689,0.3591834756336974,0.39263956448916937,0.36143603214180126,0.39018022981259504,0.27122852096329714,0.0,0.3578566281100839,0.3669286542174387,0.36719226382310655,0.36038409672894905,0.3534516185396993,0.3724349946449188,0.38242845504731,0.36783051325686533,0.3725726648450618,0.3792891484593707,0.3642898568412301,0.3596701161281194,0.36352755235435397,0.3456974707347502,0.37779968962031274,0.3657324944056491,0.3583239977641507,0.36026486365347227,0.3632098832479098,0.3642209983141817,0.3997211539969623,0.3606655282435179,0.362192388012796,0.3675049694383451,0.35499295860417396,0.37217129559116596,0.37811702928491014,0.35842977323631825,0.35932765736130057,0.3600624080265159,0.3603789763373817,0.3806092176283254,0.45120321551921,0.36484287053103154,0.39029015554329033,0.357693035808794,0.5592757779765747,0.368848662891166,0.38647438745965185,0.36449774860861744,0.3907464572215875,0.4835797538927176,0.368453691941037,0.42505178161749985,0.3657530156149705,0.3627693262174394,0.3672232562933635,0.3910702996007192,0.36251555034804495,0.3960553237351884,0.3622311654327776,0.3704646447550023,0.377576841158747,0.3531311020886573,0.36953208259122977,0.3818884071901583,0.3266437337191538,0.40438189846437034,0.3772383782485816,0.36511119470999664,0.3611081192079537,0.3621269200493787,0.37636502517931647,0.3628758843539187,0.3674736746723748,0.3787208164295725,0.36096024325573406,0.38216835523225157,0.35382838334170846
CAN,0.208092004593079,0.13416772570501026,0.10023298184204762,0.08296721923626987,0.06972071652461409,0.06397790436451202,0.1639141774481122,0.08868230179151688,0.1482308294440332,0.1303638233400939,0.3578566281100839,0.0,0.08694409566544606,0.08873117258549376,0.07956434061536656,0.10166538731447504,0.11104766954094343,0.13785673899290826,0.08944647294499296,0.09859311752413315,0.13104292541996543,0.07157294987176145,0.05185838118679126,0.0701712450490808,0.14853082570643175,0.13152137166075303,0.08189588205745846,0.06280575557457951,0.05982041839712468,0.07202657242806389,0.0742510445046886,0.18466250899476364,0.08005357050734045,0.06317807373233945,0.09441799304373609,0.09347833095480668,0.11053323685220075,0.12744427867990585,0.06255326762599095,0.06124880311609429,0.08823101413066729,0.057985881050498025,0.14454218492597923,0.2786136149207386,0.07352375424641386,0.1681300544139917,0.07378780746324853,0.43261602636048735,0.09739614907264886,0.13883769440777027,0.07260864671089236,0.16446568274488435,0.3255896380377041,0.10893812930050381,0.2190934981597653,0.0761567565498796,0.07437380768401482,0.08110335443141345,0.16270844104285645,0.08626240861141128,0.16607828716433828,0.07091992178593505,0.10244842366374571,0.1283739913626085,0.08560893564001221,0.11016242556342025,0.1239880179760014,0.14221118845295558,0.19525640781205955,0.12374669196004495,0.07880353674087451,0.054266023568687365,0.0912082696930213,0.12123192669792163,0.09294477547548516,0.10027206658082963,0.12854540562499628,0.05323527417347548,0.14549531291861567,0.06329844647328943
CHE,0.21615359925939864,0.14963561556235344,0.1220886767870476,0.09568606449553702,0.05884187460819834,0.08144539000484535,0.18013854035160634,0.10831259353096345,0.16739413197520006,0.1466684784307354,0.3669286542174387,0.08694409566544606,0.0,0.09182912692932116,0.10794198257429383,0.12634646006564426,0.1345723092113134,0.16052936453556477,0.10696841910545316,0.10790422806344988,0.13555503529434332,0.08710359523995928,0.08155876041724326,0.08707936995608921,0.16447587221342733,0.14297568468923552,0.09841854223411459,0.08974719357582918,0.07964836263666583,0.07714185052679184,0.09515132221827126,0.16722007649235507,0.08965161311469359,0.09440127883115064,0.11900890547639661,0.11881362539561612,0.10650359236958248,0.14114840143808077,0.08000845161534625,0.08040020841230666,0.11491316300014424,0.09281366541897608,0.161288940677964,0.2913133325052275,0.10060577778038153,0.17629421294536093,0.08716635471469301,0.41919737533171586,0.10031540176619572,0.15984284544866004,0.0940394713780533,0.1313769226697313,0.338712425253957,0.12404521644089998,0.23136456361910254,0.0910480670057878,0.09506736318492133,0.08994280485767112,0.16278677668612349,0.11577015194824715,0.17376342098636094,0.090932593823976,0.10887819756970761,0.1223627216560376,0.09525911114283213,0.12059686503847993,0.1445260047656917,0.13360779196203884,0.19635867082784608,0.10822117692647043,0.09898074504788557,0.08429382303778893,0.10883315496392618,0.1441672105074732,0.09271719558365397,0.10876051313129945,0.1513696866096968,0.0813591822976489,0.16316440514070446,0.09372642242059995
CHL,0.212199739577484,0.15262602395912134,0.10494634821229078,0.10140819668650065,0.07458236558930104,0.09038746973490569,0.17043087593771525,0.09869517852287224,0.14546152066359327,0.14305746376104234,0.36719226382310655,0.08873117258549376,0.09182912692932116,0.0,0.1036552941230463,0.11233847704828717,0.1154844217079358,0.13447861672803774,0.09245219759466691,0.10901175420301366,0.14059552785283436,0.08949798852851992,0.0943726726750753,0.09049057919777616,0.15480472494248418,0.1461749211179117,0.09941694499381233,0.09269038212143806,0.08749694350263536,0.09498106929994798,0.08799296537206965,0.1979828028481653,0.09120163453526507,0.08808913766055675,0.10578798422077494,0.10919087902026405,0.1237784135358325,0.13626094050683754,0.09021468439690554,0.0879570092482064,0.10627625696070864,0.1008373231981536,0.160770163171859,0.286056181663441,0.1053221352386801,0.15568206959041808,0.08337564716360137,0.4429686342240134,0.10406186613512405,0.1374234667746977,0.1010176066967196,0.15477142817597878,0.32422317934144124,0.12441570414953068,0.22168522408026942,0.10240211254261807,0.09792578592617213,0.08248533077337099,0.1491457291505311,0.08968910350034633,0.15276209637180135,0.09037814670801715,0.11401640642851492,0.10928314935020716,0.09316387724075419,0.13463958669124307,0.11804565398838907,0.15749963301655104,0.2142382088400905,0.11622151107946273,0.10440696291459396,0.08612429670899528,0.1007229939663523,0.12354992333473244,0.08822124358109622,0.12450677091518766,0.1383993883010457,0.09459410576053581,0.14204849034773595,0.09089323724129743
CHN,0.2075689158376876,0.13958631186951873,0.09088798792014631,0.1038331065656417,0.09293563416695788,0.08743047766159723,0.13366994100749333,0.08087555242118723,0.13419176519268694,0.13367668174724842,0.36038409672894905,0.07956434061536656,0.10794198257429383,0.1036552941230463,0.0,0.10275125600338478,0.10918757594074825,0.13366758984365867,0.08780778996992694,0.11211748625053661,0.14401984608625598,0.08600122436757116,0.08661028040407305,0.09253332991663131,0.1385589179744188,0.1386404513191277,0.09701298937071137,0.07521889224217763,0.08996607659957005,0.10310047870007233,0.0943319768535157,0.19210004552522827,0.09106550648809135,0.07574382416732152,0.08971092264584485,0.07737586801041128,0.12059101163675014,0.1366730329357379,0.08754321000161698,0.07490111271120457,0.08687227104348359,0.07392120294977148,0.1542999734568844,0.2577385848544463,0.0616359117594126,0.1617892801897915,0.0836062087406679,0.4439163118126848,0.10790975564855318,0.1326016701074182,0.06987614350477911,0.15079491563050662,0.31316393259754144,0.11079001468320744,0.2168742478543478,0.10634488354092694,0.0963112780308624,0.10063746497386768,0.14991881800438794,0.08544284800123451,0.15914162695986575,0.08655324563707469,0.11329482963389405,0.11640884416521254,0.09163991830272049,0.12211766824174757,0.12211661737236687,0.1397878927584116,0.21034628819313253,0.1286752195814243,0.09278304704779425,0.08469571682959703,0.06927625915649362,0.10491335613577174,0.08638425437221064,0.0803571037853368,0.11497678448042567,0.08859763552679743,0.11801989452663593,0.07783750819926
CIV,0.22489802382557905,0.15645406692772898,0.09953125330900385,0.11857616527652887,0.11483082798458248,0.10803004441809287,0.15216499382596055,0.08963016075405213,0.11118953232776291,0.133387402453304,0.3534516185396993,0.10166538731447504,0.12634646006564426,0.11233847704828717,0.10275125600338478,0.0,0.0896979458816582,0.13045643683332572,0.09296492293481198,0.10743318841511518,0.14995948615696417,0.10940972027596935,0.11600370311981247,0.10432086230493778,0.15762361707611647,0.15066290858235232,0.09838604226208848,0.10110231234591702,0.10710281548339921,0.1224557501327909,0.11305232644243102,0.20881279763542432,0.09937305552294758,0.08976600097370334,0.09608753354093046,0.10968918560952919,0.13470171232360714,0.15251307773519224,0.11255647368272641,0.10181422624069617,0.09593168577729914,0.11594437766500189,0.169692605560273,0.28279880947935476,0.11847718439215647,0.15477271110677118,0.08329913884523157,0.44937129426484596,0.10999997964712259,0.1182371825213711,0.10610865875474183,0.18353367901916373,0.30652363898157636,0.11723618063361832,0.17278711718912712,0.12090083604878803,0.10964432795144366,0.10046768443860123,0.15254822684853248,0.09747836074733013,0.1221118164921259,0.0906943184964519,0.12848494092057747,0.11821718345324295,0.10932944098199057,0.14338950289349614,0.09491662488350507,0.16691540924278933,0.2206733316485434,0.15120929074712824,0.11791810473511534,0.10760248571410919,0.09606095458273775,0.10750762979832595,0.10905029263678911,0.136159831403754,0.12166600559882186,0.11403401883477177,0.12460011656566153,0.10234032705258381
CMR,0.2106030515080332,0.16391701006210094,0.08656620751959107,0.12069643067964456,0.12525785245715115,0.11593530532741803,0.161566642296523,0.10536002894004919,0.11066051667964454,0.15267315266996584,0.3724349946449188,0.11104766954094343,0.1345723092113134,0.1154844217079358,0.10918757594074825,0.0896979458816582,0.0,0.12212147391333616,0.07998265032486039,0.10117291396924868,0.15212030363778062,0.11849134087130396,0.12454225960706428,0.10875043710111708,0.15182201400434495,0.15275718303635683,0.11358774782584263,0.11479972720638836,0.11417528628452453,0.1261629080269996,0.11071213626188539,0.2134334695860774,0.10767639837310236,0.09332216458606242,0.08934312790974717,0.10677856557697776,0.137519592811223,0.15380679227365981,0.12028246591505037,0.11063792748470622,0.10415105332327325,0.12200051413180416,0.16282094466988245,0.28879437083633225,0.12438805223393143,0.16067752888463974,0.09964360992734195,0.45355018565294425,0.12271314317833663,0.10857692463374587,0.10965250131165605,0.1881294254577784,0.31338373433062405,0.11063432682387207,0.1910071682436866,0.12539873555983583,0.11688211413908145,0.10434602725072853,0.15481050135422295,0.09551068243323058,0.1150868389981125,0.10032810381165,0.1352141137421049,0.12775861730006144,0.11628727884138054,0.14225463911488065,0.08156585423753383,0.17996508722455065,0.2276312718588385,0.16179889719367624,0.12744238578797237,0.12108392943119681,0.0934605504269805,0.09354859803361751,0.11358711322855676,0.14489553144627165,0.12756095659682226,0.12010786165739443,0.12335424261877512,0.10906656916091592
COD,0.20922041696863936,0.17086582998994523,0.10460113113434513,0.139504818825067,0.14728970450398593,0.14083369574846477,0.17020599713986337,0.11667361176397398,0.11521337895286873,0.17271217778613884,0.38242845504731,0.13785673899290826,0.16052936453556477,0.13447861672803774,0.13366758984365867,0.13045643683332572,0.12212147391333616,0.0,0.1198257685858592,0.12756806783710536,0.17304683797081433,0.14086985236248092,0.1467660696594997,0.1341682174000157,0.17424967984817236,0.1714925299444297,0.1392187899847355,0.1373513569552264,0.13755629490951085,0.15198968883837105,0.13752338832857997,0.2283267868703302,0.12860555749140376,0.1141414132039354,0.12685131697338953,0.12609904281408546,0.15232960635079806,0.16301641868269784,0.14515289578112753,0.1391187695288171,0.13062938056022455,0.14565056806251703,0.183554624560002,0.28237324713521816,0.14799442639484764,0.15000738556841214,0.12312124221859308,0.4614267865829776,0.14423706241729162,0.11712382085819674,0.1364896839146713,0.20665715302889742,0.2864537792982572,0.14237121618955592,0.20692929320018488,0.14723583941683557,0.14486331555960863,0.12267686926298664,0.14655010870964028,0.12820452806330565,0.13204133415121552,0.12727883202281198,0.15555792898113774,0.13016766025452114,0.13959771928410158,0.1650408306991474,0.11021764526976244,0.19778555166002057,0.23804154862346738,0.176896355770517,0.1465270207583992,0.142559490449921,0.1310271400174962,0.10884090007421995,0.1321748249503115,0.1637813989662721,0.1268638492769994,0.14373896270849468,0.1293158335423545,0.13407639095023366
COL,0.20064452730592505,0.14727095681420752,0.06080746328526716,0.09979873615634989,0.09363232693758103,0.09341151978011998,0.15270318879341335,0.08956701447461014,0.10536126075990757,0.13348437509634467,0.36783051325686533,0.08944647294499296,0.10696841910545316,0.09245219759466691,0.08780778996992694,0.09296492293481198,0.07998265032486039,0.1198257685858592,0.0,0.08727515687213833,0.13655600314169683,0.0964372640004997,0.10130975857590258,0.08800848940793475,0.12760675307025166,0.1371632447038281,0.09897293655732595,0.09601468179763485,0.0912836972747945,0.10160970387467048,0.09113377952354915,0.20185268469115356,0.08280683762749515,0.07273876666374567,0.08028028875973878,0.08214670641654157,0.11940325746764092,0.14183972974130202,0.0958241156567261,0.08712287534257188,0.08156712047197427,0.10128143077349219,0.153999728056104,0.2835530907959865,0.10125245073176509,0.14702201889734487,0.07986162951251558,0.4386133813282405,0.11148911683933072,0.09618838102026789,0.08548802113716748,0.16730965794035235,0.3088600122192327,0.0920115415534505,0.19749663444685195,0.10162817010338723,0.09898346714177264,0.08095753762818113,0.1343166423230916,0.08090781722369107,0.11760837223545399,0.08444891934822005,0.11297762852802065,0.10529111611047304,0.0930701374240923,0.12018688005401297,0.08478144174877762,0.16496011770704244,0.21070348174234094,0.13303217079270915,0.10711992033958113,0.10088128596887055,0.07631126048010364,0.09111774813205886,0.08452458691958713,0.12152711931197505,0.11972727079274169,0.09376809108142516,0.10850358849821728,0.0852810266460133
CRI,0.22162301778866933,0.15741225163466066,0.09293253035889916,0.10335355531195917,0.10263239386692119,0.09128688062310754,0.16057275534119037,0.10150126612179491,0.1286448292799074,0.1439016684313399,0.3725726648450618,0.09859311752413315,0.10790422806344988,0.10901175420301366,0.11211748625053661,0.10743318841511518,0.10117291396924868,0.12756806783710536,0.08727515687213833,0.0,0.13097102422194035,0.10154966690629916,0.10618720824567446,0.0842249066268555,0.15996991248266337,0.13991126044050553,0.10031052677394833,0.10156360810318184,0.09102241700266704,0.10289245984592181,0.08781747321115664,0.17250376293931635,0.08756443355839862,0.08067872301983042,0.09492550995425963,0.10180701792900697,0.12334427921362223,0.1458444414512349,0.09915409766381496,0.0890408123387003,0.10745723164783161,0.10650738833595048,0.15865554224703626,0.28725699572776753,0.11295144014109905,0.15501685983884136,0.08960685795199891,0.42945536027415665,0.11530538883285617,0.10973588470447128,0.09714189149424757,0.18055678806331454,0.32083154370202027,0.10907404417749893,0.2112360463111676,0.09885441715641442,0.10475018979393731,0.08772999544862663,0.15633811060882108,0.10220490917654852,0.12831187830886748,0.07822601516197919,0.11636695974302134,0.1330485375503533,0.11011304384754113,0.1125168937790472,0.09609846743518223,0.1642056395973149,0.20111004006024932,0.1505732526585194,0.10636362950661284,0.10509351992189335,0.09708276596190338,0.10051704960575855,0.10410623726567231,0.12790340712133103,0.13381229079931042,0.0983229428970298,0.13265908530800222,0.09467560424884768
CYP,0.2406840263213904,0.16307796909925668,0.14723093703773532,0.11559809612193546,0.12348224015525992,0.11694745053030195,0.18711720174230337,0.13276153538398586,0.17258710796821564,0.17393647816276847,0.3792891484593707,0.13104292541996543,0.13555503529434332,0.14059552785283436,0.14401984608625598,0.14995948615696417,0.15212030363778062,0.17304683797081433,0.13655600314169683,0.13097102422194035,0.0,0.12403778733000762,0.12597779289791988,0.10832940156113384,0.18137500374601417,0.143635707622815,0.11812620377392218,0.1257358748706672,0.11640285360468067,0.11403357457072273,0.1180849738350316,0.19887866034666846,0.12000088918575952,0.12851056613921022,0.14073014466417383,0.1312281060337925,0.1261300048745439,0.1594346571782823,0.128944177238942,0.1187998178126708,0.13573609247548069,0.13718056980743246,0.1868115675510774,0.3015617865314852,0.1391992303848593,0.1900127911162762,0.12746399056153113,0.39666063550148756,0.13096288259092806,0.1637409793183336,0.14110417626243288,0.18775390997747948,0.3362209591590721,0.13788701316482893,0.24039963050790988,0.11397761990231414,0.1137713445607789,0.12659775979627425,0.18857899140092146,0.14199797716901547,0.189680421215088,0.12114272434166903,0.1315346855614419,0.16231733461854939,0.14209406916137166,0.14857695152604214,0.1562840411064864,0.1564631104623683,0.18531826822020137,0.16514613997781485,0.12694747482489435,0.1277534193551939,0.14312303222684786,0.15441259392334422,0.1336939775578492,0.15108140834733724,0.16912487486234726,0.12546154211116753,0.17563710545810993,0.1305925634954868
CZE,0.21523859682987295,0.12106968085600603,0.10781767054479877,0.05896985002325759,0.057173870173095505,0.0548588315069476,0.16392406906856455,0.08807007643211391,0.1468676910164303,0.13942174453981254,0.3642898568412301,0.07157294987176145,0.08710359523995928,0.08949798852851992,0.08600122436757116,0.10940972027596935,0.11849134087130396,0.14086985236248092,0.0964372640004997,0.10154966690629916,0.12403778733000762,0.0,0.06751491666338204,0.08154961842769864,0.15579176495702432,0.0860099875983465,0.08031691257386078,0.0678879069944506,0.05331728542232824,0.05730567028463987,0.08741461361092702,0.17435039146425393,0.05976882650979771,0.0721368303748438,0.09839771142970882,0.08907632742772303,0.0877438157376905,0.13380122924392684,0.08109143337981745,0.05098788117653316,0.09454117286646546,0.07482268382837357,0.15485212642558988,0.2759889167517169,0.08305275345616257,0.1700814214843544,0.0714115532803599,0.43437737127309617,0.07360965248413062,0.13982232429459387,0.07861998288861666,0.15117649670781644,0.33037828255276036,0.11173106032998009,0.21978051894887404,0.06045596137770598,0.07398276120636363,0.0673708339625157,0.16194773745489072,0.09905678467651977,0.1627729311836589,0.05316474070203473,0.05981420958485293,0.11430417842599033,0.08516067561287091,0.10279204661115023,0.12312236778278934,0.13641798635323577,0.20393534682945622,0.09520664265865694,0.04883222578169284,0.06822309495358644,0.09489439380461855,0.12650739317842738,0.06636057829200205,0.10509874227293195,0.13297674835552786,0.07833081236409656,0.14826597354434543,0.07799187666011899
DEU,0.21688657941027223,0.13738573376684915,0.11333526076033497,0.08258184171524742,0.0659738403944467,0.06090270166573285,0.1703673495378265,0.09630981208105599,0.15850198742627325,0.13561909005037712,0.3596701161281194,0.05185838118679126,0.08155876041724326,0.0943726726750753,0.08661028040407305,0.11600370311981247,0.12454225960706428,0.1467660696594997,0.10130975857590258,0.10618720824567446,0.12597779289791988,0.06751491666338204,0.0,0.07436410403763682,0.15781522849770924,0.12947547563209671,0.08402680907367942,0.0694987567621246,0.05223889307764235,0.06567472463610854,0.08454665639314815,0.18012008897267318,0.08572910402717501,0.06725541985719118,0.10672788040547962,0.09976707553264076,0.10280927295841405,0.1298597640971579,0.06618502121435639,0.05858391607494459,0.09831597712199387,0.05635390891502864,0.15195895812150464,0.28357850968745324,0.07162465889994225,0.17717859955916831,0.08160651084732602,0.41562044025700046,0.09830176014667,0.146699039936405,0.07889590313396977,0.16134699820344922,0.33458532007628183,0.11338877646113509,0.22992809508631226,0.07359831667972534,0.07958246846674774,0.08880640258746537,0.17079053769843303,0.09879112516980319,0.17733624523360783,0.07646205565198735,0.10149859576291745,0.13568159082596154,0.0915356213081845,0.11508283785899102,0.13487299515143775,0.13747389739530222,0.1873245942409873,0.11522224169883388,0.07883943719626958,0.05734986142379985,0.09948888336869821,0.13082785461710675,0.09667295885433168,0.0983909601357545,0.13936124782112408,0.050927633121339404,0.15717147963188002,0.07127295548201591
DNK,0.21322760940146615,0.13969084522364508,0.09963959602689303,0.08653496106089212,0.0743162375355624,0.07043559226689894,0.16260269317202997,0.08811955499336818,0.1440123324106769,0.1363629904388278,0.36352755235435397,0.0701712450490808,0.08707936995608921,0.09049057919777616,0.09253332991663131,0.10432086230493778,0.10875043710111708,0.1341682174000157,0.08800848940793475,0.0842249066268555,0.10832940156113384,0.08154961842769864,0.07436410403763682,0.0,0.1456534891283099,0.13312553898311916,0.08004539400628978,0.0687516117558163,0.07102896391273254,0.07992240253836749,0.06317645337377543,0.17554958562904635,0.0788540881892726,0.07176626534918483,0.09270724689598538,0.09458574832323137,0.10672142761218335,0.12779258212523614,0.07169282829876537,0.06565473981138284,0.09006579333252461,0.07927921553607788,0.15019010064375807,0.28282904391555663,0.08957588759940491,0.16397236556223813,0.07622114513013871,0.42623898087252876,0.10020970261396579,0.1341023001860982,0.08396365872075132,0.16425233403373002,0.32403150487318566,0.1059413770071724,0.2166146436846573,0.08077474478485074,0.0670820302944612,0.08245788794140055,0.15979284161698484,0.09322504749678147,0.1561652360125761,0.06876387614140547,0.10725435168951815,0.12839300410710763,0.09012893347291594,0.11017954986079741,0.11732557312233349,0.13948528772393484,0.19734297190082503,0.13648968091330857,0.08909721021672229,0.06696952078151457,0.09625799138769081,0.11666933880568435,0.09561533781223247,0.10862069866366576,0.13020492989538074,0.06995914328957809,0.1428644136545159,0.07629901388983962
EGY,0.2026564962972145,0.15579032179873356,0.12216083865652577,0.15918211361488924,0.15447092471654925,0.15481160205918534,0.19601498920416116,0.15059454576752376,0.1773430863380365,0.13760707471806205,0.3456974707347502,0.14853082570643175,0.16447587221342733,0.15480472494248418,0.1385589179744188,0.15762361707611647,0.15182201400434495,0.17424967984817236,0.12760675307025166,0.15996991248266337,0.18137500374601417,0.15579176495702432,0.15781522849770924,0.1456534891283099,0.0,0.18723437375479243,0.1506570371151397,0.15221185006699475,0.15502247584644405,0.15652853634150254,0.15014900549249255,0.2355359602170821,0.14940172923487816,0.14818690889340771,0.14486046761242663,0.1317482960254926,0.17688089926537043,0.1828747163939138,0.15657434163526252,0.14870838397442318,0.14372036510469052,0.15555933215478385,0.18327652632096297,0.2961142978142407,0.1577846031567567,0.19486712194092304,0.14392798955822053,0.46300755765062657,0.1620425578835886,0.17217041848601575,0.1410849724507663,0.20637329548157413,0.3376759160553876,0.13310841693656594,0.2529714348228453,0.159845121473554,0.14660023483514484,0.15298609478923614,0.17371274961982114,0.13550718212371426,0.18713026734847216,0.15287329927338997,0.1701262265409258,0.1608027152054824,0.1322007971270149,0.15360986388626896,0.165090847637744,0.17971185500411851,0.24697551354046024,0.1759353460644859,0.1625828634915185,0.15600065943417812,0.13880610188321452,0.15761950935485844,0.14605711846213673,0.16893330516984473,0.16526083319892693,0.15184739950413845,0.16217643556912026,0.14652338669345163
ESP,0.24141973794649502,0.1251257311929775,0.14593469992469377,0.07717789436306598,0.12022071096193844,0.10091665681425098,0.1864045161872786,0.1310884361791418,0.17410966818100532,0.17227256670531277,0.37779968962031274,0.13152137166075303,0.14297568468923552,0.1461749211179117,0.1386404513191277,0.15066290858235232,0.15275718303635683,0.1714925299444297,0.1371632447038281,0.13991126044050553,0.143635707622815,0.0860099875983465,0.12947547563209671,0.13312553898311916,0.18723437375479243,0.0,0.13200857456523885,0.12230083434323985,0.10245043978782362,0.09582242271417694,0.13710419876211236,0.20096431172319,0.09213193027453162,0.12744106191079274,0.13483888084926562,0.11871880454139096,0.09895293137789478,0.16567674750180034,0.13635188778812624,0.10236967605355109,0.135359732607371,0.1320988448695559,0.18942952331284682,0.30321703182599696,0.1385610342607001,0.20008954781863092,0.12347999432362088,0.44422379083140434,0.11205331914879918,0.16850921340527986,0.12713394761852567,0.19013345341599536,0.3439795243844366,0.1486105970416567,0.24321423061605843,0.0899075102058044,0.11600474935280457,0.10485212326794001,0.1961098894374034,0.13922618982486257,0.19178984426235596,0.1024934729443617,0.05301360444709767,0.1544429192860368,0.13824108364039,0.12176146933438445,0.15366695849543888,0.16001640261864,0.22741694315477357,0.14291367016782133,0.07859438790331602,0.13335929898527493,0.14024729942472516,0.15981189696895096,0.10487388022269385,0.15384926975780724,0.17291189369595267,0.135298828505748,0.17667806999825203,0.13233593396562046
EST,0.21574780129063603,0.1446800608432311,0.1083661179893564,0.09232843444705055,0.08258140052936057,0.07775344136585827,0.15902862785752675,0.08981479895537985,0.14916982871834908,0.14438914197551136,0.3657324944056491,0.08189588205745846,0.09841854223411459,0.09941694499381233,0.09701298937071137,0.09838604226208848,0.11358774782584263,0.1392187899847355,0.09897293655732595,0.10031052677394833,0.11812620377392218,0.08031691257386078,0.08402680907367942,0.08004539400628978,0.1506570371151397,0.13200857456523885,0.0,0.07034825026610429,0.07881394396942687,0.08735589336361053,0.08826666427292655,0.18225105898554905,0.07902572876653395,0.08522202460422812,0.10320062672549203,0.10451324949403981,0.11358109508226949,0.13583044282593584,0.0893615924806754,0.07086550940789896,0.09671237637919984,0.09038653547038844,0.15290382483048248,0.2828995879386575,0.10115163495088923,0.16443828861294538,0.0654637254941017,0.4353591071249752,0.061342379087337265,0.14292315955059137,0.09524906605816537,0.16493583719875637,0.3235463281793711,0.11883491264977217,0.21921953370879146,0.09376150339343864,0.08354790395651805,0.08995647368638497,0.15888884137908485,0.09607601009141455,0.1632031554705261,0.07634156223700617,0.10582522816534598,0.12294445971395461,0.09365333342550182,0.11332119339785515,0.12148520517685599,0.15160291657762154,0.1999341765897109,0.12584786320044478,0.08830152096502279,0.07485912918822618,0.10075923330303588,0.12043384335873943,0.09574734386385647,0.11744524097055244,0.13475983819549384,0.08501798982300883,0.14319015218669126,0.08772574131923316
FIN,0.2140590302951307,0.12958241959189573,0.10638736859311108,0.08102555692443225,0.06815077816544014,0.0654644371986371,0.1647465436216855,0.08444060667839424,0.15175651421084996,0.13443261823756203,0.3583239977641507,0.06280575557457951,0.08974719357582918,0.09269038212143806,0.07521889224217763,0.10110231234591702,0.11479972720638836,0.1373513569552264,0.09601468179763485,0.10156360810318184,0.1257358748706672,0.0678879069944506,0.0694987567621246,0.0687516117558163,0.15221185006699475,0.12230083434323985,0.07034825026610429,0.0,0.06774422771225541,0.0761085104364771,0.07992746408223826,0.17341028890878088,0.07496659029775117,0.07139835287411499,0.09555785498480568,0.09098123301780853,0.10081379642127046,0.1301272509743867,0.06901122222014751,0.05809960520605049,0.08797745220049344,0.06439118482176302,0.14927759850852979,0.2719379162869948,0.07177855621698409,0.16848890904047287,0.07106400148062125,0.43800190710823955,0.08423527245972376,0.14506077809034462,0.07427267017991136,0.1488429506262875,0.3266028033828567,0.11514266030547632,0.2264778053379697,0.08059651245214697,0.07112976351002208,0.08254974216761564,0.16368980080231887,0.09085629428397217,0.16929891380313664,0.06553958861950743,0.0955063834442458,0.1263947688051498,0.08805730545498233,0.10751792794214203,0.12699096164475526,0.12788518266298082,0.2027407691190483,0.12623588222555815,0.07384798181860663,0.04987534519340487,0.09164119816431736,0.12247446549076366,0.08908589868354598,0.08616975610671275,0.12737703807507322,0.06872463497991278,0.1469915088274883,0.0712174067801651
FRA,0.21388907015608707,0.12435362622563499,0.10342607937737977,0.05550944941875081,0.059749655983760995,0.04318803601735065,0.16122338024117683,0.08401224901165506,0.1471854668584561,0.13308026418609642,0.36026486365347227,0.05982041839712468,0.07964836263666583,0.08749694350263536,0.08996607659957005,0.10710281548339921,0.11417528628452453,0.13755629490951085,0.0912836972747945,0.09102241700266704,0.11640285360468067,0.05331728542232824,0.05223889307764235,0.07102896391273254,0.15502247584644405,0.10245043978782362,0.07881394396942687,0.06774422771225541,0.0,0.042291315851501095,0.07611907782182108,0.17343642129662676,0.062406241807613456,0.06561128531159606,0.09847206324598835,0.08647317413518467,0.08248026575568895,0.1270579535793184,0.06205542288167367,0.04245227287104926,0.0929836732044088,0.07242774799206966,0.14834502813361816,0.280989127428301,0.08418180688432975,0.1661049549146835,0.06723236795157793,0.41366229702722407,0.08216778545588635,0.13751603264864384,0.0780853600034132,0.15789532281903904,0.3250838045505653,0.10397634438234499,0.21861682499659527,0.04830372593184218,0.07116441028297767,0.06537015587612667,0.1605890166419241,0.09147910915662852,0.1639659218026752,0.05733266089250856,0.07484961171183774,0.12168236171305484,0.08691771695279016,0.10123469085812176,0.12058538015923409,0.13310336328153274,0.18177604698853614,0.1159896194353927,0.05662310686935946,0.06639617378204812,0.09512794837104659,0.12094669789518186,0.0786658365280323,0.10462914956869396,0.12985295355809795,0.055066483692123545,0.14605900354648757,0.06872077302303345
GBR,0.21273966609041178,0.11951711740682443,0.11657886176278928,0.04782740592333636,0.057808071942983354,0.050300822032490256,0.16920293949146314,0.09718300081194665,0.16377025185517183,0.1400831988330228,0.3632098832479098,0.07202657242806389,0.07714185052679184,0.09498106929994798,0.10310047870007233,0.1224557501327909,0.1261629080269996,0.15198968883837105,0.10160970387467048,0.10289245984592181,0.11403357457072273,0.05730567028463987,0.06567472463610854,0.07992240253836749,0.15652853634150254,0.09582242271417694,0.08735589336361053,0.0761085104364771,0.042291315851501095,0.0,0.0899894699327158,0.16934683251120525,0.06782835911180855,0.08606573597023764,0.1124062178057474,0.09527691148425764,0.07802808409011948,0.12894607219533047,0.07439760690767322,0.05229598163436543,0.1057886543032016,0.08642209641823237,0.15118748853834044,0.28718098614607157,0.09776855779979436,0.17687345133832003,0.07898064112034475,0.40729830338612405,0.08247938829675383,0.15574170539022872,0.08932621122891761,0.15433942713308565,0.33468910303282107,0.10984133847513922,0.23053278741282904,0.042659862917181594,0.07499441400271879,0.07246013317904722,0.16790679031564326,0.10175347298376598,0.17824911888455366,0.0677453735095908,0.06849976187378684,0.12840574756406933,0.0925642614275708,0.09869750122751154,0.13753988369459022,0.13231958008081118,0.18098213136817587,0.1148979156754764,0.05874323406970558,0.0761672751544085,0.10993737333661256,0.13691478553618697,0.08238094146614879,0.11241526620435029,0.14507155248132056,0.06374207365107266,0.15865412744813165,0.08182023603978536
GRC,0.21561404827509875,0.1458807068262629,0.10615318364211845,0.09324545586128775,0.08020820009201844,0.07800165394455051,0.15931557160920262,0.09114822173084693,0.1470628122808699,0.14257185497521213,0.3642209983141817,0.0742510445046886,0.09515132221827126,0.08799296537206965,0.0943319768535157,0.11305232644243102,0.11071213626188539,0.13752338832857997,0.09113377952354915,0.08781747321115664,0.1180849738350316,0.08741461361092702,0.08454665639314815,0.06317645337377543,0.15014900549249255,0.13710419876211236,0.08826666427292655,0.07992746408223826,0.07611907782182108,0.0899894699327158,0.0,0.18377559311985384,0.08177089792727638,0.07975340476629403,0.0954888548400355,0.09861054526306058,0.12049278745616876,0.13010271187181205,0.07320387633452292,0.07298168640867485,0.0920100453781094,0.0824301094779027,0.15176479179841162,0.2767689762618395,0.09161469441550225,0.16105968792796277,0.0796414722360605,0.4405459847156802,0.10516426406933446,0.13480715630927725,0.09258727723301186,0.16935237199528513,0.319133066468306,0.12329344272074227,0.22148526205366978,0.09143766450964326,0.07539216380744504,0.08662057095962276,0.15712692204527906,0.09564671220847858,0.1641853714951162,0.07921229519372526,0.1093345884464049,0.12716875509376752,0.09359727973411773,0.11663265467188091,0.11648449809582911,0.14346261033657284,0.20651655743929923,0.13873716206554296,0.09158454977948471,0.0793678304011721,0.09972817536646801,0.11860640450764993,0.0951528524412236,0.11373810125464076,0.130695274367848,0.08020736729905936,0.1407965396053012,0.08241779850622605
HKG,0.2743829721610777,0.2074574736544776,0.21125143812652475,0.17966039010424334,0.17466568589308884,0.17458298272788955,0.2355413803172485,0.19265161117633947,0.23865020781224885,0.21453443438812567,0.3997211539969623,0.18466250899476364,0.16722007649235507,0.1979828028481653,0.19210004552522827,0.20881279763542432,0.2134334695860774,0.2283267868703302,0.20185268469115356,0.17250376293931635,0.19887866034666846,0.17435039146425393,0.18012008897267318,0.17554958562904635,0.2355359602170821,0.20096431172319,0.18225105898554905,0.17341028890878088,0.17343642129662676,0.16934683251120525,0.18377559311985384,0.0,0.1793384601261211,0.17731168228251878,0.2004314714504548,0.19700576801822764,0.17879670873852505,0.2110125704086851,0.17358104739440663,0.17031119471013914,0.1993567664590622,0.18185398033327538,0.2123092622754917,0.33030103669601124,0.17852075445958465,0.24136676580341213,0.18276331853172462,0.4358257897237841,0.18742254679614392,0.23103972470908957,0.1701729184015908,0.1936682765672366,0.3774344332546007,0.18547916778122253,0.2853271092512445,0.17175862130698757,0.1792385560775506,0.18838400191755872,0.24074684008355451,0.20056509299134348,0.23220564754268416,0.1712521814363243,0.18348194610535132,0.2187273777814084,0.1914575482590913,0.16499415428588707,0.22250817842046963,0.17736626003444458,0.23845826740361992,0.20735352183464142,0.17829582132201882,0.181034401055333,0.18772438804927247,0.2166455566001366,0.19397530811766356,0.16572762813009403,0.22112426521130465,0.17562079681352866,0.23437480127471957,0.18427627418786002
HRV,0.20964669602000105,0.12022972284419096,0.09414511221145766,0.059463339404628,0.0710904487547603,0.06231361021658017,0.15446302869025946,0.07133490966682134,0.13183470086619611,0.1339624643922068,0.3606655282435179,0.08005357050734045,0.08965161311469359,0.09120163453526507,0.09106550648809135,0.09937305552294758,0.10767639837310236,0.12860555749140376,0.08280683762749515,0.08756443355839862,0.12000088918575952,0.05976882650979771,0.08572910402717501,0.0788540881892726,0.14940172923487816,0.09213193027453162,0.07902572876653395,0.07496659029775117,0.062406241807613456,0.06782835911180855,0.08177089792727638,0.1793384601261211,0.0,0.07247057068363856,0.08783764152254275,0.08012680227022582,0.0866027033044665,0.13255527124659208,0.08421082572780941,0.05815250024656991,0.08106465514586549,0.0864163254892377,0.15181363946719947,0.27921672865864056,0.09878464735920167,0.15051802978920004,0.05473056015491849,0.43295018009835956,0.07716308519533294,0.12504973410578563,0.08338878897324224,0.15892016332740186,0.31201837604834604,0.10732099439779033,0.20841359985718416,0.0675309316344951,0.07821446258414985,0.06174362234635191,0.14424610296312207,0.09158490374622844,0.14728515601528255,0.052769415438462274,0.06771514075356225,0.1039262136556938,0.08172257068291167,0.09705417608581728,0.10799961149899487,0.1406338867998735,0.19873114904816552,0.11352979892271481,0.05930673296009462,0.08464769609221945,0.09094924627846081,0.11150166631776859,0.06772647380328206,0.11496156483779137,0.12426806285348646,0.08267886702336642,0.13047273630967854,0.07798247495374112
HUN,0.21163147014066896,0.14196208159521165,0.0791693974826087,0.08594551944804285,0.07935284317719185,0.07140558889161719,0.15364054689006465,0.07090213209596065,0.10995006272953596,0.12921362103524758,0.362192388012796,0.06317807373233945,0.09440127883115064,0.08808913766055675,0.07574382416732152,0.08976600097370334,0.09332216458606242,0.1141414132039354,0.07273876666374567,0.08067872301983042,0.12851056613921022,0.0721368303748438,0.06725541985719118,0.07176626534918483,0.14818690889340771,0.12744106191079274,0.08522202460422812,0.07139835287411499,0.06561128531159606,0.08606573597023764,0.07975340476629403,0.17731168228251878,0.07247057068363856,0.0,0.08118869126519627,0.08142232441817461,0.10332493961859321,0.1344650765020131,0.07632599925722669,0.06816284583881368,0.0842916333308721,0.0689888707537821,0.15115922627078185,0.27383268461614085,0.07117851137602745,0.14402337611080823,0.0672754645622973,0.430771234510444,0.10007425657242801,0.10266034169599014,0.06568343672941518,0.15587689691746226,0.3025560902296038,0.09912854103611204,0.20122529484460439,0.08503766104097572,0.08753023244776743,0.07336863948982292,0.13929165678059854,0.08709882786978981,0.13042192782791695,0.06063437987884515,0.10304426105962866,0.10948334021036435,0.08576939870894083,0.11688531944174171,0.093618277879533,0.14125041043175351,0.19794455569042374,0.12090581895953578,0.08557477513870132,0.07259143921255905,0.07258318615635898,0.09290368288724864,0.08465562512077592,0.09570328824680763,0.10902744768324102,0.07088500652631714,0.12038120904607252,0.06741393852830503
IDN,0.20444672035142086,0.1461764290805862,0.08412321136113222,0.10663644405662287,0.10489374320612543,0.09814213391529672,0.15670854349916213,0.09644307464551365,0.12036508045975478,0.14092807764787757,0.3675049694383451,0.09441799304373609,0.11900890547639661,0.10578798422077494,0.08971092264584485,0.09608753354093046,0.08934312790974717,0.12685131697338953,0.08028028875973878,0.09492550995425963,0.14073014466417383,0.09839771142970882,0.10672788040547962,0.09270724689598538,0.14486046761242663,0.13483888084926562,0.10320062672549203,0.09555785498480568,0.09847206324598835,0.1124062178057474,0.0954888548400355,0.2004314714504548,0.08783764152254275,0.08118869126519627,0.0,0.09257733093523478,0.1265359781855808,0.1430600650863945,0.10498022127464987,0.09010416524449825,0.09240216479937596,0.09650047040732805,0.1639959418725824,0.28692573364748664,0.10057381055641995,0.16065199741805028,0.08821796663663048,0.4469718257787334,0.11511085369477288,0.1083965634123486,0.0888410929649545,0.17349563813114152,0.3202647475547022,0.10062403470602783,0.20420251667003309,0.10992776721916576,0.10244885849543549,0.09356915004561743,0.1551207138111757,0.0910424881677679,0.12742961755603352,0.08470895495100285,0.11393917703385387,0.12413231284780564,0.09994380934237707,0.12739546223395248,0.09478578497781956,0.16350081401733896,0.21898041342282493,0.14152272745479808,0.10551708676415222,0.10515606615579624,0.07882323313216434,0.09602097523132286,0.0904515265321129,0.12200154303085564,0.13002050082740169,0.10504119420058755,0.12396979553277827,0.09330636033359695
IND,0.20712470711116046,0.12450159750086734,0.07811436491887767,0.08702471895943448,0.09928147435780747,0.08651095768044291,0.14776456728177964,0.08342870699131624,0.128398262363044,0.1258922802646456,0.35499295860417396,0.09347833095480668,0.11881362539561612,0.10919087902026405,0.07737586801041128,0.10968918560952919,0.10677856557697776,0.12609904281408546,0.08214670641654157,0.10180701792900697,0.1312281060337925,0.08907632742772303,0.09976707553264076,0.09458574832323137,0.1317482960254926,0.11871880454139096,0.10451324949403981,0.09098123301780853,0.08647317413518467,0.09527691148425764,0.09861054526306058,0.19700576801822764,0.08012680227022582,0.08142232441817461,0.09257733093523478,0.0,0.10810397988847606,0.1435516813479919,0.09690041755391625,0.0816657684962682,0.08906636979030622,0.09670854509964069,0.15787968460722238,0.2608314667029414,0.09840826318041046,0.15308988476324928,0.0883406776330065,0.4292527500406968,0.1096022103894603,0.11413624833212455,0.08927073579124693,0.17492695542347297,0.3030543883132167,0.09835406924953725,0.2215209242177727,0.09314051456701529,0.0996843108341125,0.08754807764284855,0.1382150715043981,0.09381340917953632,0.15078317324745255,0.08545061821594607,0.10269368317069161,0.11771542579708393,0.09726486332801615,0.11385677092388793,0.11038069633213898,0.1468926344078415,0.20101814119732456,0.1402703534893254,0.09188705020328854,0.09954854025534593,0.09311966679814807,0.10072027111394898,0.08410412772119187,0.11472124524225563,0.11603141734720378,0.0955184841920071,0.1160352275704783,0.08542566132206711
IRL,0.22918013789037744,0.1328098048410131,0.12585470690110126,0.07237690953369287,0.10140699763706006,0.08444151463466366,0.18025605852082008,0.11791466171051099,0.1608237762949132,0.1607422709014907,0.37217129559116596,0.11053323685220075,0.10650359236958248,0.1237784135358325,0.12059101163675014,0.13470171232360714,0.137519592811223,0.15232960635079806,0.11940325746764092,0.12334427921362223,0.1261300048745439,0.0877438157376905,0.10280927295841405,0.10672142761218335,0.17688089926537043,0.09895293137789478,0.11358109508226949,0.10081379642127046,0.08248026575568895,0.07802808409011948,0.12049278745616876,0.17879670873852505,0.0866027033044665,0.10332493961859321,0.1265359781855808,0.10810397988847606,0.0,0.1452142696659844,0.09790281406400009,0.09075821997961366,0.11935418145647797,0.11430019991535208,0.17629011798645103,0.29568198376476473,0.11658408010514869,0.18611068523047825,0.10494811098540446,0.397850730196384,0.11053907820003091,0.1570959780316607,0.10795331367312637,0.1577099552644689,0.3349638896837338,0.11470176967921426,0.22697570413719162,0.0735170214301623,0.10348805026089097,0.09684325066315723,0.18197318762031217,0.12246392910101926,0.1755817212652359,0.09472958478565664,0.08932068964223268,0.14462241441151147,0.12470782200215344,0.12559038076583007,0.14043515089009218,0.12853199274578136,0.18532733603979917,0.14509557888911834,0.0868386286119731,0.11078617803877303,0.12115797175337796,0.1435556060781922,0.10974639459703757,0.12269042381101003,0.155629191191192,0.09618589187394094,0.16482027299530305,0.10962399633100235
ISL,0.24098672239711622,0.17394507411107268,0.1514617973604215,0.13240409883752896,0.13036404473117635,0.1258317292645346,0.18711077544617655,0.1368096471114817,0.18494675013732392,0.17719896512487854,0.37811702928491014,0.12744427867990585,0.14114840143808077,0.13626094050683754,0.1366730329357379,0.15251307773519224,0.15380679227365981,0.16301641868269784,0.14183972974130202,0.1458444414512349,0.1594346571782823,0.13380122924392684,0.1298597640971579,0.12779258212523614,0.1828747163939138,0.16567674750180034,0.13583044282593584,0.1301272509743867,0.1270579535793184,0.12894607219533047,0.13010271187181205,0.2110125704086851,0.13255527124659208,0.1344650765020131,0.1430600650863945,0.1435516813479919,0.1452142696659844,0.0,0.12956343493615663,0.12526219282984355,0.13851925513441984,0.13198347400276547,0.18281858922460442,0.2988099111192271,0.1406082086061541,0.2010192203416885,0.1307196996925184,0.44063674224053384,0.14285774349222283,0.17936562928921476,0.1368367396159943,0.1939380405811537,0.343290766945365,0.1552284431074741,0.24259327791611018,0.13455354001847508,0.12372204654860751,0.12836306655983135,0.19771439102051058,0.13688041738998397,0.194601817134032,0.129474769897199,0.147511010074144,0.1683173217878595,0.1338696767118598,0.15616996354146054,0.15853618827279484,0.1767289378527057,0.21959756684753523,0.16824843455355984,0.13656521386553008,0.13234033117691146,0.14196307181331388,0.163546074534369,0.1402879136624038,0.1543239880418951,0.17310998425612326,0.1269653704225257,0.1743192445200908,0.13066457578842672
ISR,0.21727697316549463,0.13820059268032794,0.10773570021591708,0.086521784888094,0.07314783022052404,0.0602329743814605,0.16968778111498625,0.09670683710406947,0.15781278391026474,0.1344717561109683,0.35842977323631825,0.06255326762599095,0.08000845161534625,0.09021468439690554,0.08754321000161698,0.11255647368272641,0.12028246591505037,0.14515289578112753,0.0958241156567261,0.09915409766381496,0.128944177238942,0.08109143337981745,0.06618502121435639,0.07169282829876537,0.15657434163526252,0.13635188778812624,0.0893615924806754,0.06901122222014751,0.06205542288167367,0.07439760690767322,0.07320387633452292,0.17358104739440663,0.08421082572780941,0.07632599925722669,0.10498022127464987,0.09690041755391625,0.09790281406400009,0.12956343493615663,0.0,0.06337003635173728,0.09123350813201368,0.0726499009348841,0.14986828713472802,0.2830445825090205,0.07758107580721527,0.1759565992964465,0.08179996409805891,0.4205123267725752,0.10549825251292046,0.14891330338617517,0.07994680235228244,0.15547677201165377,0.3329509793352239,0.11102467224334743,0.22348290278659141,0.07353120583387582,0.07781570713865366,0.08726388685694388,0.17082800442975737,0.09533647423648432,0.1719726093768148,0.07843062222922915,0.10781970179955694,0.13637082132831427,0.09307492686188683,0.1072719416503632,0.13060759586138534,0.128858973328293,0.18785317192956716,0.13652052378223906,0.08347859719750139,0.06744011071654271,0.09969880480264563,0.12994994429786297,0.10122108631710111,0.0911544829650042,0.13674619032529206,0.052754333267859034,0.1543785662135821,0.0712811128976339
ITA,0.2122821618508869,0.12276290034396721,0.10094306229695653,0.06252274079670292,0.05845909176238862,0.03931979313078084,0.14815181256829346,0.07991484830485582,0.14791673908755326,0.13031884924659864,0.35932765736130057,0.06124880311609429,0.08040020841230666,0.0879570092482064,0.07490111271120457,0.10181422624069617,0.11063792748470622,0.1391187695288171,0.08712287534257188,0.0890408123387003,0.1187998178126708,0.05098788117653316,0.05858391607494459,0.06565473981138284,0.14870838397442318,0.10236967605355109,0.07086550940789896,0.05809960520605049,0.04245227287104926,0.05229598163436543,0.07298168640867485,0.17031119471013914,0.05815250024656991,0.06816284583881368,0.09010416524449825,0.0816657684962682,0.09075821997961366,0.12526219282984355,0.06337003635173728,0.0,0.08623389470834196,0.06693080564045902,0.14561288128190028,0.27863491319679035,0.0774719219951871,0.16849139075999048,0.06331937749448344,0.4244305216215682,0.07793980773763781,0.13952783019741585,0.07255021694501962,0.15752261829860367,0.328046651498075,0.1064854208578494,0.2203011049623024,0.05858151416376291,0.06902418987119747,0.07169531516455642,0.16126946082910715,0.08365710222556298,0.1647787540237701,0.053267446649448484,0.0724269910729095,0.12162266291405818,0.08256315300773232,0.09525620735939144,0.12088404218245083,0.13431905984513592,0.19131477368081645,0.11665421765626241,0.0475808245315759,0.06324103706167783,0.08764320007649647,0.11489875993551113,0.07223524276157496,0.09824067326364054,0.13067156510499067,0.060562734840080124,0.1393297892844684,0.06643408364251209
JOR,0.21165093801968876,0.13968527906228975,0.09670740487625036,0.10087767796870331,0.09826182413835881,0.0933457374663539,0.15922236746387827,0.08303406199108147,0.13292667065833066,0.13763663465810172,0.3600624080265159,0.08823101413066729,0.11491316300014424,0.10627625696070864,0.08687227104348359,0.09593168577729914,0.10415105332327325,0.13062938056022455,0.08156712047197427,0.10745723164783161,0.13573609247548069,0.09454117286646546,0.09831597712199387,0.09006579333252461,0.14372036510469052,0.135359732607371,0.09671237637919984,0.08797745220049344,0.0929836732044088,0.1057886543032016,0.0920100453781094,0.1993567664590622,0.08106465514586549,0.0842916333308721,0.09240216479937596,0.08906636979030622,0.11935418145647797,0.13851925513441984,0.09123350813201368,0.08623389470834196,0.0,0.09354844592533727,0.15761367591729433,0.2793880272176839,0.10070983405081432,0.15565950645811566,0.07683424061648221,0.44478836349559125,0.11107062592542442,0.12186848403730707,0.09015739336354517,0.1749828945339517,0.3140868784561176,0.10892628188250177,0.20325088508222228,0.10456408792500416,0.09262553945018623,0.0990468136565387,0.15555915513152777,0.08702431238911736,0.15253735700545645,0.08408972045415071,0.11430782712767769,0.12135126767792008,0.09022822391095464,0.12095231735642398,0.11004787069753694,0.15815397676941895,0.21002956115484006,0.13907711737751538,0.10080718079605148,0.0951600439178056,0.0914859143299031,0.11553337480083688,0.09869812923794771,0.1182028478734885,0.12275428247349181,0.09420121480205738,0.13217937883554323,0.08545016228984673
JPN,0.21746010206538666,0.14013782683401937,0.1103771393243442,0.09378567895244978,0.07564573543511224,0.07204641400047768,0.16881165971624007,0.09389990199692443,0.15727978621398364,0.13712474253572987,0.3603789763373817,0.057985881050498025,0.09281366541897608,0.1008373231981536,0.07392120294977148,0.11594437766500189,0.12200051413180416,0.14565056806251703,0.10128143077349219,0.10650738833595048,0.13718056980743246,0.07482268382837357,0.05635390891502864,0.07927921553607788,0.15555933215478385,0.1320988448695559,0.09038653547038844,0.06439118482176302,0.07242774799206966,0.08642209641823237,0.0824301094779027,0.18185398033327538,0.0864163254892377,0.0689888707537821,0.09650047040732805,0.09670854509964069,0.11430019991535208,0.13198347400276547,0.0726499009348841,0.06693080564045902,0.09354844592533727,0.0,0.1520006930967885,0.26536697749502897,0.061301778389013725,0.17561417997524117,0.08275969692322242,0.440158673729308,0.1045493561385206,0.14529081538145858,0.0757193598245976,0.162129686513848,0.3322649297534638,0.12160360706804438,0.23159042669300134,0.09238133354619682,0.08424595933027364,0.09707885984300413,0.16961574883077218,0.09656014191675434,0.17659451596063905,0.078362316329274,0.1058128702470464,0.13367194690869744,0.0894387819088511,0.11215364024839945,0.1345560184470836,0.1419459353695748,0.20299139887019552,0.1161202658019712,0.08412800707456414,0.063216096875912,0.08817241821063336,0.12896392946911406,0.09282471673124511,0.08947857043019715,0.12926082351256707,0.07092892648221891,0.15321990269145655,0.07195690804282491
KAZ,0.2136208996633892,0.18049550216161997,0.16022193373891788,0.154209093605459,0.15329157202118987,0.14950364646689127,0.20289303587884272,0.15057367417811593,0.201569932549523,0.18501423308737616,0.3806092176283254,0.14454218492597923,0.161288940677964,0.160770163171859,0.1542999734568844,0.169692605560273,0.16282094466988245,0.183554624560002,0.153999728056104,0.15865554224703626,0.1868115675510774,0.15485212642558988,0.15195895812150464,0.15019010064375807,0.18327652632096297,0.18942952331284682,0.15290382483048248,0.14927759850852979,0.14834502813361816,0.15118748853834044,0.15176479179841162,0.2123092622754917,0.15181363946719947,0.15115922627078185,0.1639959418725824,0.15787968460722238,0.17629011798645103,0.18281858922460442,0.14986828713472802,0.14561288128190028,0.15761367591729433,0.1520006930967885,0.0,0.3015553319791794,0.16242925825323967,0.2013332474422144,0.14550053410152347,0.45720012180406705,0.16020884640681762,0.19607725144080032,0.15193271107228223,0.21338293239846473,0.3373396745745539,0.16567855454233565,0.25334973798400245,0.15599755580463162,0.1498990748199526,0.15559556084835938,0.19664811054334572,0.14348877405011665,0.21287744773692693,0.14662853733427392,0.17037690484833165,0.17724818711537896,0.14824007095696778,0.14038256738759114,0.18446353306400368,0.19636803415942622,0.23657559069994522,0.18580878018583433,0.15519647314723584,0.15023568507674442,0.1634944288508796,0.1763323824071006,0.1621247387172072,0.17117640159110742,0.1737369825958602,0.14617476016307923,0.17873351363791137,0.1448343304123745
KHM,0.3326402740694664,0.30357840184324536,0.2719881007137608,0.2827811261315859,0.2792877379712837,0.2770775004768081,0.27671999809245973,0.2541159406563201,0.2842651359949861,0.3012126028497904,0.45120321551921,0.2786136149207386,0.2913133325052275,0.286056181663441,0.2577385848544463,0.28279880947935476,0.28879437083633225,0.28237324713521816,0.2835530907959865,0.28725699572776753,0.3015617865314852,0.2759889167517169,0.28357850968745324,0.28282904391555663,0.2961142978142407,0.30321703182599696,0.2828995879386575,0.2719379162869948,0.280989127428301,0.28718098614607157,0.2767689762618395,0.33030103669601124,0.27921672865864056,0.27383268461614085,0.28692573364748664,0.2608314667029414,0.29568198376476473,0.2988099111192271,0.2830445825090205,0.27863491319679035,0.2793880272176839,0.26536697749502897,0.3015553319791794,0.0,0.2718971345183341,0.27564370033079666,0.27419162102311306,0.5173959986470152,0.2811689205647681,0.28403203440269287,0.2800648917360367,0.3195578684743196,0.33329338850484824,0.28935923060499313,0.31694914116691203,0.28802863030972803,0.28592622878025187,0.2810359000948028,0.2709421881886242,0.283557958382159,0.30602849873974913,0.274096337729691,0.2917589539145405,0.2609569170797917,0.2753371303966918,0.2946703405765291,0.2811322996987235,0.3104813905686067,0.3351229477082082,0.2869934448757276,0.28216142016463736,0.27458071445719395,0.2826233171577172,0.27920584980203084,0.27162152179454707,0.27108196147987834,0.21422794260641884,0.283110330504128,0.27080980174513924,0.2762207856179016
KOR,0.22152185394752347,0.146460219416417,0.10982199222364297,0.10502282244585334,0.08809234123952002,0.084583459325754,0.16166063968490746,0.10187657563190905,0.1517401488942147,0.1413716193616682,0.36484287053103154,0.07352375424641386,0.10060577778038153,0.1053221352386801,0.0616359117594126,0.11847718439215647,0.12438805223393143,0.14799442639484764,0.10125245073176509,0.11295144014109905,0.1391992303848593,0.08305275345616257,0.07162465889994225,0.08957588759940491,0.1577846031567567,0.1385610342607001,0.10115163495088923,0.07177855621698409,0.08418180688432975,0.09776855779979436,0.09161469441550225,0.17852075445958465,0.09878464735920167,0.07117851137602745,0.10057381055641995,0.09840826318041046,0.11658408010514869,0.1406082086061541,0.07758107580721527,0.0774719219951871,0.10070983405081432,0.061301778389013725,0.16242925825323967,0.2718971345183341,0.0,0.17851775494779767,0.09518969901307818,0.4367181669487425,0.11502286468349215,0.1423351213233236,0.0643814680005328,0.13666129437795457,0.3330250307625962,0.11917902033317673,0.23197752606148953,0.10021058221338468,0.091711537241438,0.1038455171204215,0.1705614842875296,0.10324876243000804,0.1708575937377755,0.090969983136928,0.11385792805090891,0.13656618559447184,0.10131527546052613,0.12331057047304628,0.13422391482186724,0.12341495304351636,0.2063943439963781,0.12627936895124006,0.09520900859638523,0.07649013082323612,0.07708793925625242,0.12429520277548627,0.09867906217518323,0.053914835697862304,0.13576254206444271,0.081010836337613,0.14625727524617493,0.08295013885987501
LAO,0.22853811403008392,0.20416459984946775,0.14019010303780108,0.1680645170623499,0.1669873930881654,0.17383513028663364,0.17155411004993756,0.1260775993208566,0.13559263837954252,0.192232447208971,0.39029015554329033,0.1681300544139917,0.17629421294536093,0.15568206959041808,0.1617892801897915,0.15477271110677118,0.16067752888463974,0.15000738556841214,0.14702201889734487,0.15501685983884136,0.1900127911162762,0.1700814214843544,0.17717859955916831,0.16397236556223813,0.19486712194092304,0.20008954781863092,0.16443828861294538,0.16848890904047287,0.1661049549146835,0.17687345133832003,0.16105968792796277,0.24136676580341213,0.15051802978920004,0.14402337611080823,0.16065199741805028,0.15308988476324928,0.18611068523047825,0.2010192203416885,0.1759565992964465,0.16849139075999048,0.15565950645811566,0.17561417997524117,0.2013332474422144,0.27564370033079666,0.17851775494779767,0.0,0.1419663198470735,0.45925389725709853,0.17064300788752174,0.14322460321763358,0.16844257516355193,0.21635188438414218,0.22652230525769668,0.17475793693708958,0.20661233221746075,0.17708322520445,0.17850395251797294,0.14979661583810053,0.11411404376272283,0.16309322169494606,0.16453461232916186,0.15313195401914886,0.1820767296199327,0.11873542996636047,0.16161274675179768,0.18788085803430368,0.1512725896759865,0.2171272832543688,0.24420936572204865,0.1868915077437803,0.17425240335576792,0.1718916393783015,0.1601206307393345,0.14097113063878772,0.15738177657518437,0.1880714885772385,0.13022859448094928,0.17184803203983023,0.1243642743872497,0.16403832654593395
LTU,0.20605445753849883,0.1344288671015421,0.08979459791966543,0.07982794518880788,0.06974906360547854,0.07144313677250627,0.14914585000010394,0.06303192553970784,0.1281691163693144,0.12881259648708956,0.357693035808794,0.07378780746324853,0.08716635471469301,0.08337564716360137,0.0836062087406679,0.08329913884523157,0.09964360992734195,0.12312124221859308,0.07986162951251558,0.08960685795199891,0.12746399056153113,0.0714115532803599,0.08160651084732602,0.07622114513013871,0.14392798955822053,0.12347999432362088,0.0654637254941017,0.07106400148062125,0.06723236795157793,0.07898064112034475,0.0796414722360605,0.18276331853172462,0.05473056015491849,0.0672754645622973,0.08821796663663048,0.0883406776330065,0.10494811098540446,0.1307196996925184,0.08179996409805891,0.06331937749448344,0.07683424061648221,0.08275969692322242,0.14550053410152347,0.27419162102311306,0.09518969901307818,0.1419663198470735,0.0,0.4366049635573729,0.06938270956899004,0.12564961502724178,0.08029213073563896,0.15546600110955203,0.3044378074669427,0.10567517897571153,0.1963496985706992,0.08468781507768602,0.08091121953820843,0.07158031048106171,0.13526865475965258,0.0832742822247167,0.14234306318730702,0.05602192855902422,0.09396341383844121,0.09266467680076222,0.07196767179710647,0.10916651561147166,0.10462971669087964,0.1452527816168984,0.1991204007410412,0.10994876363175468,0.07906506410541436,0.07862115278793183,0.0826562343812951,0.10810405428762221,0.07292905571489339,0.11073311811514885,0.1116973514842887,0.07800861951058194,0.12396275857141774,0.07239393645472221
LUX,0.4811482290376916,0.4465532911762953,0.4439543589326034,0.41571316360897365,0.42385831544730135,0.42170212922583294,0.45753035413882276,0.44018605326012405,0.45797078815818776,0.44496648969177316,0.5592757779765747,0.43261602636048735,0.41919737533171586,0.4429686342240134,0.4439163118126848,0.44937129426484596,0.45355018565294425,0.4614267865829776,0.4386133813282405,0.42945536027415665,0.39666063550148756,0.43437737127309617,0.41562044025700046,0.42623898087252876,0.46300755765062657,0.44422379083140434,0.4353591071249752,0.43800190710823955,0.41366229702722407,0.40729830338612405,0.4405459847156802,0.4358257897237841,0.43295018009835956,0.430771234510444,0.4469718257787334,0.4292527500406968,0.397850730196384,0.44063674224053384,0.4205123267725752,0.4244305216215682,0.44478836349559125,0.440158673729308,0.45720012180406705,0.5173959986470152,0.4367181669487425,0.45925389725709853,0.4366049635573729,0.0,0.4425920115164396,0.4505038386320235,0.44131743943914736,0.44614943337826085,0.5471120746665706,0.3997818636032068,0.48100837730608403,0.40572092622670203,0.44025569822685773,0.43386779398205233,0.46266608686283617,0.44576453328449306,0.46944923032884145,0.43453830061548027,0.44075469107625487,0.45714411985948505,0.44280851710820035,0.4451469056087254,0.45780421687166284,0.4252841362580146,0.30390944902205036,0.44749322005263004,0.4343218749946098,0.4358027296187677,0.4470438666643293,0.44888140359533235,0.44067750170453435,0.4325659622416612,0.4557529579697392,0.40253578969834414,0.46097455218069366,0.42413300834374984
LVA,0.21764667269949406,0.13810641057761208,0.11887324642838104,0.08386040585960705,0.0824121226756324,0.08280334817577409,0.16358773082493627,0.09523217876981933,0.1560792460434632,0.15190167789934236,0.368848662891166,0.09739614907264886,0.10031540176619572,0.10406186613512405,0.10790975564855318,0.10999997964712259,0.12271314317833663,0.14423706241729162,0.11148911683933072,0.11530538883285617,0.13096288259092806,0.07360965248413062,0.09830176014667,0.10020970261396579,0.1620425578835886,0.11205331914879918,0.061342379087337265,0.08423527245972376,0.08216778545588635,0.08247938829675383,0.10516426406933446,0.18742254679614392,0.07716308519533294,0.10007425657242801,0.11511085369477288,0.1096022103894603,0.11053907820003091,0.14285774349222283,0.10549825251292046,0.07793980773763781,0.11107062592542442,0.1045493561385206,0.16020884640681762,0.2811689205647681,0.11502286468349215,0.17064300788752174,0.06938270956899004,0.4425920115164396,0.0,0.1552073317097233,0.10408801482836597,0.1601637863970863,0.32610801284353524,0.12892952898166724,0.21987288218888096,0.09148141291495235,0.09005033651146409,0.0860332362491272,0.16019003843902604,0.10784887893346974,0.16778834977807466,0.07863497380262263,0.08694908600205815,0.11337311411892359,0.09663563928676286,0.11811805424656224,0.1296905312741078,0.15238499425343335,0.20695286322805248,0.108477103078472,0.08151193716701047,0.09126628454257481,0.11180487136960006,0.1328599105035941,0.08159072611047039,0.12945378937338525,0.13931785224191628,0.10235034767649646,0.1518822270552459,0.10007529092044787
MAR,0.23179535957646327,0.1877521495612069,0.0891541851078881,0.1459517324941898,0.14810587912967782,0.14239206230877532,0.16929407009543995,0.1209462908525908,0.08210255979418567,0.1664181902753388,0.38647438745965185,0.13883769440777027,0.15984284544866004,0.1374234667746977,0.1326016701074182,0.1182371825213711,0.10857692463374587,0.11712382085819674,0.09618838102026789,0.10973588470447128,0.1637409793183336,0.13982232429459387,0.146699039936405,0.1341023001860982,0.17217041848601575,0.16850921340527986,0.14292315955059137,0.14506077809034462,0.13751603264864384,0.15574170539022872,0.13480715630927725,0.23103972470908957,0.12504973410578563,0.10266034169599014,0.1083965634123486,0.11413624833212455,0.1570959780316607,0.17936562928921476,0.14891330338617517,0.13952783019741585,0.12186848403730707,0.14529081538145858,0.19607725144080032,0.28403203440269287,0.1423351213233236,0.14322460321763358,0.12564961502724178,0.4505038386320235,0.1552073317097233,0.0,0.13383091952642584,0.2067615848748394,0.29001639184618905,0.128003916190581,0.1949161326274918,0.14936041719601456,0.1535563010338953,0.11957215702542336,0.14166883520482035,0.1316904800291673,0.09249814024253605,0.12555732857888474,0.15507282151440205,0.12908889004230192,0.14266031664764214,0.17029717591509955,0.07645561860273922,0.20262560004273192,0.23572775801188556,0.16988065330701566,0.1522558490043863,0.1486979820534306,0.11745567387627145,0.08876591243509196,0.12730063522297036,0.16368534548646937,0.12933027150556556,0.14673695059768735,0.11090069477751485,0.13221971060236334
MEX,0.20443465299994876,0.1325270093546119,0.092469340298824,0.09178276324197107,0.08771408667519022,0.0769006126180872,0.16173961344682827,0.09163639182370077,0.1417536743140262,0.13435201129444593,0.36449774860861744,0.07260864671089236,0.0940394713780533,0.1010176066967196,0.06987614350477911,0.10610865875474183,0.10965250131165605,0.1364896839146713,0.08548802113716748,0.09714189149424757,0.14110417626243288,0.07861998288861666,0.07889590313396977,0.08396365872075132,0.1410849724507663,0.12713394761852567,0.09524906605816537,0.07427267017991136,0.0780853600034132,0.08932621122891761,0.09258727723301186,0.1701729184015908,0.08338878897324224,0.06568343672941518,0.0888410929649545,0.08927073579124693,0.10795331367312637,0.1368367396159943,0.07994680235228244,0.07255021694501962,0.09015739336354517,0.0757193598245976,0.15193271107228223,0.2800648917360367,0.0643814680005328,0.16844257516355193,0.08029213073563896,0.44131743943914736,0.10408801482836597,0.13383091952642584,0.0,0.1374409310632381,0.3255863048007628,0.09867809960505783,0.21416509716271762,0.08847618717876991,0.0828328919066362,0.090105479447273,0.16130459633352986,0.08816926385854357,0.15264538473130834,0.0750444950884634,0.10375244067298096,0.12723020597516338,0.08910029097537628,0.1081214495635191,0.11929683583878074,0.12832950732852505,0.2103995622884747,0.12803865761452882,0.08726340923776858,0.0822118307364522,0.07029809269879336,0.12006995917012638,0.09243220500135671,0.07592878388446017,0.1284384387082823,0.07768804926169565,0.13808858489144332,0.07945821089780021
MLT,0.24677722335398264,0.19325110387765398,0.18022914529023717,0.16492673374065864,0.13898643994072715,0.16254978215114932,0.21629206191888395,0.16859072481258217,0.20821409778075214,0.19701122111786368,0.3907464572215875,0.16446568274488435,0.1313769226697313,0.15477142817597878,0.15079491563050662,0.18353367901916373,0.1881294254577784,0.20665715302889742,0.16730965794035235,0.18055678806331454,0.18775390997747948,0.15117649670781644,0.16134699820344922,0.16425233403373002,0.20637329548157413,0.19013345341599536,0.16493583719875637,0.1488429506262875,0.15789532281903904,0.15433942713308565,0.16935237199528513,0.1936682765672366,0.15892016332740186,0.15587689691746226,0.17349563813114152,0.17492695542347297,0.1577099552644689,0.1939380405811537,0.15547677201165377,0.15752261829860367,0.1749828945339517,0.162129686513848,0.21338293239846473,0.3195578684743196,0.13666129437795457,0.21635188438414218,0.15546600110955203,0.44614943337826085,0.1601637863970863,0.2067615848748394,0.1374409310632381,0.0,0.36220849997383503,0.17566947250301576,0.26975914329288025,0.16757261428245615,0.1662154563605925,0.15982176463182915,0.19949916823713604,0.1749211777180617,0.20913293329794808,0.163470515154372,0.16561165112612203,0.16526851027115,0.15847434448632508,0.18777480063359503,0.19730550411650957,0.14279592434608324,0.239757100587178,0.15069060576760893,0.16668629829204437,0.1574798117085087,0.13898040078080384,0.1914599840573969,0.14836946827730835,0.12185894965026874,0.20305567000449748,0.1607129288318644,0.19862916208866246,0.16368411797905616
MMR,0.3498727507633265,0.34978206260619044,0.29020152198600463,0.3210152765582766,0.33215803649679077,0.33144902408581345,0.27545942581979405,0.2715365429385072,0.2566915683456362,0.33925352850339324,0.4835797538927176,0.3255896380377041,0.338712425253957,0.32422317934144124,0.31316393259754144,0.30652363898157636,0.31338373433062405,0.2864537792982572,0.3088600122192327,0.32083154370202027,0.3362209591590721,0.33037828255276036,0.33458532007628183,0.32403150487318566,0.3376759160553876,0.3439795243844366,0.3235463281793711,0.3266028033828567,0.3250838045505653,0.33468910303282107,0.319133066468306,0.3774344332546007,0.31201837604834604,0.3025560902296038,0.3202647475547022,0.3030543883132167,0.3349638896837338,0.343290766945365,0.3329509793352239,0.328046651498075,0.3140868784561176,0.3322649297534638,0.3373396745745539,0.33329338850484824,0.3330250307625962,0.22652230525769668,0.3044378074669427,0.5471120746665706,0.32610801284353524,0.29001639184618905,0.3255863048007628,0.36220849997383503,0.0,0.33133272392682267,0.27805564364370194,0.3305249147871344,0.33336220631206787,0.3074957856549634,0.21332437987203537,0.32184330947564666,0.30031148931822876,0.31342909896399923,0.3351003684882166,0.25815805765216193,0.3236386749023914,0.33935644410878774,0.29636000656728206,0.3573039357593918,0.3718235196349836,0.34570843038076654,0.32710317650170434,0.3309104877281163,0.318011269438812,0.28717716861664794,0.3192623551160001,0.3369275311289552,0.24783571166410512,0.3297430092318219,0.24181352610431045,0.32620564333732444
MYS,0.19970182717261195,0.14672739849009514,0.0913574342377707,0.11032946882065194,0.11683039284916961,0.10901768808964254,0.18108732456281335,0.11732937049369659,0.13782658985992774,0.14432632212595964,0.368453691941037,0.10893812930050381,0.12404521644089998,0.12441570414953068,0.11079001468320744,0.11723618063361832,0.11063432682387207,0.14237121618955592,0.0920115415534505,0.10907404417749893,0.13788701316482893,0.11173106032998009,0.11338877646113509,0.1059413770071724,0.13310841693656594,0.1486105970416567,0.11883491264977217,0.11514266030547632,0.10397634438234499,0.10984133847513922,0.12329344272074227,0.18547916778122253,0.10732099439779033,0.09912854103611204,0.10062403470602783,0.09835406924953725,0.11470176967921426,0.1552284431074741,0.11102467224334743,0.1064854208578494,0.10892628188250177,0.12160360706804438,0.16567855454233565,0.28935923060499313,0.11917902033317673,0.17475793693708958,0.10567517897571153,0.3997818636032068,0.12892952898166724,0.128003916190581,0.09867809960505783,0.17566947250301576,0.33133272392682267,0.0,0.20578546357670383,0.10475809488814712,0.11061250708158045,0.10856741333416932,0.1682052926585977,0.10633501084522431,0.1382694629115035,0.1023689973906729,0.13293266596919356,0.14046933786813826,0.1125235385896487,0.12792935909128775,0.11857804705728112,0.15919694888113048,0.1876629997271467,0.15305542809428566,0.1232831419926862,0.12019490346494698,0.10387524087494501,0.12434636636468951,0.11915746725384985,0.12861204165286436,0.13759390219501746,0.10240336000831647,0.145579228161945,0.10376579461994559
NGA,0.2879557809254114,0.2600990449904143,0.1961123548189716,0.22133648339179143,0.22912940018532144,0.221475876946186,0.22826179087363543,0.18688275489503064,0.1554841406770157,0.2469254594458499,0.42505178161749985,0.2190934981597653,0.23136456361910254,0.22168522408026942,0.2168742478543478,0.17278711718912712,0.1910071682436866,0.20692929320018488,0.19749663444685195,0.2112360463111676,0.24039963050790988,0.21978051894887404,0.22992809508631226,0.2166146436846573,0.2529714348228453,0.24321423061605843,0.21921953370879146,0.2264778053379697,0.21861682499659527,0.23053278741282904,0.22148526205366978,0.2853271092512445,0.20841359985718416,0.20122529484460439,0.20420251667003309,0.2215209242177727,0.22697570413719162,0.24259327791611018,0.22348290278659141,0.2203011049623024,0.20325088508222228,0.23159042669300134,0.25334973798400245,0.31694914116691203,0.23197752606148953,0.20661233221746075,0.1963496985706992,0.48100837730608403,0.21987288218888096,0.1949161326274918,0.21416509716271762,0.26975914329288025,0.27805564364370194,0.20578546357670383,0.0,0.22193257747593192,0.21919870323247692,0.20696006115929597,0.20394634864632935,0.21246601121045905,0.16424566381174346,0.19726738630260826,0.23459388748661752,0.18130664200923152,0.2172097530388367,0.24238498569048542,0.1748800498461004,0.26768837486608127,0.28720634957678304,0.2443672032233301,0.22748611522560833,0.23094420349326167,0.20683809498845754,0.20870884447138702,0.22029820649390425,0.24224197703766143,0.1780095080387215,0.22330707936914065,0.19843959153195387,0.21988120564092645
NLD,0.2187854732173768,0.12135183734217618,0.11192598675154991,0.043225195706288064,0.075604318456657,0.04984432266733083,0.16967767301188877,0.09963308636600164,0.1548966892761648,0.14289904498551054,0.3657530156149705,0.0761567565498796,0.0910480670057878,0.10240211254261807,0.10634488354092694,0.12090083604878803,0.12539873555983583,0.14723583941683557,0.10162817010338723,0.09885441715641442,0.11397761990231414,0.06045596137770598,0.07359831667972534,0.08077474478485074,0.159845121473554,0.0899075102058044,0.09376150339343864,0.08059651245214697,0.04830372593184218,0.042659862917181594,0.09143766450964326,0.17175862130698757,0.0675309316344951,0.08503766104097572,0.10992776721916576,0.09314051456701529,0.0735170214301623,0.13455354001847508,0.07353120583387582,0.05858151416376291,0.10456408792500416,0.09238133354619682,0.15599755580463162,0.28802863030972803,0.10021058221338468,0.17708322520445,0.08468781507768602,0.40572092622670203,0.09148141291495235,0.14936041719601456,0.08847618717876991,0.16757261428245615,0.3305249147871344,0.10475809488814712,0.22193257747593192,0.0,0.0729817508131686,0.06926908081398381,0.17125909749829143,0.1049208581358236,0.17026726024722888,0.06654822976215066,0.06877607407281311,0.13383630378259864,0.10091051414605126,0.09635349638161252,0.12872722642843737,0.13178114856268636,0.18153687045822858,0.1306069284588163,0.057861078352788906,0.08288899635310706,0.11236632507156293,0.1339739699188197,0.09209291853937877,0.11250899145000938,0.14176120181364535,0.06683633473947144,0.15637946212198447,0.08374364670524764
NOR,0.20600461327373062,0.12296585670450141,0.11149730595056674,0.07729534827095774,0.08007715237092979,0.07087087170169538,0.16883111470617462,0.0961359602043576,0.1554852346952563,0.14264920040580711,0.3627693262174394,0.07437380768401482,0.09506736318492133,0.09792578592617213,0.0963112780308624,0.10964432795144366,0.11688211413908145,0.14486331555960863,0.09898346714177264,0.10475018979393731,0.1137713445607789,0.07398276120636363,0.07958246846674774,0.0670820302944612,0.14660023483514484,0.11600474935280457,0.08354790395651805,0.07112976351002208,0.07116441028297767,0.07499441400271879,0.07539216380744504,0.1792385560775506,0.07821446258414985,0.08753023244776743,0.10244885849543549,0.0996843108341125,0.10348805026089097,0.12372204654860751,0.07781570713865366,0.06902418987119747,0.09262553945018623,0.08424595933027364,0.1498990748199526,0.28592622878025187,0.091711537241438,0.17850395251797294,0.08091121953820843,0.44025569822685773,0.09005033651146409,0.1535563010338953,0.0828328919066362,0.1662154563605925,0.33336220631206787,0.11061250708158045,0.21919870323247692,0.0729817508131686,0.0,0.08339824788537219,0.1718318382341406,0.09370933284381693,0.17010695547980642,0.07187036546434605,0.09349220589661963,0.13339957826617446,0.08868871597135856,0.10193144370640167,0.1288287767461388,0.13196675318980378,0.20662877414477235,0.133127081468565,0.08035976085558987,0.07158085378726003,0.10290252300010164,0.1343868697389651,0.09725940413228998,0.10992334385253356,0.13909905556953575,0.07789638427486516,0.15443830029558908,0.08214319457355457
NZL,0.212023459296388,0.13376853408775785,0.08861976955648983,0.06441366942689189,0.07121146982845067,0.07267493731352377,0.15628779249053198,0.08495139251665312,0.12606683919941625,0.14008519821680404,0.3672232562933635,0.08110335443141345,0.08994280485767112,0.08248533077337099,0.10063746497386768,0.10046768443860123,0.10434602725072853,0.12267686926298664,0.08095753762818113,0.08772999544862663,0.12659775979627425,0.0673708339625157,0.08880640258746537,0.08245788794140055,0.15298609478923614,0.10485212326794001,0.08995647368638497,0.08254974216761564,0.06537015587612667,0.07246013317904722,0.08662057095962276,0.18838400191755872,0.06174362234635191,0.07336863948982292,0.09356915004561743,0.08754807764284855,0.09684325066315723,0.12836306655983135,0.08726388685694388,0.07169531516455642,0.0990468136565387,0.09707885984300413,0.15559556084835938,0.2810359000948028,0.1038455171204215,0.14979661583810053,0.07158031048106171,0.43386779398205233,0.0860332362491272,0.11957215702542336,0.090105479447273,0.15982176463182915,0.3074957856549634,0.10856741333416932,0.20696006115929597,0.06926908081398381,0.08339824788537219,0.0,0.1385772124006451,0.09519277687684527,0.1370201153680109,0.06475377704256281,0.07873220878840093,0.09943879165816542,0.09228698495751933,0.11519106627262539,0.09991193442597535,0.14955908421484218,0.20468630077233715,0.11836581933244081,0.07746801377700807,0.082937818267339,0.0971927010978529,0.10663229193469903,0.0717200975974647,0.12209230147311603,0.12484817953054254,0.08316997065064764,0.1250334650837256,0.08365059206297328
PAK,0.2206681964886986,0.20229352520672628,0.12222382031491055,0.16157294394153107,0.15373056202498078,0.16803398615998785,0.1587635549689069,0.11515374981406515,0.12144406291024776,0.18481378234997817,0.3910702996007192,0.16270844104285645,0.16278677668612349,0.1491457291505311,0.14991881800438794,0.15254822684853248,0.15481050135422295,0.14655010870964028,0.1343166423230916,0.15633811060882108,0.18857899140092146,0.16194773745489072,0.17079053769843303,0.15979284161698484,0.17371274961982114,0.1961098894374034,0.15888884137908485,0.16368980080231887,0.1605890166419241,0.16790679031564326,0.15712692204527906,0.24074684008355451,0.14424610296312207,0.13929165678059854,0.1551207138111757,0.1382150715043981,0.18197318762031217,0.19771439102051058,0.17082800442975737,0.16126946082910715,0.15555915513152777,0.16961574883077218,0.19664811054334572,0.2709421881886242,0.1705614842875296,0.11411404376272283,0.13526865475965258,0.46266608686283617,0.16019003843902604,0.14166883520482035,0.16130459633352986,0.19949916823713604,0.21332437987203537,0.1682052926585977,0.20394634864632935,0.17125909749829143,0.1718318382341406,0.1385772124006451,0.0,0.15956082104016886,0.1557088852050516,0.1510758442184986,0.17297267443888964,0.0859422914558838,0.14963658608273736,0.18210810674523067,0.14507795780233307,0.2109814310103753,0.2473666432405725,0.16515136638098385,0.168995992921494,0.16500740193806457,0.14682113605984173,0.13339276235321795,0.1374836965749641,0.1803669475589573,0.12098549531010486,0.1660086091954361,0.10547195235750763,0.1592908430335184
PER,0.20353357238519623,0.1395133843066624,0.09084980910623525,0.09926911726029386,0.10045240107660344,0.09193469632633199,0.15335754507558774,0.09313403672125567,0.13849615461499978,0.13613388916573202,0.36251555034804495,0.08626240861141128,0.11577015194824715,0.08968910350034633,0.08544284800123451,0.09747836074733013,0.09551068243323058,0.12820452806330565,0.08090781722369107,0.10220490917654852,0.14199797716901547,0.09905678467651977,0.09879112516980319,0.09322504749678147,0.13550718212371426,0.13922618982486257,0.09607601009141455,0.09085629428397217,0.09147910915662852,0.10175347298376598,0.09564671220847858,0.20056509299134348,0.09158490374622844,0.08709882786978981,0.0910424881677679,0.09381340917953632,0.12246392910101926,0.13688041738998397,0.09533647423648432,0.08365710222556298,0.08702431238911736,0.09656014191675434,0.14348877405011665,0.283557958382159,0.10324876243000804,0.16309322169494606,0.0832742822247167,0.44576453328449306,0.10784887893346974,0.1316904800291673,0.08816926385854357,0.1749211777180617,0.32184330947564666,0.10633501084522431,0.21246601121045905,0.1049208581358236,0.09370933284381693,0.09519277687684527,0.15956082104016886,0.0,0.15126218261626406,0.08775302806699174,0.11499525596458017,0.12725702942965303,0.09622727647693197,0.12075539830357572,0.1116785645669288,0.1609485337617615,0.2118668545811729,0.14327249306072745,0.10171340716124522,0.09611416359052842,0.08484254196040371,0.11131317916206664,0.0984880294931939,0.12182601892118099,0.13000015557980787,0.09452631329197136,0.1307439233625119,0.08432730885219408
PHL,0.24661370669927127,0.21111967520274563,0.11167453475453641,0.16876562424211122,0.17060803228160096,0.1667176010680807,0.18762486657882005,0.14388996719879008,0.07771437463998182,0.18436947748629978,0.3960553237351884,0.16607828716433828,0.17376342098636094,0.15276209637180135,0.15914162695986575,0.1221118164921259,0.1150868389981125,0.13204133415121552,0.11760837223545399,0.12831187830886748,0.189680421215088,0.1627729311836589,0.17733624523360783,0.1561652360125761,0.18713026734847216,0.19178984426235596,0.1632031554705261,0.16929891380313664,0.1639659218026752,0.17824911888455366,0.1641853714951162,0.23220564754268416,0.14728515601528255,0.13042192782791695,0.12742961755603352,0.15078317324745255,0.1755817212652359,0.194601817134032,0.1719726093768148,0.1647787540237701,0.15253735700545645,0.17659451596063905,0.21287744773692693,0.30602849873974913,0.1708575937377755,0.16453461232916186,0.14234306318730702,0.46944923032884145,0.16778834977807466,0.09249814024253605,0.15264538473130834,0.20913293329794808,0.30031148931822876,0.1382694629115035,0.16424566381174346,0.17026726024722888,0.17010695547980642,0.1370201153680109,0.1557088852050516,0.15126218261626406,0.0,0.14274370488010335,0.17663296499284786,0.13663660590590382,0.16127800890829166,0.1875190306794957,0.08074031339094336,0.2173077107794516,0.25845240903990063,0.18852484886417942,0.17761032893849307,0.1748886884927838,0.13226391204968754,0.11071010070633219,0.15068046371567728,0.18391916599080818,0.14694749082117817,0.17364157811892358,0.13037913041130736,0.15802622319389611
POL,0.21383460798992363,0.12810012328872233,0.09319692164894097,0.06614901995774768,0.07023211601717934,0.055017253370533634,0.15629263962141451,0.06916567280018823,0.12925950897135635,0.13345142414095298,0.3622311654327776,0.07091992178593505,0.090932593823976,0.09037814670801715,0.08655324563707469,0.0906943184964519,0.10032810381165,0.12727883202281198,0.08444891934822005,0.07822601516197919,0.12114272434166903,0.05316474070203473,0.07646205565198735,0.06876387614140547,0.15287329927338997,0.1024934729443617,0.07634156223700617,0.06553958861950743,0.05733266089250856,0.0677453735095908,0.07921229519372526,0.1712521814363243,0.052769415438462274,0.06063437987884515,0.08470895495100285,0.08545061821594607,0.09472958478565664,0.129474769897199,0.07843062222922915,0.053267446649448484,0.08408972045415071,0.078362316329274,0.14662853733427392,0.274096337729691,0.090969983136928,0.15313195401914886,0.05602192855902422,0.43453830061548027,0.07863497380262263,0.12555732857888474,0.0750444950884634,0.163470515154372,0.31342909896399923,0.1023689973906729,0.19726738630260826,0.06654822976215066,0.07187036546434605,0.06475377704256281,0.1510758442184986,0.08775302806699174,0.14274370488010335,0.0,0.0798717461779651,0.10852480644323252,0.08112959714997034,0.09784566202240179,0.10359931644517481,0.14302917448185248,0.20122208102413663,0.1184909874922056,0.06086444154350092,0.07212912444567877,0.08849259280415203,0.11186032949879135,0.07728820291354037,0.10973650683789592,0.11487969105127449,0.0757609370997246,0.1349697030173869,0.07226065231110476
PRT,0.22568998622481334,0.11977808012320466,0.12618196471401555,0.0573610216454788,0.08381311629011758,0.07424926074563369,0.160359528654812,0.10788708736145786,0.16025788498110144,0.15355861492319015,0.3704646447550023,0.10244842366374571,0.10887819756970761,0.11401640642851492,0.11329482963389405,0.12848494092057747,0.1352141137421049,0.15555792898113774,0.11297762852802065,0.11636695974302134,0.1315346855614419,0.05981420958485293,0.10149859576291745,0.10725435168951815,0.1701262265409258,0.05301360444709767,0.10582522816534598,0.0955063834442458,0.07484961171183774,0.06849976187378684,0.1093345884464049,0.18348194610535132,0.06771514075356225,0.10304426105962866,0.11393917703385387,0.10269368317069161,0.08932068964223268,0.147511010074144,0.10781970179955694,0.0724269910729095,0.11430782712767769,0.1058128702470464,0.17037690484833165,0.2917589539145405,0.11385792805090891,0.1820767296199327,0.09396341383844121,0.44075469107625487,0.08694908600205815,0.15507282151440205,0.10375244067298096,0.16561165112612203,0.3351003684882166,0.13293266596919356,0.23459388748661752,0.06877607407281311,0.09349220589661963,0.07873220878840093,0.17297267443888964,0.11499525596458017,0.17663296499284786,0.0798717461779651,0.0,0.1293302878206689,0.11150424469144743,0.10356960465693144,0.13728019599742503,0.14746906303421328,0.21415463212512675,0.11488938068636702,0.055048733952624176,0.1044775211236368,0.11414392599131601,0.13762619643124605,0.0751266400424307,0.13007574159688234,0.15580596331419924,0.10701120481829039,0.15428130742284746,0.10689970225213759
ROU,0.20958433938284254,0.1692478610715927,0.10327868506021659,0.1219623064807293,0.10840664309418838,0.12849944708748176,0.1522353907066432,0.08523029214915928,0.11157351813740397,0.16224483906692572,0.377576841158747,0.1283739913626085,0.1223627216560376,0.10928314935020716,0.11640884416521254,0.11821718345324295,0.12775861730006144,0.13016766025452114,0.10529111611047304,0.1330485375503533,0.16231733461854939,0.11430417842599033,0.13568159082596154,0.12839300410710763,0.1608027152054824,0.1544429192860368,0.12294445971395461,0.1263947688051498,0.12168236171305484,0.12840574756406933,0.12716875509376752,0.2187273777814084,0.1039262136556938,0.10948334021036435,0.12413231284780564,0.11771542579708393,0.14462241441151147,0.1683173217878595,0.13637082132831427,0.12162266291405818,0.12135126767792008,0.13367194690869744,0.17724818711537896,0.2609569170797917,0.13656618559447184,0.11873542996636047,0.09266467680076222,0.45714411985948505,0.11337311411892359,0.12908889004230192,0.12723020597516338,0.16526851027115,0.25815805765216193,0.14046933786813826,0.18130664200923152,0.13383630378259864,0.13339957826617446,0.09943879165816542,0.0859422914558838,0.12725702942965303,0.13663660590590382,0.10852480644323252,0.1293302878206689,0.0,0.1103322831174423,0.1540979184666513,0.12020136209881147,0.18237136693230482,0.23108433345504123,0.11469296699172257,0.12761293918003921,0.12816860130438673,0.11498484696340938,0.12062644713929066,0.09007131214048936,0.14978331229501196,0.10409215347749422,0.1348017269988223,0.10938808016808027,0.12370548147201016
RUS,0.20067449590190875,0.12469947803864861,0.1025773377465315,0.09839184933617681,0.07813767840168397,0.08832928236345629,0.16853894631769037,0.08759248753367155,0.14933735779084234,0.12665024035175126,0.3531311020886573,0.08560893564001221,0.09525911114283213,0.09316387724075419,0.09163991830272049,0.10932944098199057,0.11628727884138054,0.13959771928410158,0.0930701374240923,0.11011304384754113,0.14209406916137166,0.08516067561287091,0.0915356213081845,0.09012893347291594,0.1322007971270149,0.13824108364039,0.09365333342550182,0.08805730545498233,0.08691771695279016,0.0925642614275708,0.09359727973411773,0.1914575482590913,0.08172257068291167,0.08576939870894083,0.09994380934237707,0.09726486332801615,0.12470782200215344,0.1338696767118598,0.09307492686188683,0.08256315300773232,0.09022822391095464,0.0894387819088511,0.14824007095696778,0.2753371303966918,0.10131527546052613,0.16161274675179768,0.07196767179710647,0.44280851710820035,0.09663563928676286,0.14266031664764214,0.08910029097537628,0.15847434448632508,0.3236386749023914,0.1125235385896487,0.2172097530388367,0.10091051414605126,0.08868871597135856,0.09228698495751933,0.14963658608273736,0.09622727647693197,0.16127800890829166,0.08112959714997034,0.11150424469144743,0.1103322831174423,0.0,0.1169658361982456,0.12717668764608864,0.14896112692075295,0.20935270407917314,0.10899836957881598,0.09892264837853847,0.08725069163564872,0.09551221231188424,0.1292939564047574,0.0835015083930712,0.11704501300408014,0.12618912886075534,0.09086690793588419,0.14415415830832853,0.08438794441445148
SAU,0.2151881397898935,0.1356438304550805,0.12623775023050876,0.099259822883409,0.10998777819063224,0.09504120946797066,0.1823828405177268,0.11889423878242553,0.17850155235925097,0.15447484417465213,0.36953208259122977,0.11016242556342025,0.12059686503847993,0.13463958669124307,0.12211766824174757,0.14338950289349614,0.14225463911488065,0.1650408306991474,0.12018688005401297,0.1125168937790472,0.14857695152604214,0.10279204661115023,0.11508283785899102,0.11017954986079741,0.15360986388626896,0.12176146933438445,0.11332119339785515,0.10751792794214203,0.10123469085812176,0.09869750122751154,0.11663265467188091,0.16499415428588707,0.09705417608581728,0.11688531944174171,0.12739546223395248,0.11385677092388793,0.12559038076583007,0.15616996354146054,0.1072719416503632,0.09525620735939144,0.12095231735642398,0.11215364024839945,0.14038256738759114,0.2946703405765291,0.12331057047304628,0.18788085803430368,0.10916651561147166,0.4451469056087254,0.11811805424656224,0.17029717591509955,0.1081214495635191,0.18777480063359503,0.33935644410878774,0.12792935909128775,0.24238498569048542,0.09635349638161252,0.10193144370640167,0.11519106627262539,0.18210810674523067,0.12075539830357572,0.1875190306794957,0.09784566202240179,0.10356960465693144,0.1540979184666513,0.1169658361982456,0.0,0.1565459131706561,0.15907785639456792,0.20908400218682568,0.1504964005114139,0.0974861300568625,0.11562804942158839,0.1263238603050769,0.15182908945527188,0.12005745041601146,0.13011569582209254,0.15549064048954836,0.11038205468909557,0.16720095733437776,0.11061605108489678
SEN,0.23207802161275348,0.17885630340058215,0.0819838327246429,0.12619211508685776,0.1342319154413592,0.12162552939540949,0.16060780921146453,0.10766278987173503,0.08163914262163065,0.160868999134662,0.3818884071901583,0.1239880179760014,0.1445260047656917,0.11804565398838907,0.12211661737236687,0.09491662488350507,0.08156585423753383,0.11021764526976244,0.08478144174877762,0.09609846743518223,0.1562840411064864,0.12312236778278934,0.13487299515143775,0.11732557312233349,0.165090847637744,0.15366695849543888,0.12148520517685599,0.12699096164475526,0.12058538015923409,0.13753988369459022,0.11648449809582911,0.22250817842046963,0.10799961149899487,0.093618277879533,0.09478578497781956,0.11038069633213898,0.14043515089009218,0.15853618827279484,0.13060759586138534,0.12088404218245083,0.11004787069753694,0.1345560184470836,0.18446353306400368,0.2811322996987235,0.13422391482186724,0.1512725896759865,0.10462971669087964,0.45780421687166284,0.1296905312741078,0.07645561860273922,0.11929683583878074,0.19730550411650957,0.29636000656728206,0.11857804705728112,0.1748800498461004,0.12872722642843737,0.1288287767461388,0.09991193442597535,0.14507795780233307,0.1116785645669288,0.08074031339094336,0.10359931644517481,0.13728019599742503,0.12020136209881147,0.12717668764608864,0.1565459131706561,0.0,0.19105475011260445,0.2347531690165298,0.1667280262628053,0.13381857970443542,0.1332362056999384,0.10532909572127379,0.08294200860508856,0.117367988965675,0.15387051718351005,0.11965600396877449,0.13212319753537163,0.11055750442983066,0.11929893876883864
SGP,0.24870381215499573,0.14124961220207952,0.17034047928625784,0.13829921949594715,0.14101065879317176,0.1317231028014089,0.2087739456690306,0.15408551077108748,0.20495728855321332,0.13975871125267467,0.3266437337191538,0.14221118845295558,0.13360779196203884,0.15749963301655104,0.1397878927584116,0.16691540924278933,0.17996508722455065,0.19778555166002057,0.16496011770704244,0.1642056395973149,0.1564631104623683,0.13641798635323577,0.13747389739530222,0.13948528772393484,0.17971185500411851,0.16001640261864,0.15160291657762154,0.12788518266298082,0.13310336328153274,0.13231958008081118,0.14346261033657284,0.17736626003444458,0.1406338867998735,0.14125041043175351,0.16350081401733896,0.1468926344078415,0.12853199274578136,0.1767289378527057,0.128858973328293,0.13431905984513592,0.15815397676941895,0.1419459353695748,0.19636803415942622,0.3104813905686067,0.12341495304351636,0.2171272832543688,0.1452527816168984,0.4252841362580146,0.15238499425343335,0.20262560004273192,0.12832950732852505,0.14279592434608324,0.3573039357593918,0.15919694888113048,0.26768837486608127,0.13178114856268636,0.13196675318980378,0.14955908421484218,0.2109814310103753,0.1609485337617615,0.2173077107794516,0.14302917448185248,0.14746906303421328,0.18237136693230482,0.14896112692075295,0.15907785639456792,0.19105475011260445,0.0,0.2172366395365219,0.174100569910912,0.1390148882780683,0.1406128723354033,0.14283676318474187,0.18413325379348297,0.14981801831109728,0.11177331198290136,0.18839542417801813,0.13596303529851095,0.19863512185469553,0.1423044803825807
STP,0.2836037466945069,0.229798321492795,0.21590055402632294,0.1889091904171786,0.19372647608000432,0.19144402457393356,0.24551457366614665,0.2049904303770536,0.24373776078423967,0.22819890990959718,0.40438189846437034,0.19525640781205955,0.19635867082784608,0.2142382088400905,0.21034628819313253,0.2206733316485434,0.2276312718588385,0.23804154862346738,0.21070348174234094,0.20111004006024932,0.18531826822020137,0.20393534682945622,0.1873245942409873,0.19734297190082503,0.24697551354046024,0.22741694315477357,0.1999341765897109,0.2027407691190483,0.18177604698853614,0.18098213136817587,0.20651655743929923,0.23845826740361992,0.19873114904816552,0.19794455569042374,0.21898041342282493,0.20101814119732456,0.18532733603979917,0.21959756684753523,0.18785317192956716,0.19131477368081645,0.21002956115484006,0.20299139887019552,0.23657559069994522,0.3351229477082082,0.2063943439963781,0.24420936572204865,0.1991204007410412,0.30390944902205036,0.20695286322805248,0.23572775801188556,0.2103995622884747,0.239757100587178,0.3718235196349836,0.1876629997271467,0.28720634957678304,0.18153687045822858,0.20662877414477235,0.20468630077233715,0.2473666432405725,0.2118668545811729,0.25845240903990063,0.20122208102413663,0.21415463212512675,0.23108433345504123,0.20935270407917314,0.20908400218682568,0.2347531690165298,0.2172366395365219,0.0,0.22501949543987382,0.2010396071906354,0.20208910035393263,0.21237650703508557,0.22214075808655429,0.21106609411289798,0.2079809980240608,0.2282511953804553,0.17503688900396147,0.24180038071587165,0.18611344408242306
SVK,0.2236418618330845,0.16327295601033487,0.14597412468955395,0.12446448279620136,0.08919424889510837,0.12200615663816873,0.19471099487431284,0.12890863705956643,0.1771241001642385,0.16535782003380006,0.3772383782485816,0.12374669196004495,0.10822117692647043,0.11622151107946273,0.1286752195814243,0.15120929074712824,0.16179889719367624,0.176896355770517,0.13303217079270915,0.1505732526585194,0.16514613997781485,0.09520664265865694,0.11522224169883388,0.13648968091330857,0.1759353460644859,0.14291367016782133,0.12584786320044478,0.12623588222555815,0.1159896194353927,0.1148979156754764,0.13873716206554296,0.20735352183464142,0.11352979892271481,0.12090581895953578,0.14152272745479808,0.1402703534893254,0.14509557888911834,0.16824843455355984,0.13652052378223906,0.11665421765626241,0.13907711737751538,0.1161202658019712,0.18580878018583433,0.2869934448757276,0.12627936895124006,0.1868915077437803,0.10994876363175468,0.44749322005263004,0.108477103078472,0.16988065330701566,0.12803865761452882,0.15069060576760893,0.34570843038076654,0.15305542809428566,0.2443672032233301,0.1306069284588163,0.133127081468565,0.11836581933244081,0.16515136638098385,0.14327249306072745,0.18852484886417942,0.1184909874922056,0.11488938068636702,0.11469296699172257,0.10899836957881598,0.1504964005114139,0.1667280262628053,0.174100569910912,0.22501949543987382,0.0,0.12048060782692116,0.12054660494320887,0.12646216473382202,0.1666826009481236,0.08749792595886918,0.14531185723656623,0.16469857112647354,0.1308343068516337,0.17603029424021435,0.12429814380751333
SVN,0.21939722324859717,0.11816384070756575,0.11487006244921141,0.05682650900923395,0.07560868403506311,0.05239920686301983,0.15633374896534072,0.09132094478382181,0.1568977770228593,0.14403977216678218,0.36511119470999664,0.07880353674087451,0.09898074504788557,0.10440696291459396,0.09278304704779425,0.11791810473511534,0.12744238578797237,0.1465270207583992,0.10711992033958113,0.10636362950661284,0.12694747482489435,0.04883222578169284,0.07883943719626958,0.08909721021672229,0.1625828634915185,0.07859438790331602,0.08830152096502279,0.07384798181860663,0.05662310686935946,0.05874323406970558,0.09158454977948471,0.17829582132201882,0.05930673296009462,0.08557477513870132,0.10551708676415222,0.09188705020328854,0.0868386286119731,0.13656521386553008,0.08347859719750139,0.0475808245315759,0.10080718079605148,0.08412800707456414,0.15519647314723584,0.28216142016463736,0.09520900859638523,0.17425240335576792,0.07906506410541436,0.4343218749946098,0.08151193716701047,0.1522558490043863,0.08726340923776858,0.16668629829204437,0.32710317650170434,0.1232831419926862,0.22748611522560833,0.057861078352788906,0.08035976085558987,0.07746801377700807,0.168995992921494,0.10171340716124522,0.17761032893849307,0.06086444154350092,0.055048733952624176,0.12761293918003921,0.09892264837853847,0.0974861300568625,0.13381857970443542,0.1390148882780683,0.2010396071906354,0.12048060782692116,0.0,0.08164952033483133,0.10639057339412154,0.12755397269383517,0.07864172608239589,0.11261684704341031,0.13956218149772806,0.08327008246519359,0.14916677487572136,0.08622537898148912
SWE,0.21486875127623195,0.13798435958655342,0.111077854290454,0.08716047620212299,0.05930388316517508,0.06771508683463164,0.1684485704676192,0.09065700046423783,0.15775026202856524,0.1381775252766862,0.3611081192079537,0.054266023568687365,0.08429382303778893,0.08612429670899528,0.08469571682959703,0.10760248571410919,0.12108392943119681,0.142559490449921,0.10088128596887055,0.10509351992189335,0.1277534193551939,0.06822309495358644,0.05734986142379985,0.06696952078151457,0.15600065943417812,0.13335929898527493,0.07485912918822618,0.04987534519340487,0.06639617378204812,0.0761672751544085,0.0793678304011721,0.181034401055333,0.08464769609221945,0.07259143921255905,0.10515606615579624,0.09954854025534593,0.11078617803877303,0.13234033117691146,0.06744011071654271,0.06324103706167783,0.0951600439178056,0.063216096875912,0.15023568507674442,0.27458071445719395,0.07649013082323612,0.1718916393783015,0.07862115278793183,0.4358027296187677,0.09126628454257481,0.1486979820534306,0.0822118307364522,0.1574798117085087,0.3309104877281163,0.12019490346494698,0.23094420349326167,0.08288899635310706,0.07158085378726003,0.082937818267339,0.16500740193806457,0.09611416359052842,0.1748886884927838,0.07212912444567877,0.1044775211236368,0.12816860130438673,0.08725069163564872,0.11562804942158839,0.1332362056999384,0.1406128723354033,0.20208910035393263,0.12054660494320887,0.08164952033483133,0.0,0.09981753182534912,0.12890997357180894,0.09283647794772201,0.09845979056674968,0.1329196997619062,0.06361924509693676,0.15319943689341028,0.07159227407900946
THA,0.20975082840872045,0.14758010985949233,0.08599183139218883,0.11102003023053075,0.09793636263239747,0.09862313651098843,0.143309392479781,0.09121169559782696,0.12016732204442472,0.13178330176353786,0.3621269200493787,0.0912082696930213,0.10883315496392618,0.1007229939663523,0.06927625915649362,0.09606095458273775,0.0934605504269805,0.1310271400174962,0.07631126048010364,0.09708276596190338,0.14312303222684786,0.09489439380461855,0.09948888336869821,0.09625799138769081,0.13880610188321452,0.14024729942472516,0.10075923330303588,0.09164119816431736,0.09512794837104659,0.10993737333661256,0.09972817536646801,0.18772438804927247,0.09094924627846081,0.07258318615635898,0.07882323313216434,0.09311966679814807,0.12115797175337796,0.14196307181331388,0.09969880480264563,0.08764320007649647,0.0914859143299031,0.08817241821063336,0.1634944288508796,0.2826233171577172,0.07708793925625242,0.1601206307393345,0.0826562343812951,0.4470438666643293,0.11180487136960006,0.11745567387627145,0.07029809269879336,0.13898040078080384,0.318011269438812,0.10387524087494501,0.20683809498845754,0.11236632507156293,0.10290252300010164,0.0971927010978529,0.14682113605984173,0.08484254196040371,0.13226391204968754,0.08849259280415203,0.11414392599131601,0.11498484696340938,0.09551221231188424,0.1263238603050769,0.10532909572127379,0.14283676318474187,0.21237650703508557,0.12646216473382202,0.10639057339412154,0.09981753182534912,0.0,0.09797280222695044,0.08711156205532918,0.0917643076780433,0.1279356115552845,0.10092320368918105,0.114388280278439,0.09026107763718837
TUN,0.22202273515380266,0.17321371462445778,0.08225647010438916,0.12950078457775627,0.13191234467673552,0.12394534635409772,0.12273716455781383,0.10250269866900788,0.09292385639399743,0.1537146734300579,0.37636502517931647,0.12123192669792163,0.1441672105074732,0.12354992333473244,0.10491335613577174,0.10750762979832595,0.09354859803361751,0.10884090007421995,0.09111774813205886,0.10051704960575855,0.15441259392334422,0.12650739317842738,0.13082785461710675,0.11666933880568435,0.15761950935485844,0.15981189696895096,0.12043384335873943,0.12247446549076366,0.12094669789518186,0.13691478553618697,0.11860640450764993,0.2166455566001366,0.11150166631776859,0.09290368288724864,0.09602097523132286,0.10072027111394898,0.1435556060781922,0.163546074534369,0.12994994429786297,0.11489875993551113,0.11553337480083688,0.12896392946911406,0.1763323824071006,0.27920584980203084,0.12429520277548627,0.14097113063878772,0.10810405428762221,0.44888140359533235,0.1328599105035941,0.08876591243509196,0.12006995917012638,0.1914599840573969,0.28717716861664794,0.12434636636468951,0.20870884447138702,0.1339739699188197,0.1343868697389651,0.10663229193469903,0.13339276235321795,0.11131317916206664,0.11071010070633219,0.11186032949879135,0.13762619643124605,0.12062644713929066,0.1292939564047574,0.15182908945527188,0.08294200860508856,0.18413325379348297,0.22214075808655429,0.1666826009481236,0.12755397269383517,0.12890997357180894,0.09797280222695044,0.0,0.11046181662362693,0.14313450447695975,0.12355744277676944,0.12761741354523354,0.08489458387014424,0.11468684166538787
TUR,0.20956932365507266,0.13179799991582697,0.09718851883609599,0.0813026741251333,0.06636856254591347,0.08270584183015307,0.146966051628799,0.08516472604306578,0.13521273527866462,0.13531796599037252,0.3628758843539187,0.09294477547548516,0.09271719558365397,0.08822124358109622,0.08638425437221064,0.10905029263678911,0.11358711322855676,0.1321748249503115,0.08452458691958713,0.10410623726567231,0.1336939775578492,0.06636057829200205,0.09667295885433168,0.09561533781223247,0.14605711846213673,0.10487388022269385,0.09574734386385647,0.08908589868354598,0.0786658365280323,0.08238094146614879,0.0951528524412236,0.19397530811766356,0.06772647380328206,0.08465562512077592,0.0904515265321129,0.08410412772119187,0.10974639459703757,0.1402879136624038,0.10122108631710111,0.07223524276157496,0.09869812923794771,0.09282471673124511,0.1621247387172072,0.27162152179454707,0.09867906217518323,0.15738177657518437,0.07292905571489339,0.44067750170453435,0.08159072611047039,0.12730063522297036,0.09243220500135671,0.14836946827730835,0.3192623551160001,0.11915746725384985,0.22029820649390425,0.09209291853937877,0.09725940413228998,0.0717200975974647,0.1374836965749641,0.0984880294931939,0.15068046371567728,0.07728820291354037,0.0751266400424307,0.09007131214048936,0.0835015083930712,0.12005745041601146,0.117367988965675,0.14981801831109728,0.21106609411289798,0.08749792595886918,0.07864172608239589,0.09283647794772201,0.08711156205532918,0.11046181662362693,0.0,0.11911298521807366,0.13034955040290425,0.10027168616165578,0.12721422293622972,0.08787165891862492
TWN,0.22849584316539293,0.15450865911128006,0.12750519503183433,0.12026999869460703,0.1065778220267263,0.10095955025297552,0.17222633711275856,0.11651134958411091,0.1691182148724347,0.1517167732765359,0.3674736746723748,0.10027206658082963,0.10876051313129945,0.12450677091518766,0.0803571037853368,0.136159831403754,0.14489553144627165,0.1637813989662721,0.12152711931197505,0.12790340712133103,0.15108140834733724,0.10509874227293195,0.0983909601357545,0.10862069866366576,0.16893330516984473,0.15384926975780724,0.11744524097055244,0.08616975610671275,0.10462914956869396,0.11241526620435029,0.11373810125464076,0.16572762813009403,0.11496156483779137,0.09570328824680763,0.12200154303085564,0.11472124524225563,0.12269042381101003,0.1543239880418951,0.0911544829650042,0.09824067326364054,0.1182028478734885,0.08947857043019715,0.17117640159110742,0.27108196147987834,0.053914835697862304,0.1880714885772385,0.11073311811514885,0.4325659622416612,0.12945378937338525,0.16368534548646937,0.07592878388446017,0.12185894965026874,0.3369275311289552,0.12861204165286436,0.24224197703766143,0.11250899145000938,0.10992334385253356,0.12209230147311603,0.1803669475589573,0.12182601892118099,0.18391916599080818,0.10973650683789592,0.13007574159688234,0.14978331229501196,0.11704501300408014,0.13011569582209254,0.15387051718351005,0.11177331198290136,0.2079809980240608,0.14531185723656623,0.11261684704341031,0.09845979056674968,0.0917643076780433,0.14313450447695975,0.11911298521807366,0.0,0.1438748057444398,0.09689157609243242,0.15872417983916526,0.10203507700328789
UKR,0.22095393998109164,0.1784495314761749,0.1022278855448416,0.1371972111868913,0.13875819357418887,0.13198025179635167,0.16005261624696493,0.08966299781536889,0.11556498651290302,0.16610734311131461,0.3787208164295725,0.12854540562499628,0.1513696866096968,0.1383993883010457,0.11497678448042567,0.12166600559882186,0.12756095659682226,0.1268638492769994,0.11972727079274169,0.13381229079931042,0.16912487486234726,0.13297674835552786,0.13936124782112408,0.13020492989538074,0.16526083319892693,0.17291189369595267,0.13475983819549384,0.12737703807507322,0.12985295355809795,0.14507155248132056,0.130695274367848,0.22112426521130465,0.12426806285348646,0.10902744768324102,0.13002050082740169,0.11603141734720378,0.155629191191192,0.17310998425612326,0.13674619032529206,0.13067156510499067,0.12275428247349181,0.12926082351256707,0.1737369825958602,0.21422794260641884,0.13576254206444271,0.13022859448094928,0.1116973514842887,0.4557529579697392,0.13931785224191628,0.12933027150556556,0.1284384387082823,0.20305567000449748,0.24783571166410512,0.13759390219501746,0.1780095080387215,0.14176120181364535,0.13909905556953575,0.12484817953054254,0.12098549531010486,0.13000015557980787,0.14694749082117817,0.11487969105127449,0.15580596331419924,0.10409215347749422,0.12618912886075534,0.15549064048954836,0.11965600396877449,0.18839542417801813,0.2282511953804553,0.16469857112647354,0.13956218149772806,0.1329196997619062,0.1279356115552845,0.12355744277676944,0.13034955040290425,0.1438748057444398,0.0,0.13517026844732236,0.1188866648884394,0.12562999851376183
USA,0.21174045413344683,0.13757122658994156,0.10595409187123933,0.07900933023049769,0.06993999133434403,0.06109764732317563,0.16706849022850415,0.09492218336857647,0.15658747062557085,0.1357255127329157,0.36096024325573406,0.05323527417347548,0.0813591822976489,0.09459410576053581,0.08859763552679743,0.11403401883477177,0.12010786165739443,0.14373896270849468,0.09376809108142516,0.0983229428970298,0.12546154211116753,0.07833081236409656,0.050927633121339404,0.06995914328957809,0.15184739950413845,0.135298828505748,0.08501798982300883,0.06872463497991278,0.055066483692123545,0.06374207365107266,0.08020736729905936,0.17562079681352866,0.08267886702336642,0.07088500652631714,0.10504119420058755,0.0955184841920071,0.09618589187394094,0.1269653704225257,0.052754333267859034,0.060562734840080124,0.09420121480205738,0.07092892648221891,0.14617476016307923,0.283110330504128,0.081010836337613,0.17184803203983023,0.07800861951058194,0.40253578969834414,0.10235034767649646,0.14673695059768735,0.07768804926169565,0.1607129288318644,0.3297430092318219,0.10240336000831647,0.22330707936914065,0.06683633473947144,0.07789638427486516,0.08316997065064764,0.1660086091954361,0.09452631329197136,0.17364157811892358,0.0757609370997246,0.10701120481829039,0.1348017269988223,0.09086690793588419,0.11038205468909557,0.13212319753537163,0.13596303529851095,0.17503688900396147,0.1308343068516337,0.08327008246519359,0.06361924509693676,0.10092320368918105,0.12761741354523354,0.10027168616165578,0.09689157609243242,0.13517026844732236,0.0,0.15160020979738723,0.06389710002169709
VNM,0.21822490180349818,0.18551194861006237,0.09668583364461034,0.14979758660941656,0.15168303885111561,0.14898437761717825,0.09883128907531975,0.10875957569418433,0.09563101778062498,0.1682631315714497,0.38216835523225157,0.14549531291861567,0.16316440514070446,0.14204849034773595,0.11801989452663593,0.12460011656566153,0.12335424261877512,0.1293158335423545,0.10850358849821728,0.13265908530800222,0.17563710545810993,0.14826597354434543,0.15717147963188002,0.1428644136545159,0.16217643556912026,0.17667806999825203,0.14319015218669126,0.1469915088274883,0.14605900354648757,0.15865412744813165,0.1407965396053012,0.23437480127471957,0.13047273630967854,0.12038120904607252,0.12396979553277827,0.1160352275704783,0.16482027299530305,0.1743192445200908,0.1543785662135821,0.1393297892844684,0.13217937883554323,0.15321990269145655,0.17873351363791137,0.27080980174513924,0.14625727524617493,0.1243642743872497,0.12396275857141774,0.46097455218069366,0.1518822270552459,0.11090069477751485,0.13808858489144332,0.19862916208866246,0.24181352610431045,0.145579228161945,0.19843959153195387,0.15637946212198447,0.15443830029558908,0.1250334650837256,0.10547195235750763,0.1307439233625119,0.13037913041130736,0.1349697030173869,0.15428130742284746,0.10938808016808027,0.14415415830832853,0.16720095733437776,0.11055750442983066,0.19863512185469553,0.24180038071587165,0.17603029424021435,0.14916677487572136,0.15319943689341028,0.114388280278439,0.08489458387014424,0.12721422293622972,0.15872417983916526,0.1188866648884394,0.15160020979738723,0.0,0.1424863545068789
ZAF,0.21123930686126058,0.13446835186148864,0.09732252370246085,0.08662340477383862,0.07726514885704182,0.0723813375805612,0.16427326571815085,0.08580089032221117,0.14356941648235322,0.12774607715855643,0.35382838334170846,0.06329844647328943,0.09372642242059995,0.09089323724129743,0.07783750819926,0.10234032705258381,0.10906656916091592,0.13407639095023366,0.0852810266460133,0.09467560424884768,0.1305925634954868,0.07799187666011899,0.07127295548201591,0.07629901388983962,0.14652338669345163,0.13233593396562046,0.08772574131923316,0.0712174067801651,0.06872077302303345,0.08182023603978536,0.08241779850622605,0.18427627418786002,0.07798247495374112,0.06741393852830503,0.09330636033359695,0.08542566132206711,0.10962399633100235,0.13066457578842672,0.0712811128976339,0.06643408364251209,0.08545016228984673,0.07195690804282491,0.1448343304123745,0.2762207856179016,0.08295013885987501,0.16403832654593395,0.07239393645472221,0.42413300834374984,0.10007529092044787,0.13221971060236334,0.07945821089780021,0.16368411797905616,0.32620564333732444,0.10376579461994559,0.21988120564092645,0.08374364670524764,0.08214319457355457,0.08365059206297328,0.1592908430335184,0.08432730885219408,0.15802622319389611,0.07226065231110476,0.10689970225213759,0.12370548147201016,0.08438794441445148,0.11061605108489678,0.11929893876883864,0.1423044803825807,0.18611344408242306,0.12429814380751333,0.08622537898148912,0.07159227407900946,0.09026107763718837,0.11468684166538787,0.08787165891862492,0.10203507700328789,0.12562999851376183,0.06389710002169709,0.1424863545068789,0.0
