,AGO,ARE,ARG,AUS,AUT,BEL,BGD,BGR,BLR,BRA,BRN,CAN,CHE,CHL,CHN,CIV,CMR,COD,COL,CRI,CYP,CZE,DEU,DNK,EGY,ESP,EST,FIN,FRA,GBR,GRC,HKG,HRV,HUN,IDN,IND,IRL,ISL,ISR,ITA,JOR,JPN,KAZ,KHM,KOR,LAO,LTU,LUX,LVA,MAR,MEX,MLT,MMR,MYS,NGA,NLD,NOR,NZL,PAK,PER,PHL,POL,PRT,ROU,RUS,SAU,SEN,SGP,STP,SVK,SVN,SWE,THA,TUN,TUR,TWN,UKR,USA,VNM,ZAF
AGO,0.0,0.21851036776116461,0.2068957580996761,0.22970189171498318,0.2237222923121825,0.2252799648385788,0.2386144176246848,0.21879555175602228,0.23713755577095513,0.20714040249974724,0.3563224406165219,0.20706742786912463,0.22507685067983135,0.2216085274480132,0.21538180222897513,0.23102677023337337,0.21370451022411233,0.28399495208591596,0.21575799677284346,0.21875445572117214,0.25785798573044943,0.2205159772487199,0.21621987429983686,0.2185856729645695,0.20722428429517586,0.2160651871118566,0.2148067788776123,0.21363094283160136,0.2225733043038589,0.2243965287156275,0.21833567101302354,0.2644624679566579,0.2133751479368763,0.2122401225186625,0.2073858876062119,0.20921189235945448,0.23613622227682823,0.22824239235676255,0.21883752948059282,0.21443865519481745,0.2178794180991981,0.21829233827224745,0.2000735338428441,0.35748388562218397,0.22122020120200647,0.23761287462389297,0.21676019117128592,0.5107921161484384,0.2405673180316854,0.2460414648655146,0.20952882552816432,0.28229345109812093,0.34010015140736627,0.20140798062616055,0.24971302938704912,0.2210644925500948,0.21140412354738347,0.22327655284245593,0.23007058587429613,0.20947382792913338,0.24089246751856383,0.21746687348267735,0.22193880010856115,0.20831661272823632,0.20784904690710962,0.21230587467424164,0.22620041322973025,0.2408898692922052,0.29002136777435955,0.23893993513606399,0.22038171401064807,0.2179079190317406,0.22008240720551542,0.22013365082222494,0.22085883965482234,0.23826187430038914,0.22750336884629108,0.21222774117018076,0.2369851115088791,0.213646739885646
ARE,0.21851036776116461,0.0,0.16142748045202812,0.12629036071992622,0.13705264222596883,0.1151742236045019,0.19637981359558845,0.12445817715932268,0.18950320689933514,0.12517533309490844,0.23925780929649804,0.14364858632000033,0.15139881409406664,0.14818341491563602,0.15051453150220614,0.1650506662749217,0.16102819503834917,0.24516913146320804,0.12451263964276739,0.1517701393111259,0.18965643187141087,0.13370212396497871,0.14394856261176317,0.1433825235806274,0.19855159751237614,0.13548645752528735,0.14810343300484474,0.12921476259176268,0.13884173615499934,0.13190013311258325,0.14390586454776325,0.1956062142445661,0.13497455728636723,0.1423251505218847,0.1584275255368356,0.1493513000384094,0.17394395971785526,0.16576976117894116,0.14425257306215422,0.1273518768862291,0.14668507671898676,0.1496623601931497,0.16336405067124052,0.331685471483469,0.1516126052921065,0.21476341010860153,0.14783542046034037,0.48558486807241047,0.14907258382761018,0.20966217501629136,0.13650353788953384,0.22405240242557908,0.33103165320407785,0.15547990847423665,0.20146717999552977,0.1367330733181634,0.12487177207033429,0.13463695933099104,0.2005745336026156,0.15138320988705598,0.1937053485269749,0.12342119565867254,0.14019367097139646,0.14095491301883617,0.13754979787905458,0.15367644506883202,0.17534062109702728,0.14531934796848392,0.24562588533960314,0.15013142862311551,0.12702239225276846,0.146451580550357,0.1681292561259225,0.17925327387797424,0.15545968304114086,0.17296199831934822,0.1857014767532711,0.15080825359957753,0.17924742126672158,0.139881638049822
ARG,0.2068957580996761,0.16142748045202812,0.0,0.12495900096295526,0.11554881899072261,0.1093081812284308,0.13912911925067398,0.10181905859687305,0.08787728460194023,0.06639457660811517,0.3130486498124744,0.09056278547944528,0.11296285332355624,0.10081003493746055,0.08467030091472,0.09245967314770508,0.07582029451908,0.17724865497528172,0.07864136318819369,0.08103576643012514,0.16896494111689014,0.10808748358739315,0.1030819892059999,0.10770904855810526,0.12822368443202228,0.0803616223647489,0.10803980980813696,0.10022990761026306,0.10895674347513461,0.12191246939818155,0.09793236684695325,0.18698380274691231,0.08446760458442787,0.07263422361755811,0.07194008004117898,0.0683374058955951,0.12534704652649079,0.11714360993776686,0.09806259619383219,0.09448219671960643,0.09115009254479532,0.10263798605250922,0.11920476358900775,0.3014572441845571,0.10617988415253969,0.15569217419022613,0.08423381962683558,0.4699728640520464,0.14806195795490149,0.10420204841068971,0.07231198989947381,0.21135783908936437,0.2848525748188538,0.0809652200973173,0.13068513883138919,0.10349938710957561,0.11700595043402254,0.09931747881376304,0.11734691283087872,0.061655406992158705,0.09861284138506893,0.09082185645221204,0.10204321549600955,0.07990718602962318,0.09559307464884907,0.10765504541419081,0.07177429614882819,0.15124167836346886,0.21879807581934865,0.14500514332805567,0.1096192048885938,0.11155854672297132,0.09569123194327105,0.08073755980506762,0.0954340781486842,0.1383855172695346,0.10382227192093853,0.09496484770934584,0.1301583536112425,0.08286448210217849
AUS,0.22970189171498318,0.12629036071992622,0.12495900096295526,0.0,0.08012870390099498,0.06125394667183716,0.16473199672143535,0.06528813441905995,0.15366143254016904,0.10237105381103294,0.31596382756493435,0.10044665608791933,0.10569285496858391,0.09670907473626471,0.11964959742061126,0.14883614137946402,0.12651460205798262,0.2165415124725423,0.09515960228547612,0.10239453844437839,0.1548101098929584,0.08067734342668,0.10164402862015522,0.09451933345114993,0.1761410108549865,0.08402523919654155,0.10665502478673036,0.09064181635874821,0.07142273961521191,0.0588486802513126,0.11119829088831878,0.16577621490697927,0.08941625841868668,0.10016033017361262,0.13178086024322885,0.11179997477054626,0.14431593030887946,0.13040291728558767,0.10847736162296626,0.07698959298213756,0.11772693119926758,0.11726167401266302,0.1304450318091801,0.31487684687178524,0.12696567459362065,0.186002233437489,0.10781228636288,0.4574399746011668,0.09493262986016067,0.17446118980262953,0.10777234471204489,0.2043948206483471,0.3089774929699744,0.13603561149130317,0.1690745819690743,0.07163812313977919,0.08000988413050966,0.059608701509409924,0.16776247241105155,0.11317980706986124,0.1626157134385911,0.0677651048078684,0.09200055606681182,0.09643954172262312,0.1160785474566242,0.1255684764203353,0.1315769483684479,0.12010698390152404,0.21296811948765232,0.10426329310146366,0.06830942867406256,0.10513710683239975,0.14448052535475273,0.14501940933508595,0.11424561783675619,0.15569123248916797,0.1535816687551182,0.10494539758873152,0.16049179386821144,0.1084478989029106
AUT,0.2237222923121825,0.13705264222596883,0.11554881899072261,0.08012870390099498,0.0,0.07349876740325499,0.16150104948133737,0.07441480635284757,0.14950424082968866,0.08537416911591761,0.31078328451881293,0.08682650007349695,0.07705171012882371,0.0756783222383061,0.09749024165009568,0.14096480402007658,0.11875213428829481,0.218383039159753,0.08859915347859822,0.10067745523145433,0.15540568163245727,0.0685956454062645,0.07515896374858087,0.09131599848743481,0.17404762740792737,0.060497444283742874,0.08692298048115546,0.07699088840479903,0.058089765960897426,0.04579212799978439,0.09748083724382034,0.16213793433330373,0.0757501672698436,0.0881624670639345,0.11762211545844284,0.10666124965059676,0.13460232114068119,0.11566594060295116,0.09098166106519907,0.05449155064231524,0.11063709563837136,0.09512914562430688,0.12583849605427816,0.30975128014492614,0.10490751967839324,0.18071125164042232,0.09328359333565353,0.453897699431872,0.10165769939343247,0.17376079934657543,0.09766234503487504,0.18848038193234024,0.31303427186961924,0.12481148680690862,0.162384007465822,0.07777215538368028,0.09357877654795808,0.0753852998285568,0.15676806663070278,0.10470958378584377,0.15528129687675724,0.07432479042480156,0.04437531306475305,0.07466631949850557,0.08434218699187124,0.11382761519161884,0.13162003155847313,0.121326592804192,0.20586787183012795,0.0752943610642039,0.07308673747637418,0.08326706620919855,0.12449953901667271,0.14210892209376644,0.08339194020855215,0.1376024560121612,0.14593678483015665,0.08719356173198428,0.15424436888574894,0.09517787635366112
BEL,0.2252799648385788,0.1151742236045019,0.1093081812284308,0.06125394667183716,0.07349876740325499,0.0,0.1600417824664053,0.05633090144907675,0.14856052631533478,0.08260417939416087,0.29798294824456895,0.08728667716333531,0.0886973069163406,0.08182723987861919,0.10426852385910924,0.13593964911028245,0.11466550399823494,0.21294394132808134,0.08603948259658173,0.09134461084310534,0.14184924717697714,0.06656408334215443,0.07534424355427823,0.08365043617038581,0.1715230839735747,0.06184978559858267,0.08758550786428282,0.0720278844859273,0.0596236014106208,0.06012021295132711,0.09866738938280549,0.15694033600055635,0.07310787414470052,0.08379045194552655,0.12253964282426195,0.1020591970579608,0.1301175378332942,0.11385049135014877,0.08317842521393047,0.05709707853236697,0.1011974364020551,0.09765132213530091,0.12516667771911688,0.3111603383156589,0.1078536566366827,0.19020353759548453,0.08808876137061912,0.45568796864552324,0.0908553426028513,0.17052804735117616,0.09052359057080323,0.19852001114048898,0.31384151920790077,0.11800111575065206,0.15668010252144923,0.057332430583647336,0.07972524336861478,0.07174780275777777,0.16852478891794867,0.09935952914354884,0.15052426324404283,0.05621107951673236,0.08105997007950667,0.08475516611523881,0.10149125996127584,0.11226728229020436,0.11990820001728654,0.11166902306234906,0.20793026502463996,0.10166085555238191,0.048778892034958644,0.09146664550978503,0.13484835695406042,0.13894621237329866,0.11156807281936203,0.13940055819257655,0.14177198871044794,0.08636503066375259,0.15516456387283434,0.09144008510103414
BGD,0.2386144176246848,0.19637981359558845,0.13912911925067398,0.16473199672143535,0.16150104948133737,0.1600417824664053,0.0,0.1450874440191074,0.12727147584435028,0.14444138040661314,0.332621422934372,0.14797445521379798,0.16541877557075466,0.1552185968464758,0.1240895214749277,0.13888192909384464,0.14027349434809755,0.22710644382500314,0.14684494882401034,0.15038695127619583,0.20337954670845976,0.15598110447931637,0.1551145091262734,0.1550204986444044,0.1801217100906583,0.14689627245673476,0.15084258120752528,0.15080974416417603,0.1569988878892074,0.165224566185117,0.14858370291641998,0.21266002918957363,0.14254349252338472,0.13616743565985143,0.13600173154571285,0.11820206698021933,0.17897976821910144,0.15907384994680487,0.15297862750402252,0.14239746930326785,0.1519556646660596,0.15680585424667284,0.15861426874538606,0.2859251441657559,0.15464662039302401,0.14651661171514835,0.1455982751817676,0.4807070530302742,0.1790054282024672,0.15434417200645695,0.14586007288738828,0.2391259937186717,0.23916833027674717,0.164405045294983,0.1654093211348165,0.15687252203420607,0.16107969852037218,0.15102670145496758,0.12912918736309872,0.13478378556954373,0.16172445585524595,0.14604769174417018,0.14360761102236236,0.1353424030525852,0.15082617269722948,0.15688127901623466,0.14282041710870827,0.18647820708807503,0.24034004522424396,0.18228552260821237,0.15276859492654418,0.15726114839491023,0.13965113379224597,0.12351269963323683,0.12129012085280805,0.1802790038708936,0.1384623469964891,0.1545854297401989,0.11367671192839722,0.14397479821615933
BGR,0.21879555175602228,0.12445817715932268,0.10181905859687305,0.06528813441905995,0.07441480635284757,0.05633090144907675,0.1450874440191074,0.0,0.1322659591703062,0.08152166444047812,0.3067442644052539,0.08263427006008736,0.09403138922958432,0.08136746662828553,0.09165785522636061,0.12121680042764817,0.10184830934718754,0.20112804502419185,0.08397554834144492,0.0871591782003511,0.15223647729305867,0.06496244397305334,0.07960123358022539,0.08447220245008559,0.16237259339099827,0.05965962833069982,0.08455104490544206,0.06749019578816072,0.07174433523003994,0.07136794257197082,0.0937828475264202,0.16179712761832155,0.06723422996265839,0.07530172452712675,0.10887526631817199,0.08690012717865929,0.13150489285851133,0.11184085480538063,0.09030588720381369,0.052370170492378756,0.08013842496700378,0.09064844792734124,0.11431833343544229,0.293520181398381,0.10269837400342688,0.17279338892069127,0.07948894061117204,0.46609050659767753,0.09743242169960908,0.15979188874975614,0.08245983070364311,0.1915073480186054,0.2977563032342338,0.10849856628029589,0.13940648788455787,0.07063888726529774,0.07681158051710993,0.07088433875354605,0.15404936635145478,0.08675560355607585,0.13321938455091412,0.04164697717477052,0.0789146192317098,0.06785943194652554,0.09130676749667867,0.10439562115147474,0.11361029644145616,0.1170430746976093,0.21056640649523747,0.10212374524657891,0.0533388399059265,0.08445070169792727,0.12125628782448801,0.12955670970344213,0.09399265412810058,0.13518351921505523,0.11905487160252595,0.09083170202362112,0.14145991882894315,0.08366703658742798
BLR,0.23713755577095513,0.18950320689933514,0.08787728460194023,0.15366143254016904,0.14950424082968866,0.14856052631533478,0.12727147584435028,0.1322659591703062,0.0,0.12085145435578107,0.3304908084478256,0.13751447336265502,0.15536438974333538,0.14013843777419616,0.11358889452150207,0.08729744446499944,0.10521751645538732,0.17255237500781767,0.11257856570102936,0.11937072282836467,0.1945012363537293,0.14252542088243306,0.1456907811570001,0.14505866697869463,0.164768662094952,0.12125910973116354,0.14319532100298557,0.14059613320861844,0.14530707462526607,0.1568127204831469,0.13100360557574664,0.21536437413223228,0.12692178949440147,0.10705137495125004,0.09929210541778603,0.09718878851143682,0.1619375894686003,0.1495769698407529,0.14396134694656956,0.13588455806971916,0.12450837795155353,0.14676301562408367,0.15656030601137289,0.29733363665563867,0.1450482037809699,0.13246793557633574,0.12295048310220619,0.4812634893300358,0.17159047629971025,0.06950847761612025,0.12033556116356935,0.23425521773648525,0.2537178151543062,0.12922814935511132,0.13546259075598144,0.14371354639933107,0.15364855291532165,0.12384649292625147,0.09653695033762603,0.10531269065115079,0.0891003827403303,0.12366018361711174,0.13196388133145617,0.11516645883949453,0.13266013290986714,0.1524984061942212,0.08621347505146791,0.18169820857981017,0.24082360799619662,0.17176431345084564,0.1487261425682336,0.1515554690385434,0.1177600216048074,0.08392229519972003,0.10796837019331626,0.1721632279896358,0.10264123745881037,0.14509987062263507,0.1242388025277172,0.12391031438649379
BRA,0.20714040249974724,0.12517533309490844,0.06639457660811517,0.10237105381103294,0.08537416911591761,0.08260417939416087,0.14444138040661314,0.08152166444047812,0.12085145435578107,0.0,0.2860265627065373,0.06909296278535325,0.09088615881164579,0.08030117012838765,0.07809048200107382,0.10372276968948892,0.08492032576461671,0.19462182858978466,0.06507342093589215,0.07226706267942268,0.16100161202768312,0.08369532311862571,0.07798066368253412,0.08546726002188865,0.13931064536366183,0.059394094755292115,0.09086721827504639,0.07529415889266558,0.0816201152450073,0.09105545875801535,0.08238533093778654,0.16220164637590104,0.06655586244241261,0.06205097744246418,0.07871444000329592,0.07305166452413038,0.12342176522422064,0.1075272650226636,0.07856299976853469,0.06388784266607316,0.08377397697629453,0.08114104578089183,0.1047138902573249,0.3066451940790615,0.08723498747752575,0.168603409325503,0.07299029494309509,0.4615223739212394,0.12959168680137484,0.13802418114494222,0.05419156073447268,0.19757644507023533,0.30080217618182736,0.08055541236019576,0.13864009794518248,0.0783489754447228,0.0975341779956777,0.08968644182583144,0.13663533100239822,0.06493565671840776,0.12019271221776842,0.07161670344780947,0.0738902414438281,0.061831906465349654,0.07088895580670761,0.08689603181242939,0.09757047638455943,0.12872018582842024,0.20638358259941197,0.1151607517715961,0.08545207492456104,0.08983026369702699,0.09774047926379818,0.10540838316631775,0.0845757849432612,0.12553839985923673,0.1197440438050173,0.07485305810641821,0.13423387757384647,0.06313883920084092
BRN,0.3563224406165219,0.23925780929649804,0.3130486498124744,0.31596382756493435,0.31078328451881293,0.29798294824456895,0.332621422934372,0.3067442644052539,0.3304908084478256,0.2860265627065373,0.0,0.3013226967727446,0.31186275298529426,0.31002587377571944,0.3059685432839596,0.2988851432604199,0.30938407058116096,0.36363309928405424,0.2876980453891486,0.31329710358070045,0.3368978375883982,0.30836343147714873,0.30311213626719696,0.3079395948221272,0.33293515256787776,0.3040680378529102,0.30762402197118066,0.2965588370674496,0.3095868087176959,0.31207281042789137,0.2999169836934196,0.3428535462699892,0.3018135463539807,0.30392296730343,0.3076864238020267,0.30576693660154614,0.3213955881809188,0.3147446020142315,0.29743872327220927,0.3005412230976284,0.303836301649324,0.30342232879944914,0.31282605922195933,0.4244797567025724,0.3051949256410831,0.34249067968655267,0.30509379490665184,0.5580895132760577,0.32479633182949014,0.3401490482617537,0.29740482530547935,0.35427151886667074,0.4221121597247226,0.30142767583425945,0.33597020086892193,0.3083124524839984,0.30893746196605615,0.3148573111628124,0.33222783145114065,0.30598203065194535,0.3298728069677923,0.3047282479196974,0.30770514929362214,0.3036514029768819,0.29723050438163956,0.30766577856704597,0.3212387516789863,0.31525042534264475,0.36233134656856897,0.3204679721634795,0.30759260249463344,0.3045716497894436,0.31628107969011393,0.32112179518899026,0.31248184075302743,0.3178311895183702,0.32392608237701903,0.3051462499007412,0.31595440553682486,0.2903739391080612
CAN,0.20706742786912463,0.14364858632000033,0.09056278547944528,0.10044665608791933,0.08682650007349695,0.08728667716333531,0.14797445521379798,0.08263427006008736,0.13751447336265502,0.06909296278535325,0.3013226967727446,0.0,0.08744682809357723,0.08299351088533762,0.08725810383081271,0.11947163657650085,0.09314832367743299,0.20406990952826734,0.09108630151816069,0.07807450177439582,0.15865004971612423,0.07853060379047531,0.060208182013835966,0.07909095233590657,0.15384530697827375,0.06719406758786643,0.07944488091089354,0.05975547388069429,0.07375897641221447,0.0883055248755175,0.07944668610246916,0.16235375023944384,0.06967145928881484,0.06260361545833536,0.10332676590181755,0.08158598254228015,0.12191076053213196,0.09861820735659632,0.061913765694373304,0.06262508287170436,0.09048204703266888,0.07306356245645348,0.09860782053676083,0.3041603933034775,0.08418020911148616,0.17182980705582168,0.0779607452775753,0.4445085702525704,0.13050805712118718,0.15221397802560457,0.06670406755406934,0.19794456176908737,0.300200767642796,0.09716984529814923,0.14645096154584672,0.06958297868399838,0.08848112093162802,0.09341392865985057,0.15099104275002112,0.0761367112485102,0.13900394008810144,0.07664266133040545,0.08653031343499654,0.0680370478705307,0.08445420721817216,0.08839307200899235,0.11373897946292065,0.1286707947273067,0.186414982684067,0.12067230986132478,0.08125327188827154,0.06294634908877701,0.114888687355571,0.11920722827317004,0.10084328178997065,0.1256581281130817,0.12771522972298985,0.04490141694203079,0.14177298741028033,0.05885749705091442
CHE,0.22507685067983135,0.15139881409406664,0.11296285332355624,0.10569285496858391,0.07705171012882371,0.0886973069163406,0.16541877557075466,0.09403138922958432,0.15536438974333538,0.09088615881164579,0.31186275298529426,0.08744682809357723,0.0,0.08129550991929284,0.1042908817916567,0.14346912869877326,0.11766011604017966,0.2192631922173576,0.10845442620646462,0.09947619036341873,0.15817261097373136,0.0883326349604048,0.08123446584873338,0.08492412162793278,0.17910289318783418,0.07943339972129361,0.09555408967845128,0.08616588567542927,0.0767052163606198,0.08044027045683431,0.09739518003129932,0.14861536843819506,0.08476799324230254,0.09236977304686235,0.12250475508672108,0.11209308766643405,0.10558746001924899,0.11735461512451777,0.07729319502210422,0.07524083508225632,0.11263280643909666,0.09577162265471989,0.12658933028556046,0.3166616647365217,0.10254072555953127,0.18741438543411149,0.10063231483629229,0.45212385991018306,0.13052318339023128,0.1755621308099197,0.09692651620487416,0.1882959912120053,0.31505973409865407,0.12282851915294865,0.1579023929173832,0.07646724769062528,0.10376509180112735,0.10096066652743801,0.16432188775441547,0.10813143777037067,0.1522748258744917,0.09296485974996335,0.08368333395884504,0.08676385987784845,0.09677170920683571,0.11123969578637606,0.13202465631754928,0.11490986573845655,0.2072630611320936,0.1123347203377565,0.08710167974523335,0.08234883881071144,0.12503934280520676,0.1443264617338824,0.11007777317058871,0.12921826079752588,0.14544312741526283,0.08344615348367432,0.15425632162670572,0.09722636459071746
CHL,0.2216085274480132,0.14818341491563602,0.10081003493746055,0.09670907473626471,0.0756783222383061,0.08182723987861919,0.1552185968464758,0.08136746662828553,0.14013843777419616,0.08030117012838765,0.31002587377571944,0.08299351088533762,0.08129550991929284,0.0,0.09888180631868146,0.12586584111999324,0.10364635142334726,0.18462263907759915,0.09288556419095513,0.08959288469810216,0.15762169640623497,0.08560278628697751,0.07936402892402379,0.09443335698390565,0.17013911423489525,0.06558388653862061,0.0903960389243303,0.08068108272409376,0.07068590307343864,0.0794476245351716,0.09402515623242222,0.16924924972616798,0.07312624216820662,0.08525713297265408,0.10873508304632423,0.10115459303942075,0.13359486453711794,0.10369448101658736,0.08519707684715616,0.07070900453516278,0.10099378828207531,0.09819242797947107,0.11483094760155078,0.3128190815925749,0.10667730046099445,0.17286481453797797,0.0868100150818301,0.46574207353735714,0.12304695517521536,0.15944608178266967,0.08936400627051268,0.19580336872001333,0.3057814487468125,0.11572821030431875,0.14618934863966793,0.07939502648665135,0.09643623769969155,0.0878364297381142,0.1539645729763686,0.08354338098390895,0.13843847733199305,0.0790518829982788,0.07643514076052041,0.07256958578272624,0.08765360227688435,0.10881319952464297,0.10511466732770428,0.1329208521726384,0.21376175626546298,0.11217734210498431,0.08270679421552957,0.08284669706833694,0.12008306748727428,0.12930410629637695,0.0970439732216194,0.1386395821614913,0.13442950366640805,0.0863195868053784,0.1369459478339086,0.08577967755405172
CHN,0.21538180222897513,0.15051453150220614,0.08467030091472,0.11964959742061126,0.09749024165009568,0.10426852385910924,0.1240895214749277,0.09165785522636061,0.11358889452150207,0.07809048200107382,0.3059685432839596,0.08725810383081271,0.1042908817916567,0.09888180631868146,0.0,0.11079322137491575,0.09733524131681687,0.19737385396328383,0.08828028390690863,0.10532613734686967,0.16957227963421026,0.09073183777506515,0.08413513104295649,0.10412051085029929,0.1485205786793907,0.08137288015059448,0.09801247567455094,0.08158589025495001,0.10390655120303055,0.11135373055843423,0.1004749312813807,0.1884771034317179,0.08513202399923091,0.0743122658603624,0.08726504853980623,0.0672355114625725,0.1255972060174481,0.11614906087830591,0.08893018859354783,0.08042846130387056,0.08881398833807962,0.07828561334149163,0.11933426465284364,0.2904770338115837,0.06658259993432243,0.16723141759302623,0.09295194508315108,0.4759348398696674,0.1403273532919923,0.1341905707067363,0.07077579264675163,0.1903165782422274,0.2937223773596842,0.10031490257483582,0.1474362906811902,0.10209301517065336,0.11024036028629249,0.10655878427467783,0.1374073871159679,0.08114466425003812,0.1330539239574433,0.08720107769053549,0.08914360742759436,0.07412265184989503,0.08966735289817948,0.1081301197693542,0.10490194361655028,0.13005772081903838,0.2214398566794507,0.12054521853687467,0.09869644595524547,0.0974809770185474,0.0799861114783023,0.10580717363882214,0.07961820851221127,0.10308134647443824,0.12329495855922004,0.09698626877896296,0.11208163943342675,0.08264776523941204
CIV,0.23102677023337337,0.1650506662749217,0.09245967314770508,0.14883614137946402,0.14096480402007658,0.13593964911028245,0.13888192909384464,0.12121680042764817,0.08729744446499944,0.10372276968948892,0.2988851432604199,0.11947163657650085,0.14346912869877326,0.12586584111999324,0.11079322137491575,0.0,0.08893304102357422,0.1785521735757357,0.10616931554297279,0.1127861000616811,0.186611471279993,0.1346671210248579,0.13064511379327587,0.13355584865686315,0.16546540526365422,0.1119120982858108,0.12005056688631871,0.11992743167337716,0.13733297190654017,0.14874488778999553,0.11941333430083972,0.20815825281262734,0.11556393802724624,0.10289250196419365,0.09403309590498796,0.09702940123125124,0.15357797662097677,0.1396675283378426,0.1293187050649187,0.12238574208968205,0.10644832291468674,0.133793376230661,0.14148861134965554,0.3055446636334853,0.13478376258412703,0.15270007126915297,0.10713806056061967,0.48611503728605443,0.16215412263435483,0.11011745813017992,0.10614939665022169,0.22780422300762676,0.27583603546731134,0.11410741329718155,0.12926299150390924,0.13494956178423878,0.14054370267470628,0.12332999451204919,0.12430811926695386,0.09218763540468611,0.09839067695754304,0.11414543194340783,0.1250992799174958,0.10277464738910586,0.11817056530296062,0.13702035890783862,0.09378054000553072,0.17229371299477905,0.23776010881648985,0.1678444433359498,0.13886224776631037,0.13047169714630635,0.12003666962530884,0.10018908683392101,0.11335337943059973,0.16481948560747178,0.1100948997876395,0.13035048098786076,0.13236958440270535,0.10629577534973018
CMR,0.21370451022411233,0.16102819503834917,0.07582029451908,0.12651460205798262,0.11875213428829481,0.11466550399823494,0.14027349434809755,0.10184830934718754,0.10521751645538732,0.08492032576461671,0.30938407058116096,0.09314832367743299,0.11766011604017966,0.10364635142334726,0.09733524131681687,0.08893304102357422,0.0,0.18346078377066255,0.09260053805362436,0.08607878885704634,0.16549482617497632,0.11128495632620101,0.10588455429897378,0.10708735724518974,0.1574167308566262,0.0843879087657139,0.09974236234443791,0.0983947977979562,0.11280399433638043,0.12436366387409088,0.09408935062812816,0.18226204574398747,0.08741293586161389,0.08247745970553244,0.08118671450335288,0.0841254228757991,0.1395198853255799,0.11814723561679549,0.10660677453851027,0.09665531364486502,0.094778126248634,0.10757789098566652,0.12062525629620842,0.30762864051531164,0.11127199986884946,0.16241622329926925,0.08393401437191465,0.47790770070216476,0.14328728004360594,0.1213297605795622,0.08701217048526032,0.211108983371389,0.29459850786201147,0.10071228884945822,0.1319294683552493,0.11002456504196081,0.11616262000073081,0.10797230596070204,0.13432899556507388,0.06760107279579422,0.11001579436864262,0.09378289467191958,0.10479920933802686,0.08285771070775501,0.10046260891558233,0.1117532073384409,0.08560103181114113,0.15088786552261996,0.22407287662610176,0.1502298386222043,0.11231249291545153,0.10784361786178481,0.10750658339277214,0.08824392663283019,0.10146798786977532,0.14771330627314228,0.11754601424572358,0.10535338481551541,0.13903901260750987,0.09081668074740186
COD,0.28399495208591596,0.24516913146320804,0.17724865497528172,0.2165415124725423,0.218383039159753,0.21294394132808134,0.22710644382500314,0.20112804502419185,0.17255237500781767,0.19462182858978466,0.36363309928405424,0.20406990952826734,0.2192631922173576,0.18462263907759915,0.19737385396328383,0.1785521735757357,0.18346078377066255,0.0,0.19461017357280797,0.19461747721515804,0.2487743847495278,0.21200542954189572,0.211164746437513,0.21213881951430763,0.2307132533074896,0.19402871108797845,0.21137945937548872,0.20876414941898233,0.2134915760293706,0.22269384502842451,0.2050836829428116,0.2683639713463275,0.20074818808040304,0.19202236271617706,0.18507756112708562,0.1900113415730543,0.2240940361677299,0.2100527517854796,0.21026163503707085,0.2048919253918495,0.18776249112791255,0.21239078665503328,0.20155244864212493,0.3487811298313266,0.21455657608015755,0.22063708412601474,0.1916617373095803,0.515746837320145,0.23353918077750851,0.18195745496813803,0.18926058963484663,0.28178425396304263,0.3324692179016474,0.19246415644563822,0.19543627804595493,0.20975433129346388,0.21436964336424297,0.2010068226364666,0.21038686161897277,0.17645756043553062,0.167776379952362,0.19722876835011952,0.20884797307734024,0.19468704118756924,0.2040039478805928,0.21874340496321984,0.16976247095863703,0.24229142755138347,0.2916516935431117,0.2365349983571222,0.21387852736885396,0.21496646241544942,0.20255065668195255,0.18652248169298238,0.19774216274958184,0.23496665173966,0.1897844114353584,0.21108947646415327,0.1947073427296204,0.1935519364895703
COL,0.21575799677284346,0.12451263964276739,0.07864136318819369,0.09515960228547612,0.08859915347859822,0.08603948259658173,0.14684494882401034,0.08397554834144492,0.11257856570102936,0.06507342093589215,0.2876980453891486,0.09108630151816069,0.10845442620646462,0.09288556419095513,0.08828028390690863,0.10616931554297279,0.09260053805362436,0.19461017357280797,0.0,0.08854731655100824,0.16396361108061283,0.095849447336276,0.09893087211970125,0.101232308288618,0.14833651624458105,0.0720462512439859,0.1020243036922423,0.08838627177433857,0.09002677306154097,0.09059671238000812,0.09469814160228245,0.17950681897120435,0.08015582047379535,0.08321945124012736,0.08883304517900732,0.08023613667817595,0.13453668924380063,0.11337117567628828,0.09469198847444454,0.07865181996888941,0.09005037352900704,0.10738571607327994,0.12075348417497336,0.3113776380143575,0.1108583977795997,0.16759042926128526,0.08986687752346938,0.4634508907098801,0.12339190755787602,0.1287011274756332,0.08261399829573918,0.198786175026841,0.30172565413970925,0.09966036939378638,0.14681538276532297,0.0926802378235116,0.10196690987258893,0.08230966592675135,0.13783362588356973,0.07415159143676828,0.1263152432376694,0.07771161394373435,0.07979051274264419,0.0780530635751835,0.08934681816590849,0.11146867147372753,0.09359498316236688,0.13584409963870336,0.21462751311639658,0.12109220474038293,0.09429437337999924,0.10720059929219516,0.10862644970038664,0.10682550049450185,0.08708360262091334,0.1425202291005886,0.13193754497233715,0.09797913897872913,0.13710108423328823,0.08675852603303574
CRI,0.21875445572117214,0.1517701393111259,0.08103576643012514,0.10239453844437839,0.10067745523145433,0.09134461084310534,0.15038695127619583,0.0871591782003511,0.11937072282836467,0.07226706267942268,0.31329710358070045,0.07807450177439582,0.09947619036341873,0.08959288469810216,0.10532613734686967,0.1127861000616811,0.08607878885704634,0.19461747721515804,0.08854731655100824,0.0,0.16100296978896164,0.09528937496222945,0.09630356710702251,0.0844063715700008,0.1635547624252218,0.0719750445584487,0.09712909407158014,0.08795052949332738,0.08687893836479466,0.1004567138919888,0.08080928353234632,0.14788188254322515,0.07742492203957055,0.07743510785755804,0.09519691289213772,0.0895961367859361,0.13115561233540543,0.1116219860936222,0.09067222864474378,0.0799326215404286,0.09897089003503118,0.1026227280638603,0.11094401794477227,0.31033090025622573,0.1121114519811018,0.16866755256338667,0.08328751845273559,0.45446079286541197,0.12955911479409057,0.1328806176708334,0.07848183591365522,0.20831524979339267,0.30364582627172254,0.10503505229833446,0.1308376670459615,0.08194258253425314,0.10179061174613477,0.08710217861987435,0.1456215252272299,0.07464430181031839,0.11379714329170255,0.07704145720793756,0.0937461911436933,0.0762088259762036,0.0983463698689117,0.0933940832371536,0.09390786170156898,0.1338582157181796,0.2008771619559661,0.13605082267860344,0.09178739880356676,0.09848724803360169,0.11702207345909046,0.10952219186648131,0.10544948985082038,0.1438476385397442,0.12264925773093262,0.08338844588130583,0.14804444114726092,0.08268744726170746
CYP,0.25785798573044943,0.18965643187141087,0.16896494111689014,0.1548101098929584,0.15540568163245727,0.14184924717697714,0.20337954670845976,0.15223647729305867,0.1945012363537293,0.16100161202768312,0.3368978375883982,0.15865004971612423,0.15817261097373136,0.15762169640623497,0.16957227963421026,0.186611471279993,0.16549482617497632,0.2487743847495278,0.16396361108061283,0.16100296978896164,0.0,0.15578006453327306,0.1497383459930731,0.15343771554017432,0.20734736519634653,0.1489424211679971,0.14463387886104,0.15260224233814362,0.15319132683872466,0.14565780163419634,0.15410135558163954,0.2118900013162327,0.15069541092136093,0.15823498774528674,0.1786278488689546,0.16703864680451744,0.18814044230551008,0.1742062833434213,0.1627180668010689,0.14995781721987547,0.16918345485416436,0.16637325876783915,0.18086641141152476,0.33789187400776227,0.17265371152249984,0.22454501405402932,0.15685748294072166,0.4753424075552184,0.14890229655722753,0.2098375600262727,0.16232859259698437,0.23696623061859287,0.33337874070229784,0.178946536165004,0.20641049559670735,0.15354579326059067,0.15411738815592382,0.15156904994060552,0.20580614018492718,0.15811318547614459,0.2005114367696913,0.1505809293310979,0.15751998213089563,0.15966147258583685,0.1665022565454442,0.17661128097597098,0.16505123071127628,0.15739565653585902,0.2528717362449604,0.17577765907028348,0.14629984784686426,0.1605454453797939,0.1855674636966668,0.18103296236217875,0.17200294398149094,0.1947547173841412,0.19173879392737472,0.15859921150816625,0.2010963483266781,0.16356749110111288
CZE,0.2205159772487199,0.13370212396497871,0.10808748358739315,0.08067734342668,0.0685956454062645,0.06656408334215443,0.15598110447931637,0.06496244397305334,0.14252542088243306,0.08369532311862571,0.30836343147714873,0.07853060379047531,0.0883326349604048,0.08560278628697751,0.09073183777506515,0.1346671210248579,0.11128495632620101,0.21200542954189572,0.095849447336276,0.09528937496222945,0.15578006453327306,0.0,0.05651658270189153,0.08720676174432285,0.16871099092868028,0.06000592805555933,0.0821741599405246,0.0713958969912989,0.06913842180805811,0.07157348666650003,0.09573097249566868,0.15707435151313046,0.07516066682487757,0.0613234401963762,0.11295945983610682,0.09532044018853865,0.1329368353352449,0.11753310310318962,0.08729019571797936,0.057536085388245346,0.10456064544586818,0.07471623538829873,0.12219497528346761,0.3088410290433085,0.08264596730528959,0.18035237342932828,0.08497234425473803,0.4627278060638704,0.10364306930507454,0.16442799205041322,0.07753745639480489,0.19386277592053758,0.3072843910076441,0.11763751426032394,0.1564629991993702,0.0712382980617973,0.08647946053535745,0.07829571660961078,0.15761235720509773,0.10007344192304185,0.15018772969466077,0.05489091950631206,0.07520973867002469,0.07030362740618526,0.09375848278536224,0.11002359557860512,0.1226086881643524,0.11963960633135766,0.21100637956874296,0.0712890662545237,0.0572408071601771,0.07418678653124815,0.12098785351185322,0.13068958464713915,0.09892226220690577,0.13347094718571959,0.13789710642604774,0.08318606537619151,0.149342733433168,0.08473399947450999
DEU,0.21621987429983686,0.14394856261176317,0.1030819892059999,0.10164402862015522,0.07515896374858087,0.07534424355427823,0.1551145091262734,0.07960123358022539,0.1456907811570001,0.07798066368253412,0.30311213626719696,0.060208182013835966,0.08123446584873338,0.07936402892402379,0.08413513104295649,0.13064511379327587,0.10588455429897378,0.211164746437513,0.09893087211970125,0.09630356710702251,0.1497383459930731,0.05651658270189153,0.0,0.08066516470266076,0.16538163630716715,0.0587636372998348,0.07750939940443234,0.060768253403852446,0.06725472265270865,0.08012980443921128,0.08672796712182307,0.1661299236088894,0.07283704492433776,0.05952225587157559,0.113357329955149,0.09148816085137497,0.12575231949189575,0.10365400746661699,0.06863147501201301,0.05555232390397979,0.09921353251565239,0.060325959850040675,0.11423792624750799,0.30725681964316287,0.07178054294138275,0.1824296254102267,0.08321883347198172,0.45278839294380313,0.12121771598934702,0.1642041635709129,0.07405703575538551,0.1921608598500342,0.3092302642773855,0.11052836102662904,0.15575462794973033,0.07029967857230672,0.09124749888803262,0.09711401795210872,0.15952526064176153,0.09092081377355447,0.15017035684069605,0.07259335685305623,0.07888106290250041,0.0685802995144569,0.08701357717291801,0.10385167530280838,0.11861029978262617,0.12194148345617029,0.19989304588423973,0.0941299911204056,0.0708865695437484,0.06368850764896938,0.11887737830372298,0.12914033269753913,0.10331667970324453,0.12473463744318943,0.13625436035150038,0.0601458630904824,0.14869018528813624,0.07064318594921751
DNK,0.2185856729645695,0.1433825235806274,0.10770904855810526,0.09451933345114993,0.09131599848743481,0.08365043617038581,0.1550204986444044,0.08447220245008559,0.14505866697869463,0.08546726002188865,0.3079395948221272,0.07909095233590657,0.08492412162793278,0.09443335698390565,0.10412051085029929,0.13355584865686315,0.10708735724518974,0.21213881951430763,0.101232308288618,0.0844063715700008,0.15343771554017432,0.08720676174432285,0.08066516470266076,0.0,0.16513968529740855,0.07890960990956981,0.09062364408696676,0.07413884812130633,0.08071154501904015,0.08766243948011845,0.07383180154178921,0.14219630271997646,0.08368946015250377,0.08285150590383335,0.1141319939319182,0.0998824165972436,0.12846166583900712,0.10966262280539261,0.0820565181844446,0.07068957928757061,0.10247626443719764,0.09140612592799369,0.11978836176602162,0.3108097796952005,0.10321504719022126,0.18086079289344512,0.09173637810986976,0.45010087928198517,0.12653619669009353,0.16409175195850423,0.08942543051744663,0.20086676310173757,0.3068470328734459,0.11435768477724621,0.14975016113355838,0.0699515560028554,0.08372937688818148,0.09308323155517419,0.15964006966268499,0.10103011689356567,0.14339290250013323,0.08127850144791238,0.09331652341194115,0.08314837379555114,0.10050414413014606,0.1046166643192054,0.1248455336270242,0.10728410794790132,0.2019228314033682,0.12566117598111912,0.08538423580044177,0.08785814588653863,0.1291956243024163,0.13283535907482535,0.11306417559148862,0.13660551227982687,0.13543993602017698,0.07779844368790287,0.1527070819171867,0.08894952926474452
EGY,0.20722428429517586,0.19855159751237614,0.12822368443202228,0.1761410108549865,0.17404762740792737,0.1715230839735747,0.1801217100906583,0.16237259339099827,0.164768662094952,0.13931064536366183,0.33293515256787776,0.15384530697827375,0.17910289318783418,0.17013911423489525,0.1485205786793907,0.16546540526365422,0.1574167308566262,0.2307132533074896,0.14833651624458105,0.1635547624252218,0.20734736519634653,0.16871099092868028,0.16538163630716715,0.16513968529740855,0.0,0.15957017087601405,0.15986315522674394,0.16041054906535018,0.1723038532109054,0.17694562924001186,0.16027164151576237,0.23063509795437598,0.1567330306546253,0.1517675422337843,0.13818755053917742,0.13587037323523446,0.18861241511204757,0.17582009944647917,0.16887101752511513,0.1599104612286729,0.1525892843818604,0.1649966113897204,0.16352136364895967,0.3085695019282806,0.16968984987983265,0.19242124039408223,0.1570025531730877,0.49639967101191923,0.18935765581445568,0.17652784338641925,0.1438124745738855,0.24748704437279728,0.2933159506432894,0.1282286631010225,0.19693432117852852,0.16858924650645885,0.1655970212106112,0.16301143572391635,0.158786320923151,0.14233188196440208,0.17858561453058894,0.15924488231862433,0.16873944586016817,0.147722993420981,0.1479935545712441,0.15684585672072732,0.15912808272536116,0.19296665136645344,0.2570250199678608,0.19302357719218807,0.16727751564707163,0.16856391238771362,0.15609554567613207,0.15317068450680993,0.15914661079044756,0.1904610905551311,0.1595585866399741,0.1581753154385426,0.1774882172996349,0.1553566317115992
ESP,0.2160651871118566,0.13548645752528735,0.0803616223647489,0.08402523919654155,0.060497444283742874,0.06184978559858267,0.14689627245673476,0.05965962833069982,0.12125910973116354,0.059394094755292115,0.3040680378529102,0.06719406758786643,0.07943339972129361,0.06558388653862061,0.08137288015059448,0.1119120982858108,0.0843879087657139,0.19402871108797845,0.0720462512439859,0.0719750445584487,0.1489424211679971,0.06000592805555933,0.0587636372998348,0.07890960990956981,0.15957017087601405,0.0,0.07356917720626038,0.06485439234280359,0.05752541154338183,0.0669316108567186,0.07412709862553697,0.16302732135161158,0.05273894573035279,0.054350868130892786,0.0922630424495231,0.08239465406795529,0.12264383687856234,0.09846930767513702,0.07351955390264418,0.04267435902030713,0.08142609791021799,0.07775072217619493,0.11088197728753003,0.30663452364568117,0.08693338030555155,0.17087115496145805,0.06536290323312746,0.46058479982670414,0.1067452972380442,0.14464790132827837,0.06606562704226171,0.18801999239331046,0.3040474356387585,0.09632020130528017,0.13635955763807642,0.06549990107840722,0.08459431261571398,0.07475737254303948,0.14400473357273927,0.06975654749173885,0.1216778673480349,0.05386264284410936,0.05438426279997444,0.05375824667358162,0.07434826316205685,0.09929248843035597,0.09628481639771017,0.122766464453929,0.20506126596435267,0.09474158421672707,0.06437158231739133,0.07544563337734624,0.10476694153621788,0.11326770260821088,0.08137411626831778,0.12933197545834632,0.12112204469979873,0.07143468988946554,0.1406794618170046,0.06839627479656987
EST,0.2148067788776123,0.14810343300484474,0.10803980980813696,0.10665502478673036,0.08692298048115546,0.08758550786428282,0.15084258120752528,0.08455104490544206,0.14319532100298557,0.09086721827504639,0.30762402197118066,0.07944488091089354,0.09555408967845128,0.0903960389243303,0.09801247567455094,0.12005056688631871,0.09974236234443791,0.21137945937548872,0.1020243036922423,0.09712909407158014,0.14463387886104,0.0821741599405246,0.07750939940443234,0.09062364408696676,0.15986315522674394,0.07356917720626038,0.0,0.06511674063315549,0.08886320701118919,0.09552125302871518,0.08808302565345362,0.16768779419614677,0.07859178062420058,0.07795605676023927,0.11114418248744472,0.09954427531034432,0.13359637122488852,0.11598217383542599,0.08847818425688989,0.07206826311337369,0.10286164564195756,0.09494267327550278,0.11625891659005985,0.3085083614946541,0.09965565455107808,0.17313578473083163,0.07181859824217242,0.468105754006115,0.08564489200413744,0.16271092856326905,0.0884613515490384,0.18780780276262662,0.3010900690287776,0.11398893463127947,0.15603845317124423,0.08603524072480549,0.09818589608009529,0.09897348532849372,0.15268774759476314,0.09279156367451948,0.14629531390493627,0.08066152968602498,0.0837000717603098,0.07590863355803125,0.09132309891007706,0.10653104980482515,0.11574047883908986,0.1242722137041321,0.20993697697700345,0.11830749449021258,0.07982256833973042,0.0777120388379455,0.1174344016909496,0.1239701625360004,0.10479450124818603,0.1300486439305979,0.13382083681219586,0.08703188950829528,0.14232109375397264,0.08725091954801076
FIN,0.21363094283160136,0.12921476259176268,0.10022990761026306,0.09064181635874821,0.07699088840479903,0.0720278844859273,0.15080974416417603,0.06749019578816072,0.14059613320861844,0.07529415889266558,0.2965588370674496,0.05975547388069429,0.08616588567542927,0.08068108272409376,0.08158589025495001,0.11992743167337716,0.0983947977979562,0.20876414941898233,0.08838627177433857,0.08795052949332738,0.15260224233814362,0.0713958969912989,0.060768253403852446,0.07413884812130633,0.16041054906535018,0.06485439234280359,0.06511674063315549,0.0,0.07608484322732541,0.0822167434071065,0.08226649694553402,0.16382714787157038,0.0663140255068247,0.06898496326256401,0.10678598061952366,0.08586141016189652,0.12231863295978986,0.10259896612657024,0.06803931491050032,0.05222238309892915,0.08922650125520327,0.07058627693738892,0.10808458880267484,0.29797409224061316,0.08053211526793375,0.17764492599431078,0.07613646844434893,0.4613685487801302,0.10929998837422807,0.16098807409012034,0.07394541315341635,0.18984430562964374,0.3056958144939427,0.10659657515753723,0.15410050280946655,0.06843562758330118,0.0798854744084631,0.0871039636944056,0.15704928203277632,0.08449996378639794,0.14713233479478877,0.06198290351107457,0.08056425969856348,0.06977619980608216,0.08584980096280521,0.09775208045190595,0.11705285039225559,0.11255036514097942,0.20455972189546356,0.11391556404066004,0.06492007024104407,0.059081394547360756,0.11529078302331343,0.1246389757885737,0.10017444549956302,0.11435418495380789,0.12995180640053453,0.06805132065357689,0.13932366445260277,0.07008116380633791
FRA,0.2225733043038589,0.13884173615499934,0.10895674347513461,0.07142273961521191,0.058089765960897426,0.0596236014106208,0.1569988878892074,0.07174433523003994,0.14530707462526607,0.0816201152450073,0.3095868087176959,0.07375897641221447,0.0767052163606198,0.07068590307343864,0.10390655120303055,0.13733297190654017,0.11280399433638043,0.2134915760293706,0.09002677306154097,0.08687893836479466,0.15319132683872466,0.06913842180805811,0.06725472265270865,0.08071154501904015,0.1723038532109054,0.05752541154338183,0.08886320701118919,0.07608484322732541,0.0,0.04921060733008839,0.0927950564506721,0.15502025224510457,0.073756584433455,0.08016150585894524,0.1198734507424925,0.10010692144333755,0.12766821868043923,0.11071019000922551,0.0747130259176696,0.052186144758827886,0.10956721257439309,0.09655716666879621,0.12030465386025914,0.31208767425619954,0.10556843781247206,0.179869371659679,0.08844343690336842,0.43388523519956984,0.1073751434650293,0.16601948565120977,0.09217936747071225,0.19363054443669145,0.30851396299728223,0.11959017208962272,0.15680038772406052,0.05580191708839573,0.08805475571591236,0.07391752878966465,0.15734560875198003,0.09807228044001311,0.1501231551085844,0.07043332955897935,0.0651973441946992,0.076906252687373,0.09210489264925954,0.11251229533129506,0.12021769369728147,0.11993440924861663,0.18844394115185184,0.09407598661951391,0.06562737629365649,0.0848360316392964,0.1275480433884861,0.13489090703301446,0.09827441872820757,0.13824482518603406,0.141173766031733,0.06802027210444582,0.15205416344197054,0.08725698366017533
GBR,0.2243965287156275,0.13190013311258325,0.12191246939818155,0.0588486802513126,0.04579212799978439,0.06012021295132711,0.165224566185117,0.07136794257197082,0.1568127204831469,0.09105545875801535,0.31207281042789137,0.0883055248755175,0.08044027045683431,0.0794476245351716,0.11135373055843423,0.14874488778999553,0.12436366387409088,0.22269384502842451,0.09059671238000812,0.1004567138919888,0.14565780163419634,0.07157348666650003,0.08012980443921128,0.08766243948011845,0.17694562924001186,0.0669316108567186,0.09552125302871518,0.0822167434071065,0.04921060733008839,0.0,0.10149796124824206,0.15636004549372495,0.08045225749818587,0.09306957285650151,0.1277686674156829,0.1116902809907318,0.13552175697640387,0.11540220440445652,0.0909761939514427,0.05887181996417159,0.11537459962846333,0.10473425065205567,0.1280532123167262,0.31698411271590765,0.1144434528545515,0.1871355923060576,0.10047162182412284,0.4462946758617568,0.100958306456011,0.1797545854234962,0.10354022524259186,0.1916607631597951,0.3151643248130835,0.12980165444132935,0.1665175656802812,0.06504640010854681,0.08648753079198332,0.06994067805609701,0.16457980111569143,0.10912535146885328,0.161493166695626,0.07342424918491333,0.06110352207386881,0.08407211511537395,0.09802460659365211,0.11908267887755582,0.13461988109957237,0.11833068271229723,0.20181342555235174,0.08206562131373964,0.06839565842144783,0.0920564858029897,0.1350810792499313,0.14814337460740215,0.1007669413604499,0.14590547096101938,0.15286549518473697,0.08567450291849006,0.1601367419960296,0.09987434743389433
GRC,0.21833567101302354,0.14390586454776325,0.09793236684695325,0.11119829088831878,0.09748083724382034,0.09866738938280549,0.14858370291641998,0.0937828475264202,0.13100360557574664,0.08238533093778654,0.2999169836934196,0.07944668610246916,0.09739518003129932,0.09402515623242222,0.1004749312813807,0.11941333430083972,0.09408935062812816,0.2050836829428116,0.09469814160228245,0.08080928353234632,0.15410135558163954,0.09573097249566868,0.08672796712182307,0.07383180154178921,0.16027164151576237,0.07412709862553697,0.08808302565345362,0.08226649694553402,0.0927950564506721,0.10149796124824206,0.0,0.15466262699059144,0.0757089298564887,0.07801956529224954,0.10353016428629615,0.09439413589358502,0.13600279995389788,0.11226437389556537,0.08477095008903747,0.07943047981513303,0.09905735014022633,0.09438954876279049,0.11649289101082276,0.30551942036165936,0.1015404432086006,0.1667948100457032,0.0868965483922762,0.46545858750715635,0.1329233564226816,0.15062830534871435,0.08711017734246797,0.19939192637046163,0.29690700457785074,0.11260723012371998,0.14924926281865503,0.09008155581721652,0.09385415119862085,0.10050956685549889,0.14314481760005146,0.08855322683198033,0.13444086912541758,0.08935390516705734,0.09274766897167498,0.0748310851682263,0.0923019636125047,0.10055909556613013,0.1105043462140465,0.11842744861467865,0.21100073790169158,0.13444006009644766,0.09827176619437653,0.0880266495906591,0.11825009652136949,0.11814670488961185,0.10309002482791121,0.136924716630163,0.12838692828726134,0.08479082183490223,0.14228290422371417,0.08340091815314708
HKG,0.2644624679566579,0.1956062142445661,0.18698380274691231,0.16577621490697927,0.16213793433330373,0.15694033600055635,0.21266002918957363,0.16179712761832155,0.21536437413223228,0.16220164637590104,0.3428535462699892,0.16235375023944384,0.14861536843819506,0.16924924972616798,0.1884771034317179,0.20815825281262734,0.18226204574398747,0.2683639713463275,0.17950681897120435,0.14788188254322515,0.2118900013162327,0.15707435151313046,0.1661299236088894,0.14219630271997646,0.23063509795437598,0.16302732135161158,0.16768779419614677,0.16382714787157038,0.15502025224510457,0.15636004549372495,0.15466262699059144,0.0,0.1647888334536793,0.16517860889179023,0.18208442495610286,0.18182899820540033,0.19213341287262298,0.17932992212135107,0.15864331569853127,0.15355635678041196,0.1821739531545246,0.17276464178305975,0.18839587756083467,0.3476029668751245,0.17687279824216529,0.2360900745090438,0.17323947961655037,0.4307603025393687,0.18315551879617722,0.23331651105121182,0.17047922903701615,0.24413881008663335,0.3477438131278175,0.1825538375827847,0.19858474378888227,0.14676455480169776,0.1652684934617478,0.17236083885644768,0.22097926385857955,0.18356990697974665,0.19737832190375432,0.161275979574605,0.16272393539519542,0.16558337935538187,0.17513351526209214,0.14833313578047153,0.20176496484543985,0.16398271309365944,0.21319014163816946,0.1824655665345809,0.15720281656085605,0.16816447590500636,0.1985368745917753,0.207318878507709,0.18828557764544387,0.19475458799890943,0.19778878282528023,0.15643481791982927,0.216540895205017,0.1716940508030716
HRV,0.2133751479368763,0.13497455728636723,0.08446760458442787,0.08941625841868668,0.0757501672698436,0.07310787414470052,0.14254349252338472,0.06723422996265839,0.12692178949440147,0.06655586244241261,0.3018135463539807,0.06967145928881484,0.08476799324230254,0.07312624216820662,0.08513202399923091,0.11556393802724624,0.08741293586161389,0.20074818808040304,0.08015582047379535,0.07742492203957055,0.15069541092136093,0.07516066682487757,0.07283704492433776,0.08368946015250377,0.1567330306546253,0.05273894573035279,0.07859178062420058,0.0663140255068247,0.073756584433455,0.08045225749818587,0.0757089298564887,0.1647888334536793,0.0,0.06651157085830679,0.09669415463350586,0.08176995328002311,0.12470462614199514,0.10392485689909323,0.07864623750144081,0.05758133534488791,0.08114130542293241,0.08245065424840403,0.10761008034849577,0.3049007374790882,0.0935014068812606,0.16610545428641227,0.07065033663584798,0.4675940752572399,0.11382087433631374,0.14682504447821504,0.07501971245601645,0.1934722582716108,0.2976833204090051,0.10343896585869859,0.14166534216317117,0.07674755565965685,0.08540491015994443,0.08190993102055785,0.1430068140831104,0.0714809818299861,0.1299031973084982,0.06263040222347219,0.0735114074591355,0.059963056177441416,0.08013088780999168,0.0912514076626291,0.09920800679907373,0.123514185188566,0.207362508955338,0.11181785524509918,0.06577820386578766,0.07867669475774786,0.10884220351636019,0.11216647123125313,0.08988149234334229,0.13010421449073548,0.12402782794208259,0.07710557674882883,0.13660283842252982,0.06896528007798572
HUN,0.2122401225186625,0.1423251505218847,0.07263422361755811,0.10016033017361262,0.0881624670639345,0.08379045194552655,0.13616743565985143,0.07530172452712675,0.10705137495125004,0.06205097744246418,0.30392296730343,0.06260361545833536,0.09236977304686235,0.08525713297265408,0.0743122658603624,0.10289250196419365,0.08247745970553244,0.19202236271617706,0.08321945124012736,0.07743510785755804,0.15823498774528674,0.0613234401963762,0.05952225587157559,0.08285150590383335,0.1517675422337843,0.054350868130892786,0.07795605676023927,0.06898496326256401,0.08016150585894524,0.09306957285650151,0.07801956529224954,0.16517860889179023,0.06651157085830679,0.0,0.08998031927421517,0.06912885320053216,0.11938234427639546,0.1049205645514419,0.07632998756281753,0.06402582977598621,0.08829299580165159,0.06779518496361246,0.10755381666519936,0.2978023919693771,0.0692845439868683,0.1520046133988391,0.06655493253750906,0.46115584873182713,0.12295128209549952,0.12875076021610515,0.05048414222382669,0.19242613801369152,0.28126422606720863,0.0951451381807769,0.1375922231891378,0.07516066685153834,0.09562297707428706,0.08568890437632455,0.12593482653178537,0.07243399267487252,0.11740643612815892,0.060415672149242865,0.0799156851295733,0.054929021112024724,0.08122995545097854,0.09730927988267575,0.09453771503239254,0.12552329760576317,0.20364803796592046,0.10388565999653757,0.07783188627576272,0.07812480003627394,0.09464072378424922,0.09695142988120097,0.08714318117490946,0.11982384800633046,0.10693829260918519,0.0704769146295957,0.12282707668199767,0.05983442215091349
IDN,0.2073858876062119,0.1584275255368356,0.07194008004117898,0.13178086024322885,0.11762211545844284,0.12253964282426195,0.13600173154571285,0.10887526631817199,0.09929210541778603,0.07871444000329592,0.3076864238020267,0.10332676590181755,0.12250475508672108,0.10873508304632423,0.08726504853980623,0.09403309590498796,0.08118671450335288,0.18507756112708562,0.08883304517900732,0.09519691289213772,0.1786278488689546,0.11295945983610682,0.113357329955149,0.1141319939319182,0.13818755053917742,0.0922630424495231,0.11114418248744472,0.10678598061952366,0.1198734507424925,0.1277686674156829,0.10353016428629615,0.18208442495610286,0.09669415463350586,0.08998031927421517,0.0,0.08063571126225688,0.14521175320508048,0.1234500663482081,0.11592194742992047,0.10206060944946947,0.09650216753820329,0.11013614340514495,0.12888554649076694,0.31289560949639134,0.1107781687254018,0.16473290149818848,0.09929176947369232,0.48238814720853496,0.15160619596734287,0.1164343630353646,0.08341321960517742,0.21279378059461065,0.29832023593924945,0.08693000543283864,0.13512142420076095,0.1182000170322154,0.12412689167412513,0.11009888404923432,0.13055935922906278,0.07573652765595952,0.10742951701297757,0.09788703417133576,0.09931019950504574,0.08373905377039408,0.09736804141318112,0.10835313718806007,0.09080926659109048,0.15637248523470762,0.23150304139351344,0.1441167681730026,0.11997478080583382,0.1181153766221627,0.09376728913299875,0.09151343250778605,0.09325437182467143,0.1472959369867263,0.12466291927323356,0.11488293708714847,0.13551422644133312,0.09859040577926223
IND,0.20921189235945448,0.1493513000384094,0.0683374058955951,0.11179997477054626,0.10666124965059676,0.1020591970579608,0.11820206698021933,0.08690012717865929,0.09718878851143682,0.07305166452413038,0.30576693660154614,0.08158598254228015,0.11209308766643405,0.10115459303942075,0.0672355114625725,0.09702940123125124,0.0841254228757991,0.1900113415730543,0.08023613667817595,0.0895961367859361,0.16703864680451744,0.09532044018853865,0.09148816085137497,0.0998824165972436,0.13587037323523446,0.08239465406795529,0.09954427531034432,0.08586141016189652,0.10010692144333755,0.1116902809907318,0.09439413589358502,0.18182899820540033,0.08176995328002311,0.06912885320053216,0.08063571126225688,0.0,0.12487675940407081,0.11450529627936061,0.09243531192402415,0.08309359987171713,0.08925268426060952,0.09133398453428619,0.1114563741885905,0.2851129812171406,0.09580973464461254,0.15033104139922984,0.08340930636263336,0.4641922070663422,0.13798773768695258,0.11259591719923785,0.07096630327822206,0.20676007486892842,0.2790640656173166,0.09703666210320998,0.14305485267431178,0.0973954274452355,0.10818831479809744,0.09623443565798025,0.11635846682885295,0.0706186799413715,0.12062989567444961,0.08124233888903094,0.0962801860317246,0.06997874614481048,0.0912166609872324,0.10025108701355455,0.08589706836945969,0.14136074977693988,0.2089959877731872,0.13290782720779243,0.09784795368790485,0.09850364751647689,0.09728054445321978,0.08271811387072801,0.08387793713641731,0.13012461769441006,0.10995354461414927,0.09097177252257405,0.11762902326171187,0.077467984582894
IRL,0.23613622227682823,0.17394395971785526,0.12534704652649079,0.14431593030887946,0.13460232114068119,0.1301175378332942,0.17897976821910144,0.13150489285851133,0.1619375894686003,0.12342176522422064,0.3213955881809188,0.12191076053213196,0.10558746001924899,0.13359486453711794,0.1255972060174481,0.15357797662097677,0.1395198853255799,0.2240940361677299,0.13453668924380063,0.13115561233540543,0.18814044230551008,0.1329368353352449,0.12575231949189575,0.12846166583900712,0.18861241511204757,0.12264383687856234,0.13359637122488852,0.12231863295978986,0.12766821868043923,0.13552175697640387,0.13600279995389788,0.19213341287262298,0.12470462614199514,0.11938234427639546,0.14521175320508048,0.12487675940407081,0.0,0.1419349838276876,0.10973033617866405,0.12079329456959595,0.13563169926490845,0.12906102186917054,0.15121482767774397,0.32258709640219985,0.12625396416923798,0.19699494253341662,0.12974145002169513,0.45150554855965663,0.1649425514745861,0.17656981259975077,0.11874855830093836,0.20388398915685604,0.31488953085244464,0.13828950249704172,0.17443550889516762,0.1237045278563291,0.13953145088129973,0.13672401603755396,0.17682916414016203,0.1323346608044197,0.16247914790498524,0.12586906533393125,0.1325011250539943,0.12622124344264352,0.13638616076427154,0.14498903023253976,0.14898399356054684,0.14384851763965573,0.2148332232048619,0.15814915620832154,0.12800634281953427,0.13044123266766341,0.13686029330076313,0.1523195341431551,0.1433036286042286,0.13969363503148452,0.15809832263723153,0.11977952225581409,0.15916452966693612,0.127142035908637
ISL,0.22824239235676255,0.16576976117894116,0.11714360993776686,0.13040291728558767,0.11566594060295116,0.11385049135014877,0.15907384994680487,0.11184085480538063,0.1495769698407529,0.1075272650226636,0.3147446020142315,0.09861820735659632,0.11735461512451777,0.10369448101658736,0.11614906087830591,0.1396675283378426,0.11814723561679549,0.2100527517854796,0.11337117567628828,0.1116219860936222,0.1742062833434213,0.11753310310318962,0.10365400746661699,0.10966262280539261,0.17582009944647917,0.09846930767513702,0.11598217383542599,0.10259896612657024,0.11071019000922551,0.11540220440445652,0.11226437389556537,0.17932992212135107,0.10392485689909323,0.1049205645514419,0.1234500663482081,0.11450529627936061,0.1419349838276876,0.0,0.0993221171526341,0.10021467217923778,0.1129066231269565,0.11303565420036717,0.1361264673085833,0.31475269369077824,0.12031281176279297,0.1896031622958258,0.111584217628115,0.45984351150085295,0.15177900279096979,0.16544595837836407,0.1107506834873618,0.20925490181231687,0.3096442112790211,0.12209954561299284,0.15640991636592774,0.10969062573073275,0.11249835517496351,0.11774588894534832,0.1688514073183556,0.10189995618190159,0.14501980278192717,0.1086510659822628,0.11032809877860687,0.10574919489871128,0.11417521728449422,0.12653304290503598,0.12932862592828961,0.14934285226165425,0.21146559786528163,0.145347434025259,0.11492817200036519,0.11226917837406647,0.1343026823521855,0.1396586203282311,0.12528905465495815,0.15214559191761154,0.1459163302165655,0.10489179352742435,0.15584813860419164,0.10606144092682233
ISR,0.21883752948059282,0.14425257306215422,0.09806259619383219,0.10847736162296626,0.09098166106519907,0.08317842521393047,0.15297862750402252,0.09030588720381369,0.14396134694656956,0.07856299976853469,0.29743872327220927,0.061913765694373304,0.07729319502210422,0.08519707684715616,0.08893018859354783,0.1293187050649187,0.10660677453851027,0.21026163503707085,0.09469198847444454,0.09067222864474378,0.1627180668010689,0.08729019571797936,0.06863147501201301,0.0820565181844446,0.16887101752511513,0.07351955390264418,0.08847818425688989,0.06803931491050032,0.0747130259176696,0.0909761939514427,0.08477095008903747,0.15864331569853127,0.07864623750144081,0.07632998756281753,0.11592194742992047,0.09243531192402415,0.10973033617866405,0.0993221171526341,0.0,0.06907298669797404,0.09905729772789035,0.0826933143414941,0.11614202751274337,0.30830781327653584,0.08377095697418345,0.1809562552379619,0.08761431515450224,0.44122949421372837,0.1361413216765294,0.160288313898736,0.07944835806903955,0.1854723646062269,0.30623099822528893,0.10499156005497942,0.1510688780240083,0.06567234251649541,0.09702128466859862,0.10140916762610665,0.15845244264584288,0.09136091710200328,0.14287262650896213,0.08799985602152091,0.09087258863289878,0.08235939503138592,0.09464811220154386,0.10243300164231922,0.1181107832792793,0.1178195335695984,0.19173729827017988,0.12834125797122223,0.08665156761065124,0.07859389502719136,0.11363650776721608,0.13006379887318067,0.1103264187149321,0.10795326309756763,0.13364026432759135,0.05869942545565344,0.1384624020351552,0.07457240659097872
ITA,0.21443865519481745,0.1273518768862291,0.09448219671960643,0.07698959298213756,0.05449155064231524,0.05709707853236697,0.14239746930326785,0.052370170492378756,0.13588455806971916,0.06388784266607316,0.3005412230976284,0.06262508287170436,0.07524083508225632,0.07070900453516278,0.08042846130387056,0.12238574208968205,0.09665531364486502,0.2048919253918495,0.07865181996888941,0.0799326215404286,0.14995781721987547,0.057536085388245346,0.05555232390397979,0.07068957928757061,0.1599104612286729,0.04267435902030713,0.07206826311337369,0.05222238309892915,0.052186144758827886,0.05887181996417159,0.07943047981513303,0.15355635678041196,0.05758133534488791,0.06402582977598621,0.10206060944946947,0.08309359987171713,0.12079329456959595,0.10021467217923778,0.06907298669797404,0.0,0.08599641565783436,0.07594405637248566,0.10850291416638991,0.30392222491001103,0.08484095094770219,0.17663596383128558,0.07018547948385508,0.45257816322329175,0.10303962816098332,0.16053217168664166,0.07250426298392346,0.1874330603100913,0.30620493832575935,0.10376051488743747,0.14681879880017548,0.05842838359800879,0.07796731174171793,0.07466227252188475,0.15141455498550807,0.08034321854618308,0.13968411500458935,0.053317529858943044,0.054544493102525446,0.059017399495314836,0.07716231488581247,0.0949688093157029,0.11409628292690638,0.11247534172601606,0.19547377547161188,0.09270312767736592,0.050055576969734575,0.07112326915485356,0.11119579923510066,0.12236107535134032,0.08362511929753717,0.12432323742961407,0.1289857144630313,0.06508518761672881,0.14059354511726296,0.06912160959298388
JOR,0.2178794180991981,0.14668507671898676,0.09115009254479532,0.11772693119926758,0.11063709563837136,0.1011974364020551,0.1519556646660596,0.08013842496700378,0.12450837795155353,0.08377397697629453,0.303836301649324,0.09048204703266888,0.11263280643909666,0.10099378828207531,0.08881398833807962,0.10644832291468674,0.094778126248634,0.18776249112791255,0.09005037352900704,0.09897089003503118,0.16918345485416436,0.10456064544586818,0.09921353251565239,0.10247626443719764,0.1525892843818604,0.08142609791021799,0.10286164564195756,0.08922650125520327,0.10956721257439309,0.11537459962846333,0.09905735014022633,0.1821739531545246,0.08114130542293241,0.08829299580165159,0.09650216753820329,0.08925268426060952,0.13563169926490845,0.1129066231269565,0.09905729772789035,0.08599641565783436,0.0,0.10106468295183861,0.1224824198525582,0.3104062658155317,0.10677609495812498,0.1837383800948314,0.0926429368750879,0.47806914413802887,0.13853241795240254,0.1474191614292168,0.08193573331991537,0.20912721950429633,0.3086111569456762,0.08751356431079714,0.12535251127161498,0.1027133220042035,0.10258719688051564,0.10968652486843387,0.16107170729013287,0.07674775071086941,0.11363162927664135,0.08420488653816642,0.10118287651006672,0.08185347605360668,0.09781420599874652,0.10566139211223058,0.1078006391872133,0.14134460414095057,0.2179595005109634,0.14112416293937716,0.10231310571644915,0.10410971046556658,0.11344989428905736,0.127692534875333,0.10853115372245101,0.1410069369982805,0.12164953263309042,0.10068038839251535,0.1463127318233519,0.0815080497713966
JPN,0.21829233827224745,0.1496623601931497,0.10263798605250922,0.11726167401266302,0.09512914562430688,0.09765132213530091,0.15680585424667284,0.09064844792734124,0.14676301562408367,0.08114104578089183,0.30342232879944914,0.07306356245645348,0.09577162265471989,0.09819242797947107,0.07828561334149163,0.133793376230661,0.10757789098566652,0.21239078665503328,0.10738571607327994,0.1026227280638603,0.16637325876783915,0.07471623538829873,0.060325959850040675,0.09140612592799369,0.1649966113897204,0.07775072217619493,0.09494267327550278,0.07058627693738892,0.09655716666879621,0.10473425065205567,0.09438954876279049,0.17276464178305975,0.08245065424840403,0.06779518496361246,0.11013614340514495,0.09133398453428619,0.12906102186917054,0.11303565420036717,0.0826933143414941,0.07594405637248566,0.10106468295183861,0.0,0.11849459629821028,0.28510639163961693,0.06131537260878262,0.18364678703247786,0.09240754316955944,0.4736820021759943,0.14087921734143008,0.16384819770322634,0.07206278631064598,0.1976779500130277,0.308168510004785,0.11215744991142333,0.15778564433817233,0.09258313486283247,0.10415451325608491,0.11206949747820444,0.1603553116112069,0.09428094107088492,0.15066727344388733,0.0857067029368887,0.09500039872986672,0.07459726501544839,0.09146712151082609,0.1008858533285549,0.123936454555009,0.12891579854223584,0.2175796405079283,0.10873910242117749,0.09142777601238199,0.07983142499153535,0.11217702938411753,0.13143017426613146,0.10416644119744467,0.11476335739205448,0.12993864269787808,0.08192790517362968,0.14704729178102874,0.07475973668187513
KAZ,0.2000735338428441,0.16336405067124052,0.11920476358900775,0.1304450318091801,0.12583849605427816,0.12516667771911688,0.15861426874538606,0.11431833343544229,0.15656030601137289,0.1047138902573249,0.31282605922195933,0.09860782053676083,0.12658933028556046,0.11483094760155078,0.11933426465284364,0.14148861134965554,0.12062525629620842,0.20155244864212493,0.12075348417497336,0.11094401794477227,0.18086641141152476,0.12219497528346761,0.11423792624750799,0.11978836176602162,0.16352136364895967,0.11088197728753003,0.11625891659005985,0.10808458880267484,0.12030465386025914,0.1280532123167262,0.11649289101082276,0.18839587756083467,0.10761008034849577,0.10755381666519936,0.12888554649076694,0.1114563741885905,0.15121482767774397,0.1361264673085833,0.11614202751274337,0.10850291416638991,0.1224824198525582,0.11849459629821028,0.0,0.3035435907149947,0.12692579152845737,0.1746519429071078,0.10844425714726784,0.4744388829931616,0.15222321766678887,0.17239559611725483,0.1018479189751374,0.2169951627234901,0.2936532770242798,0.12260650886345588,0.16485359956133008,0.11901219195930512,0.1252398229350471,0.1266703666941851,0.15836327170735084,0.10250310754872168,0.15806123557835824,0.11241656529574362,0.12493753521532212,0.10195814360907322,0.10891060486038345,0.11229636687123376,0.13387619361243078,0.15432558396341414,0.21830892331697768,0.15281208860510195,0.11614064839662555,0.11360010805305576,0.14113016482654328,0.13878471096127795,0.12423009067971656,0.15552232992943243,0.13992655097224074,0.10740119888232674,0.15230045716357363,0.10012813373428521
KHM,0.35748388562218397,0.331685471483469,0.3014572441845571,0.31487684687178524,0.30975128014492614,0.3111603383156589,0.2859251441657559,0.293520181398381,0.29733363665563867,0.3066451940790615,0.4244797567025724,0.3041603933034775,0.3166616647365217,0.3128190815925749,0.2904770338115837,0.3055446636334853,0.30762864051531164,0.3487811298313266,0.3113776380143575,0.31033090025622573,0.33789187400776227,0.3088410290433085,0.30725681964316287,0.3108097796952005,0.3085695019282806,0.30663452364568117,0.3085083614946541,0.29797409224061316,0.31208767425619954,0.31698411271590765,0.30551942036165936,0.3476029668751245,0.3049007374790882,0.2978023919693771,0.31289560949639134,0.2851129812171406,0.32258709640219985,0.31475269369077824,0.30830781327653584,0.30392222491001103,0.3104062658155317,0.28510639163961693,0.3035435907149947,0.0,0.3033534069630169,0.2825503023568071,0.3060219341480551,0.5573040266872927,0.32359816865791313,0.3092320910819396,0.3047632594101153,0.3600179773055495,0.31552365419435313,0.3150445861989777,0.3156741981810196,0.3116262789955505,0.3161128427595401,0.310555326021544,0.28320806867463943,0.30439114923642,0.3090006179322226,0.30487422069996306,0.3107191706532262,0.29663328823644075,0.2998529789818211,0.3093719564317065,0.3045561734456785,0.3273892710320146,0.3616074364374748,0.3192129977227368,0.30951451340647,0.30648487470362235,0.31199125347727613,0.30578582050064856,0.2860466485996859,0.29964378462466323,0.2519696152043248,0.30887345330258653,0.2867216875105485,0.2979511207039846
KOR,0.22122020120200647,0.1516126052921065,0.10617988415253969,0.12696567459362065,0.10490751967839324,0.1078536566366827,0.15464662039302401,0.10269837400342688,0.1450482037809699,0.08723498747752575,0.3051949256410831,0.08418020911148616,0.10254072555953127,0.10667730046099445,0.06658259993432243,0.13478376258412703,0.11127199986884946,0.21455657608015755,0.1108583977795997,0.1121114519811018,0.17265371152249984,0.08264596730528959,0.07178054294138275,0.10321504719022126,0.16968984987983265,0.08693338030555155,0.09965565455107808,0.08053211526793375,0.10556843781247206,0.1144434528545515,0.1015404432086006,0.17687279824216529,0.0935014068812606,0.0692845439868683,0.1107781687254018,0.09580973464461254,0.12625396416923798,0.12031281176279297,0.08377095697418345,0.08484095094770219,0.10677609495812498,0.06131537260878262,0.12692579152845737,0.3033534069630169,0.0,0.1871283266832274,0.1017265551706481,0.4681406286190051,0.14822920802010023,0.16381968690953497,0.07140050710451812,0.17772894472080739,0.3103476114722288,0.10901542568755561,0.16272716339113777,0.09973100113376784,0.11108062059992979,0.12115487085004115,0.16264107514730905,0.1003207761863633,0.15130253070593083,0.0933686875275628,0.10072768968591582,0.08648708189468371,0.10159066219407514,0.11152400807994652,0.13035609274604465,0.11713860544948497,0.21527481522209724,0.11260642107582196,0.1013261383637173,0.09279831983271386,0.08571761539444496,0.13103549801037906,0.10979559065731648,0.0808846062150317,0.14129656445066407,0.09139704357932303,0.12955702816039139,0.0861549745109138
LAO,0.23761287462389297,0.21476341010860153,0.15569217419022613,0.186002233437489,0.18071125164042232,0.19020353759548453,0.14651661171514835,0.17279338892069127,0.13246793557633574,0.168603409325503,0.34249067968655267,0.17182980705582168,0.18741438543411149,0.17286481453797797,0.16723141759302623,0.15270007126915297,0.16241622329926925,0.22063708412601474,0.16759042926128526,0.16866755256338667,0.22454501405402932,0.18035237342932828,0.1824296254102267,0.18086079289344512,0.19242124039408223,0.17087115496145805,0.17313578473083163,0.17764492599431078,0.179869371659679,0.1871355923060576,0.1667948100457032,0.2360900745090438,0.16610545428641227,0.1520046133988391,0.16473290149818848,0.15033104139922984,0.19699494253341662,0.1896031622958258,0.1809562552379619,0.17663596383128558,0.1837383800948314,0.18364678703247786,0.1746519429071078,0.2825503023568071,0.1871283266832274,0.0,0.1670322364250018,0.49189596164912647,0.19851352722807833,0.1563529767124146,0.1712508503695588,0.25420219489387563,0.17485331583956798,0.18476829483018298,0.18150304992953775,0.18307834222091376,0.19154689696410815,0.16776683075239246,0.09319581596669896,0.16215931307409837,0.15877552300575906,0.16988009688497555,0.17278218376250631,0.1542106329453251,0.16597113562023968,0.17802275747120808,0.1569946948457438,0.2131943749181048,0.25477221580977655,0.19887366379293697,0.18319581012655708,0.18088402389095168,0.17225932682337347,0.14960787358246233,0.14624899502605493,0.20588069429344494,0.12238256834778174,0.17896546060590715,0.12402039692373355,0.16278506169351745
LTU,0.21676019117128592,0.14783542046034037,0.08423381962683558,0.10781228636288,0.09328359333565353,0.08808876137061912,0.1455982751817676,0.07948894061117204,0.12295048310220619,0.07299029494309509,0.30509379490665184,0.0779607452775753,0.10063231483629229,0.0868100150818301,0.09295194508315108,0.10713806056061967,0.08393401437191465,0.1916617373095803,0.08986687752346938,0.08328751845273559,0.15685748294072166,0.08497234425473803,0.08321883347198172,0.09173637810986976,0.1570025531730877,0.06536290323312746,0.07181859824217242,0.07613646844434893,0.08844343690336842,0.10047162182412284,0.0868965483922762,0.17323947961655037,0.07065033663584798,0.06655493253750906,0.09929176947369232,0.08340930636263336,0.12974145002169513,0.111584217628115,0.08761431515450224,0.07018547948385508,0.0926429368750879,0.09240754316955944,0.10844425714726784,0.3060219341480551,0.1017265551706481,0.1670322364250018,0.0,0.46970669433185036,0.11319226953432729,0.14259284695287244,0.07445348031728888,0.20059800394827168,0.2971856700170819,0.10575101478267172,0.14339780432021287,0.08681570596662948,0.10006626487266922,0.09185114179127005,0.1410260732280627,0.07694892697535603,0.12567206894990976,0.07101690977013501,0.08687041090294703,0.06840640117454432,0.08168337127561943,0.10286781008768052,0.09965334621442667,0.13387724705708193,0.2118907995635219,0.1250398242748277,0.08324423201790335,0.08739311905560013,0.11340957197591647,0.10414971354740332,0.08922960580513696,0.13555993963366963,0.11925798377293788,0.08651955273530292,0.14067164465708626,0.07865674067638921
LUX,0.5107921161484384,0.48558486807241047,0.4699728640520464,0.4574399746011668,0.453897699431872,0.45568796864552324,0.4807070530302742,0.46609050659767753,0.4812634893300358,0.4615223739212394,0.5580895132760577,0.4445085702525704,0.45212385991018306,0.46574207353735714,0.4759348398696674,0.48611503728605443,0.47790770070216476,0.515746837320145,0.4634508907098801,0.45446079286541197,0.4753424075552184,0.4627278060638704,0.45278839294380313,0.45010087928198517,0.49639967101191923,0.46058479982670414,0.468105754006115,0.4613685487801302,0.43388523519956984,0.4462946758617568,0.46545858750715635,0.4307603025393687,0.4675940752572399,0.46115584873182713,0.48238814720853496,0.4641922070663422,0.45150554855965663,0.45984351150085295,0.44122949421372837,0.45257816322329175,0.47806914413802887,0.4736820021759943,0.4744388829931616,0.5573040266872927,0.4681406286190051,0.49189596164912647,0.46970669433185036,0.0,0.47228091792503124,0.4875760561512255,0.470746228252739,0.49178189394276667,0.5573163045314704,0.46182796303384643,0.4816896505996883,0.4410636094385146,0.4680765005074807,0.4642058397293661,0.48829340890338463,0.4771527972242656,0.48225968774239425,0.46532985689579814,0.4529659312185359,0.47282546338238457,0.47234006208241935,0.47463177692122677,0.48281010490959514,0.4709320548117469,0.32767874281959886,0.4650702376975659,0.460301949536165,0.46756479548506064,0.48261948716088543,0.4851343253683955,0.4746612679433997,0.4691064084535216,0.48102369475045714,0.42794463719887205,0.4800966509110892,0.46297220335750866
LVA,0.2405673180316854,0.14907258382761018,0.14806195795490149,0.09493262986016067,0.10165769939343247,0.0908553426028513,0.1790054282024672,0.09743242169960908,0.17159047629971025,0.12959168680137484,0.32479633182949014,0.13050805712118718,0.13052318339023128,0.12304695517521536,0.1403273532919923,0.16215412263435483,0.14328728004360594,0.23353918077750851,0.12339190755787602,0.12955911479409057,0.14890229655722753,0.10364306930507454,0.12121771598934702,0.12653619669009353,0.18935765581445568,0.1067452972380442,0.08564489200413744,0.10929998837422807,0.1073751434650293,0.100958306456011,0.1329233564226816,0.18315551879617722,0.11382087433631374,0.12295128209549952,0.15160619596734287,0.13798773768695258,0.1649425514745861,0.15177900279096979,0.1361413216765294,0.10303962816098332,0.13853241795240254,0.14087921734143008,0.15222321766678887,0.32359816865791313,0.14822920802010023,0.19851352722807833,0.11319226953432729,0.47228091792503124,0.0,0.192891650420379,0.1330291217922092,0.21054259166780803,0.3177846597501691,0.15601529386498775,0.18498191522491497,0.1124731510733875,0.1155638935845664,0.10179929825437296,0.1828915792922665,0.13619100172422274,0.1792996447573706,0.09735027166668529,0.10694000838427418,0.11886524443389564,0.1304484484023862,0.14620074105757266,0.14647075973616913,0.13885399337282162,0.22877598206763913,0.1189008900289541,0.08982862622406303,0.1276273302309617,0.16208042048848656,0.1594517487422493,0.13064720030383573,0.17317131054564278,0.16745457521522894,0.13332970151119916,0.1756652290632025,0.13495966095336404
MAR,0.2460414648655146,0.20966217501629136,0.10420204841068971,0.17446118980262953,0.17376079934657543,0.17052804735117616,0.15434417200645695,0.15979188874975614,0.06950847761612025,0.13802418114494222,0.3401490482617537,0.15221397802560457,0.1755621308099197,0.15944608178266967,0.1341905707067363,0.11011745813017992,0.1213297605795622,0.18195745496813803,0.1287011274756332,0.1328806176708334,0.2098375600262727,0.16442799205041322,0.1642041635709129,0.16409175195850423,0.17652784338641925,0.14464790132827837,0.16271092856326905,0.16098807409012034,0.16601948565120977,0.1797545854234962,0.15062830534871435,0.23331651105121182,0.14682504447821504,0.12875076021610515,0.1164343630353646,0.11259591719923785,0.17656981259975077,0.16544595837836407,0.160288313898736,0.16053217168664166,0.1474191614292168,0.16384819770322634,0.17239559611725483,0.3092320910819396,0.16381968690953497,0.1563529767124146,0.14259284695287244,0.4875760561512255,0.192891650420379,0.0,0.13639954914484664,0.2498349623545644,0.2774858778437766,0.14648483337672324,0.15925028954086343,0.162513384335334,0.17487727017811158,0.14509869819888385,0.12436624711625614,0.12120748592235857,0.11429161728968491,0.14799845389438696,0.15824623823100137,0.13695270261391196,0.15392903581785575,0.16507207755170372,0.08645175392166159,0.2048370484477322,0.2523371418754872,0.19497045012879613,0.1711585213252833,0.16922915498773414,0.13854412395763246,0.08086431197957523,0.13625185129141393,0.18837724388405747,0.13592279352713343,0.16041004160444366,0.15004220442102598,0.14151577226693218
MEX,0.20952882552816432,0.13650353788953384,0.07231198989947381,0.10777234471204489,0.09766234503487504,0.09052359057080323,0.14586007288738828,0.08245983070364311,0.12033556116356935,0.05419156073447268,0.29740482530547935,0.06670406755406934,0.09692651620487416,0.08936400627051268,0.07077579264675163,0.10614939665022169,0.08701217048526032,0.18926058963484663,0.08261399829573918,0.07848183591365522,0.16232859259698437,0.07753745639480489,0.07405703575538551,0.08942543051744663,0.1438124745738855,0.06606562704226171,0.0884613515490384,0.07394541315341635,0.09217936747071225,0.10354022524259186,0.08711017734246797,0.17047922903701615,0.07501971245601645,0.05048414222382669,0.08341321960517742,0.07096630327822206,0.11874855830093836,0.1107506834873618,0.07944835806903955,0.07250426298392346,0.08193573331991537,0.07206278631064598,0.1018479189751374,0.3047632594101153,0.07140050710451812,0.1712508503695588,0.07445348031728888,0.470746228252739,0.1330291217922092,0.13639954914484664,0.0,0.19402582803656893,0.30009404340507817,0.08258277534278306,0.14059449768193744,0.08503741263164752,0.09726519349647741,0.09542637497537382,0.14376110387298616,0.06757685790801395,0.12076453706282815,0.06885053979098585,0.09098014000015071,0.06281748272622692,0.08031128816104476,0.09194970926868845,0.09989863383370977,0.12217050034619883,0.21381264007733009,0.1184313280633258,0.08646480701536542,0.08726172385409417,0.09048162444069127,0.10677116350583188,0.09459086703684196,0.11361792620668944,0.12073647980954247,0.07809193815869145,0.1305792243048423,0.06744050388168132
MLT,0.28229345109812093,0.22405240242557908,0.21135783908936437,0.2043948206483471,0.18848038193234024,0.19852001114048898,0.2391259937186717,0.1915073480186054,0.23425521773648525,0.19757644507023533,0.35427151886667074,0.19794456176908737,0.1882959912120053,0.19580336872001333,0.1903165782422274,0.22780422300762676,0.211108983371389,0.28178425396304263,0.198786175026841,0.20831524979339267,0.23696623061859287,0.19386277592053758,0.1921608598500342,0.20086676310173757,0.24748704437279728,0.18801999239331046,0.18780780276262662,0.18984430562964374,0.19363054443669145,0.1916607631597951,0.19939192637046163,0.24413881008663335,0.1934722582716108,0.19242613801369152,0.21279378059461065,0.20676007486892842,0.20388398915685604,0.20925490181231687,0.1854723646062269,0.1874330603100913,0.20912721950429633,0.1976779500130277,0.2169951627234901,0.3600179773055495,0.17772894472080739,0.25420219489387563,0.20059800394827168,0.49178189394276667,0.21054259166780803,0.2498349623545644,0.19402582803656893,0.0,0.3587956216732187,0.20738404657164572,0.243660438967459,0.19516040020053085,0.20385459536199446,0.204108187528328,0.23839368840464323,0.20521517689731614,0.2340096435704817,0.19628587112060178,0.18916402523053055,0.1941012754665231,0.19820773720009285,0.21121158463471998,0.22226452133908386,0.1900771841550766,0.2710195597873058,0.19512299258224183,0.19478772342840311,0.19735416185350493,0.17541776618352642,0.22572708581712933,0.20198528444512587,0.16710697610504635,0.23120259064660656,0.19882627215108606,0.20017291896473294,0.20154929511895545
MMR,0.34010015140736627,0.33103165320407785,0.2848525748188538,0.3089774929699744,0.31303427186961924,0.31384151920790077,0.23916833027674717,0.2977563032342338,0.2537178151543062,0.30080217618182736,0.4221121597247226,0.300200767642796,0.31505973409865407,0.3057814487468125,0.2937223773596842,0.27583603546731134,0.29459850786201147,0.3324692179016474,0.30172565413970925,0.30364582627172254,0.33337874070229784,0.3072843910076441,0.3092302642773855,0.3068470328734459,0.2933159506432894,0.3040474356387585,0.3010900690287776,0.3056958144939427,0.30851396299728223,0.3151643248130835,0.29690700457785074,0.3477438131278175,0.2976833204090051,0.28126422606720863,0.29832023593924945,0.2790640656173166,0.31488953085244464,0.3096442112790211,0.30623099822528893,0.30620493832575935,0.3086111569456762,0.308168510004785,0.2936532770242798,0.31552365419435313,0.3103476114722288,0.17485331583956798,0.2971856700170819,0.5573163045314704,0.3177846597501691,0.2774858778437766,0.30009404340507817,0.3587956216732187,0.0,0.30829393427319923,0.2885222909867009,0.30801619369794603,0.3125017244543921,0.2958516525330605,0.20168843434010789,0.29251169392078674,0.2772052619757226,0.2990123475806616,0.30767485978145503,0.2875866053537049,0.29741619130786734,0.30437206309175385,0.28760851166540996,0.3281529391511729,0.35445639707205573,0.32256685072996844,0.3072973280164971,0.3076360022926256,0.2984441549670285,0.27649257348007905,0.27744219351534205,0.3204285436209129,0.22671096790400563,0.305233951166858,0.2310294177405565,0.29128787812914736
MYS,0.20140798062616055,0.15547990847423665,0.0809652200973173,0.13603561149130317,0.12481148680690862,0.11800111575065206,0.164405045294983,0.10849856628029589,0.12922814935511132,0.08055541236019576,0.30142767583425945,0.09716984529814923,0.12282851915294865,0.11572821030431875,0.10031490257483582,0.11410741329718155,0.10071228884945822,0.19246415644563822,0.09966036939378638,0.10503505229833446,0.178946536165004,0.11763751426032394,0.11052836102662904,0.11435768477724621,0.1282286631010225,0.09632020130528017,0.11398893463127947,0.10659657515753723,0.11959017208962272,0.12980165444132935,0.11260723012371998,0.1825538375827847,0.10343896585869859,0.0951451381807769,0.08693000543283864,0.09703666210320998,0.13828950249704172,0.12209954561299284,0.10499156005497942,0.10376051488743747,0.08751356431079714,0.11215744991142333,0.12260650886345588,0.3150445861989777,0.10901542568755561,0.18476829483018298,0.10575101478267172,0.46182796303384643,0.15601529386498775,0.14648483337672324,0.08258277534278306,0.20738404657164572,0.30829393427319923,0.0,0.13491342536011572,0.1115149025638246,0.1194284051010768,0.12279720070687912,0.1562862205509565,0.08774900196117176,0.1126141059341142,0.10297898516715662,0.1150910099676921,0.0975023546970792,0.10354996555567043,0.10987081236438774,0.11388988965176923,0.14697563104264877,0.21339799337088675,0.15195079127186287,0.12126653543031969,0.11891755434542944,0.1050464915219208,0.12465474026021398,0.1231304746353891,0.1343292033899758,0.12422781053173693,0.10382063500582903,0.1476672782235548,0.09657720925816042
NGA,0.24971302938704912,0.20146717999552977,0.13068513883138919,0.1690745819690743,0.162384007465822,0.15668010252144923,0.1654093211348165,0.13940648788455787,0.13546259075598144,0.13864009794518248,0.33597020086892193,0.14645096154584672,0.1579023929173832,0.14618934863966793,0.1474362906811902,0.12926299150390924,0.1319294683552493,0.19543627804595493,0.14681538276532297,0.1308376670459615,0.20641049559670735,0.1564629991993702,0.15575462794973033,0.14975016113355838,0.19693432117852852,0.13635955763807642,0.15603845317124423,0.15410050280946655,0.15680038772406052,0.1665175656802812,0.14924926281865503,0.19858474378888227,0.14166534216317117,0.1375922231891378,0.13512142420076095,0.14305485267431178,0.17443550889516762,0.15640991636592774,0.1510688780240083,0.14681879880017548,0.12535251127161498,0.15778564433817233,0.16485359956133008,0.3156741981810196,0.16272716339113777,0.18150304992953775,0.14339780432021287,0.4816896505996883,0.18498191522491497,0.15925028954086343,0.14059449768193744,0.243660438967459,0.2885222909867009,0.13491342536011572,0.0,0.15228339574552402,0.15951483271486203,0.15173714659353393,0.16663245446378086,0.1304385732058474,0.09510785784811242,0.14038347256659045,0.15180910027405364,0.13301647743601705,0.1481335554387203,0.1571414119780983,0.1344659460183101,0.19312822635835508,0.24494276353995606,0.18923810080102413,0.16020927990694175,0.15831512789097102,0.15560085285846517,0.1586825190741507,0.14944815392918862,0.18824167156671465,0.11794926179882874,0.14922936860284797,0.16824568330703418,0.14187911334597514
NLD,0.2210644925500948,0.1367330733181634,0.10349938710957561,0.07163812313977919,0.07777215538368028,0.057332430583647336,0.15687252203420607,0.07063888726529774,0.14371354639933107,0.0783489754447228,0.3083124524839984,0.06958297868399838,0.07646724769062528,0.07939502648665135,0.10209301517065336,0.13494956178423878,0.11002456504196081,0.20975433129346388,0.0926802378235116,0.08194258253425314,0.15354579326059067,0.0712382980617973,0.07029967857230672,0.0699515560028554,0.16858924650645885,0.06549990107840722,0.08603524072480549,0.06843562758330118,0.05580191708839573,0.06504640010854681,0.09008155581721652,0.14676455480169776,0.07674755565965685,0.07516066685153834,0.1182000170322154,0.0973954274452355,0.1237045278563291,0.10969062573073275,0.06567234251649541,0.05842838359800879,0.1027133220042035,0.09258313486283247,0.11901219195930512,0.3116262789955505,0.09973100113376784,0.18307834222091376,0.08681570596662948,0.4410636094385146,0.1124731510733875,0.162513384335334,0.08503741263164752,0.19516040020053085,0.30801619369794603,0.1115149025638246,0.15228339574552402,0.0,0.08039433825359497,0.07413754314895862,0.16030806260202027,0.09709486267277065,0.14280405032732085,0.06822070072116494,0.08352380819166802,0.08149971948452195,0.0994613422011162,0.10735085375530522,0.1176983845477622,0.11141697819525566,0.19449586953876868,0.11062710515704317,0.06705465811412928,0.07896931074441135,0.1266803809122093,0.1326984579475837,0.1102770583894207,0.12681101716206192,0.13643514873817547,0.06375665209139621,0.1502648334972224,0.08104613470264731
NOR,0.21140412354738347,0.12487177207033429,0.11700595043402254,0.08000988413050966,0.09357877654795808,0.07972524336861478,0.16107969852037218,0.07681158051710993,0.15364855291532165,0.0975341779956777,0.30893746196605615,0.08848112093162802,0.10376509180112735,0.09643623769969155,0.11024036028629249,0.14054370267470628,0.11616262000073081,0.21436964336424297,0.10196690987258893,0.10179061174613477,0.15411738815592382,0.08647946053535745,0.09124749888803262,0.08372937688818148,0.1655970212106112,0.08459431261571398,0.09818589608009529,0.0798854744084631,0.08805475571591236,0.08648753079198332,0.09385415119862085,0.1652684934617478,0.08540491015994443,0.09562297707428706,0.12412689167412513,0.10818831479809744,0.13953145088129973,0.11249835517496351,0.09702128466859862,0.07796731174171793,0.10258719688051564,0.10415451325608491,0.1252398229350471,0.3161128427595401,0.11108062059992979,0.19154689696410815,0.10006626487266922,0.4680765005074807,0.1155638935845664,0.17487727017811158,0.09726519349647741,0.20385459536199446,0.3125017244543921,0.1194284051010768,0.15951483271486203,0.08039433825359497,0.0,0.0859060507768472,0.1722680267337458,0.10412698556407543,0.15501497734628042,0.07655223273487398,0.10140912113198905,0.09237252303242623,0.09695426059117376,0.11619272813158507,0.13164064503707537,0.108915887087278,0.21815405690773415,0.12322786534986616,0.07961017566421588,0.09226585827297751,0.1358889714991033,0.14129854253136834,0.12079548207651984,0.142751954673644,0.14724475976098342,0.09541429502382592,0.15746626717313045,0.10058615204573679
NZL,0.22327655284245593,0.13463695933099104,0.09931747881376304,0.059608701509409924,0.0753852998285568,0.07174780275777777,0.15102670145496758,0.07088433875354605,0.12384649292625147,0.08968644182583144,0.3148573111628124,0.09341392865985057,0.10096066652743801,0.0878364297381142,0.10655878427467783,0.12332999451204919,0.10797230596070204,0.2010068226364666,0.08230966592675135,0.08710217861987435,0.15156904994060552,0.07829571660961078,0.09711401795210872,0.09308323155517419,0.16301143572391635,0.07475737254303948,0.09897348532849372,0.0871039636944056,0.07391752878966465,0.06994067805609701,0.10050956685549889,0.17236083885644768,0.08190993102055785,0.08568890437632455,0.11009888404923432,0.09623443565798025,0.13672401603755396,0.11774588894534832,0.10140916762610665,0.07466227252188475,0.10968652486843387,0.11206949747820444,0.1266703666941851,0.310555326021544,0.12115487085004115,0.16776683075239246,0.09185114179127005,0.4642058397293661,0.10179929825437296,0.14509869819888385,0.09542637497537382,0.204108187528328,0.2958516525330605,0.12279720070687912,0.15173714659353393,0.07413754314895862,0.0859060507768472,0.0,0.14298085546191278,0.0977094300453201,0.13851646492839623,0.06344404696540965,0.0832735935515438,0.08262204310110137,0.10334184954686988,0.12126543369354272,0.10790159466252722,0.12755502121287654,0.21817464613993356,0.10879950084380909,0.0768686807511184,0.09813891833714154,0.12652571332439302,0.11859790197978183,0.09856672228493507,0.15113415513410478,0.13528001171718476,0.09630452640869856,0.14502178621319847,0.09805273379036719
PAK,0.23007058587429613,0.2005745336026156,0.11734691283087872,0.16776247241105155,0.15676806663070278,0.16852478891794867,0.12912918736309872,0.15404936635145478,0.09653695033762603,0.13663533100239822,0.33222783145114065,0.15099104275002112,0.16432188775441547,0.1539645729763686,0.1374073871159679,0.12430811926695386,0.13432899556507388,0.21038686161897277,0.13783362588356973,0.1456215252272299,0.20580614018492718,0.15761235720509773,0.15952526064176153,0.15964006966268499,0.158786320923151,0.14400473357273927,0.15268774759476314,0.15704928203277632,0.15734560875198003,0.16457980111569143,0.14314481760005146,0.22097926385857955,0.1430068140831104,0.12593482653178537,0.13055935922906278,0.11635846682885295,0.17682916414016203,0.1688514073183556,0.15845244264584288,0.15141455498550807,0.16107170729013287,0.1603553116112069,0.15836327170735084,0.28320806867463943,0.16264107514730905,0.09319581596669896,0.1410260732280627,0.48829340890338463,0.1828915792922665,0.12436624711625614,0.14376110387298616,0.23839368840464323,0.20168843434010789,0.1562862205509565,0.16663245446378086,0.16030806260202027,0.1722680267337458,0.14298085546191278,0.0,0.13376727594051457,0.13619056554624534,0.14895202548135877,0.14399576943970294,0.12846103874356582,0.13903309586177415,0.15845666222227353,0.12553304851553884,0.19405466994340603,0.24773121465875766,0.17628753816487497,0.16299750479879918,0.16145007912702466,0.13962452453091073,0.11113016329624656,0.11268472578576726,0.18459767196112994,0.10695031054500215,0.15646483091962776,0.12301085130538003,0.14008446690782517
PER,0.20947382792913338,0.15138320988705598,0.061655406992158705,0.11317980706986124,0.10470958378584377,0.09935952914354884,0.13478378556954373,0.08675560355607585,0.10531269065115079,0.06493565671840776,0.30598203065194535,0.0761367112485102,0.10813143777037067,0.08354338098390895,0.08114466425003812,0.09218763540468611,0.06760107279579422,0.17645756043553062,0.07415159143676828,0.07464430181031839,0.15811318547614459,0.10007344192304185,0.09092081377355447,0.10103011689356567,0.14233188196440208,0.06975654749173885,0.09279156367451948,0.08449996378639794,0.09807228044001311,0.10912535146885328,0.08855322683198033,0.18356990697974665,0.0714809818299861,0.07243399267487252,0.07573652765595952,0.0706186799413715,0.1323346608044197,0.10189995618190159,0.09136091710200328,0.08034321854618308,0.07674775071086941,0.09428094107088492,0.10250310754872168,0.30439114923642,0.1003207761863633,0.16215931307409837,0.07694892697535603,0.4771527972242656,0.13619100172422274,0.12120748592235857,0.06757685790801395,0.20521517689731614,0.29251169392078674,0.08774900196117176,0.1304385732058474,0.09709486267277065,0.10412698556407543,0.0977094300453201,0.13376727594051457,0.0,0.11202134729500257,0.0809687211692246,0.09134352297885791,0.06895914019374781,0.08727633064176987,0.09816520993004686,0.07599236240518752,0.14389342031892804,0.2160302928644162,0.13811942489597837,0.09735519306067288,0.09750801936809016,0.09607316617536417,0.09108352920349073,0.08864397706743374,0.13763606826600344,0.11379025800414311,0.09041876694750361,0.13006847836171914,0.06919868133902304
PHL,0.24089246751856383,0.1937053485269749,0.09861284138506893,0.1626157134385911,0.15528129687675724,0.15052426324404283,0.16172445585524595,0.13321938455091412,0.0891003827403303,0.12019271221776842,0.3298728069677923,0.13900394008810144,0.1522748258744917,0.13843847733199305,0.1330539239574433,0.09839067695754304,0.11001579436864262,0.167776379952362,0.1263152432376694,0.11379714329170255,0.2005114367696913,0.15018772969466077,0.15017035684069605,0.14339290250013323,0.17858561453058894,0.1216778673480349,0.14629531390493627,0.14713233479478877,0.1501231551085844,0.161493166695626,0.13444086912541758,0.19737832190375432,0.1299031973084982,0.11740643612815892,0.10742951701297757,0.12062989567444961,0.16247914790498524,0.14501980278192717,0.14287262650896213,0.13968411500458935,0.11363162927664135,0.15066727344388733,0.15806123557835824,0.3090006179322226,0.15130253070593083,0.15877552300575906,0.12567206894990976,0.48225968774239425,0.1792996447573706,0.11429161728968491,0.12076453706282815,0.2340096435704817,0.2772052619757226,0.1126141059341142,0.09510785784811242,0.14280405032732085,0.15501497734628042,0.13851646492839623,0.13619056554624534,0.11202134729500257,0.0,0.12910126929554452,0.1404487106689499,0.11937274477533495,0.13469741631555937,0.1454771697792352,0.1023160444196022,0.18330963065767109,0.239406296567975,0.18188093313478199,0.1564682718123746,0.1550471444858888,0.1305692103073531,0.12508638332961844,0.13233970307165316,0.17324769808931245,0.09712226579280764,0.14501006151449136,0.14962342367109396,0.12602183165432396
POL,0.21746687348267735,0.12342119565867254,0.09082185645221204,0.0677651048078684,0.07432479042480156,0.05621107951673236,0.14604769174417018,0.04164697717477052,0.12366018361711174,0.07161670344780947,0.3047282479196974,0.07664266133040545,0.09296485974996335,0.0790518829982788,0.08720107769053549,0.11414543194340783,0.09378289467191958,0.19722876835011952,0.07771161394373435,0.07704145720793756,0.1505809293310979,0.05489091950631206,0.07259335685305623,0.08127850144791238,0.15924488231862433,0.05386264284410936,0.08066152968602498,0.06198290351107457,0.07043332955897935,0.07342424918491333,0.08935390516705734,0.161275979574605,0.06263040222347219,0.060415672149242865,0.09788703417133576,0.08124233888903094,0.12586906533393125,0.1086510659822628,0.08799985602152091,0.053317529858943044,0.08420488653816642,0.0857067029368887,0.11241656529574362,0.30487422069996306,0.0933686875275628,0.16988009688497555,0.07101690977013501,0.46532985689579814,0.09735027166668529,0.14799845389438696,0.06885053979098585,0.19628587112060178,0.2990123475806616,0.10297898516715662,0.14038347256659045,0.06822070072116494,0.07655223273487398,0.06344404696540965,0.14895202548135877,0.0809687211692246,0.12910126929554452,0.0,0.07652107076358446,0.06145583190536432,0.08719981296991149,0.10208672303967437,0.10495119852450106,0.11593122771037215,0.21169292439663456,0.09757379892487057,0.049826215205789205,0.08020293173797921,0.11409624151434945,0.11705991905080114,0.09233190740363241,0.13242767956448312,0.12217669015297851,0.08431686371607013,0.1386793598526559,0.07966353707735098
PRT,0.22193880010856115,0.14019367097139646,0.10204321549600955,0.09200055606681182,0.04437531306475305,0.08105997007950667,0.14360761102236236,0.0789146192317098,0.13196388133145617,0.0738902414438281,0.30770514929362214,0.08653031343499654,0.08368333395884504,0.07643514076052041,0.08914360742759436,0.1250992799174958,0.10479920933802686,0.20884797307734024,0.07979051274264419,0.0937461911436933,0.15751998213089563,0.07520973867002469,0.07888106290250041,0.09331652341194115,0.16873944586016817,0.05438426279997444,0.0837000717603098,0.08056425969856348,0.0651973441946992,0.06110352207386881,0.09274766897167498,0.16272393539519542,0.0735114074591355,0.0799156851295733,0.09931019950504574,0.0962801860317246,0.1325011250539943,0.11032809877860687,0.09087258863289878,0.054544493102525446,0.10118287651006672,0.09500039872986672,0.12493753521532212,0.3107191706532262,0.10072768968591582,0.17278218376250631,0.08687041090294703,0.4529659312185359,0.10694000838427418,0.15824623823100137,0.09098014000015071,0.18916402523053055,0.30767485978145503,0.1150910099676921,0.15180910027405364,0.08352380819166802,0.10140912113198905,0.0832735935515438,0.14399576943970294,0.09134352297885791,0.1404487106689499,0.07652107076358446,0.0,0.06835382911132504,0.07999930760917703,0.1106239920971194,0.1176047048314491,0.12925906291158956,0.20191539608546724,0.0828580208019743,0.08006796862407647,0.09250448374710851,0.10895408411998789,0.1256202474066807,0.06767908662805519,0.13776945747053823,0.13774397312946737,0.08778834088761044,0.14294769615829075,0.08736831614561254
ROU,0.20831661272823632,0.14095491301883617,0.07990718602962318,0.09643954172262312,0.07466631949850557,0.08475516611523881,0.1353424030525852,0.06785943194652554,0.11516645883949453,0.061831906465349654,0.3036514029768819,0.0680370478705307,0.08676385987784845,0.07256958578272624,0.07412265184989503,0.10277464738910586,0.08285771070775501,0.19468704118756924,0.0780530635751835,0.0762088259762036,0.15966147258583685,0.07030362740618526,0.0685802995144569,0.08314837379555114,0.147722993420981,0.05375824667358162,0.07590863355803125,0.06977619980608216,0.076906252687373,0.08407211511537395,0.0748310851682263,0.16558337935538187,0.059963056177441416,0.054929021112024724,0.08373905377039408,0.06997874614481048,0.12622124344264352,0.10574919489871128,0.08235939503138592,0.059017399495314836,0.08185347605360668,0.07459726501544839,0.10195814360907322,0.29663328823644075,0.08648708189468371,0.1542106329453251,0.06840640117454432,0.47282546338238457,0.11886524443389564,0.13695270261391196,0.06281748272622692,0.1941012754665231,0.2875866053537049,0.0975023546970792,0.13301647743601705,0.08149971948452195,0.09237252303242623,0.08262204310110137,0.12846103874356582,0.06895914019374781,0.11937274477533495,0.06145583190536432,0.06835382911132504,0.0,0.06656913972551237,0.08723589489896628,0.09573081512634009,0.12923059350104016,0.21296072934395122,0.10396742063418415,0.07761414251733297,0.076056432164102,0.0997353560028441,0.10691148966816631,0.07330818678445238,0.1293998054683377,0.11077871959592424,0.07761289514188922,0.12926623704346119,0.06632747455448024
RUS,0.20784904690710962,0.13754979787905458,0.09559307464884907,0.1160785474566242,0.08434218699187124,0.10149125996127584,0.15082617269722948,0.09130676749667867,0.13266013290986714,0.07088895580670761,0.29723050438163956,0.08445420721817216,0.09677170920683571,0.08765360227688435,0.08966735289817948,0.11817056530296062,0.10046260891558233,0.2040039478805928,0.08934681816590849,0.0983463698689117,0.1665022565454442,0.09375848278536224,0.08701357717291801,0.10050414413014606,0.1479935545712441,0.07434826316205685,0.09132309891007706,0.08584980096280521,0.09210489264925954,0.09802460659365211,0.0923019636125047,0.17513351526209214,0.08013088780999168,0.08122995545097854,0.09736804141318112,0.0912166609872324,0.13638616076427154,0.11417521728449422,0.09464811220154386,0.07716231488581247,0.09781420599874652,0.09146712151082609,0.10891060486038345,0.2998529789818211,0.10159066219407514,0.16597113562023968,0.08168337127561943,0.47234006208241935,0.1304484484023862,0.15392903581785575,0.08031128816104476,0.19820773720009285,0.29741619130786734,0.10354996555567043,0.1481335554387203,0.0994613422011162,0.09695426059117376,0.10334184954686988,0.13903309586177415,0.08727633064176987,0.13469741631555937,0.08719981296991149,0.07999930760917703,0.06656913972551237,0.0,0.10055188050509918,0.1135310697572269,0.13749548409805834,0.21665713481739782,0.11623993145199028,0.09708200382349418,0.0923327830435917,0.11181779573384196,0.12216146289101501,0.08432853141144275,0.1355361384956144,0.1228680895432462,0.09148635549664923,0.14199055650802445,0.08294032924460948
SAU,0.21230587467424164,0.15367644506883202,0.10765504541419081,0.1255684764203353,0.11382761519161884,0.11226728229020436,0.15688127901623466,0.10439562115147474,0.1524984061942212,0.08689603181242939,0.30766577856704597,0.08839307200899235,0.11123969578637606,0.10881319952464297,0.1081301197693542,0.13702035890783862,0.1117532073384409,0.21874340496321984,0.11146867147372753,0.0933940832371536,0.17661128097597098,0.11002359557860512,0.10385167530280838,0.1046166643192054,0.15684585672072732,0.09929248843035597,0.10653104980482515,0.09775208045190595,0.11251229533129506,0.11908267887755582,0.10055909556613013,0.14833313578047153,0.0912514076626291,0.09730927988267575,0.10835313718806007,0.10025108701355455,0.14498903023253976,0.12653304290503598,0.10243300164231922,0.0949688093157029,0.10566139211223058,0.1008858533285549,0.11229636687123376,0.3093719564317065,0.11152400807994652,0.17802275747120808,0.10286781008768052,0.47463177692122677,0.14620074105757266,0.16507207755170372,0.09194970926868845,0.21121158463471998,0.30437206309175385,0.10987081236438774,0.1571414119780983,0.10735085375530522,0.11619272813158507,0.12126543369354272,0.15845666222227353,0.09816520993004686,0.1454771697792352,0.10208672303967437,0.1106239920971194,0.08723589489896628,0.10055188050509918,0.0,0.12772811875723197,0.14068627869132427,0.21309555781565614,0.14514827029658806,0.10641143564668085,0.10194947651465461,0.1282156774940657,0.13159435592083193,0.11838183445564829,0.14170540127422893,0.13813078415838279,0.09902376140491137,0.15374984837213745,0.09020991495401752
SEN,0.22620041322973025,0.17534062109702728,0.07177429614882819,0.1315769483684479,0.13162003155847313,0.11990820001728654,0.14282041710870827,0.11361029644145616,0.08621347505146791,0.09757047638455943,0.3212387516789863,0.11373897946292065,0.13202465631754928,0.10511466732770428,0.10490194361655028,0.09378054000553072,0.08560103181114113,0.16976247095863703,0.09359498316236688,0.09390786170156898,0.16505123071127628,0.1226086881643524,0.11861029978262617,0.1248455336270242,0.15912808272536116,0.09628481639771017,0.11574047883908986,0.11705285039225559,0.12021769369728147,0.13461988109957237,0.1105043462140465,0.20176496484543985,0.09920800679907373,0.09453771503239254,0.09080926659109048,0.08589706836945969,0.14898399356054684,0.12932862592828961,0.1181107832792793,0.11409628292690638,0.1078006391872133,0.123936454555009,0.13387619361243078,0.3045561734456785,0.13035609274604465,0.1569946948457438,0.09965334621442667,0.48281010490959514,0.14647075973616913,0.08645175392166159,0.09989863383370977,0.22226452133908386,0.28760851166540996,0.11388988965176923,0.1344659460183101,0.1176983845477622,0.13164064503707537,0.10790159466252722,0.12553304851553884,0.07599236240518752,0.1023160444196022,0.10495119852450106,0.1176047048314491,0.09573081512634009,0.1135310697572269,0.12772811875723197,0.0,0.1667692066847978,0.23530500525018405,0.15919476714314898,0.12224180735429073,0.12621570999858855,0.11623996945385066,0.07602680783397787,0.10819590880380317,0.15925746666781634,0.11673369722213923,0.1201431455820799,0.1358352383001828,0.10117065671291903
SGP,0.2408898692922052,0.14531934796848392,0.15124167836346886,0.12010698390152404,0.121326592804192,0.11166902306234906,0.18647820708807503,0.1170430746976093,0.18169820857981017,0.12872018582842024,0.31525042534264475,0.1286707947273067,0.11490986573845655,0.1329208521726384,0.13005772081903838,0.17229371299477905,0.15088786552261996,0.24229142755138347,0.13584409963870336,0.1338582157181796,0.15739565653585902,0.11963960633135766,0.12194148345617029,0.10728410794790132,0.19296665136645344,0.122766464453929,0.1242722137041321,0.11255036514097942,0.11993440924861663,0.11833068271229723,0.11842744861467865,0.16398271309365944,0.123514185188566,0.12552329760576317,0.15637248523470762,0.14136074977693988,0.14384851763965573,0.14934285226165425,0.1178195335695984,0.11247534172601606,0.14134460414095057,0.12891579854223584,0.15432558396341414,0.3273892710320146,0.11713860544948497,0.2131943749181048,0.13387724705708193,0.4709320548117469,0.13885399337282162,0.2048370484477322,0.12217050034619883,0.1900771841550766,0.3281529391511729,0.14697563104264877,0.19312822635835508,0.11141697819525566,0.108915887087278,0.12755502121287654,0.19405466994340603,0.14389342031892804,0.18330963065767109,0.11593122771037215,0.12925906291158956,0.12923059350104016,0.13749548409805834,0.14068627869132427,0.1667692066847978,0.0,0.2299409200610543,0.14058019074015954,0.11411163339857412,0.12892152536952034,0.1387659475872418,0.1726086249858532,0.1466807510284284,0.12093945906810008,0.1761214826235304,0.12967341524734038,0.16460619118096478,0.13458002669431954
STP,0.29002136777435955,0.24562588533960314,0.21879807581934865,0.21296811948765232,0.20586787183012795,0.20793026502463996,0.24034004522424396,0.21056640649523747,0.24082360799619662,0.20638358259941197,0.36233134656856897,0.186414982684067,0.2072630611320936,0.21376175626546298,0.2214398566794507,0.23776010881648985,0.22407287662610176,0.2916516935431117,0.21462751311639658,0.2008771619559661,0.2528717362449604,0.21100637956874296,0.19989304588423973,0.2019228314033682,0.2570250199678608,0.20506126596435267,0.20993697697700345,0.20455972189546356,0.18844394115185184,0.20181342555235174,0.21100073790169158,0.21319014163816946,0.207362508955338,0.20364803796592046,0.23150304139351344,0.2089959877731872,0.2148332232048619,0.21146559786528163,0.19173729827017988,0.19547377547161188,0.2179595005109634,0.2175796405079283,0.21830892331697768,0.3616074364374748,0.21527481522209724,0.25477221580977655,0.2118907995635219,0.32767874281959886,0.22877598206763913,0.2523371418754872,0.21381264007733009,0.2710195597873058,0.35445639707205573,0.21339799337088675,0.24494276353995606,0.19449586953876868,0.21815405690773415,0.21817464613993356,0.24773121465875766,0.2160302928644162,0.239406296567975,0.21169292439663456,0.20191539608546724,0.21296072934395122,0.21665713481739782,0.21309555781565614,0.23530500525018405,0.2299409200610543,0.0,0.22460472859978367,0.20697278225717966,0.21426627870586212,0.2290921357758627,0.23535905623362977,0.22198738829686127,0.22752823162455524,0.23289933130915463,0.17990716821839062,0.23678422403180363,0.1983758427223529
SVK,0.23893993513606399,0.15013142862311551,0.14500514332805567,0.10426329310146366,0.0752943610642039,0.10166085555238191,0.18228552260821237,0.10212374524657891,0.17176431345084564,0.1151607517715961,0.3204679721634795,0.12067230986132478,0.1123347203377565,0.11217734210498431,0.12054521853687467,0.1678444433359498,0.1502298386222043,0.2365349983571222,0.12109220474038293,0.13605082267860344,0.17577765907028348,0.0712890662545237,0.0941299911204056,0.12566117598111912,0.19302357719218807,0.09474158421672707,0.11830749449021258,0.11391556404066004,0.09407598661951391,0.08206562131373964,0.13444006009644766,0.1824655665345809,0.11181785524509918,0.10388565999653757,0.1441167681730026,0.13290782720779243,0.15814915620832154,0.145347434025259,0.12834125797122223,0.09270312767736592,0.14112416293937716,0.10873910242117749,0.15281208860510195,0.3192129977227368,0.11260642107582196,0.19887366379293697,0.1250398242748277,0.4650702376975659,0.1189008900289541,0.19497045012879613,0.1184313280633258,0.19512299258224183,0.32256685072996844,0.15195079127186287,0.18923810080102413,0.11062710515704317,0.12322786534986616,0.10879950084380909,0.17628753816487497,0.13811942489597837,0.18188093313478199,0.09757379892487057,0.0828580208019743,0.10396742063418415,0.11623993145199028,0.14514827029658806,0.15919476714314898,0.14058019074015954,0.22460472859978367,0.0,0.0968320790053334,0.11569292021308697,0.14231582967079942,0.1657415456958676,0.11058946565330527,0.15714545568662483,0.17010807927889615,0.1223687308397216,0.17181860061035126,0.12269298374878483
SVN,0.22038171401064807,0.12702239225276846,0.1096192048885938,0.06830942867406256,0.07308673747637418,0.048778892034958644,0.15276859492654418,0.0533388399059265,0.1487261425682336,0.08545207492456104,0.30759260249463344,0.08125327188827154,0.08710167974523335,0.08270679421552957,0.09869644595524547,0.13886224776631037,0.11231249291545153,0.21387852736885396,0.09429437337999924,0.09178739880356676,0.14629984784686426,0.0572408071601771,0.0708865695437484,0.08538423580044177,0.16727751564707163,0.06437158231739133,0.07982256833973042,0.06492007024104407,0.06562737629365649,0.06839565842144783,0.09827176619437653,0.15720281656085605,0.06577820386578766,0.07783188627576272,0.11997478080583382,0.09784795368790485,0.12800634281953427,0.11492817200036519,0.08665156761065124,0.050055576969734575,0.10231310571644915,0.09142777601238199,0.11614064839662555,0.30951451340647,0.1013261383637173,0.18319581012655708,0.08324423201790335,0.460301949536165,0.08982862622406303,0.1711585213252833,0.08646480701536542,0.19478772342840311,0.3072973280164971,0.12126653543031969,0.16020927990694175,0.06705465811412928,0.07961017566421588,0.0768686807511184,0.16299750479879918,0.09735519306067288,0.1564682718123746,0.049826215205789205,0.08006796862407647,0.07761414251733297,0.09708200382349418,0.10641143564668085,0.12224180735429073,0.11411163339857412,0.20697278225717966,0.0968320790053334,0.0,0.08220895139518118,0.1309444667674067,0.1323855110417358,0.10276252065679596,0.13689327971976148,0.1401983823050142,0.08462534022292899,0.15062472301604532,0.08886481525730193
SWE,0.2179079190317406,0.146451580550357,0.11155854672297132,0.10513710683239975,0.08326706620919855,0.09146664550978503,0.15726114839491023,0.08445070169792727,0.1515554690385434,0.08983026369702699,0.3045716497894436,0.06294634908877701,0.08234883881071144,0.08284669706833694,0.0974809770185474,0.13047169714630635,0.10784361786178481,0.21496646241544942,0.10720059929219516,0.09848724803360169,0.1605454453797939,0.07418678653124815,0.06368850764896938,0.08785814588653863,0.16856391238771362,0.07544563337734624,0.0777120388379455,0.059081394547360756,0.0848360316392964,0.0920564858029897,0.0880266495906591,0.16816447590500636,0.07867669475774786,0.07812480003627394,0.1181153766221627,0.09850364751647689,0.13044123266766341,0.11226917837406647,0.07859389502719136,0.07112326915485356,0.10410971046556658,0.07983142499153535,0.11360010805305576,0.30648487470362235,0.09279831983271386,0.18088402389095168,0.08739311905560013,0.46756479548506064,0.1276273302309617,0.16922915498773414,0.08726172385409417,0.19735416185350493,0.3076360022926256,0.11891755434542944,0.15831512789097102,0.07896931074441135,0.09226585827297751,0.09813891833714154,0.16145007912702466,0.09750801936809016,0.1550471444858888,0.08020293173797921,0.09250448374710851,0.076056432164102,0.0923327830435917,0.10194947651465461,0.12621570999858855,0.12892152536952034,0.21426627870586212,0.11569292021308697,0.08220895139518118,0.0,0.12763181309988786,0.13341500705879236,0.10959914288415747,0.13128645044642848,0.13931334719121932,0.07316248514393575,0.1514481151958021,0.0822607396348406
THA,0.22008240720551542,0.1681292561259225,0.09569123194327105,0.14448052535475273,0.12449953901667271,0.13484835695406042,0.13965113379224597,0.12125628782448801,0.1177600216048074,0.09774047926379818,0.31628107969011393,0.114888687355571,0.12503934280520676,0.12008306748727428,0.0799861114783023,0.12003666962530884,0.10750658339277214,0.20255065668195255,0.10862644970038664,0.11702207345909046,0.1855674636966668,0.12098785351185322,0.11887737830372298,0.1291956243024163,0.15609554567613207,0.10476694153621788,0.1174344016909496,0.11529078302331343,0.1275480433884861,0.1350810792499313,0.11825009652136949,0.1985368745917753,0.10884220351636019,0.09464072378424922,0.09376728913299875,0.09728054445321978,0.13686029330076313,0.1343026823521855,0.11363650776721608,0.11119579923510066,0.11344989428905736,0.11217702938411753,0.14113016482654328,0.31199125347727613,0.08571761539444496,0.17225932682337347,0.11340957197591647,0.48261948716088543,0.16208042048848656,0.13854412395763246,0.09048162444069127,0.17541776618352642,0.2984441549670285,0.1050464915219208,0.15560085285846517,0.1266803809122093,0.1358889714991033,0.12652571332439302,0.13962452453091073,0.09607316617536417,0.1305692103073531,0.11409624151434945,0.10895408411998789,0.0997353560028441,0.11181779573384196,0.1282156774940657,0.11623996945385066,0.1387659475872418,0.2290921357758627,0.14231582967079942,0.1309444667674067,0.12763181309988786,0.0,0.11154215352579742,0.10350911274431086,0.09635675755557377,0.13830150677540187,0.1233065657209204,0.10632691295774398,0.10833436710889778
TUN,0.22013365082222494,0.17925327387797424,0.08073755980506762,0.14501940933508595,0.14210892209376644,0.13894621237329866,0.12351269963323683,0.12955670970344213,0.08392229519972003,0.10540838316631775,0.32112179518899026,0.11920722827317004,0.1443264617338824,0.12930410629637695,0.10580717363882214,0.10018908683392101,0.08824392663283019,0.18652248169298238,0.10682550049450185,0.10952219186648131,0.18103296236217875,0.13068958464713915,0.12914033269753913,0.13283535907482535,0.15317068450680993,0.11326770260821088,0.1239701625360004,0.1246389757885737,0.13489090703301446,0.14814337460740215,0.11814670488961185,0.207318878507709,0.11216647123125313,0.09695142988120097,0.09151343250778605,0.08271811387072801,0.1523195341431551,0.1396586203282311,0.13006379887318067,0.12236107535134032,0.127692534875333,0.13143017426613146,0.13878471096127795,0.30578582050064856,0.13103549801037906,0.14960787358246233,0.10414971354740332,0.4851343253683955,0.1594517487422493,0.08086431197957523,0.10677116350583188,0.22572708581712933,0.27649257348007905,0.12465474026021398,0.1586825190741507,0.1326984579475837,0.14129854253136834,0.11859790197978183,0.11113016329624656,0.09108352920349073,0.12508638332961844,0.11705991905080114,0.1256202474066807,0.10691148966816631,0.12216146289101501,0.13159435592083193,0.07602680783397787,0.1726086249858532,0.23535905623362977,0.1657415456958676,0.1323855110417358,0.13341500705879236,0.11154215352579742,0.0,0.10734778049875017,0.1619548848756845,0.12801347961827503,0.1289014524421905,0.1294768087368568,0.11062309023223156
TUR,0.22085883965482234,0.15545968304114086,0.0954340781486842,0.11424561783675619,0.08339194020855215,0.11156807281936203,0.12129012085280805,0.09399265412810058,0.10796837019331626,0.0845757849432612,0.31248184075302743,0.10084328178997065,0.11007777317058871,0.0970439732216194,0.07961820851221127,0.11335337943059973,0.10146798786977532,0.19774216274958184,0.08708360262091334,0.10544948985082038,0.17200294398149094,0.09892226220690577,0.10331667970324453,0.11306417559148862,0.15914661079044756,0.08137411626831778,0.10479450124818603,0.10017444549956302,0.09827441872820757,0.1007669413604499,0.10309002482791121,0.18828557764544387,0.08988149234334229,0.08714318117490946,0.09325437182467143,0.08387793713641731,0.1433036286042286,0.12528905465495815,0.1103264187149321,0.08362511929753717,0.10853115372245101,0.10416644119744467,0.12423009067971656,0.2860466485996859,0.10979559065731648,0.14624899502605493,0.08922960580513696,0.4746612679433997,0.13064720030383573,0.13625185129141393,0.09459086703684196,0.20198528444512587,0.27744219351534205,0.1231304746353891,0.14944815392918862,0.1102770583894207,0.12079548207651984,0.09856672228493507,0.11268472578576726,0.08864397706743374,0.13233970307165316,0.09233190740363241,0.06767908662805519,0.07330818678445238,0.08432853141144275,0.11838183445564829,0.10819590880380317,0.1466807510284284,0.22198738829686127,0.11058946565330527,0.10276252065679596,0.10959914288415747,0.10350911274431086,0.10734778049875017,0.0,0.14319147623627557,0.11955773025910511,0.11104112882276664,0.12463518062698689,0.09618448385632769
TWN,0.23826187430038914,0.17296199831934822,0.1383855172695346,0.15569123248916797,0.1376024560121612,0.13940055819257655,0.1802790038708936,0.13518351921505523,0.1721632279896358,0.12553839985923673,0.3178311895183702,0.1256581281130817,0.12921826079752588,0.1386395821614913,0.10308134647443824,0.16481948560747178,0.14771330627314228,0.23496665173966,0.1425202291005886,0.1438476385397442,0.1947547173841412,0.13347094718571959,0.12473463744318943,0.13660551227982687,0.1904610905551311,0.12933197545834632,0.1300486439305979,0.11435418495380789,0.13824482518603406,0.14590547096101938,0.136924716630163,0.19475458799890943,0.13010421449073548,0.11982384800633046,0.1472959369867263,0.13012461769441006,0.13969363503148452,0.15214559191761154,0.10795326309756763,0.12432323742961407,0.1410069369982805,0.11476335739205448,0.15552232992943243,0.29964378462466323,0.0808846062150317,0.20588069429344494,0.13555993963366963,0.4691064084535216,0.17317131054564278,0.18837724388405747,0.11361792620668944,0.16710697610504635,0.3204285436209129,0.1343292033899758,0.18824167156671465,0.12681101716206192,0.142751954673644,0.15113415513410478,0.18459767196112994,0.13763606826600344,0.17324769808931245,0.13242767956448312,0.13776945747053823,0.1293998054683377,0.1355361384956144,0.14170540127422893,0.15925746666781634,0.12093945906810008,0.22752823162455524,0.15714545568662483,0.13689327971976148,0.13128645044642848,0.09635675755557377,0.1619548848756845,0.14319147623627557,0.0,0.16183307439237937,0.12714148198611097,0.1330932734998918,0.12697568502385123
UKR,0.22750336884629108,0.1857014767532711,0.10382227192093853,0.1535816687551182,0.14593678483015665,0.14177198871044794,0.1384623469964891,0.11905487160252595,0.10264123745881037,0.1197440438050173,0.32392608237701903,0.12771522972298985,0.14544312741526283,0.13442950366640805,0.12329495855922004,0.1100948997876395,0.11754601424572358,0.1897844114353584,0.13193754497233715,0.12264925773093262,0.19173879392737472,0.13789710642604774,0.13625436035150038,0.13543993602017698,0.1595585866399741,0.12112204469979873,0.13382083681219586,0.12995180640053453,0.141173766031733,0.15286549518473697,0.12838692828726134,0.19778878282528023,0.12402782794208259,0.10693829260918519,0.12466291927323356,0.10995354461414927,0.15809832263723153,0.1459163302165655,0.13364026432759135,0.1289857144630313,0.12164953263309042,0.12993864269787808,0.13992655097224074,0.2519696152043248,0.14129656445066407,0.12238256834778174,0.11925798377293788,0.48102369475045714,0.16745457521522894,0.13592279352713343,0.12073647980954247,0.23120259064660656,0.22671096790400563,0.12422781053173693,0.11794926179882874,0.13643514873817547,0.14724475976098342,0.13528001171718476,0.10695031054500215,0.11379025800414311,0.09712226579280764,0.12217669015297851,0.13774397312946737,0.11077871959592424,0.1228680895432462,0.13813078415838279,0.11673369722213923,0.1761214826235304,0.23289933130915463,0.17010807927889615,0.1401983823050142,0.13931334719121932,0.13830150677540187,0.12801347961827503,0.11955773025910511,0.16183307439237937,0.0,0.13324955400149135,0.12765007046385862,0.11444222815049408
USA,0.21222774117018076,0.15080825359957753,0.09496484770934584,0.10494539758873152,0.08719356173198428,0.08636503066375259,0.1545854297401989,0.09083170202362112,0.14509987062263507,0.07485305810641821,0.3051462499007412,0.04490141694203079,0.08344615348367432,0.0863195868053784,0.09698626877896296,0.13035048098786076,0.10535338481551541,0.21108947646415327,0.09797913897872913,0.08338844588130583,0.15859921150816625,0.08318606537619151,0.0601458630904824,0.07779844368790287,0.1581753154385426,0.07143468988946554,0.08703188950829528,0.06805132065357689,0.06802027210444582,0.08567450291849006,0.08479082183490223,0.15643481791982927,0.07710557674882883,0.0704769146295957,0.11488293708714847,0.09097177252257405,0.11977952225581409,0.10489179352742435,0.05869942545565344,0.06508518761672881,0.10068038839251535,0.08192790517362968,0.10740119888232674,0.30887345330258653,0.09139704357932303,0.17896546060590715,0.08651955273530292,0.42794463719887205,0.13332970151119916,0.16041004160444366,0.07809193815869145,0.19882627215108606,0.305233951166858,0.10382063500582903,0.14922936860284797,0.06375665209139621,0.09541429502382592,0.09630452640869856,0.15646483091962776,0.09041876694750361,0.14501006151449136,0.08431686371607013,0.08778834088761044,0.07761289514188922,0.09148635549664923,0.09902376140491137,0.1201431455820799,0.12967341524734038,0.17990716821839062,0.1223687308397216,0.08462534022292899,0.07316248514393575,0.1233065657209204,0.1289014524421905,0.11104112882276664,0.12714148198611097,0.13324955400149135,0.0,0.14802909915478246,0.06798484225545469
VNM,0.2369851115088791,0.17924742126672158,0.1301583536112425,0.16049179386821144,0.15424436888574894,0.15516456387283434,0.11367671192839722,0.14145991882894315,0.1242388025277172,0.13423387757384647,0.31595440553682486,0.14177298741028033,0.15425632162670572,0.1369459478339086,0.11208163943342675,0.13236958440270535,0.13903901260750987,0.1947073427296204,0.13710108423328823,0.14804444114726092,0.2010963483266781,0.149342733433168,0.14869018528813624,0.1527070819171867,0.1774882172996349,0.1406794618170046,0.14232109375397264,0.13932366445260277,0.15205416344197054,0.1601367419960296,0.14228290422371417,0.216540895205017,0.13660283842252982,0.12282707668199767,0.13551422644133312,0.11762902326171187,0.15916452966693612,0.15584813860419164,0.1384624020351552,0.14059354511726296,0.1463127318233519,0.14704729178102874,0.15230045716357363,0.2867216875105485,0.12955702816039139,0.12402039692373355,0.14067164465708626,0.4800966509110892,0.1756652290632025,0.15004220442102598,0.1305792243048423,0.20017291896473294,0.2310294177405565,0.1476672782235548,0.16824568330703418,0.1502648334972224,0.15746626717313045,0.14502178621319847,0.12301085130538003,0.13006847836171914,0.14962342367109396,0.1386793598526559,0.14294769615829075,0.12926623704346119,0.14199055650802445,0.15374984837213745,0.1358352383001828,0.16460619118096478,0.23678422403180363,0.17181860061035126,0.15062472301604532,0.1514481151958021,0.10632691295774398,0.1294768087368568,0.12463518062698689,0.1330932734998918,0.12765007046385862,0.14802909915478246,0.0,0.1317520871870518
ZAF,0.213646739885646,0.139881638049822,0.08286448210217849,0.1084478989029106,0.09517787635366112,0.09144008510103414,0.14397479821615933,0.08366703658742798,0.12391031438649379,0.06313883920084092,0.2903739391080612,0.05885749705091442,0.09722636459071746,0.08577967755405172,0.08264776523941204,0.10629577534973018,0.09081668074740186,0.1935519364895703,0.08675852603303574,0.08268744726170746,0.16356749110111288,0.08473399947450999,0.07064318594921751,0.08894952926474452,0.1553566317115992,0.06839627479656987,0.08725091954801076,0.07008116380633791,0.08725698366017533,0.09987434743389433,0.08340091815314708,0.1716940508030716,0.06896528007798572,0.05983442215091349,0.09859040577926223,0.077467984582894,0.127142035908637,0.10606144092682233,0.07457240659097872,0.06912160959298388,0.0815080497713966,0.07475973668187513,0.10012813373428521,0.2979511207039846,0.0861549745109138,0.16278506169351745,0.07865674067638921,0.46297220335750866,0.13495966095336404,0.14151577226693218,0.06744050388168132,0.20154929511895545,0.29128787812914736,0.09657720925816042,0.14187911334597514,0.08104613470264731,0.10058615204573679,0.09805273379036719,0.14008446690782517,0.06919868133902304,0.12602183165432396,0.07966353707735098,0.08736831614561254,0.06632747455448024,0.08294032924460948,0.09020991495401752,0.10117065671291903,0.13458002669431954,0.1983758427223529,0.12269298374878483,0.08886481525730193,0.0822607396348406,0.10833436710889778,0.11062309023223156,0.09618448385632769,0.12697568502385123,0.11444222815049408,0.06798484225545469,0.1317520871870518,0.0
