,AGO,ARE,ARG,AUS,AUT,BEL,BGD,BGR,BLR,BRA,BRN,CAN,CHE,CHL,CHN,CIV,CMR,COD,COL,CRI,CYP,CZE,DEU,DNK,EGY,ESP,EST,FIN,FRA,GBR,GRC,HKG,HRV,HUN,IDN,IND,IRL,ISL,ISR,ITA,JOR,JPN,KAZ,KHM,KOR,LAO,LTU,LUX,LVA,MAR,MEX,MLT,MMR,MYS,NGA,NLD,NOR,NZL,PAK,PER,PHL,POL,PRT,ROU,RUS,SAU,SEN,SGP,STP,SVK,SVN,SWE,THA,TUN,TUR,TWN,UKR,USA,VNM,ZAF
AGO,0.0,0.19576414999704073,0.23516464955034852,0.22671734724788586,0.22420409925762722,0.23525814765722178,0.26881726435141556,0.2509096312397314,0.258482603639094,0.22829040224577457,0.3723919117394408,0.23603481774138793,0.22683177661517745,0.23289312115497884,0.2324103488960497,0.24941637578883533,0.2491925200347335,0.24800821447183202,0.23004093192903421,0.2597802521181252,0.28167248090069014,0.22597527535739817,0.23056896310547123,0.23595612025481788,0.24784085000584102,0.2342390564186459,0.23433720019663923,0.2341005404158623,0.22851781248303937,0.22234849934692946,0.24197078905146346,0.2807171018043293,0.23226751460218326,0.2435466844830331,0.2355849725598367,0.23462999019487113,0.2438273819921081,0.2656236715743602,0.2349480224832808,0.2281320001818378,0.2363523523635257,0.23260353215280766,0.25511445804557203,0.38744358581594934,0.24139613430798326,0.2655366443166667,0.24586290610148964,0.2918512704021407,0.267308488594363,0.2627822076791579,0.23098459872299612,0.2647143124289587,0.3972031402472372,0.23779552540075533,0.31142126740385634,0.23402054443821776,0.2280738113735749,0.2310299791625781,0.2562681905537176,0.2322341327615559,0.2773365110271103,0.23538643849917448,0.23156269905078083,0.24694777533143727,0.22646473048928506,0.23974806698804046,0.26474573541241236,0.2553105101585348,0.2939854651290762,0.22496399464727318,0.22774489632442563,0.2329028001637613,0.23349326245097013,0.2560891893870437,0.2308949560477238,0.2355531793133031,0.25814583049496403,0.2293216782534562,0.2502989577584707,0.23164680551506095
ARE,0.19576414999704073,0.0,0.13995197078545354,0.10045325660904048,0.11482779565119275,0.10977473402367013,0.1865807867579718,0.15992114299749563,0.1604806730125733,0.10926436522401053,0.2737760868835142,0.1314725007300293,0.13285298531794762,0.1398921992325444,0.1262399190260912,0.14770196759546755,0.15553684043329627,0.17020552080496487,0.1309976259588892,0.16909413199499035,0.19658838146186558,0.10573023794415329,0.11632566496529091,0.1268312148562124,0.14911558747643613,0.10953018570827378,0.13808491732182523,0.12392099685949301,0.1083912095142782,0.10447488539458118,0.14380037364344306,0.1924697120680322,0.11719320873458991,0.14958713077622668,0.1364433262578499,0.11089726743409638,0.1319678510731884,0.17371418575041558,0.12281648253453725,0.10629144008950692,0.1275342997940864,0.12458388686245436,0.18755284063496347,0.34424801857078746,0.1373074704510678,0.20171345375594946,0.16810403526261208,0.20758679013267203,0.18510483158443303,0.17377621753746997,0.12183145934947945,0.17613729965705846,0.36017026127251617,0.13896574768500497,0.24563046805511102,0.10992649795727863,0.11128323900519022,0.12014314903212928,0.20543143512666734,0.1283185433966188,0.1928947510051617,0.1282914358921562,0.11200844536490134,0.17210868533341273,0.1167654805681525,0.13518992410734101,0.17303746323641264,0.13392050161876823,0.21587715082395786,0.1216937641155933,0.10519083849350488,0.12453973135324889,0.13276171611385623,0.16869612695366654,0.1271475993785375,0.1282427141777174,0.17856936299122142,0.11841041348592965,0.16758998575607778,0.12058282332874341
ARG,0.23516464955034852,0.13995197078545354,0.0,0.10745725502590248,0.10245261143627399,0.11486166089207368,0.15268355518689564,0.14485842584463576,0.10290436654615516,0.08430433351458416,0.32399987485189236,0.11656890765389995,0.12075317522808522,0.12246160918341388,0.0900746530947826,0.1003791365897922,0.08637370910031898,0.10937179675386176,0.07842332132195105,0.10131046515265178,0.1916110395318206,0.09698186357111438,0.10905587493574817,0.08843710132398662,0.12129814219353179,0.10020371433053779,0.09221872789401547,0.10170460347880218,0.09886086549878804,0.10534573175255038,0.0934775902112677,0.20653901703202762,0.08585609816380543,0.07582521421337995,0.08444592291847149,0.08734517429122723,0.11698459896907767,0.17529343248902277,0.11230479057309928,0.09767243601900653,0.09899566321396122,0.11037312826917874,0.1812332433206112,0.31229647089360424,0.10990909782105565,0.1516350025987569,0.11530378986860253,0.21112986848749185,0.16715535677673488,0.09721069074280807,0.08723182873942274,0.16789696796848697,0.3123849009452998,0.10247213391582953,0.21059430663111775,0.1097278566740318,0.10704220715980789,0.08771353876327649,0.14777883630713096,0.10622580439119203,0.1140439625545772,0.09042351886190778,0.11453765091750862,0.10438899016102479,0.1026262433477975,0.13251445522596447,0.09772316078658203,0.1600931422572255,0.21561832966896724,0.10849899804840189,0.11006602043968125,0.10713024220117517,0.08762162044359796,0.09829273333072057,0.09052691935260086,0.10061003851540912,0.1179857474326871,0.10303593384983638,0.10473551777461938,0.10358549679442426
AUS,0.22671734724788586,0.10045325660904048,0.10745725502590248,0.0,0.06908463387865181,0.06400534574027768,0.15250197398763385,0.1320107386521523,0.13054062731080224,0.09616065686608574,0.320606909560193,0.10053417787997919,0.09406494111768007,0.10683757408137697,0.09609019732147844,0.11487672411010003,0.11633113244966102,0.13941565866309905,0.09553294346313713,0.12656945822194451,0.1741308221669593,0.05765163816944527,0.08077218836450817,0.08250222775901264,0.158928378000734,0.05795419616930723,0.0918751056271164,0.08802869466499609,0.056316302651578595,0.05646295829799683,0.09492078779709205,0.17312266423651035,0.06809553109219037,0.10216017422852909,0.10602518462521536,0.08750352054442749,0.08418286712086268,0.1495048325424618,0.08956405077169369,0.062051588581715895,0.09739536542431566,0.09018627591024107,0.17245560260047568,0.3215846978870592,0.10787497217658372,0.16686355097190708,0.12594550863972953,0.18086823824183695,0.15355728103864005,0.13652595179862645,0.09071618459526827,0.1571934265800386,0.32895933561920376,0.12106372000014164,0.21394522658125728,0.05680144553050936,0.07545738955879647,0.0650593566914364,0.167784873079268,0.09844925991390842,0.15596412188564535,0.07562367158976548,0.06136400089989762,0.13110941323295186,0.0992129412721962,0.11504288821569583,0.12694134798170606,0.1419897340602179,0.18892584948379137,0.07986869385069335,0.05917596299410905,0.08871424778965543,0.10708637826834025,0.13149988993454542,0.08966665495806916,0.09530702955274886,0.14087753665584885,0.0806290468897973,0.13579763226833236,0.0877214274009729
AUT,0.22420409925762722,0.11482779565119275,0.10245261143627399,0.06908463387865181,0.0,0.06959926418762875,0.15909734404695683,0.12261163010609509,0.13242804685431245,0.0800976329944879,0.3171690923373294,0.08180135994258901,0.06091670225740957,0.08771971795822978,0.0813170582160457,0.10975639852549937,0.11507239350254653,0.14393665119278107,0.08386010997859224,0.1181554785524314,0.16701900856798424,0.05065167251538729,0.05510324463499422,0.05875774397207687,0.15323140848050462,0.06611322241880101,0.09097234094123402,0.06613767569116735,0.05162474314211009,0.04796720580785099,0.08125613607412575,0.16777483277277078,0.07889298291308972,0.09636519599022922,0.0959426246789912,0.09320955392145228,0.1059412791820103,0.14893996394896244,0.06851148240634788,0.05437212221020353,0.09590946402536794,0.0660519657406055,0.17210913086099827,0.32528998728352065,0.0869150589076127,0.17256138965585044,0.1313829917543472,0.17266743958477557,0.1560815682401136,0.13112840832574044,0.08156915027998868,0.14609616828581884,0.345397776885046,0.116901862225216,0.21899587045796282,0.07018283247692175,0.0693791478166352,0.06100931341561238,0.1664998221877631,0.09593928414130848,0.1555516132553562,0.0855871194478881,0.07656095789530862,0.13715873977943874,0.08916579803244071,0.11405982819988873,0.13138803638049965,0.12920281049666502,0.18270372908865412,0.06791592333108837,0.0642072535044963,0.05780649067402788,0.09036173894630121,0.12679279185798317,0.07115042555254998,0.07278797819051352,0.14602889643721806,0.05908841095392305,0.1400192441132218,0.07071432412104182
BEL,0.23525814765722178,0.10977473402367013,0.11486166089207368,0.06400534574027768,0.06959926418762875,0.0,0.15957537323185994,0.1367482295825836,0.13757269795289925,0.09411100472033017,0.31958161028794124,0.09868253317302628,0.09699513256956224,0.10041217022088485,0.09279606939420493,0.11773268471317372,0.12196834431310137,0.15137816374518628,0.10117255166306945,0.12491235746848221,0.1742327923299825,0.058724230846199016,0.07086811921107453,0.08161256744794741,0.16514146109581587,0.06332814832920346,0.09926574291049511,0.08806651242035912,0.05446889641850933,0.053951943680320885,0.10101778535360063,0.17443162257154632,0.08130304156217688,0.10697843335309759,0.1131508514827646,0.10058465291519089,0.10842328956115582,0.1589188724298363,0.08192494814766008,0.052616238623225044,0.10863531965721229,0.08534171814842326,0.17741587302414144,0.3286756482044219,0.09938459501294167,0.18637917580773916,0.14465593238203622,0.180626345939972,0.1546040752896676,0.13981233775794077,0.09054700092004102,0.1562889207754151,0.3495364492058144,0.12457615343647169,0.2139942630462164,0.050602205575595686,0.07872181014594327,0.07569958941982635,0.1894220702094449,0.10607746892799264,0.16279519927143155,0.08904577986189822,0.06656986193597184,0.14988039115584081,0.10200547266362693,0.11954784140348723,0.12894285408320855,0.13649115840775913,0.19345762961354177,0.08126492996520117,0.05743964575634439,0.08264543604410822,0.10946392367168163,0.136859156011786,0.09099385846715874,0.08964793303527466,0.15188859079014158,0.07444808033276579,0.14679081266896812,0.08953199809034192
BGD,0.26881726435141556,0.1865807867579718,0.15268355518689564,0.15250197398763385,0.15909734404695683,0.15957537323185994,0.0,0.1821467947027965,0.1476017574598561,0.15493072061503568,0.35070879758582035,0.17004495531308228,0.1743105881189509,0.1747091896437643,0.13417113638063194,0.14691764364855192,0.15148819037633135,0.17145505974819794,0.15486239352146738,0.15717672274081546,0.21340265628359006,0.14718317343893675,0.16221380311811265,0.15481946734987284,0.19773628460969442,0.14916986560791395,0.14146463740599102,0.1623792495556793,0.15132374745662147,0.15749321457447624,0.14628218300500603,0.23205327942102677,0.14246298213832662,0.14621710815542072,0.15813014148799234,0.14644474765352744,0.15793286135958123,0.19598000175753083,0.16798759211279124,0.13695275954903793,0.155421912769103,0.1629332001531374,0.2209817590139865,0.30729132310728885,0.14633027106738736,0.17352906150262742,0.14928183436535652,0.2342072534564148,0.1943792434241017,0.16675077218033724,0.1547005531353173,0.18931005756629943,0.2946256693484666,0.18726222489072705,0.2368071334657032,0.16307015579422526,0.16216495523498806,0.1462621135684901,0.17680673451290158,0.16319509915298153,0.17794806078957545,0.1328453826888945,0.13461250202421307,0.14920397251111367,0.1686094417851687,0.18750827230493322,0.15974939760141513,0.20195365774382815,0.2393629515109953,0.15549548217727488,0.1480712934740046,0.16451486565562984,0.147593952334646,0.12145835858618585,0.133299356572897,0.14654868247646738,0.1621431456151752,0.16099768139966356,0.11756441660838814,0.16551763196272534
BGR,0.2509096312397314,0.15992114299749563,0.14485842584463576,0.1320107386521523,0.12261163010609509,0.1367482295825836,0.1821467947027965,0.0,0.16072228449455392,0.13725235359479224,0.33112027242387826,0.1322634669509614,0.13249181466183088,0.14068553933367733,0.13339916257865667,0.14423665864039673,0.1511687276307174,0.1686913180905068,0.13477058569127393,0.16425271171081166,0.20297983158665245,0.12431348873586305,0.11512371793921287,0.12238641072783325,0.18643426245562833,0.13922534691737048,0.1333472431606777,0.12424329837279412,0.11923784072784452,0.12480773268984108,0.1291514677978242,0.20524345517327744,0.13250192128732668,0.13511891805119378,0.14998818661899196,0.13567491282667613,0.1496936464292498,0.18492717316580093,0.12282988230357593,0.12582799458429086,0.13988239776869196,0.12784277731351892,0.19813349801642902,0.32005354422701965,0.1386463482267091,0.18487244775322376,0.15851675411726618,0.21448787320712367,0.18102622141969382,0.1697743203385388,0.12872617812068043,0.18488420515409898,0.32865882069407615,0.16221419870244322,0.23728605453465063,0.13486951358778568,0.1242614028630969,0.12266691050419096,0.18969815769156673,0.14034958816862,0.1884982138419665,0.1288979735393558,0.14687834690533785,0.15727499800759262,0.13390785334417027,0.1628678865418187,0.1626634686401103,0.1666972450676262,0.2199845920623969,0.13382529172760912,0.1262985760119402,0.11674820791023088,0.14621358349965652,0.1624140493282582,0.12927634854188572,0.12826289150838624,0.15756679595155257,0.11310568707583253,0.16342817854516678,0.12465135841773421
BLR,0.258482603639094,0.1604806730125733,0.10290436654615516,0.13054062731080224,0.13242804685431245,0.13757269795289925,0.1476017574598561,0.16072228449455392,0.0,0.11721250505556319,0.3177745177772888,0.14689712565037077,0.15200977646931316,0.1529761202930597,0.1189208824243757,0.09338966096959095,0.10434055242087205,0.11067290448918503,0.11394379511418168,0.11466569443007454,0.2038194985002329,0.11930301126298623,0.14098328462756385,0.11699215267621209,0.16780247341377122,0.11915230142622156,0.09623226867027421,0.12874906104800385,0.12511812951834417,0.13936523247280191,0.11045400755664304,0.2247795160603072,0.09539330327793157,0.06396750604865484,0.11469611208713915,0.1130057215356191,0.12505259427364726,0.19443197040493335,0.14673853924828129,0.12683136053165306,0.11832725487714241,0.14392987064256443,0.21320247004985746,0.299933001320126,0.13480008439320085,0.1376202309859507,0.08855729613223844,0.2270804401023146,0.17525783551769353,0.09675719881154225,0.1282773023395853,0.1812421385469939,0.2764637292799019,0.14457434777210948,0.18925147866113848,0.13206444567603634,0.1343892027719299,0.10999985751492966,0.13776796247737463,0.14346926734301674,0.09844446611259729,0.0938241781862557,0.1288363317573691,0.08555516078145688,0.1423149966286693,0.1770894761526612,0.09103075296877149,0.17459797459605753,0.23207627762934327,0.12460893220667953,0.13329410067682257,0.13937085546345537,0.11063552546306508,0.09228148220711238,0.12009630607210954,0.13066639177772102,0.11346414653303495,0.14124501998880062,0.10487762463457109,0.13760045343681626
BRA,0.22829040224577457,0.10926436522401053,0.08430433351458416,0.09616065686608574,0.0800976329944879,0.09411100472033017,0.15493072061503568,0.13725235359479224,0.11721250505556319,0.0,0.28773997232840726,0.09907217572594994,0.09688264883810771,0.10372291541280915,0.08309856825482616,0.1023679796626812,0.11020314750593727,0.13931785291999677,0.08555645819796456,0.11920943986378978,0.1830829851796455,0.08317859974167434,0.083338600152849,0.08353456629700394,0.128308350852973,0.09293061455362568,0.09941148431783697,0.08877974273622849,0.07977316418229168,0.08257794465438811,0.09919912430011667,0.18596021060551443,0.08894245690589611,0.09494466937276505,0.09187059218874254,0.08629512047368397,0.12003099955822456,0.1644880836295992,0.08957708342382262,0.07654646736314458,0.09849755519768008,0.08630951575981768,0.17473074660511922,0.32378996858112,0.09582276369324653,0.1679626110707329,0.12478109359167018,0.19572152660109737,0.16428140822318732,0.12454282766524011,0.08188627465632066,0.1549182453125226,0.3333955998534367,0.1110056564677363,0.22007008960093682,0.09821084741804682,0.09144915656424488,0.08337994036039212,0.1610381533874828,0.09793057240936619,0.14668461144653328,0.09302590731044859,0.09980988542713136,0.12993171601977127,0.09005106312174134,0.12303167024587588,0.13010633528072074,0.12082769091340906,0.2020489748380802,0.09057916993927048,0.08963057686517747,0.08820327760463836,0.0831800013458875,0.11903638573364826,0.08151774037695314,0.0845604931658689,0.13816245182130857,0.08037306326958416,0.12783715312400445,0.07995673952295901
BRN,0.3723919117394408,0.2737760868835142,0.32399987485189236,0.320606909560193,0.3171690923373294,0.31958161028794124,0.35070879758582035,0.33112027242387826,0.3177745177772888,0.28773997232840726,0.0,0.31907333453753367,0.3220134778557764,0.32061478844388347,0.3170646358818333,0.3139155562670398,0.3280070605757717,0.34361568293505823,0.3190597702016332,0.3413157252558921,0.35488864843636786,0.3173746399891026,0.31341031270574726,0.3196552809871371,0.3034303639865627,0.3223351963096917,0.3258514002487113,0.3165668612840752,0.3154381603803537,0.3159856580528185,0.3266908040229063,0.3548829747136635,0.3188705367853669,0.3279118336521353,0.3211698200408784,0.30382019115333886,0.3313141671585193,0.3452001889585781,0.31369661508935953,0.3134393558603472,0.31539965345386445,0.3160170462057471,0.3409070504764708,0.4505747065995706,0.323508576554237,0.3542033577366309,0.33183548138169117,0.3601088225584285,0.34742552323477294,0.3431311309898736,0.3185813951090389,0.3437611904052794,0.4627095104654839,0.3182444968574811,0.38341867135248325,0.322608250959875,0.314351467230146,0.3203487740059102,0.3568978017067856,0.31079092815070447,0.35292815175617426,0.32137242022230783,0.32534200144566605,0.3399044992653577,0.30821297058535135,0.32236899381386447,0.34608470562003074,0.2812116407761411,0.361349805918606,0.3185655238597139,0.31721319155257555,0.3171308219194079,0.3134131037203179,0.33662251647947566,0.31763574613177115,0.31876930712710916,0.3408119875934813,0.3137005524510086,0.33542348019227125,0.30693829413940477
CAN,0.23603481774138793,0.1314725007300293,0.11656890765389995,0.10053417787997919,0.08180135994258901,0.09868253317302628,0.17004495531308228,0.1322634669509614,0.14689712565037077,0.09907217572594994,0.31907333453753367,0.0,0.10395244233225427,0.11474270195249921,0.0953549625251309,0.1230340121977549,0.12999533838421384,0.15495757036965,0.1047279467731273,0.1415909440104335,0.18003515540868267,0.09074473980157416,0.07775782975973375,0.08679838298429096,0.16414323111957216,0.09486073392397078,0.10769217398600392,0.0806144551214377,0.08144681511414419,0.08390213622664534,0.10482289184342641,0.18023628668570468,0.10379244394465353,0.11522703963869162,0.11584079711760314,0.11207462020138527,0.12555678198256248,0.1619248384258075,0.0884319812056013,0.0864609759572413,0.11278166603493232,0.07866671179392314,0.1809863807753602,0.32750352825248175,0.09615290756734587,0.18414444252494674,0.1517336752594193,0.1858475091512324,0.16671224385547279,0.14560991687036712,0.09238622278436216,0.15533936363697315,0.3447550880114448,0.1267373748413983,0.22458976331986058,0.10082418161868181,0.09166606876798679,0.09461011858794258,0.18844764418367066,0.10789093732814851,0.1731311093936199,0.10685237398656255,0.11184434205850156,0.1523498953704542,0.10524811482535514,0.1321826396316819,0.14999015586949918,0.13673333822597092,0.19258117143622955,0.10160145684335092,0.08722361326266413,0.07581839217285151,0.1083910940022639,0.1432556568790998,0.09485779393225441,0.08834731639798013,0.15287995501446497,0.07150138399418517,0.15110042154906284,0.08647149480938819
CHE,0.22683177661517745,0.13285298531794762,0.12075317522808522,0.09406494111768007,0.06091670225740957,0.09699513256956224,0.1743105881189509,0.13249181466183088,0.15200977646931316,0.09688264883810771,0.3220134778557764,0.10395244233225427,0.0,0.09727215007256831,0.10258175870703203,0.12929765286724015,0.13424753323398625,0.16155819314597622,0.10195963022248347,0.13684376629179906,0.17501947055790876,0.08445125923505832,0.07408838022977708,0.08476943469429267,0.16601745281467042,0.10164815045546625,0.10824143876485792,0.09452874477853315,0.07868783125847245,0.06953728682884651,0.10611404587183314,0.16438749992046203,0.09985161184196163,0.1173011593247326,0.12026846395895355,0.11756284870244092,0.12321543139266186,0.15949344385550837,0.08136658060542196,0.0830440082798144,0.11765916155703264,0.08818236000697258,0.17853704176553295,0.3357398444326421,0.10583315184031583,0.18200438823954987,0.14076468415034216,0.18050449054301393,0.1651243877829753,0.15330916550059295,0.09728188702727941,0.1465109913267789,0.3497711749677675,0.1324292507497067,0.22741911692995087,0.09450648061443301,0.09283055873738841,0.08410123600406941,0.1674869837402203,0.11493555513167734,0.17563063362934123,0.10810945561111272,0.10306545375795435,0.1494999589845191,0.10621773089424999,0.1275873380951453,0.15263478897575486,0.12451336703366546,0.19420866970427872,0.08725988866203013,0.09147760299706353,0.08299994473307179,0.10841577488473254,0.14868753369627055,0.09933715027197097,0.0902724883748582,0.16094858916004348,0.07886076475968468,0.1559735945975763,0.09627050522552136
CHL,0.23289312115497884,0.1398921992325444,0.12246160918341388,0.10683757408137697,0.08771971795822978,0.10041217022088485,0.1747091896437643,0.14068553933367733,0.1529761202930597,0.10372291541280915,0.32061478844388347,0.11474270195249921,0.09727215007256831,0.0,0.10765145022734308,0.12919362011584934,0.13331213363099073,0.1572358761774329,0.10890544407288985,0.14729641819443587,0.18813983638419737,0.09832599487963652,0.09662286944328904,0.10108550501108111,0.16714108211657372,0.11235312396351226,0.11558472834033558,0.10582132768061496,0.09516464606915252,0.09081752474750435,0.10948354729282188,0.1932696475090982,0.11322800124706191,0.12189911391759602,0.12263467685422204,0.12367926388581768,0.1362378788992577,0.1576726577519214,0.09653914180216787,0.09555404586817091,0.12167102018786946,0.10445048756885383,0.18387035545157251,0.33649187702352285,0.11517374262709547,0.17738310721716954,0.1478746795304941,0.20530460976352846,0.17146942621034553,0.15436600807232062,0.1107411216853636,0.163944784082789,0.3473509137026186,0.14373389037319342,0.22896157728264366,0.10752569914020402,0.10050254294201798,0.09693009165678994,0.17668754512843635,0.09191337072630192,0.17543705668734738,0.11761816979641387,0.11583831099316479,0.154416643046999,0.11374021931452093,0.14365032002180725,0.14443937995232517,0.1467647652177194,0.21215330453433298,0.10443598377527022,0.10086265406822639,0.09620381883394567,0.11591864749942365,0.1487081693870761,0.10353015431545369,0.10822029543339537,0.1637474331035095,0.09526780571378432,0.15323237998049163,0.10316483434010601
CHN,0.2324103488960497,0.1262399190260912,0.0900746530947826,0.09609019732147844,0.0813170582160457,0.09279606939420493,0.13417113638063194,0.13339916257865667,0.1189208824243757,0.08309856825482616,0.3170646358818333,0.0953549625251309,0.10258175870703203,0.10765145022734308,0.0,0.10450161380432803,0.10928763447697315,0.13871082718074268,0.08313614818740968,0.12242025570211042,0.18228750959423082,0.07366489605275184,0.07701454132189678,0.0852697795125643,0.1444967534913197,0.08176641609529481,0.0927340646396626,0.07952468914850533,0.08152788141004196,0.08638687247674112,0.09917300740429286,0.17953566779435443,0.08636513404493895,0.09292740080677624,0.09056137233133486,0.0864683246910186,0.12042390225368065,0.1595466746870795,0.08799096088286303,0.0662885041266608,0.08760056309265038,0.07188684064980572,0.17836823477538366,0.3155186714665192,0.05337351222684546,0.17075146436362706,0.13317759065427962,0.19795321390176984,0.1620362270773029,0.12207076276439277,0.06744298652928747,0.12799496126376586,0.33526517764344543,0.1156625843686543,0.21258479173042813,0.1034981572174041,0.09017322649593097,0.08903075394362765,0.1704592103169727,0.09622295176096701,0.15222338829979645,0.08862682354193334,0.09148970392122596,0.12879816816738496,0.09504502389081457,0.12846635364872455,0.12828808715324078,0.13068534417259417,0.20702683477903214,0.08549577705434794,0.07751153051431936,0.08516395462386009,0.06949853336952579,0.10744393424319151,0.06158394465958411,0.05673902388030577,0.13549442009835946,0.0785341392371595,0.1155401246309271,0.08407316636168348
CIV,0.24941637578883533,0.14770196759546755,0.1003791365897922,0.11487672411010003,0.10975639852549937,0.11773268471317372,0.14691764364855192,0.14423665864039673,0.09338966096959095,0.1023679796626812,0.3139155562670398,0.1230340121977549,0.12929765286724015,0.12919362011584934,0.10450161380432803,0.0,0.08877405747063491,0.1270053609406042,0.098184824816926,0.11112893324262918,0.19211163831626232,0.10319323081519678,0.11409908355688426,0.09611268229502001,0.16462050853149585,0.10577813100445126,0.07875122882106078,0.10483334378600917,0.10440107038178902,0.11550068083933623,0.10272184705316954,0.2084375817224456,0.0892067151129872,0.0785232810634158,0.10271255139908422,0.11172698697303218,0.1287664852465184,0.179006521109194,0.11908980255957657,0.1020027316882107,0.10019102144127667,0.12081138834365926,0.19445601084829253,0.3190271841025557,0.11767769613789586,0.15680486622543863,0.10796885410083278,0.21523810309537286,0.1572665567158989,0.1165046192638158,0.10797261604570056,0.16663691284627696,0.3124376234926978,0.12529976387885783,0.1699917840835577,0.11767202830812894,0.10526249057646618,0.09216209184473208,0.1649325339597134,0.11545260819879365,0.12466629616040134,0.08622406819396175,0.11272990549149937,0.11891606111055278,0.11788498780511236,0.1534735875914417,0.10383337842825487,0.1567865056441164,0.21726864773345425,0.10719842680583884,0.11307466826903613,0.11020514173651133,0.10411716312134803,0.11134337770272645,0.10010541595706196,0.11234840306909372,0.12917089864474038,0.11464628533724337,0.12048507071462178,0.11275430567762626
CMR,0.2491925200347335,0.15553684043329627,0.08637370910031898,0.11633113244966102,0.11507239350254653,0.12196834431310137,0.15148819037633135,0.1511687276307174,0.10434055242087205,0.11020314750593727,0.3280070605757717,0.12999533838421384,0.13424753323398625,0.13331213363099073,0.10928763447697315,0.08877405747063491,0.0,0.11402029704563463,0.092826915617479,0.09552344842234567,0.19434843529549536,0.10798991836347252,0.12146730850344652,0.09703660416594027,0.15882431031351307,0.10403014551811084,0.09094001011861409,0.11664730351891629,0.10901539416452932,0.11794368712100271,0.09644637323586723,0.2117697528410704,0.09318848183834573,0.0832836180827296,0.09194300586293092,0.10853722170522138,0.1295047898199084,0.17881243567430952,0.12474555687754615,0.10849920428224649,0.10827944251346412,0.12580549883725034,0.19141978213602334,0.32554485928845606,0.12379113309556802,0.16199278189594735,0.1245373028556255,0.21766622924642376,0.1664023456027801,0.10553131851613334,0.11030526412302176,0.17103536018784632,0.3205494747203901,0.12211554433006133,0.19422028568866667,0.11844635481188813,0.11340013171704673,0.0947612406735168,0.16842857880913767,0.11715347689245986,0.11311335456885205,0.09584945449440081,0.11597315174144647,0.12335184657492389,0.12243079470405187,0.15090131205634538,0.08679800301007212,0.17117229200968395,0.22196329595294997,0.12103708253661111,0.12149006963915891,0.11970125916621174,0.10071220909022353,0.09299427392662908,0.10587614794793127,0.11749577669320886,0.1352542215070262,0.12006441410829281,0.11898473957588572,0.11851638076611021
COD,0.24800821447183202,0.17020552080496487,0.10937179675386176,0.13941565866309905,0.14393665119278107,0.15137816374518628,0.17145505974819794,0.1686913180905068,0.11067290448918503,0.13931785291999677,0.34361568293505823,0.15495757036965,0.16155819314597622,0.1572358761774329,0.13871082718074268,0.1270053609406042,0.11402029704563463,0.0,0.13065619893601876,0.11829342020279937,0.21309743699709757,0.1350733172142678,0.14973109589871078,0.1256813628665605,0.18262370546136916,0.13625911083380127,0.1196381829617985,0.14202176504828523,0.13676541995068117,0.1486144440256115,0.12316322649403046,0.22876094626092885,0.11860046597849154,0.09950944671985966,0.12062294215062061,0.13320244876251383,0.13126769582280098,0.19998306311901914,0.15402956161276393,0.14107150919291667,0.13729010533668262,0.1536288167181685,0.21053649686861997,0.31684747274606456,0.14929292021452767,0.153831071114318,0.13115378931293847,0.23518416812881113,0.18668397043634516,0.11086733516767959,0.13825106217518873,0.19414539446810802,0.3017153506584348,0.1567634640433767,0.21895807393586988,0.14473153303679887,0.14402176725756807,0.12288569898128743,0.1679317801040401,0.14299961910812856,0.11219473416218395,0.11817874977058311,0.1476599454539706,0.12259546176128279,0.15275032270500905,0.17851437987887797,0.10715655389335761,0.1959753749908594,0.23703334340774587,0.14634730290745418,0.1477467299451367,0.1459589956576439,0.13205696371532896,0.11014329210764001,0.13332144752647157,0.14570272632913808,0.13518020747816703,0.14795900454733285,0.1318462815583223,0.14534310956692745
COL,0.23004093192903421,0.1309976259588892,0.07842332132195105,0.09553294346313713,0.08386010997859224,0.10117255166306945,0.15486239352146738,0.13477058569127393,0.11394379511418168,0.08555645819796456,0.3190597702016332,0.1047279467731273,0.10195963022248347,0.10890544407288985,0.08313614818740968,0.098184824816926,0.092826915617479,0.13065619893601876,0.0,0.11461558832218846,0.1825646071983455,0.08315647257541098,0.09062305460008657,0.08235187609625237,0.13163319853165034,0.08757094566393898,0.08277839345581846,0.09361607438274654,0.08192987542537433,0.0847107814510336,0.09655784371588252,0.1932262893707622,0.08256163428815093,0.08116891531654846,0.09396076109356533,0.09740862936530384,0.11874247439313933,0.1633854176608771,0.0951624552528516,0.08352973789960128,0.08409388030706914,0.0979707761119483,0.17123397447732483,0.3261718964481152,0.10205805945232956,0.1619711402307307,0.1189266840928569,0.20170988793744576,0.16084426372993288,0.11656463798084152,0.08502236062173475,0.1570558020829846,0.3315893780160469,0.09850385147730877,0.19792901063911578,0.09868318991104046,0.09155489282901214,0.08459062311903494,0.1603357643222116,0.09373913428577685,0.13757809058575265,0.0896784572432326,0.10009363902047308,0.12300135252946637,0.09315592757823622,0.1206900703337871,0.11377031275294275,0.14903803914215266,0.20315535420470565,0.08824350389888508,0.09405453012552795,0.09735615730704096,0.08548411251946207,0.11193918697632792,0.08097042637371321,0.09106588668844115,0.13594154211437345,0.08663595452350407,0.12044335775901858,0.0893916597458673
CRI,0.2597802521181252,0.16909413199499035,0.10131046515265178,0.12656945822194451,0.1181554785524314,0.12491235746848221,0.15717672274081546,0.16425271171081166,0.11466569443007454,0.11920943986378978,0.3413157252558921,0.1415909440104335,0.13684376629179906,0.14729641819443587,0.12242025570211042,0.11112893324262918,0.09552344842234567,0.11829342020279937,0.11461558832218846,0.0,0.19717334683118093,0.11503597946455663,0.12890563673767044,0.09590089112017,0.17371285801600245,0.11414012121871016,0.10733964624105385,0.12707024854283652,0.11568955577213456,0.12602831585100244,0.10188508503115269,0.2050456829038069,0.10214575091962441,0.09076023087364093,0.09894874925984,0.1261039950856746,0.13272529949438056,0.18874323562153097,0.13327837773067053,0.11442325009047721,0.1286386358571181,0.13615123719854613,0.19937711202628086,0.3356792131489346,0.13172887040564055,0.1640230732916016,0.13391505174960772,0.21530674277707368,0.18288251870586816,0.09865766370707447,0.11740645372166321,0.17784605368786346,0.3322477414213111,0.13910450322078416,0.2093818569924326,0.11936703782040033,0.1235307053238545,0.10130911509605604,0.17679850844734835,0.13407853387133023,0.09685615423478101,0.10036571601347219,0.11673080224519651,0.13939507865187142,0.13688576273847033,0.14744202435397383,0.08804876068934117,0.1781439122303366,0.2205194565530173,0.1289505218088856,0.12896534145457017,0.1306016690155672,0.11052033627227144,0.09617256700158232,0.11659637176560539,0.1249729113704594,0.14956910547044225,0.12892782195684163,0.13191726286092226,0.12917657970678872
CYP,0.28167248090069014,0.19658838146186558,0.1916110395318206,0.1741308221669593,0.16701900856798424,0.1742327923299825,0.21340265628359006,0.20297983158665245,0.2038194985002329,0.1830829851796455,0.35488864843636786,0.18003515540868267,0.17501947055790876,0.18813983638419737,0.18228750959423082,0.19211163831626232,0.19434843529549536,0.21309743699709757,0.1825646071983455,0.19717334683118093,0.0,0.1730994842527988,0.16495196850905008,0.1575515537035191,0.21487726883972827,0.1704494866319132,0.1564830669895882,0.17159432103855127,0.1657568281934465,0.16565451074154938,0.17399868299794982,0.2266622222092804,0.173402981164873,0.1872087372186,0.18634204918667718,0.18204324689816925,0.1864269926034835,0.21049709446274392,0.1713382264009172,0.16999410339780674,0.18078624651887068,0.1761082616751097,0.23606240887009203,0.36304976053255833,0.17749261183204407,0.2298213275195023,0.20475408536663858,0.21208579335402375,0.19737588658363023,0.20096130766230952,0.18320504508652646,0.21477064493033454,0.3709548570191929,0.1885257524000431,0.26526231041021475,0.16754021911347122,0.15211291646840688,0.17338622155045907,0.2351091203537679,0.1854472231184728,0.22238583354796265,0.18132114316659997,0.18219551063156159,0.20977019368745692,0.18483673663949388,0.2004188990220865,0.2044867688579059,0.17781561088314235,0.22074836731570574,0.18071345953419823,0.17701809017784773,0.16999506578224535,0.1870852000891725,0.19947888235892705,0.17693020561148076,0.17254650043991984,0.21440089235349843,0.17159766009562433,0.20877256048236495,0.17720556275275529
CZE,0.22597527535739817,0.10573023794415329,0.09698186357111438,0.05765163816944527,0.05065167251538729,0.058724230846199016,0.14718317343893675,0.12431348873586305,0.11930301126298623,0.08317859974167434,0.3173746399891026,0.09074473980157416,0.08445125923505832,0.09832599487963652,0.07366489605275184,0.10319323081519678,0.10798991836347252,0.1350733172142678,0.08315647257541098,0.11503597946455663,0.1730994842527988,0.0,0.06624109189769911,0.06923262011128592,0.15228091134008254,0.052189894273794044,0.08378041695320777,0.07260335789855746,0.05315443961710616,0.055721015642012275,0.08991559723226362,0.17687724091741544,0.06375949734887491,0.08833370047209198,0.09253277928233529,0.0817207066087041,0.09937067455849889,0.15338844571336105,0.08248771822703657,0.04688314718071188,0.09094036886729112,0.07162765648916714,0.1744294293235033,0.311737754443915,0.08563194948080265,0.16889781622576233,0.12474767420309764,0.18550532109580836,0.15216868092370445,0.12439811325696497,0.08084899758377044,0.14795561434907598,0.3388791510095355,0.11609527967157558,0.210338629735767,0.06415441867739077,0.07163230197329726,0.06031032433559055,0.16707381984218989,0.0982824306251901,0.14637835823968137,0.06853644778470283,0.05932868130464351,0.12673468666395182,0.09005710786280957,0.11868674544632708,0.11841295673439976,0.137996306817625,0.1966323113200814,0.05442784421931661,0.05199851184173331,0.06862970795360113,0.09150541128364617,0.11770645508490557,0.06708757012945595,0.07578280568745688,0.13351182056069955,0.07321422352269709,0.12982993210310367,0.07448862536538024
DEU,0.23056896310547123,0.11632566496529091,0.10905587493574817,0.08077218836450817,0.05510324463499422,0.07086811921107453,0.16221380311811265,0.11512371793921287,0.14098328462756385,0.083338600152849,0.31341031270574726,0.07775782975973375,0.07408838022977708,0.09662286944328904,0.07701454132189678,0.11409908355688426,0.12146730850344652,0.14973109589871078,0.09062305460008657,0.12890563673767044,0.16495196850905008,0.06624109189769911,0.0,0.06498925457546216,0.15669400375030584,0.07476617003944847,0.09485535406250102,0.06880906178791782,0.05014990916582845,0.05106896630901007,0.09251596883206455,0.16954909564451323,0.08732953971373353,0.10368014792445328,0.10189950007337202,0.09627374652460152,0.11313259894495435,0.15106265314004544,0.06318119426852233,0.053202473430759956,0.09617809007654277,0.056981715921250016,0.170450227099678,0.32940738297272426,0.08244956877571843,0.1800266182141013,0.14496542006368676,0.17221230303492074,0.1462359649713011,0.1365239788460146,0.07819413746515849,0.14827512901585585,0.34750845231091465,0.1165792390961263,0.2185688798031685,0.07593108959543217,0.0711505287559817,0.07663231318717702,0.18510365867869974,0.09450542411259719,0.1685475408800298,0.09203831152534986,0.09123739485452677,0.14810505115245412,0.0885576680540138,0.11570575523526687,0.14011272417375048,0.12261862092834039,0.1831809412570771,0.08142729888277131,0.06241453824579261,0.060978955920540576,0.09974096322996213,0.13335954862985416,0.07623259022280866,0.06959627178138227,0.14928337797487187,0.047504313503518976,0.1451698139488235,0.06939021057112646
DNK,0.23595612025481788,0.1268312148562124,0.08843710132398662,0.08250222775901264,0.05875774397207687,0.08161256744794741,0.15481946734987284,0.12238641072783325,0.11699215267621209,0.08353456629700394,0.3196552809871371,0.08679838298429096,0.08476943469429267,0.10108550501108111,0.0852697795125643,0.09611268229502001,0.09703660416594027,0.1256813628665605,0.08235187609625237,0.09590089112017,0.1575515537035191,0.06923262011128592,0.06498925457546216,0.0,0.15193085792645494,0.07319541299005469,0.07504598697877748,0.07015417666599919,0.061823194428454395,0.06872916268307602,0.06605868333234163,0.17697087847410053,0.07173982803450789,0.07954726055910258,0.08373167875860352,0.0929873448250431,0.10449173705046154,0.1531038530527741,0.07357418999384507,0.06465766841777794,0.09094684561040157,0.07782050770235574,0.1749543930444141,0.324696550089473,0.0894703576812974,0.1626251724375711,0.12601317163632736,0.17951692627740748,0.15580981053122278,0.11236660699456678,0.07909512549197362,0.1504659362653702,0.33207000156047994,0.110581765857374,0.20366306533333542,0.07369313808178934,0.06641521601466249,0.06232842083480508,0.1707858949734447,0.09662456421918349,0.13246347959208196,0.07813405248667635,0.09227038435609242,0.1295934837488409,0.09146724712241908,0.11986672583890644,0.10796940728003757,0.13133049597179786,0.18962717717999245,0.08892596840867002,0.07918699746822619,0.06797639844777749,0.09179546313674326,0.11161783212510516,0.07744834363827142,0.07537309275884563,0.13438044414212122,0.06648539097558241,0.12914792303736283,0.07741414233799347
EGY,0.24784085000584102,0.14911558747643613,0.12129814219353179,0.158928378000734,0.15323140848050462,0.16514146109581587,0.19773628460969442,0.18643426245562833,0.16780247341377122,0.128308350852973,0.3034303639865627,0.16414323111957216,0.16601745281467042,0.16714108211657372,0.1444967534913197,0.16462050853149585,0.15882431031351307,0.18262370546136916,0.13163319853165034,0.17371285801600245,0.21487726883972827,0.15228091134008254,0.15669400375030584,0.15193085792645494,0.0,0.15967219299478413,0.15535790777329656,0.15858921393675668,0.15615350062981784,0.15259880410241286,0.162391459163759,0.23240836927944478,0.15307985919086697,0.157620053068275,0.14924284091197879,0.14045410119401627,0.17629949276336118,0.20412214594395417,0.1610975414235541,0.14965757077739658,0.15048801423302646,0.15837371813760573,0.20361233042146532,0.341900776191432,0.1615890557061348,0.20658093458355936,0.17721832056038975,0.23878476237691448,0.20210710163944162,0.17484165515234046,0.14319169178367866,0.20414163153672568,0.35710151112522387,0.1331511450056039,0.25829628823288525,0.16288014050441094,0.15048768745481342,0.1551582826876906,0.19473136885209963,0.15059521321167005,0.18701281960135788,0.1599628106859324,0.16550558363508813,0.17114275669117773,0.12695613294402985,0.15424431085837811,0.1779662068659647,0.17472434889080476,0.2446897927500891,0.15707438594258163,0.1600530867119209,0.1587916684474004,0.13994018738951258,0.16673309731704666,0.1488430570598754,0.15607777617480076,0.17881826381529958,0.15281937362539316,0.1646486707332692,0.15329037863800823
ESP,0.2342390564186459,0.10953018570827378,0.10020371433053779,0.05795419616930723,0.06611322241880101,0.06332814832920346,0.14916986560791395,0.13922534691737048,0.11915230142622156,0.09293061455362568,0.3223351963096917,0.09486073392397078,0.10164815045546625,0.11235312396351226,0.08176641609529481,0.10577813100445126,0.10403014551811084,0.13625911083380127,0.08757094566393898,0.11414012121871016,0.1704494866319132,0.052189894273794044,0.07476617003944847,0.07319541299005469,0.15967219299478413,0.0,0.08735447354543993,0.08295244747008851,0.057309630691203144,0.06399455855186208,0.08741747452417405,0.18151142675685822,0.06666323028349805,0.0934141600407802,0.09059968376178881,0.08958877544148511,0.09793034421787752,0.15573500346865934,0.09081277869849355,0.05568621552844708,0.08868525735120347,0.0812119338831305,0.183346767460921,0.32980580627105865,0.09265426290931293,0.17404232163079988,0.13256223953499044,0.18632509737872147,0.15842540375278097,0.11865568741935643,0.08563461678874777,0.15025368873471526,0.34051419899194607,0.1172532759616612,0.2054318048544868,0.06393812064916055,0.07857518891101702,0.06867497163932673,0.18010219490484022,0.10058582809821304,0.14420481906491914,0.07881684960034208,0.05472495150715476,0.13591115096157952,0.10323157142817917,0.12420991336868621,0.11387044891538253,0.1434284008438803,0.19483479578658577,0.08332110269455324,0.06052870067453851,0.08570790698684545,0.09099932442054914,0.1173426896792901,0.07911989108801425,0.0839888122424072,0.14661766470593166,0.08332124110395797,0.13247110156022388,0.08779496753599968
EST,0.23433720019663923,0.13808491732182523,0.09221872789401547,0.0918751056271164,0.09097234094123402,0.09926574291049511,0.14146463740599102,0.1333472431606777,0.09623226867027421,0.09941148431783697,0.3258514002487113,0.10769217398600392,0.10824143876485792,0.11558472834033558,0.0927340646396626,0.07875122882106078,0.09094001011861409,0.1196381829617985,0.08277839345581846,0.10733964624105385,0.1564830669895882,0.08378041695320777,0.09485535406250102,0.07504598697877748,0.15535790777329656,0.08735447354543993,0.0,0.09175829713460015,0.08407393332568269,0.0920502287604381,0.08739393463369555,0.19387729513400404,0.06717875926037672,0.06896174575117922,0.09730741593614821,0.10036844316080396,0.1097691476024487,0.15893009144574613,0.1028555384890478,0.0843395947876017,0.08974947594468895,0.10282073188229542,0.18059909177693412,0.30934104099661835,0.10649682672053125,0.14376063004218517,0.0897770749756384,0.20176831288245267,0.13957949182508675,0.11431568522038556,0.09508497664579213,0.15512539958057084,0.3019758013105794,0.11665513355535932,0.17375154253200834,0.09577898220473412,0.08165704251701826,0.0784493852320639,0.14795974249107785,0.10811011590284442,0.12730198516496946,0.06613570184645684,0.09874161125977744,0.10135554154052984,0.09750136122483856,0.1336957300585978,0.09889532714523075,0.14688470133529918,0.2035915742843847,0.08517699519156982,0.09171061113677118,0.09703671050708318,0.09647342679543874,0.1094664705954759,0.0855932823390096,0.09531895263174842,0.11462343030560733,0.0963128221971016,0.11319101516890889,0.09939329300306513
FIN,0.2341005404158623,0.12392099685949301,0.10170460347880218,0.08802869466499609,0.06613767569116735,0.08806651242035912,0.1623792495556793,0.12424329837279412,0.12874906104800385,0.08877974273622849,0.3165668612840752,0.0806144551214377,0.09452874477853315,0.10582132768061496,0.07952468914850533,0.10483334378600917,0.11664730351891629,0.14202176504828523,0.09361607438274654,0.12707024854283652,0.17159432103855127,0.07260335789855746,0.06880906178791782,0.07015417666599919,0.15858921393675668,0.08295244747008851,0.09175829713460015,0.0,0.0731501041549562,0.07605050419801308,0.09615190560847094,0.17689158920164283,0.08409617619429871,0.09783917488998946,0.09940284930023607,0.09767390387540628,0.11541969578900078,0.15606369382025914,0.08392858317256652,0.07136579673306293,0.09738170310515151,0.06922496693460996,0.17604417426695843,0.3149706405750915,0.0848635892286424,0.17287348857151444,0.13669043033021383,0.1903327100634278,0.15492563216555522,0.13594464894214178,0.08202248814612986,0.14496995509136196,0.3363953379557014,0.12285035455813224,0.21575181773748556,0.09036338224747151,0.06988013263672746,0.07858588906703129,0.17742852417099175,0.09890759876091783,0.1593468300892732,0.08522254049494433,0.09823681542224079,0.1377115818755022,0.09547599919575513,0.12806453329100684,0.13473975859778556,0.1299361437093331,0.19906281461118155,0.0818147294547916,0.07356626692444707,0.05248361473026794,0.09905032413703427,0.12976292767240197,0.08075398992293346,0.07280616321497561,0.13607563936548908,0.06793370500110038,0.13822833670732873,0.08016106018895178
FRA,0.22851781248303937,0.1083912095142782,0.09886086549878804,0.056316302651578595,0.05162474314211009,0.05446889641850933,0.15132374745662147,0.11923784072784452,0.12511812951834417,0.07977316418229168,0.3154381603803537,0.08144681511414419,0.07868783125847245,0.09516464606915252,0.08152788141004196,0.10440107038178902,0.10901539416452932,0.13676541995068117,0.08192987542537433,0.11568955577213456,0.1657568281934465,0.05315443961710616,0.05014990916582845,0.061823194428454395,0.15615350062981784,0.057309630691203144,0.08407393332568269,0.0731501041549562,0.0,0.03719748806049334,0.08362563552879745,0.16610585498997246,0.06831947170602652,0.08973540140844043,0.0966182777745362,0.0845637783018295,0.09036331331003153,0.15037366824344278,0.06460280893185655,0.04575963258909903,0.09358816146962481,0.06928051176430117,0.17073942798914724,0.3243374538546479,0.08711240149373618,0.1674242798099751,0.12782075820167213,0.1675591723591813,0.15054932969901905,0.12354832869157119,0.07620365666866401,0.14645516960332475,0.3350827792232692,0.11068503985087566,0.2105583778400611,0.05051244129553894,0.06857751821466145,0.056365036964106656,0.17181278722409432,0.09204904569726718,0.15048881108046852,0.07700208848841245,0.07145133022471349,0.1327985969606719,0.09069544992817362,0.11521877598390859,0.12229134819453039,0.1258513767711189,0.1763588271171129,0.07463353782492303,0.05487992631774551,0.06888388137947468,0.09203757052342752,0.12100863750882697,0.07527361558669299,0.07529732068167855,0.13884376568842124,0.05220564192956644,0.1329960453200786,0.0706062905602115
GBR,0.22234849934692946,0.10447488539458118,0.10534573175255038,0.05646295829799683,0.04796720580785099,0.053951943680320885,0.15749321457447624,0.12480773268984108,0.13936523247280191,0.08257794465438811,0.3159856580528185,0.08390213622664534,0.06953728682884651,0.09081752474750435,0.08638687247674112,0.11550068083933623,0.11794368712100271,0.1486144440256115,0.0847107814510336,0.12602831585100244,0.16565451074154938,0.055721015642012275,0.05106896630901007,0.06872916268307602,0.15259880410241286,0.06399455855186208,0.0920502287604381,0.07605050419801308,0.03719748806049334,0.0,0.09178858646812352,0.1634967000903578,0.07717162960309465,0.10407788976552662,0.10683346360189389,0.09188116376368051,0.09663626384673084,0.14893805981479513,0.06505799152696475,0.04700964624752889,0.09986108053654758,0.07274451899396624,0.16757366277913527,0.32946412915708395,0.09349966174161072,0.17725518264619558,0.13685749433683767,0.16455221805107573,0.15138139851191565,0.14026641339128604,0.08104095388118199,0.14884987450707485,0.344022327961225,0.11155585276392195,0.21723561183423926,0.05198249016310419,0.06844781502278575,0.06569514319590705,0.17492144995694212,0.09324483985351478,0.1652991936384429,0.08576098431607511,0.07348282077916596,0.14175899374796083,0.08823313338489862,0.1085167460998253,0.13552801211463605,0.12536876957288917,0.1775947691202117,0.07514044130386462,0.056225553497957347,0.06840652326778109,0.10008265883656804,0.1339891301489006,0.08190942635309643,0.07917189084769688,0.14798140174281788,0.05247194412875597,0.14222746571133932,0.0741406077788227
GRC,0.24197078905146346,0.14380037364344306,0.0934775902112677,0.09492078779709205,0.08125613607412575,0.10101778535360063,0.14628218300500603,0.1291514677978242,0.11045400755664304,0.09919912430011667,0.3266908040229063,0.10482289184342641,0.10611404587183314,0.10948354729282188,0.09917300740429286,0.10272184705316954,0.09644637323586723,0.12316322649403046,0.09655784371588252,0.10188508503115269,0.17399868299794982,0.08991559723226362,0.09251596883206455,0.06605868333234163,0.162391459163759,0.08741747452417405,0.08739393463369555,0.09615190560847094,0.08362563552879745,0.09178858646812352,0.0,0.1948902838607332,0.08286323479919479,0.07980995885550099,0.09392700273831164,0.09913702312609374,0.10760157909560586,0.16571775620417628,0.09139668805631106,0.08727964784446221,0.0993345951797971,0.09891096216157434,0.18454321142490848,0.30712234699108987,0.1055464739945639,0.143587042142501,0.11399892415107467,0.19264252857244174,0.1589668223125971,0.10916265123480888,0.10352167874348762,0.16396106477525937,0.3032504596073369,0.134186227188684,0.21039742734568725,0.09488208855020071,0.09803982408298482,0.07829628447513345,0.154072058443962,0.11020437396982324,0.12759631091894347,0.08288695488729977,0.10541668245629919,0.11343937356300546,0.10971628588860459,0.13706854972978313,0.10282530123831918,0.15166519195215264,0.19846483838137607,0.10678367736957746,0.09563226094768675,0.09413456193229178,0.10171258940227379,0.10565712744446416,0.08674784733619978,0.09546314454812245,0.12217949597894126,0.093014629513973,0.12026224403854224,0.1005607552415627
HKG,0.2807171018043293,0.1924697120680322,0.20653901703202762,0.17312266423651035,0.16777483277277078,0.17443162257154632,0.23205327942102677,0.20524345517327744,0.2247795160603072,0.18596021060551443,0.3548829747136635,0.18023628668570468,0.16438749992046203,0.1932696475090982,0.17953566779435443,0.2084375817224456,0.2117697528410704,0.22876094626092885,0.1932262893707622,0.2050456829038069,0.2266622222092804,0.17687724091741544,0.16954909564451323,0.17697087847410053,0.23240836927944478,0.18151142675685822,0.19387729513400404,0.17689158920164283,0.16610585498997246,0.1634967000903578,0.1948902838607332,0.0,0.18559113760308787,0.2004434205094458,0.2008748858778318,0.19014641666216786,0.17822738117120102,0.22026362326558352,0.16250101336418465,0.17136889286030674,0.19772330587480869,0.17456955259445928,0.2303346696451432,0.3718413599501573,0.1600539662191326,0.24581526589302977,0.22204398649439808,0.20579054413800596,0.2285397591565846,0.22405595711333526,0.15733150082905567,0.15184416057632039,0.38784797133074883,0.18217065423104206,0.27913571396765596,0.16919234569927408,0.17512408829082976,0.18044131070546385,0.24960494719477547,0.1921719700037593,0.23453545769446346,0.18616237093842142,0.179248434261887,0.22707675357655183,0.18819354844263095,0.18225870348809442,0.2259293157045615,0.15415546135643785,0.2158036099655559,0.1827321425452236,0.17460356545284617,0.1776240511792409,0.17168249772214264,0.21924280650817557,0.1899884257218081,0.15865537355754744,0.2259485820923027,0.16118477917502447,0.21985262525730806,0.17735883984072945
HRV,0.23226751460218326,0.11719320873458991,0.08585609816380543,0.06809553109219037,0.07889298291308972,0.08130304156217688,0.14246298213832662,0.13250192128732668,0.09539330327793157,0.08894245690589611,0.3188705367853669,0.10379244394465353,0.09985161184196163,0.11322800124706191,0.08636513404493895,0.0892067151129872,0.09318848183834573,0.11860046597849154,0.08256163428815093,0.10214575091962441,0.173402981164873,0.06375949734887491,0.08732953971373353,0.07173982803450789,0.15307985919086697,0.06666323028349805,0.06717875926037672,0.08409617619429871,0.06831947170602652,0.07717162960309465,0.08286323479919479,0.18559113760308787,0.0,0.06683079618251961,0.09074126678465425,0.08274946715108346,0.08770084991399912,0.15885322287200382,0.09445769956183683,0.0686051627905983,0.08437674502947573,0.09528676503370385,0.17842749533604357,0.31142025204762425,0.1032660322851683,0.14657130262450319,0.10086836133049454,0.19410413144368002,0.1508040540011582,0.10917794170561293,0.08741636000180979,0.15122157916098553,0.30901581175267706,0.11603061246552143,0.19684681763825396,0.07461236790969668,0.07923955577592906,0.06454915373159398,0.15202543459972723,0.10278826214544827,0.12443341163534608,0.05584858796162891,0.07691796526151329,0.10818940901086534,0.097666667410014,0.12396754461296527,0.0999043405379572,0.142045117659653,0.19803285896219938,0.0799693229923207,0.07156217106479369,0.08998207637788543,0.09259275624308488,0.10301798832860407,0.08385271446737683,0.09084181534099303,0.11978189216034045,0.0871662216634098,0.11349968425697401,0.0899589156668768
HUN,0.2435466844830331,0.14958713077622668,0.07582521421337995,0.10216017422852909,0.09636519599022922,0.10697843335309759,0.14621710815542072,0.13511891805119378,0.06396750604865484,0.09494466937276505,0.3279118336521353,0.11522703963869162,0.1173011593247326,0.12189911391759602,0.09292740080677624,0.0785232810634158,0.0832836180827296,0.09950944671985966,0.08116891531654846,0.09076023087364093,0.1872087372186,0.08833370047209198,0.10368014792445328,0.07954726055910258,0.157620053068275,0.0934141600407802,0.06896174575117922,0.09783917488998946,0.08973540140844043,0.10407788976552662,0.07980995885550099,0.2004434205094458,0.06683079618251961,0.0,0.08847043803607099,0.09437485063730222,0.10577915702735194,0.1727833176175601,0.10990205962499579,0.09461664594243845,0.09413894899248051,0.1096075881802748,0.18787960389878142,0.30172507964524237,0.1082063663382646,0.12960199525628713,0.08493095574220376,0.203836523201935,0.15789513726541185,0.08306366368561285,0.09579817686444318,0.16355565254056964,0.2892243060265919,0.11995819175641992,0.1857352388282483,0.10229586592184652,0.1030856579366942,0.07879131838070269,0.13645353216562067,0.11338769669429412,0.0971885674619574,0.06310390024295795,0.10809507711139174,0.08530589076408124,0.11000287244703419,0.14385926572066862,0.0787850027648107,0.1597879877209272,0.20771402765216168,0.09513772747448983,0.10129149999906138,0.10456738399844923,0.09126154790224286,0.08460382597283664,0.08880455181432448,0.09935067339852312,0.10142058646462442,0.10263011589501651,0.10278934111160191,0.10298319546342244
IDN,0.2355849725598367,0.1364433262578499,0.08444592291847149,0.10602518462521536,0.0959426246789912,0.1131508514827646,0.15813014148799234,0.14998818661899196,0.11469611208713915,0.09187059218874254,0.3211698200408784,0.11584079711760314,0.12026846395895355,0.12263467685422204,0.09056137233133486,0.10271255139908422,0.09194300586293092,0.12062294215062061,0.09396076109356533,0.09894874925984,0.18634204918667718,0.09253277928233529,0.10189950007337202,0.08373167875860352,0.14924284091197879,0.09059968376178881,0.09730741593614821,0.09940284930023607,0.0966182777745362,0.10683346360189389,0.09392700273831164,0.2008748858778318,0.09074126678465425,0.08847043803607099,0.0,0.09980953839065553,0.12267093985460477,0.1674805495329952,0.1102571919661025,0.09273433977097173,0.09719692012622579,0.09948516282532577,0.1887772325494702,0.33211427623685685,0.10388652429714107,0.16319206689816623,0.13294016117123666,0.20958509020515312,0.17290514094947762,0.09825064745519776,0.09421208905867653,0.16052785292527186,0.33454179371384396,0.11758829996805273,0.2159716530705788,0.11007763165157483,0.10304747006780454,0.08807080450643243,0.1729486206589527,0.11045169291870853,0.11875783666503546,0.09445539972813988,0.1044056572326308,0.1320002218406853,0.11145111392806413,0.13929985007631884,0.09891265766436194,0.15631362525911527,0.21790828934871445,0.11180768921052767,0.10502958642364167,0.10515269939113052,0.08901662489473541,0.09658851223481352,0.08687296778091438,0.09704839304551938,0.14346624469692273,0.1039548186666287,0.12261677001925657,0.10438283816317835
IND,0.23462999019487113,0.11089726743409638,0.08734517429122723,0.08750352054442749,0.09320955392145228,0.10058465291519089,0.14644474765352744,0.13567491282667613,0.1130057215356191,0.08629512047368397,0.30382019115333886,0.11207462020138527,0.11756284870244092,0.12367926388581768,0.0864683246910186,0.11172698697303218,0.10853722170522138,0.13320244876251383,0.09740862936530384,0.1261039950856746,0.18204324689816925,0.0817207066087041,0.09627374652460152,0.0929873448250431,0.14045410119401627,0.08958877544148511,0.10036844316080396,0.09767390387540628,0.0845637783018295,0.09188116376368051,0.09913702312609374,0.19014641666216786,0.08274946715108346,0.09437485063730222,0.09980953839065553,0.0,0.09849606522295051,0.16643043221808024,0.09904423343298555,0.08570659189100634,0.09566109632808073,0.10010591473540444,0.1820023350170729,0.29819703050816215,0.10565227033058462,0.15521637954775974,0.12370430625032072,0.1908391611835741,0.16522068943300344,0.11495853303607896,0.09577792670298162,0.16336640321598755,0.31075801175620443,0.1175644560542484,0.2256273513577654,0.09565268992656373,0.10203840589103706,0.08954397571549648,0.15392066488944878,0.11125697832698365,0.14297882987939806,0.08922489125181124,0.10160675881846556,0.11357222963433274,0.1031334195308241,0.13068256302785658,0.12381644803990828,0.1401779937076337,0.19675649584557842,0.10072269936008717,0.09053407517980475,0.1025218166601107,0.10047110825494078,0.11232814199311116,0.0819531858548109,0.09559638390269712,0.1241060129378256,0.09738668147737645,0.11605030148090212,0.09470307250054012
IRL,0.2438273819921081,0.1319678510731884,0.11698459896907767,0.08418286712086268,0.1059412791820103,0.10842328956115582,0.15793286135958123,0.1496936464292498,0.12505259427364726,0.12003099955822456,0.3313141671585193,0.12555678198256248,0.12321543139266186,0.1362378788992577,0.12042390225368065,0.1287664852465184,0.1295047898199084,0.13126769582280098,0.11874247439313933,0.13272529949438056,0.1864269926034835,0.09937067455849889,0.11313259894495435,0.10449173705046154,0.17629949276336118,0.09793034421787752,0.1097691476024487,0.11541969578900078,0.09036331331003153,0.09663626384673084,0.10760157909560586,0.17822738117120102,0.08770084991399912,0.10577915702735194,0.12267093985460477,0.09849606522295051,0.0,0.1701647283401689,0.11155134826074753,0.10445165184347902,0.11677998886106535,0.12315193916234436,0.19579614279229024,0.3154287585440791,0.12581993334434055,0.15680443223153573,0.12910641768850947,0.1841694948418563,0.16755079662352457,0.1285451334579198,0.11872231722700027,0.16532557517656266,0.3071433837431006,0.1359867740113242,0.22770009315348042,0.09369546845748403,0.11261080155515768,0.0946956295140525,0.16552444142907013,0.1303322761370921,0.14338271852095968,0.09840980775245994,0.1046980826970961,0.12715693063170358,0.1310992278904631,0.14363466208809553,0.12762922200504953,0.15338332463450108,0.18996085440162802,0.11798849986270254,0.10346968806076157,0.1183434916313994,0.12110027770748426,0.12501433701622613,0.11670711576607576,0.11692355004233883,0.13839169007224048,0.10801687800737576,0.13237359581382907,0.11768053097299538
ISL,0.2656236715743602,0.17371418575041558,0.17529343248902277,0.1495048325424618,0.14893996394896244,0.1589188724298363,0.19598000175753083,0.18492717316580093,0.19443197040493335,0.1644880836295992,0.3452001889585781,0.1619248384258075,0.15949344385550837,0.1576726577519214,0.1595466746870795,0.179006521109194,0.17881243567430952,0.19998306311901914,0.1633854176608771,0.18874323562153097,0.21049709446274392,0.15338844571336105,0.15106265314004544,0.1531038530527741,0.20412214594395417,0.15573500346865934,0.15893009144574613,0.15606369382025914,0.15037366824344278,0.14893805981479513,0.16571775620417628,0.22026362326558352,0.15885322287200382,0.1727833176175601,0.1674805495329952,0.16643043221808024,0.1701647283401689,0.0,0.15921851541445162,0.15197613087673,0.1580601518553664,0.15543977974044157,0.21777164795611267,0.3516814287932689,0.1672368714985773,0.21711371036661858,0.1949546230153221,0.20676743608157538,0.202832541202547,0.19434308648158966,0.16060378879072795,0.20231111540533966,0.35835602409144296,0.1827853363258582,0.25740500089039564,0.15849587055992415,0.13739764625252907,0.14844708097784473,0.22292503616716927,0.16770652291707533,0.21289821246488627,0.1601657473360273,0.1633285973009797,0.1992763682693244,0.16093263966116633,0.18126586298672348,0.1796535047944813,0.1864874484392214,0.22888332971839934,0.15776512411012983,0.15371257144849643,0.1553015859161981,0.16940246804384204,0.1876755630541029,0.15793551558539662,0.15980579429727496,0.2023061117402631,0.15161804350010477,0.18731026951347407,0.15860356056332975
ISR,0.2349480224832808,0.12281648253453725,0.11230479057309928,0.08956405077169369,0.06851148240634788,0.08192494814766008,0.16798759211279124,0.12282988230357593,0.14673853924828129,0.08957708342382262,0.31369661508935953,0.0884319812056013,0.08136658060542196,0.09653914180216787,0.08799096088286303,0.11908980255957657,0.12474555687754615,0.15402956161276393,0.0951624552528516,0.13327837773067053,0.1713382264009172,0.08248771822703657,0.06318119426852233,0.07357418999384507,0.1610975414235541,0.09081277869849355,0.1028555384890478,0.08392858317256652,0.06460280893185655,0.06505799152696475,0.09139668805631106,0.16250101336418465,0.09445769956183683,0.10990205962499579,0.1102571919661025,0.09904423343298555,0.11155134826074753,0.15921851541445162,0.0,0.07068463614027413,0.10125958390145341,0.07525947062304421,0.1726314407343429,0.33211311130786225,0.087568106270917,0.18413776296554474,0.14957565414513357,0.17501183996157454,0.16451021231333662,0.1448356420961289,0.0855369067052568,0.14416297349464152,0.34816782155022596,0.11821486613926045,0.2199085921133897,0.08207239578282649,0.07984239372596962,0.08267849716660286,0.1886478056920512,0.09954120520510885,0.1709485149599668,0.10393200140133764,0.10474639656842719,0.15221996126586676,0.09579289723555552,0.11653186236296419,0.14465172962164588,0.11199988864135627,0.1822060446368977,0.09672757115870521,0.07838955358041721,0.07522492553244554,0.10347724626409104,0.14039484279203576,0.08758280501348902,0.07530932610493732,0.15344093580694643,0.05527962490295923,0.14946912239001378,0.07637112942127522
ITA,0.2281320001818378,0.10629144008950692,0.09767243601900653,0.062051588581715895,0.05437212221020353,0.052616238623225044,0.13695275954903793,0.12582799458429086,0.12683136053165306,0.07654646736314458,0.3134393558603472,0.0864609759572413,0.0830440082798144,0.09555404586817091,0.0662885041266608,0.1020027316882107,0.10849920428224649,0.14107150919291667,0.08352973789960128,0.11442325009047721,0.16999410339780674,0.04688314718071188,0.053202473430759956,0.06465766841777794,0.14965757077739658,0.05568621552844708,0.0843395947876017,0.07136579673306293,0.04575963258909903,0.04700964624752889,0.08727964784446221,0.17136889286030674,0.0686051627905983,0.09461664594243845,0.09273433977097173,0.08570659189100634,0.10445165184347902,0.15197613087673,0.07068463614027413,0.0,0.08982415254114902,0.06615234077508077,0.17011347114822242,0.32508185784673155,0.0786598851895176,0.1746534049837215,0.13269121124984865,0.17941847509696002,0.15118692940541734,0.13061664574150877,0.07216505070493284,0.1435558900435621,0.3413901305030545,0.11414165558637658,0.20995865604960112,0.06409349761521849,0.0676002843264947,0.0655966441366579,0.17610130587371026,0.08957448280424737,0.15526296210289106,0.07526803940251937,0.0583156790443824,0.13754961583290373,0.08686624202659293,0.1111331812494493,0.12486708735859522,0.12892065595065638,0.1927058946206786,0.07076878880134026,0.047688934787539605,0.06938508307922855,0.08928718432766386,0.11688407397956026,0.06602270096763219,0.06829278316051564,0.14215277274568935,0.05955705821851184,0.12865088137129346,0.0735840787346156
JOR,0.2363523523635257,0.1275342997940864,0.09899566321396122,0.09739536542431566,0.09590946402536794,0.10863531965721229,0.155421912769103,0.13988239776869196,0.11832725487714241,0.09849755519768008,0.31539965345386445,0.11278166603493232,0.11765916155703264,0.12167102018786946,0.08760056309265038,0.10019102144127667,0.10827944251346412,0.13729010533668262,0.08409388030706914,0.1286386358571181,0.18078624651887068,0.09094036886729112,0.09617809007654277,0.09094684561040157,0.15048801423302646,0.08868525735120347,0.08974947594468895,0.09738170310515151,0.09358816146962481,0.09986108053654758,0.0993345951797971,0.19772330587480869,0.08437674502947573,0.09413894899248051,0.09719692012622579,0.09566109632808073,0.11677998886106535,0.1580601518553664,0.10125958390145341,0.08982415254114902,0.0,0.09935077555555404,0.18400145738153742,0.3208374121322893,0.10811217066315419,0.1601285019632156,0.12426099292892417,0.2061410049903108,0.1633365201984338,0.11545497173473396,0.09650802105846179,0.1595125200324039,0.32494256575556896,0.1169072307089084,0.19779485870613772,0.10866641379525291,0.09528278679677447,0.09474081137563649,0.1730283244051332,0.10359156745310305,0.14831765621707024,0.09089139023477345,0.10543007024697185,0.12933998010964662,0.09409520789920936,0.13386188860990716,0.12500768883349614,0.1513931651067063,0.21133357925411306,0.09896695558798957,0.09493673087655177,0.10277091841416168,0.10057956861837018,0.12457513285619243,0.08131940195008618,0.09591085021054557,0.13569812484407456,0.09924951941786339,0.1269435319572208,0.09978014225198409
JPN,0.23260353215280766,0.12458388686245436,0.11037312826917874,0.09018627591024107,0.0660519657406055,0.08534171814842326,0.1629332001531374,0.12784277731351892,0.14392987064256443,0.08630951575981768,0.3160170462057471,0.07866671179392314,0.08818236000697258,0.10445048756885383,0.07188684064980572,0.12081138834365926,0.12580549883725034,0.1536288167181685,0.0979707761119483,0.13615123719854613,0.1761082616751097,0.07162765648916714,0.056981715921250016,0.07782050770235574,0.15837371813760573,0.0812119338831305,0.10282073188229542,0.06922496693460996,0.06928051176430117,0.07274451899396624,0.09891096216157434,0.17456955259445928,0.09528676503370385,0.1096075881802748,0.09948516282532577,0.10010591473540444,0.12315193916234436,0.15543977974044157,0.07525947062304421,0.06615234077508077,0.09935077555555404,0.0,0.17463651991617798,0.31399475645238917,0.07461771740707063,0.18273937784459074,0.147884484131493,0.1870453455066207,0.16184736483186632,0.14017765640719348,0.0790333860860776,0.14549080029231207,0.3474815933327247,0.1268665314632562,0.2260963733923145,0.09765481016981716,0.08103650468182763,0.08955023125128575,0.18455089584356693,0.09909375600465846,0.1733415415168134,0.09937802872215067,0.0969624837185811,0.14810112926627594,0.09202846498497387,0.12232478576299628,0.14634181257077522,0.12730887205580313,0.19573384669862373,0.08179261410277999,0.06912347757632792,0.06529808276686387,0.0923169890798774,0.1355572648743877,0.07080548859837912,0.06261853622792947,0.14401565653171214,0.06267465366029704,0.14611558946974718,0.07491660773167676
KAZ,0.25511445804557203,0.18755284063496347,0.1812332433206112,0.17245560260047568,0.17210913086099827,0.17741587302414144,0.2209817590139865,0.19813349801642902,0.21320247004985746,0.17473074660511922,0.3409070504764708,0.1809863807753602,0.17853704176553295,0.18387035545157251,0.17836823477538366,0.19445601084829253,0.19141978213602334,0.21053649686861997,0.17123397447732483,0.19937711202628086,0.23606240887009203,0.1744294293235033,0.170450227099678,0.1749543930444141,0.20361233042146532,0.183346767460921,0.18059909177693412,0.17604417426695843,0.17073942798914724,0.16757366277913527,0.18454321142490848,0.2303346696451432,0.17842749533604357,0.18787960389878142,0.1887772325494702,0.1820023350170729,0.19579614279229024,0.21777164795611267,0.1726314407343429,0.17011347114822242,0.18400145738153742,0.17463651991617798,0.0,0.3555364632757691,0.1875051269324271,0.22728599867374163,0.2068150275409138,0.24223011760450244,0.21757163749332956,0.2141957664259684,0.1743132607751189,0.2196692693223739,0.3665482742225303,0.18335066731302882,0.265830538087598,0.18063977033909026,0.17302612108474863,0.1755332254632061,0.23202485730272454,0.1707956853512209,0.22923947985268373,0.1763928609242126,0.18527909363875936,0.20952917685364794,0.16563091157220086,0.13583799135612187,0.21327046191840832,0.20431691880500066,0.24697992669140942,0.17789540198417528,0.17159119756335398,0.17319814034238434,0.1882452308040747,0.20424566001986175,0.1764579107624971,0.17978295594241486,0.2049135459944357,0.16795854165329607,0.16870547695208832,0.16942900661290794
KHM,0.38744358581594934,0.34424801857078746,0.31229647089360424,0.3215846978870592,0.32528998728352065,0.3286756482044219,0.30729132310728885,0.32005354422701965,0.299933001320126,0.32378996858112,0.4505747065995706,0.32750352825248175,0.3357398444326421,0.33649187702352285,0.3155186714665192,0.3190271841025557,0.32554485928845606,0.31684747274606456,0.3261718964481152,0.3356792131489346,0.36304976053255833,0.311737754443915,0.32940738297272426,0.324696550089473,0.341900776191432,0.32980580627105865,0.30934104099661835,0.3149706405750915,0.3243374538546479,0.32946412915708395,0.30712234699108987,0.3718413599501573,0.31142025204762425,0.30172507964524237,0.33211427623685685,0.29819703050816215,0.3154287585440791,0.3516814287932689,0.33211311130786225,0.32508185784673155,0.3208374121322893,0.31399475645238917,0.3555364632757691,0.0,0.3204852480369528,0.2828135592675253,0.2858473184207338,0.364007946364382,0.3278328044598892,0.31848871333467976,0.3245814557474317,0.35568873576750404,0.2842576814219252,0.33966185785432695,0.35879269075385234,0.33301163746526674,0.3319683979578262,0.3216700117870266,0.28487205982986546,0.3335324183915508,0.329267674705856,0.2981294156354071,0.3345419185497858,0.262121802338589,0.32193468660911034,0.34482389550070586,0.3198240084311877,0.3509093053365419,0.36977366418735763,0.29917637909744366,0.3202288997077102,0.3204280184277977,0.3261414930803963,0.3182911590199248,0.3050581353039345,0.3130540480697981,0.23060349798310403,0.32776365205709596,0.2980572817899822,0.32284576839523554
KOR,0.24139613430798326,0.1373074704510678,0.10990909782105565,0.10787497217658372,0.0869150589076127,0.09938459501294167,0.14633027106738736,0.1386463482267091,0.13480008439320085,0.09582276369324653,0.323508576554237,0.09615290756734587,0.10583315184031583,0.11517374262709547,0.05337351222684546,0.11767769613789586,0.12379113309556802,0.14929292021452767,0.10205805945232956,0.13172887040564055,0.17749261183204407,0.08563194948080265,0.08244956877571843,0.0894703576812974,0.1615890557061348,0.09265426290931293,0.10649682672053125,0.0848635892286424,0.08711240149373618,0.09349966174161072,0.1055464739945639,0.1600539662191326,0.1032660322851683,0.1082063663382646,0.10388652429714107,0.10565227033058462,0.12581993334434055,0.1672368714985773,0.087568106270917,0.0786598851895176,0.10811217066315419,0.07461771740707063,0.1875051269324271,0.3204852480369528,0.0,0.18475027485117473,0.14897725709403273,0.19445268018609746,0.16887799199625106,0.133171125193692,0.07116549038155116,0.10978836001491046,0.34654710789021526,0.1266030629966148,0.22181811595545323,0.10796371078899794,0.09541815038682,0.09956376015753343,0.18561544245949405,0.11123946311299333,0.16050776198060396,0.10503436903743354,0.10207976799487838,0.14577661650851043,0.11050791014709427,0.1395666251475094,0.13960795805670292,0.12037328256571539,0.2056635426947168,0.09792928074253242,0.09014088826988186,0.08732847242771745,0.07370820522430761,0.12232716800888313,0.08138448197834663,0.04971416372242968,0.14890139652915285,0.08105638719572535,0.131723147378495,0.09359224375633372
LAO,0.2655366443166667,0.20171345375594946,0.1516350025987569,0.16686355097190708,0.17256138965585044,0.18637917580773916,0.17352906150262742,0.18487244775322376,0.1376202309859507,0.1679626110707329,0.3542033577366309,0.18414444252494674,0.18200438823954987,0.17738310721716954,0.17075146436362706,0.15680486622543863,0.16199278189594735,0.153831071114318,0.1619711402307307,0.1640230732916016,0.2298213275195023,0.16889781622576233,0.1800266182141013,0.1626251724375711,0.20658093458355936,0.17404232163079988,0.14376063004218517,0.17287348857151444,0.1674242798099751,0.17725518264619558,0.143587042142501,0.24581526589302977,0.14657130262450319,0.12960199525628713,0.16319206689816623,0.15521637954775974,0.15680443223153573,0.21711371036661858,0.18413776296554474,0.1746534049837215,0.1601285019632156,0.18273937784459074,0.22728599867374163,0.2828135592675253,0.18475027485117473,0.0,0.10801336380383737,0.25019609260083236,0.1988671083991396,0.1493149172723959,0.17404338240336895,0.2151551044411195,0.22750475586241564,0.19392873869841556,0.2380560361586404,0.17818968538637664,0.18045469968246847,0.15701777220184196,0.13237951458825978,0.17496071521425374,0.1564447582382083,0.1301688194744937,0.17958458752340747,0.10793125163750472,0.1752319593285963,0.19985038748865372,0.15613088145558493,0.21736909229857881,0.24517907543444795,0.16632539387318046,0.17118678988714706,0.17867472803984774,0.1677236550655798,0.15230329402303242,0.16212376586535354,0.17448726896847208,0.12365882705712063,0.1776198675708964,0.13798334373614154,0.17796500021785697
LTU,0.24586290610148964,0.16810403526261208,0.11530378986860253,0.12594550863972953,0.1313829917543472,0.14465593238203622,0.14928183436535652,0.15851675411726618,0.08855729613223844,0.12478109359167018,0.33183548138169117,0.1517336752594193,0.14076468415034216,0.1478746795304941,0.13317759065427962,0.10796885410083278,0.1245373028556255,0.13115378931293847,0.1189266840928569,0.13391505174960772,0.20475408536663858,0.12474767420309764,0.14496542006368676,0.12601317163632736,0.17721832056038975,0.13256223953499044,0.0897770749756384,0.13669043033021383,0.12782075820167213,0.13685749433683767,0.11399892415107467,0.22204398649439808,0.10086836133049454,0.08493095574220376,0.13294016117123666,0.12370430625032072,0.12910641768850947,0.1949546230153221,0.14957565414513357,0.13269121124984865,0.12426099292892417,0.147884484131493,0.2068150275409138,0.2858473184207338,0.14897725709403273,0.10801336380383737,0.0,0.23130863296547324,0.16460879233603481,0.12639088433870185,0.1365881574565016,0.1856243619645151,0.24783067204198903,0.15554320705047364,0.1871489174904574,0.13771313717123387,0.13913749052152938,0.11365072463465747,0.09622286388320832,0.14840754044781737,0.12829552796273683,0.0875149198830614,0.13350404148206557,0.062240697005306225,0.13896215113991822,0.17141718770974237,0.11934770558067874,0.18253460273210012,0.22525866472916867,0.11375856946566841,0.1329465954341683,0.14407418602519595,0.12462539404538533,0.12762334967167255,0.12383829681124699,0.13804276211296795,0.09852845215012898,0.1430021324832068,0.11173190765985079,0.14183656118599547
LUX,0.2918512704021407,0.20758679013267203,0.21112986848749185,0.18086823824183695,0.17266743958477557,0.180626345939972,0.2342072534564148,0.21448787320712367,0.2270804401023146,0.19572152660109737,0.3601088225584285,0.1858475091512324,0.18050449054301393,0.20530460976352846,0.19795321390176984,0.21523810309537286,0.21766622924642376,0.23518416812881113,0.20170988793744576,0.21530674277707368,0.21208579335402375,0.18550532109580836,0.17221230303492074,0.17951692627740748,0.23878476237691448,0.18632509737872147,0.20176831288245267,0.1903327100634278,0.1675591723591813,0.16455221805107573,0.19264252857244174,0.20579054413800596,0.19410413144368002,0.203836523201935,0.20958509020515312,0.1908391611835741,0.1841694948418563,0.20676743608157538,0.17501183996157454,0.17941847509696002,0.2061410049903108,0.1870453455066207,0.24223011760450244,0.364007946364382,0.19445268018609746,0.25019609260083236,0.23130863296547324,0.0,0.23585490589876917,0.21895518014259366,0.19496738016098913,0.23224034047285522,0.3896834768988471,0.1795011858381223,0.2787085827713876,0.1649922107714117,0.19022232176574472,0.18580375763497903,0.25461311319103347,0.19953710566449,0.2485432821384711,0.19824625271877472,0.19958370327813538,0.23093793872666818,0.19762800868261454,0.2092494287312118,0.23302967817274725,0.19508061539566446,0.15471842766443364,0.19347325414521616,0.19152134262444015,0.1892905623651974,0.20844113015868015,0.22223234306949,0.19594331411492344,0.18831109738412619,0.22936994858858245,0.16628726810817324,0.2316139632029051,0.1807345758022892
LVA,0.267308488594363,0.18510483158443303,0.16715535677673488,0.15355728103864005,0.1560815682401136,0.1546040752896676,0.1943792434241017,0.18102622141969382,0.17525783551769353,0.16428140822318732,0.34742552323477294,0.16671224385547279,0.1651243877829753,0.17146942621034553,0.1620362270773029,0.1572665567158989,0.1664023456027801,0.18668397043634516,0.16084426372993288,0.18288251870586816,0.19737588658363023,0.15216868092370445,0.1462359649713011,0.15580981053122278,0.20210710163944162,0.15842540375278097,0.13957949182508675,0.15492563216555522,0.15054932969901905,0.15138139851191565,0.1589668223125971,0.2285397591565846,0.1508040540011582,0.15789513726541185,0.17290514094947762,0.16522068943300344,0.16755079662352457,0.202832541202547,0.16451021231333662,0.15118692940541734,0.1633365201984338,0.16184736483186632,0.21757163749332956,0.3278328044598892,0.16887799199625106,0.1988671083991396,0.16460879233603481,0.23585490589876917,0.0,0.18799604364047062,0.164238094974465,0.201679344890559,0.33133939941177404,0.1804104599099346,0.23460817017938737,0.15763184878832368,0.15126076036839067,0.1536333042039331,0.20140747176405435,0.16667599615872777,0.20003703963821245,0.14756465959256918,0.1627554525557098,0.17140178759664895,0.16059027493089012,0.18551133221169672,0.17020141019693727,0.19214639962591692,0.22834093757116267,0.1415145141204277,0.1546135042418803,0.15451419994325558,0.1685617785186168,0.17756762953898073,0.15571168560591472,0.16048921328205443,0.17354986895351454,0.15790098462014415,0.17976186141478745,0.161220612901459
MAR,0.2627822076791579,0.17377621753746997,0.09721069074280807,0.13652595179862645,0.13112840832574044,0.13981233775794077,0.16675077218033724,0.1697743203385388,0.09675719881154225,0.12454282766524011,0.3431311309898736,0.14560991687036712,0.15330916550059295,0.15436600807232062,0.12207076276439277,0.1165046192638158,0.10553131851613334,0.11086733516767959,0.11656463798084152,0.09865766370707447,0.20096130766230952,0.12439811325696497,0.1365239788460146,0.11236660699456678,0.17484165515234046,0.11865568741935643,0.11431568522038556,0.13594464894214178,0.12354832869157119,0.14026641339128604,0.10916265123480888,0.22405595711333526,0.10917794170561293,0.08306366368561285,0.09825064745519776,0.11495853303607896,0.1285451334579198,0.19434308648158966,0.1448356420961289,0.13061664574150877,0.11545497173473396,0.14017765640719348,0.2141957664259684,0.31848871333467976,0.133171125193692,0.1493149172723959,0.12639088433870185,0.21895518014259366,0.18799604364047062,0.0,0.1281294067275603,0.19000578109896674,0.309576747430695,0.14130363911025337,0.2184236569067896,0.13329728361025087,0.14232237180967378,0.11348862352281734,0.1640987990293715,0.14449558025176304,0.09293507194745607,0.11274578619655365,0.13438914852341458,0.11794237826446925,0.14608712169385565,0.17350159215189725,0.08920987398811064,0.18840298663896918,0.22552849123607832,0.13894289830001857,0.13877905695839027,0.13890484052789648,0.11488364639833519,0.09258444043928367,0.11661836128807436,0.1314638754778359,0.13695329789583063,0.13899673136613627,0.12113872076334872,0.1353686794858899
MEX,0.23098459872299612,0.12183145934947945,0.08723182873942274,0.09071618459526827,0.08156915027998868,0.09054700092004102,0.1547005531353173,0.12872617812068043,0.1282773023395853,0.08188627465632066,0.3185813951090389,0.09238622278436216,0.09728188702727941,0.1107411216853636,0.06744298652928747,0.10797261604570056,0.11030526412302176,0.13825106217518873,0.08502236062173475,0.11740645372166321,0.18320504508652646,0.08084899758377044,0.07819413746515849,0.07909512549197362,0.14319169178367866,0.08563461678874777,0.09508497664579213,0.08202248814612986,0.07620365666866401,0.08104095388118199,0.10352167874348762,0.15733150082905567,0.08741636000180979,0.09579817686444318,0.09421208905867653,0.09577792670298162,0.11872231722700027,0.16060378879072795,0.0855369067052568,0.07216505070493284,0.09650802105846179,0.0790333860860776,0.1743132607751189,0.3245814557474317,0.07116549038155116,0.17404338240336895,0.1365881574565016,0.19496738016098913,0.164238094974465,0.1281294067275603,0.0,0.1270307381976892,0.33861310480497203,0.10143196984928189,0.20752453401554966,0.093518969182947,0.08482102352898073,0.08446655005685248,0.17717746007824103,0.09738248834709042,0.14949967798859765,0.08965485178898512,0.09617231389010188,0.1358172426996927,0.09243003815305323,0.1145395192972172,0.12707227821444608,0.1278972773402566,0.20558810896633475,0.09312626307626093,0.08283886788795601,0.08352568931940478,0.0760521461663751,0.12340503720768925,0.08182144986863889,0.06555102870837781,0.139252017326354,0.0704270587393649,0.12638902109129124,0.08560897057757931
MLT,0.2647143124289587,0.17613729965705846,0.16789696796848697,0.1571934265800386,0.14609616828581884,0.1562889207754151,0.18931005756629943,0.18488420515409898,0.1812421385469939,0.1549182453125226,0.3437611904052794,0.15533936363697315,0.1465109913267789,0.163944784082789,0.12799496126376586,0.16663691284627696,0.17103536018784632,0.19414539446810802,0.1570558020829846,0.17784605368786346,0.21477064493033454,0.14795561434907598,0.14827512901585585,0.1504659362653702,0.20414163153672568,0.15025368873471526,0.15512539958057084,0.14496995509136196,0.14645516960332475,0.14884987450707485,0.16396106477525937,0.15184416057632039,0.15122157916098553,0.16355565254056964,0.16052785292527186,0.16336640321598755,0.16532557517656266,0.20231111540533966,0.14416297349464152,0.1435558900435621,0.1595125200324039,0.14549080029231207,0.2196692693223739,0.35568873576750404,0.10978836001491046,0.2151551044411195,0.1856243619645151,0.23224034047285522,0.201679344890559,0.19000578109896674,0.1270307381976892,0.0,0.36759658682990737,0.17270493832565173,0.24653949626109745,0.15966965835453215,0.1516977384282269,0.1538213736268661,0.22004860861756576,0.1617268927621121,0.19770505623926526,0.15514512952127907,0.15226388980622027,0.19169397927761578,0.16036133086356655,0.1805899305470847,0.18551194472448596,0.14961628629639656,0.2367019276127825,0.15002273359298043,0.1488927464833114,0.14896496025230985,0.1213381436657848,0.17322723872906562,0.1475106340472042,0.1258433161744197,0.19773494290895874,0.14305771792665098,0.1748264439026247,0.15560570460998638
MMR,0.3972031402472372,0.36017026127251617,0.3123849009452998,0.32895933561920376,0.345397776885046,0.3495364492058144,0.2946256693484666,0.32865882069407615,0.2764637292799019,0.3333955998534367,0.4627095104654839,0.3447550880114448,0.3497711749677675,0.3473509137026186,0.33526517764344543,0.3124376234926978,0.3205494747203901,0.3017153506584348,0.3315893780160469,0.3322477414213111,0.3709548570191929,0.3388791510095355,0.34750845231091465,0.33207000156047994,0.35710151112522387,0.34051419899194607,0.3019758013105794,0.3363953379557014,0.3350827792232692,0.344022327961225,0.3032504596073369,0.38784797133074883,0.30901581175267706,0.2892243060265919,0.33454179371384396,0.31075801175620443,0.3071433837431006,0.35835602409144296,0.34816782155022596,0.3413901305030545,0.32494256575556896,0.3474815933327247,0.3665482742225303,0.2842576814219252,0.34654710789021526,0.22750475586241564,0.24783067204198903,0.3896834768988471,0.33133939941177404,0.309576747430695,0.33861310480497203,0.36759658682990737,0.0,0.35370784995151694,0.34496747553300794,0.3416457305659461,0.3450182880810257,0.3228677114532458,0.23596148889698473,0.3445330172803978,0.30527098175421025,0.2919688793120015,0.3447876655085033,0.23508764547111435,0.34054573009536526,0.35863684296204157,0.30566149955353283,0.36782347537895455,0.3787080882718613,0.3324374919229937,0.33460554467675013,0.3446027154721922,0.3332276388558401,0.3067544697306312,0.3304218280598342,0.3373591646180649,0.24287621169203705,0.3433275404247008,0.272823140196431,0.345208546551626
MYS,0.23779552540075533,0.13896574768500497,0.10247213391582953,0.12106372000014164,0.116901862225216,0.12457615343647169,0.18726222489072705,0.16221419870244322,0.14457434777210948,0.1110056564677363,0.3182444968574811,0.1267373748413983,0.1324292507497067,0.14373389037319342,0.1156625843686543,0.12529976387885783,0.12211554433006133,0.1567634640433767,0.09850385147730877,0.13910450322078416,0.1885257524000431,0.11609527967157558,0.1165792390961263,0.110581765857374,0.1331511450056039,0.1172532759616612,0.11665513355535932,0.12285035455813224,0.11068503985087566,0.11155585276392195,0.134186227188684,0.18217065423104206,0.11603061246552143,0.11995819175641992,0.11758829996805273,0.1175644560542484,0.1359867740113242,0.1827853363258582,0.11821486613926045,0.11414165558637658,0.1169072307089084,0.1268665314632562,0.18335066731302882,0.33966185785432695,0.1266030629966148,0.19392873869841556,0.15554320705047364,0.1795011858381223,0.1804104599099346,0.14130363911025337,0.10143196984928189,0.17270493832565173,0.35370784995151694,0.0,0.1930447432337037,0.11257108005859269,0.1153163885743414,0.1161854313049963,0.19483959723496141,0.1220135408928502,0.15945517956407076,0.12277884976127384,0.133202160560013,0.15221861447436963,0.11346751826539492,0.1291083412879866,0.14372248082094286,0.15419636762530273,0.19075578524380332,0.12244750789566863,0.1269758884670117,0.12763980589541127,0.1139759402949103,0.14924481094608102,0.12295903759409046,0.11865090801166699,0.15688605812392195,0.11079105444454569,0.1472069629497515,0.11566960879156762
NGA,0.31142126740385634,0.24563046805511102,0.21059430663111775,0.21394522658125728,0.21899587045796282,0.2139942630462164,0.2368071334657032,0.23728605453465063,0.18925147866113848,0.22007008960093682,0.38341867135248325,0.22458976331986058,0.22741911692995087,0.22896157728264366,0.21258479173042813,0.1699917840835577,0.19422028568866667,0.21895807393586988,0.19792901063911578,0.2093818569924326,0.26526231041021475,0.210338629735767,0.2185688798031685,0.20366306533333542,0.25829628823288525,0.2054318048544868,0.17375154253200834,0.21575181773748556,0.2105583778400611,0.21723561183423926,0.21039742734568725,0.27913571396765596,0.19684681763825396,0.1857352388282483,0.2159716530705788,0.2256273513577654,0.22770009315348042,0.25740500089039564,0.2199085921133897,0.20995865604960112,0.19779485870613772,0.2260963733923145,0.265830538087598,0.35879269075385234,0.22181811595545323,0.2380560361586404,0.1871489174904574,0.2787085827713876,0.23460817017938737,0.2184236569067896,0.20752453401554966,0.24653949626109745,0.34496747553300794,0.1930447432337037,0.0,0.2109689535207424,0.20598488416885744,0.20351757460561246,0.2474225768405391,0.21728764149932833,0.21408212055879008,0.18798709976055084,0.21480268453014792,0.20313017556527055,0.2127899622073518,0.23877570460266284,0.19367150246605722,0.2511844463855994,0.2821575203169667,0.19966828870462805,0.21591272361648128,0.2250107420099101,0.2131162852219538,0.22802380147066023,0.21164513254551548,0.22027502414904135,0.20611723392291065,0.21878708601085337,0.2195021539910668,0.21998507021660743
NLD,0.23402054443821776,0.10992649795727863,0.1097278566740318,0.05680144553050936,0.07018283247692175,0.050602205575595686,0.16307015579422526,0.13486951358778568,0.13206444567603634,0.09821084741804682,0.322608250959875,0.10082418161868181,0.09450648061443301,0.10752569914020402,0.1034981572174041,0.11767202830812894,0.11844635481188813,0.14473153303679887,0.09868318991104046,0.11936703782040033,0.16754021911347122,0.06415441867739077,0.07593108959543217,0.07369313808178934,0.16288014050441094,0.06393812064916055,0.09577898220473412,0.09036338224747151,0.05051244129553894,0.05198249016310419,0.09488208855020071,0.16919234569927408,0.07461236790969668,0.10229586592184652,0.11007763165157483,0.09565268992656373,0.09369546845748403,0.15849587055992415,0.08207239578282649,0.06409349761521849,0.10866641379525291,0.09765481016981716,0.18063977033909026,0.33301163746526674,0.10796371078899794,0.17818968538637664,0.13771313717123387,0.1649922107714117,0.15763184878832368,0.13329728361025087,0.093518969182947,0.15966965835453215,0.3416457305659461,0.11257108005859269,0.2109689535207424,0.0,0.07654690791256688,0.06853297655141505,0.18264245930992587,0.10938514259402538,0.15251723096230688,0.08734964286586278,0.07422335304287707,0.14264962883899795,0.10560517105847808,0.12122524957098187,0.12177195415583797,0.13591382180129075,0.17709294147075846,0.08983788878028444,0.06922639806302944,0.08964848041104821,0.11173693272059085,0.13302090341109074,0.09983292403707023,0.09573403025684901,0.15079525038527397,0.07543796463038759,0.1438079258072739,0.08978726033623037
NOR,0.2280738113735749,0.11128323900519022,0.10704220715980789,0.07545738955879647,0.0693791478166352,0.07872181014594327,0.16216495523498806,0.1242614028630969,0.1343892027719299,0.09144915656424488,0.314351467230146,0.09166606876798679,0.09283055873738841,0.10050254294201798,0.09017322649593097,0.10526249057646618,0.11340013171704673,0.14402176725756807,0.09155489282901214,0.1235307053238545,0.15211291646840688,0.07163230197329726,0.0711505287559817,0.06641521601466249,0.15048768745481342,0.07857518891101702,0.08165704251701826,0.06988013263672746,0.06857751821466145,0.06844781502278575,0.09803982408298482,0.17512408829082976,0.07923955577592906,0.1030856579366942,0.10304747006780454,0.10203840589103706,0.11261080155515768,0.13739764625252907,0.07984239372596962,0.0676002843264947,0.09528278679677447,0.08103650468182763,0.17302612108474863,0.3319683979578262,0.09541815038682,0.18045469968246847,0.13913749052152938,0.19022232176574472,0.15126076036839067,0.14232237180967378,0.08482102352898073,0.1516977384282269,0.3450182880810257,0.1153163885743414,0.20598488416885744,0.07654690791256688,0.0,0.07447719523948729,0.18338268743282893,0.09645588893806685,0.16017234050746604,0.08757145741690502,0.08919379430143304,0.14652652336629735,0.0886815041974142,0.11584189317315871,0.12893835660333458,0.12336173938723378,0.19703317841436957,0.08570075525043744,0.0709820499766393,0.07108492297536373,0.10208853984409394,0.13486198656603504,0.08711835525969482,0.08485795655124245,0.1483524886416011,0.07066598935529052,0.1428755234254911,0.08125717318631742
NZL,0.2310299791625781,0.12014314903212928,0.08771353876327649,0.0650593566914364,0.06100931341561238,0.07569958941982635,0.1462621135684901,0.12266691050419096,0.10999985751492966,0.08337994036039212,0.3203487740059102,0.09461011858794258,0.08410123600406941,0.09693009165678994,0.08903075394362765,0.09216209184473208,0.0947612406735168,0.12288569898128743,0.08459062311903494,0.10130911509605604,0.17338622155045907,0.06031032433559055,0.07663231318717702,0.06232842083480508,0.1551582826876906,0.06867497163932673,0.0784493852320639,0.07858588906703129,0.056365036964106656,0.06569514319590705,0.07829628447513345,0.18044131070546385,0.06454915373159398,0.07879131838070269,0.08807080450643243,0.08954397571549648,0.0946956295140525,0.14844708097784473,0.08267849716660286,0.0655966441366579,0.09474081137563649,0.08955023125128575,0.1755332254632061,0.3216700117870266,0.09956376015753343,0.15701777220184196,0.11365072463465747,0.18580375763497903,0.1536333042039331,0.11348862352281734,0.08446655005685248,0.1538213736268661,0.3228677114532458,0.1161854313049963,0.20351757460561246,0.06853297655141505,0.07447719523948729,0.0,0.1550688767645559,0.09918712596222914,0.13096711246414672,0.06979212605614747,0.07606698041325752,0.11763100979000271,0.09920208320940879,0.12539180081285825,0.10109527433225676,0.14171802972532013,0.1963431678533074,0.07909906231734481,0.07410256107869431,0.07426400761585657,0.09242014035332374,0.10891339699705994,0.08342938371491863,0.08639113212966563,0.1331246562427562,0.07504666991497437,0.12111345371022589,0.08564748736983845
PAK,0.2562681905537176,0.20543143512666734,0.14777883630713096,0.167784873079268,0.1664998221877631,0.1894220702094449,0.17680673451290158,0.18969815769156673,0.13776796247737463,0.1610381533874828,0.3568978017067856,0.18844764418367066,0.1674869837402203,0.17668754512843635,0.1704592103169727,0.1649325339597134,0.16842857880913767,0.1679317801040401,0.1603357643222116,0.17679850844734835,0.2351091203537679,0.16707381984218989,0.18510365867869974,0.1707858949734447,0.19473136885209963,0.18010219490484022,0.14795974249107785,0.17742852417099175,0.17181278722409432,0.17492144995694212,0.154072058443962,0.24960494719477547,0.15202543459972723,0.13645353216562067,0.1729486206589527,0.15392066488944878,0.16552444142907013,0.22292503616716927,0.1886478056920512,0.17610130587371026,0.1730283244051332,0.18455089584356693,0.23202485730272454,0.28487205982986546,0.18561544245949405,0.13237951458825978,0.09622286388320832,0.25461311319103347,0.20140747176405435,0.1640987990293715,0.17717746007824103,0.22004860861756576,0.23596148889698473,0.19483959723496141,0.2474225768405391,0.18264245930992587,0.18338268743282893,0.1550688767645559,0.0,0.18722702215113116,0.17117186393841233,0.14358036637557156,0.17525357447223677,0.0931289244868563,0.17867767019750555,0.20432260443136926,0.16693187655894762,0.21771298353527593,0.25294870590363283,0.1563725846796834,0.1756689175466925,0.17959668496729803,0.15989759282737567,0.16011414375591101,0.16432435492154487,0.1763922003562764,0.13624859808053497,0.18067917786747312,0.13968886384877569,0.1813612064505703
PER,0.2322341327615559,0.1283185433966188,0.10622580439119203,0.09844925991390842,0.09593928414130848,0.10607746892799264,0.16319509915298153,0.14034958816862,0.14346926734301674,0.09793057240936619,0.31079092815070447,0.10789093732814851,0.11493555513167734,0.09191337072630192,0.09622295176096701,0.11545260819879365,0.11715347689245986,0.14299961910812856,0.09373913428577685,0.13407853387133023,0.1854472231184728,0.0982824306251901,0.09450542411259719,0.09662456421918349,0.15059521321167005,0.10058582809821304,0.10811011590284442,0.09890759876091783,0.09204904569726718,0.09324483985351478,0.11020437396982324,0.1921719700037593,0.10278826214544827,0.11338769669429412,0.11045169291870853,0.11125697832698365,0.1303322761370921,0.16770652291707533,0.09954120520510885,0.08957448280424737,0.10359156745310305,0.09909375600465846,0.1707956853512209,0.3335324183915508,0.11123946311299333,0.17496071521425374,0.14840754044781737,0.19953710566449,0.16667599615872777,0.14449558025176304,0.09738248834709042,0.1617268927621121,0.3445330172803978,0.1220135408928502,0.21728764149932833,0.10938514259402538,0.09645588893806685,0.09918712596222914,0.18722702215113116,0.0,0.16582343139437364,0.10542962705728903,0.11246768744269363,0.15135082531861865,0.10249196713762321,0.13010318395362638,0.14206075212478933,0.147136586295534,0.20191558340331045,0.10870107153043086,0.09809439983838854,0.09971567231583119,0.10554340162497036,0.1352651609650266,0.09410219213800065,0.1020088071486995,0.15304978247858872,0.09092747178482596,0.14412972942853922,0.09205503761899385
PHL,0.2773365110271103,0.1928947510051617,0.1140439625545772,0.15596412188564535,0.1555516132553562,0.16279519927143155,0.17794806078957545,0.1884982138419665,0.09844446611259729,0.14668461144653328,0.35292815175617426,0.1731311093936199,0.17563063362934123,0.17543705668734738,0.15222338829979645,0.12466629616040134,0.11311335456885205,0.11219473416218395,0.13757809058575265,0.09685615423478101,0.22238583354796265,0.14637835823968137,0.1685475408800298,0.13246347959208196,0.18701281960135788,0.14420481906491914,0.12730198516496946,0.1593468300892732,0.15048881108046852,0.1652991936384429,0.12759631091894347,0.23453545769446346,0.12443341163534608,0.0971885674619574,0.11875783666503546,0.14297882987939806,0.14338271852095968,0.21289821246488627,0.1709485149599668,0.15526296210289106,0.14831765621707024,0.1733415415168134,0.22923947985268373,0.329267674705856,0.16050776198060396,0.1564447582382083,0.12829552796273683,0.2485432821384711,0.20003703963821245,0.09293507194745607,0.14949967798859765,0.19770505623926526,0.30527098175421025,0.15945517956407076,0.21408212055879008,0.15251723096230688,0.16017234050746604,0.13096711246414672,0.17117186393841233,0.16582343139437364,0.0,0.12494315598740505,0.15287190356427205,0.12732830850294696,0.16607583213416796,0.18671594614267698,0.08210693277923091,0.2072523264998627,0.24658567122130787,0.15844544066234628,0.1648004907865574,0.16455233653425477,0.13200354868230188,0.1013919318246644,0.14784628309921313,0.1573408679021688,0.14598758811508897,0.16785307547554784,0.1323470353722103,0.16224869043225654
POL,0.23538643849917448,0.1282914358921562,0.09042351886190778,0.07562367158976548,0.0855871194478881,0.08904577986189822,0.1328453826888945,0.1288979735393558,0.0938241781862557,0.09302590731044859,0.32137242022230783,0.10685237398656255,0.10810945561111272,0.11761816979641387,0.08862682354193334,0.08622406819396175,0.09584945449440081,0.11817874977058311,0.0896784572432326,0.10036571601347219,0.18132114316659997,0.06853644778470283,0.09203831152534986,0.07813405248667635,0.1599628106859324,0.07881684960034208,0.06613570184645684,0.08522254049494433,0.07700208848841245,0.08576098431607511,0.08288695488729977,0.18616237093842142,0.05584858796162891,0.06310390024295795,0.09445539972813988,0.08922489125181124,0.09840980775245994,0.1601657473360273,0.10393200140133764,0.07526803940251937,0.09089139023477345,0.09937802872215067,0.1763928609242126,0.2981294156354071,0.10503436903743354,0.1301688194744937,0.0875149198830614,0.19824625271877472,0.14756465959256918,0.11274578619655365,0.08965485178898512,0.15514512952127907,0.2919688793120015,0.12277884976127384,0.18798709976055084,0.08734964286586278,0.08757145741690502,0.06979212605614747,0.14358036637557156,0.10542962705728903,0.12494315598740505,0.0,0.08511643837350279,0.09438344003707841,0.09902166974566136,0.12793367937263878,0.10092799098594472,0.15139670565763133,0.20620469798823107,0.07683693372078512,0.07631964608610238,0.09298832115250057,0.09821835525960122,0.10693347029334704,0.08469851437328073,0.09367510153601873,0.10161456690027046,0.09298119019584668,0.107817270608111,0.09678135016743485
PRT,0.23156269905078083,0.11200844536490134,0.11453765091750862,0.06136400089989762,0.07656095789530862,0.06656986193597184,0.13461250202421307,0.14687834690533785,0.1288363317573691,0.09980988542713136,0.32534200144566605,0.11184434205850156,0.10306545375795435,0.11583831099316479,0.09148970392122596,0.11272990549149937,0.11597315174144647,0.1476599454539706,0.10009363902047308,0.11673080224519651,0.18219551063156159,0.05932868130464351,0.09123739485452677,0.09227038435609242,0.16550558363508813,0.05472495150715476,0.09874161125977744,0.09823681542224079,0.07145133022471349,0.07348282077916596,0.10541668245629919,0.179248434261887,0.07691796526151329,0.10809507711139174,0.1044056572326308,0.10160675881846556,0.1046980826970961,0.1633285973009797,0.10474639656842719,0.0583156790443824,0.10543007024697185,0.0969624837185811,0.18527909363875936,0.3345419185497858,0.10207976799487838,0.17958458752340747,0.13350404148206557,0.19958370327813538,0.1627554525557098,0.13438914852341458,0.09617231389010188,0.15226388980622027,0.3447876655085033,0.133202160560013,0.21480268453014792,0.07422335304287707,0.08919379430143304,0.07606698041325752,0.17525357447223677,0.11246768744269363,0.15287190356427205,0.08511643837350279,0.0,0.14311003141265058,0.11412109670960276,0.12307714915223454,0.12489873397926732,0.15290197990183588,0.20777961803782435,0.08336187736904208,0.06468286157659632,0.09941894275862732,0.09861955954352708,0.12132730955443981,0.08925298305650364,0.09683444298783894,0.15771661095972525,0.09677151554169862,0.1333791207788502,0.10235160060633583
ROU,0.24694777533143727,0.17210868533341273,0.10438899016102479,0.13110941323295186,0.13715873977943874,0.14988039115584081,0.14920397251111367,0.15727499800759262,0.08555516078145688,0.12993171601977127,0.3399044992653577,0.1523498953704542,0.1494999589845191,0.154416643046999,0.12879816816738496,0.11891606111055278,0.12335184657492389,0.12259546176128279,0.12300135252946637,0.13939507865187142,0.20977019368745692,0.12673468666395182,0.14810505115245412,0.1295934837488409,0.17114275669117773,0.13591115096157952,0.10135554154052984,0.1377115818755022,0.1327985969606719,0.14175899374796083,0.11343937356300546,0.22707675357655183,0.10818940901086534,0.08530589076408124,0.1320002218406853,0.11357222963433274,0.12715693063170358,0.1992763682693244,0.15221996126586676,0.13754961583290373,0.12933998010964662,0.14810112926627594,0.20952917685364794,0.262121802338589,0.14577661650851043,0.10793125163750472,0.062240697005306225,0.23093793872666818,0.17140178759664895,0.11794237826446925,0.1358172426996927,0.19169397927761578,0.23508764547111435,0.15221861447436963,0.20313017556527055,0.14264962883899795,0.14652652336629735,0.11763100979000271,0.0931289244868563,0.15135082531861865,0.12732830850294696,0.09438344003707841,0.14311003141265058,0.0,0.14398740881017702,0.17621405516223834,0.11705867928326044,0.18862008052271087,0.22910079501573063,0.1223855865849239,0.13803066060463653,0.144312506530854,0.1259063218180075,0.11995155977573956,0.12368050113326179,0.13532366347850602,0.07776022208067873,0.14527623106293275,0.10166864843011118,0.1428779101222865
RUS,0.22646473048928506,0.1167654805681525,0.1026262433477975,0.0992129412721962,0.08916579803244071,0.10200547266362693,0.1686094417851687,0.13390785334417027,0.1423149966286693,0.09005106312174134,0.30821297058535135,0.10524811482535514,0.10621773089424999,0.11374021931452093,0.09504502389081457,0.11788498780511236,0.12243079470405187,0.15275032270500905,0.09315592757823622,0.13688576273847033,0.18483673663949388,0.09005710786280957,0.0885576680540138,0.09146724712241908,0.12695613294402985,0.10323157142817917,0.09750136122483856,0.09547599919575513,0.09069544992817362,0.08823313338489862,0.10971628588860459,0.18819354844263095,0.097666667410014,0.11000287244703419,0.11145111392806413,0.1031334195308241,0.1310992278904631,0.16093263966116633,0.09579289723555552,0.08686624202659293,0.09409520789920936,0.09202846498497387,0.16563091157220086,0.32193468660911034,0.11050791014709427,0.1752319593285963,0.13896215113991822,0.19762800868261454,0.16059027493089012,0.14608712169385565,0.09243003815305323,0.16036133086356655,0.34054573009536526,0.11346751826539492,0.2127899622073518,0.10560517105847808,0.0886815041974142,0.09920208320940879,0.17867767019750555,0.10249196713762321,0.16607583213416796,0.09902166974566136,0.11412109670960276,0.14398740881017702,0.0,0.11396094136321935,0.14438668102896762,0.14012666316417272,0.20408021061236234,0.09219813230376418,0.09266491411095182,0.09301268300696461,0.10562055986574236,0.14330862814246836,0.0888663165406015,0.0978881432863721,0.14084187198861314,0.08619082918532268,0.14346159644443326,0.08992021812501928
SAU,0.23974806698804046,0.13518992410734101,0.13251445522596447,0.11504288821569583,0.11405982819988873,0.11954784140348723,0.18750827230493322,0.1628678865418187,0.1770894761526612,0.12303167024587588,0.32236899381386447,0.1321826396316819,0.1275873380951453,0.14365032002180725,0.12846635364872455,0.1534735875914417,0.15090131205634538,0.17851437987887797,0.1206900703337871,0.14744202435397383,0.2004188990220865,0.11868674544632708,0.11570575523526687,0.11986672583890644,0.15424431085837811,0.12420991336868621,0.1336957300585978,0.12806453329100684,0.11521877598390859,0.1085167460998253,0.13706854972978313,0.18225870348809442,0.12396754461296527,0.14385926572066862,0.13929985007631884,0.13068256302785658,0.14363466208809553,0.18126586298672348,0.11653186236296419,0.1111331812494493,0.13386188860990716,0.12232478576299628,0.13583799135612187,0.34482389550070586,0.1395666251475094,0.19985038748865372,0.17141718770974237,0.2092494287312118,0.18551133221169672,0.17350159215189725,0.1145395192972172,0.1805899305470847,0.35863684296204157,0.1291083412879866,0.23877570460266284,0.12122524957098187,0.11584189317315871,0.12539180081285825,0.20432260443136926,0.13010318395362638,0.18671594614267698,0.12793367937263878,0.12307714915223454,0.17621405516223834,0.11396094136321935,0.0,0.1718753837318536,0.15907631428895974,0.20382764924352725,0.12575778211793115,0.11467179634241159,0.126238104668014,0.13466916223696973,0.1674597734858904,0.12740085345552019,0.1240155560204727,0.17257269168674186,0.11410440937855326,0.15491201052140627,0.12003118253941103
SEN,0.26474573541241236,0.17303746323641264,0.09772316078658203,0.12694134798170606,0.13138803638049965,0.12894285408320855,0.15974939760141513,0.1626634686401103,0.09103075296877149,0.13010633528072074,0.34608470562003074,0.14999015586949918,0.15263478897575486,0.14443937995232517,0.12828808715324078,0.10383337842825487,0.08679800301007212,0.10715655389335761,0.11377031275294275,0.08804876068934117,0.2044867688579059,0.11841295673439976,0.14011272417375048,0.10796940728003757,0.1779662068659647,0.11387044891538253,0.09889532714523075,0.13473975859778556,0.12229134819453039,0.13552801211463605,0.10282530123831918,0.2259293157045615,0.0999043405379572,0.0787850027648107,0.09891265766436194,0.12381644803990828,0.12762922200504953,0.1796535047944813,0.14465172962164588,0.12486708735859522,0.12500768883349614,0.14634181257077522,0.21327046191840832,0.3198240084311877,0.13960795805670292,0.15613088145558493,0.11934770558067874,0.23302967817274725,0.17020141019693727,0.08920987398811064,0.12707227821444608,0.18551194472448596,0.30566149955353283,0.14372248082094286,0.19367150246605722,0.12177195415583797,0.12893835660333458,0.10109527433225676,0.16693187655894762,0.14206075212478933,0.08210693277923091,0.10092799098594472,0.12489873397926732,0.11705867928326044,0.14438668102896762,0.1718753837318536,0.0,0.19164529419695714,0.23735962413032086,0.1326054529026036,0.13540780090012236,0.13885650971920727,0.11862667446226381,0.09090984154336086,0.12386311448339438,0.13494075572339545,0.13414578864624582,0.141041411312307,0.11855002621600462,0.14030069641758888
SGP,0.2553105101585348,0.13392050161876823,0.1600931422572255,0.1419897340602179,0.12920281049666502,0.13649115840775913,0.20195365774382815,0.1666972450676262,0.17459797459605753,0.12082769091340906,0.2812116407761411,0.13673333822597092,0.12451336703366546,0.1467647652177194,0.13068534417259417,0.1567865056441164,0.17117229200968395,0.1959753749908594,0.14903803914215266,0.1781439122303366,0.17781561088314235,0.137996306817625,0.12261862092834039,0.13133049597179786,0.17472434889080476,0.1434284008438803,0.14688470133529918,0.1299361437093331,0.1258513767711189,0.12536876957288917,0.15166519195215264,0.15415546135643785,0.142045117659653,0.1597879877209272,0.15631362525911527,0.1401779937076337,0.15338332463450108,0.1864874484392214,0.11199988864135627,0.12892065595065638,0.1513931651067063,0.12730887205580313,0.20431691880500066,0.3509093053365419,0.12037328256571539,0.21736909229857881,0.18253460273210012,0.19508061539566446,0.19214639962591692,0.18840298663896918,0.1278972773402566,0.14961628629639656,0.36782347537895455,0.15419636762530273,0.2511844463855994,0.13591382180129075,0.12336173938723378,0.14171802972532013,0.21771298353527593,0.147136586295534,0.2072523264998627,0.15139670565763133,0.15290197990183588,0.18862008052271087,0.14012666316417272,0.15907631428895974,0.19164529419695714,0.0,0.20171098377927724,0.14228237484947034,0.13567692430621311,0.12962774712144043,0.1300470647638131,0.18147820956277388,0.14193464256579066,0.11298712446268519,0.18901210916645408,0.11806250000923117,0.18507815268232589,0.12886292432910532
STP,0.2939854651290762,0.21587715082395786,0.21561832966896724,0.18892584948379137,0.18270372908865412,0.19345762961354177,0.2393629515109953,0.2199845920623969,0.23207627762934327,0.2020489748380802,0.361349805918606,0.19258117143622955,0.19420866970427872,0.21215330453433298,0.20702683477903214,0.21726864773345425,0.22196329595294997,0.23703334340774587,0.20315535420470565,0.2205194565530173,0.22074836731570574,0.1966323113200814,0.1831809412570771,0.18962717717999245,0.2446897927500891,0.19483479578658577,0.2035915742843847,0.19906281461118155,0.1763588271171129,0.1775947691202117,0.19846483838137607,0.2158036099655559,0.19803285896219938,0.20771402765216168,0.21790828934871445,0.19675649584557842,0.18996085440162802,0.22888332971839934,0.1822060446368977,0.1927058946206786,0.21133357925411306,0.19573384669862373,0.24697992669140942,0.36977366418735763,0.2056635426947168,0.24517907543444795,0.22525866472916867,0.15471842766443364,0.22834093757116267,0.22552849123607832,0.20558810896633475,0.2367019276127825,0.3787080882718613,0.19075578524380332,0.2821575203169667,0.17709294147075846,0.19703317841436957,0.1963431678533074,0.25294870590363283,0.20191558340331045,0.24658567122130787,0.20620469798823107,0.20777961803782435,0.22910079501573063,0.20408021061236234,0.20382764924352725,0.23735962413032086,0.20171098377927724,0.0,0.19903414167935682,0.1970687498195973,0.1995998490094083,0.20543408353866746,0.2226211202507452,0.19796468533213202,0.19662487834921952,0.23132225659915778,0.17895631328281975,0.23362081320334108,0.18009422763738803
SVK,0.22496399464727318,0.1216937641155933,0.10849899804840189,0.07986869385069335,0.06791592333108837,0.08126492996520117,0.15549548217727488,0.13382529172760912,0.12460893220667953,0.09057916993927048,0.3185655238597139,0.10160145684335092,0.08725988866203013,0.10443598377527022,0.08549577705434794,0.10719842680583884,0.12103708253661111,0.14634730290745418,0.08824350389888508,0.1289505218088856,0.18071345953419823,0.05442784421931661,0.08142729888277131,0.08892596840867002,0.15707438594258163,0.08332110269455324,0.08517699519156982,0.0818147294547916,0.07463353782492303,0.07514044130386462,0.10678367736957746,0.1827321425452236,0.0799693229923207,0.09513772747448983,0.11180768921052767,0.10072269936008717,0.11798849986270254,0.15776512411012983,0.09672757115870521,0.07076878880134026,0.09896695558798957,0.08179261410277999,0.17789540198417528,0.29917637909744366,0.09792928074253242,0.16632539387318046,0.11375856946566841,0.19347325414521616,0.1415145141204277,0.13894289830001857,0.09312626307626093,0.15002273359298043,0.3324374919229937,0.12244750789566863,0.19966828870462805,0.08983788878028444,0.08570075525043744,0.07909906231734481,0.1563725846796834,0.10870107153043086,0.15844544066234628,0.07683693372078512,0.08336187736904208,0.1223855865849239,0.09219813230376418,0.12575778211793115,0.1326054529026036,0.14228237484947034,0.19903414167935682,0.0,0.07295055768971963,0.08373084686933085,0.09822885656794016,0.13444200396684383,0.07744257657342665,0.08605698948881532,0.12523631549882702,0.0863104936974564,0.13677129308761515,0.08620091018291504
SVN,0.22774489632442563,0.10519083849350488,0.11006602043968125,0.05917596299410905,0.0642072535044963,0.05743964575634439,0.1480712934740046,0.1262985760119402,0.13329410067682257,0.08963057686517747,0.31721319155257555,0.08722361326266413,0.09147760299706353,0.10086265406822639,0.07751153051431936,0.11307466826903613,0.12149006963915891,0.1477467299451367,0.09405453012552795,0.12896534145457017,0.17701809017784773,0.05199851184173331,0.06241453824579261,0.07918699746822619,0.1600530867119209,0.06052870067453851,0.09171061113677118,0.07356626692444707,0.05487992631774551,0.056225553497957347,0.09563226094768675,0.17460356545284617,0.07156217106479369,0.10129149999906138,0.10502958642364167,0.09053407517980475,0.10346968806076157,0.15371257144849643,0.07838955358041721,0.047688934787539605,0.09493673087655177,0.06912347757632792,0.17159119756335398,0.3202288997077102,0.09014088826988186,0.17118678988714706,0.1329465954341683,0.19152134262444015,0.1546135042418803,0.13877905695839027,0.08283886788795601,0.1488927464833114,0.33460554467675013,0.1269758884670117,0.21591272361648128,0.06922639806302944,0.0709820499766393,0.07410256107869431,0.1756689175466925,0.09809439983838854,0.1648004907865574,0.07631964608610238,0.06468286157659632,0.13803066060463653,0.09266491411095182,0.11467179634241159,0.13540780090012236,0.13567692430621311,0.1970687498195973,0.07295055768971963,0.0,0.07442681344053283,0.10043614928589743,0.12909662029727592,0.07582333733541173,0.07920521288437644,0.1415174962331963,0.06813763810117188,0.13549372431092574,0.07855719067245429
SWE,0.2329028001637613,0.12453973135324889,0.10713024220117517,0.08871424778965543,0.05780649067402788,0.08264543604410822,0.16451486565562984,0.11674820791023088,0.13937085546345537,0.08820327760463836,0.3171308219194079,0.07581839217285151,0.08299994473307179,0.09620381883394567,0.08516395462386009,0.11020514173651133,0.11970125916621174,0.1459589956576439,0.09735615730704096,0.1306016690155672,0.16999506578224535,0.06862970795360113,0.060978955920540576,0.06797639844777749,0.1587916684474004,0.08570790698684545,0.09703671050708318,0.05248361473026794,0.06888388137947468,0.06840652326778109,0.09413456193229178,0.1776240511792409,0.08998207637788543,0.10456738399844923,0.10515269939113052,0.1025218166601107,0.1183434916313994,0.1553015859161981,0.07522492553244554,0.06938508307922855,0.10277091841416168,0.06529808276686387,0.17319814034238434,0.3204280184277977,0.08732847242771745,0.17867472803984774,0.14407418602519595,0.1892905623651974,0.15451419994325558,0.13890484052789648,0.08352568931940478,0.14896496025230985,0.3446027154721922,0.12763980589541127,0.2250107420099101,0.08964848041104821,0.07108492297536373,0.07426400761585657,0.17959668496729803,0.09971567231583119,0.16455233653425477,0.09298832115250057,0.09941894275862732,0.144312506530854,0.09301268300696461,0.126238104668014,0.13885650971920727,0.12962774712144043,0.1995998490094083,0.08373084686933085,0.07442681344053283,0.0,0.10317986084711282,0.13310954749140724,0.08144546843671055,0.07330032253348535,0.1442241789259776,0.06069503147853362,0.14463050881548362,0.07639883890288736
THA,0.23349326245097013,0.13276171611385623,0.08762162044359796,0.10708637826834025,0.09036173894630121,0.10946392367168163,0.147593952334646,0.14621358349965652,0.11063552546306508,0.0831800013458875,0.3134131037203179,0.1083910940022639,0.10841577488473254,0.11591864749942365,0.06949853336952579,0.10411716312134803,0.10071220909022353,0.13205696371532896,0.08548411251946207,0.11052033627227144,0.1870852000891725,0.09150541128364617,0.09974096322996213,0.09179546313674326,0.13994018738951258,0.09099932442054914,0.09647342679543874,0.09905032413703427,0.09203757052342752,0.10008265883656804,0.10171258940227379,0.17168249772214264,0.09259275624308488,0.09126154790224286,0.08901662489473541,0.10047110825494078,0.12110027770748426,0.16940246804384204,0.10347724626409104,0.08928718432766386,0.10057956861837018,0.0923169890798774,0.1882452308040747,0.3261414930803963,0.07370820522430761,0.1677236550655798,0.12462539404538533,0.20844113015868015,0.1685617785186168,0.11488364639833519,0.0760521461663751,0.1213381436657848,0.3332276388558401,0.1139759402949103,0.2131162852219538,0.11173693272059085,0.10208853984409394,0.09242014035332374,0.15989759282737567,0.10554340162497036,0.13200354868230188,0.09821835525960122,0.09861955954352708,0.1259063218180075,0.10562055986574236,0.13466916223696973,0.11862667446226381,0.1300470647638131,0.20543408353866746,0.09822885656794016,0.10043614928589743,0.10317986084711282,0.0,0.1050463104101936,0.08198042274552776,0.07395113154480434,0.14156164119380288,0.0962027964604363,0.11502824760928547,0.09904856815908891
TUN,0.2560891893870437,0.16869612695366654,0.09829273333072057,0.13149988993454542,0.12679279185798317,0.136859156011786,0.12145835858618585,0.1624140493282582,0.09228148220711238,0.11903638573364826,0.33662251647947566,0.1432556568790998,0.14868753369627055,0.1487081693870761,0.10744393424319151,0.11134337770272645,0.09299427392662908,0.11014329210764001,0.11193918697632792,0.09617256700158232,0.19947888235892705,0.11770645508490557,0.13335954862985416,0.11161783212510516,0.16673309731704666,0.1173426896792901,0.1094664705954759,0.12976292767240197,0.12100863750882697,0.1339891301489006,0.10565712744446416,0.21924280650817557,0.10301798832860407,0.08460382597283664,0.09658851223481352,0.11232814199311116,0.12501433701622613,0.1876755630541029,0.14039484279203576,0.11688407397956026,0.12457513285619243,0.1355572648743877,0.20424566001986175,0.3182911590199248,0.12232716800888313,0.15230329402303242,0.12762334967167255,0.22223234306949,0.17756762953898073,0.09258444043928367,0.12340503720768925,0.17322723872906562,0.3067544697306312,0.14924481094608102,0.22802380147066023,0.13302090341109074,0.13486198656603504,0.10891339699705994,0.16011414375591101,0.1352651609650266,0.1013919318246644,0.10693347029334704,0.12132730955443981,0.11995155977573956,0.14330862814246836,0.1674597734858904,0.09090984154336086,0.18147820956277388,0.2226211202507452,0.13444200396684383,0.12909662029727592,0.13310954749140724,0.1050463104101936,0.0,0.107666166596994,0.1204063540471758,0.13916254980376316,0.13292755028000572,0.10012102659894578,0.13107588960827637
TUR,0.2308949560477238,0.1271475993785375,0.09052691935260086,0.08966665495806916,0.07115042555254998,0.09099385846715874,0.133299356572897,0.12927634854188572,0.12009630607210954,0.08151774037695314,0.31763574613177115,0.09485779393225441,0.09933715027197097,0.10353015431545369,0.06158394465958411,0.10010541595706196,0.10587614794793127,0.13332144752647157,0.08097042637371321,0.11659637176560539,0.17693020561148076,0.06708757012945595,0.07623259022280866,0.07744834363827142,0.1488430570598754,0.07911989108801425,0.0855932823390096,0.08075398992293346,0.07527361558669299,0.08190942635309643,0.08674784733619978,0.1899884257218081,0.08385271446737683,0.08880455181432448,0.08687296778091438,0.0819531858548109,0.11670711576607576,0.15793551558539662,0.08758280501348902,0.06602270096763219,0.08131940195008618,0.07080548859837912,0.1764579107624971,0.3050581353039345,0.08138448197834663,0.16212376586535354,0.12383829681124699,0.19594331411492344,0.15571168560591472,0.11661836128807436,0.08182144986863889,0.1475106340472042,0.3304218280598342,0.12295903759409046,0.21164513254551548,0.09983292403707023,0.08711835525969482,0.08342938371491863,0.16432435492154487,0.09410219213800065,0.14784628309921313,0.08469851437328073,0.08925298305650364,0.12368050113326179,0.0888663165406015,0.12740085345552019,0.12386311448339438,0.14193464256579066,0.19796468533213202,0.07744257657342665,0.07582333733541173,0.08144546843671055,0.08198042274552776,0.107666166596994,0.0,0.07320057958982466,0.13038081163068263,0.07958219578357666,0.12052536861350092,0.0768610243758877
TWN,0.2355531793133031,0.1282427141777174,0.10061003851540912,0.09530702955274886,0.07278797819051352,0.08964793303527466,0.14654868247646738,0.12826289150838624,0.13066639177772102,0.0845604931658689,0.31876930712710916,0.08834731639798013,0.0902724883748582,0.10822029543339537,0.05673902388030577,0.11234840306909372,0.11749577669320886,0.14570272632913808,0.09106588668844115,0.1249729113704594,0.17254650043991984,0.07578280568745688,0.06959627178138227,0.07537309275884563,0.15607777617480076,0.0839888122424072,0.09531895263174842,0.07280616321497561,0.07529732068167855,0.07917189084769688,0.09546314454812245,0.15865537355754744,0.09084181534099303,0.09935067339852312,0.09704839304551938,0.09559638390269712,0.11692355004233883,0.15980579429727496,0.07530932610493732,0.06829278316051564,0.09591085021054557,0.06261853622792947,0.17978295594241486,0.3130540480697981,0.04971416372242968,0.17448726896847208,0.13804276211296795,0.18831109738412619,0.16048921328205443,0.1314638754778359,0.06555102870837781,0.1258433161744197,0.3373591646180649,0.11865090801166699,0.22027502414904135,0.09573403025684901,0.08485795655124245,0.08639113212966563,0.1763922003562764,0.1020088071486995,0.1573408679021688,0.09367510153601873,0.09683444298783894,0.13532366347850602,0.0978881432863721,0.1240155560204727,0.13494075572339545,0.11298712446268519,0.19662487834921952,0.08605698948881532,0.07920521288437644,0.07330032253348535,0.07395113154480434,0.1204063540471758,0.07320057958982466,0.0,0.13643391146470135,0.06690326876882693,0.128325166359878,0.07976130227704013
UKR,0.25814583049496403,0.17856936299122142,0.1179857474326871,0.14087753665584885,0.14602889643721806,0.15188859079014158,0.1621431456151752,0.15756679595155257,0.11346414653303495,0.13816245182130857,0.3408119875934813,0.15287995501446497,0.16094858916004348,0.1637474331035095,0.13549442009835946,0.12917089864474038,0.1352542215070262,0.13518020747816703,0.13594154211437345,0.14956910547044225,0.21440089235349843,0.13351182056069955,0.14928337797487187,0.13438044414212122,0.17881826381529958,0.14661766470593166,0.11462343030560733,0.13607563936548908,0.13884376568842124,0.14798140174281788,0.12217949597894126,0.2259485820923027,0.11978189216034045,0.10142058646462442,0.14346624469692273,0.1241060129378256,0.13839169007224048,0.2023061117402631,0.15344093580694643,0.14215277274568935,0.13569812484407456,0.14401565653171214,0.2049135459944357,0.23060349798310403,0.14890139652915285,0.12365882705712063,0.09852845215012898,0.22936994858858245,0.17354986895351454,0.13695329789583063,0.139252017326354,0.19773494290895874,0.24287621169203705,0.15688605812392195,0.20611723392291065,0.15079525038527397,0.1483524886416011,0.1331246562427562,0.13624859808053497,0.15304978247858872,0.14598758811508897,0.10161456690027046,0.15771661095972525,0.07776022208067873,0.14084187198861314,0.17257269168674186,0.13414578864624582,0.18901210916645408,0.23132225659915778,0.12523631549882702,0.1415174962331963,0.1442241789259776,0.14156164119380288,0.13916254980376316,0.13038081163068263,0.13643391146470135,0.0,0.14561071999839917,0.12223563476757551,0.14293806861778238
USA,0.2293216782534562,0.11841041348592965,0.10303593384983638,0.0806290468897973,0.05908841095392305,0.07444808033276579,0.16099768139966356,0.11310568707583253,0.14124501998880062,0.08037306326958416,0.3137005524510086,0.07150138399418517,0.07886076475968468,0.09526780571378432,0.0785341392371595,0.11464628533724337,0.12006441410829281,0.14795900454733285,0.08663595452350407,0.12892782195684163,0.17159766009562433,0.07321422352269709,0.047504313503518976,0.06648539097558241,0.15281937362539316,0.08332124110395797,0.0963128221971016,0.06793370500110038,0.05220564192956644,0.05247194412875597,0.093014629513973,0.16118477917502447,0.0871662216634098,0.10263011589501651,0.1039548186666287,0.09738668147737645,0.10801687800737576,0.15161804350010477,0.05527962490295923,0.05955705821851184,0.09924951941786339,0.06267465366029704,0.16795854165329607,0.32776365205709596,0.08105638719572535,0.1776198675708964,0.1430021324832068,0.16628726810817324,0.15790098462014415,0.13899673136613627,0.0704270587393649,0.14305771792665098,0.3433275404247008,0.11079105444454569,0.21878708601085337,0.07543796463038759,0.07066598935529052,0.07504666991497437,0.18067917786747312,0.09092747178482596,0.16785307547554784,0.09298119019584668,0.09677151554169862,0.14527623106293275,0.08619082918532268,0.11410440937855326,0.141041411312307,0.11806250000923117,0.17895631328281975,0.0863104936974564,0.06813763810117188,0.06069503147853362,0.0962027964604363,0.13292755028000572,0.07958219578357666,0.06690326876882693,0.14561071999839917,0.0,0.14146142850884,0.0635447008279017
VNM,0.2502989577584707,0.16758998575607778,0.10473551777461938,0.13579763226833236,0.1400192441132218,0.14679081266896812,0.11756441660838814,0.16342817854516678,0.10487762463457109,0.12783715312400445,0.33542348019227125,0.15110042154906284,0.1559735945975763,0.15323237998049163,0.1155401246309271,0.12048507071462178,0.11898473957588572,0.1318462815583223,0.12044335775901858,0.13191726286092226,0.20877256048236495,0.12982993210310367,0.1451698139488235,0.12914792303736283,0.1646486707332692,0.13247110156022388,0.11319101516890889,0.13822833670732873,0.1329960453200786,0.14222746571133932,0.12026224403854224,0.21985262525730806,0.11349968425697401,0.10278934111160191,0.12261677001925657,0.11605030148090212,0.13237359581382907,0.18731026951347407,0.14946912239001378,0.12865088137129346,0.1269435319572208,0.14611558946974718,0.16870547695208832,0.2980572817899822,0.131723147378495,0.13798334373614154,0.11173190765985079,0.2316139632029051,0.17976186141478745,0.12113872076334872,0.12638902109129124,0.1748264439026247,0.272823140196431,0.1472069629497515,0.2195021539910668,0.1438079258072739,0.1428755234254911,0.12111345371022589,0.13968886384877569,0.14412972942853922,0.1323470353722103,0.107817270608111,0.1333791207788502,0.10166864843011118,0.14346159644443326,0.15491201052140627,0.11855002621600462,0.18507815268232589,0.23362081320334108,0.13677129308761515,0.13549372431092574,0.14463050881548362,0.11502824760928547,0.10012102659894578,0.12052536861350092,0.128325166359878,0.12223563476757551,0.14146142850884,0.0,0.14403740220186517
ZAF,0.23164680551506095,0.12058282332874341,0.10358549679442426,0.0877214274009729,0.07071432412104182,0.08953199809034192,0.16551763196272534,0.12465135841773421,0.13760045343681626,0.07995673952295901,0.30693829413940477,0.08647149480938819,0.09627050522552136,0.10316483434010601,0.08407316636168348,0.11275430567762626,0.11851638076611021,0.14534310956692745,0.0893916597458673,0.12917657970678872,0.17720556275275529,0.07448862536538024,0.06939021057112646,0.07741414233799347,0.15329037863800823,0.08779496753599968,0.09939329300306513,0.08016106018895178,0.0706062905602115,0.0741406077788227,0.1005607552415627,0.17735883984072945,0.0899589156668768,0.10298319546342244,0.10438283816317835,0.09470307250054012,0.11768053097299538,0.15860356056332975,0.07637112942127522,0.0735840787346156,0.09978014225198409,0.07491660773167676,0.16942900661290794,0.32284576839523554,0.09359224375633372,0.17796500021785697,0.14183656118599547,0.1807345758022892,0.161220612901459,0.1353686794858899,0.08560897057757931,0.15560570460998638,0.345208546551626,0.11566960879156762,0.21998507021660743,0.08978726033623037,0.08125717318631742,0.08564748736983845,0.1813612064505703,0.09205503761899385,0.16224869043225654,0.09678135016743485,0.10235160060633583,0.1428779101222865,0.08992021812501928,0.12003118253941103,0.14030069641758888,0.12886292432910532,0.18009422763738803,0.08620091018291504,0.07855719067245429,0.07639883890288736,0.09904856815908891,0.13107588960827637,0.0768610243758877,0.07976130227704013,0.14293806861778238,0.0635447008279017,0.14403740220186517,0.0
