,AGO,ARE,ARG,AUS,AUT,BEL,BGD,BGR,BLR,BRA,BRN,CAN,CHE,CHL,CHN,CIV,CMR,COD,COL,CRI,CYP,CZE,DEU,DNK,EGY,ESP,EST,FIN,FRA,GBR,GRC,HKG,HRV,HUN,IDN,IND,IRL,ISL,ISR,ITA,JOR,JPN,KAZ,KHM,KOR,LAO,LTU,LUX,LVA,MAR,MEX,MLT,MMR,MYS,NGA,NLD,NOR,NZL,PAK,PER,PHL,POL,PRT,ROU,RUS,SAU,SEN,SGP,STP,SVK,SVN,SWE,THA,TUN,TUR,TWN,UKR,USA,VNM,ZAF
AGO,0.0,0.2504184793634602,0.196967048225331,0.21793224064112268,0.20859281972908683,0.22230587515189384,0.22412784304057265,0.2118381320642915,0.21651630723799226,0.21381781783587764,0.4350936442444323,0.20893200552085806,0.21463670098406779,0.217532091676648,0.2102771622531087,0.21944637869916214,0.21746375299666032,0.22937054052050074,0.20797278405320896,0.21595024359702328,0.24403466439759,0.21698624138946146,0.21746485010491143,0.2143046149174915,0.2220970712655163,0.24100520022038774,0.2155213863751613,0.21623523088348054,0.2128316324211164,0.21481454510496303,0.21876282905831138,0.2630597786355093,0.2055106939422388,0.20656156757633146,0.20672208233265021,0.19900032310686833,0.23834516869628308,0.23129209463770894,0.2200776334454155,0.21239728493772891,0.21410940648415414,0.22199499882781842,0.207058326146313,0.3495685728832338,0.22401180296851475,0.2114599972545273,0.20532919287375825,0.5592570538172397,0.22982351902056042,0.23539842645395193,0.2097685674524174,0.25288425997230296,0.2717761143789693,0.2152507033936861,0.23738099700146822,0.21992075108687303,0.20484734018263268,0.20677322898115502,0.19332702601968804,0.21031095511192005,0.21955632299051106,0.21014575689781254,0.21655486050044873,0.19122743611297027,0.19940632653421714,0.21685730488094795,0.22137749871891366,0.24449276780760185,0.29286357356959786,0.21435766957181415,0.22696820333672743,0.21658070853199587,0.21848846658282306,0.20857522827116468,0.2007478288266544,0.2414636606153581,0.20679793777115568,0.21828844299792113,0.19961220910652483,0.2127988561786875
ARE,0.2504184793634602,0.0,0.2030907547326091,0.18706826828779338,0.19487863013610496,0.17058329052835414,0.23738356860660648,0.18551985142573912,0.23381994434086872,0.13464171872757433,0.2602717387631966,0.18302025688343365,0.20168709408928104,0.20078362523531107,0.19453043435682704,0.19506365689632948,0.20784555071195882,0.2575423513860091,0.19017330986263853,0.20399809864766386,0.21314643125299754,0.18755390351199622,0.19181493624492546,0.18897104655201694,0.16806575209340963,0.1992233637084494,0.19797277867934301,0.18324409594571203,0.18541477547956955,0.1878291633228393,0.20043750543725095,0.25337332873449875,0.18297996349603965,0.18805537199875388,0.19927761101777963,0.19017750186097698,0.20564097447738797,0.20430829584218163,0.18945172777544714,0.18187476594626126,0.1955061809243507,0.19639720356326865,0.2102230816615267,0.3768017147072273,0.19668751400052817,0.23962816658446554,0.18100561946498364,0.5424925244872963,0.20285388892485642,0.24717812052005572,0.17395158583804193,0.23956309735007775,0.3379837990972277,0.20128571668534623,0.2515465454929776,0.18747993425581663,0.18010969838809812,0.19576162293122523,0.2292837231475713,0.19556905545439998,0.23828706554487508,0.1866459109921895,0.18938918823609127,0.19623944070324656,0.17892311092627705,0.18585532958493944,0.2113544483218764,0.18630762714961321,0.2736575055789334,0.1947436517564577,0.19245756856296145,0.19175238287824428,0.2078653260704288,0.1988901708696526,0.19739811593132126,0.21193305369327187,0.21691999660861846,0.1918471162588537,0.2164595314378697,0.18756881139248283
ARG,0.196967048225331,0.2030907547326091,0.0,0.11392844072552835,0.11476737950850054,0.1127104778283308,0.13810145849149966,0.10335750835889691,0.08681353206079742,0.09703513536577461,0.39996976717429505,0.09360271009734146,0.1185860478354631,0.11404870450627756,0.08778940436441625,0.09947239568240807,0.08803602183586613,0.12021900369853468,0.06461220989899716,0.08942462454084808,0.15537762307514918,0.11276869200683055,0.10605343015286511,0.10059753039865894,0.11573137050757207,0.15219659497776208,0.10604802295528626,0.10603811880405418,0.10440904293716162,0.11976044854113438,0.11197030099669109,0.20657532717432986,0.09235793374188994,0.0798023389780211,0.07534835551524245,0.07096412830752868,0.14557611594267691,0.1284418598382542,0.10330762889408845,0.09723437713096984,0.09482659833002412,0.11011859815549316,0.1320942766267617,0.3149791056184846,0.11107972949972231,0.13353464727269354,0.08952680766183117,0.5202935316926779,0.14508710689069212,0.10217831630454975,0.08395727613523915,0.1853388743617137,0.24704092970603023,0.08910154244869571,0.14738994825462232,0.11126058157343577,0.110957600717755,0.08979235698947009,0.09287007223897097,0.07637527549178884,0.09742796117010664,0.09010745412853594,0.11730068183868352,0.085343210632867,0.09694289972913683,0.11374041322767293,0.07848378470899525,0.1618166281220585,0.22079622187625791,0.1253294194699827,0.13285485530124855,0.10781863257468298,0.09699719045505084,0.07833550785099228,0.08851578694464939,0.1432412096661123,0.09998375106910637,0.10291672528026431,0.09283231984734151,0.09108757366731635
AUS,0.21793224064112268,0.18706826828779338,0.11392844072552835,0.0,0.08797828158292234,0.06787974325531651,0.1633320342465795,0.06027713017042355,0.15130659599523708,0.11704542934229611,0.39990905892539713,0.08901978292501411,0.10605108177797996,0.10585192062417105,0.1118621885059174,0.12539273361053224,0.11820307657062841,0.18146327398563356,0.1075511193462761,0.10343564258845654,0.10344011551553466,0.05987274449129309,0.0941794463468989,0.08115735512641706,0.15339777375321798,0.07697128443300666,0.099504017219638,0.08994977265087886,0.06293683087525291,0.05449944465759895,0.10838363948565635,0.18052650960374345,0.067875357909761,0.09344602252310646,0.1111669343412279,0.10257438708959958,0.08269308485582251,0.10770448757010877,0.09628361858628282,0.06446775345187702,0.1093741066912911,0.1093232918401833,0.13797943467402152,0.3335243259651982,0.11489097744844526,0.17308879114503117,0.07637825458707254,0.497204198559291,0.08087545919700598,0.17162644468003693,0.09775676684891513,0.17242306970335766,0.2873421545440723,0.11858649076162345,0.17665260000638716,0.05136595636740809,0.07353163973421997,0.07380018255144256,0.1531639177383568,0.10372921876454745,0.15878482938624167,0.06448421203757615,0.055644674402888894,0.08759810931203725,0.10643170200496345,0.10442986148694836,0.11073695490122032,0.13634430485564458,0.20236959322326908,0.09089434731254616,0.060023562693933705,0.0969391586633733,0.13436220007431063,0.10694236314636396,0.09834382940569922,0.14746366273141917,0.13750607295210882,0.09223372079918161,0.14568933117915678,0.0935327404188283
AUT,0.20859281972908683,0.19487863013610496,0.11476737950850054,0.08797828158292234,0.0,0.08108209879190215,0.16598378592225813,0.08678596962736997,0.15505468849461096,0.10893306358655094,0.3988301159395862,0.08505932882224089,0.0654074814487612,0.07836672889393356,0.09545577860412478,0.11991971918340713,0.11932867748704645,0.1925474691110901,0.1004371807551633,0.10913982143351916,0.13054132478424532,0.07145841096171697,0.07083549261593257,0.08804855593079428,0.14590562446037972,0.12486767818547871,0.08833921517975464,0.08155368459830198,0.05970156964924617,0.06306985543301942,0.09537694618337983,0.17820303100494295,0.07568509428472356,0.08447619655503974,0.10653996601749466,0.11158807150342312,0.11953498330072619,0.11194011427005744,0.08591648687082587,0.06703318033712864,0.10999887038686568,0.09406630681441268,0.13892011034819318,0.33064002465771253,0.09810073608755972,0.16899885219057909,0.08428493090729491,0.5023723595305998,0.10527421922713442,0.17583447949902073,0.10041096063521446,0.15074458521041315,0.2944972794057062,0.12614452619355393,0.17978813585833786,0.08159325887249562,0.093138212722832,0.0815020477492864,0.1472623851858263,0.11057270630330805,0.15607182882109188,0.08387295055126989,0.07208866221694242,0.07946207222402885,0.08699947132318155,0.1133540562070929,0.1211918675740312,0.14052608930940363,0.205822817962006,0.06823328912450878,0.0982550687890482,0.07312085267497778,0.12350161254866156,0.10707340612822158,0.07112430697287701,0.13622761742399345,0.13577880173576784,0.08717963113984958,0.14132707027552838,0.08775536428102028
BEL,0.22230587515189384,0.17058329052835414,0.1127104778283308,0.06787974325531651,0.08108209879190215,0.0,0.1642361780582134,0.07053100792954956,0.1533558757387718,0.09499240133497022,0.37862921589242476,0.08337186471436918,0.0962314910097507,0.08962780352292542,0.10392265028580641,0.11490056583742073,0.11404320937449967,0.19143160792243122,0.10414932181230634,0.09854743304949706,0.11453927512946084,0.06424383436988947,0.07482147723316758,0.07955650422314563,0.14694093352666215,0.10339389655736997,0.0891992135491484,0.07724466169750659,0.055913852816729864,0.059945273851507955,0.09913502154572969,0.17606074289235626,0.06835095663074967,0.0830725309326178,0.10977089279542386,0.10473476271170645,0.1020398183532297,0.10686136812884506,0.07752954337567682,0.05190511226110608,0.10697321369333597,0.09424022046575194,0.13714517126040174,0.32941353958437597,0.1014375036279312,0.17733103237305617,0.06988605544545252,0.4977071882256901,0.09974445677009622,0.17310674180168084,0.09028176321235368,0.1716986967197215,0.295462239867296,0.12057082362911624,0.17512193080385632,0.04950605852856253,0.078824070969811,0.09098782451723932,0.15749766487830066,0.10507639886039516,0.1596917119191251,0.06541841904509108,0.07266569999905213,0.09158373213142716,0.09907949134651135,0.10580309696375254,0.10895768169308749,0.12525765137977615,0.2022705912050234,0.08977900545121226,0.07619642073934424,0.0835224995861073,0.12990187383794247,0.10260061688397776,0.10087072920199815,0.13048699474654651,0.13131144633206515,0.07942300063769109,0.1469662836654314,0.08700587266373871
BGD,0.22412784304057265,0.23738356860660648,0.13810145849149966,0.1633320342465795,0.16598378592225813,0.1642361780582134,0.0,0.14296865310823664,0.13853938063804871,0.16228538258214958,0.41928286640409135,0.15548877075686995,0.17376050511644037,0.1642093824867658,0.12836865065705877,0.1445344085900798,0.1481864803433613,0.17475364473388083,0.14650817200673885,0.15635413575869553,0.1879644262964116,0.1630418214000997,0.16234149513473542,0.15618866648925456,0.17989217478833414,0.19086647132349094,0.15598854932675907,0.1582522144870202,0.15827332183551332,0.16803250592684058,0.15879395615808684,0.2295525230626322,0.14837718787979534,0.14550984842084588,0.1427272395931502,0.1269415321983285,0.18790377093053393,0.16806926784671666,0.16140185902358437,0.14573853648962723,0.15267852027419354,0.16419774137843873,0.17800602719602776,0.31116420076407714,0.16212184653577433,0.1603434143309675,0.14452915549928985,0.5317278168439732,0.18205605802772787,0.17227147643221993,0.15530306599207144,0.21910386086064076,0.22337076580818743,0.1719387969345278,0.18099536779668293,0.16427767167589408,0.16394833147612678,0.1544059607177093,0.12927176744571542,0.13802745948326212,0.16485550054909148,0.14922484521492868,0.15760048275991853,0.13618128592315154,0.15916528560746504,0.17019166260973217,0.1505330230283293,0.19937248603000624,0.2472328949089271,0.17279063733792596,0.17076599157845396,0.16056744557845729,0.14922840685539857,0.1358500392921426,0.13006785676322224,0.18595107794945331,0.14886178331532285,0.1629271839741368,0.083496530284069,0.15497776613898534
BGR,0.2118381320642915,0.18551985142573912,0.10335750835889691,0.06027713017042355,0.08678596962736997,0.07053100792954956,0.14296865310823664,0.0,0.13255095326642843,0.1083339946735958,0.39664262030363096,0.08652290904695231,0.10863071265895317,0.10243016953199605,0.09196091699098677,0.10175403582867582,0.10482607546420597,0.17448323170745805,0.09682579259742355,0.09538317900462984,0.11026033107695152,0.058734740224132595,0.09161926049082403,0.08117234610413938,0.14781239039022037,0.08230017735049702,0.08766874041728195,0.07734820458838775,0.06735928554056371,0.0766569518064164,0.09950195253723383,0.1865886090039876,0.057335113285025434,0.08063562145440673,0.09629933151447183,0.08615330417306365,0.10296450592115325,0.1063040116839084,0.092668991720288,0.05465718533222706,0.08786927650659464,0.09872012152470716,0.13322946266839167,0.31694857540364046,0.10612838298750243,0.15871072988503765,0.05733545385967304,0.5163622740893046,0.0825869392141871,0.15596332426105192,0.08796782977293034,0.1707861130543101,0.2736001592705582,0.11865566353864555,0.1600479996295472,0.06802784830100574,0.07614476645152711,0.07795770782438692,0.13983785860531456,0.09512605895284316,0.1455441625221924,0.04535794226774398,0.05933761959251006,0.07003874666062723,0.09419897533669587,0.10220637228358649,0.09701983418336547,0.1347429436965812,0.2140105186546127,0.08643739462045855,0.06479666396747663,0.08805841311561953,0.11861411602892147,0.09097472139359018,0.08368980127483576,0.13686679088164425,0.11661236872154546,0.09819368483367875,0.1273187506145526,0.08656178147663375
BLR,0.21651630723799226,0.23381994434086872,0.08681353206079742,0.15130659599523708,0.15505468849461096,0.1533558757387718,0.13853938063804871,0.13255095326642843,0.0,0.1404640078068488,0.4173686439388282,0.14264915549772286,0.1605379414078227,0.15419850863721166,0.12296398735933478,0.10884875015461978,0.11303258691093779,0.10696993739135523,0.10411769039663758,0.1202363317576529,0.17798489237268736,0.14800234652916833,0.14863089588556752,0.14293217958942145,0.16127050378156618,0.17570276127525672,0.1457250700076075,0.14715276596778148,0.14430551075228676,0.16097086737951136,0.14961156926795535,0.22968221822799234,0.1309952099500916,0.11763061993103131,0.10148561146485992,0.11202689292613355,0.17476690162349412,0.15552848327292787,0.14913022180961585,0.1397679972511003,0.12609938262898068,0.15372403489156092,0.17498269469762015,0.320787315952544,0.14875389505362083,0.13656875717735265,0.12613869438351202,0.5314812301654626,0.17187644185037032,0.08520255488345996,0.13339684839986912,0.21126571189841212,0.2278296123517771,0.12358541665552208,0.13068222122990208,0.14969536000937023,0.15317971375464076,0.11959343455449604,0.10269776849904462,0.11261278211129007,0.0732736290748277,0.12104024470993524,0.1485222220166516,0.11143069422868494,0.14189563490043133,0.16066233783831527,0.09496046467005617,0.19412375419498434,0.2462275587201592,0.15911200284275703,0.16650939831453176,0.15166688305383846,0.11819430617934244,0.1114366605945048,0.11912619094146402,0.17946538020207622,0.12164301507238483,0.15198825456287451,0.09983862499226144,0.13306310937397928
BRA,0.21381781783587764,0.13464171872757433,0.09703513536577461,0.11704542934229611,0.10893306358655094,0.09499240133497022,0.16228538258214958,0.1083339946735958,0.1404640078068488,0.0,0.3326783154228637,0.08852862690677317,0.11408309816168065,0.11213320149209957,0.0993110722911149,0.10511483103682943,0.11182364320448744,0.17394205927312917,0.08643871000025881,0.1035905750673988,0.15627447515083684,0.11173272843953795,0.09883142780460932,0.10254701652549718,0.10597629861455204,0.15317538762740568,0.11076683530818732,0.09741233835090901,0.09907861101937361,0.11293429810213416,0.1143334222190581,0.18981295910796486,0.09697530363028234,0.08323906757753273,0.09653400927051273,0.095483666462654,0.1491619639079516,0.12985654974678015,0.0985319795918583,0.09218797661846499,0.10810769270007367,0.10596912986441596,0.1383912303311351,0.3340731702604736,0.10548951083468784,0.1613790288258475,0.09255068150301614,0.5130052609591941,0.1487817016143848,0.15270354728967048,0.07876582980219714,0.17969866018616887,0.2842374385339983,0.10805638274843042,0.1743910491983144,0.10892808627114305,0.10941180783548102,0.11009753099926169,0.1391722781020489,0.09835014995922776,0.1398259793253396,0.0978304737452761,0.11739125509306012,0.1098529237796034,0.09336148350990169,0.10731484538301005,0.11679596227681908,0.13919663235947013,0.2155401059381825,0.11667141900160781,0.1325594441603024,0.10248340115327412,0.11328311265282526,0.09927324930470198,0.10346801784063121,0.1362563242049998,0.12884977900900868,0.09854304949472718,0.12921354240595845,0.08734095953258965
BRN,0.4350936442444323,0.2602717387631966,0.39996976717429505,0.39990905892539713,0.3988301159395862,0.37862921589242476,0.41928286640409135,0.39664262030363096,0.4173686439388282,0.3326783154228637,0.0,0.38740421517413187,0.3998403276723378,0.39782480440700735,0.3933948592680089,0.38502000885570015,0.3993021936727406,0.42980867232832554,0.38723071691257727,0.40219172569483497,0.41615716411128556,0.39806857682199615,0.3933590317725149,0.394437144768199,0.35472971251360624,0.40923864103552426,0.398107101776586,0.387356250588445,0.3935771589309464,0.39855028687379934,0.3979538412887215,0.4319303436553148,0.39100811626217763,0.38923181389730627,0.39482791185128885,0.39005873395071594,0.41247332900195244,0.4043737411732884,0.3904328086291896,0.39085645038112843,0.39520669104973655,0.3944597015488041,0.40045430084694456,0.5090220742168922,0.3940333667409897,0.4138275257287919,0.38545974973143043,0.6505901547465118,0.41059138562662056,0.42401483362933623,0.3791269198440927,0.4228758800751825,0.47931744416313415,0.3975054342390526,0.42664389109782036,0.39807770929571745,0.39373026920870285,0.4011208479508326,0.4116922135111709,0.39405690220913764,0.41839795015833947,0.3942408650075323,0.40053669278807436,0.3992114568087136,0.3847797559067011,0.38891729348772797,0.40643313276410475,0.37947976274730055,0.44231787533921807,0.3997273945654025,0.4044942075366214,0.39360063955603397,0.399614740337849,0.39315904248902833,0.397385345331323,0.400947612322693,0.4042355869003573,0.3934458086597771,0.40123059244775744,0.38698077900867167
CAN,0.20893200552085806,0.18302025688343365,0.09360271009734146,0.08901978292501411,0.08505932882224089,0.08337186471436918,0.15548877075686995,0.08652290904695231,0.14264915549772286,0.08852862690677317,0.38740421517413187,0.0,0.09136684287416633,0.08650312645351509,0.08369800951488528,0.09909103246269009,0.09741356784943189,0.1748340883906455,0.08357344442642324,0.09397488097738539,0.13879420175801702,0.08559656004231109,0.06265675907170007,0.07170533720432348,0.1311429279367729,0.14052159547256635,0.08039748695650872,0.06490790299863244,0.07160334958691146,0.08531636387077211,0.08167621956833873,0.18129519212880965,0.07583712114055695,0.059724523083131094,0.09043251990283645,0.08931834516774309,0.1358291563633179,0.10091859357513965,0.06384031206633897,0.06362529330161079,0.0849388895504451,0.07213277786526012,0.1157102249974164,0.327881625171105,0.08247591060298019,0.1640339125647165,0.07329208647656008,0.512423623781338,0.12935158740559893,0.160375173870161,0.06711316147458503,0.1695708640130558,0.2841714629716936,0.10549068137983877,0.16553340168037686,0.08059015051526101,0.07805559958586558,0.09669733127564939,0.14168710924878244,0.08042237622679037,0.1481556665602968,0.07746669120802376,0.09879312438053649,0.0929903034658082,0.08089782208054323,0.092766101799859,0.10658951381017863,0.1383880202988091,0.20231971474572646,0.10234849603229862,0.11007569379133222,0.05998261929905506,0.10993105389225158,0.08269111130476292,0.09428724360124077,0.12542616315835986,0.1181626739059958,0.06227654449857067,0.1336869231279776,0.06269195374677985
CHE,0.21463670098406779,0.20168709408928104,0.1185860478354631,0.10605108177797996,0.0654074814487612,0.0962314910097507,0.17376050511644037,0.10863071265895317,0.1605379414078227,0.11408309816168065,0.3998403276723378,0.09136684287416633,0.0,0.09041258485353396,0.10486471226680155,0.1245393405833441,0.12273038687575728,0.1970291045625802,0.10732283462742954,0.10959264115092487,0.14714305518127208,0.09616313402152395,0.08249000627803936,0.09068901008731355,0.1536827554664766,0.14913173657367101,0.10001410812996671,0.09229449078027184,0.08033733037505582,0.08318509991069534,0.10166015475890601,0.16881402494027992,0.09158517784098932,0.0905818845517356,0.11265305219943517,0.12268649568667567,0.12724117178770503,0.11957885166296868,0.08439765055515876,0.08337368897489478,0.11691232127017695,0.10100868738914247,0.1444608592561404,0.34112501817940716,0.1040564098309389,0.17509930149944483,0.09783865816298756,0.5016872416115175,0.13062133385909394,0.18023452560574593,0.10122747531251851,0.14524207841855094,0.2990629493505245,0.12862588600310668,0.17880718726112932,0.09580544958701513,0.10505976142393521,0.1009335097890124,0.1546565915493839,0.11746246472865982,0.153181244896268,0.10102596932086041,0.09967104550863319,0.10043822396650484,0.10003567386160181,0.11664593199616145,0.12843119652156398,0.12854528830620532,0.20915765410905718,0.09857196096616676,0.12150423783120418,0.08899676466001222,0.12251083872848006,0.11371706399999565,0.09563494795070633,0.13069271293814688,0.14281315926890087,0.08881693220362823,0.14953299674593112,0.09590125031419143
CHL,0.217532091676648,0.20078362523531107,0.11404870450627756,0.10585192062417105,0.07836672889393356,0.08962780352292542,0.1642093824867658,0.10243016953199605,0.15419850863721166,0.11213320149209957,0.39782480440700735,0.08650312645351509,0.09041258485353396,0.0,0.10258150643453769,0.1140408760722057,0.11015814518894809,0.1825673599518938,0.10135755304250518,0.11087765132827444,0.15175177056637784,0.09410580221761704,0.08498609076981313,0.09433100774737725,0.1492046694234048,0.15051714098664343,0.09559642316714187,0.08913051961148372,0.08346236214487429,0.09405889314356163,0.09093989031555053,0.1944571103567858,0.0842720872464636,0.08900521413542285,0.10932706218474261,0.11623390107701832,0.14412959002827327,0.10753740853317305,0.08125244909446117,0.08367721044672645,0.1051124163783492,0.1019671662777756,0.13603983043325912,0.3377136172884087,0.10648105855576032,0.16924982415683917,0.08838545046311241,0.5219657758963822,0.1325207992146437,0.17262641663033382,0.10125888477350756,0.16411985769763815,0.2910956816111451,0.13187326370654923,0.17266512953075808,0.09573359717875471,0.09798897133319218,0.09858035504888192,0.15203287810805655,0.09740175307637006,0.15165842929244353,0.09563230113477077,0.10370468391948225,0.09451801524388082,0.09468163962405682,0.12263582113987694,0.11012539696694139,0.1477882643036545,0.22202763428906014,0.10643602101845695,0.12016781096867495,0.08155080618840989,0.1213730904681584,0.10152857839558466,0.09754945878866278,0.14088909282374973,0.13677076757752435,0.09356157026334792,0.13877385385775015,0.08966337985776665
CHN,0.2102771622531087,0.19453043435682704,0.08778940436441625,0.1118621885059174,0.09545577860412478,0.10392265028580641,0.12836865065705877,0.09196091699098677,0.12296398735933478,0.0993110722911149,0.3933948592680089,0.08369800951488528,0.10486471226680155,0.10258150643453769,0.0,0.10212747830647592,0.10142467842330354,0.16908583862004348,0.08145014474089339,0.11110876787281447,0.1553996588012665,0.09512127177207969,0.08494319029770406,0.09811180091343956,0.12891749178277354,0.1450332731862894,0.10116405945213727,0.08004081155183149,0.09730473097602145,0.11210603277557732,0.10515913216633983,0.20362484280518017,0.09143362957528084,0.0748242466739388,0.08518163102962416,0.07937632360828617,0.14609181490094802,0.11783764812959971,0.0907808269574193,0.07876180252120366,0.09148045555415069,0.0785510454109673,0.1361503825389554,0.3122923772675474,0.06763175666003152,0.1580962055472336,0.0909742743116063,0.5251263175360543,0.13942635613756024,0.14466694399398677,0.07213229585177287,0.15346512326627157,0.2743350438124568,0.11366306190611722,0.1692300922933304,0.11036397098562789,0.10499231055511286,0.10521727299417703,0.12888323866243112,0.0842573487537681,0.13619056010235894,0.09035653458671979,0.10479029740393499,0.08682413553426002,0.09081815868155661,0.11731333723500553,0.10577121185253545,0.1324532880698355,0.22367450993198107,0.10266888790316825,0.12256092443290909,0.08935020774507098,0.08060699789860837,0.08680134182761867,0.0762358661344838,0.10015413063425013,0.11308655595683823,0.09841118319743826,0.10401558262664588,0.08352978716479643
CIV,0.21944637869916214,0.19506365689632948,0.09947239568240807,0.12539273361053224,0.11991971918340713,0.11490056583742073,0.1445344085900798,0.10175403582867582,0.10884875015461978,0.10511483103682943,0.38502000885570015,0.09909103246269009,0.1245393405833441,0.1140408760722057,0.10212747830647592,0.0,0.08435519842624623,0.15866760060596766,0.092140622444182,0.10473630555585951,0.16010228620180478,0.1166324560718855,0.11172366682366693,0.10915231662991691,0.14618640793016272,0.15761734184850804,0.09921398479680946,0.09919127214537918,0.11092713119940467,0.12843337382756234,0.11920169621889835,0.20640132255527893,0.10291941423708084,0.09361922051859894,0.08789739545054123,0.10820283369470858,0.15823817344943972,0.12711879457583675,0.10816609467143606,0.10057946121347687,0.09440780464790342,0.11948943896827807,0.14574910199111277,0.32947942779733713,0.12142164196416452,0.1558624931521623,0.08609266406329585,0.5283647297757825,0.14434010292305963,0.14000325854690904,0.10292839271545458,0.18933967875346702,0.27137820018552367,0.11493115004253057,0.13241657487231076,0.11984632909587002,0.11556700440986377,0.11001818782974199,0.137466383470913,0.08587455853237291,0.11620417570326928,0.0932181459750284,0.12267799338522942,0.09658382702603087,0.10786243735135219,0.13036799158125983,0.0914428032854181,0.1631538536702904,0.2282463570498516,0.133158141711666,0.13951814215829095,0.1052936126568872,0.11066416058413409,0.08950588027328577,0.1062054178457032,0.15306415237748958,0.11794674733541216,0.11566269607559435,0.12200362075212498,0.09721930604954994
CMR,0.21746375299666032,0.20784555071195882,0.08803602183586613,0.11820307657062841,0.11932867748704645,0.11404320937449967,0.1481864803433613,0.10482607546420597,0.11303258691093779,0.11182364320448744,0.3993021936727406,0.09741356784943189,0.12273038687575728,0.11015814518894809,0.10142467842330354,0.08435519842624623,0.0,0.15206113153924464,0.08116195182988029,0.09172549286124802,0.15569805429845215,0.11490952757742244,0.10958152190786988,0.10374400551664795,0.1439255973695379,0.15376449597788686,0.10138943875016548,0.10214464737646066,0.10847207859286159,0.12330424760151401,0.10848742993988904,0.20303468044691672,0.0991443821917693,0.08975343302888765,0.07889581619066002,0.10170948610504153,0.1563067134192195,0.12477311650483622,0.1060023739560185,0.09838202163712335,0.09560833564290674,0.11434968342936848,0.13863511262845307,0.3323659160805005,0.1169845213664867,0.1557651048890764,0.0922622217454106,0.5306987720074753,0.1439884974105029,0.1317061437624022,0.10053071017849559,0.18490461457975546,0.2763397467624939,0.11314449886340655,0.15165322943401618,0.11621841919235232,0.11387872422912783,0.1053031472314557,0.134283171150538,0.07692734970489497,0.11637586108137972,0.09312480230598652,0.11967656277819112,0.1003424280321544,0.10581387534117664,0.12348030390541863,0.08109922675625848,0.16312218751700955,0.22905670471678838,0.13378243163756803,0.13717622051627706,0.1074162724456931,0.1035943667613232,0.07664940722740604,0.10064000187683818,0.1523116699990845,0.12201139810783902,0.11180081873288576,0.12289282707843159,0.09339228297326789
COD,0.22937054052050074,0.2575423513860091,0.12021900369853468,0.18146327398563356,0.1925474691110901,0.19143160792243122,0.17475364473388083,0.17448323170745805,0.10696993739135523,0.17394205927312917,0.42980867232832554,0.1748340883906455,0.1970291045625802,0.1825673599518938,0.16908583862004348,0.15866760060596766,0.15206113153924464,0.0,0.14927803836531497,0.15800335505512308,0.21711036535418668,0.18767132710744894,0.18605015483844614,0.17984983612980374,0.1878730726877876,0.21615010130282034,0.17843303885178016,0.18240922666588308,0.18219983879200422,0.19811329812696715,0.18301396152704583,0.2583153166603464,0.16847363245771582,0.15595473270520502,0.1487422911210416,0.14492441348115132,0.2098464668205222,0.19609875505817037,0.1832450086980657,0.18104767460614887,0.16688203822762776,0.18833496539348765,0.18757123500751752,0.3199025131937968,0.18917005753060498,0.14678465300856516,0.16249818986994782,0.552639638451167,0.20545340298960432,0.11839488190735988,0.16853261257112784,0.2413536978441319,0.21722946191582276,0.1641654401946408,0.17367678818166488,0.18682226408263547,0.19140721160531335,0.15227834609331478,0.12164741604102815,0.14401191829783996,0.1170056998205837,0.16371235462171346,0.19111195383239912,0.14999890520976983,0.17595860202653685,0.19064502527052377,0.13711943287882108,0.22758238195506017,0.2710671924463768,0.1993146105096554,0.20178527467290908,0.18359365277851303,0.1633637209931202,0.14414017053587977,0.157377650337523,0.21279910921577838,0.1444940433356504,0.18616198191349398,0.13829497420225925,0.1677148453731815
COL,0.20797278405320896,0.19017330986263853,0.06461220989899716,0.1075511193462761,0.1004371807551633,0.10414932181230634,0.14650817200673885,0.09682579259742355,0.10411769039663758,0.08643871000025881,0.38723071691257727,0.08357344442642324,0.10732283462742954,0.10135755304250518,0.08145014474089339,0.092140622444182,0.08116195182988029,0.14927803836531497,0.0,0.08633236403928891,0.14832404979950561,0.10666255588148749,0.09863544023999923,0.09266147915149238,0.11466465554583195,0.14587600425140856,0.09889784488588808,0.0971255359265049,0.0946182781651989,0.10755312808419863,0.10194169747288008,0.199302445814692,0.08511871641143666,0.07793067302786735,0.0722635844294031,0.08004572753217569,0.14375960329293883,0.11529667914403258,0.09209801359561291,0.08754334203368108,0.08052569986588955,0.1068963884552017,0.13333899930973309,0.33171255830225904,0.10639240490434623,0.14585029687595683,0.08572410965661446,0.518087951351342,0.1396949767560607,0.11443110644479368,0.07901566337211453,0.173525752947733,0.2731944853154783,0.0905549325886279,0.15417694325374084,0.10597796445016469,0.10275889347327485,0.08878820566011748,0.11873905671503021,0.06598560346509162,0.10938197824124908,0.0888965141754047,0.10612769739187554,0.08944225209418347,0.0899839451490192,0.10586524943958252,0.07734849723144227,0.15541539494505835,0.21937455791258476,0.11867847598837998,0.1300723308685813,0.10138656514406372,0.09434280706139447,0.08076792722063153,0.08135140169351604,0.13894912415460264,0.11878755199018941,0.09488838511906487,0.10766812568646274,0.0798064591779756
CRI,0.21595024359702328,0.20399809864766386,0.08942462454084808,0.10343564258845654,0.10913982143351916,0.09854743304949706,0.15635413575869553,0.09538317900462984,0.1202363317576529,0.1035905750673988,0.40219172569483497,0.09397488097738539,0.10959264115092487,0.11087765132827444,0.11110876787281447,0.10473630555585951,0.09172549286124802,0.15800335505512308,0.08633236403928891,0.0,0.13423490313385417,0.10292091998979706,0.10473455198082907,0.08969954510359997,0.14739430029904885,0.13981769388533014,0.09803175591304232,0.09997846031245963,0.09202535866387708,0.10626277786558068,0.09645091579496978,0.1602833508014212,0.08404471701509961,0.08269995648854953,0.07853717028372124,0.09949846669838337,0.13714794447274725,0.11620395967400263,0.0960730579203622,0.08621364155154058,0.10181141322440183,0.11204852699523697,0.13731066719022375,0.3352018758833174,0.11841092287895721,0.1496842024211214,0.08673406122265037,0.5089657408526064,0.13452595893206973,0.12874320761176597,0.09555585472647211,0.18440032656640948,0.28124566581388527,0.10523145758065859,0.15458761114321218,0.09475473345250005,0.10484583302917394,0.09295293336276907,0.13400298459352333,0.092338805604505,0.11221840128835475,0.07944320038726156,0.1069436750302543,0.10199687273506954,0.10589865429270748,0.10210810422470731,0.08785257911140731,0.1552486059529017,0.20855042293595147,0.1225714679389002,0.11967257217117254,0.104106947415966,0.11372831877628838,0.09170674853327904,0.1027303521706,0.1474382009721865,0.12652195670832642,0.09983118368747462,0.13140188524847302,0.08851934968937372
CYP,0.24403466439759,0.21314643125299754,0.15537762307514918,0.10344011551553466,0.13054132478424532,0.11453927512946084,0.1879644262964116,0.11026033107695152,0.17798489237268736,0.15627447515083684,0.41615716411128556,0.13879420175801702,0.14714305518127208,0.15175177056637784,0.1553996588012665,0.16010228620180478,0.15569805429845215,0.21711036535418668,0.14832404979950561,0.13423490313385417,0.0,0.11862086653997396,0.1362390779728305,0.12295229790745768,0.18614173412609009,0.11882257009485266,0.12865301039258978,0.13238602474470723,0.11424286744128852,0.10619678631293897,0.13241656772932953,0.18506967732537274,0.12184509204376519,0.1384600636523644,0.14857006602780712,0.1417513742144118,0.10869507461739152,0.13198450210144996,0.1398852210158501,0.11702657086523585,0.14256073874854966,0.1548209648275944,0.17826710256083803,0.35337722493059137,0.1508955955292858,0.19764229162721497,0.12654025963621157,0.4685432214690751,0.11930551246625715,0.19475668411977895,0.14775188085723223,0.19558348822077912,0.30607240297044674,0.1475098742291036,0.2034240959145123,0.102321932724785,0.11379669752181919,0.1296185069448389,0.1855792993211969,0.1521542391468547,0.18802950383273062,0.11649244996753307,0.11348515587821648,0.138694496670233,0.15269807330066493,0.1480414018482682,0.14807568417456113,0.1609787668005657,0.19194283532629544,0.13575542617623879,0.1145829133940927,0.13679263893298219,0.1690997182396952,0.14671673340720728,0.14384830592775105,0.17683368852941883,0.17477510262759202,0.1334904563641819,0.17729368601505677,0.14132746503237387
CZE,0.21698624138946146,0.18755390351199622,0.11276869200683055,0.05987274449129309,0.07145841096171697,0.06424383436988947,0.1630418214000997,0.058734740224132595,0.14800234652916833,0.11173272843953795,0.39806857682199615,0.08559656004231109,0.09616313402152395,0.09410580221761704,0.09512127177207969,0.1166324560718855,0.11490952757742244,0.18767132710744894,0.10666255588148749,0.10292091998979706,0.11862086653997396,0.0,0.07788543030935778,0.08244978801669257,0.15254698423315546,0.0838458940233132,0.08804897282116662,0.07244746584437149,0.058245379024169014,0.06172726491182166,0.10331630607602234,0.18077648980515146,0.06525831515735893,0.08135977210734828,0.10543705889411872,0.10582692048964602,0.09888693413076484,0.1112803471934093,0.08614937129758612,0.05296707334392653,0.10629751662855542,0.09165333756723786,0.14032540106917607,0.3308901105804032,0.09413068088776884,0.17478091712180974,0.07153423740789996,0.514641186494674,0.07963474201594822,0.1715377857828206,0.08836380219696237,0.15441462691254623,0.29313453970975556,0.12164773384664629,0.17449395405951743,0.058659121278973506,0.07564646469703756,0.0765034238670756,0.15413600779869813,0.10717340099796081,0.154022489136392,0.053221956675236284,0.054490562865073436,0.07777861523395237,0.09818693170382882,0.10866452343331132,0.10982411980788852,0.12482059957343822,0.21582430797754706,0.06923202968861479,0.055614736321253015,0.07804266564083832,0.11796478604400698,0.10072199546354277,0.08968012813342088,0.12924703850114105,0.13306864398785742,0.09352655438229662,0.14372156416265278,0.08838570813941155
DEU,0.21746485010491143,0.19181493624492546,0.10605343015286511,0.0941794463468989,0.07083549261593257,0.07482147723316758,0.16234149513473542,0.09161926049082403,0.14863089588556752,0.09883142780460932,0.3933590317725149,0.06265675907170007,0.08249000627803936,0.08498609076981313,0.08494319029770406,0.11172366682366693,0.10958152190786988,0.18605015483844614,0.09863544023999923,0.10473455198082907,0.1362390779728305,0.07788543030935778,0.0,0.07681725401068368,0.14655251016745618,0.13813900556214997,0.08429860685393135,0.07022980571497739,0.06088816548135427,0.07730073054615325,0.09141903101368222,0.17798325964051182,0.0803244725523844,0.05997105984651357,0.10234866513659392,0.10357050182787857,0.12629025248840983,0.10562064752300546,0.06908381400844466,0.05862595529837854,0.10046432150170367,0.06384740967377013,0.1310006063387417,0.33147228429887365,0.06778957392267473,0.17218338499856323,0.08225949123841597,0.49869590397375735,0.12773422026875683,0.16785681163725358,0.08314464122862818,0.1633289191553555,0.2927734515836078,0.11617312665038236,0.17480479994385578,0.07788806474019341,0.0868628023981625,0.09988919464141155,0.15034663557772357,0.10023864773775694,0.15609889613463215,0.07870164438470902,0.09539146116317124,0.09594686136464205,0.09040504389125704,0.11192443340869623,0.11428049340081424,0.13658687485312188,0.19946438042718498,0.08168209383355546,0.10685578580467617,0.0597178450757661,0.11603909262237092,0.09282824930570963,0.09672858640627531,0.12334064564232353,0.12827734877510402,0.06393973726954046,0.1428788428749312,0.07295372450441524
DNK,0.2143046149174915,0.18897104655201694,0.10059753039865894,0.08115735512641706,0.08804855593079428,0.07955650422314563,0.15618866648925456,0.08117234610413938,0.14293217958942145,0.10254701652549718,0.394437144768199,0.07170533720432348,0.09068901008731355,0.09433100774737725,0.09811180091343956,0.10915231662991691,0.10374400551664795,0.17984983612980374,0.09266147915149238,0.08969954510359997,0.12295229790745768,0.08244978801669257,0.07681725401068368,0.0,0.12990137955456013,0.12644999147485683,0.08447581908486612,0.07525155900013523,0.07273540490191964,0.07980313856244908,0.07366993261621885,0.1698929494344336,0.07365741825278048,0.07674563419781265,0.09677024250209462,0.09800982635405707,0.11919471364349925,0.10267438129686858,0.07615733748262517,0.06254277293154355,0.09609850014970103,0.09148033427307975,0.12948185829828088,0.3328784128113352,0.09885043391688625,0.165484978534462,0.07652745598197407,0.5043123748576546,0.11875505633870377,0.16400434302878142,0.08362799887478217,0.17098125488873572,0.2864817371270483,0.10791704665499735,0.16498035738526626,0.07298183917658538,0.0640656384047247,0.09109616158082662,0.14331637269155814,0.09564749560272733,0.1476687593724168,0.07483380074979086,0.09163607278518697,0.09246966589589603,0.09094039306431559,0.09841684768903858,0.10688819150229323,0.12731651396210172,0.2054196327911396,0.10595629519019639,0.10019023484757535,0.07884811335686305,0.11913976574451074,0.0931588142638481,0.09948222846610655,0.134642367867786,0.12543310070283792,0.07502809298021884,0.13783959084526767,0.07914607519422337
EGY,0.2220970712655163,0.16806575209340963,0.11573137050757207,0.15339777375321798,0.14590562446037972,0.14694093352666215,0.17989217478833414,0.14781239039022037,0.16127050378156618,0.10597629861455204,0.35472971251360624,0.1311429279367729,0.1536827554664766,0.1492046694234048,0.12891749178277354,0.14618640793016272,0.1439255973695379,0.1878730726877876,0.11466465554583195,0.14739430029904885,0.18614173412609009,0.15254698423315546,0.14655251016745618,0.12990137955456013,0.0,0.18442681080107698,0.1428606620666927,0.14193084833530797,0.1458788049898469,0.1522364492445533,0.1415088946996089,0.23062537489062115,0.13909904286336258,0.13549954324962452,0.13156953047067188,0.1240945572749614,0.1851762592174698,0.16138898088945924,0.1472197518017015,0.139389598080064,0.13908387437098688,0.14925303907047993,0.16247110921932437,0.3369668345835069,0.14865052465060244,0.1791718818946389,0.137123139649508,0.537520083810474,0.17493061314361458,0.17117586926985262,0.11676390668261173,0.2031687077605593,0.29336564082817135,0.12867069055039637,0.20344129581261478,0.15502609682519491,0.1354379179327739,0.14186186363715927,0.14718746933307236,0.12455790965500753,0.16506142459519227,0.14449828117138816,0.15422584118344287,0.134800196816985,0.11622261052371725,0.13714447970998128,0.1462350085505609,0.17056844634190557,0.24950353021295268,0.15543051622552145,0.17017798365590597,0.1461625889802196,0.13892238960074454,0.1362870970401015,0.1311215005760219,0.17287833569553823,0.1530774845460827,0.14286274309212108,0.14300033762942124,0.1352409501075396
ESP,0.24100520022038774,0.1992233637084494,0.15219659497776208,0.07697128443300666,0.12486767818547871,0.10339389655736997,0.19086647132349094,0.08230017735049702,0.17570276127525672,0.15317538762740568,0.40923864103552426,0.14052159547256635,0.14913173657367101,0.15051714098664343,0.1450332731862894,0.15761734184850804,0.15376449597788686,0.21615010130282034,0.14587600425140856,0.13981769388533014,0.11882257009485266,0.0838458940233132,0.13813900556214997,0.12644999147485683,0.18442681080107698,0.0,0.13703436970460647,0.12861267447999564,0.1054233943463022,0.0985098157214587,0.14968584189252662,0.21057465604429013,0.10442236273512151,0.13679513223969847,0.14457134681220207,0.14288555319681337,0.09745807227455591,0.14405907965929104,0.14345785238855496,0.1036000168419719,0.14361145594791333,0.14701883458258594,0.17848150027663623,0.35285790477770684,0.14969987919217728,0.20377884427065113,0.11276680575278222,0.5242240481766522,0.07336903598870435,0.19590704699122022,0.13631770668056173,0.1937056854757403,0.3112317107335234,0.15938373656151184,0.20499657209616295,0.09505769603669136,0.11097960363754211,0.10718223901296366,0.18869215489015348,0.14703082782199653,0.1885208217960647,0.09395598919347344,0.06672521063618972,0.1200452399779131,0.1453938974427544,0.1383162017396321,0.13947711820600006,0.1538086014367204,0.24030549124640166,0.10681676546370439,0.05836486359838692,0.1416690546321981,0.16372724066667096,0.14630880777647176,0.1287440708300813,0.17681010353522225,0.17369508167906078,0.1471554435472132,0.17671879145759456,0.14095987477417288
EST,0.2155213863751613,0.19797277867934301,0.10604802295528626,0.099504017219638,0.08833921517975464,0.0891992135491484,0.15598854932675907,0.08766874041728195,0.1457250700076075,0.11076683530818732,0.398107101776586,0.08039748695650872,0.10001410812996671,0.09559642316714187,0.10116405945213727,0.09921398479680946,0.10138943875016548,0.17843303885178016,0.09889784488588808,0.09803175591304232,0.12865301039258978,0.08804897282116662,0.08429860685393135,0.08447581908486612,0.1428606620666927,0.13703436970460647,0.0,0.06863874740054964,0.08450823847844356,0.09688470468694275,0.09373267937494642,0.1818344988895434,0.07758697257955335,0.08227866801967196,0.09707406249170605,0.10523090428057011,0.13820964092109878,0.11428179009214263,0.0879083962283714,0.07335163180953602,0.09818534981020414,0.09985821803765446,0.13337361871544673,0.3331921646513236,0.10644549134679807,0.1640053083618672,0.06625353802619788,0.5195934888784868,0.1023905686326569,0.16206211641054596,0.09599472814568412,0.16831078109825906,0.2842902273446057,0.12356466308238791,0.1708360641778338,0.0935291400574996,0.09218100169752959,0.10089388492604391,0.14373939069256672,0.09768653221096786,0.14914093029236855,0.08221827535821254,0.09958750431415002,0.09183873365038349,0.09511912691192542,0.1085680651983621,0.10259675675651306,0.1459986475497581,0.21325436375621723,0.1022100246555315,0.107830483064097,0.07466735141244617,0.12183494953682505,0.08825705630473991,0.09789483286101548,0.14010961419673545,0.13024591369925992,0.09429149370232569,0.13771787108620448,0.08910210082491991
FIN,0.21623523088348054,0.18324409594571203,0.10603811880405418,0.08994977265087886,0.08155368459830198,0.07724466169750659,0.1582522144870202,0.07734820458838775,0.14715276596778148,0.09741233835090901,0.387356250588445,0.06490790299863244,0.09229449078027184,0.08913051961148372,0.08004081155183149,0.09919127214537918,0.10214464737646066,0.18240922666588308,0.0971255359265049,0.09997846031245963,0.13238602474470723,0.07244746584437149,0.07022980571497739,0.07525155900013523,0.14193084833530797,0.12861267447999564,0.06863874740054964,0.0,0.07552111513554248,0.08822473139353937,0.08889900001931098,0.1824563447958198,0.07419131056798599,0.06710312493892776,0.09485451435180671,0.09680343866171745,0.12736405193679998,0.10770974575594272,0.06838338778731516,0.05645198836175452,0.09421558799971987,0.07350097723074998,0.12861417242061576,0.32329482622510386,0.07611844676420321,0.16858829330103536,0.07166314367209321,0.5188331356705846,0.1124537454713981,0.16670301564052598,0.0746384158374068,0.14780039866401404,0.2871368881372651,0.1205174252477675,0.1746517056296111,0.0811470217478436,0.08126708713996553,0.09627980381127677,0.14760707185569208,0.094449723302853,0.15175928998927293,0.07062657432227769,0.09178283281566231,0.09096545641976567,0.09046930121366063,0.10622247270153215,0.1099019496039404,0.1160216509473899,0.2128249756581798,0.09709072782640855,0.09797574517895173,0.054159703574597824,0.10429190895167924,0.08746241937628686,0.09577084003983413,0.10604450530947776,0.12175321066481357,0.08019705136692211,0.13797399365318197,0.07437042140745055
FRA,0.2128316324211164,0.18541477547956955,0.10440904293716162,0.06293683087525291,0.05970156964924617,0.055913852816729864,0.15827332183551332,0.06735928554056371,0.14430551075228676,0.09907861101937361,0.3935771589309464,0.07160334958691146,0.08033733037505582,0.08346236214487429,0.09730473097602145,0.11092713119940467,0.10847207859286159,0.18219983879200422,0.0946182781651989,0.09202535866387708,0.11424286744128852,0.058245379024169014,0.06088816548135427,0.07273540490191964,0.1458788049898469,0.1054233943463022,0.08450823847844356,0.07552111513554248,0.0,0.04406245708623938,0.09050562369069805,0.17037706152120377,0.06072590216798059,0.0703453427579852,0.1005018052393249,0.09846520925675024,0.095188735609207,0.1004429628633463,0.07047828527461132,0.04660985434153381,0.10072754255158493,0.0909284890112183,0.13111287730290877,0.3330113147435495,0.09377082448951438,0.16559479759750007,0.0656276529724413,0.4893332250894172,0.09810826582544425,0.16467145805145764,0.08604545073008217,0.16061639756674068,0.28811042871221526,0.11063061248256048,0.1688340573079871,0.04641698264076443,0.07297891008779263,0.07395107573633854,0.14565361136779545,0.09842808227563267,0.14920878191206038,0.06261069006154199,0.06318834306510866,0.08037765701164296,0.09047674677808377,0.10248782314148135,0.1057198273302819,0.13113677804675988,0.19012066296244412,0.07720025853352899,0.07766613086618471,0.075787334035017,0.11918938234911286,0.09305585200157937,0.08316109760415565,0.13342619831110006,0.1271247661064492,0.0668981168545635,0.1379171721962054,0.07526978693908998
GBR,0.21481454510496303,0.1878291633228393,0.11976044854113438,0.05449944465759895,0.06306985543301942,0.059945273851507955,0.16803250592684058,0.0766569518064164,0.16097086737951136,0.11293429810213416,0.39855028687379934,0.08531636387077211,0.08318509991069534,0.09405889314356163,0.11210603277557732,0.12843337382756234,0.12330424760151401,0.19811329812696715,0.10755312808419863,0.10626277786558068,0.10619678631293897,0.06172726491182166,0.07730073054615325,0.07980313856244908,0.1522364492445533,0.0985098157214587,0.09688470468694275,0.08822473139353937,0.04406245708623938,0.0,0.10456868102590386,0.16808757281907463,0.07221033558880527,0.09131372299206418,0.11754605953186455,0.11185609982750902,0.08383191480255303,0.10520875437807099,0.08620651096658645,0.0596571511189079,0.11585366320448874,0.10603304493222127,0.14002929987272403,0.3402666285171058,0.10888832231286241,0.17821746595863167,0.0811184902257856,0.48072983161469396,0.09198591120107061,0.18268009037070107,0.10083754463357203,0.16042443821306054,0.29768440651132594,0.11868499174546604,0.1819768381655112,0.045741136206625045,0.07576548632766297,0.08117044987860797,0.1571072090326362,0.11339375641837754,0.16431171915362075,0.07500684841688021,0.05940240668739846,0.0910847540315083,0.10100394137344042,0.1087659508852022,0.12219836946690893,0.1339937684777872,0.18903888670233143,0.0797455542209307,0.07376904604613828,0.08901781033575076,0.13479720238857826,0.11098355006547411,0.09409575239809215,0.1425603634913107,0.143637091666848,0.07734351326062487,0.14972022528109932,0.0910409355257554
GRC,0.21876282905831138,0.20043750543725095,0.11197030099669109,0.10838363948565635,0.09537694618337983,0.09913502154572969,0.15879395615808684,0.09950195253723383,0.14961156926795535,0.1143334222190581,0.3979538412887215,0.08167621956833873,0.10166015475890601,0.09093989031555053,0.10515913216633983,0.11920169621889835,0.10848742993988904,0.18301396152704583,0.10194169747288008,0.09645091579496978,0.13241656772932953,0.10331630607602234,0.09141903101368222,0.07366993261621885,0.1415088946996089,0.14968584189252662,0.09373267937494642,0.08889900001931098,0.09050562369069805,0.10456868102590386,0.0,0.18173853306366153,0.0870458539964918,0.08671097579437345,0.10436717800239034,0.10638877785032791,0.1470018502545749,0.10959233644042737,0.08234630874270994,0.08692598685830823,0.09888497134388541,0.09929798682281661,0.13582072847688523,0.32878773393614746,0.10458801262678989,0.16491689862700135,0.09278238094808074,0.5178922960117853,0.1368589832482736,0.16511475056846642,0.10271788219837523,0.175085228800159,0.2848326415353679,0.13213679174589502,0.17565084992866442,0.09767820352460815,0.09371175433968396,0.1093867890188675,0.14709151161986303,0.10552688753127702,0.15597380622948806,0.0974537852832129,0.1110486323273632,0.10428124550320075,0.10188455255486557,0.11186270586899072,0.11250179780945702,0.134696316504134,0.21040629678838907,0.12023538959376111,0.12270991779727868,0.08554584746276421,0.12585606602592017,0.10194497932231864,0.10227177071565166,0.13956940770262677,0.13242685383628475,0.09485204162396538,0.14145008850166216,0.0887573161902785
HKG,0.2630597786355093,0.25337332873449875,0.20657532717432986,0.18052650960374345,0.17820303100494295,0.17606074289235626,0.2295525230626322,0.1865886090039876,0.22968221822799234,0.18981295910796486,0.4319303436553148,0.18129519212880965,0.16881402494027992,0.1944571103567858,0.20362484280518017,0.20640132255527893,0.20303468044691672,0.2583153166603464,0.199302445814692,0.1602833508014212,0.18506967732537274,0.18077648980515146,0.17798325964051182,0.1698929494344336,0.23062537489062115,0.21057465604429013,0.1818344988895434,0.1824563447958198,0.17037706152120377,0.16808757281907463,0.18173853306366153,0.0,0.18003339101509538,0.17553932341786066,0.18889331113556374,0.19892060310672016,0.18273257481889632,0.1841768260226798,0.17327411354317385,0.16880294369540666,0.19956737914061165,0.1893049343507407,0.20608881747000446,0.3779890812088059,0.1921922098906376,0.23619320398571733,0.18718052098232812,0.4689877191636097,0.20695466706149643,0.24944997351288006,0.18617419035103644,0.22740585002576832,0.3424170784583438,0.18410647025012347,0.22989728008937452,0.1671113670069326,0.17759419975193055,0.19647103333891772,0.22618064374587216,0.20372632534741442,0.20940079108837928,0.17719163135209492,0.18578120447715044,0.1953157244092156,0.1927285005703,0.16083574547425003,0.20949618393395958,0.1998644536855043,0.21104426970076856,0.18521586876345983,0.1890440314394386,0.18472924851106987,0.2097800337629768,0.19788556323921785,0.200453813262278,0.20270035307683737,0.21146626653326814,0.1700727954321002,0.2268746277258728,0.18044933904672422
HRV,0.2055106939422388,0.18297996349603965,0.09235793374188994,0.067875357909761,0.07568509428472356,0.06835095663074967,0.14837718787979534,0.057335113285025434,0.1309952099500916,0.09697530363028234,0.39100811626217763,0.07583712114055695,0.09158517784098932,0.0842720872464636,0.09143362957528084,0.10291941423708084,0.0991443821917693,0.16847363245771582,0.08511871641143666,0.08404471701509961,0.12184509204376519,0.06525831515735893,0.0803244725523844,0.07365741825278048,0.13909904286336258,0.10442236273512151,0.07758697257955335,0.07419131056798599,0.06072590216798059,0.07221033558880527,0.0870458539964918,0.18003339101509538,0.0,0.0696563662610098,0.08782918144394283,0.08616173636965084,0.11031953153993164,0.10124839336316611,0.07898203103076357,0.0530469363226394,0.08553106971050577,0.09304401500854188,0.12881419456711884,0.3272664990428785,0.1002317357069415,0.15240483357637366,0.051804699348199444,0.5152398594743275,0.09644557726414266,0.14955864910230768,0.08300739490105263,0.16517091093382552,0.2734020603056918,0.11479912029496435,0.16107125532934455,0.06614698323579032,0.07648389514907208,0.07177153842029188,0.13162584441551267,0.09030556670950235,0.13800335640786374,0.05481659600140367,0.06605312220074658,0.07227828194867514,0.08128327571428959,0.09317782550362688,0.09092337774258795,0.1337119516126716,0.2095999267152464,0.08631142854019909,0.07634785729202254,0.08045022965015038,0.11261142666181297,0.08457734975410057,0.07993488521500035,0.1350745949071177,0.1201956127078277,0.0850599715976758,0.12485732269375116,0.07562924074694377
HUN,0.20656156757633146,0.18805537199875388,0.0798023389780211,0.09344602252310646,0.08447619655503974,0.0830725309326178,0.14550984842084588,0.08063562145440673,0.11763061993103131,0.08323906757753273,0.38923181389730627,0.059724523083131094,0.0905818845517356,0.08900521413542285,0.0748242466739388,0.09361922051859894,0.08975343302888765,0.15595473270520502,0.07793067302786735,0.08269995648854953,0.1384600636523644,0.08135977210734828,0.05997105984651357,0.07674563419781265,0.13549954324962452,0.13679513223969847,0.08227866801967196,0.06710312493892776,0.0703453427579852,0.09131372299206418,0.08671097579437345,0.17553932341786066,0.0696563662610098,0.0,0.08015796689191923,0.07914406798217147,0.12688153160596685,0.10695703097340112,0.06764226956939835,0.0637345489758486,0.08586912060890739,0.07006901593431202,0.1243924005455371,0.3217751025392892,0.0673894314527235,0.1455186491184663,0.06816499321874299,0.5090390982591314,0.1286989013961856,0.1366323374107887,0.06353848653018848,0.15613251463870248,0.26679115746390053,0.10178084366113019,0.1577257301951051,0.08372306236709341,0.09105937078334639,0.08724742199843014,0.1228121771244293,0.0845017888716395,0.12347137986631972,0.06494071278934285,0.09545167901399972,0.08239698327929532,0.08229573292568285,0.10170158972031469,0.093439133508656,0.12947185618168036,0.2006560658189286,0.09043860756869117,0.10946003631207255,0.06909439192542101,0.08818649499572173,0.07242921624304843,0.08506262796542187,0.11359176320145468,0.10806459834263707,0.07141013324136293,0.1181037567356919,0.061101393445469936
IDN,0.20672208233265021,0.19927761101777963,0.07534835551524245,0.1111669343412279,0.10653996601749466,0.10977089279542386,0.1427272395931502,0.09629933151447183,0.10148561146485992,0.09653400927051273,0.39482791185128885,0.09043251990283645,0.11265305219943517,0.10932706218474261,0.08518163102962416,0.08789739545054123,0.07889581619066002,0.1487422911210416,0.0722635844294031,0.07853717028372124,0.14857006602780712,0.10543705889411872,0.10234866513659392,0.09677024250209462,0.13156953047067188,0.14457134681220207,0.09707406249170605,0.09485451435180671,0.1005018052393249,0.11754605953186455,0.10436717800239034,0.18889331113556374,0.08782918144394283,0.08015796689191923,0.0,0.08865311551752136,0.14850127226448556,0.117444455524908,0.1019546077843797,0.08781850721894269,0.09114976040918625,0.10452443311880749,0.1398594799080612,0.33236929851508334,0.10361850585532413,0.14959447476964935,0.08922436443541507,0.5258282119451531,0.13845649730931314,0.1168908904250317,0.08336636384113792,0.17544571918413035,0.27488292594616553,0.09464520129660184,0.1495211698129692,0.11066010691953108,0.10747030852526314,0.09272489476386085,0.123626410733006,0.07580590827329338,0.09926929664456732,0.08236755431507793,0.10635140351916982,0.09187187437845136,0.09563954143849387,0.11057575391917601,0.08028548090911218,0.1539745452745232,0.226115936211111,0.11755174678308854,0.126870283788884,0.10327021102195266,0.0894008242195421,0.07814732132847337,0.08524370482009744,0.13957107945665342,0.1197527557369871,0.10790157470187137,0.11037678258733098,0.08763632025954354
IND,0.19900032310686833,0.19017750186097698,0.07096412830752868,0.10257438708959958,0.11158807150342312,0.10473476271170645,0.1269415321983285,0.08615330417306365,0.11202689292613355,0.095483666462654,0.39005873395071594,0.08931834516774309,0.12268649568667567,0.11623390107701832,0.07937632360828617,0.10820283369470858,0.10170948610504153,0.14492441348115132,0.08004572753217569,0.09949846669838337,0.1417513742144118,0.10582692048964602,0.10357050182787857,0.09800982635405707,0.1240945572749614,0.14288555319681337,0.10523090428057011,0.09680343866171745,0.09846520925675024,0.11185609982750902,0.10638877785032791,0.19892060310672016,0.08616173636965084,0.07914406798217147,0.08865311551752136,0.0,0.13677823763437305,0.12202256196472998,0.10116053870726104,0.08829468146589689,0.09102011069601613,0.10429214902864707,0.13256813782834362,0.29892953341023654,0.10651263869203692,0.1354541863400493,0.0853030259742694,0.5104359777979598,0.13748726376357187,0.12530703800407275,0.08328876584572524,0.18325039107948884,0.2414477430487614,0.10248917802695254,0.1633644411847527,0.10492812585200433,0.10443740280623427,0.0976678277881185,0.09635889945678654,0.08835988600033054,0.12751780856660058,0.08743700684438994,0.11150239993507616,0.0849211203389208,0.09623467737578095,0.11152169557327549,0.09780776280036062,0.15176602371177947,0.20971711468752557,0.1198412491561956,0.12258098178429536,0.10165996552496914,0.10724224476492016,0.08358705735082547,0.08690412730726925,0.1342643359866829,0.099994192120795,0.09852127008347454,0.0954807335958417,0.08674060439379912
IRL,0.23834516869628308,0.20564097447738797,0.14557611594267691,0.08269308485582251,0.11953498330072619,0.1020398183532297,0.18790377093053393,0.10296450592115325,0.17476690162349412,0.1491619639079516,0.41247332900195244,0.1358291563633179,0.12724117178770503,0.14412959002827327,0.14609181490094802,0.15823817344943972,0.1563067134192195,0.2098464668205222,0.14375960329293883,0.13714794447274725,0.10869507461739152,0.09888693413076484,0.12629025248840983,0.11919471364349925,0.1851762592174698,0.09745807227455591,0.13820964092109878,0.12736405193679998,0.095188735609207,0.08383191480255303,0.1470018502545749,0.18273257481889632,0.11031953153993164,0.12688153160596685,0.14850127226448556,0.13677823763437305,0.0,0.13291012441879732,0.12636386179114423,0.10466217000140769,0.14476693817843683,0.14599393261647253,0.17615683290700776,0.35180164285173565,0.1414281249663088,0.19709570670092905,0.12006658066915474,0.4571853221374846,0.11321534110108515,0.1949684735303633,0.13368685531784139,0.17715915200294868,0.30504903273769773,0.1347574239060483,0.20018639707504365,0.08348558539689625,0.11110604988578114,0.11298121595191492,0.1813567556797785,0.14779974211250552,0.1819313672684248,0.10596605193659618,0.0925306821310486,0.12778396895183625,0.1464723082131951,0.14414778340001097,0.14623498855908068,0.14274970769500422,0.1876503892009604,0.11751911712700247,0.09281946804853027,0.13708863780650207,0.15811669843860474,0.14334508026165793,0.13438402596980797,0.16323354805472443,0.16942255884873933,0.11995636174202283,0.17179343382074852,0.13156373175654704
ISL,0.23129209463770894,0.20430829584218163,0.1284418598382542,0.10770448757010877,0.11194011427005744,0.10686136812884506,0.16806926784671666,0.1063040116839084,0.15552848327292787,0.12985654974678015,0.4043737411732884,0.10091859357513965,0.11957885166296868,0.10753740853317305,0.11783764812959971,0.12711879457583675,0.12477311650483622,0.19609875505817037,0.11529667914403258,0.11620395967400263,0.13198450210144996,0.1112803471934093,0.10562064752300546,0.10267438129686858,0.16138898088945924,0.14405907965929104,0.11428179009214263,0.10770974575594272,0.1004429628633463,0.10520875437807099,0.10959233644042737,0.1841768260226798,0.10124839336316611,0.10695703097340112,0.117444455524908,0.12202256196472998,0.13291012441879732,0.0,0.10216678111513489,0.09601465795264214,0.10790359402974177,0.1193458893626235,0.14731117332446092,0.3426761973885877,0.12116848858088394,0.18317546916919009,0.10662744610501461,0.4953735431839075,0.139922310388319,0.17549590365703274,0.11458849203801112,0.18308649156348905,0.2972208934561734,0.12886568916763622,0.1732685435132938,0.10242884927377409,0.10297069355374786,0.11489928547267686,0.16744800702884766,0.11347108888740508,0.15820823384995453,0.10476420575659984,0.11511829382684996,0.11774945636767216,0.11509779935416554,0.1280409382910535,0.11978636706547496,0.1570637117551904,0.20117749515752908,0.1272437915710062,0.1260578116803964,0.11026767808422633,0.13907144547487432,0.11448247488990218,0.11986030815397197,0.1541615710834357,0.14817114083313349,0.10435332426446942,0.15111314381608124,0.10520660443380923
ISR,0.2200776334454155,0.18945172777544714,0.10330762889408845,0.09628361858628282,0.08591648687082587,0.07752954337567682,0.16140185902358437,0.092668991720288,0.14913022180961585,0.0985319795918583,0.3904328086291896,0.06384031206633897,0.08439765055515876,0.08125244909446117,0.0907808269574193,0.10816609467143606,0.1060023739560185,0.1832450086980657,0.09209801359561291,0.0960730579203622,0.1398852210158501,0.08614937129758612,0.06908381400844466,0.07615733748262517,0.1472197518017015,0.14345785238855496,0.0879083962283714,0.06838338778731516,0.07047828527461132,0.08620651096658645,0.08234630874270994,0.17327411354317385,0.07898203103076357,0.06764226956939835,0.1019546077843797,0.10116053870726104,0.12636386179114423,0.10216678111513489,0.0,0.06558372115831386,0.09126305003047096,0.0819600486368572,0.12800943558694053,0.33312857283042907,0.08400708585310836,0.17168827524618685,0.08140767188981067,0.5041450429321123,0.13392785779071892,0.16748159427237908,0.07887700923117341,0.15723785776207128,0.2915442784340972,0.11411067607899629,0.16634811211038483,0.0760205913740355,0.08543696775525886,0.09965485377244773,0.1512156554916655,0.09522213000982281,0.14984272151210307,0.0844734533500932,0.10223668520614608,0.10040701123905398,0.09417499361173944,0.10229061405731533,0.10938546427778026,0.125018404738633,0.19981875228136814,0.1107903878240731,0.11157221081530284,0.06886456333740218,0.11133435968345043,0.09126512974550306,0.1038660934049007,0.11134475733314077,0.12738300589743942,0.0616291380750551,0.14251598699816886,0.07065613475761341
ITA,0.21239728493772891,0.18187476594626126,0.09723437713096984,0.06446775345187702,0.06703318033712864,0.05190511226110608,0.14573853648962723,0.05465718533222706,0.1397679972511003,0.09218797661846499,0.39085645038112843,0.06362529330161079,0.08337368897489478,0.08367721044672645,0.07876180252120366,0.10057946121347687,0.09838202163712335,0.18104767460614887,0.08754334203368108,0.08621364155154058,0.11702657086523585,0.05296707334392653,0.05862595529837854,0.06254277293154355,0.139389598080064,0.1036000168419719,0.07335163180953602,0.05645198836175452,0.04660985434153381,0.0596571511189079,0.08692598685830823,0.16880294369540666,0.0530469363226394,0.0637345489758486,0.08781850721894269,0.08829468146589689,0.10466217000140769,0.09601465795264214,0.06558372115831386,0.0,0.08937871572295807,0.07572263431124124,0.12623356995586996,0.3266162721794943,0.08229528664029592,0.16582044270053822,0.0585148540691251,0.5031390626539278,0.10004865308628681,0.16167373255749715,0.07402343707555399,0.16233551313381897,0.2876941809209093,0.10916271329644826,0.16621468842925527,0.05376386922855004,0.06667252171603708,0.08153993657764147,0.14388163623958605,0.08662897820485772,0.14748851297536456,0.05110497020132025,0.0641842551840286,0.07723881435832129,0.084325081124584,0.0938232573637325,0.09979676703265636,0.12710594539819733,0.20031611803621255,0.07935307753981712,0.0709197347825553,0.06383854606192439,0.11114671627903533,0.08302059373210127,0.08043724185284343,0.1217599916425107,0.12013267840884473,0.0685630366981014,0.1302367119179694,0.06729423735292496
JOR,0.21410940648415414,0.1955061809243507,0.09482659833002412,0.1093741066912911,0.10999887038686568,0.10697321369333597,0.15267852027419354,0.08786927650659464,0.12609938262898068,0.10810769270007367,0.39520669104973655,0.0849388895504451,0.11691232127017695,0.1051124163783492,0.09148045555415069,0.09440780464790342,0.09560833564290674,0.16688203822762776,0.08052569986588955,0.10181141322440183,0.14256073874854966,0.10629751662855542,0.10046432150170367,0.09609850014970103,0.13908387437098688,0.14361145594791333,0.09818534981020414,0.09421558799971987,0.10072754255158493,0.11585366320448874,0.09888497134388541,0.19956737914061165,0.08553106971050577,0.08586912060890739,0.09114976040918625,0.09102011069601613,0.14476693817843683,0.10790359402974177,0.09126305003047096,0.08937871572295807,0.0,0.10287307494740877,0.13747135819453726,0.3282311485689909,0.10948735083001383,0.15443155113652693,0.08324406962870617,0.5237702403741309,0.13778092681635887,0.1406136076580067,0.09039254908839481,0.18126121980914248,0.27797129835093237,0.10886800774614908,0.1517780141487525,0.10722653391342174,0.10143492765343078,0.1088039225781331,0.14118452058285683,0.0854110209630595,0.13731444408969357,0.08808382953529072,0.11062860439268131,0.09462745656978357,0.09449985173476802,0.11169426742792156,0.08654073756189684,0.1544761385891866,0.21752773648002474,0.12193809373911665,0.1253025719392034,0.09776763251312316,0.11037564954130577,0.08597796119302692,0.10130055273782265,0.13986147097672272,0.11857895594744927,0.09712252883925289,0.12926932164215668,0.08634142759089657
JPN,0.22199499882781842,0.19639720356326865,0.11011859815549316,0.1093232918401833,0.09406630681441268,0.09424022046575194,0.16419774137843873,0.09872012152470716,0.15372403489156092,0.10596912986441596,0.3944597015488041,0.07213277786526012,0.10100868738914247,0.1019671662777756,0.0785510454109673,0.11948943896827807,0.11434968342936848,0.18833496539348765,0.1068963884552017,0.11204852699523697,0.1548209648275944,0.09165333756723786,0.06384740967377013,0.09148033427307975,0.14925303907047993,0.14701883458258594,0.09985821803765446,0.07350097723074998,0.0909284890112183,0.10603304493222127,0.09929798682281661,0.1893049343507407,0.09304401500854188,0.07006901593431202,0.10452443311880749,0.10429214902864707,0.14599393261647253,0.1193458893626235,0.0819600486368572,0.07572263431124124,0.10287307494740877,0.0,0.1364034805700347,0.3018314979385352,0.06143267287197046,0.17663399175078456,0.0940909892016836,0.5233161620570772,0.14134489143691598,0.17006859601891913,0.08344856731495397,0.16611585798849993,0.2929105110028543,0.12777250942150714,0.18206551914277042,0.10239329871097251,0.1023213841265553,0.11616163540438021,0.15465039539968573,0.10526630282703817,0.16057198642164236,0.08896467820373022,0.10945638982983481,0.10358304811001741,0.09640272019150607,0.11424853388981528,0.1207515205256067,0.1359165004297012,0.2192182088332825,0.0950948022227088,0.11982127922540398,0.07154182405641857,0.10974099581375543,0.10125754006861636,0.1036385143228616,0.10444150452594515,0.11440743355187628,0.08866510135672133,0.1448120477267784,0.08277309303907417
KAZ,0.207058326146313,0.2102230816615267,0.1320942766267617,0.13797943467402152,0.13892011034819318,0.13714517126040174,0.17800602719602776,0.13322946266839167,0.17498269469762015,0.1383912303311351,0.40045430084694456,0.1157102249974164,0.1444608592561404,0.13603983043325912,0.1361503825389554,0.14574910199111277,0.13863511262845307,0.18757123500751752,0.13333899930973309,0.13731066719022375,0.17826710256083803,0.14032540106917607,0.1310006063387417,0.12948185829828088,0.16247110921932437,0.17848150027663623,0.13337361871544673,0.12861417242061576,0.13111287730290877,0.14002929987272403,0.13582072847688523,0.20608881747000446,0.12881419456711884,0.1243924005455371,0.1398594799080612,0.13256813782834362,0.17615683290700776,0.14731117332446092,0.12800943558694053,0.12623356995586996,0.13747135819453726,0.1364034805700347,0.0,0.33442665171124075,0.14445777356177553,0.17862784852450034,0.12452064630898861,0.5316661315342655,0.16690624996602751,0.1920736396374739,0.12467340947718972,0.2017997610483397,0.28534654321310643,0.15069871909917798,0.1876070119220252,0.13709789484085866,0.13109000896145023,0.1388558449266121,0.16139169989044264,0.12603893786734613,0.17690160175890762,0.12981973813347608,0.14828055568565646,0.132147022534984,0.12401731428776372,0.13276392152375116,0.14988363676981528,0.1772214024032811,0.23369794087082377,0.1506591757409511,0.15372371629090584,0.1291930502130459,0.1538917631790104,0.13240289085578308,0.1401938049238535,0.169491872240379,0.146516590811341,0.1281389451776717,0.15455483240531837,0.12434147369501526
KHM,0.3495685728832338,0.3768017147072273,0.3149791056184846,0.3335243259651982,0.33064002465771253,0.32941353958437597,0.31116420076407714,0.31694857540364046,0.320787315952544,0.3340731702604736,0.5090220742168922,0.327881625171105,0.34112501817940716,0.3377136172884087,0.3122923772675474,0.32947942779733713,0.3323659160805005,0.3199025131937968,0.33171255830225904,0.3352018758833174,0.35337722493059137,0.3308901105804032,0.33147228429887365,0.3328784128113352,0.3369668345835069,0.35285790477770684,0.3331921646513236,0.32329482622510386,0.3330113147435495,0.3402666285171058,0.32878773393614746,0.3779890812088059,0.3272664990428785,0.3217751025392892,0.33236929851508334,0.29892953341023654,0.35180164285173565,0.3426761973885877,0.33312857283042907,0.3266162721794943,0.3282311485689909,0.3018314979385352,0.33442665171124075,0.0,0.3200324729860715,0.31312494289516357,0.32185430009693483,0.6131170782689441,0.344243965460175,0.33277967825572247,0.3285149859176186,0.3673826522544117,0.31187792631141065,0.33777148286687425,0.3315490555950875,0.3372194156023628,0.3385410485805916,0.3316565882605973,0.2982514576589649,0.33037502367158833,0.3325848104429916,0.3230443096056752,0.3389095611659124,0.3006877151568233,0.32334509715267035,0.33977288745193257,0.3268061688163071,0.35514070508034984,0.38319688321024764,0.33083972674208134,0.340952359956992,0.3226296267502597,0.33314101664850176,0.3269998743940386,0.3139738900117353,0.3119810969828405,0.249681353671546,0.33426046004893645,0.3035811402532306,0.3286090644675516
KOR,0.22401180296851475,0.19668751400052817,0.11107972949972231,0.11489097744844526,0.09810073608755972,0.1014375036279312,0.16212184653577433,0.10612838298750243,0.14875389505362083,0.10548951083468784,0.3940333667409897,0.08247591060298019,0.1040564098309389,0.10648105855576032,0.06763175666003152,0.12142164196416452,0.1169845213664867,0.18917005753060498,0.10639240490434623,0.11841092287895721,0.1508955955292858,0.09413068088776884,0.06778957392267473,0.09885043391688625,0.14865052465060244,0.14969987919217728,0.10644549134679807,0.07611844676420321,0.09377082448951438,0.10888832231286241,0.10458801262678989,0.1921922098906376,0.1002317357069415,0.0673894314527235,0.10361850585532413,0.10651263869203692,0.1414281249663088,0.12116848858088394,0.08400708585310836,0.08229528664029592,0.10948735083001383,0.06143267287197046,0.14445777356177553,0.3200324729860715,0.0,0.17716829694324837,0.10280833508990175,0.5081702222004232,0.14729559606113607,0.16702232266025796,0.07894464232815378,0.14262381220007697,0.29338014783096705,0.12291880852268969,0.18494646430612288,0.10517683123727684,0.10392473030105343,0.11866495011986518,0.15421306603070772,0.1096324623891262,0.15555922433824307,0.09556295143233891,0.11335939930006642,0.10917463113967113,0.10284747148444952,0.1255637418090753,0.12473628320998383,0.11805814503758122,0.21182250188177007,0.09675782317474797,0.12476330170691863,0.0838176637341086,0.09178578972287758,0.1033212444896517,0.1035123478388502,0.08447943235243273,0.1293931894890206,0.0898578805618898,0.14067765163186913,0.08804709516870622
LAO,0.2114599972545273,0.23962816658446554,0.13353464727269354,0.17308879114503117,0.16899885219057909,0.17733103237305617,0.1603434143309675,0.15871072988503765,0.13656875717735265,0.1613790288258475,0.4138275257287919,0.1640339125647165,0.17509930149944483,0.16924982415683917,0.1580962055472336,0.1558624931521623,0.1557651048890764,0.14678465300856516,0.14585029687595683,0.1496842024211214,0.19764229162721497,0.17478091712180974,0.17218338499856323,0.165484978534462,0.1791718818946389,0.20377884427065113,0.1640053083618672,0.16858829330103536,0.16559479759750007,0.17821746595863167,0.16491689862700135,0.23619320398571733,0.15240483357637366,0.1455186491184663,0.14959447476964935,0.1354541863400493,0.19709570670092905,0.18317546916919009,0.17168827524618685,0.16582044270053822,0.15443155113652693,0.17663399175078456,0.17862784852450034,0.31312494289516357,0.17716829694324837,0.0,0.14658625849774992,0.5344280984960109,0.19183730746054103,0.1527938298235092,0.16274819028472387,0.22118915158241587,0.20728578593695102,0.16857312527239274,0.17633332105072858,0.1754073134087497,0.17847884050451088,0.15069575088050008,0.11794865197859235,0.1566455831135487,0.14615441435241702,0.15377735274371673,0.1747313114653754,0.13445864014343412,0.15856473195380377,0.1758944932958597,0.15359147700700893,0.21014650043675276,0.2502078996622579,0.17714192079238644,0.18811187324848874,0.17095414490373895,0.1607546796778114,0.14683163024782656,0.14522280820504063,0.19923929127604634,0.14141502267759476,0.17034328045046862,0.1271730274508615,0.1580201258323252
LTU,0.20532919287375825,0.18100561946498364,0.08952680766183117,0.07637825458707254,0.08428493090729491,0.06988605544545252,0.14452915549928985,0.05733545385967304,0.12613869438351202,0.09255068150301614,0.38545974973143043,0.07329208647656008,0.09783865816298756,0.08838545046311241,0.0909742743116063,0.08609266406329585,0.0922622217454106,0.16249818986994782,0.08572410965661446,0.08673406122265037,0.12654025963621157,0.07153423740789996,0.08225949123841597,0.07652745598197407,0.137123139649508,0.11276680575278222,0.06625353802619788,0.07166314367209321,0.0656276529724413,0.0811184902257856,0.09278238094808074,0.18718052098232812,0.051804699348199444,0.06816499321874299,0.08922436443541507,0.0853030259742694,0.12006658066915474,0.10662744610501461,0.08140767188981067,0.0585148540691251,0.08324406962870617,0.0940909892016836,0.12452064630898861,0.32185430009693483,0.10280833508990175,0.14658625849774992,0.0,0.5189812733937269,0.09584338610727114,0.15108629844000943,0.07993034328338713,0.1689388069125094,0.2643500597069278,0.11361999565589516,0.1480308311581911,0.07236024432391752,0.0804241850265661,0.07970495514605525,0.12851067801580826,0.08475930115565164,0.13399393350236097,0.053030341817478975,0.07820686392864129,0.06430763684858999,0.08215338203424147,0.09869534734337335,0.08904622082086365,0.13456322007036375,0.21027576961058203,0.09114058975788225,0.08695167655126919,0.08136334360757778,0.1104563475044941,0.0788770959571573,0.08026392372931755,0.13469340145747755,0.10738417198004714,0.08717824985702223,0.12119282175984954,0.07481687646282936
LUX,0.5592570538172397,0.5424925244872963,0.5202935316926779,0.497204198559291,0.5023723595305998,0.4977071882256901,0.5317278168439732,0.5163622740893046,0.5314812301654626,0.5130052609591941,0.6505901547465118,0.512423623781338,0.5016872416115175,0.5219657758963822,0.5251263175360543,0.5283647297757825,0.5306987720074753,0.552639638451167,0.518087951351342,0.5089657408526064,0.4685432214690751,0.514641186494674,0.49869590397375735,0.5043123748576546,0.537520083810474,0.5242240481766522,0.5195934888784868,0.5188331356705846,0.4893332250894172,0.48072983161469396,0.5178922960117853,0.4689877191636097,0.5152398594743275,0.5090390982591314,0.5258282119451531,0.5104359777979598,0.4571853221374846,0.4953735431839075,0.5041450429321123,0.5031390626539278,0.5237702403741309,0.5233161620570772,0.5316661315342655,0.6131170782689441,0.5081702222004232,0.5344280984960109,0.5189812733937269,0.0,0.5312157917039497,0.5405011543115616,0.5201361830800544,0.5273601466416642,0.5927548944549247,0.47941910871278637,0.5329684081464623,0.48317963281573195,0.5061947887869486,0.5169557094019297,0.5323130196884774,0.5274437899547268,0.5341261632114457,0.5146094812413073,0.5148650415925392,0.5256862518102104,0.5224459995410774,0.5250855247484285,0.5314889461844405,0.5244724167707946,0.37050561167484436,0.5130933810263741,0.5167732822315461,0.5169697977971559,0.5315484556931395,0.5222764650868117,0.5190646417724114,0.5169255408011585,0.527041286802351,0.47357168718249865,0.5278496395589294,0.5040804304105763
LVA,0.22982351902056042,0.20285388892485642,0.14508710689069212,0.08087545919700598,0.10527421922713442,0.09974445677009622,0.18205605802772787,0.0825869392141871,0.17187644185037032,0.1487817016143848,0.41059138562662056,0.12935158740559893,0.13062133385909394,0.1325207992146437,0.13942635613756024,0.14434010292305963,0.1439884974105029,0.20545340298960432,0.1396949767560607,0.13452595893206973,0.11930551246625715,0.07963474201594822,0.12773422026875683,0.11875505633870377,0.17493061314361458,0.07336903598870435,0.1023905686326569,0.1124537454713981,0.09810826582544425,0.09198591120107061,0.1368589832482736,0.20695466706149643,0.09644557726414266,0.1286989013961856,0.13845649730931314,0.13748726376357187,0.11321534110108515,0.139922310388319,0.13392785779071892,0.10004865308628681,0.13778092681635887,0.14134489143691598,0.16690624996602751,0.344243965460175,0.14729559606113607,0.19183730746054103,0.09584338610727114,0.5312157917039497,0.0,0.19344901870500902,0.132414081830394,0.1802944371700702,0.3004142052114849,0.15700842823052663,0.19667670830613596,0.09485084517854857,0.10656427950887644,0.09602049722732643,0.17484368873660716,0.1397486003694599,0.17977897546495242,0.09130317742979499,0.06979412790326218,0.10461797033347628,0.13062331748993886,0.13404227237176874,0.13152363930560987,0.15323568559923825,0.23738726757429923,0.09712135305741115,0.07174387072376695,0.12323020926008366,0.1583985531611553,0.13383838747797439,0.1141643142708087,0.1736813089865298,0.16275113585836606,0.13872652851020673,0.16650687211348206,0.1331556013026171
MAR,0.23539842645395193,0.24717812052005572,0.10217831630454975,0.17162644468003693,0.17583447949902073,0.17310674180168084,0.17227147643221993,0.15596332426105192,0.08520255488345996,0.15270354728967048,0.42401483362933623,0.160375173870161,0.18023452560574593,0.17262641663033382,0.14466694399398677,0.14000325854690904,0.1317061437624022,0.11839488190735988,0.11443110644479368,0.12874320761176597,0.19475668411977895,0.1715377857828206,0.16785681163725358,0.16400434302878142,0.17117586926985262,0.19590704699122022,0.16206211641054596,0.16670301564052598,0.16467145805145764,0.18268009037070107,0.16511475056846642,0.24944997351288006,0.14955864910230768,0.1366323374107887,0.1168908904250317,0.12530703800407275,0.1949684735303633,0.17549590365703274,0.16748159427237908,0.16167373255749715,0.1406136076580067,0.17006859601891913,0.1920736396374739,0.33277967825572247,0.16702232266025796,0.1527938298235092,0.15108629844000943,0.5405011543115616,0.19344901870500902,0.0,0.14853339767251403,0.2286416014100447,0.25824166416260225,0.13768362432800502,0.17618391486460225,0.17200152130206453,0.1773346576008861,0.13594819265747132,0.1296721113984046,0.13244510666746698,0.0977456460122778,0.14652318818499652,0.17097535940492303,0.14610019057170864,0.16137317385903116,0.17674033751453816,0.10451459377440103,0.21383434854625405,0.26043704669675966,0.18050594180803636,0.18898392519201437,0.1697401413863686,0.13884937137198383,0.1242927947540199,0.14129676835346264,0.19357389569411756,0.1510490629545539,0.16816195210597973,0.12943516808843197,0.1492508478817671
MEX,0.2097685674524174,0.17395158583804193,0.08395727613523915,0.09775676684891513,0.10041096063521446,0.09028176321235368,0.15530306599207144,0.08796782977293034,0.13339684839986912,0.07876582980219714,0.3791269198440927,0.06711316147458503,0.10122747531251851,0.10125888477350756,0.07213229585177287,0.10292839271545458,0.10053071017849559,0.16853261257112784,0.07901566337211453,0.09555585472647211,0.14775188085723223,0.08836380219696237,0.08314464122862818,0.08362799887478217,0.11676390668261173,0.13631770668056173,0.09599472814568412,0.0746384158374068,0.08604545073008217,0.10083754463357203,0.10271788219837523,0.18617419035103644,0.08300739490105263,0.06353848653018848,0.08336636384113792,0.08328876584572524,0.13368685531784139,0.11458849203801112,0.07887700923117341,0.07402343707555399,0.09039254908839481,0.08344856731495397,0.12467340947718972,0.3285149859176186,0.07894464232815378,0.16274819028472387,0.07993034328338713,0.5201361830800544,0.132414081830394,0.14853339767251403,0.0,0.15225923940476122,0.28294491782597136,0.09300903330945672,0.1664452222866755,0.09368490581802401,0.08563964361254804,0.09923332535504435,0.13669895960620845,0.07913122591838287,0.13274508606503382,0.07766638783069175,0.10263777883352385,0.09473308885662204,0.08381164921231274,0.09518589822101281,0.10381823367671882,0.12042713364641718,0.21827094080478038,0.10599581885320963,0.11307051438594314,0.08607897227224592,0.08328679742483587,0.08862873454401977,0.09532742852932621,0.10477971992903334,0.11745396296609231,0.0837502928348293,0.12507097808388473,0.0784008519596333
MLT,0.25288425997230296,0.23956309735007775,0.1853388743617137,0.17242306970335766,0.15074458521041315,0.1716986967197215,0.21910386086064076,0.1707861130543101,0.21126571189841212,0.17969866018616887,0.4228758800751825,0.1695708640130558,0.14524207841855094,0.16411985769763815,0.15346512326627157,0.18933967875346702,0.18490461457975546,0.2413536978441319,0.173525752947733,0.18440032656640948,0.19558348822077912,0.15441462691254623,0.1633289191553555,0.17098125488873572,0.2031687077605593,0.1937056854757403,0.16831078109825906,0.14780039866401404,0.16061639756674068,0.16042443821306054,0.175085228800159,0.22740585002576832,0.16517091093382552,0.15613251463870248,0.17544571918413035,0.18325039107948884,0.17715915200294868,0.18308649156348905,0.15723785776207128,0.16233551313381897,0.18126121980914248,0.16611585798849993,0.2017997610483397,0.3673826522544117,0.14262381220007697,0.22118915158241587,0.1689388069125094,0.5273601466416642,0.1802944371700702,0.2286416014100447,0.15225923940476122,0.0,0.32685377001145266,0.1844476556017066,0.23314339474332316,0.17035452987528518,0.17292063485385784,0.1688672783845794,0.20620294498745828,0.1812824530290203,0.19394869473095042,0.1689438662425548,0.16338066093391895,0.16597728711594656,0.16902826101102084,0.1865971189649862,0.18952520017335267,0.13453798405623768,0.2514612820780495,0.15786040663164028,0.17969077559850552,0.16570971645558227,0.12797132373009798,0.17695519515606897,0.16159700469817004,0.13140422300600652,0.20165565171832875,0.1705673935110153,0.19427612553978152,0.16905062870590473
MMR,0.2717761143789693,0.3379837990972277,0.24704092970603023,0.2873421545440723,0.2944972794057062,0.295462239867296,0.22337076580818743,0.2736001592705582,0.2278296123517771,0.2842374385339983,0.47931744416313415,0.2841714629716936,0.2990629493505245,0.2910956816111451,0.2743350438124568,0.27137820018552367,0.2763397467624939,0.21722946191582276,0.2731944853154783,0.28124566581388527,0.30607240297044674,0.29313453970975556,0.2927734515836078,0.2864817371270483,0.29336564082817135,0.3112317107335234,0.2842902273446057,0.2871368881372651,0.28811042871221526,0.29768440651132594,0.2848326415353679,0.3424170784583438,0.2734020603056918,0.26679115746390053,0.27488292594616553,0.2414477430487614,0.30504903273769773,0.2972208934561734,0.2915442784340972,0.2876941809209093,0.27797129835093237,0.2929105110028543,0.28534654321310643,0.31187792631141065,0.29338014783096705,0.20728578593695102,0.2643500597069278,0.5927548944549247,0.3004142052114849,0.25824166416260225,0.28294491782597136,0.32685377001145266,0.0,0.2896993987220831,0.2507763700928875,0.29226270662201786,0.2939113781623963,0.26893414422820167,0.18362001324478794,0.27334372076784774,0.2507195596166232,0.2733975570632531,0.29410443158936816,0.2447876030336934,0.2831072305036625,0.29177707638550965,0.2719219255992011,0.3157240266674044,0.34298573772155405,0.29721484241056156,0.29783960083205185,0.28942365539826914,0.2765737171584787,0.2674755942492958,0.2665907305341171,0.3065165640202565,0.22562289282533243,0.29092174037008406,0.2077187781728972,0.283806878493617
MYS,0.2152507033936861,0.20128571668534623,0.08910154244869571,0.11858649076162345,0.12614452619355393,0.12057082362911624,0.1719387969345278,0.11865566353864555,0.12358541665552208,0.10805638274843042,0.3975054342390526,0.10549068137983877,0.12862588600310668,0.13187326370654923,0.11366306190611722,0.11493115004253057,0.11314449886340655,0.1641654401946408,0.0905549325886279,0.10523145758065859,0.1475098742291036,0.12164773384664629,0.11617312665038236,0.10791704665499735,0.12867069055039637,0.15938373656151184,0.12356466308238791,0.1205174252477675,0.11063061248256048,0.11868499174546604,0.13213679174589502,0.18410647025012347,0.11479912029496435,0.10178084366113019,0.09464520129660184,0.10248917802695254,0.1347574239060483,0.12886568916763622,0.11411067607899629,0.10916271329644826,0.10886800774614908,0.12777250942150714,0.15069871909917798,0.33777148286687425,0.12291880852268969,0.16857312527239274,0.11361999565589516,0.47941910871278637,0.15700842823052663,0.13768362432800502,0.09300903330945672,0.1844476556017066,0.2896993987220831,0.0,0.1559944740450459,0.1119375670590628,0.10758220660508364,0.11415220471826862,0.1430867914741746,0.09936271876801821,0.1181891915533621,0.10536762245251441,0.13006259270057483,0.11661964210131465,0.11268235087027621,0.11913295702387941,0.10673005286865596,0.163436796073426,0.19747392123951885,0.13506713627094102,0.14412747593807704,0.12385526914952245,0.11366084199007154,0.10455711062107788,0.12098220720086243,0.14805580145426134,0.12936610907150206,0.10188609392819556,0.13489640548455495,0.10381372237690147
NGA,0.23738099700146822,0.2515465454929776,0.14738994825462232,0.17665260000638716,0.17978813585833786,0.17512193080385632,0.18099536779668293,0.1600479996295472,0.13068222122990208,0.1743910491983144,0.42664389109782036,0.16553340168037686,0.17880718726112932,0.17266512953075808,0.1692300922933304,0.13241657487231076,0.15165322943401618,0.17367678818166488,0.15417694325374084,0.15458761114321218,0.2034240959145123,0.17449395405951743,0.17480479994385578,0.16498035738526626,0.20344129581261478,0.20499657209616295,0.1708360641778338,0.1746517056296111,0.1688340573079871,0.1819768381655112,0.17565084992866442,0.22989728008937452,0.16107125532934455,0.1577257301951051,0.1495211698129692,0.1633644411847527,0.20018639707504365,0.1732685435132938,0.16634811211038483,0.16621468842925527,0.1517780141487525,0.18206551914277042,0.1876070119220252,0.3315490555950875,0.18494646430612288,0.17633332105072858,0.1480308311581911,0.5329684081464623,0.19667670830613596,0.17618391486460225,0.1664452222866755,0.23314339474332316,0.2507763700928875,0.1559944740450459,0.0,0.17057249276522438,0.17202952158337534,0.16214407861194222,0.16079464910991262,0.151808392608329,0.13117836228307994,0.1488949100229336,0.1817185650048174,0.1362978764801714,0.16648616585913412,0.17867356829604072,0.14019501188095243,0.21838211848552563,0.2545201934256269,0.1885297507054388,0.19207413994099642,0.17636115503410776,0.1652967578823318,0.15621768720583995,0.16523701151914236,0.20663840479350543,0.14001126418229237,0.17079362964058797,0.1626400293336739,0.1630264712294377
NLD,0.21992075108687303,0.18747993425581663,0.11126058157343577,0.05136595636740809,0.08159325887249562,0.04950605852856253,0.16427767167589408,0.06802784830100574,0.14969536000937023,0.10892808627114305,0.39807770929571745,0.08059015051526101,0.09580544958701513,0.09573359717875471,0.11036397098562789,0.11984632909587002,0.11621841919235232,0.18682226408263547,0.10597796445016469,0.09475473345250005,0.102321932724785,0.058659121278973506,0.07788806474019341,0.07298183917658538,0.15502609682519491,0.09505769603669136,0.0935291400574996,0.0811470217478436,0.04641698264076443,0.045741136206625045,0.09767820352460815,0.1671113670069326,0.06614698323579032,0.08372306236709341,0.11066010691953108,0.10492812585200433,0.08348558539689625,0.10242884927377409,0.0760205913740355,0.05376386922855004,0.10722653391342174,0.10239329871097251,0.13709789484085866,0.3372194156023628,0.10517683123727684,0.1754073134087497,0.07236024432391752,0.48317963281573195,0.09485084517854857,0.17200152130206453,0.09368490581802401,0.17035452987528518,0.29226270662201786,0.1119375670590628,0.17057249276522438,0.0,0.06816273121211983,0.08048005357669427,0.15560663791409618,0.10715067972382009,0.15618321083836983,0.06200570110755587,0.06652038452854664,0.09251933342040487,0.1033346475090013,0.1046386565814454,0.10930680737830165,0.12962281411430712,0.1887754010252891,0.09058077168008019,0.06636254518745613,0.08576313778523738,0.13114713302982683,0.10166067938897387,0.10097794105172331,0.13658957479851835,0.13511799492357945,0.07193372929292195,0.14757465241880552,0.08466359565808866
NOR,0.20484734018263268,0.18010969838809812,0.110957600717755,0.07353163973421997,0.093138212722832,0.078824070969811,0.16394833147612678,0.07614476645152711,0.15317971375464076,0.10941180783548102,0.39373026920870285,0.07805559958586558,0.10505976142393521,0.09798897133319218,0.10499231055511286,0.11556700440986377,0.11387872422912783,0.19140721160531335,0.10275889347327485,0.10484583302917394,0.11379669752181919,0.07564646469703756,0.0868628023981625,0.0640656384047247,0.1354379179327739,0.11097960363754211,0.09218100169752959,0.08126708713996553,0.07297891008779263,0.07576548632766297,0.09371175433968396,0.17759419975193055,0.07648389514907208,0.09105937078334639,0.10747030852526314,0.10443740280623427,0.11110604988578114,0.10297069355374786,0.08543696775525886,0.06667252171603708,0.10143492765343078,0.1023213841265553,0.13109000896145023,0.3385410485805916,0.10392473030105343,0.17847884050451088,0.0804241850265661,0.5061947887869486,0.10656427950887644,0.1773346576008861,0.08563964361254804,0.17292063485385784,0.2939113781623963,0.10758220660508364,0.17202952158337534,0.06816273121211983,0.0,0.0944529256761536,0.15649255936787435,0.09864414227398591,0.15973221791714198,0.0752547010868488,0.08598686273856398,0.09627580462360369,0.09252887399846355,0.0973500964126013,0.1149670520788135,0.1261630205179156,0.2083156707814893,0.10424570599426171,0.08856146543334617,0.08535061556019766,0.12659068299172677,0.10184794576941468,0.10895601659601714,0.13683578116258346,0.13452369261181554,0.0848761272971261,0.14479008306615043,0.08849724602809783
NZL,0.20677322898115502,0.19576162293122523,0.08979235698947009,0.07380018255144256,0.0815020477492864,0.09098782451723932,0.1544059607177093,0.07795770782438692,0.11959343455449604,0.11009753099926169,0.4011208479508326,0.09669733127564939,0.1009335097890124,0.09858035504888192,0.10521727299417703,0.11001818782974199,0.1053031472314557,0.15227834609331478,0.08878820566011748,0.09295293336276907,0.1296185069448389,0.0765034238670756,0.09988919464141155,0.09109616158082662,0.14186186363715927,0.10718223901296366,0.10089388492604391,0.09627980381127677,0.07395107573633854,0.08117044987860797,0.1093867890188675,0.19647103333891772,0.07177153842029188,0.08724742199843014,0.09272489476386085,0.0976678277881185,0.11298121595191492,0.11489928547267686,0.09965485377244773,0.08153993657764147,0.1088039225781331,0.11616163540438021,0.1388558449266121,0.3316565882605973,0.11866495011986518,0.15069575088050008,0.07970495514605525,0.5169557094019297,0.09602049722732643,0.13594819265747132,0.09923332535504435,0.1688672783845794,0.26893414422820167,0.11415220471826862,0.16214407861194222,0.08048005357669427,0.0944529256761536,0.0,0.1252165559557905,0.09689014419591423,0.1231521573413026,0.0717169454291667,0.07078648496148607,0.07513326876377834,0.10110912793574414,0.1175006584374131,0.0927979895202183,0.14816335675423759,0.22093279806682364,0.09598675395953829,0.09305156640555381,0.0980675335503271,0.11781770265764699,0.09415663002046104,0.07901760547457055,0.15296904873774445,0.12891327029528596,0.10166925035091927,0.11992574083148558,0.09262306265451735
PAK,0.19332702601968804,0.2292837231475713,0.09287007223897097,0.1531639177383568,0.1472623851858263,0.15749766487830066,0.12927176744571542,0.13983785860531456,0.10269776849904462,0.1391722781020489,0.4116922135111709,0.14168710924878244,0.1546565915493839,0.15203287810805655,0.12888323866243112,0.137466383470913,0.134283171150538,0.12164741604102815,0.11873905671503021,0.13400298459352333,0.1855792993211969,0.15413600779869813,0.15034663557772357,0.14331637269155814,0.14718746933307236,0.18869215489015348,0.14373939069256672,0.14760707185569208,0.14565361136779545,0.1571072090326362,0.14709151161986303,0.22618064374587216,0.13162584441551267,0.1228121771244293,0.123626410733006,0.09635889945678654,0.1813567556797785,0.16744800702884766,0.1512156554916655,0.14388163623958605,0.14118452058285683,0.15465039539968573,0.16139169989044264,0.2982514576589649,0.15421306603070772,0.11794865197859235,0.12851067801580826,0.5323130196884774,0.17484368873660716,0.1296721113984046,0.13669895960620845,0.20620294498745828,0.18362001324478794,0.1430867914741746,0.16079464910991262,0.15560663791409618,0.15649255936787435,0.1252165559557905,0.0,0.12847933910028211,0.12062369697083594,0.13462208271139603,0.1540556454304718,0.10649195330107726,0.13530228727080282,0.15234787546766654,0.13016202208614958,0.19266551167270143,0.24350868802689435,0.1576147018656605,0.1701975794351526,0.1486932660809793,0.13440187158326833,0.121302452744412,0.11470934034495386,0.1785769819413336,0.1130266207931669,0.14942438278782672,0.09105001464323408,0.13877882482922613
PER,0.21031095511192005,0.19556905545439998,0.07637527549178884,0.10372921876454745,0.11057270630330805,0.10507639886039516,0.13802745948326212,0.09512605895284316,0.11261278211129007,0.09835014995922776,0.39405690220913764,0.08042237622679037,0.11746246472865982,0.09740175307637006,0.0842573487537681,0.08587455853237291,0.07692734970489497,0.14401191829783996,0.06598560346509162,0.092338805604505,0.1521542391468547,0.10717340099796081,0.10023864773775694,0.09564749560272733,0.12455790965500753,0.14703082782199653,0.09768653221096786,0.094449723302853,0.09842808227563267,0.11339375641837754,0.10552688753127702,0.20372632534741442,0.09030556670950235,0.0845017888716395,0.07580590827329338,0.08835988600033054,0.14779974211250552,0.11347108888740508,0.09522213000982281,0.08662897820485772,0.0854110209630595,0.10526630282703817,0.12603893786734613,0.33037502367158833,0.1096324623891262,0.1566455831135487,0.08475930115565164,0.5274437899547268,0.1397486003694599,0.13244510666746698,0.07913122591838287,0.1812824530290203,0.27334372076784774,0.09936271876801821,0.151808392608329,0.10715067972382009,0.09864414227398591,0.09689014419591423,0.12847933910028211,0.0,0.11989321391078951,0.08714226442574723,0.10974839584701716,0.09268126645819087,0.09430764668611619,0.10988231203195307,0.08085783464806272,0.15846898784196042,0.2231790066062048,0.12465710072520066,0.12763080191890908,0.09959004636319964,0.09497534088637176,0.0784260526761429,0.09159362391466999,0.1439211250572002,0.1171858556745068,0.10038659980479692,0.10933847120794617,0.08261679846770181
PHL,0.21955632299051106,0.23828706554487508,0.09742796117010664,0.15878482938624167,0.15607182882109188,0.1596917119191251,0.16485550054909148,0.1455441625221924,0.0732736290748277,0.1398259793253396,0.41839795015833947,0.1481556665602968,0.153181244896268,0.15165842929244353,0.13619056010235894,0.11620417570326928,0.11637586108137972,0.1170056998205837,0.10938197824124908,0.11221840128835475,0.18802950383273062,0.154022489136392,0.15609889613463215,0.1476687593724168,0.16506142459519227,0.1885208217960647,0.14914093029236855,0.15175928998927293,0.14920878191206038,0.16431171915362075,0.15597380622948806,0.20940079108837928,0.13800335640786374,0.12347137986631972,0.09926929664456732,0.12751780856660058,0.1819313672684248,0.15820823384995453,0.14984272151210307,0.14748851297536456,0.13731444408969357,0.16057198642164236,0.17690160175890762,0.3325848104429916,0.15555922433824307,0.14615441435241702,0.13399393350236097,0.5341261632114457,0.17977897546495242,0.0977456460122778,0.13274508606503382,0.19394869473095042,0.2507195596166232,0.1181891915533621,0.13117836228307994,0.15618321083836983,0.15973221791714198,0.1231521573413026,0.12062369697083594,0.11989321391078951,0.0,0.1289636496552036,0.1575586194231127,0.12151864920398422,0.1438851618264603,0.15566111517832193,0.09877095544568702,0.19071149974247525,0.24900111522220475,0.16489566717026402,0.17817047149858126,0.15762966512819174,0.11309291913664528,0.1174332049332432,0.1293008858914733,0.17392266222136077,0.1322882965866787,0.15654795429102353,0.12100357866621675,0.13598918541935476
POL,0.21014575689781254,0.1866459109921895,0.09010745412853594,0.06448421203757615,0.08387295055126989,0.06541841904509108,0.14922484521492868,0.04535794226774398,0.12104024470993524,0.0978304737452761,0.3942408650075323,0.07746669120802376,0.10102596932086041,0.09563230113477077,0.09035653458671979,0.0932181459750284,0.09312480230598652,0.16371235462171346,0.0888965141754047,0.07944320038726156,0.11649244996753307,0.053221956675236284,0.07870164438470902,0.07483380074979086,0.14449828117138816,0.09395598919347344,0.08221827535821254,0.07062657432227769,0.06261069006154199,0.07500684841688021,0.0974537852832129,0.17719163135209492,0.05481659600140367,0.06494071278934285,0.08236755431507793,0.08743700684438994,0.10596605193659618,0.10476420575659984,0.0844734533500932,0.05110497020132025,0.08808382953529072,0.08896467820373022,0.12981973813347608,0.3230443096056752,0.09556295143233891,0.15377735274371673,0.053030341817478975,0.5146094812413073,0.09130317742979499,0.14652318818499652,0.07766638783069175,0.1689438662425548,0.2733975570632531,0.10536762245251441,0.1488949100229336,0.06200570110755587,0.0752547010868488,0.0717169454291667,0.13462208271139603,0.08714226442574723,0.1289636496552036,0.0,0.06669797346194889,0.06770182852763325,0.088785707601259,0.09993806253982772,0.08658293766330001,0.13340012496146114,0.21255456747005147,0.08116910905760391,0.07027133532032152,0.07914373294972986,0.10773751797163118,0.08247525274492683,0.08473159229147845,0.13270639468681297,0.11048164079715854,0.08857751855394415,0.12724817271154076,0.07685472611044038
PRT,0.21655486050044873,0.18938918823609127,0.11730068183868352,0.055644674402888894,0.07208866221694242,0.07266569999905213,0.15760048275991853,0.05933761959251006,0.1485222220166516,0.11739125509306012,0.40053669278807436,0.09879312438053649,0.09967104550863319,0.10370468391948225,0.10479029740393499,0.12267799338522942,0.11967656277819112,0.19111195383239912,0.10612769739187554,0.1069436750302543,0.11348515587821648,0.054490562865073436,0.09539146116317124,0.09163607278518697,0.15422584118344287,0.06672521063618972,0.09958750431415002,0.09178283281566231,0.06318834306510866,0.05940240668739846,0.1110486323273632,0.18578120447715044,0.06605312220074658,0.09545167901399972,0.10635140351916982,0.11150239993507616,0.0925306821310486,0.11511829382684996,0.10223668520614608,0.0641842551840286,0.11062860439268131,0.10945638982983481,0.14828055568565646,0.3389095611659124,0.11335939930006642,0.1747313114653754,0.07820686392864129,0.5148650415925392,0.06979412790326218,0.17097535940492303,0.10263777883352385,0.16338066093391895,0.29410443158936816,0.13006259270057483,0.1817185650048174,0.06652038452854664,0.08598686273856398,0.07078648496148607,0.1540556454304718,0.10974839584701716,0.1575586194231127,0.06669797346194889,0.0,0.08254618845079265,0.10508172741942275,0.10796122243864992,0.11051850637954161,0.13511197295710783,0.2170993958547707,0.06973365320461422,0.05466109108692384,0.1013912416548232,0.12665731257866505,0.10904749301947762,0.0804623446199417,0.1472900635811742,0.1447668691441036,0.10674715527709672,0.14033019350670559,0.09961294177953643
ROU,0.19122743611297027,0.19623944070324656,0.085343210632867,0.08759810931203725,0.07946207222402885,0.09158373213142716,0.13618128592315154,0.07003874666062723,0.11143069422868494,0.1098529237796034,0.3992114568087136,0.0929903034658082,0.10043822396650484,0.09451801524388082,0.08682413553426002,0.09658382702603087,0.1003424280321544,0.14999890520976983,0.08944225209418347,0.10199687273506954,0.138694496670233,0.07777861523395237,0.09594686136464205,0.09246966589589603,0.134800196816985,0.1200452399779131,0.09183873365038349,0.09096545641976567,0.08037765701164296,0.0910847540315083,0.10428124550320075,0.1953157244092156,0.07227828194867514,0.08239698327929532,0.09187187437845136,0.0849211203389208,0.12778396895183625,0.11774945636767216,0.10040701123905398,0.07723881435832129,0.09462745656978357,0.10358304811001741,0.132147022534984,0.3006877151568233,0.10917463113967113,0.13445864014343412,0.06430763684858999,0.5256862518102104,0.10461797033347628,0.14610019057170864,0.09473308885662204,0.16597728711594656,0.2447876030336934,0.11661964210131465,0.1362978764801714,0.09251933342040487,0.09627580462360369,0.07513326876377834,0.10649195330107726,0.09268126645819087,0.12151864920398422,0.06770182852763325,0.08254618845079265,0.0,0.08675626348385143,0.11408194115127505,0.09368873089531211,0.14794518485150462,0.22242559027765707,0.08852991790093236,0.09984924221236247,0.09473260183407259,0.10893042789858068,0.0909441174207116,0.06472949340641444,0.14128701280305875,0.09435393120852996,0.10635049737728051,0.10536613573878316,0.0918396705571909
RUS,0.19940632653421714,0.17892311092627705,0.09694289972913683,0.10643170200496345,0.08699947132318155,0.09907949134651135,0.15916528560746504,0.09419897533669587,0.14189563490043133,0.09336148350990169,0.3847797559067011,0.08089782208054323,0.10003567386160181,0.09468163962405682,0.09081815868155661,0.10786243735135219,0.10581387534117664,0.17595860202653685,0.0899839451490192,0.10589865429270748,0.15269807330066493,0.09818693170382882,0.09040504389125704,0.09094039306431559,0.11622261052371725,0.1453938974427544,0.09511912691192542,0.09046930121366063,0.09047674677808377,0.10100394137344042,0.10188455255486557,0.1927285005703,0.08128327571428959,0.08229573292568285,0.09563954143849387,0.09623467737578095,0.1464723082131951,0.11509779935416554,0.09417499361173944,0.084325081124584,0.09449985173476802,0.09640272019150607,0.12401731428776372,0.32334509715267035,0.10284747148444952,0.15856473195380377,0.08215338203424147,0.5224459995410774,0.13062331748993886,0.16137317385903116,0.08381164921231274,0.16902826101102084,0.2831072305036625,0.11268235087027621,0.16648616585913412,0.1033346475090013,0.09252887399846355,0.10110912793574414,0.13530228727080282,0.09430764668611619,0.1438851618264603,0.088785707601259,0.10508172741942275,0.08675626348385143,0.0,0.10589851905676273,0.11023275577512806,0.14636219378265447,0.21989697514456147,0.10087031185468452,0.12240353053924212,0.08979561186179623,0.11246721982766904,0.09662429298499853,0.086893846263417,0.13628911572986038,0.11686341430435558,0.09533221271709326,0.1309067763982526,0.08502081273309223
SAU,0.21685730488094795,0.18585532958493944,0.11374041322767293,0.10442986148694836,0.1133540562070929,0.10580309696375254,0.17019166260973217,0.10220637228358649,0.16066233783831527,0.10731484538301005,0.38891729348772797,0.092766101799859,0.11664593199616145,0.12263582113987694,0.11731333723500553,0.13036799158125983,0.12348030390541863,0.19064502527052377,0.10586524943958252,0.10210810422470731,0.1480414018482682,0.10866452343331132,0.11192443340869623,0.09841684768903858,0.13714447970998128,0.1383162017396321,0.1085680651983621,0.10622247270153215,0.10248782314148135,0.1087659508852022,0.11186270586899072,0.16083574547425003,0.09317782550362688,0.10170158972031469,0.11057575391917601,0.11152169557327549,0.14414778340001097,0.1280409382910535,0.10229061405731533,0.0938232573637325,0.11169426742792156,0.11424853388981528,0.13276392152375116,0.33977288745193257,0.1255637418090753,0.1758944932958597,0.09869534734337335,0.5250855247484285,0.13404227237176874,0.17674033751453816,0.09518589822101281,0.1865971189649862,0.29177707638550965,0.11913295702387941,0.17867356829604072,0.1046386565814454,0.0973500964126013,0.1175006584374131,0.15234787546766654,0.10988231203195307,0.15566111517832193,0.09993806253982772,0.10796122243864992,0.11408194115127505,0.10589851905676273,0.0,0.12551265609469067,0.15028597874471877,0.21481433587588247,0.1214461977727374,0.11776342616718695,0.11206826585195025,0.1329938594257294,0.11505991002892776,0.12048821751030861,0.1462811984228105,0.13802342100110343,0.10813319858883519,0.14894784505207745,0.10143506053641586
SEN,0.22137749871891366,0.2113544483218764,0.07848378470899525,0.11073695490122032,0.1211918675740312,0.10895768169308749,0.1505330230283293,0.09701983418336547,0.09496046467005617,0.11679596227681908,0.40643313276410475,0.10658951381017863,0.12843119652156398,0.11012539696694139,0.10577121185253545,0.0914428032854181,0.08109922675625848,0.13711943287882108,0.07734849723144227,0.08785257911140731,0.14807568417456113,0.10982411980788852,0.11428049340081424,0.10688819150229323,0.1462350085505609,0.13947711820600006,0.10259675675651306,0.1099019496039404,0.1057198273302819,0.12219836946690893,0.11250179780945702,0.20949618393395958,0.09092337774258795,0.093439133508656,0.08028548090911218,0.09780776280036062,0.14623498855908068,0.11978636706547496,0.10938546427778026,0.09979676703265636,0.08654073756189684,0.1207515205256067,0.14988363676981528,0.3268061688163071,0.12473628320998383,0.15359147700700893,0.08904622082086365,0.5314889461844405,0.13152363930560987,0.10451459377440103,0.10381823367671882,0.18952520017335267,0.2719219255992011,0.10673005286865596,0.14019501188095243,0.10930680737830165,0.1149670520788135,0.0927979895202183,0.13016202208614958,0.08085783464806272,0.09877095544568702,0.08658293766330001,0.11051850637954161,0.09368873089531211,0.11023275577512806,0.12551265609469067,0.0,0.16862293939422301,0.23301477510684912,0.13044790280441018,0.12874877877687363,0.11580432964718738,0.10917338978343107,0.08055663285452135,0.10035755461067238,0.15635527227640142,0.11938001678852757,0.11732421861683259,0.1194225431650719,0.10003656475528114
SGP,0.24449276780760185,0.18630762714961321,0.1618166281220585,0.13634430485564458,0.14052608930940363,0.12525765137977615,0.19937248603000624,0.1347429436965812,0.19412375419498434,0.13919663235947013,0.37947976274730055,0.1383880202988091,0.12854528830620532,0.1477882643036545,0.1324532880698355,0.1631538536702904,0.16312218751700955,0.22758238195506017,0.15541539494505835,0.1552486059529017,0.1609787668005657,0.12482059957343822,0.13658687485312188,0.12731651396210172,0.17056844634190557,0.1538086014367204,0.1459986475497581,0.1160216509473899,0.13113677804675988,0.1339937684777872,0.134696316504134,0.1998644536855043,0.1337119516126716,0.12947185618168036,0.1539745452745232,0.15176602371177947,0.14274970769500422,0.1570637117551904,0.125018404738633,0.12710594539819733,0.1544761385891866,0.1359165004297012,0.1772214024032811,0.35514070508034984,0.11805814503758122,0.21014650043675276,0.13456322007036375,0.5244724167707946,0.15323568559923825,0.21383434854625405,0.12042713364641718,0.13453798405623768,0.3157240266674044,0.163436796073426,0.21838211848552563,0.12962281411430712,0.1261630205179156,0.14816335675423759,0.19266551167270143,0.15846898784196042,0.19071149974247525,0.13340012496146114,0.13511197295710783,0.14794518485150462,0.14636219378265447,0.15028597874471877,0.16862293939422301,0.0,0.23957129135023547,0.14037176504416374,0.13946415774133575,0.13816166957524975,0.13196938101938907,0.15262821952127598,0.14928755410806682,0.10724266905844815,0.17611978006090614,0.14069248971204507,0.18144419560395375,0.14058204992579648
STP,0.29286357356959786,0.2736575055789334,0.22079622187625791,0.20236959322326908,0.205822817962006,0.2022705912050234,0.2472328949089271,0.2140105186546127,0.2462275587201592,0.2155401059381825,0.44231787533921807,0.20231971474572646,0.20915765410905718,0.22202763428906014,0.22367450993198107,0.2282463570498516,0.22905670471678838,0.2710671924463768,0.21937455791258476,0.20855042293595147,0.19194283532629544,0.21582430797754706,0.19946438042718498,0.2054196327911396,0.24950353021295268,0.24030549124640166,0.21325436375621723,0.2128249756581798,0.19012066296244412,0.18903888670233143,0.21040629678838907,0.21104426970076856,0.2095999267152464,0.2006560658189286,0.226115936211111,0.20971711468752557,0.1876503892009604,0.20117749515752908,0.19981875228136814,0.20031611803621255,0.21752773648002474,0.2192182088332825,0.23369794087082377,0.38319688321024764,0.21182250188177007,0.2502078996622579,0.21027576961058203,0.37050561167484436,0.23738726757429923,0.26043704669675966,0.21827094080478038,0.2514612820780495,0.34298573772155405,0.19747392123951885,0.2545201934256269,0.1887754010252891,0.2083156707814893,0.22093279806682364,0.24350868802689435,0.2231790066062048,0.24900111522220475,0.21255456747005147,0.2170993958547707,0.22242559027765707,0.21989697514456147,0.21481433587588247,0.23301477510684912,0.23957129135023547,0.0,0.21714230420781452,0.2222086802396609,0.2130577876182198,0.23197607481409613,0.21437978718875622,0.21979143250120683,0.23021687356459636,0.23023085740368332,0.17821431910677954,0.2374450113755313,0.19440842553209403
SVK,0.21435766957181415,0.1947436517564577,0.1253294194699827,0.09089434731254616,0.06823328912450878,0.08977900545121226,0.17279063733792596,0.08643739462045855,0.15911200284275703,0.11667141900160781,0.3997273945654025,0.10234849603229862,0.09857196096616676,0.10643602101845695,0.10266888790316825,0.133158141711666,0.13378243163756803,0.1993146105096554,0.11867847598837998,0.1225714679389002,0.13575542617623879,0.06923202968861479,0.08168209383355546,0.10595629519019639,0.15543051622552145,0.10681676546370439,0.1022100246555315,0.09709072782640855,0.07720025853352899,0.0797455542209307,0.12023538959376111,0.18521586876345983,0.08631142854019909,0.09043860756869117,0.11755174678308854,0.1198412491561956,0.11751911712700247,0.1272437915710062,0.1107903878240731,0.07935307753981712,0.12193809373911665,0.0950948022227088,0.1506591757409511,0.33083972674208134,0.09675782317474797,0.17714192079238644,0.09114058975788225,0.5130933810263741,0.09712135305741115,0.18050594180803636,0.10599581885320963,0.15786040663164028,0.29721484241056156,0.13506713627094102,0.1885297507054388,0.09058077168008019,0.10424570599426171,0.09598675395953829,0.1576147018656605,0.12465710072520066,0.16489566717026402,0.08116910905760391,0.06973365320461422,0.08852991790093236,0.10087031185468452,0.1214461977727374,0.13044790280441018,0.14037176504416374,0.21714230420781452,0.0,0.08878564206441018,0.09738741314444377,0.12735659257375928,0.1182426058528244,0.08690345744054011,0.14103052648690848,0.14285487709729197,0.10950798563391845,0.1491180203236971,0.10292489727781697
SVN,0.22696820333672743,0.19245756856296145,0.13285485530124855,0.060023562693933705,0.0982550687890482,0.07619642073934424,0.17076599157845396,0.06479666396747663,0.16650939831453176,0.1325594441603024,0.4044942075366214,0.11007569379133222,0.12150423783120418,0.12016781096867495,0.12256092443290909,0.13951814215829095,0.13717622051627706,0.20178527467290908,0.1300723308685813,0.11967257217117254,0.1145829133940927,0.055614736321253015,0.10685578580467617,0.10019023484757535,0.17017798365590597,0.05836486359838692,0.107830483064097,0.09797574517895173,0.07766613086618471,0.07376904604613828,0.12270991779727868,0.1890440314394386,0.07634785729202254,0.10946003631207255,0.126870283788884,0.12258098178429536,0.09281946804853027,0.1260578116803964,0.11157221081530284,0.0709197347825553,0.1253025719392034,0.11982127922540398,0.15372371629090584,0.340952359956992,0.12476330170691863,0.18811187324848874,0.08695167655126919,0.5167732822315461,0.07174387072376695,0.18898392519201437,0.11307051438594314,0.17969077559850552,0.29783960083205185,0.14412747593807704,0.19207413994099642,0.06636254518745613,0.08856146543334617,0.09305156640555381,0.1701975794351526,0.12763080191890908,0.17817047149858126,0.07027133532032152,0.05466109108692384,0.09984924221236247,0.12240353053924212,0.11776342616718695,0.12874877877687363,0.13946415774133575,0.2222086802396609,0.08878564206441018,0.0,0.10874541394990501,0.14783724433144937,0.12156525334569868,0.10946084598592706,0.15598556534514982,0.15279537897299642,0.11588320539682688,0.1595159406295731,0.11435350859814249
SWE,0.21658070853199587,0.19175238287824428,0.10781863257468298,0.0969391586633733,0.07312085267497778,0.0835224995861073,0.16056744557845729,0.08805841311561953,0.15166688305383846,0.10248340115327412,0.39360063955603397,0.05998261929905506,0.08899676466001222,0.08155080618840989,0.08935020774507098,0.1052936126568872,0.1074162724456931,0.18359365277851303,0.10138656514406372,0.104106947415966,0.13679263893298219,0.07804266564083832,0.0597178450757661,0.07884811335686305,0.1461625889802196,0.1416690546321981,0.07466735141244617,0.054159703574597824,0.075787334035017,0.08901781033575076,0.08554584746276421,0.18472924851106987,0.08045022965015038,0.06909439192542101,0.10327021102195266,0.10165996552496914,0.13708863780650207,0.11026767808422633,0.06886456333740218,0.06383854606192439,0.09776763251312316,0.07154182405641857,0.1291930502130459,0.3226296267502597,0.0838176637341086,0.17095414490373895,0.08136334360757778,0.5169697977971559,0.12323020926008366,0.1697401413863686,0.08607897227224592,0.16570971645558227,0.28942365539826914,0.12385526914952245,0.17636115503410776,0.08576313778523738,0.08535061556019766,0.0980675335503271,0.1486932660809793,0.09959004636319964,0.15762966512819174,0.07914373294972986,0.1013912416548232,0.09473260183407259,0.08979561186179623,0.11206826585195025,0.11580432964718738,0.13816166957524975,0.2130577876182198,0.09738741314444377,0.10874541394990501,0.0,0.11927093630434178,0.0919547591929585,0.09814788168896431,0.12319217856971157,0.12390377143306035,0.07520676389105704,0.14163447707756902,0.07503984006092829
THA,0.21848846658282306,0.2078653260704288,0.09699719045505084,0.13436220007431063,0.12350161254866156,0.12990187383794247,0.14922840685539857,0.11861411602892147,0.11819430617934244,0.11328311265282526,0.399614740337849,0.10993105389225158,0.12251083872848006,0.1213730904681584,0.08060699789860837,0.11066416058413409,0.1035943667613232,0.1633637209931202,0.09434280706139447,0.11372831877628838,0.1690997182396952,0.11796478604400698,0.11603909262237092,0.11913976574451074,0.13892238960074454,0.16372724066667096,0.12183494953682505,0.10429190895167924,0.11918938234911286,0.13479720238857826,0.12585606602592017,0.2097800337629768,0.11261142666181297,0.08818649499572173,0.0894008242195421,0.10724224476492016,0.15811669843860474,0.13907144547487432,0.11133435968345043,0.11114671627903533,0.11037564954130577,0.10974099581375543,0.1538917631790104,0.33314101664850176,0.09178578972287758,0.1607546796778114,0.1104563475044941,0.5315484556931395,0.1583985531611553,0.13884937137198383,0.08328679742483587,0.12797132373009798,0.2765737171584787,0.11366084199007154,0.1652967578823318,0.13114713302982683,0.12659068299172677,0.11781770265764699,0.13440187158326833,0.09497534088637176,0.11309291913664528,0.10773751797163118,0.12665731257866505,0.10893042789858068,0.11246721982766904,0.1329938594257294,0.10917338978343107,0.13196938101938907,0.23197607481409613,0.12735659257375928,0.14783724433144937,0.11927093630434178,0.0,0.10164908059695588,0.10392478377030298,0.1063540275456409,0.13180680730316807,0.12202966354354614,0.11455569049455301,0.10665647297078953
TUN,0.20857522827116468,0.1988901708696526,0.07833550785099228,0.10694236314636396,0.10707340612822158,0.10260061688397776,0.1358500392921426,0.09097472139359018,0.1114366605945048,0.09927324930470198,0.39315904248902833,0.08269111130476292,0.11371706399999565,0.10152857839558466,0.08680134182761867,0.08950588027328577,0.07664940722740604,0.14414017053587977,0.08076792722063153,0.09170674853327904,0.14671673340720728,0.10072199546354277,0.09282824930570963,0.0931588142638481,0.1362870970401015,0.14630880777647176,0.08825705630473991,0.08746241937628686,0.09305585200157937,0.11098355006547411,0.10194497932231864,0.19788556323921785,0.08457734975410057,0.07242921624304843,0.07814732132847337,0.08358705735082547,0.14334508026165793,0.11448247488990218,0.09126512974550306,0.08302059373210127,0.08597796119302692,0.10125754006861636,0.13240289085578308,0.3269998743940386,0.1033212444896517,0.14683163024782656,0.0788770959571573,0.5222764650868117,0.13383838747797439,0.1242927947540199,0.08862873454401977,0.17695519515606897,0.2674755942492958,0.10455711062107788,0.15621768720583995,0.10166067938897387,0.10184794576941468,0.09415663002046104,0.121302452744412,0.0784260526761429,0.1174332049332432,0.08247525274492683,0.10904749301947762,0.0909441174207116,0.09662429298499853,0.11505991002892776,0.08055663285452135,0.15262821952127598,0.21437978718875622,0.1182426058528244,0.12156525334569868,0.0919547591929585,0.10164908059695588,0.0,0.0879638665882073,0.14046226644812815,0.11503301156532025,0.09394945380958544,0.11095026235597066,0.07402662651016452
TUR,0.2007478288266544,0.19739811593132126,0.08851578694464939,0.09834382940569922,0.07112430697287701,0.10087072920199815,0.13006785676322224,0.08368980127483576,0.11912619094146402,0.10346801784063121,0.397385345331323,0.09428724360124077,0.09563494795070633,0.09754945878866278,0.0762358661344838,0.1062054178457032,0.10064000187683818,0.157377650337523,0.08135140169351604,0.1027303521706,0.14384830592775105,0.08968012813342088,0.09672858640627531,0.09948222846610655,0.1311215005760219,0.1287440708300813,0.09789483286101548,0.09577084003983413,0.08316109760415565,0.09409575239809215,0.10227177071565166,0.200453813262278,0.07993488521500035,0.08506262796542187,0.08524370482009744,0.08690412730726925,0.13438402596980797,0.11986030815397197,0.1038660934049007,0.08043724185284343,0.10130055273782265,0.1036385143228616,0.1401938049238535,0.3139738900117353,0.1035123478388502,0.14522280820504063,0.08026392372931755,0.5190646417724114,0.1141643142708087,0.14129676835346264,0.09532742852932621,0.16159700469817004,0.2665907305341171,0.12098220720086243,0.16523701151914236,0.10097794105172331,0.10895601659601714,0.07901760547457055,0.11470934034495386,0.09159362391466999,0.1293008858914733,0.08473159229147845,0.0804623446199417,0.06472949340641444,0.086893846263417,0.12048821751030861,0.10035755461067238,0.14928755410806682,0.21979143250120683,0.08690345744054011,0.10946084598592706,0.09814788168896431,0.10392478377030298,0.0879638665882073,0.0,0.14037568983085916,0.11809345704207475,0.10728005882946363,0.1031839529786399,0.09054862351540624
TWN,0.2414636606153581,0.21193305369327187,0.1432412096661123,0.14746366273141917,0.13622761742399345,0.13048699474654651,0.18595107794945331,0.13686679088164425,0.17946538020207622,0.1362563242049998,0.400947612322693,0.12542616315835986,0.13069271293814688,0.14088909282374973,0.10015413063425013,0.15306415237748958,0.1523116699990845,0.21279910921577838,0.13894912415460264,0.1474382009721865,0.17683368852941883,0.12924703850114105,0.12334064564232353,0.134642367867786,0.17287833569553823,0.17681010353522225,0.14010961419673545,0.10604450530947776,0.13342619831110006,0.1425603634913107,0.13956940770262677,0.20270035307683737,0.1350745949071177,0.11359176320145468,0.13957107945665342,0.1342643359866829,0.16323354805472443,0.1541615710834357,0.11134475733314077,0.1217599916425107,0.13986147097672272,0.10444150452594515,0.169491872240379,0.3119810969828405,0.08447943235243273,0.19923929127604634,0.13469340145747755,0.5169255408011585,0.1736813089865298,0.19357389569411756,0.10477971992903334,0.13140422300600652,0.3065165640202565,0.14805580145426134,0.20663840479350543,0.13658957479851835,0.13683578116258346,0.15296904873774445,0.1785769819413336,0.1439211250572002,0.17392266222136077,0.13270639468681297,0.1472900635811742,0.14128701280305875,0.13628911572986038,0.1462811984228105,0.15635527227640142,0.10724266905844815,0.23021687356459636,0.14103052648690848,0.15598556534514982,0.12319217856971157,0.1063540275456409,0.14046226644812815,0.14037568983085916,0.0,0.14461706885706044,0.12524760487912293,0.16463609842215673,0.1265093196908135
UKR,0.20679793777115568,0.21691999660861846,0.09998375106910637,0.13750607295210882,0.13577880173576784,0.13131144633206515,0.14886178331532285,0.11661236872154546,0.12164301507238483,0.12884977900900868,0.4042355869003573,0.1181626739059958,0.14281315926890087,0.13677076757752435,0.11308655595683823,0.11794674733541216,0.12201139810783902,0.1444940433356504,0.11878755199018941,0.12652195670832642,0.17477510262759202,0.13306864398785742,0.12827734877510402,0.12543310070283792,0.1530774845460827,0.17369508167906078,0.13024591369925992,0.12175321066481357,0.1271247661064492,0.143637091666848,0.13242685383628475,0.21146626653326814,0.1201956127078277,0.10806459834263707,0.1197527557369871,0.099994192120795,0.16942255884873933,0.14817114083313349,0.12738300589743942,0.12013267840884473,0.11857895594744927,0.11440743355187628,0.146516590811341,0.249681353671546,0.1293931894890206,0.14141502267759476,0.10738417198004714,0.527041286802351,0.16275113585836606,0.1510490629545539,0.11745396296609231,0.20165565171832875,0.22562289282533243,0.12936610907150206,0.14001126418229237,0.13511799492357945,0.13452369261181554,0.12891327029528596,0.1130266207931669,0.1171858556745068,0.1322882965866787,0.11048164079715854,0.1447668691441036,0.09435393120852996,0.11686341430435558,0.13802342100110343,0.11938001678852757,0.17611978006090614,0.23023085740368332,0.14285487709729197,0.15279537897299642,0.12390377143306035,0.13180680730316807,0.11503301156532025,0.11809345704207475,0.14461706885706044,0.0,0.1284708432732765,0.12029462395790584,0.11748990600744866
USA,0.21828844299792113,0.1918471162588537,0.10291672528026431,0.09223372079918161,0.08717963113984958,0.07942300063769109,0.1629271839741368,0.09819368483367875,0.15198825456287451,0.09854304949472718,0.3934458086597771,0.06227654449857067,0.08881693220362823,0.09356157026334792,0.09841118319743826,0.11566269607559435,0.11180081873288576,0.18616198191349398,0.09488838511906487,0.09983118368747462,0.1334904563641819,0.09352655438229662,0.06393973726954046,0.07502809298021884,0.14286274309212108,0.1471554435472132,0.09429149370232569,0.08019705136692211,0.0668981168545635,0.07734351326062487,0.09485204162396538,0.1700727954321002,0.0850599715976758,0.07141013324136293,0.10790157470187137,0.09852127008347454,0.11995636174202283,0.10435332426446942,0.0616291380750551,0.0685630366981014,0.09712252883925289,0.08866510135672133,0.1281389451776717,0.33426046004893645,0.0898578805618898,0.17034328045046862,0.08717824985702223,0.47357168718249865,0.13872652851020673,0.16816195210597973,0.0837502928348293,0.1705673935110153,0.29092174037008406,0.10188609392819556,0.17079362964058797,0.07193372929292195,0.0848761272971261,0.10166925035091927,0.14942438278782672,0.10038659980479692,0.15654795429102353,0.08857751855394415,0.10674715527709672,0.10635049737728051,0.09533221271709326,0.10813319858883519,0.11732421861683259,0.14069248971204507,0.17821431910677954,0.10950798563391845,0.11588320539682688,0.07520676389105704,0.12202966354354614,0.09394945380958544,0.10728005882946363,0.12524760487912293,0.1284708432732765,0.0,0.14226690246124077,0.06985156978722919
VNM,0.19961220910652483,0.2164595314378697,0.09283231984734151,0.14568933117915678,0.14132707027552838,0.1469662836654314,0.083496530284069,0.1273187506145526,0.09983862499226144,0.12921354240595845,0.40123059244775744,0.1336869231279776,0.14953299674593112,0.13877385385775015,0.10401558262664588,0.12200362075212498,0.12289282707843159,0.13829497420225925,0.10766812568646274,0.13140188524847302,0.17729368601505677,0.14372156416265278,0.1428788428749312,0.13783959084526767,0.14300033762942124,0.17671879145759456,0.13771787108620448,0.13797399365318197,0.1379171721962054,0.14972022528109932,0.14145008850166216,0.2268746277258728,0.12485732269375116,0.1181037567356919,0.11037678258733098,0.0954807335958417,0.17179343382074852,0.15111314381608124,0.14251598699816886,0.1302367119179694,0.12926932164215668,0.1448120477267784,0.15455483240531837,0.3035811402532306,0.14067765163186913,0.1271730274508615,0.12119282175984954,0.5278496395589294,0.16650687211348206,0.12943516808843197,0.12507097808388473,0.19427612553978152,0.2077187781728972,0.13489640548455495,0.1626400293336739,0.14757465241880552,0.14479008306615043,0.11992574083148558,0.09105001464323408,0.10933847120794617,0.12100357866621675,0.12724817271154076,0.14033019350670559,0.10536613573878316,0.1309067763982526,0.14894784505207745,0.1194225431650719,0.18144419560395375,0.2374450113755313,0.1491180203236971,0.1595159406295731,0.14163447707756902,0.11455569049455301,0.11095026235597066,0.1031839529786399,0.16463609842215673,0.12029462395790584,0.14226690246124077,0.0,0.12969503972825328
ZAF,0.2127988561786875,0.18756881139248283,0.09108757366731635,0.0935327404188283,0.08775536428102028,0.08700587266373871,0.15497776613898534,0.08656178147663375,0.13306310937397928,0.08734095953258965,0.38698077900867167,0.06269195374677985,0.09590125031419143,0.08966337985776665,0.08352978716479643,0.09721930604954994,0.09339228297326789,0.1677148453731815,0.0798064591779756,0.08851934968937372,0.14132746503237387,0.08838570813941155,0.07295372450441524,0.07914607519422337,0.1352409501075396,0.14095987477417288,0.08910210082491991,0.07437042140745055,0.07526978693908998,0.0910409355257554,0.0887573161902785,0.18044933904672422,0.07562924074694377,0.061101393445469936,0.08763632025954354,0.08674060439379912,0.13156373175654704,0.10520660443380923,0.07065613475761341,0.06729423735292496,0.08634142759089657,0.08277309303907417,0.12434147369501526,0.3286090644675516,0.08804709516870622,0.1580201258323252,0.07481687646282936,0.5040804304105763,0.1331556013026171,0.1492508478817671,0.0784008519596333,0.16905062870590473,0.283806878493617,0.10381372237690147,0.1630264712294377,0.08466359565808866,0.08849724602809783,0.09262306265451735,0.13877882482922613,0.08261679846770181,0.13598918541935476,0.07685472611044038,0.09961294177953643,0.0918396705571909,0.08502081273309223,0.10143506053641586,0.10003656475528114,0.14058204992579648,0.19440842553209403,0.10292489727781697,0.11435350859814249,0.07503984006092829,0.10665647297078953,0.07402662651016452,0.09054862351540624,0.1265093196908135,0.11748990600744866,0.06985156978722919,0.12969503972825328,0.0
