,AGO,ARE,ARG,AUS,AUT,BEL,BGD,BGR,BLR,BRA,BRN,CAN,CHE,CHL,CHN,CIV,CMR,COD,COL,CRI,CYP,CZE,DEU,DNK,EGY,ESP,EST,FIN,FRA,GBR,GRC,HKG,HRV,HUN,IDN,IND,IRL,ISL,ISR,ITA,JOR,JPN,KAZ,KHM,KOR,LAO,LTU,LUX,LVA,MAR,MEX,MLT,MMR,MYS,NGA,NLD,NOR,NZL,PAK,PER,PHL,POL,PRT,ROU,RUS,SAU,SEN,SGP,STP,SVK,SVN,SWE,THA,TUN,TUR,TWN,UKR,USA,VNM,ZAF
AGO,0.0,0.6068790569228372,0.6309804986615416,0.6339727649182431,0.6372131099839219,0.6516039855579898,0.6754889890884371,0.6614409449270169,0.6254482960239928,0.6336554598603882,0.7541823916684007,0.6322136399496456,0.6654371336798226,0.6268301226947489,0.6764357578406065,0.6916179503862129,0.6871315646599522,0.6647060029434331,0.6594348651358086,0.6553234463881984,0.7290055470166787,0.6513510272985241,0.658038460615315,0.6616021750840572,0.7100739438493527,0.6639571993722071,0.6427026951921749,0.6529089108559497,0.6403567796940454,0.629893038312966,0.6679705577081093,0.7038053144055623,0.6300962417196595,0.6213382056513632,0.6607557980999784,0.6973696603775709,0.6845378180632141,0.6528203428360195,0.6783283608807967,0.6585125564223488,0.697584245521908,0.6887343770710934,0.6544963930570267,0.7671283662816467,0.6723738018987429,0.6867930063291231,0.6575808784619149,0.6959534393699605,0.688469690886003,0.6630425109155509,0.6138383518035232,0.6913599277885254,0.7091672121219347,0.654697238833799,0.7393966624966688,0.61818017840767,0.6286508347045944,0.631883997279664,0.6173721917707561,0.642072758437436,0.6344792414297459,0.6408850724699257,0.6344373076698677,0.6639699454184572,0.6018296843369825,0.6636470406180087,0.6841780987179785,0.7155468871452181,0.815978851662596,0.6378365751124935,0.6710743233738427,0.6630271928352924,0.6606879150945526,0.6618893390952968,0.6381189043575008,0.6565321788015717,0.6969320730440082,0.6333053956672888,0.6651893744470058,0.6812019256778996
ARE,0.6068790569228372,0.0,0.5054135965454818,0.4443635687807266,0.4229012963577958,0.4614085892183256,0.576661886000457,0.4429715024575017,0.45596538938854275,0.5133607534781268,0.7165840380128229,0.43868178136481867,0.5446083393449647,0.5103394354784097,0.5023259275188373,0.5814507665321113,0.6138163242710737,0.5486825530810765,0.5638198841943488,0.5168271010899372,0.6160460745611481,0.44678011363543957,0.4621672132884146,0.5185332815068453,0.5633532839477863,0.44383677521406445,0.5063052243076586,0.4427909330123885,0.46625535718567046,0.4472603887636786,0.5214999127835822,0.6074399431126601,0.49223399343870106,0.4176183785515241,0.49588538171085894,0.5477176877853196,0.511478189905546,0.538501487636678,0.5389572422743302,0.454510095386945,0.5448581954830186,0.48081169683695435,0.5813781743632244,0.6985142124002551,0.4793834333981054,0.7024493407669707,0.5297739166201484,0.5753880211381394,0.5557438495243191,0.5245870639547058,0.48302647272674737,0.5339277706014671,0.5835249841807847,0.5127823160151262,0.7136848401683713,0.47883575069479667,0.4794228178684215,0.46959030297369025,0.5184796274083471,0.4830251309852213,0.515755504047827,0.4232828765744973,0.4516814100573906,0.5373589547802295,0.4160743136834434,0.5405896194972994,0.6021586425918998,0.5635925233283491,0.7861690745610211,0.47619482320884693,0.4939852277157086,0.4520131820118838,0.4858181499297908,0.5320316914803527,0.44015543695672416,0.43891747705333606,0.5604517444933184,0.4613508480837147,0.543235625739521,0.5559488883726916
ARG,0.6309804986615416,0.5054135965454818,0.0,0.43574055404683304,0.4614943177494661,0.462847887224726,0.5185951007000992,0.4904174463821519,0.43419799730472886,0.4498643584199906,0.7807577174235227,0.424793773184533,0.5569643508875048,0.4984271305075768,0.44390196154197004,0.5989113641693604,0.6072309563185712,0.5416936408171,0.5052219228521517,0.5355178129699338,0.6398266183937665,0.44649275912556846,0.49525420491008243,0.5263343391645025,0.5127606916456494,0.46103379407636047,0.497666405396121,0.4822842305327203,0.5135579662939548,0.45739649290631096,0.5386610694892054,0.6983513225495002,0.5009806569534634,0.4394994224337213,0.5270325629398096,0.5094595598631072,0.546465496779077,0.556769624252598,0.5513187033303588,0.46616950966572196,0.5521508553575007,0.47992174214307565,0.5403699541429903,0.6818793912940222,0.459924334794523,0.712576216873363,0.5077623500446888,0.5835348321029634,0.5304269340793764,0.5027956997059756,0.4417675186414461,0.5909519891458416,0.5328263282427587,0.5617617488338533,0.6786735999052063,0.49086356367261214,0.510307299614973,0.48038651694297413,0.4050286413358892,0.4709544785415646,0.537470900513637,0.45892740271888344,0.472401142241289,0.4708750023452125,0.451813669952813,0.49592510882525276,0.5459540131747379,0.6356269662258586,0.772481172931506,0.4806462250277709,0.49830185901694324,0.480985412195574,0.505152397659843,0.5211517707804196,0.40186895204140516,0.4828430584989277,0.5044534617301704,0.4233628337198673,0.4987185419019529,0.5234022896381962
AUS,0.6339727649182431,0.4443635687807266,0.43574055404683304,0.0,0.42565639568042196,0.452269544473317,0.5305047775174065,0.4712929357396888,0.4496742406869858,0.48758766577698337,0.748239227660423,0.39858088461128516,0.5364302261466889,0.47991117612022777,0.5073183591053564,0.576609845414295,0.5794525830871892,0.5168796079859505,0.5075850751337393,0.503221749250358,0.5923014893670179,0.4316718464406044,0.45940540863611784,0.4973660576217176,0.5571100621254064,0.41281819115316,0.47621865286198384,0.4613844072580073,0.44998139822418676,0.40707864787561976,0.5139314853166137,0.6240808267356339,0.4885873246198359,0.41836017698730393,0.5094996749116026,0.5343106139600936,0.4876646467710388,0.5119263885995616,0.5448422878763673,0.4357261341429675,0.5507234367896299,0.46594256605168016,0.5176409094276498,0.6979533516529722,0.49098429435749974,0.7091117508189149,0.5038995861006555,0.5330232800857544,0.49395229313768363,0.5249207286174692,0.4755663065134489,0.5466642813446562,0.5406062840440874,0.5215075942020387,0.6683634765571983,0.4371565310672524,0.45647113853060256,0.4134660200329671,0.4414379070357713,0.4243075848983494,0.5235148047786545,0.4287288266282832,0.4524583068573265,0.4880130370595963,0.43441085019127323,0.4768777005842647,0.5448337438788591,0.6094312493237273,0.7485127046296236,0.46901679565285775,0.463265075850169,0.4428408743071645,0.5016512694179588,0.5175578202907339,0.408366419618105,0.49068918486251556,0.5240463934721509,0.41813554495613525,0.5595773925260277,0.5003801540701649
AUT,0.6372131099839219,0.4229012963577958,0.4614943177494661,0.42565639568042196,0.0,0.4009455507484089,0.5404072678446014,0.45020587678435836,0.45389778401339964,0.4817004678571201,0.764489715117349,0.4094789483299582,0.4647289783255992,0.44562124350787913,0.5047768508225693,0.5609017418911744,0.6174427981786881,0.5729611546331279,0.510176641584859,0.48005350820794446,0.5962747811932323,0.3663736207406203,0.36292571579137006,0.45550528728908557,0.5856458800695267,0.36217423063919857,0.4496782837509954,0.39947800194993816,0.3701161480680533,0.3720306556295998,0.470229961773716,0.5936789349690579,0.4659554972344682,0.35914515658447854,0.5367418861521682,0.5545957280638651,0.45690833914787193,0.5083248976398619,0.4923438222342117,0.3699106965703859,0.5707735893452334,0.44302788145275257,0.5739830763960115,0.7067092554005018,0.42491623007810425,0.714744694163918,0.4683525225627507,0.5102003964321691,0.47176776537941956,0.526619446058187,0.4562943209968631,0.5038633505031123,0.5932801534973428,0.520740856620072,0.6818270447890372,0.4031089401819348,0.43354631933835286,0.40443917282101643,0.4523393277491925,0.514569480309251,0.5165287713584559,0.36163528135714906,0.36714036067669664,0.4994380786539521,0.4094060824483959,0.502793729271538,0.5344905502811818,0.5734202013437613,0.7513325723655909,0.40364536156380915,0.40308447304421724,0.37838716242935627,0.48562082755437386,0.5101949009329205,0.39615998884296666,0.45390079404249534,0.5257838190751076,0.41227743087989543,0.5463088795208866,0.5314144832799573
BEL,0.6516039855579898,0.4614085892183256,0.462847887224726,0.452269544473317,0.4009455507484089,0.0,0.5652035776430909,0.48035524229592663,0.4988593034892355,0.49236697442903105,0.7784693368077245,0.43508048032372365,0.4629336323572653,0.49479810936374286,0.5463507503396784,0.5604645982479197,0.6093730410246806,0.5868406394811091,0.5332480689320495,0.47016772126705025,0.5794816989763353,0.4370343472868994,0.38191190315495377,0.4457240129448777,0.5624334846393279,0.39323355066223215,0.4609102108134166,0.4225939564729495,0.4021158462333857,0.3937608323249434,0.47861509521622436,0.5845771074718865,0.464490278520438,0.4057835248777298,0.5598599747233475,0.5599321947575526,0.5153427504378331,0.5060035043059694,0.45735021932713654,0.3890140183315583,0.5787973170378871,0.4584113750060441,0.580924771674232,0.693057513021113,0.45407224649312206,0.7422524508952467,0.4992528993352021,0.5161385872462458,0.4821795839795786,0.5334545773645419,0.47466212109719386,0.5221229832412387,0.6102884524559987,0.5629891030873445,0.6937557293691374,0.3862038608596143,0.47587817593319365,0.4623092054702737,0.4992157840573394,0.4992583142990178,0.5580387996791788,0.42387533128647886,0.37264140658001876,0.5398290998503018,0.44708737181346997,0.4964502063828186,0.5278497369466166,0.5313733097974225,0.7673005713760404,0.47254024327266175,0.44224562008316043,0.4173021440652944,0.5203279638864136,0.5306765287813543,0.42171446761426556,0.4684305628718166,0.5738193864501215,0.4303494894713034,0.5877349900216807,0.5602840317214808
BGD,0.6754889890884371,0.576661886000457,0.5185951007000992,0.5305047775174065,0.5404072678446014,0.5652035776430909,0.0,0.5358319800775223,0.4994507637697461,0.5922026864761497,0.7740222814598798,0.5376390735329684,0.6360164527687665,0.5839274418293435,0.5606805961385387,0.659242306290443,0.6590040421745796,0.5712759500606392,0.5927686628583562,0.5965564303637922,0.638012460201524,0.5418961677640427,0.5763983406865821,0.5764512157706143,0.5894847218172714,0.5561629823820942,0.5544200609656821,0.5687475434227549,0.5807988420533386,0.5323799783399817,0.5889977327902457,0.6685847402764737,0.5829527774413079,0.5377793447859002,0.6279434136391396,0.5953408088791731,0.5834522991077269,0.5574418998349925,0.6335087806425327,0.5603578318597341,0.6260894576903004,0.5745121946439563,0.5621113013763136,0.6553221268127606,0.5650453957662279,0.7128454740855532,0.5788404810779801,0.6190628045916997,0.5431421677275351,0.5896431567251073,0.5683156823858293,0.6293390151344838,0.5187060844188582,0.6090156527122751,0.682074373564158,0.5714103101038219,0.5269437922294122,0.5396376506773125,0.4184985977937046,0.5779853855417159,0.5899563037463155,0.5567060932741902,0.5591943691521206,0.5585080040408147,0.5268858351102396,0.5725130122989475,0.6178957381142224,0.6718025956995993,0.7625294974847288,0.5708996398785959,0.5560413337092035,0.5624792264780109,0.5959102346208128,0.5562162548004054,0.49617982384305304,0.5909435552837907,0.5728703501544179,0.544552247957016,0.5510319551286541,0.6370851145543078
BGR,0.6614409449270169,0.4429715024575017,0.4904174463821519,0.4712929357396888,0.45020587678435836,0.48035524229592663,0.5358319800775223,0.0,0.44651079636187135,0.4975053006573471,0.7487670603962157,0.4858583266731406,0.5802194721903599,0.5549498384759695,0.49543901461817963,0.591319090127602,0.6135776667001603,0.5614438791302201,0.5665851935593574,0.5309245779426257,0.6020048969429269,0.45269052587254577,0.48841309815543055,0.5341781747634362,0.550098878096991,0.44418496668448765,0.5154805917584263,0.4875751641110932,0.4936633152613392,0.49942588025852297,0.5068964589620107,0.6649432443838788,0.49312732318638103,0.4090875224386159,0.5311907077228216,0.5175756422215507,0.5496989202904836,0.5463532462117298,0.5807774030500803,0.48428705874624195,0.5487966564525874,0.49533902909088035,0.5615104888217597,0.6718004975333983,0.5024312761944744,0.6771008604342633,0.4932240961118762,0.5900431188291142,0.5166374969728296,0.5008328083301132,0.5239124683949168,0.581275842809172,0.5527900763985347,0.548298610446923,0.7151843332019232,0.5278950818709279,0.5328777619091924,0.5110131292833573,0.4296364491542412,0.5354834708938891,0.5196490235376481,0.43362118956105816,0.47300895299499535,0.5020671002668375,0.45727659327535103,0.5492902072553428,0.5731005454092633,0.6376082973181348,0.7592581635438735,0.43735993051603167,0.4994046790253364,0.4713485104004986,0.4993216074466911,0.5186744946193581,0.4406524966118707,0.505160893976424,0.523689152689033,0.5213965073591966,0.5532786771664496,0.5548293067242633
BLR,0.6254482960239928,0.45596538938854275,0.43419799730472886,0.4496742406869858,0.45389778401339964,0.4988593034892355,0.4994507637697461,0.44651079636187135,0.0,0.48819359989892624,0.7610059866356065,0.4575757025316105,0.583662739391199,0.5263965460387725,0.40787126693723935,0.5944439161261601,0.6136388430853102,0.565878133041105,0.5202299675182513,0.5199925381119034,0.5800154536722691,0.44774442131447584,0.49108251623649846,0.5127083620183396,0.5157955094201749,0.4496997186554152,0.4788902114682861,0.48736979696565647,0.49949298853681284,0.46022766379794283,0.5106806971696316,0.6564153295386826,0.47965959066486236,0.4196428504161198,0.482394909685456,0.511919968260909,0.5319315153816926,0.49511729366212637,0.5926354849040808,0.4754577922786596,0.501254419849646,0.4686728503167726,0.5589642417967727,0.7263814713497889,0.43552368052014356,0.6704284340156937,0.49488406037499505,0.5800035535928867,0.5342908186913085,0.49611465893482753,0.468461760176546,0.5747521692388914,0.5117564369462121,0.5446043799699147,0.6780942257237337,0.4940153443029494,0.46431761237909985,0.47690132687524217,0.3253191806009827,0.4985671218020335,0.4887641110254852,0.4354306388902554,0.48910299134481827,0.44275490512956,0.40575727107726545,0.5466789264087608,0.5761744563431622,0.595783016483134,0.7726120096853428,0.4528878634056438,0.5071257444477164,0.48263373158098355,0.4345780771695659,0.5094228914943592,0.4173477071651416,0.446032655972256,0.5054974002432363,0.4791595388207615,0.48250842607319055,0.5636706047375459
BRA,0.6336554598603882,0.5133607534781268,0.4498643584199906,0.48758766577698337,0.4817004678571201,0.49236697442903105,0.5922026864761497,0.4975053006573471,0.48819359989892624,0.0,0.765890949632623,0.48185619809625896,0.5738599125223582,0.5121962783080624,0.49619341665094163,0.5689741618356112,0.6103641614484554,0.6132048985936516,0.5272148818633863,0.5261366804970377,0.6446159336422176,0.502060414776017,0.506731494146759,0.5458294424116812,0.5526411677934646,0.4624071236318903,0.5443711736009192,0.4994755205780799,0.5069047435742835,0.48863299755682815,0.5387835767331711,0.6847742849306775,0.5304508135905828,0.4734635052589475,0.5257769492621621,0.5326658293394094,0.581179864426688,0.5768013903318444,0.5520201137425731,0.4886170174241375,0.5589403826014706,0.5069828949076577,0.5813667720870888,0.7255656159954978,0.4746622447817435,0.7077514555420568,0.531756265431986,0.6030063202442945,0.5838490310810026,0.5098627596385216,0.48642715812127507,0.6083785197916319,0.6032168737286969,0.5508540940402956,0.7021401944001305,0.5144100713238529,0.549817508999499,0.5167697790279614,0.4790660875784262,0.5255635078062687,0.5248783003440699,0.4710235183301687,0.4914627745453847,0.5355710016272455,0.4848882956748768,0.5302648877744954,0.5724623587949542,0.6383156894858217,0.7855679299467204,0.4954154750761885,0.541447636158185,0.5027651397154744,0.4963961396747389,0.5428166364585004,0.4410712946814445,0.4756711055241355,0.5670461704433535,0.4873452309442437,0.5512693751268484,0.5384180246635258
BRN,0.7541823916684007,0.7165840380128229,0.7807577174235227,0.748239227660423,0.764489715117349,0.7784693368077245,0.7740222814598798,0.7487670603962157,0.7610059866356065,0.765890949632623,0.0,0.7438338609403067,0.806634453959676,0.7450027727876285,0.758823114140805,0.7792286698934063,0.7634990709878556,0.7763865431156253,0.7521880723590315,0.759348399021667,0.8060959431101813,0.7793177845671123,0.7850613258048301,0.7665820324278849,0.7772275569528827,0.7777777611735293,0.785356489039337,0.7705668944977406,0.7802742691839626,0.7724203561771507,0.7697897771776288,0.8142487895238255,0.7544789654809935,0.7506412518468829,0.7383803268047613,0.7724099305862818,0.800690829041107,0.8095994307564924,0.7878198896287572,0.7770478919977213,0.7573865191230574,0.7806384830053638,0.7481663989299634,0.8227706840528338,0.7868366663644368,0.7395205530108795,0.7742164318232249,0.8267929881840764,0.788997957875135,0.7467672477010284,0.7627921704104647,0.8155946660039892,0.7762970068520071,0.7440814846002559,0.8324834223539066,0.781470654956921,0.7537334900723661,0.7466239679036569,0.7550617132553271,0.7408516515525478,0.7353988246974342,0.7640600715030792,0.7630436878767299,0.7789095585491619,0.7430704893209502,0.7888393432864256,0.7778405825086804,0.7966052378141021,0.858865544690909,0.7778274943309652,0.8051479219190466,0.7650735130877518,0.7513088480253993,0.7801681446639052,0.7611576726724784,0.7669449706507281,0.7830318727392352,0.7622545939877513,0.7569627497456056,0.7438634361642689
CAN,0.6322136399496456,0.43868178136481867,0.424793773184533,0.39858088461128516,0.4094789483299582,0.43508048032372365,0.5376390735329684,0.4858583266731406,0.4575757025316105,0.48185619809625896,0.7438338609403067,0.0,0.5362474621060148,0.4679737637623503,0.484658022542266,0.5412571038310309,0.5873164499809189,0.5500897282291203,0.5110724651002955,0.4828507849810301,0.6236517903697935,0.42160664468773346,0.43616820686665175,0.4899280916816285,0.5587668897540012,0.4302686341407189,0.47628917582775965,0.41790312027930115,0.43541259981594604,0.4064129106507246,0.497129179150159,0.6347051825803497,0.4882717864494531,0.3961547007132017,0.522938583880443,0.5335119816304568,0.5112211938650589,0.52854662997769,0.5099405658635329,0.42531236274345685,0.539966679269549,0.43143926906580765,0.5327394783600823,0.7057131093899968,0.4530245620217114,0.7109309668001512,0.4990588688915176,0.5581758866426091,0.5159871237341962,0.5230266251193435,0.4438569881770043,0.5712966340283738,0.5635504058236215,0.5256667405138976,0.6610466123962306,0.4147524321706257,0.4503135969249511,0.4381912870888737,0.45013054223187365,0.4609674364638218,0.5131885291379626,0.41455306055129654,0.43988516896869756,0.5192473008497699,0.41423568446804937,0.5142966114358506,0.5323166660438055,0.60869837112301,0.7527092371396413,0.47340103225560826,0.46290137742046683,0.4035471429991809,0.48860793046088685,0.5125196312010246,0.41494054807090514,0.4540705537295263,0.5305747777667725,0.3649189243405958,0.5534866206665776,0.5023797227587651
CHE,0.6654371336798226,0.5446083393449647,0.5569643508875048,0.5364302261466889,0.4647289783255992,0.4629336323572653,0.6360164527687665,0.5802194721903599,0.583662739391199,0.5738599125223582,0.806634453959676,0.5362474621060148,0.0,0.5447364522027088,0.6107480248429814,0.6119294426816657,0.6459931165681742,0.6710221884772094,0.597499866980575,0.512277514959192,0.6260674467404583,0.5078256183658991,0.48876812406913883,0.5170559527098099,0.652679535657234,0.4990123553335128,0.5295956227254899,0.5018278168404784,0.48805143761486186,0.4831527088010714,0.5487481747774201,0.6004466200618513,0.5402688196082261,0.5070501196757766,0.6084126450574732,0.6482208579884366,0.5528315236160779,0.5673880767487404,0.5381916662061477,0.5011534708009302,0.6723607956620137,0.5442702597270523,0.6322067918448169,0.7381851669634372,0.5580646029744271,0.7463636087563091,0.5493638036201134,0.5476314881578511,0.5489027809689098,0.6211206603608441,0.5635937501043984,0.5261819285017545,0.6632815660226615,0.5942547996894898,0.7114682642164466,0.49694904060939665,0.5390728994975076,0.5253055040351947,0.5730862056161751,0.5910682892322107,0.5853611494238138,0.5026512135552897,0.45943707324540645,0.6021660493990687,0.5427750244204749,0.563761007966971,0.5960820555593259,0.5606218953404564,0.7888424881346945,0.5399996292645005,0.48420296734587176,0.49783780414751017,0.5886635173483464,0.5879363714104466,0.5222738124350741,0.5500555965495119,0.6240878955399083,0.5313605416467354,0.6179578802332476,0.6308689214669178
CHL,0.6268301226947489,0.5103394354784097,0.4984271305075768,0.47991117612022777,0.44562124350787913,0.49479810936374286,0.5839274418293435,0.5549498384759695,0.5263965460387725,0.5121962783080624,0.7450027727876285,0.4679737637623503,0.5447364522027088,0.0,0.5520731959653065,0.5724538934360133,0.6287656857800263,0.6062111323473889,0.5272728693100239,0.5394302866921205,0.658323007516951,0.49208542400380406,0.4872482762422491,0.5368624820962524,0.6119372022612775,0.5073940508658717,0.5317271096246752,0.4831314270785782,0.47800404715379896,0.4783543710242783,0.518097511825597,0.6519714541263275,0.5074767219042228,0.464897901382079,0.5893794008153449,0.6129605610722146,0.5407383941551881,0.5642255932661329,0.5077635602022439,0.489927866849479,0.6072291471224531,0.5293916201428337,0.5870642306629859,0.7300986540287151,0.49327699394007796,0.6922638137831792,0.5517151401378457,0.5817687689475431,0.5570645854092957,0.5531572817052411,0.5054586183652403,0.5735987567555324,0.6157868446048538,0.5835606959794549,0.7057674103339056,0.4829529677246764,0.5169185116144627,0.448042583944063,0.5062240040877016,0.49399925199510186,0.5377392830599658,0.4848698624414067,0.4816327447835162,0.5488508462028475,0.4931735815614629,0.5821421891273394,0.555119567455574,0.6228289496793311,0.7795099979341793,0.5175763512652768,0.5048261820266641,0.4630697770138612,0.546584757320405,0.5831838140042421,0.48522413347488286,0.5159773331030287,0.5923524606247217,0.4721255961525661,0.5816175875948095,0.5505780540237404
CHN,0.6764357578406065,0.5023259275188373,0.44390196154197004,0.5073183591053564,0.5047768508225693,0.5463507503396784,0.5606805961385387,0.49543901461817963,0.40787126693723935,0.49619341665094163,0.758823114140805,0.484658022542266,0.6107480248429814,0.5520731959653065,0.0,0.6249898074815307,0.6267330253485505,0.5952157202845108,0.5340927725138301,0.5764310158527401,0.667296384417135,0.4846620449638266,0.5177933964911132,0.5766183507490362,0.5466092766583966,0.4847524711228379,0.5616112168713754,0.5037773631709404,0.5571535210904665,0.5181039131679503,0.5718404878723004,0.732681715701559,0.5305226753411822,0.4718109755221787,0.5100416463180089,0.5275789414332495,0.5826171899349869,0.5889209608179832,0.6153695407067127,0.49029481449896434,0.5450760263889709,0.4764860112188183,0.6134807898347997,0.7080828499849345,0.4410472196709453,0.6955941424988838,0.5498348918997874,0.6502041731330263,0.5963516426869598,0.53246940090763,0.491582523131694,0.6271481523510889,0.535375726652476,0.5815077816658678,0.7029672929030057,0.5677763229318886,0.5438191004063792,0.5393819970268687,0.43316428405984203,0.5397349442588987,0.5261996686366452,0.47172605317364324,0.5474354615530115,0.46866868484497615,0.49174910423081597,0.5710749523203471,0.5994362498718915,0.6436156888443638,0.8056255657724611,0.5082495476911757,0.5432919955281247,0.51432763897904,0.49636422919547735,0.5137873911589752,0.4519418884168465,0.4710976348617981,0.5128643664540914,0.5066242572090924,0.4902847634491051,0.5447636491023972
CIV,0.6916179503862129,0.5814507665321113,0.5989113641693604,0.576609845414295,0.5609017418911744,0.5604645982479197,0.659242306290443,0.591319090127602,0.5944439161261601,0.5689741618356112,0.7792286698934063,0.5412571038310309,0.6119294426816657,0.5724538934360133,0.6249898074815307,0.0,0.6220867583395021,0.7136609583385862,0.5897838393748692,0.5614490069175517,0.6862960879514758,0.579661248256675,0.570639005287437,0.6006691751950405,0.6689540563865027,0.555749749575125,0.5851418038409778,0.5742395922118362,0.556441304408015,0.5664442829811288,0.6052351449373559,0.6953702590402873,0.5957979363264396,0.5426692430534628,0.6055768260421776,0.6015657104727979,0.6469861887815018,0.6465294302839149,0.621627187141526,0.5614808888240784,0.6431681339456669,0.5548405193785648,0.6492451132090529,0.7444760193755356,0.5865704687359394,0.7022241193731619,0.5817156528157124,0.6233478355481386,0.6157420590914263,0.5923378742458475,0.5812356642016964,0.6374848868073247,0.6747428856375988,0.6253023917908803,0.7373814806442526,0.5897259239654338,0.6136003442848489,0.5777188620063289,0.5935894890847112,0.5690311124008883,0.582182100938917,0.5531859673865877,0.5664469413492264,0.6235777294770346,0.5800920202089034,0.6422863004986781,0.5853630540243807,0.6800046963159018,0.8221139965557596,0.58864091657055,0.5903889985926538,0.5588666813418346,0.5969971630808516,0.6275254470029197,0.5599023883429446,0.5905631065561486,0.6588026711388494,0.5839766264539187,0.6298374921043749,0.6265129957216163
CMR,0.6871315646599522,0.6138163242710737,0.6072309563185712,0.5794525830871892,0.6174427981786881,0.6093730410246806,0.6590040421745796,0.6135776667001603,0.6136388430853102,0.6103641614484554,0.7634990709878556,0.5873164499809189,0.6459931165681742,0.6287656857800263,0.6267330253485505,0.6220867583395021,0.0,0.6659518611731896,0.6127884771773122,0.5892712516061934,0.6966766285462354,0.6018784192217898,0.6415355014523029,0.6359658088529987,0.669643116332011,0.6055802229236195,0.6075835753085295,0.6216534072037245,0.6248146527975483,0.5953198346530695,0.6431701826077558,0.7003783881188617,0.6309155351402963,0.5891388656518737,0.5970526527825221,0.6211340017936757,0.6602658199949821,0.6639420501618252,0.658381321165455,0.6166700065327836,0.6528163977496897,0.6092543691971352,0.6335060976053166,0.7506719363395997,0.6378947464751014,0.725946731089084,0.5972639521702746,0.6776570288346709,0.6302456661542235,0.6493009896625452,0.6180651708320957,0.6802489022194653,0.6760517128708932,0.6212685042386291,0.7031742161642737,0.6255689233757021,0.6295474123536314,0.608861227464785,0.6141429521605699,0.5998377779003295,0.6103295491973455,0.5912435862393646,0.6106272519985795,0.6147269923711789,0.597234380442362,0.6325164908435466,0.5905932031494229,0.7179514314546019,0.8053892381788662,0.6225662020565289,0.64006703639658,0.62190841001353,0.6029075874210315,0.605763401144099,0.5878631268500673,0.6418962198583007,0.6479046466311987,0.6112989017968555,0.6283728106878538,0.6345404924506515
COD,0.6647060029434331,0.5486825530810765,0.5416936408171,0.5168796079859505,0.5729611546331279,0.5868406394811091,0.5712759500606392,0.5614438791302201,0.565878133041105,0.6132048985936516,0.7763865431156253,0.5500897282291203,0.6710221884772094,0.6062111323473889,0.5952157202845108,0.7136609583385862,0.6659518611731896,0.0,0.6213668379459661,0.6400881538150397,0.6934158600396975,0.5669405113199395,0.588424188173667,0.6014224907284627,0.6168498340847027,0.5432757410635838,0.5904667143922622,0.5607997501607858,0.6022986087832295,0.5561379243003616,0.6166275082381374,0.7052941400808793,0.6127474638324685,0.5610931790961866,0.625363111447441,0.6328429032163901,0.5642047806560394,0.5938131108305875,0.6328187684466646,0.578764029769613,0.6301191988712644,0.5874534387260183,0.5732561406640901,0.6747161960013137,0.6042022019548688,0.7472462520955537,0.6080858978415186,0.6539740513942758,0.5691705101104039,0.6202041618493762,0.5666176595576796,0.6604710957500796,0.6158050193415558,0.6271640578107709,0.7355650092732954,0.5767869681947987,0.5643196638206437,0.6032743510592087,0.5649366770647644,0.5544315187871893,0.6607963719008507,0.5745774636853017,0.5775827551467004,0.5553518361017704,0.5608309043246478,0.5535558094631927,0.6347530486300466,0.7136075214384516,0.7844687425526649,0.5764373865602038,0.590215105293213,0.5955294625095802,0.5908513200514762,0.5823864569064048,0.5186699205271889,0.5912589045362373,0.5911859794779767,0.5689689410458122,0.6334596503794869,0.6340898598679765
COL,0.6594348651358086,0.5638198841943488,0.5052219228521517,0.5075850751337393,0.510176641584859,0.5332480689320495,0.5927686628583562,0.5665851935593574,0.5202299675182513,0.5272148818633863,0.7521880723590315,0.5110724651002955,0.597499866980575,0.5272728693100239,0.5340927725138301,0.5897838393748692,0.6127884771773122,0.6213668379459661,0.0,0.5665887382786146,0.6687763289308419,0.5278148397280688,0.5389695390082722,0.5424520944327457,0.620890654709172,0.5187518380259337,0.5700303522756186,0.547236777533783,0.5351594377468215,0.5171565547814403,0.5894801380320049,0.6827699011845191,0.5648175750381799,0.5029541332655624,0.5435295662711284,0.5855694083529679,0.556849536980783,0.6048906627952052,0.6042506981588636,0.5206770195959587,0.5922961524796309,0.524749776235925,0.5994528858910713,0.7612885052269679,0.5386904821807116,0.6884070441802389,0.5474713532182319,0.608510655144823,0.6093686368514786,0.5677699495698884,0.5349069367742066,0.6202086725897558,0.6118349675178909,0.5925705660796691,0.6912788526393329,0.5355742326421521,0.5573908837960279,0.5090595861894507,0.5133483618844253,0.5243354349788263,0.5279328954707799,0.5255606008453103,0.5153557316266123,0.5580883870322418,0.5427592410899863,0.5564571343296717,0.5682011213556473,0.6546713180922538,0.7801394288351452,0.5594669709028509,0.5604476213655472,0.5476096642848876,0.5230494525449944,0.6010213836578369,0.5093634506795074,0.5398944948924935,0.6041315928093197,0.5136864675830272,0.5509024977014565,0.55934755808605
CRI,0.6553234463881984,0.5168271010899372,0.5355178129699338,0.503221749250358,0.48005350820794446,0.47016772126705025,0.5965564303637922,0.5309245779426257,0.5199925381119034,0.5261366804970377,0.759348399021667,0.4828507849810301,0.512277514959192,0.5394302866921205,0.5764310158527401,0.5614490069175517,0.5892712516061934,0.6400881538150397,0.5665887382786146,0.0,0.5802631042790867,0.4842967578190506,0.5068322682006097,0.4965939235442369,0.5962626941814052,0.4812864173325331,0.4990558043522656,0.4887998213154132,0.4878834438472973,0.47130326359014724,0.5207263052188055,0.5591086562371158,0.5256788244410829,0.46813886477877653,0.5282368291552572,0.591170786531204,0.5574033296215537,0.5418598363369733,0.5352030164961018,0.4896031208122545,0.5937392959558622,0.5079444569670253,0.5620992958883101,0.7059870788887294,0.5346942317255331,0.6860955473973408,0.49414155702890045,0.54123139885122,0.5254188998014387,0.5785370989020343,0.5027809024258764,0.5615918109637399,0.6146213003112992,0.5280653854134275,0.6655154569809909,0.4777487381434726,0.505928854084936,0.5153625919677322,0.5207446896219092,0.5430358598506347,0.527973304320257,0.45814973200783116,0.48375062920290635,0.5749574165190595,0.49586249700318846,0.5337495219139613,0.531881994256016,0.5971269737001415,0.7560770615762236,0.5088488416522481,0.5098902473376354,0.48726679247782373,0.5201638613879311,0.5740929553428984,0.4758269867688004,0.490780227927315,0.5686708717825895,0.5077656310634858,0.5720764300562191,0.5636942581558168
CYP,0.7290055470166787,0.6160460745611481,0.6398266183937665,0.5923014893670179,0.5962747811932323,0.5794816989763353,0.638012460201524,0.6020048969429269,0.5800154536722691,0.6446159336422176,0.8060959431101813,0.6236517903697935,0.6260674467404583,0.658323007516951,0.667296384417135,0.6862960879514758,0.6966766285462354,0.6934158600396975,0.6687763289308419,0.5802631042790867,0.0,0.6140369761554912,0.6204513825765707,0.5424175374442907,0.6224720850660883,0.6010956749439756,0.5584896781530788,0.6260009043336159,0.606293976869397,0.5864348655876682,0.5678451111147557,0.6350558944871927,0.6041697563826236,0.5992072456816969,0.6305158415442316,0.6796774644995883,0.6215878288363329,0.5677250440425538,0.6566950845357509,0.5881619583203341,0.6365653681725812,0.6228108497130331,0.6643848337428545,0.7559785196664375,0.6370633628114576,0.7515086858872551,0.6187918633709504,0.5947244786300407,0.6066570150176296,0.6407830405282375,0.6575983968224907,0.5999530811332437,0.6779847900667975,0.6351863671782519,0.7540074358386983,0.5967859193896179,0.5784704706910199,0.6169754419708448,0.6050240685707918,0.6454322099337928,0.6466716099269255,0.5944573533118082,0.5782672085230827,0.6678578133366454,0.6047509346696447,0.613289818235161,0.6747663126072357,0.6562828525016817,0.7496664771633232,0.6216610070816068,0.6096873827024193,0.6116699557701717,0.6221945186080361,0.6353138189195789,0.5920249713210242,0.6296398894983155,0.6636931617691177,0.6311471507698545,0.6649294495092285,0.6697515506514703
CZE,0.6513510272985241,0.44678011363543957,0.44649275912556846,0.4316718464406044,0.3663736207406203,0.4370343472868994,0.5418961677640427,0.45269052587254577,0.44774442131447584,0.502060414776017,0.7793177845671123,0.42160664468773346,0.5078256183658991,0.49208542400380406,0.4846620449638266,0.579661248256675,0.6018784192217898,0.5669405113199395,0.5278148397280688,0.4842967578190506,0.6140369761554912,0.0,0.4098140419222864,0.49545836013841893,0.5646003592767668,0.39308427413144675,0.4189088085057476,0.4081576554799662,0.42498562033764875,0.4102139037354726,0.5271852008454283,0.6108883055521676,0.49181643972239486,0.381107894916363,0.5343575058969278,0.5615921579878538,0.4763885693823876,0.5201090292183377,0.5377164428168728,0.41313894395839557,0.5555818177456486,0.4570095868246008,0.5887778968563667,0.6809426605172896,0.4530818793582483,0.7059871135572497,0.44834533934036397,0.5332736430906232,0.45891799766433383,0.5327799776241086,0.4813459613348145,0.5163680005076264,0.5895766995024045,0.5129989651267384,0.6888132316138761,0.4264136620385067,0.46769547480925044,0.44777787896088794,0.4464413232531257,0.5132571292260587,0.5218855436793367,0.3536336191529711,0.39993307054003674,0.4651361682187276,0.4264982916917888,0.5291880392136319,0.5316775132326925,0.5982576827170777,0.7541166333355813,0.3706201821355578,0.39560177513155476,0.39334940848641137,0.5136904314553885,0.50764270503979,0.39485767014896056,0.461890084130903,0.5100980741762118,0.4418128056121092,0.5185698270031246,0.523305104505239
DEU,0.658038460615315,0.4621672132884146,0.49525420491008243,0.45940540863611784,0.36292571579137006,0.38191190315495377,0.5763983406865821,0.48841309815543055,0.49108251623649846,0.506731494146759,0.7850613258048301,0.43616820686665175,0.48876812406913883,0.4872482762422491,0.5177933964911132,0.570639005287437,0.6415355014523029,0.588424188173667,0.5389695390082722,0.5068322682006097,0.6204513825765707,0.4098140419222864,0.0,0.46336956701555904,0.590869135190749,0.3950787453108196,0.4565203889337517,0.4182894182361017,0.38674717211199444,0.37927613288176576,0.4866392687367349,0.6216558056882409,0.48768677108469116,0.4053817703579745,0.5785391610207051,0.5846194294145847,0.4959935541197595,0.5048508054312362,0.4879993465153468,0.36914482243414093,0.5945789232463518,0.4432741250315225,0.6136377361199666,0.7248368185904428,0.4192088390122082,0.7434629163788816,0.5141845971435136,0.5612071481091012,0.5119301284098453,0.5551460023294597,0.49172070484745045,0.5258228860281202,0.6102618756651703,0.562906014789227,0.7108223731012402,0.3986033553152807,0.45734646411520663,0.4506657097892138,0.491543047850186,0.5238400978549245,0.5558640097198059,0.4117832708424414,0.43402659889320605,0.5301689302081332,0.45329883016414535,0.5288914292228074,0.571000380832857,0.5610680403563252,0.7843391895534163,0.45892306465234517,0.4228248080522548,0.39874090655713756,0.5229288592250281,0.5403529975944626,0.43627749715685576,0.443808051898092,0.5691138691527363,0.41308572426335194,0.582834541196977,0.563008365836842
DNK,0.6616021750840572,0.5185332815068453,0.5263343391645025,0.4973660576217176,0.45550528728908557,0.4457240129448777,0.5764512157706143,0.5341781747634362,0.5127083620183396,0.5458294424116812,0.7665820324278849,0.4899280916816285,0.5170559527098099,0.5368624820962524,0.5766183507490362,0.6006691751950405,0.6359658088529987,0.6014224907284627,0.5424520944327457,0.4965939235442369,0.5424175374442907,0.49545836013841893,0.46336956701555904,0.0,0.599344168674541,0.4886101603842514,0.46529714192774924,0.4868627362029031,0.4771254661679449,0.4471105280166764,0.4957935389751595,0.5668264071903374,0.51705418996206,0.47559285390004735,0.5528210246334149,0.613262310283453,0.5232635473046167,0.5482864546389749,0.5115566029860178,0.44481109416429654,0.6046292943002076,0.5155931578180091,0.6041986414715729,0.7379743042351756,0.5182229163652617,0.7293109218185465,0.5385948254631062,0.5266173176769847,0.5490621195081002,0.5985389774919136,0.534242999070034,0.5548090050899199,0.6170694526323515,0.5641642729360394,0.6909739186310456,0.4298344091826785,0.4213138993503301,0.5121008434575305,0.5213557581344989,0.5596266246245228,0.5730538488709581,0.4819413209532345,0.47768090462729695,0.5853721977872021,0.49689318026691937,0.5307233184185479,0.5946915042244023,0.5621653238673687,0.7767381692052354,0.5323674648548629,0.5087183401591338,0.4722157251158029,0.5293242126308857,0.572760696194843,0.5096787568109494,0.518852096610106,0.5987472375098652,0.4793967757086608,0.5964975169365643,0.6070116394568129
EGY,0.7100739438493527,0.5633532839477863,0.5127606916456494,0.5571100621254064,0.5856458800695267,0.5624334846393279,0.5894847218172714,0.550098878096991,0.5157955094201749,0.5526411677934646,0.7772275569528827,0.5587668897540012,0.652679535657234,0.6119372022612775,0.5466092766583966,0.6689540563865027,0.669643116332011,0.6168498340847027,0.620890654709172,0.5962626941814052,0.6224720850660883,0.5646003592767668,0.590869135190749,0.599344168674541,0.0,0.5482352255594967,0.5764941524376337,0.5784385986298657,0.608151426722983,0.577093506785142,0.5690023879806396,0.7172749695561635,0.5897422826743974,0.5646215478615415,0.6065990147479927,0.6028183475000679,0.6486852402488279,0.6067740871598185,0.6310652453918898,0.5634963331073076,0.563369811422178,0.574004541360534,0.6028539697422723,0.6886225857217069,0.5504516495600088,0.7276729484344814,0.5939713053407015,0.6696491300527884,0.5997126951115069,0.6030401812696402,0.5755635697088423,0.6566283087024121,0.6027973628644601,0.617543570872203,0.7468327854133411,0.5860781401785841,0.5721043890157045,0.5862430894023861,0.5000372349802422,0.5562559526309245,0.6182862142839766,0.5630404436383201,0.5817550521480966,0.5596689126180624,0.5425060350266571,0.564467249938637,0.631240185867843,0.6627067391383038,0.8076655299036424,0.5604716459255118,0.6019045640547578,0.5850662636307441,0.5679483121680249,0.5848463977401797,0.4798681481736861,0.5378602463690304,0.563113776201021,0.5628270605196637,0.5818059483906112,0.6018470453196445
ESP,0.6639571993722071,0.44383677521406445,0.46103379407636047,0.41281819115316,0.36217423063919857,0.39323355066223215,0.5561629823820942,0.44418496668448765,0.4496997186554152,0.4624071236318903,0.7777777611735293,0.4302686341407189,0.4990123553335128,0.5073940508658717,0.4847524711228379,0.555749749575125,0.6055802229236195,0.5432757410635838,0.5187518380259337,0.4812864173325331,0.6010956749439756,0.39308427413144675,0.3950787453108196,0.4886101603842514,0.5482352255594967,0.0,0.452791638203725,0.4152955504859756,0.39586434860160136,0.3999071303586296,0.4828985875879516,0.6320634474197994,0.46512842166285184,0.39730950110304686,0.5194420612056949,0.5289708685267085,0.4799654354982031,0.499691639259787,0.529912643459666,0.3634764148347628,0.566292883493944,0.4378131916369262,0.5845219287715375,0.7039179652402767,0.4198939320715957,0.7349871165139646,0.4692448745148274,0.529854623381529,0.4761483018957754,0.5144215829622389,0.48102124586984335,0.515079200719291,0.5816573620679953,0.5381477197432315,0.6920974767532736,0.43078605521119945,0.4753954159597864,0.4547049220552915,0.46267754290548013,0.48927336351716744,0.5354672892737665,0.3782590961907226,0.3898616637183113,0.5004000727672796,0.43317326939047324,0.4239766954687534,0.5287610208211262,0.5828449909676194,0.7596397280334579,0.41489309830286425,0.4152220932396082,0.41726357347635523,0.4660294504253419,0.508989577637282,0.3772913151895217,0.43175052579297585,0.5430732619537941,0.4479300884842659,0.5507723119856827,0.5271888017289419
EST,0.6427026951921749,0.5063052243076586,0.497666405396121,0.47621865286198384,0.4496782837509954,0.4609102108134166,0.5544200609656821,0.5154805917584263,0.4788902114682861,0.5443711736009192,0.785356489039337,0.47628917582775965,0.5295956227254899,0.5317271096246752,0.5616112168713754,0.5851418038409778,0.6075835753085295,0.5904667143922622,0.5700303522756186,0.4990558043522656,0.5584896781530788,0.4189088085057476,0.4565203889337517,0.46529714192774924,0.5764941524376337,0.452791638203725,0.0,0.4761192316434527,0.47432306543057134,0.44060078591780955,0.5363686829320675,0.6105837118134845,0.48504561561589205,0.45965635290104523,0.5563350394662766,0.6095611437243453,0.5183171839937877,0.5420210686949717,0.5728759739790211,0.45005480426071,0.5789550721224996,0.5166228412929458,0.5832854472785657,0.7087784651531472,0.5298741036364009,0.708585211502694,0.43867795233233386,0.5432260098814865,0.4399592010613689,0.5573119169978229,0.5127160250603615,0.5056299131785822,0.6138621695320328,0.5457048226654584,0.6924046046016225,0.4514452439122976,0.4480267913928044,0.4889906189086974,0.4947424331843221,0.5319793790452794,0.5491634911425476,0.4359165775343057,0.4656929282736527,0.5161322050408574,0.44254981113007014,0.5313439165430932,0.5714869222724753,0.6066959982007873,0.7632184201068071,0.46305126081663694,0.4571008569670116,0.44495896509640226,0.5393307506618435,0.5429421729844262,0.45092898392867103,0.5067531414073383,0.5581182280958966,0.49536215934227434,0.5410545458888102,0.5978038815811653
FIN,0.6529089108559497,0.4427909330123885,0.4822842305327203,0.4613844072580073,0.39947800194993816,0.4225939564729495,0.5687475434227549,0.4875751641110932,0.48736979696565647,0.4994755205780799,0.7705668944977406,0.41790312027930115,0.5018278168404784,0.4831314270785782,0.5037773631709404,0.5742395922118362,0.6216534072037245,0.5607997501607858,0.547236777533783,0.4887998213154132,0.6260009043336159,0.4081576554799662,0.4182894182361017,0.4868627362029031,0.5784385986298657,0.4152955504859756,0.4761192316434527,0.0,0.4171909046765818,0.4198324829851059,0.5175800739781119,0.6009973182760661,0.49338510236921995,0.405770257796929,0.5418088645367928,0.57380576847308,0.5014888934918589,0.5337928752019154,0.5172645730045902,0.4200306672896917,0.5770034620538835,0.4594941977978994,0.5960700802309253,0.691239726628119,0.43429047590977304,0.725793707202848,0.4852877236512315,0.5425663213176602,0.47679879209802195,0.5471507706273395,0.4951623679953961,0.5444500721312321,0.5871851582582304,0.5267148747903146,0.6965381158631017,0.4363436765254851,0.45193692709855926,0.47371007133871756,0.47322149131268787,0.5222107520370597,0.5391020341091702,0.39027545084273246,0.41096043392655124,0.5246277721681241,0.4577073512537361,0.5359454333985095,0.5407068005805411,0.5661868535718906,0.765111902071679,0.4587759850283156,0.429131618917542,0.3738866672998496,0.5169039939940124,0.5219713417402028,0.4277218796457822,0.42746079692653466,0.5397419967963009,0.43890067752169143,0.5515954355724375,0.5377376627335138
FRA,0.6403567796940454,0.46625535718567046,0.5135579662939548,0.44998139822418676,0.3701161480680533,0.4021158462333857,0.5807988420533386,0.4936633152613392,0.49949298853681284,0.5069047435742835,0.7802742691839626,0.43541259981594604,0.48805143761486186,0.47800404715379896,0.5571535210904665,0.556441304408015,0.6248146527975483,0.6022986087832295,0.5351594377468215,0.4878834438472973,0.606293976869397,0.42498562033764875,0.38674717211199444,0.4771254661679449,0.608151426722983,0.39586434860160136,0.47432306543057134,0.4171909046765818,0.0,0.3820981827102015,0.4909473659279783,0.5957404485989297,0.4891216634112692,0.3961689461872896,0.5739163823288934,0.5906306398913145,0.48083119764660887,0.5171019269370595,0.48809776563356183,0.38789013593532334,0.6056479915859241,0.4691387294176198,0.5997509534615744,0.724575010833509,0.4639915517379313,0.7314759658865848,0.4917927548929242,0.5140489589907494,0.4964293646863277,0.546501828894857,0.5028476917192886,0.5224196769209937,0.6114937771826472,0.5422229448136796,0.7008920218456539,0.3832289449117214,0.4870424433423511,0.444886747802973,0.49678041133669765,0.5132571392814671,0.5571815481913719,0.4073457935458814,0.4029687214444103,0.5336590213266683,0.4680562218099899,0.5371086831036116,0.5412110959394966,0.5749037281620053,0.7700836777355506,0.4413403480153123,0.4055717642315739,0.42545816110737933,0.5160904547238419,0.5473759770290139,0.4473065147409903,0.46378336738732256,0.5682754701648022,0.4322113049287438,0.5912577833523941,0.5570920406655195
GBR,0.629893038312966,0.4472603887636786,0.45739649290631096,0.40707864787561976,0.3720306556295998,0.3937608323249434,0.5323799783399817,0.49942588025852297,0.46022766379794283,0.48863299755682815,0.7724203561771507,0.4064129106507246,0.4831527088010714,0.4783543710242783,0.5181039131679503,0.5664442829811288,0.5953198346530695,0.5561379243003616,0.5171565547814403,0.47130326359014724,0.5864348655876682,0.4102139037354726,0.37927613288176576,0.4471105280166764,0.577093506785142,0.3999071303586296,0.44060078591780955,0.4198324829851059,0.3820981827102015,0.0,0.5007407569008658,0.5747996017278851,0.48400313784109844,0.4118659181095987,0.5433084615594591,0.5677606716134063,0.42674425174846153,0.46429574671443835,0.4811643036912343,0.3726862886477751,0.5667116949608683,0.45666986795408215,0.5562880572484177,0.710984642161196,0.45600657732700056,0.731234376330489,0.4865115336795684,0.5186016274893477,0.5013052830030653,0.5565596006080108,0.46685038140687624,0.5111510871007524,0.5887731665120435,0.5105582454688397,0.6691065711385165,0.3592211440923713,0.4244088764023212,0.4225107419756948,0.4717692525736451,0.4836094745376155,0.5384399257900426,0.412250324836375,0.41538991273176296,0.5122768806624295,0.4254331915318609,0.5034584243306688,0.5445810613803139,0.5512420313056108,0.7383982771114181,0.44283978381045186,0.4063793611353319,0.434419590318863,0.4978440825354344,0.5220265154504751,0.40919791241034575,0.44522839973024453,0.5567015506531267,0.39651531120444866,0.5486232005595377,0.5563773023528498
GRC,0.6679705577081093,0.5214999127835822,0.5386610694892054,0.5139314853166137,0.470229961773716,0.47861509521622436,0.5889977327902457,0.5068964589620107,0.5106806971696316,0.5387835767331711,0.7697897771776288,0.497129179150159,0.5487481747774201,0.518097511825597,0.5718404878723004,0.6052351449373559,0.6431701826077558,0.6166275082381374,0.5894801380320049,0.5207263052188055,0.5678451111147557,0.5271852008454283,0.4866392687367349,0.4957935389751595,0.5690023879806396,0.4828985875879516,0.5363686829320675,0.5175800739781119,0.4909473659279783,0.5007407569008658,0.0,0.6420660114259095,0.5043191876630089,0.46876859182925823,0.5939265790804064,0.6093598191237634,0.5695500464026432,0.545583966300464,0.5365328802140104,0.49064000279082626,0.6057038166533802,0.5111158771563467,0.6044819050680463,0.7386917492134851,0.5062939997469456,0.7458605795743884,0.5554690401796496,0.5963068738350531,0.5337266650889456,0.5645027932046307,0.5405098890008088,0.5881915155875534,0.6220373561584576,0.5923494767894346,0.7160134108615639,0.5058776967650558,0.5210498704663681,0.5317306932854933,0.5043194635290673,0.5531048113973526,0.571888325599678,0.49107072713653743,0.5007954628300666,0.564478929424208,0.49953486686746346,0.5706233571751036,0.578367274287892,0.593835009422026,0.7819102698226893,0.5351131968226164,0.5193214462835459,0.490604567595263,0.5356631610668909,0.5785581282688446,0.49613336561909027,0.5064096664782224,0.6075171785298106,0.4927721838388484,0.6057538920804441,0.5932148825396216
HKG,0.7038053144055623,0.6074399431126601,0.6983513225495002,0.6240808267356339,0.5936789349690579,0.5845771074718865,0.6685847402764737,0.6649432443838788,0.6564153295386826,0.6847742849306775,0.8142487895238255,0.6347051825803497,0.6004466200618513,0.6519714541263275,0.732681715701559,0.6953702590402873,0.7003783881188617,0.7052941400808793,0.6827699011845191,0.5591086562371158,0.6350558944871927,0.6108883055521676,0.6216558056882409,0.5668264071903374,0.7172749695561635,0.6320634474197994,0.6105837118134845,0.6009973182760661,0.5957404485989297,0.5747996017278851,0.6420660114259095,0.0,0.6556907443842462,0.6065221271867953,0.672434567329143,0.734702965287486,0.6179354805191051,0.610539295458949,0.6065266963176488,0.6225345929911463,0.6725685813643166,0.6311530873230233,0.6616019789765848,0.7673253844765311,0.6585363489844999,0.7215308146445428,0.6196450633779725,0.598920854614015,0.6245439199880811,0.7308715575075592,0.6398986091905325,0.6460034597376709,0.7628896756670723,0.6032144303668553,0.7274089153894797,0.5625882321374286,0.5909339035451708,0.630399171970032,0.6677420372282576,0.695473020274799,0.6332464085985888,0.5994590829949185,0.5888918906402253,0.6979712784281856,0.6157163134177412,0.6093720459166905,0.6905709066979496,0.5895928198345665,0.7728135039616978,0.622325151124142,0.6182889562871503,0.6225138500856133,0.662729709565096,0.6903160847405141,0.6453622725557593,0.630166392811533,0.6973107883515449,0.6221471587881946,0.6995832291990444,0.6808327488793368
HRV,0.6300962417196595,0.49223399343870106,0.5009806569534634,0.4885873246198359,0.4659554972344682,0.464490278520438,0.5829527774413079,0.49312732318638103,0.47965959066486236,0.5304508135905828,0.7544789654809935,0.4882717864494531,0.5402688196082261,0.5074767219042228,0.5305226753411822,0.5957979363264396,0.6309155351402963,0.6127474638324685,0.5648175750381799,0.5256788244410829,0.6041697563826236,0.49181643972239486,0.48768677108469116,0.51705418996206,0.5897422826743974,0.46512842166285184,0.48504561561589205,0.49338510236921995,0.4891216634112692,0.48400313784109844,0.5043191876630089,0.6556907443842462,0.0,0.4446638897030021,0.5528571827695657,0.568800931593614,0.5433510791725434,0.528269794866674,0.5614209633794792,0.4574994443499076,0.5734309209130357,0.5014238908870475,0.5984022394442667,0.7243477165663742,0.5212886324468896,0.7072170020554279,0.49795568897840226,0.5827192859529828,0.5347553875987469,0.5600094814665159,0.5399129664459605,0.5579935507275887,0.6130531362088711,0.5797009387347477,0.7038179791300281,0.49368193970270713,0.48761863049496507,0.47630634435296,0.4815840968727485,0.5444963582243223,0.5389126473925199,0.45792919646883573,0.48285659977233975,0.5232910341472158,0.45177793121633103,0.5618940083765659,0.5702285327466458,0.6106188176081243,0.7644322121004512,0.4715477999623768,0.4892879632879751,0.47816896115616214,0.511201845209514,0.5318550702519567,0.4803514814377633,0.5139437475200324,0.593751937942682,0.5006765927615761,0.5525258375029535,0.5748586341593052
HUN,0.6213382056513632,0.4176183785515241,0.4394994224337213,0.41836017698730393,0.35914515658447854,0.4057835248777298,0.5377793447859002,0.4090875224386159,0.4196428504161198,0.4734635052589475,0.7506412518468829,0.3961547007132017,0.5070501196757766,0.464897901382079,0.4718109755221787,0.5426692430534628,0.5891388656518737,0.5610931790961866,0.5029541332655624,0.46813886477877653,0.5992072456816969,0.381107894916363,0.4053817703579745,0.47559285390004735,0.5646215478615415,0.39730950110304686,0.45965635290104523,0.405770257796929,0.3961689461872896,0.4118659181095987,0.46876859182925823,0.6065221271867953,0.4446638897030021,0.0,0.5232417432237946,0.5162082406717324,0.48896686249678045,0.5055854670380917,0.5005233652951693,0.3921823342339467,0.5396768406098847,0.4235956425150921,0.5563186329830996,0.697440554619239,0.44311077173162633,0.6906673615902759,0.4418040583882576,0.532119633912091,0.48841478101514346,0.48742729814925156,0.44509218381560584,0.5334141765893212,0.5632259202514861,0.5243616730466797,0.6775818186530056,0.4291018031550884,0.4650935426454652,0.4283046787752679,0.4161115760726645,0.4888044765959192,0.49171598798235133,0.3644811906987239,0.4088494312203497,0.4843775414768353,0.40072589708794754,0.5210470070068131,0.5186491284672085,0.5879756079046816,0.741852957892994,0.4090470569851214,0.42943399526532394,0.38109368239598507,0.4844082861487394,0.49033257505484024,0.3982411368636494,0.4492155489951807,0.5270114904745657,0.40710969027059646,0.5328780690306797,0.5036671038364712
IDN,0.6607557980999784,0.49588538171085894,0.5270325629398096,0.5094996749116026,0.5367418861521682,0.5598599747233475,0.6279434136391396,0.5311907077228216,0.482394909685456,0.5257769492621621,0.7383803268047613,0.522938583880443,0.6084126450574732,0.5893794008153449,0.5100416463180089,0.6055768260421776,0.5970526527825221,0.625363111447441,0.5435295662711284,0.5282368291552572,0.6305158415442316,0.5343575058969278,0.5785391610207051,0.5528210246334149,0.6065990147479927,0.5194420612056949,0.5563350394662766,0.5418088645367928,0.5739163823288934,0.5433084615594591,0.5939265790804064,0.672434567329143,0.5528571827695657,0.5232417432237946,0.0,0.5656645945187991,0.5834240325481904,0.6076081406797935,0.6222586218587446,0.5479801036316256,0.5520779185966105,0.5393492917044557,0.5991206102977029,0.7384879691509222,0.5559188978968564,0.6631954505188873,0.5548364442036149,0.6086260048557729,0.6129690318527526,0.551498040586225,0.5474797747071434,0.6068437764554054,0.5826000573910555,0.5344812175294542,0.6905840228057954,0.5607989505325639,0.5507339467464841,0.5620671570038916,0.5222037864039297,0.5531353331707207,0.5018831992825622,0.5009721807671682,0.5268269989905641,0.5591488813324208,0.5114939145551802,0.5588771512665378,0.6137485057237985,0.6411186281301016,0.7782113644195173,0.5462345357169808,0.5776416515594902,0.5566364792576559,0.4708803944187488,0.5679618666695203,0.5198999054422361,0.5180203973295611,0.5589061371129119,0.5527750015064469,0.5293054235888274,0.5780512419468192
IND,0.6973696603775709,0.5477176877853196,0.5094595598631072,0.5343106139600936,0.5545957280638651,0.5599321947575526,0.5953408088791731,0.5175756422215507,0.511919968260909,0.5326658293394094,0.7724099305862818,0.5335119816304568,0.6482208579884366,0.6129605610722146,0.5275789414332495,0.6015657104727979,0.6211340017936757,0.6328429032163901,0.5855694083529679,0.591170786531204,0.6796774644995883,0.5615921579878538,0.5846194294145847,0.613262310283453,0.6028183475000679,0.5289708685267085,0.6095611437243453,0.57380576847308,0.5906306398913145,0.5677606716134063,0.6093598191237634,0.734702965287486,0.568800931593614,0.5162082406717324,0.5656645945187991,0.0,0.6358405763046465,0.6081627482601192,0.6135962986215088,0.5569559925765107,0.5664265340394314,0.543416393447742,0.6120350834374025,0.726808620451552,0.5477128468618814,0.720401851288814,0.5835595106658755,0.6493728569921078,0.6285006403818902,0.5601559276536692,0.5440054331656341,0.656976170068611,0.5965380919206371,0.596763789752374,0.745837499145675,0.5921712735657839,0.5963554818018034,0.5787169702388995,0.5042089048942504,0.5752298047011322,0.5641428321617581,0.5368999515323711,0.5803785920175086,0.5599793846453973,0.518176638257074,0.5974468643429375,0.6115811331451829,0.6863105797642842,0.789707545309214,0.5642085542459343,0.5984623055452175,0.5703564322818292,0.5422442668208561,0.5706822826361304,0.513931129078499,0.559629974653561,0.5846356072043122,0.5604462489254731,0.5857122588854112,0.5781030298554174
IRL,0.6845378180632141,0.511478189905546,0.546465496779077,0.4876646467710388,0.45690833914787193,0.5153427504378331,0.5834522991077269,0.5496989202904836,0.5319315153816926,0.581179864426688,0.800690829041107,0.5112211938650589,0.5528315236160779,0.5407383941551881,0.5826171899349869,0.6469861887815018,0.6602658199949821,0.5642047806560394,0.556849536980783,0.5574033296215537,0.6215878288363329,0.4763885693823876,0.4959935541197595,0.5232635473046167,0.6486852402488279,0.4799654354982031,0.5183171839937877,0.5014888934918589,0.48083119764660887,0.42674425174846153,0.5695500464026432,0.6179354805191051,0.5433510791725434,0.48896686249678045,0.5834240325481904,0.6358405763046465,0.0,0.5010688261586186,0.5831512423348117,0.48432237087488444,0.6403734066633358,0.5319636864455295,0.6351099505572249,0.7343825493641839,0.5515052893569911,0.7363100252191839,0.5369542255645979,0.5651451493722968,0.53966427059281,0.6010014802527162,0.5685690291935797,0.5385119960566856,0.629279404040319,0.570722489534624,0.6985150317842197,0.48812295179040965,0.5155397111438274,0.5131682081439214,0.5440328279290108,0.556285995405221,0.5746456720284152,0.4877935117859882,0.4760287747201743,0.5693027309722757,0.5451784669989284,0.5588647356288092,0.6159536308131364,0.595061269623759,0.7304343778402647,0.5068615639033855,0.4715624270252972,0.5008539172241386,0.545814713119643,0.5913888666526923,0.49608889831646835,0.5353580664692686,0.6043497310941466,0.5111007594770576,0.5802553017180178,0.5981473412524897
ISL,0.6528203428360195,0.538501487636678,0.556769624252598,0.5119263885995616,0.5083248976398619,0.5060035043059694,0.5574418998349925,0.5463532462117298,0.49511729366212637,0.5768013903318444,0.8095994307564924,0.52854662997769,0.5673880767487404,0.5642255932661329,0.5889209608179832,0.6465294302839149,0.6639420501618252,0.5938131108305875,0.6048906627952052,0.5418598363369733,0.5677250440425538,0.5201090292183377,0.5048508054312362,0.5482864546389749,0.6067740871598185,0.499691639259787,0.5420210686949717,0.5337928752019154,0.5171019269370595,0.46429574671443835,0.545583966300464,0.610539295458949,0.528269794866674,0.5055854670380917,0.6076081406797935,0.6081627482601192,0.5010688261586186,0.0,0.5819701593810734,0.5091093745117953,0.609392568779175,0.5431923103192255,0.6003846135571023,0.733470332299839,0.5421861198062751,0.7441551295458693,0.5662823174677639,0.5737725192099249,0.5616048141659447,0.5968235498718373,0.585161308747258,0.5498354269618294,0.6387415261753494,0.5933840734887899,0.7080166741897572,0.5175346426075373,0.5230780945689412,0.5138670521115505,0.5099201273400333,0.5699435478616838,0.5932135164687335,0.5215182141464297,0.518198256880566,0.5912506119583884,0.5292940460281913,0.5476213505859472,0.6167042725776269,0.6128734712657201,0.7103303438218959,0.5199838932484104,0.5231523271742896,0.5324498087075278,0.558735074555906,0.5643508579419794,0.5020389510711418,0.547138325257083,0.6064786068367882,0.5304977436281025,0.6117130370805435,0.6114428866530538
ISR,0.6783283608807967,0.5389572422743302,0.5513187033303588,0.5448422878763673,0.4923438222342117,0.45735021932713654,0.6335087806425327,0.5807774030500803,0.5926354849040808,0.5520201137425731,0.7878198896287572,0.5099405658635329,0.5381916662061477,0.5077635602022439,0.6153695407067127,0.621627187141526,0.658381321165455,0.6328187684466646,0.6042506981588636,0.5352030164961018,0.6566950845357509,0.5377164428168728,0.4879993465153468,0.5115566029860178,0.6310652453918898,0.529912643459666,0.5728759739790211,0.5172645730045902,0.48809776563356183,0.4811643036912343,0.5365328802140104,0.6065266963176488,0.5614209633794792,0.5005233652951693,0.6222586218587446,0.6135962986215088,0.5831512423348117,0.5819701593810734,0.0,0.4980015421313927,0.6256774394635779,0.5547377229166351,0.6241461722904468,0.7474332177236855,0.5259397207940425,0.7759233063151015,0.5942669238849633,0.5771954237485063,0.6151795855045743,0.6195612159059228,0.5315212769228099,0.607936089202402,0.6625606332999239,0.6021397275701335,0.7211480218855236,0.45290355256441517,0.5423607744174551,0.5390944109521677,0.5837669695379833,0.5690574769108107,0.6073944845706577,0.5262600118957462,0.5013148595763495,0.6224883886256192,0.5415035451641326,0.5717240967001104,0.6032402089563095,0.5902413575283909,0.7795094074675548,0.5825666559941975,0.5436425360521452,0.5245001099599701,0.5760358639805832,0.6125383907280638,0.538086119014572,0.5255030879523422,0.6260562095974807,0.4840430710163664,0.6457793930409241,0.611759339180214
ITA,0.6585125564223488,0.454510095386945,0.46616950966572196,0.4357261341429675,0.3699106965703859,0.3890140183315583,0.5603578318597341,0.48428705874624195,0.4754577922786596,0.4886170174241375,0.7770478919977213,0.42531236274345685,0.5011534708009302,0.489927866849479,0.49029481449896434,0.5614808888240784,0.6166700065327836,0.578764029769613,0.5206770195959587,0.4896031208122545,0.5881619583203341,0.41313894395839557,0.36914482243414093,0.44481109416429654,0.5634963331073076,0.3634764148347628,0.45005480426071,0.4200306672896917,0.38789013593532334,0.3726862886477751,0.49064000279082626,0.6225345929911463,0.4574994443499076,0.3921823342339467,0.5479801036316256,0.5569559925765107,0.48432237087488444,0.5091093745117953,0.4980015421313927,0.0,0.5819874915313696,0.4375164620140229,0.5912986806074277,0.7182932817393444,0.4452366085545156,0.7494688879717688,0.4840634000049161,0.5203064020037835,0.49847706236346656,0.539432194123941,0.46803521754487915,0.5167254647413653,0.5948361725298477,0.550793530341881,0.6801952681960617,0.41392346794902973,0.4558652402983469,0.45639524952286187,0.48616898868359,0.5062363918020385,0.543115924319379,0.39361334847133106,0.4163481876828424,0.5203480087925466,0.43852841771763157,0.50601959612749,0.553915636205507,0.5760953077359039,0.7672249854041379,0.44379565313881036,0.4303023149760564,0.4023027863996787,0.49930385720498816,0.5198478114191507,0.4077556117539691,0.44758256636268295,0.5582344799353197,0.4230797296157459,0.5728130457769203,0.5403488003638003
JOR,0.697584245521908,0.5448581954830186,0.5521508553575007,0.5507234367896299,0.5707735893452334,0.5787973170378871,0.6260894576903004,0.5487966564525874,0.501254419849646,0.5589403826014706,0.7573865191230574,0.539966679269549,0.6723607956620137,0.6072291471224531,0.5450760263889709,0.6431681339456669,0.6528163977496897,0.6301191988712644,0.5922961524796309,0.5937392959558622,0.6365653681725812,0.5555818177456486,0.5945789232463518,0.6046292943002076,0.563369811422178,0.566292883493944,0.5789550721224996,0.5770034620538835,0.6056479915859241,0.5667116949608683,0.6057038166533802,0.6725685813643166,0.5734309209130357,0.5396768406098847,0.5520779185966105,0.5664265340394314,0.6403734066633358,0.609392568779175,0.6256774394635779,0.5819874915313696,0.0,0.5598538688036788,0.6052224718161936,0.7511977662623546,0.5746754729252074,0.6842123409025548,0.5730079485502798,0.6441494638964123,0.6228538297573051,0.5922412687010485,0.5742639060290122,0.6531702817958991,0.669305939793347,0.5676357849178632,0.7490845233918134,0.5845667972165786,0.5783066475358238,0.5791271454990163,0.5471456583416692,0.5597969659560336,0.5843837368525996,0.5537223562890451,0.5805724682081029,0.5823037966856446,0.506017059933505,0.5985834970525491,0.6106509000842275,0.665198189925342,0.779571674553249,0.5548970456379827,0.6199116334498624,0.5740010424585591,0.5468080646323311,0.6049360433641312,0.5532833157209562,0.5529325154140209,0.5885497715599456,0.569772941519692,0.5936295566514035,0.5848281014302581
JPN,0.6887343770710934,0.48081169683695435,0.47992174214307565,0.46594256605168016,0.44302788145275257,0.4584113750060441,0.5745121946439563,0.49533902909088035,0.4686728503167726,0.5069828949076577,0.7806384830053638,0.43143926906580765,0.5442702597270523,0.5293916201428337,0.4764860112188183,0.5548405193785648,0.6092543691971352,0.5874534387260183,0.524749776235925,0.5079444569670253,0.6228108497130331,0.4570095868246008,0.4432741250315225,0.5155931578180091,0.574004541360534,0.4378131916369262,0.5166228412929458,0.4594941977978994,0.4691387294176198,0.45666986795408215,0.5111158771563467,0.6311530873230233,0.5014238908870475,0.4235956425150921,0.5393492917044557,0.543416393447742,0.5319636864455295,0.5431923103192255,0.5547377229166351,0.4375164620140229,0.5598538688036788,0.0,0.5861948755844945,0.70146168247557,0.41988706708538653,0.7252511281579913,0.5011360092561462,0.569284941987535,0.5283702438086018,0.5313997873907272,0.48806564615327125,0.568708939231054,0.6023438783412086,0.5712886235793129,0.7056932412376908,0.49257945827990823,0.5070845361249717,0.5159768852599316,0.48758983633191444,0.5288573456919662,0.5353802164911828,0.4297446976771825,0.4616834180281764,0.5159076226031475,0.4723712719283315,0.532454946376052,0.5625437451081582,0.6066749419924612,0.7695849672363498,0.4778931301085601,0.48519251971198224,0.4410400916799252,0.48663205986295355,0.5443642343306798,0.4350399176142099,0.43433447373218576,0.5625529879022543,0.47470372542391215,0.5452547194576087,0.5394281583328085
KAZ,0.6544963930570267,0.5813781743632244,0.5403699541429903,0.5176409094276498,0.5739830763960115,0.580924771674232,0.5621113013763136,0.5615104888217597,0.5589642417967727,0.5813667720870888,0.7481663989299634,0.5327394783600823,0.6322067918448169,0.5870642306629859,0.6134807898347997,0.6492451132090529,0.6335060976053166,0.5732561406640901,0.5994528858910713,0.5620992958883101,0.6643848337428545,0.5887778968563667,0.6136377361199666,0.6041986414715729,0.6028539697422723,0.5845219287715375,0.5832854472785657,0.5960700802309253,0.5997509534615744,0.5562880572484177,0.6044819050680463,0.6616019789765848,0.5984022394442667,0.5563186329830996,0.5991206102977029,0.6120350834374025,0.6351099505572249,0.6003846135571023,0.6241461722904468,0.5912986806074277,0.6052224718161936,0.5861948755844945,0.0,0.7221567364015253,0.6251195865383687,0.6674267188023453,0.5755856294061775,0.6381361339515921,0.582130676804935,0.6118309792555803,0.5336312852548539,0.6680488003231495,0.6209414596059876,0.5874334907196327,0.6767953159116457,0.5806862161320604,0.572140507382964,0.5594326689865773,0.5237414258220892,0.5431310946455828,0.5878471641807271,0.5679890720466444,0.5951739556327558,0.6005375460897906,0.5002949829023613,0.5616489796755876,0.6157469356511214,0.7060075704998148,0.7774063693650306,0.582081744919521,0.6192000310565015,0.5918551048335264,0.599431452191006,0.5989865731421488,0.5447598537662467,0.6154229831526884,0.5783372806900002,0.5481883904268294,0.6099183658237592,0.605004704341916
KHM,0.7671283662816467,0.6985142124002551,0.6818793912940222,0.6979533516529722,0.7067092554005018,0.693057513021113,0.6553221268127606,0.6718004975333983,0.7263814713497889,0.7255656159954978,0.8227706840528338,0.7057131093899968,0.7381851669634372,0.7300986540287151,0.7080828499849345,0.7444760193755356,0.7506719363395997,0.6747161960013137,0.7612885052269679,0.7059870788887294,0.7559785196664375,0.6809426605172896,0.7248368185904428,0.7379743042351756,0.6886225857217069,0.7039179652402767,0.7087784651531472,0.691239726628119,0.724575010833509,0.710984642161196,0.7386917492134851,0.7673253844765311,0.7243477165663742,0.697440554619239,0.7384879691509222,0.726808620451552,0.7343825493641839,0.733470332299839,0.7474332177236855,0.7182932817393444,0.7511977662623546,0.70146168247557,0.7221567364015253,0.0,0.729006272922431,0.7759213969518204,0.7247768192989269,0.7412560547919426,0.6586286117743908,0.7151058103468606,0.7126033965722567,0.7523197710029245,0.7223121985191185,0.7258713854612312,0.8023245837876886,0.7250040978622536,0.7200492012369869,0.7232996425036102,0.6834767602671964,0.7081461661849341,0.749515613879636,0.6856590149131122,0.6932364322361031,0.6855452257616472,0.6987635750610649,0.7158295645520965,0.7172787059932133,0.7738857385675647,0.8310999099926103,0.6714716332769279,0.7069841472222846,0.707176584695166,0.7356211908169324,0.6901227260678399,0.6617508157717359,0.7148224053527136,0.640273100728117,0.7252880306691962,0.709658829990592,0.72123667216042
KOR,0.6723738018987429,0.4793834333981054,0.459924334794523,0.49098429435749974,0.42491623007810425,0.45407224649312206,0.5650453957662279,0.5024312761944744,0.43552368052014356,0.4746622447817435,0.7868366663644368,0.4530245620217114,0.5580646029744271,0.49327699394007796,0.4410472196709453,0.5865704687359394,0.6378947464751014,0.6042022019548688,0.5386904821807116,0.5346942317255331,0.6370633628114576,0.4530818793582483,0.4192088390122082,0.5182229163652617,0.5504516495600088,0.4198939320715957,0.5298741036364009,0.43429047590977304,0.4639915517379313,0.45600657732700056,0.5062939997469456,0.6585363489844999,0.5212886324468896,0.44311077173162633,0.5559188978968564,0.5477128468618814,0.5515052893569911,0.5421861198062751,0.5259397207940425,0.4452366085545156,0.5746754729252074,0.41988706708538653,0.6251195865383687,0.729006272922431,0.0,0.7545432033596312,0.5485013447954972,0.5902418926862795,0.5509892028246033,0.5395080417815094,0.4605078729294891,0.5705650749001544,0.587106733036456,0.575872755834705,0.7204001392897615,0.48960663196101645,0.49497730772295456,0.5057462380570773,0.4588174446084905,0.5357603914423443,0.5408192123477418,0.44742910186171153,0.4728393690453936,0.5142062023338008,0.4689730357803044,0.5381249605481041,0.5627532038393112,0.5770579044188688,0.7959831806190558,0.5016460763094248,0.48791313853471824,0.44552265290591975,0.4795367084765292,0.530209260353513,0.4265572922685157,0.3888633074894615,0.5634431271439203,0.45373750555557246,0.5475672409209793,0.5577910598525414
LAO,0.6867930063291231,0.7024493407669707,0.712576216873363,0.7091117508189149,0.714744694163918,0.7422524508952467,0.7128454740855532,0.6771008604342633,0.6704284340156937,0.7077514555420568,0.7395205530108795,0.7109309668001512,0.7463636087563091,0.6922638137831792,0.6955941424988838,0.7022241193731619,0.725946731089084,0.7472462520955537,0.6884070441802389,0.6860955473973408,0.7515086858872551,0.7059871135572497,0.7434629163788816,0.7293109218185465,0.7276729484344814,0.7349871165139646,0.708585211502694,0.725793707202848,0.7314759658865848,0.731234376330489,0.7458605795743884,0.7215308146445428,0.7072170020554279,0.6906673615902759,0.6631954505188873,0.720401851288814,0.7363100252191839,0.7441551295458693,0.7759233063151015,0.7494688879717688,0.6842123409025548,0.7252511281579913,0.6674267188023453,0.7759213969518204,0.7545432033596312,0.0,0.6681059037625032,0.7529821687659234,0.7397862029278939,0.6971015048099073,0.7145074989849869,0.7569126750051782,0.7215821919617301,0.6838050742860013,0.7559285621429429,0.7372731686727579,0.7299923254306312,0.6905769638616172,0.6465325585740713,0.6901724541862807,0.6629595623085067,0.6852195330256916,0.7107031447324644,0.6817642651006406,0.6770351815042335,0.7305487610502757,0.7449557284752604,0.7862768198396649,0.8107698977273574,0.6764272687883696,0.7391975613697126,0.7282713152731954,0.6981868810676044,0.7002491489290489,0.6972698665202992,0.7221252906312612,0.6854628532765593,0.7327887429008578,0.6589467125232199,0.6912138037384621
LTU,0.6575808784619149,0.5297739166201484,0.5077623500446888,0.5038995861006555,0.4683525225627507,0.4992528993352021,0.5788404810779801,0.4932240961118762,0.49488406037499505,0.531756265431986,0.7742164318232249,0.4990588688915176,0.5493638036201134,0.5517151401378457,0.5498348918997874,0.5817156528157124,0.5972639521702746,0.6080858978415186,0.5474713532182319,0.49414155702890045,0.6187918633709504,0.44834533934036397,0.5141845971435136,0.5385948254631062,0.5939713053407015,0.4692448745148274,0.43867795233233386,0.4852877236512315,0.4917927548929242,0.4865115336795684,0.5554690401796496,0.6196450633779725,0.49795568897840226,0.4418040583882576,0.5548364442036149,0.5835595106658755,0.5369542255645979,0.5662823174677639,0.5942669238849633,0.4840634000049161,0.5730079485502798,0.5011360092561462,0.5755856294061775,0.7247768192989269,0.5485013447954972,0.6681059037625032,0.0,0.5840074257319061,0.4766521066490417,0.5648390427529271,0.5233648630240582,0.560863258884293,0.621978660726927,0.5607490468800793,0.6849766040304596,0.5121246021494419,0.5254688712643698,0.5058996534528742,0.4937174860884569,0.548627997978853,0.5270207739869767,0.43372504213073504,0.47746661169939164,0.5175361053446537,0.48193407809374983,0.5641733683149271,0.5357974762520222,0.6310312560337743,0.7517102242038428,0.45466815214441264,0.4893262130169505,0.4847066559648643,0.5279385615967392,0.5446708411903127,0.457417317864541,0.5225345651805918,0.5442948253077123,0.5273949791008188,0.5440970939848869,0.5665181149890975
LUX,0.6959534393699605,0.5753880211381394,0.5835348321029634,0.5330232800857544,0.5102003964321691,0.5161385872462458,0.6190628045916997,0.5900431188291142,0.5800035535928867,0.6030063202442945,0.8267929881840764,0.5581758866426091,0.5476314881578511,0.5817687689475431,0.6502041731330263,0.6233478355481386,0.6776570288346709,0.6539740513942758,0.608510655144823,0.54123139885122,0.5947244786300407,0.5332736430906232,0.5612071481091012,0.5266173176769847,0.6696491300527884,0.529854623381529,0.5432260098814865,0.5425663213176602,0.5140489589907494,0.5186016274893477,0.5963068738350531,0.598920854614015,0.5827192859529828,0.532119633912091,0.6086260048557729,0.6493728569921078,0.5651451493722968,0.5737725192099249,0.5771954237485063,0.5203064020037835,0.6441494638964123,0.569284941987535,0.6381361339515921,0.7412560547919426,0.5902418926862795,0.7529821687659234,0.5840074257319061,0.0,0.5655552815648186,0.6271165235614122,0.5843502205234695,0.5662998365650526,0.6740940084836189,0.5929971198112247,0.7022416044542871,0.515430159733492,0.5745669829565953,0.5563535225176227,0.5941471629115023,0.5914329006784604,0.6229713266000131,0.537747379193546,0.5041861751852987,0.6273341593158919,0.5547430656499547,0.5762022771227758,0.6259021042146642,0.6386991639908658,0.7664519643260969,0.5683912083617532,0.5312249460247359,0.5534233512600328,0.5885165325915783,0.616659416636668,0.5462541253216749,0.5841901732910711,0.6514573549186526,0.5606833599934005,0.6619063673578081,0.6294373109436632
LVA,0.688469690886003,0.5557438495243191,0.5304269340793764,0.49395229313768363,0.47176776537941956,0.4821795839795786,0.5431421677275351,0.5166374969728296,0.5342908186913085,0.5838490310810026,0.788997957875135,0.5159871237341962,0.5489027809689098,0.5570645854092957,0.5963516426869598,0.6157420590914263,0.6302456661542235,0.5691705101104039,0.6093686368514786,0.5254188998014387,0.6066570150176296,0.45891799766433383,0.5119301284098453,0.5490621195081002,0.5997126951115069,0.4761483018957754,0.4399592010613689,0.47679879209802195,0.4964293646863277,0.5013052830030653,0.5337266650889456,0.6245439199880811,0.5347553875987469,0.48841478101514346,0.6129690318527526,0.6285006403818902,0.53966427059281,0.5616048141659447,0.6151795855045743,0.49847706236346656,0.6228538297573051,0.5283702438086018,0.582130676804935,0.6586286117743908,0.5509892028246033,0.7397862029278939,0.4766521066490417,0.5655552815648186,0.0,0.5899709549159553,0.5500455876509897,0.5561168428050314,0.636260489559605,0.5905379613801026,0.7026108065873607,0.5180516223385673,0.5138235697570357,0.5323744522209918,0.515260121986742,0.5775315574625541,0.589125074084705,0.46642647554938144,0.4807145301360941,0.5366509542361828,0.4882847521641323,0.5772757864497522,0.555091924174621,0.6152160658309389,0.746512739985039,0.47795546875887873,0.47926561879438445,0.4686129678481682,0.5770277623393744,0.566738639244252,0.4648880951725545,0.5596953618470596,0.5533774631856645,0.5447608941667479,0.6066814964903092,0.6031202582853132
MAR,0.6630425109155509,0.5245870639547058,0.5027956997059756,0.5249207286174692,0.526619446058187,0.5334545773645419,0.5896431567251073,0.5008328083301132,0.49611465893482753,0.5098627596385216,0.7467672477010284,0.5230266251193435,0.6211206603608441,0.5531572817052411,0.53246940090763,0.5923378742458475,0.6493009896625452,0.6202041618493762,0.5677699495698884,0.5785370989020343,0.6407830405282375,0.5327799776241086,0.5551460023294597,0.5985389774919136,0.6030401812696402,0.5144215829622389,0.5573119169978229,0.5471507706273395,0.546501828894857,0.5565596006080108,0.5645027932046307,0.7308715575075592,0.5600094814665159,0.48742729814925156,0.551498040586225,0.5601559276536692,0.6010014802527162,0.5968235498718373,0.6195612159059228,0.539432194123941,0.5922412687010485,0.5313997873907272,0.6118309792555803,0.7151058103468606,0.5395080417815094,0.6971015048099073,0.5648390427529271,0.6271165235614122,0.5899709549159553,0.0,0.5302823505906986,0.6108222319756111,0.60616973755994,0.577835132732361,0.7494747750128488,0.576777192381352,0.5911666402133667,0.5679709859855142,0.497421649960928,0.5407808625943575,0.5311235939950747,0.5078684350662382,0.5178588985377084,0.5516053242891471,0.5277785823036717,0.5858240107466814,0.5782167206854176,0.6875078121841846,0.7931083932072944,0.5231159729943484,0.5628893718191135,0.5342168438238353,0.5340370004846208,0.5662131906311353,0.4788019493179384,0.5359154541379081,0.5827096421643091,0.5530138779659158,0.5662395130515049,0.569147425218154
MEX,0.6138383518035232,0.48302647272674737,0.4417675186414461,0.4755663065134489,0.4562943209968631,0.47466212109719386,0.5683156823858293,0.5239124683949168,0.468461760176546,0.48642715812127507,0.7627921704104647,0.4438569881770043,0.5635937501043984,0.5054586183652403,0.491582523131694,0.5812356642016964,0.6180651708320957,0.5666176595576796,0.5349069367742066,0.5027809024258764,0.6575983968224907,0.4813459613348145,0.49172070484745045,0.534242999070034,0.5755635697088423,0.48102124586984335,0.5127160250603615,0.4951623679953961,0.5028476917192886,0.46685038140687624,0.5405098890008088,0.6398986091905325,0.5399129664459605,0.44509218381560584,0.5474797747071434,0.5440054331656341,0.5685690291935797,0.585161308747258,0.5315212769228099,0.46803521754487915,0.5742639060290122,0.48806564615327125,0.5336312852548539,0.7126033965722567,0.4605078729294891,0.7145074989849869,0.5233648630240582,0.5843502205234695,0.5500455876509897,0.5302823505906986,0.0,0.6092071509381499,0.598701909320848,0.5592708221432167,0.6886895369585923,0.48499033054251967,0.5039868155898816,0.5209951121870687,0.4810040329522452,0.5020372361348016,0.5192938942335913,0.47134382640198313,0.49235305938456825,0.5172307619752324,0.4552900320693519,0.5290608197570231,0.560224115309826,0.6193567940924718,0.8065023012617163,0.5142781043859739,0.5283506990497434,0.47996849895357835,0.5273646113348806,0.5551659388351705,0.4438476566297429,0.47617219154788204,0.5604509445437197,0.4247038216255488,0.5500246051463581,0.5571640782442403
MLT,0.6913599277885254,0.5339277706014671,0.5909519891458416,0.5466642813446562,0.5038633505031123,0.5221229832412387,0.6293390151344838,0.581275842809172,0.5747521692388914,0.6083785197916319,0.8155946660039892,0.5712966340283738,0.5261819285017545,0.5735987567555324,0.6271481523510889,0.6374848868073247,0.6802489022194653,0.6604710957500796,0.6202086725897558,0.5615918109637399,0.5999530811332437,0.5163680005076264,0.5258228860281202,0.5548090050899199,0.6566283087024121,0.515079200719291,0.5056299131785822,0.5444500721312321,0.5224196769209937,0.5111510871007524,0.5881915155875534,0.6460034597376709,0.5579935507275887,0.5334141765893212,0.6068437764554054,0.656976170068611,0.5385119960566856,0.5498354269618294,0.607936089202402,0.5167254647413653,0.6531702817958991,0.568708939231054,0.6680488003231495,0.7523197710029245,0.5705650749001544,0.7569126750051782,0.560863258884293,0.5662998365650526,0.5561168428050314,0.6108222319756111,0.6092071509381499,0.0,0.6722839819305212,0.5895593052903244,0.7444948834681052,0.5291553177275886,0.5523203301176886,0.5522842754511376,0.5993798944381837,0.611846032180176,0.5986851299138435,0.53383366622551,0.4902417823596794,0.6254467947670069,0.5470312393018317,0.5784228362996984,0.6157586852725699,0.600233803861154,0.7565431253482789,0.5390776020136531,0.5071257271054772,0.5296141382583638,0.5897418104159984,0.5858395737116875,0.525962939662263,0.5728261395614312,0.6518929246566538,0.5829773950920248,0.5966392719436423,0.6300728240539665
MMR,0.7091672121219347,0.5835249841807847,0.5328263282427587,0.5406062840440874,0.5932801534973428,0.6102884524559987,0.5187060844188582,0.5527900763985347,0.5117564369462121,0.6032168737286969,0.7762970068520071,0.5635504058236215,0.6632815660226615,0.6157868446048538,0.535375726652476,0.6747428856375988,0.6760517128708932,0.6158050193415558,0.6118349675178909,0.6146213003112992,0.6779847900667975,0.5895766995024045,0.6102618756651703,0.6170694526323515,0.6027973628644601,0.5816573620679953,0.6138621695320328,0.5871851582582304,0.6114937771826472,0.5887731665120435,0.6220373561584576,0.7628896756670723,0.6130531362088711,0.5632259202514861,0.5826000573910555,0.5965380919206371,0.629279404040319,0.6387415261753494,0.6625606332999239,0.5948361725298477,0.669305939793347,0.6023438783412086,0.6209414596059876,0.7223121985191185,0.587106733036456,0.7215821919617301,0.621978660726927,0.6740940084836189,0.636260489559605,0.60616973755994,0.598701909320848,0.6722839819305212,0.0,0.6628685129491664,0.7028718976127715,0.6167003175118978,0.5977116618863708,0.5633733081169638,0.40030986220379083,0.5703718298662711,0.6054259666564605,0.5865768434267571,0.6095694010095202,0.5786330268213675,0.6023444011160534,0.6030127430541777,0.6562155326987101,0.7070988735037208,0.8144951691713895,0.632060521945322,0.612399969264356,0.5920263242041998,0.5847008226441875,0.5620310436465711,0.5402424475438331,0.5986290292369536,0.5541819295712087,0.5811394981494695,0.5676782392029648,0.6377431698350324
MYS,0.654697238833799,0.5127823160151262,0.5617617488338533,0.5215075942020387,0.520740856620072,0.5629891030873445,0.6090156527122751,0.548298610446923,0.5446043799699147,0.5508540940402956,0.7440814846002559,0.5256667405138976,0.5942547996894898,0.5835606959794549,0.5815077816658678,0.6253023917908803,0.6212685042386291,0.6271640578107709,0.5925705660796691,0.5280653854134275,0.6351863671782519,0.5129989651267384,0.562906014789227,0.5641642729360394,0.617543570872203,0.5381477197432315,0.5457048226654584,0.5267148747903146,0.5422229448136796,0.5105582454688397,0.5923494767894346,0.6032144303668553,0.5797009387347477,0.5243616730466797,0.5344812175294542,0.596763789752374,0.570722489534624,0.5933840734887899,0.6021397275701335,0.550793530341881,0.5676357849178632,0.5712886235793129,0.5874334907196327,0.7258713854612312,0.575872755834705,0.6838050742860013,0.5607490468800793,0.5929971198112247,0.5905379613801026,0.577835132732361,0.5592708221432167,0.5895593052903244,0.6628685129491664,0.0,0.7222133841910259,0.5377063494053792,0.5431422381552025,0.5730470717218845,0.5563046981177289,0.5781763189547175,0.5334317006451449,0.5081558415129229,0.5251019690790699,0.5945966097729852,0.49893515564216084,0.5679068469484797,0.6085999182663938,0.638105589198248,0.7650984195809748,0.5162480880864644,0.5712250684178166,0.5470882045852002,0.5309054349021369,0.590161910678306,0.533905837353737,0.5462986394046121,0.5969236727193228,0.5460809068872708,0.561012175545239,0.5690098231255611
NGA,0.7393966624966688,0.7136848401683713,0.6786735999052063,0.6683634765571983,0.6818270447890372,0.6937557293691374,0.682074373564158,0.7151843332019232,0.6780942257237337,0.7021401944001305,0.8324834223539066,0.6610466123962306,0.7114682642164466,0.7057674103339056,0.7029672929030057,0.7373814806442526,0.7031742161642737,0.7355650092732954,0.6912788526393329,0.6655154569809909,0.7540074358386983,0.6888132316138761,0.7108223731012402,0.6909739186310456,0.7468327854133411,0.6920974767532736,0.6924046046016225,0.6965381158631017,0.7008920218456539,0.6691065711385165,0.7160134108615639,0.7274089153894797,0.7038179791300281,0.6775818186530056,0.6905840228057954,0.745837499145675,0.6985150317842197,0.7080166741897572,0.7211480218855236,0.6801952681960617,0.7490845233918134,0.7056932412376908,0.6767953159116457,0.8023245837876886,0.7204001392897615,0.7559285621429429,0.6849766040304596,0.7022416044542871,0.7026108065873607,0.7494747750128488,0.6886895369585923,0.7444948834681052,0.7028718976127715,0.7222133841910259,0.0,0.6871229479164329,0.6856621770501441,0.6540249210458051,0.6759876871567807,0.7089278792965314,0.6705410991532851,0.6768546624126017,0.6939821235595842,0.6924247292577191,0.7003111469778507,0.6635124016821384,0.7120178081882352,0.7638656457513004,0.8263840953395597,0.7169607346691885,0.6949678582202337,0.7003876240341808,0.7005275401219088,0.7179638210835715,0.6832327499055262,0.7085300448798548,0.7010828362212906,0.6612926294851305,0.7067051285062211,0.7189625563219189
NLD,0.61818017840767,0.47883575069479667,0.49086356367261214,0.4371565310672524,0.4031089401819348,0.3862038608596143,0.5714103101038219,0.5278950818709279,0.4940153443029494,0.5144100713238529,0.781470654956921,0.4147524321706257,0.49694904060939665,0.4829529677246764,0.5677763229318886,0.5897259239654338,0.6255689233757021,0.5767869681947987,0.5355742326421521,0.4777487381434726,0.5967859193896179,0.4264136620385067,0.3986033553152807,0.4298344091826785,0.5860781401785841,0.43078605521119945,0.4514452439122976,0.4363436765254851,0.3832289449117214,0.3592211440923713,0.5058776967650558,0.5625882321374286,0.49368193970270713,0.4291018031550884,0.5607989505325639,0.5921712735657839,0.48812295179040965,0.5175346426075373,0.45290355256441517,0.41392346794902973,0.5845667972165786,0.49257945827990823,0.5806862161320604,0.7250040978622536,0.48960663196101645,0.7372731686727579,0.5121246021494419,0.515430159733492,0.5180516223385673,0.576777192381352,0.48499033054251967,0.5291553177275886,0.6167003175118978,0.5377063494053792,0.6871229479164329,0.0,0.4173729363837721,0.45723388672427784,0.502614151466465,0.5118246384213065,0.5618353702752097,0.4241942897881313,0.4088728664240826,0.5518678132580728,0.4288919400191673,0.49798215768686194,0.5562531495819302,0.5621921515364154,0.7492429406374633,0.4645819705249233,0.44207281759074546,0.4447547948285305,0.5126609054937578,0.5674646571710247,0.4639983338925454,0.45955012861576916,0.5754211912194981,0.4075360102675637,0.5851582548623083,0.5584328150175976
NOR,0.6286508347045944,0.4794228178684215,0.510307299614973,0.45647113853060256,0.43354631933835286,0.47587817593319365,0.5269437922294122,0.5328777619091924,0.46431761237909985,0.549817508999499,0.7537334900723661,0.4503135969249511,0.5390728994975076,0.5169185116144627,0.5438191004063792,0.6136003442848489,0.6295474123536314,0.5643196638206437,0.5573908837960279,0.505928854084936,0.5784704706910199,0.46769547480925044,0.45734646411520663,0.4213138993503301,0.5721043890157045,0.4753954159597864,0.4480267913928044,0.45193692709855926,0.4870424433423511,0.4244088764023212,0.5210498704663681,0.5909339035451708,0.48761863049496507,0.4650935426454652,0.5507339467464841,0.5963554818018034,0.5155397111438274,0.5230780945689412,0.5423607744174551,0.4558652402983469,0.5783066475358238,0.5070845361249717,0.572140507382964,0.7200492012369869,0.49497730772295456,0.7299923254306312,0.5254688712643698,0.5745669829565953,0.5138235697570357,0.5911666402133667,0.5039868155898816,0.5523203301176886,0.5977116618863708,0.5431422381552025,0.6856621770501441,0.4173729363837721,0.0,0.4784636578490798,0.49004206389241023,0.5389961830965642,0.5510967262998522,0.4589676114846714,0.4792125209330697,0.555755972274251,0.44885300310568443,0.5150277627919959,0.5909175777709345,0.569655091620029,0.7649696681333122,0.5153092097394989,0.494310421866419,0.4406839146781867,0.523508693887178,0.5365459687140269,0.48118870661714247,0.4926527082337781,0.577864540806329,0.44814733190350153,0.5782713026679526,0.574457903862739
NZL,0.631883997279664,0.46959030297369025,0.48038651694297413,0.4134660200329671,0.40443917282101643,0.4623092054702737,0.5396376506773125,0.5110131292833573,0.47690132687524217,0.5167697790279614,0.7466239679036569,0.4381912870888737,0.5253055040351947,0.448042583944063,0.5393819970268687,0.5777188620063289,0.608861227464785,0.6032743510592087,0.5090595861894507,0.5153625919677322,0.6169754419708448,0.44777787896088794,0.4506657097892138,0.5121008434575305,0.5862430894023861,0.4547049220552915,0.4889906189086974,0.47371007133871756,0.444886747802973,0.4225107419756948,0.5317306932854933,0.630399171970032,0.47630634435296,0.4283046787752679,0.5620671570038916,0.5787169702388995,0.5131682081439214,0.5138670521115505,0.5390944109521677,0.45639524952286187,0.5791271454990163,0.5159768852599316,0.5594326689865773,0.7232996425036102,0.5057462380570773,0.6905769638616172,0.5058996534528742,0.5563535225176227,0.5323744522209918,0.5679709859855142,0.5209951121870687,0.5522842754511376,0.5633733081169638,0.5730470717218845,0.6540249210458051,0.45723388672427784,0.4784636578490798,0.0,0.46269861737622237,0.47665371835810705,0.5308491504462038,0.45886672532910294,0.45734735698621215,0.5188428447343733,0.46462529412740144,0.5426344075050308,0.5580704014843759,0.6017805386777836,0.7644192962753553,0.4888471018764606,0.4697652660979704,0.4510735081125556,0.5388450946394907,0.5411661194897615,0.45423501908689945,0.5147750705401447,0.5686162056075705,0.4385002526738893,0.5660469288077815,0.5347698887284847
PAK,0.6173721917707561,0.5184796274083471,0.4050286413358892,0.4414379070357713,0.4523393277491925,0.4992157840573394,0.4184985977937046,0.4296364491542412,0.3253191806009827,0.4790660875784262,0.7550617132553271,0.45013054223187365,0.5730862056161751,0.5062240040877016,0.43316428405984203,0.5935894890847112,0.6141429521605699,0.5649366770647644,0.5133483618844253,0.5207446896219092,0.6050240685707918,0.4464413232531257,0.491543047850186,0.5213557581344989,0.5000372349802422,0.46267754290548013,0.4947424331843221,0.47322149131268787,0.49678041133669765,0.4717692525736451,0.5043194635290673,0.6677420372282576,0.4815840968727485,0.4161115760726645,0.5222037864039297,0.5042089048942504,0.5440328279290108,0.5099201273400333,0.5837669695379833,0.48616898868359,0.5471456583416692,0.48758983633191444,0.5237414258220892,0.6834767602671964,0.4588174446084905,0.6465325585740713,0.4937174860884569,0.5941471629115023,0.515260121986742,0.497421649960928,0.4810040329522452,0.5993798944381837,0.40030986220379083,0.5563046981177289,0.6759876871567807,0.502614151466465,0.49004206389241023,0.46269861737622237,0.0,0.5000208767099431,0.4952708695445958,0.4493387824640419,0.4875514192520495,0.43739106977809666,0.44432657241213735,0.5243631924315817,0.5529241650002678,0.6241729551494704,0.7739307817411786,0.45253278109762296,0.5021203815516987,0.46118496441406964,0.480379607090002,0.49146893738934433,0.4144384718650271,0.48669035209688677,0.4662086271700841,0.4565887475332234,0.4562319576551838,0.5514208455440801
PER,0.642072758437436,0.4830251309852213,0.4709544785415646,0.4243075848983494,0.514569480309251,0.4992583142990178,0.5779853855417159,0.5354834708938891,0.4985671218020335,0.5255635078062687,0.7408516515525478,0.4609674364638218,0.5910682892322107,0.49399925199510186,0.5397349442588987,0.5690311124008883,0.5998377779003295,0.5544315187871893,0.5243354349788263,0.5430358598506347,0.6454322099337928,0.5132571292260587,0.5238400978549245,0.5596266246245228,0.5562559526309245,0.48927336351716744,0.5319793790452794,0.5222107520370597,0.5132571392814671,0.4836094745376155,0.5531048113973526,0.695473020274799,0.5444963582243223,0.4888044765959192,0.5531353331707207,0.5752298047011322,0.556285995405221,0.5699435478616838,0.5690574769108107,0.5062363918020385,0.5597969659560336,0.5288573456919662,0.5431310946455828,0.7081461661849341,0.5357603914423443,0.6901724541862807,0.548627997978853,0.5914329006784604,0.5775315574625541,0.5407808625943575,0.5020372361348016,0.611846032180176,0.5703718298662711,0.5781763189547175,0.7089278792965314,0.5118246384213065,0.5389961830965642,0.47665371835810705,0.5000208767099431,0.0,0.5628205187994989,0.5086759041572377,0.49764159188686263,0.5328426622996159,0.48833273062423255,0.5409785952209282,0.5612018461424932,0.6566528688962648,0.7891717969375945,0.5445862300404726,0.5433351502743813,0.5234006766507627,0.5254073594022358,0.5746402999474002,0.468722718090388,0.515002569442182,0.5719087278730011,0.48335206355672056,0.5740759419940041,0.5529155064000684
PHL,0.6344792414297459,0.515755504047827,0.537470900513637,0.5235148047786545,0.5165287713584559,0.5580387996791788,0.5899563037463155,0.5196490235376481,0.4887641110254852,0.5248783003440699,0.7353988246974342,0.5131885291379626,0.5853611494238138,0.5377392830599658,0.5261996686366452,0.582182100938917,0.6103295491973455,0.6607963719008507,0.5279328954707799,0.527973304320257,0.6466716099269255,0.5218855436793367,0.5558640097198059,0.5730538488709581,0.6182862142839766,0.5354672892737665,0.5491634911425476,0.5391020341091702,0.5571815481913719,0.5384399257900426,0.571888325599678,0.6332464085985888,0.5389126473925199,0.49171598798235133,0.5018831992825622,0.5641428321617581,0.5746456720284152,0.5932135164687335,0.6073944845706577,0.543115924319379,0.5843837368525996,0.5353802164911828,0.5878471641807271,0.749515613879636,0.5408192123477418,0.6629595623085067,0.5270207739869767,0.6229713266000131,0.589125074084705,0.5311235939950747,0.5192938942335913,0.5986851299138435,0.6054259666564605,0.5334317006451449,0.6705410991532851,0.5618353702752097,0.5510967262998522,0.5308491504462038,0.4952708695445958,0.5628205187994989,0.0,0.5057613519095955,0.5263378167077871,0.55233715969323,0.5138609807659328,0.5648904549443704,0.5806533018673684,0.637509487564277,0.7823025434609471,0.5254501851792525,0.5683175239148511,0.5276675910250985,0.5074417473149418,0.585321816824231,0.515710031719996,0.5423451777516914,0.5948205042176097,0.5473441692235411,0.5229649376961529,0.5593617873404594
POL,0.6408850724699257,0.4232828765744973,0.45892740271888344,0.4287288266282832,0.36163528135714906,0.42387533128647886,0.5567060932741902,0.43362118956105816,0.4354306388902554,0.4710235183301687,0.7640600715030792,0.41455306055129654,0.5026512135552897,0.4848698624414067,0.47172605317364324,0.5531859673865877,0.5912435862393646,0.5745774636853017,0.5255606008453103,0.45814973200783116,0.5944573533118082,0.3536336191529711,0.4117832708424414,0.4819413209532345,0.5630404436383201,0.3782590961907226,0.4359165775343057,0.39027545084273246,0.4073457935458814,0.412250324836375,0.49107072713653743,0.5994590829949185,0.45792919646883573,0.3644811906987239,0.5009721807671682,0.5368999515323711,0.4877935117859882,0.5215182141464297,0.5262600118957462,0.39361334847133106,0.5537223562890451,0.4297446976771825,0.5679890720466444,0.6856590149131122,0.44742910186171153,0.6852195330256916,0.43372504213073504,0.537747379193546,0.46642647554938144,0.5078684350662382,0.47134382640198313,0.53383366622551,0.5865768434267571,0.5081558415129229,0.6768546624126017,0.4241942897881313,0.4589676114846714,0.45886672532910294,0.4493387824640419,0.5086759041572377,0.5057613519095955,0.0,0.40608806908614214,0.47573160192332026,0.400939015149285,0.5279038342298644,0.5346879366485546,0.5829711650167576,0.7696986219029851,0.3701610681229012,0.39956205002494743,0.39494368865563495,0.4708297304815401,0.5052581637787531,0.389459985294075,0.4289339087108534,0.4912060021010618,0.4412405664586791,0.5178487830141997,0.5217051270235732
PRT,0.6344373076698677,0.4516814100573906,0.472401142241289,0.4524583068573265,0.36714036067669664,0.37264140658001876,0.5591943691521206,0.47300895299499535,0.48910299134481827,0.4914627745453847,0.7630436878767299,0.43988516896869756,0.45943707324540645,0.4816327447835162,0.5474354615530115,0.5664469413492264,0.6106272519985795,0.5775827551467004,0.5153557316266123,0.48375062920290635,0.5782672085230827,0.39993307054003674,0.43402659889320605,0.47768090462729695,0.5817550521480966,0.3898616637183113,0.4656929282736527,0.41096043392655124,0.4029687214444103,0.41538991273176296,0.5007954628300666,0.5888918906402253,0.48285659977233975,0.4088494312203497,0.5268269989905641,0.5803785920175086,0.4760287747201743,0.518198256880566,0.5013148595763495,0.4163481876828424,0.5805724682081029,0.4616834180281764,0.5951739556327558,0.6932364322361031,0.4728393690453936,0.7107031447324644,0.47746661169939164,0.5041861751852987,0.4807145301360941,0.5178588985377084,0.49235305938456825,0.4902417823596794,0.6095694010095202,0.5251019690790699,0.6939821235595842,0.4088728664240826,0.4792125209330697,0.45734735698621215,0.4875514192520495,0.49764159188686263,0.5263378167077871,0.40608806908614214,0.0,0.5329726836161298,0.45845992916628936,0.4935269421598311,0.521348941883668,0.5765072885650101,0.7445484653341857,0.43279635134756445,0.41454980734593866,0.43397216690401613,0.4987890353151276,0.5315512603518836,0.4147102488977709,0.4587561130548529,0.5626344318083522,0.46251068490865777,0.5484026617922745,0.5398189668379952
ROU,0.6639699454184572,0.5373589547802295,0.4708750023452125,0.4880130370595963,0.4994380786539521,0.5398290998503018,0.5585080040408147,0.5020671002668375,0.44275490512956,0.5355710016272455,0.7789095585491619,0.5192473008497699,0.6021660493990687,0.5488508462028475,0.46866868484497615,0.6235777294770346,0.6147269923711789,0.5553518361017704,0.5580883870322418,0.5749574165190595,0.6678578133366454,0.4651361682187276,0.5301689302081332,0.5853721977872021,0.5596689126180624,0.5004000727672796,0.5161322050408574,0.5246277721681241,0.5336590213266683,0.5122768806624295,0.564478929424208,0.6979712784281856,0.5232910341472158,0.4843775414768353,0.5591488813324208,0.5599793846453973,0.5693027309722757,0.5912506119583884,0.6224883886256192,0.5203480087925466,0.5823037966856446,0.5159076226031475,0.6005375460897906,0.6855452257616472,0.5142062023338008,0.6817642651006406,0.5175361053446537,0.6273341593158919,0.5366509542361828,0.5516053242891471,0.5172307619752324,0.6254467947670069,0.5786330268213675,0.5945966097729852,0.6924247292577191,0.5518678132580728,0.555755972274251,0.5188428447343733,0.43739106977809666,0.5328426622996159,0.55233715969323,0.47573160192332026,0.5329726836161298,0.0,0.48936605887259155,0.579893204338519,0.5727117627665798,0.6614350218083178,0.7974277877308124,0.4551915855548653,0.5207611182084689,0.5373138268076783,0.5235466968452331,0.53668426709972,0.4666703155972465,0.5371450010279586,0.5411961602215966,0.5264982603097385,0.5102198412852285,0.5899588777720894
RUS,0.6018296843369825,0.4160743136834434,0.451813669952813,0.43441085019127323,0.4094060824483959,0.44708737181346997,0.5268858351102396,0.45727659327535103,0.40575727107726545,0.4848882956748768,0.7430704893209502,0.41423568446804937,0.5427750244204749,0.4931735815614629,0.49174910423081597,0.5800920202089034,0.597234380442362,0.5608309043246478,0.5427592410899863,0.49586249700318846,0.6047509346696447,0.4264982916917888,0.45329883016414535,0.49689318026691937,0.5425060350266571,0.43317326939047324,0.44254981113007014,0.4577073512537361,0.4680562218099899,0.4254331915318609,0.49953486686746346,0.6157163134177412,0.45177793121633103,0.40072589708794754,0.5114939145551802,0.518176638257074,0.5451784669989284,0.5292940460281913,0.5415035451641326,0.43852841771763157,0.506017059933505,0.4723712719283315,0.5002949829023613,0.6987635750610649,0.4689730357803044,0.6770351815042335,0.48193407809374983,0.5547430656499547,0.4882847521641323,0.5277785823036717,0.4552900320693519,0.5470312393018317,0.6023444011160534,0.49893515564216084,0.7003111469778507,0.4288919400191673,0.44885300310568443,0.46462529412740144,0.44432657241213735,0.48833273062423255,0.5138609807659328,0.400939015149285,0.45845992916628936,0.48936605887259155,0.0,0.538873643042145,0.5486706939489437,0.582376777774666,0.7475434638107225,0.4067724108764714,0.4905678366948158,0.4439450590603654,0.47104945215305855,0.5172324625188796,0.4206063205559651,0.4564889067309786,0.5252845912518307,0.43531379491460304,0.5228523154932812,0.5392770384934287
SAU,0.6636470406180087,0.5405896194972994,0.49592510882525276,0.4768777005842647,0.502793729271538,0.4964502063828186,0.5725130122989475,0.5492902072553428,0.5466789264087608,0.5302648877744954,0.7888393432864256,0.5142966114358506,0.563761007966971,0.5821421891273394,0.5710749523203471,0.6422863004986781,0.6325164908435466,0.5535558094631927,0.5564571343296717,0.5337495219139613,0.613289818235161,0.5291880392136319,0.5288914292228074,0.5307233184185479,0.564467249938637,0.4239766954687534,0.5313439165430932,0.5359454333985095,0.5371086831036116,0.5034584243306688,0.5706233571751036,0.6093720459166905,0.5618940083765659,0.5210470070068131,0.5588771512665378,0.5974468643429375,0.5588647356288092,0.5476213505859472,0.5717240967001104,0.50601959612749,0.5985834970525491,0.532454946376052,0.5616489796755876,0.7158295645520965,0.5381249605481041,0.7305487610502757,0.5641733683149271,0.5762022771227758,0.5772757864497522,0.5858240107466814,0.5290608197570231,0.5784228362996984,0.6030127430541777,0.5679068469484797,0.6635124016821384,0.49798215768686194,0.5150277627919959,0.5426344075050308,0.5243631924315817,0.5409785952209282,0.5648904549443704,0.5279038342298644,0.4935269421598311,0.579893204338519,0.538873643042145,0.0,0.5981333696525022,0.6575406405103746,0.7580992923417372,0.547782255560447,0.5556446442464236,0.5357177609751479,0.5540235257803153,0.581445656295163,0.4989396315103664,0.5317739174628721,0.5811148007192579,0.5053529971106172,0.5769737439021284,0.5637671689560854
SEN,0.6841780987179785,0.6021586425918998,0.5459540131747379,0.5448337438788591,0.5344905502811818,0.5278497369466166,0.6178957381142224,0.5731005454092633,0.5761744563431622,0.5724623587949542,0.7778405825086804,0.5323166660438055,0.5960820555593259,0.555119567455574,0.5994362498718915,0.5853630540243807,0.5905932031494229,0.6347530486300466,0.5682011213556473,0.531881994256016,0.6747663126072357,0.5316775132326925,0.571000380832857,0.5946915042244023,0.631240185867843,0.5287610208211262,0.5714869222724753,0.5407068005805411,0.5412110959394966,0.5445810613803139,0.578367274287892,0.6905709066979496,0.5702285327466458,0.5186491284672085,0.6137485057237985,0.6115811331451829,0.6159536308131364,0.6167042725776269,0.6032402089563095,0.553915636205507,0.6106509000842275,0.5625437451081582,0.6157469356511214,0.7172787059932133,0.5627532038393112,0.7449557284752604,0.5357974762520222,0.6259021042146642,0.555091924174621,0.5782167206854176,0.560224115309826,0.6157586852725699,0.6562155326987101,0.6085999182663938,0.7120178081882352,0.5562531495819302,0.5909175777709345,0.5580704014843759,0.5529241650002678,0.5612018461424932,0.5806533018673684,0.5346879366485546,0.521348941883668,0.5727117627665798,0.5486706939489437,0.5981333696525022,0.0,0.6657946409739477,0.7606648140986946,0.5475038526921195,0.5655247471477017,0.5481190868697643,0.5839156934679298,0.5725537629079985,0.5387797582500979,0.5724171659273668,0.6129133891698999,0.5505665529262571,0.6188043623762897,0.5796917447782214
SGP,0.7155468871452181,0.5635925233283491,0.6356269662258586,0.6094312493237273,0.5734202013437613,0.5313733097974225,0.6718025956995993,0.6376082973181348,0.595783016483134,0.6383156894858217,0.7966052378141021,0.60869837112301,0.5606218953404564,0.6228289496793311,0.6436156888443638,0.6800046963159018,0.7179514314546019,0.7136075214384516,0.6546713180922538,0.5971269737001415,0.6562828525016817,0.5982576827170777,0.5610680403563252,0.5621653238673687,0.6627067391383038,0.5828449909676194,0.6066959982007873,0.5661868535718906,0.5749037281620053,0.5512420313056108,0.593835009422026,0.5895928198345665,0.6106188176081243,0.5879756079046816,0.6411186281301016,0.6863105797642842,0.595061269623759,0.6128734712657201,0.5902413575283909,0.5760953077359039,0.665198189925342,0.6066749419924612,0.7060075704998148,0.7738857385675647,0.5770579044188688,0.7862768198396649,0.6310312560337743,0.6386991639908658,0.6152160658309389,0.6875078121841846,0.6193567940924718,0.600233803861154,0.7070988735037208,0.638105589198248,0.7638656457513004,0.5621921515364154,0.569655091620029,0.6017805386777836,0.6241729551494704,0.6566528688962648,0.637509487564277,0.5829711650167576,0.5765072885650101,0.6614350218083178,0.582376777774666,0.6575406405103746,0.6657946409739477,0.0,0.821838026694042,0.6179080560043166,0.6109464608565588,0.5820959280365353,0.6173759878160896,0.6615425714093538,0.5886836432464593,0.5729269786492962,0.6602117162460102,0.5880780283103206,0.6588617247217391,0.6727255055187058
STP,0.815978851662596,0.7861690745610211,0.772481172931506,0.7485127046296236,0.7513325723655909,0.7673005713760404,0.7625294974847288,0.7592581635438735,0.7726120096853428,0.7855679299467204,0.858865544690909,0.7527092371396413,0.7888424881346945,0.7795099979341793,0.8056255657724611,0.8221139965557596,0.8053892381788662,0.7844687425526649,0.7801394288351452,0.7560770615762236,0.7496664771633232,0.7541166333355813,0.7843391895534163,0.7767381692052354,0.8076655299036424,0.7596397280334579,0.7632184201068071,0.765111902071679,0.7700836777355506,0.7383982771114181,0.7819102698226893,0.7728135039616978,0.7644322121004512,0.741852957892994,0.7782113644195173,0.789707545309214,0.7304343778402647,0.7103303438218959,0.7795094074675548,0.7672249854041379,0.779571674553249,0.7695849672363498,0.7774063693650306,0.8310999099926103,0.7959831806190558,0.8107698977273574,0.7517102242038428,0.7664519643260969,0.746512739985039,0.7931083932072944,0.8065023012617163,0.7565431253482789,0.8144951691713895,0.7650984195809748,0.8263840953395597,0.7492429406374633,0.7649696681333122,0.7644192962753553,0.7739307817411786,0.7891717969375945,0.7823025434609471,0.7696986219029851,0.7445484653341857,0.7974277877308124,0.7475434638107225,0.7580992923417372,0.7606648140986946,0.821838026694042,0.0,0.7567448407633914,0.7652681545763719,0.7686387202450414,0.7604955997536027,0.7560711094395123,0.744052777015535,0.7730572161034075,0.7831898605567978,0.7785071195534183,0.8031197510769773,0.7721157653392479
SVK,0.6378365751124935,0.47619482320884693,0.4806462250277709,0.46901679565285775,0.40364536156380915,0.47254024327266175,0.5708996398785959,0.43735993051603167,0.4528878634056438,0.4954154750761885,0.7778274943309652,0.47340103225560826,0.5399996292645005,0.5175763512652768,0.5082495476911757,0.58864091657055,0.6225662020565289,0.5764373865602038,0.5594669709028509,0.5088488416522481,0.6216610070816068,0.3706201821355578,0.45892306465234517,0.5323674648548629,0.5604716459255118,0.41489309830286425,0.46305126081663694,0.4587759850283156,0.4413403480153123,0.44283978381045186,0.5351131968226164,0.622325151124142,0.4715477999623768,0.4090470569851214,0.5462345357169808,0.5642085542459343,0.5068615639033855,0.5199838932484104,0.5825666559941975,0.44379565313881036,0.5548970456379827,0.4778931301085601,0.582081744919521,0.6714716332769279,0.5016460763094248,0.6764272687883696,0.45466815214441264,0.5683912083617532,0.47795546875887873,0.5231159729943484,0.5142781043859739,0.5390776020136531,0.632060521945322,0.5162480880864644,0.7169607346691885,0.4645819705249233,0.5153092097394989,0.4888471018764606,0.45253278109762296,0.5445862300404726,0.5254501851792525,0.3701610681229012,0.43279635134756445,0.4551915855548653,0.4067724108764714,0.547782255560447,0.5475038526921195,0.6179080560043166,0.7567448407633914,0.0,0.4467922006148942,0.46167182150340647,0.4905273232024709,0.5300018749289437,0.42138408998526344,0.4854920758605995,0.5242625857059862,0.5021317215158768,0.502354904673646,0.5418717726809524
SVN,0.6710743233738427,0.4939852277157086,0.49830185901694324,0.463265075850169,0.40308447304421724,0.44224562008316043,0.5560413337092035,0.4994046790253364,0.5071257444477164,0.541447636158185,0.8051479219190466,0.46290137742046683,0.48420296734587176,0.5048261820266641,0.5432919955281247,0.5903889985926538,0.64006703639658,0.590215105293213,0.5604476213655472,0.5098902473376354,0.6096873827024193,0.39560177513155476,0.4228248080522548,0.5087183401591338,0.6019045640547578,0.4152220932396082,0.4571008569670116,0.429131618917542,0.4055717642315739,0.4063793611353319,0.5193214462835459,0.6182889562871503,0.4892879632879751,0.42943399526532394,0.5776416515594902,0.5984623055452175,0.4715624270252972,0.5231523271742896,0.5436425360521452,0.4303023149760564,0.6199116334498624,0.48519251971198224,0.6192000310565015,0.7069841472222846,0.48791313853471824,0.7391975613697126,0.4893262130169505,0.5312249460247359,0.47926561879438445,0.5628893718191135,0.5283506990497434,0.5071257271054772,0.612399969264356,0.5712250684178166,0.6949678582202337,0.44207281759074546,0.494310421866419,0.4697652660979704,0.5021203815516987,0.5433351502743813,0.5683175239148511,0.39956205002494743,0.41454980734593866,0.5207611182084689,0.4905678366948158,0.5556446442464236,0.5655247471477017,0.6109464608565588,0.7652681545763719,0.4467922006148942,0.0,0.44012836639200104,0.5423659650702477,0.5210696882095357,0.4352106634773951,0.49793733952013697,0.573267051839646,0.4751211694648668,0.578167335905144,0.5801558087760322
SWE,0.6630271928352924,0.4520131820118838,0.480985412195574,0.4428408743071645,0.37838716242935627,0.4173021440652944,0.5624792264780109,0.4713485104004986,0.48263373158098355,0.5027651397154744,0.7650735130877518,0.4035471429991809,0.49783780414751017,0.4630697770138612,0.51432763897904,0.5588666813418346,0.62190841001353,0.5955294625095802,0.5476096642848876,0.48726679247782373,0.6116699557701717,0.39334940848641137,0.39874090655713756,0.4722157251158029,0.5850662636307441,0.41726357347635523,0.44495896509640226,0.3738866672998496,0.42545816110737933,0.434419590318863,0.490604567595263,0.6225138500856133,0.47816896115616214,0.38109368239598507,0.5566364792576559,0.5703564322818292,0.5008539172241386,0.5324498087075278,0.5245001099599701,0.4023027863996787,0.5740010424585591,0.4410400916799252,0.5918551048335264,0.707176584695166,0.44552265290591975,0.7282713152731954,0.4847066559648643,0.5534233512600328,0.4686129678481682,0.5342168438238353,0.47996849895357835,0.5296141382583638,0.5920263242041998,0.5470882045852002,0.7003876240341808,0.4447547948285305,0.4406839146781867,0.4510735081125556,0.46118496441406964,0.5234006766507627,0.5276675910250985,0.39494368865563495,0.43397216690401613,0.5373138268076783,0.4439450590603654,0.5357177609751479,0.5481190868697643,0.5820959280365353,0.7686387202450414,0.46167182150340647,0.44012836639200104,0.0,0.5310484971403463,0.5307281101152498,0.42198657571647913,0.46800896890926563,0.552703463872101,0.426629928460723,0.571902682520686,0.5297582340872549
THA,0.6606879150945526,0.4858181499297908,0.505152397659843,0.5016512694179588,0.48562082755437386,0.5203279638864136,0.5959102346208128,0.4993216074466911,0.4345780771695659,0.4963961396747389,0.7513088480253993,0.48860793046088685,0.5886635173483464,0.546584757320405,0.49636422919547735,0.5969971630808516,0.6029075874210315,0.5908513200514762,0.5230494525449944,0.5201638613879311,0.6221945186080361,0.5136904314553885,0.5229288592250281,0.5293242126308857,0.5679483121680249,0.4660294504253419,0.5393307506618435,0.5169039939940124,0.5160904547238419,0.4978440825354344,0.5356631610668909,0.662729709565096,0.511201845209514,0.4844082861487394,0.4708803944187488,0.5422442668208561,0.545814713119643,0.558735074555906,0.5760358639805832,0.49930385720498816,0.5468080646323311,0.48663205986295355,0.599431452191006,0.7356211908169324,0.4795367084765292,0.6981868810676044,0.5279385615967392,0.5885165325915783,0.5770277623393744,0.5340370004846208,0.5273646113348806,0.5897418104159984,0.5847008226441875,0.5309054349021369,0.7005275401219088,0.5126609054937578,0.523508693887178,0.5388450946394907,0.480379607090002,0.5254073594022358,0.5074417473149418,0.4708297304815401,0.4987890353151276,0.5235466968452331,0.47104945215305855,0.5540235257803153,0.5839156934679298,0.6173759878160896,0.7604955997536027,0.4905273232024709,0.5423659650702477,0.5310484971403463,0.0,0.5576000730846828,0.46970126833943215,0.4646647265154782,0.5627200894275944,0.5194984271110157,0.5086684420002198,0.5820162204988907
TUN,0.6618893390952968,0.5320316914803527,0.5211517707804196,0.5175578202907339,0.5101949009329205,0.5306765287813543,0.5562162548004054,0.5186744946193581,0.5094228914943592,0.5428166364585004,0.7801681446639052,0.5125196312010246,0.5879363714104466,0.5831838140042421,0.5137873911589752,0.6275254470029197,0.605763401144099,0.5823864569064048,0.6010213836578369,0.5740929553428984,0.6353138189195789,0.50764270503979,0.5403529975944626,0.572760696194843,0.5848463977401797,0.508989577637282,0.5429421729844262,0.5219713417402028,0.5473759770290139,0.5220265154504751,0.5785581282688446,0.6903160847405141,0.5318550702519567,0.49033257505484024,0.5679618666695203,0.5706822826361304,0.5913888666526923,0.5643508579419794,0.6125383907280638,0.5198478114191507,0.6049360433641312,0.5443642343306798,0.5989865731421488,0.6901227260678399,0.530209260353513,0.7002491489290489,0.5446708411903127,0.616659416636668,0.566738639244252,0.5662131906311353,0.5551659388351705,0.5858395737116875,0.5620310436465711,0.590161910678306,0.7179638210835715,0.5674646571710247,0.5365459687140269,0.5411661194897615,0.49146893738934433,0.5746402999474002,0.585321816824231,0.5052581637787531,0.5315512603518836,0.53668426709972,0.5172324625188796,0.581445656295163,0.5725537629079985,0.6615425714093538,0.7560711094395123,0.5300018749289437,0.5210696882095357,0.5307281101152498,0.5576000730846828,0.0,0.4746586072778311,0.5635139173013353,0.5455189833695935,0.533567638105299,0.5896230471605762,0.585020824948228
TUR,0.6381189043575008,0.44015543695672416,0.40186895204140516,0.408366419618105,0.39615998884296666,0.42171446761426556,0.49617982384305304,0.4406524966118707,0.4173477071651416,0.4410712946814445,0.7611576726724784,0.41494054807090514,0.5222738124350741,0.48522413347488286,0.4519418884168465,0.5599023883429446,0.5878631268500673,0.5186699205271889,0.5093634506795074,0.4758269867688004,0.5920249713210242,0.39485767014896056,0.43627749715685576,0.5096787568109494,0.4798681481736861,0.3772913151895217,0.45092898392867103,0.4277218796457822,0.4473065147409903,0.40919791241034575,0.49613336561909027,0.6453622725557593,0.4803514814377633,0.3982411368636494,0.5198999054422361,0.513931129078499,0.49608889831646835,0.5020389510711418,0.538086119014572,0.4077556117539691,0.5532833157209562,0.4350399176142099,0.5447598537662467,0.6617508157717359,0.4265572922685157,0.6972698665202992,0.457417317864541,0.5462541253216749,0.4648880951725545,0.4788019493179384,0.4438476566297429,0.525962939662263,0.5402424475438331,0.533905837353737,0.6832327499055262,0.4639983338925454,0.48118870661714247,0.45423501908689945,0.4144384718650271,0.468722718090388,0.515710031719996,0.389459985294075,0.4147102488977709,0.4666703155972465,0.4206063205559651,0.4989396315103664,0.5387797582500979,0.5886836432464593,0.744052777015535,0.42138408998526344,0.4352106634773951,0.42198657571647913,0.46970126833943215,0.4746586072778311,0.0,0.4401438356029688,0.49135360939288875,0.4496930446693271,0.5129876566446652,0.5179589041773188
TWN,0.6565321788015717,0.43891747705333606,0.4828430584989277,0.49068918486251556,0.45390079404249534,0.4684305628718166,0.5909435552837907,0.505160893976424,0.446032655972256,0.4756711055241355,0.7669449706507281,0.4540705537295263,0.5500555965495119,0.5159773331030287,0.4710976348617981,0.5905631065561486,0.6418962198583007,0.5912589045362373,0.5398944948924935,0.490780227927315,0.6296398894983155,0.461890084130903,0.443808051898092,0.518852096610106,0.5378602463690304,0.43175052579297585,0.5067531414073383,0.42746079692653466,0.46378336738732256,0.44522839973024453,0.5064096664782224,0.630166392811533,0.5139437475200324,0.4492155489951807,0.5180203973295611,0.559629974653561,0.5353580664692686,0.547138325257083,0.5255030879523422,0.44758256636268295,0.5529325154140209,0.43433447373218576,0.6154229831526884,0.7148224053527136,0.3888633074894615,0.7221252906312612,0.5225345651805918,0.5841901732910711,0.5596953618470596,0.5359154541379081,0.47617219154788204,0.5728261395614312,0.5986290292369536,0.5462986394046121,0.7085300448798548,0.45955012861576916,0.4926527082337781,0.5147750705401447,0.48669035209688677,0.515002569442182,0.5423451777516914,0.4289339087108534,0.4587561130548529,0.5371450010279586,0.4564889067309786,0.5317739174628721,0.5724171659273668,0.5729269786492962,0.7730572161034075,0.4854920758605995,0.49793733952013697,0.46800896890926563,0.4646647265154782,0.5635139173013353,0.4401438356029688,0.0,0.5456838540061989,0.4560379015751556,0.5416982059178315,0.5422080632820961
UKR,0.6969320730440082,0.5604517444933184,0.5044534617301704,0.5240463934721509,0.5257838190751076,0.5738193864501215,0.5728703501544179,0.523689152689033,0.5054974002432363,0.5670461704433535,0.7830318727392352,0.5305747777667725,0.6240878955399083,0.5923524606247217,0.5128643664540914,0.6588026711388494,0.6479046466311987,0.5911859794779767,0.6041315928093197,0.5686708717825895,0.6636931617691177,0.5100980741762118,0.5691138691527363,0.5987472375098652,0.563113776201021,0.5430732619537941,0.5581182280958966,0.5397419967963009,0.5682754701648022,0.5567015506531267,0.6075171785298106,0.6973107883515449,0.593751937942682,0.5270114904745657,0.5589061371129119,0.5846356072043122,0.6043497310941466,0.6064786068367882,0.6260562095974807,0.5582344799353197,0.5885497715599456,0.5625529879022543,0.5783372806900002,0.640273100728117,0.5634431271439203,0.6854628532765593,0.5442948253077123,0.6514573549186526,0.5533774631856645,0.5827096421643091,0.5604509445437197,0.6518929246566538,0.5541819295712087,0.5969236727193228,0.7010828362212906,0.5754211912194981,0.577864540806329,0.5686162056075705,0.4662086271700841,0.5719087278730011,0.5948205042176097,0.4912060021010618,0.5626344318083522,0.5411961602215966,0.5252845912518307,0.5811148007192579,0.6129133891698999,0.6602117162460102,0.7831898605567978,0.5242625857059862,0.573267051839646,0.552703463872101,0.5627200894275944,0.5455189833695935,0.49135360939288875,0.5456838540061989,0.0,0.5535212302112934,0.5655140395293986,0.584890501936063
USA,0.6333053956672888,0.4613508480837147,0.4233628337198673,0.41813554495613525,0.41227743087989543,0.4303494894713034,0.544552247957016,0.5213965073591966,0.4791595388207615,0.4873452309442437,0.7622545939877513,0.3649189243405958,0.5313605416467354,0.4721255961525661,0.5066242572090924,0.5839766264539187,0.6112989017968555,0.5689689410458122,0.5136864675830272,0.5077656310634858,0.6311471507698545,0.4418128056121092,0.41308572426335194,0.4793967757086608,0.5628270605196637,0.4479300884842659,0.49536215934227434,0.43890067752169143,0.4322113049287438,0.39651531120444866,0.4927721838388484,0.6221471587881946,0.5006765927615761,0.40710969027059646,0.5527750015064469,0.5604462489254731,0.5111007594770576,0.5304977436281025,0.4840430710163664,0.4230797296157459,0.569772941519692,0.47470372542391215,0.5481883904268294,0.7252880306691962,0.45373750555557246,0.7327887429008578,0.5273949791008188,0.5606833599934005,0.5447608941667479,0.5530138779659158,0.4247038216255488,0.5829773950920248,0.5811394981494695,0.5460809068872708,0.6612926294851305,0.4075360102675637,0.44814733190350153,0.4385002526738893,0.4565887475332234,0.48335206355672056,0.5473441692235411,0.4412405664586791,0.46251068490865777,0.5264982603097385,0.43531379491460304,0.5053529971106172,0.5505665529262571,0.5880780283103206,0.7785071195534183,0.5021317215158768,0.4751211694648668,0.426629928460723,0.5194984271110157,0.533567638105299,0.4496930446693271,0.4560379015751556,0.5535212302112934,0.0,0.5634962612184531,0.5212590757090528
VNM,0.6651893744470058,0.543235625739521,0.4987185419019529,0.5595773925260277,0.5463088795208866,0.5877349900216807,0.5510319551286541,0.5532786771664496,0.48250842607319055,0.5512693751268484,0.7569627497456056,0.5534866206665776,0.6179578802332476,0.5816175875948095,0.4902847634491051,0.6298374921043749,0.6283728106878538,0.6334596503794869,0.5509024977014565,0.5720764300562191,0.6649294495092285,0.5185698270031246,0.582834541196977,0.5964975169365643,0.5818059483906112,0.5507723119856827,0.5410545458888102,0.5515954355724375,0.5912577833523941,0.5486232005595377,0.6057538920804441,0.6995832291990444,0.5525258375029535,0.5328780690306797,0.5293054235888274,0.5857122588854112,0.5802553017180178,0.6117130370805435,0.6457793930409241,0.5728130457769203,0.5936295566514035,0.5452547194576087,0.6099183658237592,0.709658829990592,0.5475672409209793,0.6589467125232199,0.5440970939848869,0.6619063673578081,0.6066814964903092,0.5662395130515049,0.5500246051463581,0.5966392719436423,0.5676782392029648,0.561012175545239,0.7067051285062211,0.5851582548623083,0.5782713026679526,0.5660469288077815,0.4562319576551838,0.5740759419940041,0.5229649376961529,0.5178487830141997,0.5484026617922745,0.5102198412852285,0.5228523154932812,0.5769737439021284,0.6188043623762897,0.6588617247217391,0.8031197510769773,0.502354904673646,0.578167335905144,0.571902682520686,0.5086684420002198,0.5896230471605762,0.5129876566446652,0.5416982059178315,0.5655140395293986,0.5634962612184531,0.0,0.6194338807435014
ZAF,0.6812019256778996,0.5559488883726916,0.5234022896381962,0.5003801540701649,0.5314144832799573,0.5602840317214808,0.6370851145543078,0.5548293067242633,0.5636706047375459,0.5384180246635258,0.7438634361642689,0.5023797227587651,0.6308689214669178,0.5505780540237404,0.5447636491023972,0.6265129957216163,0.6345404924506515,0.6340898598679765,0.55934755808605,0.5636942581558168,0.6697515506514703,0.523305104505239,0.563008365836842,0.6070116394568129,0.6018470453196445,0.5271888017289419,0.5978038815811653,0.5377376627335138,0.5570920406655195,0.5563773023528498,0.5932148825396216,0.6808327488793368,0.5748586341593052,0.5036671038364712,0.5780512419468192,0.5781030298554174,0.5981473412524897,0.6114428866530538,0.611759339180214,0.5403488003638003,0.5848281014302581,0.5394281583328085,0.605004704341916,0.72123667216042,0.5577910598525414,0.6912138037384621,0.5665181149890975,0.6294373109436632,0.6031202582853132,0.569147425218154,0.5571640782442403,0.6300728240539665,0.6377431698350324,0.5690098231255611,0.7189625563219189,0.5584328150175976,0.574457903862739,0.5347698887284847,0.5514208455440801,0.5529155064000684,0.5593617873404594,0.5217051270235732,0.5398189668379952,0.5899588777720894,0.5392770384934287,0.5637671689560854,0.5796917447782214,0.6727255055187058,0.7721157653392479,0.5418717726809524,0.5801558087760322,0.5297582340872549,0.5820162204988907,0.585020824948228,0.5179589041773188,0.5422080632820961,0.584890501936063,0.5212590757090528,0.6194338807435014,0.0
