,AGO,ARE,ARG,AUS,AUT,BEL,BGD,BGR,BLR,BRA,BRN,CAN,CHE,CHL,CHN,CIV,CMR,COD,COL,CRI,CYP,CZE,DEU,DNK,EGY,ESP,EST,FIN,FRA,GBR,GRC,HKG,HRV,HUN,IDN,IND,IRL,ISL,ISR,ITA,JOR,JPN,KAZ,KHM,KOR,LAO,LTU,LUX,LVA,MAR,MEX,MLT,MMR,MYS,NGA,NLD,NOR,NZL,PAK,PER,PHL,POL,PRT,ROU,RUS,SAU,SEN,SGP,STP,SVK,SVN,SWE,THA,TUN,TUR,TWN,UKR,USA,VNM,ZAF
AGO,0.0,0.5928692376201365,0.6324115573854809,0.648258315429762,0.6463226000862454,0.6605506255678257,0.6899133494236767,0.6631840078140158,0.6250646541410422,0.6246866392357678,0.748748172434415,0.6340366621454553,0.6643418330906382,0.6451363218062095,0.6594106647291131,0.6734247938647057,0.6774893237461898,0.6958764371155303,0.6806843956161263,0.6792565948205743,0.7425103610558357,0.6412206378798403,0.677422454932344,0.6652500312272434,0.688317351806249,0.6607802839452507,0.6541549637956806,0.66807178207712,0.6500361039300995,0.6346711213905356,0.6607840189469641,0.737515074189677,0.6368280965172064,0.6147798281781309,0.638254183928905,0.6913793844276762,0.7121765164443296,0.6675609113865163,0.6935048531664733,0.6567792143210783,0.6834443971379701,0.6757735544531217,0.7182127825248406,0.7808307870485299,0.6787169482806392,0.693889152501071,0.6533213272344174,0.7070501010786604,0.7182600411650097,0.6589628106006881,0.6619924224498979,0.7296565850133573,0.7029243964449543,0.6637098881812761,0.750989505988161,0.6415170170441693,0.653878108651377,0.6343593391802145,0.6238803874223615,0.6739686515553736,0.6049643829333983,0.6352065405885037,0.637668214248422,0.6450140636139512,0.6068707885496882,0.7289094659172366,0.693196084781172,0.6991523390494601,0.8358617733384675,0.647718317282745,0.6663055943793447,0.6613012842219466,0.652691542167672,0.6645770640994281,0.6714211092953289,0.6348513284748273,0.6810433941084244,0.6550152066692468,0.6791363366450596,0.6688546352162965
ARE,0.5928692376201365,0.0,0.5097025679725372,0.4587017672839429,0.442365838181811,0.45910218334016356,0.5745421555550797,0.5069731015542615,0.38420934024748,0.4644429421058638,0.7138732625860164,0.4429455970782649,0.5385950901464158,0.5130015375615613,0.47954552649316956,0.5787827328587122,0.6048849260653509,0.5539726193162801,0.5614391987321437,0.5805716368505471,0.5988135203148893,0.4274384181264845,0.4613790937584867,0.48563897297149916,0.5292683110862113,0.44014637026961234,0.5193474367712396,0.47717842076059336,0.4517366567826281,0.4383996381814048,0.49816361371156703,0.60624510025597,0.4852286355726302,0.44220877868529096,0.44789001310803184,0.5313767011785819,0.5607182999704581,0.5572316385582352,0.5172657482185306,0.43781287118409923,0.510356262206851,0.4609165611469092,0.6300634971077517,0.734594374266554,0.47113230080054586,0.7063519283677081,0.5472889726751762,0.568916086884131,0.5561091821725378,0.48473064262499294,0.5294502147504796,0.6181290388289733,0.5952039066591139,0.501833735174474,0.7115154707881685,0.4659576946882347,0.44914993204406417,0.462684712518063,0.5144151714065215,0.523778333893835,0.48999318518014,0.4465159761829179,0.46869327514523174,0.4925573810917656,0.40419103633290365,0.6456629619416746,0.6049280127806991,0.5228711964483169,0.7939712108443913,0.4666129033089009,0.5049495401210503,0.4580649899533379,0.45147981290031153,0.5590093007854865,0.5023430233704284,0.40132129760975754,0.5571739027538655,0.4571652079096574,0.5460490165075306,0.5309205561734012
ARG,0.6324115573854809,0.5097025679725372,0.0,0.47557157175049203,0.5120679756735345,0.5090578930753888,0.5364038813653949,0.5280532777580933,0.4939686076805298,0.48251706283762047,0.8028010583472562,0.48670510370965403,0.5696375722423869,0.49875024427328446,0.5195794948874884,0.6069709910155318,0.6110049272870542,0.586465043799147,0.5417080658130582,0.5961147961397559,0.6611657162064158,0.4719399131553141,0.5394377356642027,0.5401411813505629,0.5138830106848276,0.4873615211212102,0.5536512541797567,0.5181826072843928,0.5184406342086013,0.4775024295735262,0.5329350500146184,0.7081598208684454,0.527499396974165,0.4704096755911459,0.5956603482148846,0.5482895147130329,0.625625059125299,0.5761745523809982,0.5642530235775126,0.49602395455342346,0.5639440271773591,0.5142315011884069,0.5973073207874736,0.6969225757483579,0.538214107058836,0.7199640555828545,0.5499095377340046,0.6087424919452028,0.5491184285179974,0.5269952078949572,0.5058136044618362,0.6658656024390381,0.569402015227429,0.5952146954813339,0.7000840090583504,0.5208681900679437,0.5468574718631445,0.5064348663025974,0.44817826872671157,0.5181775570369943,0.5545413510912874,0.506269276029687,0.5070268247672026,0.5179339146233998,0.48636858511964765,0.6347572048466947,0.5692837715133926,0.6324531566852759,0.7997781824923719,0.5077678144536152,0.5378919295087925,0.4932701656984769,0.5512522823259178,0.5599583632022588,0.4989777644477229,0.505873796880808,0.5248737206867709,0.48760997109967286,0.553163979182883,0.5655700125396828
AUS,0.648258315429762,0.4587017672839429,0.47557157175049203,0.0,0.4522242133505942,0.4808907612578676,0.526047789858336,0.5016493509760224,0.4812425653132132,0.4870617400024297,0.7885706803977645,0.443974833124918,0.5248227170913318,0.5264627419670916,0.5451114413946202,0.5953424951227375,0.5952166328546454,0.5487984366988379,0.5459770147356163,0.5470933228426802,0.601023773247593,0.4398725680007609,0.49146209987399025,0.5011903809687426,0.5720782602467266,0.4243771743000846,0.5141967685876898,0.49259848915677623,0.4434611586173622,0.41513406409872167,0.49831109367930426,0.6175714634317324,0.5149119025508507,0.46319882004908186,0.53485739789977,0.5572321107657984,0.5477209835491441,0.516231684399353,0.5636291244698838,0.45308280104300536,0.5790476614958279,0.47746432509047043,0.5988589873845037,0.7126912380482492,0.5452087218579046,0.7324307318390774,0.5351438545800784,0.5363711558476654,0.5196552322229856,0.5318412960352298,0.55267212305941,0.6355366395885788,0.5709122535838826,0.5671011874326073,0.6492116846425632,0.45795641354675587,0.4663244660293827,0.447647684068208,0.45593262209054297,0.508612297009935,0.5311733065622078,0.4508666384260465,0.45997064270372606,0.4917614421884373,0.48548265136689317,0.6501198493999797,0.5541558799239704,0.6028684539610013,0.7599412487359289,0.46772774735760303,0.46688542222453294,0.45585257714429817,0.5395700098317937,0.5486092723891347,0.5005454068189698,0.4903655597982214,0.5535920754686283,0.43827080984885614,0.5988882659934187,0.5227213569944689
AUT,0.6463226000862454,0.442365838181811,0.5120679756735345,0.4522242133505942,0.0,0.4160061142251012,0.5316771688921074,0.47898609149474214,0.47592682637123185,0.4652622039373764,0.7965693118149276,0.4184703853642047,0.44701836772649917,0.4956734114379821,0.5268145148069873,0.5766116211043005,0.6332438145143356,0.5888021657835663,0.571250658232041,0.5362188352910374,0.5904069819702544,0.3790727813989686,0.4119534547147004,0.44651798227867817,0.5919144734445924,0.3733790165798586,0.5024038576824971,0.4306736772001304,0.393337064491378,0.38465314670463946,0.4346333723906468,0.5727667544967853,0.5032176545819185,0.40149170815879176,0.5394287392793414,0.5532693372437842,0.5332608782727857,0.5022665331647952,0.4978037186577087,0.39902650945970886,0.5858023203472501,0.4452517558698723,0.6626356846691193,0.7234976286578145,0.46148314231966797,0.7310694505781102,0.507960579129304,0.519068424768922,0.503704144061185,0.5195174223531008,0.5345687237255043,0.6195572519488706,0.6144042066851296,0.5688504085342903,0.6736540807740006,0.42126120473777584,0.42067098416091203,0.4339656044882776,0.46659800571044124,0.5855102263341956,0.5077465043174602,0.4218754139040297,0.40226754595700853,0.4951401903376076,0.467152747447693,0.686945111984352,0.5391968062856703,0.5622635034998636,0.7457947337180262,0.4170356101655213,0.4213546264321352,0.3954444896944021,0.528545191493314,0.5207133924042059,0.4772037387666303,0.44412793079589236,0.5575898597086109,0.43000271676249574,0.6030851128685627,0.5235296969210734
BEL,0.6605506255678257,0.45910218334016356,0.5090578930753888,0.4808907612578676,0.4160061142251012,0.0,0.5790608654619208,0.5094641342428206,0.4967325574061878,0.48144354897489533,0.8089796191091931,0.44437748968396723,0.47270249270316456,0.5339571577006046,0.5575017619567821,0.5786023854607746,0.641160816407074,0.6092915946567266,0.5653490842371667,0.5294659248575505,0.5730716563631404,0.42696080313774515,0.422866336873956,0.4514107750002413,0.5784377820246592,0.40908149755463974,0.5022685605183733,0.4626185285277715,0.4064768997700434,0.40613884608786427,0.46980085324174686,0.5779294362970012,0.5058174186730439,0.432184237351997,0.5614992159197087,0.5755400074611168,0.5633540903299362,0.5149611382950223,0.4909044552019923,0.40859001335647777,0.5993059982725802,0.47435141635212064,0.6561993179584397,0.727503867574756,0.4819462856195897,0.7565611464575543,0.5371506958566413,0.5294572395058649,0.4836120790742441,0.5284340554596575,0.5502822494890436,0.5873894128220594,0.6452316329130943,0.5803118319450411,0.6858249138632353,0.3961456673932544,0.46739888901773174,0.48004520842454323,0.5177459581626243,0.5693935967402538,0.5343911402064407,0.47102727319824667,0.4172250659886148,0.5389639370854453,0.4870410439075955,0.6802235136792223,0.5527937598423205,0.5231636495725535,0.7706869562100294,0.4500242329862545,0.42813205414508,0.44028408556211973,0.5396459556826978,0.5495867520419797,0.5102835792584907,0.4703255362652886,0.5891325298868313,0.45945915461392856,0.6060659417777924,0.5675868629745615
BGD,0.6899133494236767,0.5745421555550797,0.5364038813653949,0.526047789858336,0.5316771688921074,0.5790608654619208,0.0,0.537088905385319,0.5499035344924318,0.5794111859229988,0.8038454226080667,0.551388229569252,0.6275484317872189,0.6004661831749091,0.5935663434376761,0.6563211779309162,0.638078696268788,0.6059394680075983,0.6219225985690692,0.6028558875694353,0.6481368865444873,0.5414088394729403,0.5872620877708802,0.5811237004969361,0.586641818718889,0.554819085238482,0.5918140079609245,0.5868640697174764,0.57244226714592,0.5360200113607593,0.5773065911508508,0.6790977373967508,0.5808406821077206,0.5601676185002834,0.6484590349039171,0.6066078022666418,0.6453490225003401,0.5565400972667292,0.6354286990848353,0.5496703127894474,0.6253731284164263,0.5712508435014374,0.611409154247782,0.6548367079342102,0.5875235448372128,0.7323528322367204,0.6083487436427059,0.629567026671099,0.5828750255314381,0.5935369254389755,0.6040811179298645,0.7020787281306656,0.5265456598287396,0.6482173353027788,0.6829321134966709,0.5740429354278662,0.5475794370755374,0.547812447655674,0.4432977498993407,0.6145747799772239,0.5831053171318328,0.5459959317419318,0.5636272378911942,0.5806391018160274,0.5592626015487772,0.6792280564947503,0.6144600676787504,0.6886681271869799,0.7832938713151598,0.5528836746724393,0.5702051463198011,0.5647065896186207,0.6185923687055309,0.5730466242983379,0.5619337823613517,0.5728023049460785,0.6044506652205219,0.5564758657230533,0.5956298346990505,0.6578870622387079
BGR,0.6631840078140158,0.5069731015542615,0.5280532777580933,0.5016493509760224,0.47898609149474214,0.5094641342428206,0.537088905385319,0.0,0.49592465458578133,0.5098036772253476,0.777661682655895,0.5032167108954053,0.5796196928598827,0.5450969273201728,0.5764181837229599,0.5956191985341991,0.6385589147471941,0.5913835964583418,0.5828770240252759,0.6112125038100201,0.6393959271436701,0.48335966503529654,0.5070679864516169,0.5447197480893592,0.5952253109420058,0.45044427694290007,0.5814154814828314,0.5331364055037698,0.47779909840696205,0.5086824115470626,0.4870023863956622,0.6872390078636702,0.5367452431191567,0.4447464691683867,0.5885349334037733,0.54810872067885,0.5927779213251113,0.541954743102873,0.5733791492649936,0.5039522519402967,0.6130923724459074,0.5260210577471414,0.6489495322228447,0.6888618758254623,0.5415725266329385,0.7203607182814946,0.5495330721673893,0.609403578400515,0.5578577039532631,0.5079699194113028,0.5898790209982875,0.6684480073371677,0.5756518012482441,0.6116772561622335,0.7153202608933017,0.5276012486218754,0.549554349843543,0.5400381411335738,0.4546383537914816,0.5738498672697077,0.5619046630792656,0.494037298595857,0.502084719423804,0.5208040412714184,0.5130246594235495,0.7169896490136274,0.591555486174453,0.6480636539397961,0.7787723854578261,0.4874206126585276,0.49679589900285154,0.5049748964900045,0.5666221128600383,0.5561578508126053,0.5107577489522005,0.5362275134181317,0.57175817860189,0.520393103556221,0.6175084009844722,0.5783657001300628
BLR,0.6250646541410422,0.38420934024748,0.4939686076805298,0.4812425653132132,0.47592682637123185,0.4967325574061878,0.5499035344924318,0.49592465458578133,0.0,0.45940020643053336,0.7474302400956861,0.47170317656561134,0.5709153885135076,0.5483467820512556,0.4475514503039621,0.5753287243155449,0.6029548633477396,0.6046459724988209,0.5661963120891298,0.5549706180528939,0.6026653015380525,0.4359981449444666,0.5097682168318366,0.5168820219343246,0.5037361054709291,0.4394952919940345,0.5242299458259124,0.48506632581574777,0.48460168936751985,0.47142140144784594,0.497083207606288,0.6703639850877826,0.47922274806023685,0.4038457269255067,0.48522671050996385,0.5025675536809271,0.6097002700003005,0.5363838521761609,0.5779872350552725,0.467882711472223,0.47610557716281315,0.4640333500096897,0.6567649748440597,0.7377908013811617,0.46141024328626296,0.707526056513237,0.49045206815970277,0.5977492952860092,0.5373771718481596,0.48138729011151615,0.5373185884822078,0.6313369314302538,0.5326883176086255,0.5371446381619804,0.6949782520676424,0.4976988655445049,0.4738086810843909,0.4908385561068343,0.38392421349530687,0.5553202779567694,0.4843874942005535,0.45732700644153484,0.5041879396594544,0.46145631491187533,0.4562679643053187,0.6938856889159783,0.5841403064568593,0.5838081772696523,0.8003619940333512,0.4523439995044851,0.5163489186615059,0.4861699912332541,0.4304330486686251,0.5276408307589809,0.47909088200503686,0.40910240695336264,0.5246650276179918,0.5066692678195056,0.5213539441282847,0.558526325763392
BRA,0.6246866392357678,0.4644429421058638,0.48251706283762047,0.4870617400024297,0.4652622039373764,0.48144354897489533,0.5794111859229988,0.5098036772253476,0.45940020643053336,0.0,0.7862072314074772,0.48144270274020196,0.5424234064104976,0.5089785422190791,0.509266765386213,0.5706163682121459,0.6182847958657215,0.6130632348963855,0.555642557004219,0.5742120214469985,0.6285044910524168,0.47297934225738014,0.5010902876843581,0.5173821216749585,0.562459212577749,0.446583174255411,0.5724239250143623,0.5085362476119822,0.48253391124744244,0.4514095215596021,0.5026262342527269,0.6644569279957169,0.5274736121681152,0.46008456219806054,0.5337797419610825,0.5430532959726101,0.5918431103383913,0.5584693537467451,0.5384108481951776,0.4695107932205797,0.5674633414458846,0.48461005705300214,0.6439377860260871,0.7368718664653555,0.4879256213448651,0.7421289037499859,0.5352954696333709,0.5912911482606574,0.5619255527015762,0.49892397801844973,0.5373781749799531,0.6457571208322138,0.608919394995467,0.5605724513543421,0.6887122256048411,0.49408789569640466,0.5162062294082712,0.5044575145379999,0.48908357941802744,0.5631891146147355,0.5158916067327987,0.48374381712539033,0.4808647914766503,0.5260278851366259,0.48316083982453345,0.6691611787771329,0.5733935311978757,0.585567081261601,0.7862995149003494,0.48182587353863854,0.5002024289644753,0.4839283131368226,0.5159387242645667,0.5350797181609686,0.5171836462197936,0.45621744433311456,0.5723205835514548,0.49118747980661104,0.5993340015516869,0.5445913929333611
BRN,0.748748172434415,0.7138732625860164,0.8028010583472562,0.7885706803977645,0.7965693118149276,0.8089796191091931,0.8038454226080667,0.777661682655895,0.7474302400956861,0.7862072314074772,0.0,0.7867727377941613,0.8205351689809578,0.754550044057348,0.791368842015112,0.7889945086360667,0.7707898234926084,0.8018225358857527,0.7930133928875591,0.802469133705176,0.8104290439945309,0.7932772737157583,0.8119396774284232,0.7923818647847088,0.7909000947267524,0.8035578503088221,0.7993351156432414,0.7978475621165516,0.8034744265391028,0.799740893518648,0.7955105765102495,0.826699252739897,0.7715731492514563,0.7874498426168399,0.7593598002844619,0.8013135980485989,0.8329326008239567,0.8306025591824596,0.800365886092199,0.7985417028993737,0.7768732411460664,0.7969951323058323,0.7931809164894633,0.8454530481960774,0.8179869254687868,0.7625540315272354,0.8051999679643379,0.8359292769657892,0.8180581060774884,0.767821109952052,0.8007291172907135,0.8782252392940193,0.7904859256791246,0.7544127414910442,0.8477254057076252,0.8076127550785877,0.7819584345741198,0.7700865397736395,0.7988447372363798,0.7680572251690548,0.7704843520204399,0.7799519944231703,0.7939856724049791,0.7986222898871692,0.7613131478405113,0.8267921142476083,0.8149426826546298,0.805590595195874,0.8761700732219556,0.8103801870595989,0.8209752404216483,0.7878817343869533,0.771309547011275,0.8066953947336195,0.7970774918565494,0.7803163509855592,0.8023672355895909,0.7986666530392839,0.8020439880563518,0.7611871051606192
CAN,0.6340366621454553,0.4429455970782649,0.48670510370965403,0.443974833124918,0.4184703853642047,0.44437748968396723,0.551388229569252,0.5032167108954053,0.47170317656561134,0.48144270274020196,0.7867727377941613,0.0,0.5225657489211988,0.5120495266788726,0.5281864928990244,0.5657960391637629,0.6125982667970561,0.5645213950515763,0.5808078141322465,0.5291806688893171,0.6139778759277211,0.4114433900240283,0.45449572239363945,0.4719908026935903,0.5800964719160641,0.42255232402047205,0.5053861295436363,0.44524768180904695,0.4273120716195886,0.41340445760540423,0.47399648781186937,0.6126264311462438,0.5050560231025707,0.4197682994775404,0.5374275888880836,0.5617062438444707,0.5696905274430342,0.5281358606040648,0.5265809345955954,0.4421083477337695,0.5778619899536718,0.44299731838629974,0.6401589733583745,0.7233963107019973,0.48027531927799977,0.7325680477573444,0.5369056634023152,0.5501415378665159,0.5256660052867426,0.5205837404590252,0.5157045598457981,0.6324590455040079,0.6167637483805356,0.5612824890098059,0.6544346756407645,0.439155206866924,0.44827130191298226,0.473787275583459,0.4813175402862261,0.5570891132748884,0.5038887188395519,0.4460046563041324,0.4695770334296919,0.504481441506116,0.46726283392120177,0.6883789375721705,0.5377584779178589,0.5843267915959848,0.7529315561710598,0.4638239038089431,0.4552384527070518,0.41270785005972754,0.5191898393629552,0.53013547482513,0.4724928168009236,0.4512290081682871,0.5717101304350704,0.397056650728142,0.6023675591568463,0.5169079651097579
CHE,0.6643418330906382,0.5385950901464158,0.5696375722423869,0.5248227170913318,0.44701836772649917,0.47270249270316456,0.6275484317872189,0.5796196928598827,0.5709153885135076,0.5424234064104976,0.8205351689809578,0.5225657489211988,0.0,0.551429373842448,0.5854082557053596,0.6074467303251354,0.655826124864574,0.6694858569137433,0.6194318951481859,0.5439621015300788,0.6136855349915484,0.5061913049901579,0.4842080158779545,0.5041348874481942,0.6436194405879548,0.4966429916110558,0.5497332990887082,0.5230251455697132,0.4746916718306696,0.46368169763262684,0.5121682426438576,0.6065939145003032,0.5284946657747187,0.5049782607776317,0.5938287944718857,0.634557373350662,0.5738271657968964,0.5429173252886597,0.5387181293963643,0.4857370682526845,0.6575980256670183,0.5250813657551835,0.678195321042628,0.758083600745289,0.5670528098725737,0.7568622620268646,0.5652894785482301,0.5448715003301778,0.5557381833591176,0.5954487360158566,0.5821248866860003,0.5977638394405369,0.6760846983009795,0.6143754439525577,0.7014507120877109,0.48778297181888736,0.5090520005888054,0.5168312869656224,0.5566929011079368,0.6217628814596594,0.5725699096900995,0.5184404820149395,0.4721316588092123,0.5915098244532966,0.5457307702691128,0.6976020872027785,0.5740532976355842,0.5296579631582654,0.7976299501496469,0.5133988243636513,0.48910938236552454,0.48683898059583725,0.5930675212600443,0.5764775354979582,0.5731742695974535,0.5242525080539073,0.6256850773183295,0.5201695231391138,0.6424609238932916,0.624847494174703
CHL,0.6451363218062095,0.5130015375615613,0.49875024427328446,0.5264627419670916,0.4956734114379821,0.5339571577006046,0.6004661831749091,0.5450969273201728,0.5483467820512556,0.5089785422190791,0.754550044057348,0.5120495266788726,0.551429373842448,0.0,0.56853585257419,0.5839257342874593,0.6427066408438069,0.6469630035233166,0.5637964409833163,0.5984778111070664,0.6707300886739997,0.5168987163431681,0.5098977715052492,0.5438707633134358,0.6106667064335428,0.527617725506219,0.5808026828428565,0.515014896623103,0.5112949793390911,0.509389222034595,0.5101295075132921,0.6625636895768053,0.5509308395842153,0.509634981907547,0.6049988320081563,0.6349603203994659,0.6178593572146004,0.5987062347068824,0.5325761759443076,0.5157897264923234,0.6350546326450599,0.5252696713791374,0.6617335632320109,0.745924389819881,0.5286984144076026,0.6996776924191228,0.5915952270883568,0.6250291100075072,0.593443826109148,0.5489226831831785,0.5564917435148646,0.6779435695092874,0.6096556303490362,0.6306831583169631,0.7079651912435273,0.5106964297372059,0.5373336185938907,0.4745416420714397,0.5224136001056667,0.5264577213623435,0.5614295774236512,0.5063087789725008,0.49366761247336105,0.5693022217314515,0.5211881795433569,0.705109099797892,0.5697105462957052,0.5964904242177866,0.809671312725143,0.5446524342933918,0.5411373754301547,0.4705945704834823,0.5937300484866174,0.6023617817186429,0.5574205701328919,0.5244659539444774,0.607122533173578,0.5050669617180772,0.6204090809024603,0.5598475105578726
CHN,0.6594106647291131,0.47954552649316956,0.5195794948874884,0.5451114413946202,0.5268145148069873,0.5575017619567821,0.5935663434376761,0.5764181837229599,0.4475514503039621,0.509266765386213,0.791368842015112,0.5281864928990244,0.5854082557053596,0.56853585257419,0.0,0.646401845452467,0.6527285089614402,0.6362743716695937,0.5890792573148463,0.6260709942598432,0.6729054727080335,0.4700396387242073,0.5334976095185688,0.5741920659878108,0.5842665543091475,0.511918658472024,0.5988317284314009,0.5311114830480055,0.560724135161764,0.5212582761863422,0.578692831787081,0.7348268450273887,0.5519580318290115,0.47872336099270485,0.5403745264261242,0.5560949753296061,0.6501598395508781,0.6208007799189103,0.6223632202417587,0.5061264685523991,0.5701553645431103,0.49973105764643155,0.697186593984814,0.7380755104654984,0.5029469447904232,0.7351977202529625,0.5868507221996291,0.6564490299431854,0.6084617228116749,0.5511728403927203,0.5344005794260096,0.658763145525794,0.5860699919799087,0.6005989901297732,0.7016710241691723,0.5822716083308241,0.5575333894874459,0.5720092997071643,0.5026205634565717,0.6166330589436724,0.5450717358242402,0.4941799701738779,0.5663316913423814,0.5033409002524168,0.5296892818327988,0.7087574199766,0.625155873777368,0.6169727987031141,0.8318266186272232,0.5177456126216555,0.5485734483683699,0.5368938105342691,0.5176696366613087,0.5249360238695192,0.5307235699602003,0.48460923109929915,0.5409514293251868,0.5426768580963002,0.540202948552025,0.5869346603743687
CIV,0.6734247938647057,0.5787827328587122,0.6069709910155318,0.5953424951227375,0.5766116211043005,0.5786023854607746,0.6563211779309162,0.5956191985341991,0.5753287243155449,0.5706163682121459,0.7889945086360667,0.5657960391637629,0.6074467303251354,0.5839257342874593,0.646401845452467,0.0,0.634668367426767,0.7300327207028503,0.6102425814455392,0.607275051250986,0.6796715331587577,0.588386360249663,0.5880239042195036,0.6000451191240727,0.6746012804042396,0.5649508719232055,0.6087895951986798,0.5937546017574408,0.5593789083855223,0.5757730563936345,0.588876564833673,0.691969424397279,0.6107065215883415,0.5515658201215912,0.6059695134500588,0.6112871817194818,0.6573869158724294,0.6433842533869133,0.614928115574429,0.5753748895743794,0.6425343795493206,0.5603793877550655,0.7187942749124409,0.7762683278024491,0.6168567245950521,0.7125658647694012,0.6068243640457917,0.6467697682362274,0.6239014391922392,0.5955325097850374,0.6255389115599248,0.6699477276277471,0.6862278091591559,0.6525142855133992,0.7324248321871071,0.5894342254624648,0.6032001654365755,0.5768591677496032,0.5958239085765248,0.6194426543756174,0.5783761956838928,0.5732352743264222,0.5869638519578639,0.6298753420468198,0.5929992883849979,0.7396006330576641,0.5826804704387373,0.6503479100681178,0.8240677654096686,0.5956115300868845,0.5925465035755701,0.5609514686150081,0.6231146659205407,0.64573271247087,0.5826693297005379,0.5825062470484959,0.6717216948502728,0.5971033377391489,0.663970147477244,0.6267162208711785
CMR,0.6774893237461898,0.6048849260653509,0.6110049272870542,0.5952166328546454,0.6332438145143356,0.641160816407074,0.638078696268788,0.6385589147471941,0.6029548633477396,0.6182847958657215,0.7707898234926084,0.6125982667970561,0.655826124864574,0.6427066408438069,0.6527285089614402,0.634668367426767,0.0,0.6794774742077614,0.6228739460848919,0.6279970201734498,0.700892494134527,0.6176388516265786,0.6569344200986758,0.634036171613701,0.6554179438325344,0.6220088479806772,0.6393781322619996,0.6620483102255261,0.6371003352146194,0.6004595082869231,0.6356150874310328,0.7111277486437859,0.6432832191910606,0.625533214577497,0.6098846445473404,0.6377568358061532,0.708410434769812,0.6804859295379959,0.661581168174684,0.6273057218811915,0.6563382593247759,0.6280643216503646,0.6726480983238258,0.7633373787005947,0.6630298422369357,0.7313844247094297,0.6385962054349432,0.671053238744859,0.6598036254533353,0.6568626470506063,0.6469951763940742,0.7323699841319835,0.6804646132695844,0.6265565301242063,0.6801010476906517,0.6275188775643614,0.6391876816458086,0.6190008479307259,0.6241406066170974,0.6401712814627285,0.6027822275223269,0.606899018602948,0.6307342761370905,0.619816854185585,0.6060165527506908,0.6852806445374661,0.615902432582641,0.7076139574546745,0.8176699643521237,0.6355356922101437,0.6383145651044086,0.6327424966831593,0.615606212955594,0.623023063384522,0.6393641966504545,0.6298294639893921,0.6628756204104889,0.624351163126258,0.6381761441812315,0.6535152570006508
COD,0.6958764371155303,0.5539726193162801,0.586465043799147,0.5487984366988379,0.5888021657835663,0.6092915946567266,0.6059394680075983,0.5913835964583418,0.6046459724988209,0.6130632348963855,0.8018225358857527,0.5645213950515763,0.6694858569137433,0.6469630035233166,0.6362743716695937,0.7300327207028503,0.6794774742077614,0.0,0.6533549128234863,0.6642669696576031,0.6963640070035897,0.5584681426871794,0.6062200795860816,0.6105062074857767,0.6326646948447205,0.5486702817633181,0.6140242245753742,0.5911902464334516,0.6149090462822364,0.5754974165173193,0.6116915858995856,0.6960111598625371,0.6364562381587117,0.607247478475377,0.623073832795742,0.6649562141948628,0.6267861643273892,0.6310543338433549,0.6529406316366055,0.5864807906497052,0.6583174743619536,0.5987187062495016,0.644067518993629,0.7004276252895111,0.6410225548180306,0.7642169966405276,0.6497606808456683,0.6317362140181783,0.6183096158033125,0.6164826937426403,0.6162626691999843,0.7398072425473261,0.6471036810410458,0.6469258072106089,0.7366014160328512,0.5876741947675747,0.5857265393443782,0.6307262668688557,0.6219961283612114,0.6122473864570581,0.6605589291410048,0.5849005868619739,0.6053155371475717,0.559702324240405,0.5939459029792342,0.7044215605528021,0.6588790954780781,0.7161893867480149,0.8025811999794165,0.5890275026303788,0.6076596141298044,0.604279947682976,0.6137363923575136,0.6272979452996772,0.6033487103352682,0.5871915026125326,0.6264743152530247,0.5924681848718171,0.692682076625521,0.6523813963833971
COL,0.6806843956161263,0.5614391987321437,0.5417080658130582,0.5459770147356163,0.571250658232041,0.5653490842371667,0.6219225985690692,0.5828770240252759,0.5661963120891298,0.555642557004219,0.7930133928875591,0.5808078141322465,0.6194318951481859,0.5637964409833163,0.5890792573148463,0.6102425814455392,0.6228739460848919,0.6533549128234863,0.0,0.6305025714815483,0.677177655506921,0.5621641571641752,0.5671274837113535,0.5803474522694018,0.6324875964704422,0.5488395128128942,0.6119332422663709,0.593422823568344,0.567089377382723,0.5420668302917917,0.5912773839037969,0.6924722464208619,0.6051079779377627,0.538252852327479,0.604018759505977,0.6282404389731978,0.6293254854840953,0.6288271067425169,0.6228980388598783,0.5488674286843769,0.6264559450850358,0.5661812856589437,0.6827510811595372,0.7971719131820928,0.5849611710185783,0.7163504186031415,0.5794411209412141,0.6444638376271095,0.646177671723257,0.6033325711537031,0.5974964807949585,0.6830222130704103,0.648236148135492,0.5946266899439008,0.7127341575404292,0.5607951585761524,0.6070518816644564,0.5605747728111518,0.5567983947177587,0.5812874810125773,0.5892322592820923,0.5636510550345488,0.5574853808193267,0.573033813565612,0.5879255095705589,0.7011566383485989,0.6115772205574317,0.6695814231717846,0.8094653980392643,0.5690295544698759,0.5813677895365318,0.5863039272450804,0.573641617237662,0.6265629236524813,0.583027759028612,0.5610608565535927,0.6281777056890283,0.5537085351433184,0.6054085057367281,0.5986139212867888
CRI,0.6792565948205743,0.5805716368505471,0.5961147961397559,0.5470933228426802,0.5362188352910374,0.5294659248575505,0.6028558875694353,0.6112125038100201,0.5549706180528939,0.5742120214469985,0.802469133705176,0.5291806688893171,0.5439621015300788,0.5984778111070664,0.6260709942598432,0.607275051250986,0.6279970201734498,0.6642669696576031,0.6305025714815483,0.0,0.5816702796352015,0.5241821577076297,0.5593590518072947,0.5264612287935684,0.6352991628444912,0.5374186813219255,0.5413136068439676,0.5524134787998074,0.5378138572473684,0.5209767909921775,0.545226067455274,0.5929148682107217,0.5707328367646747,0.5377021866558784,0.5891569194397204,0.6540237915388327,0.6314937571333332,0.5528467884850847,0.5942094377470132,0.5507439400969157,0.6414751263127824,0.548914916048239,0.6478227129152246,0.726715015864675,0.587163838101476,0.7079610700372728,0.5431381905785176,0.5666176474865117,0.5780373611528741,0.6148393987965042,0.5781178366729186,0.6558286544756613,0.6487559322476358,0.5951690144085344,0.6464992270114519,0.5294366050471949,0.5312463513418808,0.5631504678550975,0.5402835758138728,0.6282958999430552,0.5354170743863211,0.5199951821854337,0.5533929383155652,0.5916566427937625,0.5709702710554664,0.6986016776043733,0.5567661728300505,0.6045822334112496,0.7729274589463884,0.5502311969698472,0.5260679268630924,0.5382733815874753,0.5847920869674725,0.617379140230395,0.553863723242189,0.5305342606254053,0.6096513855427773,0.5586128737204756,0.6505913306153783,0.6161152730291366
CYP,0.7425103610558357,0.5988135203148893,0.6611657162064158,0.601023773247593,0.5904069819702544,0.5730716563631404,0.6481368865444873,0.6393959271436701,0.6026653015380525,0.6285044910524168,0.8104290439945309,0.6139778759277211,0.6136855349915484,0.6707300886739997,0.6729054727080335,0.6796715331587577,0.700892494134527,0.6963640070035897,0.677177655506921,0.5816702796352015,0.0,0.6001449801993843,0.6085595455356396,0.5318809005859918,0.6313510200148065,0.5864814096079475,0.5611963627511095,0.6159113634888788,0.5922245357018963,0.5938706409982596,0.5651390693629371,0.6349502903013311,0.605662660289442,0.6168286835865973,0.6373606777482947,0.6941308107673585,0.6534470349487069,0.5857380819514452,0.6536616827491252,0.5797732218082812,0.6434194333065112,0.6195374978267572,0.7225626461255551,0.7821056274774753,0.6103869198699174,0.766554291488316,0.6336668390486999,0.6036529234141117,0.5807515305599047,0.6475875078295735,0.6802962089559481,0.6627407107111775,0.6934033172875078,0.6445214574959843,0.7547614344985485,0.5916695405706476,0.560421803732876,0.6119819833595824,0.6189958879462645,0.6767099115310247,0.6339495108623511,0.6075947221185921,0.5925651909527991,0.6573054075597121,0.6214964886587299,0.7375851909400787,0.654971799316463,0.6217334644143371,0.784940115824423,0.6276396283096025,0.6133905568552381,0.6013329824563103,0.6370761455249068,0.6480483396747255,0.6176918090001812,0.5971268190209797,0.6796657408710702,0.617575504574994,0.6958577523116465,0.6682714374034224
CZE,0.6412206378798403,0.4274384181264845,0.4719399131553141,0.4398725680007609,0.3790727813989686,0.42696080313774515,0.5414088394729403,0.48335966503529654,0.4359981449444666,0.47297934225738014,0.7932772737157583,0.4114433900240283,0.5061913049901579,0.5168987163431681,0.4700396387242073,0.588386360249663,0.6176388516265786,0.5584681426871794,0.5621641571641752,0.5241821577076297,0.6001449801993843,0.0,0.41547092690176246,0.47439918618731536,0.5489575595452835,0.3747090775313366,0.46894907637688493,0.4275754387645487,0.41169052991303956,0.39714797489908266,0.47248204309849384,0.6191468069848568,0.4870058750246589,0.37925276132097213,0.5163384750893403,0.5462031802028429,0.5623859640829331,0.5102792231464208,0.5495398095428207,0.40681782727693205,0.551234904218528,0.42761019477604234,0.6503027378036922,0.6884387759638548,0.4655543447822343,0.7147162103300438,0.49932445309735696,0.533948163429175,0.46900743681302814,0.5023095003007828,0.5280324296159609,0.6081953278991165,0.6078660979704972,0.5446248722397267,0.680525477909981,0.4420426067196339,0.4528106048635488,0.4550856567370506,0.4452901140329325,0.5633836546159204,0.5119172096581817,0.3698468694852595,0.43644680077604187,0.4397478534451493,0.448148857115858,0.6937201196711519,0.5339736799576756,0.5778442372496719,0.76582622601948,0.36199126494151623,0.4079321677362363,0.38451946442368573,0.5138164793085096,0.5027335390995173,0.4645534370627026,0.43975977381987424,0.5167336886918362,0.4388171014593396,0.5589368317845534,0.5196018792532493
DEU,0.677422454932344,0.4613790937584867,0.5394377356642027,0.49146209987399025,0.4119534547147004,0.422866336873956,0.5872620877708802,0.5070679864516169,0.5097682168318366,0.5010902876843581,0.8119396774284232,0.45449572239363945,0.4842080158779545,0.5098977715052492,0.5334976095185688,0.5880239042195036,0.6569344200986758,0.6062200795860816,0.5671274837113535,0.5593590518072947,0.6085595455356396,0.41547092690176246,0.0,0.4518930267581324,0.6063190074136728,0.41521406411227324,0.5082732681191034,0.4526683659276485,0.3846106477418138,0.3931657216551712,0.46577304682700094,0.6101576671871384,0.5239979384134483,0.45322976449496116,0.5534963519804555,0.5927913481548813,0.5784252951675307,0.528152808304269,0.4920500834904521,0.3911599617840537,0.6188637842637358,0.4435229951266881,0.6896657576229988,0.7607441815549416,0.4752247652210151,0.7708453707841093,0.5578545771413048,0.5680943714942385,0.533429941906509,0.549489840694427,0.5471432467135361,0.6314959002028706,0.641178834059713,0.60340897838042,0.7036561584483657,0.4038439983342946,0.44185103854582136,0.47107041942373257,0.5206719470370422,0.5841264666297641,0.5683459698844164,0.46798516367728676,0.4774065412302643,0.5394534670871279,0.4959415996498265,0.7046378804330812,0.5732795393519763,0.5368547724238419,0.7889753584263651,0.4558953919837622,0.43480993945624696,0.4219118447037272,0.5398981241118331,0.5623501737197688,0.5265933574741616,0.453963600272877,0.5993736932138062,0.4203686644405151,0.6143318190359324,0.5743819684818297
DNK,0.6652500312272434,0.48563897297149916,0.5401411813505629,0.5011903809687426,0.44651798227867817,0.4514107750002413,0.5811237004969361,0.5447197480893592,0.5168820219343246,0.5173821216749585,0.7923818647847088,0.4719908026935903,0.5041348874481942,0.5438707633134358,0.5741920659878108,0.6000451191240727,0.634036171613701,0.6105062074857767,0.5803474522694018,0.5264612287935684,0.5318809005859918,0.47439918618731536,0.4518930267581324,0.0,0.5946291847490721,0.4576811057622665,0.48755505767891544,0.4813673299143706,0.4577394351575255,0.43057697959421143,0.4702411101431186,0.5563315154968408,0.5134904364745974,0.47348605549449296,0.5392246297137016,0.6120378536510257,0.5701345762701296,0.540262016661039,0.5083639312762684,0.42013611612412216,0.6122979901953718,0.4846598489562101,0.6787692849118012,0.7538130072493373,0.5070544623800489,0.7413442809975548,0.5562509421072158,0.5214113986719939,0.5425525502856803,0.573316569643064,0.5827082596463172,0.6159546220008355,0.636773109512916,0.5881388462997792,0.6815693337357361,0.4092209586518355,0.4307837148517915,0.5036195167455909,0.5261595211005602,0.6062771002543614,0.5414042162708621,0.48737007903604257,0.4732553910652561,0.5485387134457892,0.5260592667479582,0.6815043564729915,0.5807334022131212,0.5255990854879169,0.7698184494212242,0.5182586331278286,0.4763933815487485,0.45618541971411736,0.5444571779196161,0.575167826419031,0.5417704155592168,0.4673789028381073,0.6106044584981669,0.4738646105370694,0.6340315750394653,0.5792117890785403
EGY,0.688317351806249,0.5292683110862113,0.5138830106848276,0.5720782602467266,0.5919144734445924,0.5784377820246592,0.586641818718889,0.5952253109420058,0.5037361054709291,0.562459212577749,0.7909000947267524,0.5800964719160641,0.6436194405879548,0.6106667064335428,0.5842665543091475,0.6746012804042396,0.6554179438325344,0.6326646948447205,0.6324875964704422,0.6352991628444912,0.6313510200148065,0.5489575595452835,0.6063190074136728,0.5946291847490721,0.0,0.5569414180023073,0.604820612154453,0.5955912272436429,0.6047080463914225,0.5775297632820849,0.583644519969152,0.713969817684389,0.586741825368327,0.5600901286235999,0.6253493313061191,0.627786418507804,0.6982069133988227,0.6101562128589205,0.6264655462909614,0.5712045971320264,0.5501872974830662,0.5821647422006759,0.63442726851751,0.7188630149257923,0.5699750000145426,0.7395416984375328,0.6029158054838076,0.6865343900271925,0.5772063386608794,0.6025758490105569,0.6240238394453496,0.7200297092971262,0.6214278475514168,0.5972649949944547,0.7440848206301282,0.5924750760729002,0.5776562104348778,0.5979988454067366,0.5285734093973705,0.572215110888213,0.6161528854093093,0.5856067931265866,0.5973992624821489,0.5580588194979609,0.5521168970243054,0.6537006444217605,0.6487855943921674,0.652571838725857,0.8203612138430835,0.5682481379969018,0.6111253221508832,0.5871644531613355,0.5849465209794774,0.601012768505374,0.5900324525736015,0.5237506406786286,0.571935635511155,0.5825338911955859,0.5947317576292975,0.6130598690418565
ESP,0.6607802839452507,0.44014637026961234,0.4873615211212102,0.4243771743000846,0.3733790165798586,0.40908149755463974,0.554819085238482,0.45044427694290007,0.4394952919940345,0.446583174255411,0.8035578503088221,0.42255232402047205,0.4966429916110558,0.527617725506219,0.511918658472024,0.5649508719232055,0.6220088479806772,0.5486702817633181,0.5488395128128942,0.5374186813219255,0.5864814096079475,0.3747090775313366,0.41521406411227324,0.4576811057622665,0.5569414180023073,0.0,0.49128626227392214,0.4568562395602761,0.3906970208729902,0.4049404308252006,0.43443995733879354,0.6261414306835608,0.4843812582817017,0.3957658322808839,0.5129072482058675,0.5275082967532114,0.5274512721947829,0.4977399406852187,0.5272557312388386,0.389352381643048,0.565253114298007,0.43430045216536534,0.6628900730462267,0.7261465344831373,0.4630509765827873,0.7529112909119325,0.49069137852842226,0.531505716490641,0.4861802036171778,0.48026443035191135,0.5513224459636333,0.6045879954307265,0.6071340446102323,0.5665602680518385,0.6771802186391612,0.43812045259557997,0.4522768491988703,0.46641451589656496,0.46223839591323923,0.5456762859032305,0.5133859367800432,0.42457680133581116,0.41961567684686213,0.48884385421333343,0.4865364543140574,0.66065825007813,0.5332315069511497,0.5789495863097832,0.7544377122917986,0.4172364029469557,0.40019422899278645,0.42686179325293977,0.49171929854174073,0.5198948709400519,0.4621048272867927,0.41796189713622506,0.557692713975959,0.44858319811178615,0.5938474514295055,0.5211936182077556
EST,0.6541549637956806,0.5193474367712396,0.5536512541797567,0.5141967685876898,0.5024038576824971,0.5022685605183733,0.5918140079609245,0.5814154814828314,0.5242299458259124,0.5724239250143623,0.7993351156432414,0.5053861295436363,0.5497332990887082,0.5808026828428565,0.5988317284314009,0.6087895951986798,0.6393781322619996,0.6140242245753742,0.6119332422663709,0.5413136068439676,0.5611963627511095,0.46894907637688493,0.5082732681191034,0.48755505767891544,0.604820612154453,0.49128626227392214,0.0,0.512295271058152,0.5162258879361674,0.48620962593123573,0.5461366617133827,0.6205893808707806,0.5157855306460747,0.4906758130882697,0.5482666672473462,0.6245152532744479,0.5929783788151439,0.5595740647902118,0.6012111504673845,0.5021989059497936,0.5965122680523319,0.5422803906975516,0.6717076330947541,0.7398368124953748,0.5875444087312984,0.698931201494071,0.49592307432480137,0.5561414489957415,0.4703493944277438,0.5640780345987598,0.5982392031285654,0.6060865503753625,0.6571201512275588,0.5829749594920676,0.7057073112015124,0.4898439594434764,0.47011359080416526,0.507763800601837,0.5324927546581151,0.6169849758954793,0.539359318560869,0.47953868963209495,0.527925169931333,0.5356377827990031,0.48906172085953026,0.7083152410085505,0.5824027995385089,0.5843883024104392,0.764837873081798,0.49654963287984233,0.5003508099563213,0.4918739610918326,0.576309536787446,0.5715555884308359,0.5440671204109748,0.5265787599434505,0.5905725031348352,0.5432801598961269,0.6283160007129858,0.6209540950047931
FIN,0.66807178207712,0.47717842076059336,0.5181826072843928,0.49259848915677623,0.4306736772001304,0.4626185285277715,0.5868640697174764,0.5331364055037698,0.48506632581574777,0.5085362476119822,0.7978475621165516,0.44524768180904695,0.5230251455697132,0.515014896623103,0.5311114830480055,0.5937546017574408,0.6620483102255261,0.5911902464334516,0.593422823568344,0.5524134787998074,0.6159113634888788,0.4275754387645487,0.4526683659276485,0.4813673299143706,0.5955912272436429,0.4568562395602761,0.512295271058152,0.0,0.4564161130084861,0.46258267559603405,0.5179265961005932,0.6236629129524898,0.5176923437008482,0.450910134448423,0.5583442440715622,0.582170323766741,0.5904396672286082,0.5466505846435027,0.5574879275805144,0.47158289195367487,0.5886587602203562,0.4612707801205879,0.68112453523536,0.7166061530190485,0.48702881803198883,0.7357741037838532,0.5352190027107339,0.5633627538789552,0.5007922523236423,0.5372110696131502,0.5428159984502834,0.6313335234398203,0.6208960050369905,0.5918568802833314,0.6920528645952028,0.47121802066240126,0.44903493677663964,0.5080426315082496,0.49285970585022815,0.5849053533085481,0.5540672481659116,0.4503663153836004,0.46334153240738124,0.5242315882893478,0.5107479396843552,0.712555865078331,0.5616061468782504,0.5728155715775834,0.7847025115763507,0.46303483471760404,0.44935321847979187,0.3993563003692993,0.5523580162731682,0.5523532941284658,0.519168880609856,0.4578586819073361,0.5642325546378217,0.47542865679596097,0.5954657535071544,0.5565078594472805
FRA,0.6500361039300995,0.4517366567826281,0.5184406342086013,0.4434611586173622,0.393337064491378,0.4064768997700434,0.57244226714592,0.47779909840696205,0.48460168936751985,0.48253391124744244,0.8034744265391028,0.4273120716195886,0.4746916718306696,0.5112949793390911,0.560724135161764,0.5593789083855223,0.6371003352146194,0.6149090462822364,0.567089377382723,0.5378138572473684,0.5922245357018963,0.41169052991303956,0.3846106477418138,0.4577394351575255,0.6047080463914225,0.3906970208729902,0.5162258879361674,0.4564161130084861,0.0,0.38336881460719474,0.44879423309728517,0.5876406444879285,0.5159433738510919,0.4214311630741546,0.5478585548560294,0.5799876834938685,0.5370514114072542,0.5042657331554271,0.49345063244951787,0.3856902961864311,0.6139626398849277,0.44765701989027046,0.6743670126255923,0.7387167363552195,0.47975173518917197,0.7501061220012433,0.526328358078863,0.5185552504981493,0.501717473817897,0.5044777931966713,0.5529450129186302,0.5982215034459725,0.6232926403729546,0.5787037649637446,0.6882669519864244,0.3833756892583879,0.45541139068991343,0.44051632125020895,0.48433737100857854,0.5606406519173053,0.5326499510602813,0.449225762416589,0.4287999593363525,0.5215694881142409,0.4838846132290224,0.7071742867930912,0.5337276420127283,0.5512720161681112,0.7770339929825028,0.4258563164848662,0.4008929115232239,0.40583011786764406,0.5285432986965894,0.5440100059965209,0.49994461125771616,0.44913871866711536,0.5701389731525943,0.4121431423619633,0.604542883871657,0.5505657029420034
GBR,0.6346711213905356,0.4383996381814048,0.4775024295735262,0.41513406409872167,0.38465314670463946,0.40613884608786427,0.5360200113607593,0.5086824115470626,0.47142140144784594,0.4514095215596021,0.799740893518648,0.41340445760540423,0.46368169763262684,0.509389222034595,0.5212582761863422,0.5757730563936345,0.6004595082869231,0.5754974165173193,0.5420668302917917,0.5209767909921775,0.5938706409982596,0.39714797489908266,0.3931657216551712,0.43057697959421143,0.5775297632820849,0.4049404308252006,0.48620962593123573,0.46258267559603405,0.38336881460719474,0.0,0.4717307295057246,0.573194729844846,0.49870431380905383,0.44875648592512335,0.5331828854978381,0.5785389282977791,0.5053335288252011,0.4818260713875731,0.48901687042665176,0.3736152980866817,0.5839422747644164,0.44950930934608313,0.626064311937782,0.7320468267010443,0.4832065935281298,0.7474353136451077,0.5225910846041115,0.522902994530498,0.5180572255166553,0.5426267816741254,0.5126560192505479,0.6051275109257749,0.6102935489946507,0.5532405905729256,0.6589214059245211,0.3575090890351607,0.426428360215789,0.4346538568371212,0.48293039704528823,0.539688790005363,0.5206046398665327,0.4473467990504123,0.44553521611230334,0.4767535186035761,0.45545218107128,0.6571367701204918,0.5301007013765529,0.5396688980585591,0.7533848139148195,0.4372480229594175,0.4218115909226219,0.4301629366171077,0.5204990032061356,0.522130211011807,0.5073028326875366,0.42886457125112903,0.5719975858336777,0.3896420213612442,0.5768700468730243,0.5556630506411049
GRC,0.6607840189469641,0.49816361371156703,0.5329350500146184,0.49831109367930426,0.4346333723906468,0.46980085324174686,0.5773065911508508,0.4870023863956622,0.497083207606288,0.5026262342527269,0.7955105765102495,0.47399648781186937,0.5121682426438576,0.5101295075132921,0.578692831787081,0.588876564833673,0.6356150874310328,0.6116915858995856,0.5912773839037969,0.545226067455274,0.5651390693629371,0.47248204309849384,0.46577304682700094,0.4702411101431186,0.583644519969152,0.43443995733879354,0.5461366617133827,0.5179265961005932,0.44879423309728517,0.4717307295057246,0.0,0.6264627603798127,0.4928964835588256,0.4731395941822811,0.5749062076163765,0.5933267175131084,0.5812142447119789,0.528877027388812,0.5224927966648154,0.45746939334144443,0.60584932460008,0.49242150082112673,0.673326289357632,0.7470892147690341,0.504759673776723,0.7628419833925231,0.5707708383442112,0.5599974565060803,0.5164462100325884,0.5349530051709739,0.5836414478014262,0.6277953167796912,0.6351563673669173,0.6110558584165369,0.6958153317559405,0.4711620867537635,0.49838605050402324,0.510190861908629,0.5034534967355101,0.5839659130260313,0.5374080062297936,0.4858266155306892,0.4679464927235442,0.5508536679539251,0.4897873905057672,0.7053710132271139,0.5549994871359405,0.5685167981250726,0.7699109872293034,0.5062466205105168,0.4918173449815939,0.45880406696301945,0.5446044767997391,0.5668864109856737,0.4900102472173724,0.4756409673870456,0.6102476203694053,0.46302582378628127,0.6212990670370456,0.5747577803260882
HKG,0.737515074189677,0.60624510025597,0.7081598208684454,0.6175714634317324,0.5727667544967853,0.5779294362970012,0.6790977373967508,0.6872390078636702,0.6703639850877826,0.6644569279957169,0.826699252739897,0.6126264311462438,0.6065939145003032,0.6625636895768053,0.7348268450273887,0.691969424397279,0.7111277486437859,0.6960111598625371,0.6924722464208619,0.5929148682107217,0.6349502903013311,0.6191468069848568,0.6101576671871384,0.5563315154968408,0.713969817684389,0.6261414306835608,0.6205893808707806,0.6236629129524898,0.5876406444879285,0.573194729844846,0.6264627603798127,0.0,0.6689513474892692,0.6190423113762622,0.650809845291882,0.7321745089765154,0.6506931509222939,0.6097100765253679,0.5992123288348994,0.6118068182157688,0.6886702872732224,0.6182775148771962,0.7337689748352564,0.8072204590394276,0.6380465470978692,0.757637118054285,0.6425591601378225,0.5984858694467206,0.6519087187520926,0.7074879115961468,0.6726722706131717,0.6837199197764937,0.7690875107848242,0.6314653266713524,0.7345608574049521,0.5552892074080287,0.5727454567518899,0.6235087141155959,0.668013559583552,0.7102685164128996,0.6196250643260822,0.6218765067042636,0.6007372157035246,0.6652844098471721,0.6356576574499717,0.7328076758108824,0.686935629564844,0.5984706441640962,0.7635472636429528,0.6196691309541956,0.6110261469718063,0.614938509385829,0.6788043024898704,0.7003059277352015,0.6800960078329117,0.6007876353432661,0.7073772579163707,0.5927941350570307,0.7281285438681534,0.6575259452922568
HRV,0.6368280965172064,0.4852286355726302,0.527499396974165,0.5149119025508507,0.5032176545819185,0.5058174186730439,0.5808406821077206,0.5367452431191567,0.47922274806023685,0.5274736121681152,0.7715731492514563,0.5050560231025707,0.5284946657747187,0.5509308395842153,0.5519580318290115,0.6107065215883415,0.6432832191910606,0.6364562381587117,0.6051079779377627,0.5707328367646747,0.605662660289442,0.4870058750246589,0.5239979384134483,0.5134904364745974,0.586741825368327,0.4843812582817017,0.5157855306460747,0.5176923437008482,0.5159433738510919,0.49870431380905383,0.4928964835588256,0.6689513474892692,0.0,0.4754617676941596,0.5479752646950903,0.5791193966380798,0.6049784712671934,0.5451247279508303,0.5682114269155711,0.4784046351581191,0.5811642294914551,0.5165878855152808,0.6668285223696598,0.733905508621712,0.5527534795912127,0.7325543383903446,0.5374227760731235,0.5911569253987706,0.5349782848103671,0.558002282660869,0.6046623741659432,0.6518108341465079,0.6235568415419458,0.6030005449473723,0.6985448086843941,0.5182026060976257,0.48617218107311444,0.507788240816242,0.4998039224266287,0.5978994462878842,0.5409553108963697,0.49071309848822475,0.5138618260066691,0.5295867998295796,0.503102795393003,0.6932284962743532,0.5903655165613879,0.5879828924651955,0.7826719598320366,0.4910773274756161,0.5017289089397667,0.5007763227742377,0.5369721137272455,0.559912648812328,0.5460200940776441,0.5047462058343026,0.5973406114611123,0.5229827103965401,0.5998096547675931,0.5957008224701044
HUN,0.6147798281781309,0.44220877868529096,0.4704096755911459,0.46319882004908186,0.40149170815879176,0.432184237351997,0.5601676185002834,0.4447464691683867,0.4038457269255067,0.46008456219806054,0.7874498426168399,0.4197682994775404,0.5049782607776317,0.509634981907547,0.47872336099270485,0.5515658201215912,0.625533214577497,0.607247478475377,0.538252852327479,0.5377021866558784,0.6168286835865973,0.37925276132097213,0.45322976449496116,0.47348605549449296,0.5600901286235999,0.3957658322808839,0.4906758130882697,0.450910134448423,0.4214311630741546,0.44875648592512335,0.4731395941822811,0.6190423113762622,0.4754617676941596,0.0,0.5118496271483558,0.5150009306430581,0.5724210402890886,0.5241307576503321,0.5318690986827489,0.42088822771222867,0.5420767537707323,0.4324818951410527,0.6519936368192473,0.7252159601101505,0.4685959447287199,0.6985736426754157,0.45451101079578327,0.5603246153483827,0.5011045278496565,0.47631123605605596,0.5139649476442395,0.5901205982387187,0.6029190905011509,0.5521721160462851,0.6715638662536044,0.47158480578071355,0.4777459638344722,0.47529471805577267,0.4213578654961896,0.5590472263144343,0.4820544017689502,0.41946915709994786,0.4456005338391831,0.48029883339351725,0.44914866555381194,0.6980478843459553,0.5477008895069858,0.5746419892386092,0.7580008600349777,0.39891095412478333,0.42554278128369927,0.4112687573958242,0.49740640299988953,0.5044464141223628,0.4571741833766347,0.45062144692010875,0.5307855828278554,0.45718727942333237,0.5590208274337249,0.5172899282058697
IDN,0.638254183928905,0.44789001310803184,0.5956603482148846,0.53485739789977,0.5394287392793414,0.5614992159197087,0.6484590349039171,0.5885349334037733,0.48522671050996385,0.5337797419610825,0.7593598002844619,0.5374275888880836,0.5938287944718857,0.6049988320081563,0.5403745264261242,0.6059695134500588,0.6098846445473404,0.623073832795742,0.604018759505977,0.5891569194397204,0.6373606777482947,0.5163384750893403,0.5534963519804555,0.5392246297137016,0.6253493313061191,0.5129072482058675,0.5482666672473462,0.5583442440715622,0.5478585548560294,0.5331828854978381,0.5749062076163765,0.650809845291882,0.5479752646950903,0.5118496271483558,0.0,0.5718534965266027,0.6143831793791197,0.5980582271536599,0.6122421483937629,0.5291812849225171,0.5659548094380208,0.5297388957359839,0.6754346301463392,0.7560492912222125,0.5714415887280578,0.6906948752113505,0.5687284084286408,0.5878687371589438,0.6197241007927381,0.5553266642914015,0.6020523126694307,0.6652478170676772,0.6365304087001004,0.53198577921325,0.7170371813562738,0.5516123954216888,0.5330913496547784,0.5578214135912614,0.5575962097448143,0.619818737900926,0.49630416726506216,0.5158490667458617,0.552442762571834,0.5442233493229707,0.5126957212206792,0.6962249379834717,0.6265344626225491,0.5897031552110402,0.7864751525888453,0.5353812327731791,0.5603587023100345,0.5435101309338264,0.4743763379304434,0.5837351335655864,0.5580076071543543,0.5040998573103481,0.5956185811927428,0.5610706099206585,0.6138391723016831,0.5871079667072795
IND,0.6913793844276762,0.5313767011785819,0.5482895147130329,0.5572321107657984,0.5532693372437842,0.5755400074611168,0.6066078022666418,0.54810872067885,0.5025675536809271,0.5430532959726101,0.8013135980485989,0.5617062438444707,0.634557373350662,0.6349603203994659,0.5560949753296061,0.6112871817194818,0.6377568358061532,0.6649562141948628,0.6282404389731978,0.6540237915388327,0.6941308107673585,0.5462031802028429,0.5927913481548813,0.6120378536510257,0.627786418507804,0.5275082967532114,0.6245152532744479,0.582170323766741,0.5799876834938685,0.5785389282977791,0.5933267175131084,0.7321745089765154,0.5791193966380798,0.5150009306430581,0.5718534965266027,0.0,0.6472472699541267,0.6164137946629746,0.6210593317566946,0.5659306477117104,0.5950393015317742,0.5556489844193698,0.6912458905129939,0.7312658553103397,0.5888819454216487,0.7569147632537139,0.5850416989178097,0.6499470445167336,0.6215649757129161,0.5756356023529188,0.6098427481451245,0.6885508026155442,0.5978152541513121,0.6339732489829359,0.7413464244213626,0.6059245963590572,0.5962458198250236,0.600663729251836,0.5123234527815848,0.6336899461222789,0.5778983246448121,0.5630223966659275,0.5901807990524941,0.5704671347116713,0.5544810250403664,0.7177431163563891,0.6317076582331265,0.6671551443920475,0.8061908054018604,0.5590943424818895,0.5862489685660659,0.5712665170688346,0.5713988472816587,0.5859727294289214,0.5399628203679734,0.5700067921390736,0.607794188370845,0.5921390105276769,0.6278205077762096,0.6106410257701027
IRL,0.7121765164443296,0.5607182999704581,0.625625059125299,0.5477209835491441,0.5332608782727857,0.5633540903299362,0.6453490225003401,0.5927779213251113,0.6097002700003005,0.5918431103383913,0.8329326008239567,0.5696905274430342,0.5738271657968964,0.6178593572146004,0.6501598395508781,0.6573869158724294,0.708410434769812,0.6267861643273892,0.6293254854840953,0.6314937571333332,0.6534470349487069,0.5623859640829331,0.5784252951675307,0.5701345762701296,0.6982069133988227,0.5274512721947829,0.5929783788151439,0.5904396672286082,0.5370514114072542,0.5053335288252011,0.5812142447119789,0.6506931509222939,0.6049784712671934,0.5724210402890886,0.6143831793791197,0.6472472699541267,0.0,0.5598497055327186,0.6062435179047241,0.5632735809788719,0.6950547843644367,0.5849224965008972,0.7288811310399027,0.7813361587797728,0.6213723749077698,0.7671988565616539,0.6110592506639254,0.5772633890661224,0.6209322152795608,0.6249273671164499,0.6622616581966635,0.6390336627130083,0.678317151842177,0.6587947091312925,0.7234187613400812,0.5432894702387137,0.5637484853668314,0.5612413566574135,0.609561656460415,0.6230395791510095,0.6320106388731646,0.5709826189254286,0.5382325812371447,0.6012184232643514,0.6201365836455585,0.7523405125276686,0.6509910537018674,0.6371586472649035,0.7357801274010684,0.5982450408272533,0.5413452269378278,0.5559474195368035,0.6342469291164589,0.6324953260391984,0.6035355812352325,0.580994060234418,0.6873252095957515,0.5538335786713079,0.6837135057359228,0.6340456435821209
ISL,0.6675609113865163,0.5572316385582352,0.5761745523809982,0.516231684399353,0.5022665331647952,0.5149611382950223,0.5565400972667292,0.541954743102873,0.5363838521761609,0.5584693537467451,0.8306025591824596,0.5281358606040648,0.5429173252886597,0.5987062347068824,0.6208007799189103,0.6433842533869133,0.6804859295379959,0.6310543338433549,0.6288271067425169,0.5528467884850847,0.5857380819514452,0.5102792231464208,0.528152808304269,0.540262016661039,0.6101562128589205,0.4977399406852187,0.5595740647902118,0.5466505846435027,0.5042657331554271,0.4818260713875731,0.528877027388812,0.6097100765253679,0.5451247279508303,0.5241307576503321,0.5980582271536599,0.6164137946629746,0.5598497055327186,0.0,0.6077833136949401,0.5167856710944918,0.6168419599419313,0.5437739294905625,0.6537231273446684,0.7474364630519228,0.5744511299325231,0.743509775936389,0.5596758719286062,0.5721381662546997,0.5627035913815894,0.592383346268181,0.632653239936479,0.6118421945188149,0.6423101994498759,0.6226784182344711,0.702365492126557,0.5265368598094028,0.5026302071766577,0.5335766749750552,0.49953344442894476,0.6017071139001517,0.581806203622198,0.5406174765568305,0.5410575812267698,0.5707130801401691,0.555940899591735,0.7216899234235121,0.6048088463651671,0.6111006489482089,0.74390360614754,0.5137076018984436,0.5308679360631402,0.5336529354971975,0.5872597345526177,0.5807647461988451,0.5472544916050034,0.533961495103051,0.6103876148783065,0.5328635938601249,0.626506592763934,0.636995597627322
ISR,0.6935048531664733,0.5172657482185306,0.5642530235775126,0.5636291244698838,0.4978037186577087,0.4909044552019923,0.6354286990848353,0.5733791492649936,0.5779872350552725,0.5384108481951776,0.800365886092199,0.5265809345955954,0.5387181293963643,0.5325761759443076,0.6223632202417587,0.614928115574429,0.661581168174684,0.6529406316366055,0.6228980388598783,0.5942094377470132,0.6536616827491252,0.5495398095428207,0.4920500834904521,0.5083639312762684,0.6264655462909614,0.5272557312388386,0.6012111504673845,0.5574879275805144,0.49345063244951787,0.48901687042665176,0.5224927966648154,0.5992123288348994,0.5682114269155711,0.5318690986827489,0.6122421483937629,0.6210593317566946,0.6062435179047241,0.6077833136949401,0.0,0.497942605576448,0.6394190557700055,0.5486185623612059,0.6941821207177405,0.7737361225998041,0.5378023531123081,0.7994192150708485,0.6131146193351682,0.5824264995009698,0.6132487910530924,0.6017175483893311,0.5779939093820223,0.6778485313479923,0.677126258688498,0.6168276089070162,0.7166262327630479,0.4645003428311514,0.5392926738514194,0.5370253145399515,0.5912114083653472,0.6034169188069085,0.6028371028780635,0.5660851915817268,0.522780901009259,0.6079807620370077,0.5582661711350694,0.6938886124374153,0.6148059619771108,0.5324872838474038,0.7939694290407,0.5751928178419713,0.544015911497966,0.5199035144098483,0.5973874353630308,0.628905572035423,0.6007658242519323,0.5174274576933798,0.6388106048433049,0.4925483902154244,0.673575104193964,0.6058372805484028
ITA,0.6567792143210783,0.43781287118409923,0.49602395455342346,0.45308280104300536,0.39902650945970886,0.40859001335647777,0.5496703127894474,0.5039522519402967,0.467882711472223,0.4695107932205797,0.7985417028993737,0.4421083477337695,0.4857370682526845,0.5157897264923234,0.5061264685523991,0.5753748895743794,0.6273057218811915,0.5864807906497052,0.5488674286843769,0.5507439400969157,0.5797732218082812,0.40681782727693205,0.3911599617840537,0.42013611612412216,0.5712045971320264,0.389352381643048,0.5021989059497936,0.47158289195367487,0.3856902961864311,0.3736152980866817,0.45746939334144443,0.6118068182157688,0.4784046351581191,0.42088822771222867,0.5291812849225171,0.5659306477117104,0.5632735809788719,0.5167856710944918,0.497942605576448,0.0,0.5916133330131348,0.4420168067417906,0.6566247866542769,0.7468195819496031,0.4755106299788813,0.7644479050196031,0.5318072133385113,0.5281972994253373,0.5118182153291133,0.5193016138018984,0.5195932225834223,0.6128533762512589,0.6098692159056989,0.5824311910055435,0.6718897275747036,0.4111944101687163,0.45013610803221243,0.46277893589363983,0.48972804117458796,0.5662494006042953,0.5351843548257255,0.4543383686663472,0.45001738564784355,0.511094565217733,0.47417118077338605,0.6706360522278256,0.546371431434463,0.5428696780552152,0.7824882122761914,0.4313656009283447,0.4298726590779807,0.40880957820739205,0.5099867393550125,0.5348395428911602,0.49365382014886894,0.4430254032490348,0.5771439430913636,0.42675091046690106,0.6034044090670028,0.5558063782901963
JOR,0.6834443971379701,0.510356262206851,0.5639440271773591,0.5790476614958279,0.5858023203472501,0.5993059982725802,0.6253731284164263,0.6130923724459074,0.47610557716281315,0.5674633414458846,0.7768732411460664,0.5778619899536718,0.6575980256670183,0.6350546326450599,0.5701553645431103,0.6425343795493206,0.6563382593247759,0.6583174743619536,0.6264559450850358,0.6414751263127824,0.6434194333065112,0.551234904218528,0.6188637842637358,0.6122979901953718,0.5501872974830662,0.565253114298007,0.5965122680523319,0.5886587602203562,0.6139626398849277,0.5839422747644164,0.60584932460008,0.6886702872732224,0.5811642294914551,0.5420767537707323,0.5659548094380208,0.5950393015317742,0.6950547843644367,0.6168419599419313,0.6394190557700055,0.5916133330131348,0.0,0.5705650329214715,0.6743682516942596,0.7704062455280623,0.5932078607027456,0.6990249749218425,0.5854358467121283,0.6593088591850532,0.6068062937230436,0.5907056556580325,0.630388883540711,0.6781078608423904,0.6761684147021599,0.5711364944268008,0.7407774001952322,0.6138682942988547,0.5867775840724392,0.602680862448973,0.5667559176660201,0.5987759967661944,0.5714537817142683,0.5653385991276025,0.6151528449153475,0.5592236308242504,0.533088878513083,0.6910494146151162,0.6395119209824568,0.6664356421728477,0.8116930734861835,0.5613289146898005,0.6137076794446152,0.5933941710530988,0.5576215633165538,0.6214918001481824,0.5693165280565844,0.5331505701396202,0.5899268628722046,0.6090370255676932,0.6066700611997654,0.6140748220624576
JPN,0.6757735544531217,0.4609165611469092,0.5142315011884069,0.47746432509047043,0.4452517558698723,0.47435141635212064,0.5712508435014374,0.5260210577471414,0.4640333500096897,0.48461005705300214,0.7969951323058323,0.44299731838629974,0.5250813657551835,0.5252696713791374,0.49973105764643155,0.5603793877550655,0.6280643216503646,0.5987187062495016,0.5661812856589437,0.548914916048239,0.6195374978267572,0.42761019477604234,0.4435229951266881,0.4846598489562101,0.5821647422006759,0.43430045216536534,0.5422803906975516,0.4612707801205879,0.44765701989027046,0.44950930934608313,0.49242150082112673,0.6182775148771962,0.5165878855152808,0.4324818951410527,0.5297388957359839,0.5556489844193698,0.5849224965008972,0.5437739294905625,0.5486185623612059,0.4420168067417906,0.5705650329214715,0.0,0.659876763712886,0.726179108071073,0.44867631760195925,0.7400629805277241,0.5326857115272194,0.577167814314123,0.5322510762658054,0.5199529896189037,0.5330173836459896,0.6173321750744326,0.6238607230006812,0.596411130895762,0.7008988636763037,0.4829226158766698,0.4730455790181807,0.5169454815987332,0.49334821437095905,0.5780236762470474,0.526740815173281,0.452289309616357,0.4734171728679735,0.4987358529665099,0.4930956569853686,0.6948075685957646,0.5612090404528542,0.5711184011613045,0.7815658312671608,0.45133403825229623,0.4536251134905445,0.4369678612679734,0.5007725427241771,0.5477282601741341,0.4984737988882178,0.4244764936854049,0.5794075612264983,0.47221492291619804,0.5692472699572834,0.5511310964218105
KAZ,0.7182127825248406,0.6300634971077517,0.5973073207874736,0.5988589873845037,0.6626356846691193,0.6561993179584397,0.611409154247782,0.6489495322228447,0.6567649748440597,0.6439377860260871,0.7931809164894633,0.6401589733583745,0.678195321042628,0.6617335632320109,0.697186593984814,0.7187942749124409,0.6726480983238258,0.644067518993629,0.6827510811595372,0.6478227129152246,0.7225626461255551,0.6503027378036922,0.6896657576229988,0.6787692849118012,0.63442726851751,0.6628900730462267,0.6717076330947541,0.68112453523536,0.6743670126255923,0.626064311937782,0.673326289357632,0.7337689748352564,0.6668285223696598,0.6519936368192473,0.6754346301463392,0.6912458905129939,0.7288811310399027,0.6537231273446684,0.6941821207177405,0.6566247866542769,0.6743682516942596,0.659876763712886,0.0,0.7465770813359894,0.7180961242464974,0.7279115904189578,0.679149111177739,0.7059678591398406,0.6752115279841484,0.6843072797778821,0.6289001590642042,0.7708424250687205,0.6634862760918957,0.660664846940947,0.7193126113203979,0.6539258792864238,0.6624230461153721,0.6470393940084499,0.6361417120762703,0.5973011661674411,0.6580149312009664,0.6419327376904246,0.6633665107830599,0.6775194247746807,0.5797851505734128,0.6086624569140439,0.6960890537061558,0.7462208553873484,0.8286115862702512,0.6516182377748211,0.6850612199567375,0.6669301604969243,0.6888716245965578,0.6837383147953596,0.6662416885245783,0.6653376304862724,0.6445412625956207,0.6460698506822975,0.6904246748033881,0.6842090515877922
KHM,0.7808307870485299,0.734594374266554,0.6969225757483579,0.7126912380482492,0.7234976286578145,0.727503867574756,0.6548367079342102,0.6888618758254623,0.7377908013811617,0.7368718664653555,0.8454530481960774,0.7233963107019973,0.758083600745289,0.745924389819881,0.7380755104654984,0.7762683278024491,0.7633373787005947,0.7004276252895111,0.7971719131820928,0.726715015864675,0.7821056274774753,0.6884387759638548,0.7607441815549416,0.7538130072493373,0.7188630149257923,0.7261465344831373,0.7398368124953748,0.7166061530190485,0.7387167363552195,0.7320468267010443,0.7470892147690341,0.8072204590394276,0.733905508621712,0.7252159601101505,0.7560492912222125,0.7312658553103397,0.7813361587797728,0.7474364630519228,0.7737361225998041,0.7468195819496031,0.7704062455280623,0.726179108071073,0.7465770813359894,0.0,0.7516939982967998,0.7708157547052765,0.7397445475856351,0.7660605806088655,0.7108112792491996,0.7276141396718149,0.7567959654117856,0.8194558411948313,0.6568606093745193,0.7595422872535404,0.8064234483705389,0.7495165800881852,0.7409302026006886,0.738583734560595,0.6516853582638685,0.7401327826776708,0.7350269763487102,0.6942925312299153,0.7234436872172091,0.698910732467616,0.7241021698904903,0.7992469570687254,0.7278271974773106,0.800624604827061,0.8564406484631641,0.6853247524665176,0.7210285267065636,0.7303596155604903,0.7532106682141461,0.7032871561133249,0.7249207879242237,0.7383134598122373,0.6609658323894945,0.7550868596363215,0.7321206428772788,0.7484111099694745
KOR,0.6787169482806392,0.47113230080054586,0.538214107058836,0.5452087218579046,0.46148314231966797,0.4819462856195897,0.5875235448372128,0.5415725266329385,0.46141024328626296,0.4879256213448651,0.8179869254687868,0.48027531927799977,0.5670528098725737,0.5286984144076026,0.5029469447904232,0.6168567245950521,0.6630298422369357,0.6410225548180306,0.5849611710185783,0.587163838101476,0.6103869198699174,0.4655543447822343,0.4752247652210151,0.5070544623800489,0.5699750000145426,0.4630509765827873,0.5875444087312984,0.48702881803198883,0.47975173518917197,0.4832065935281298,0.504759673776723,0.6380465470978692,0.5527534795912127,0.4685959447287199,0.5714415887280578,0.5888819454216487,0.6213723749077698,0.5744511299325231,0.5378023531123081,0.4755106299788813,0.5932078607027456,0.44867631760195925,0.7180961242464974,0.7516939982967998,0.0,0.7833699700550333,0.5710476743093224,0.6052788659741232,0.5672191002983753,0.5450079530030734,0.5333408519504372,0.6376349032016048,0.6218399731642381,0.60208270399138,0.7227809982107699,0.5037989013035543,0.49020819981311425,0.5387410726087924,0.49810173772825383,0.6061977276396796,0.557941129838333,0.502105528317202,0.5024771194850326,0.5181371635798415,0.5356845878510249,0.7092713269708111,0.5776440182332041,0.5539780468811718,0.7957627431827037,0.4923296198970888,0.5008173581648907,0.47906402524581754,0.5019941600488245,0.5507568077662449,0.5220608826918421,0.41225219192769935,0.5855489485529546,0.49010585592282774,0.5999962788144336,0.5707760822747981
LAO,0.693889152501071,0.7063519283677081,0.7199640555828545,0.7324307318390774,0.7310694505781102,0.7565611464575543,0.7323528322367204,0.7203607182814946,0.707526056513237,0.7421289037499859,0.7625540315272354,0.7325680477573444,0.7568622620268646,0.6996776924191228,0.7351977202529625,0.7125658647694012,0.7313844247094297,0.7642169966405276,0.7163504186031415,0.7079610700372728,0.766554291488316,0.7147162103300438,0.7708453707841093,0.7413442809975548,0.7395416984375328,0.7529112909119325,0.698931201494071,0.7357741037838532,0.7501061220012433,0.7474353136451077,0.7628419833925231,0.757637118054285,0.7325543383903446,0.6985736426754157,0.6906948752113505,0.7569147632537139,0.7671988565616539,0.743509775936389,0.7994192150708485,0.7644479050196031,0.6990249749218425,0.7400629805277241,0.7279115904189578,0.7708157547052765,0.7833699700550333,0.0,0.6953100412015591,0.757576929332819,0.7611199607232148,0.7297132641980223,0.7480282354112252,0.7750707122446131,0.7151416655732783,0.7072929256586381,0.7709396254947709,0.7551504651690708,0.7456589736221703,0.7092110020681421,0.6813441634855335,0.6964325510514106,0.6845497345099186,0.668754988571521,0.7458965723152905,0.7067400067299433,0.6902206296096681,0.8047473417105049,0.7662634378662244,0.807793642527586,0.8383773168574061,0.7152396289943419,0.7428177295051281,0.738762727387825,0.7253529553520546,0.72462530307659,0.7199141007142433,0.7342034353985951,0.6908179811756578,0.761830852600113,0.7050632787364244,0.736283909223974
LTU,0.6533213272344174,0.5472889726751762,0.5499095377340046,0.5351438545800784,0.507960579129304,0.5371506958566413,0.6083487436427059,0.5495330721673893,0.49045206815970277,0.5352954696333709,0.8051999679643379,0.5369056634023152,0.5652894785482301,0.5915952270883568,0.5868507221996291,0.6068243640457917,0.6385962054349432,0.6497606808456683,0.5794411209412141,0.5431381905785176,0.6336668390486999,0.49932445309735696,0.5578545771413048,0.5562509421072158,0.6029158054838076,0.49069137852842226,0.49592307432480137,0.5352190027107339,0.526328358078863,0.5225910846041115,0.5707708383442112,0.6425591601378225,0.5374227760731235,0.45451101079578327,0.5687284084286408,0.5850416989178097,0.6110592506639254,0.5596758719286062,0.6131146193351682,0.5318072133385113,0.5854358467121283,0.5326857115272194,0.679149111177739,0.7397445475856351,0.5710476743093224,0.6953100412015591,0.0,0.5984150220856778,0.5140171175140021,0.5691628382940219,0.6075396889757078,0.630437674370421,0.6274494850905307,0.587456531567156,0.6815983367365797,0.5417002087136499,0.5331353867733643,0.5445336567264407,0.48081354397162185,0.6167910194675724,0.5106552567173666,0.4880290807202594,0.5315117625878132,0.5254265692929607,0.5330465035228444,0.7047812715675102,0.5770912985408665,0.619481982760581,0.7579226513032609,0.48180159260306754,0.49882472692089025,0.5296300115727682,0.5553538452140974,0.5705845011619223,0.5404323837700791,0.5227445922802924,0.5351538727752889,0.5720338817133923,0.6046554807236192,0.5907712338495545
LUX,0.7070501010786604,0.568916086884131,0.6087424919452028,0.5363711558476654,0.519068424768922,0.5294572395058649,0.629567026671099,0.609403578400515,0.5977492952860092,0.5912911482606574,0.8359292769657892,0.5501415378665159,0.5448715003301778,0.6250291100075072,0.6564490299431854,0.6467697682362274,0.671053238744859,0.6317362140181783,0.6444638376271095,0.5666176474865117,0.6036529234141117,0.533948163429175,0.5680943714942385,0.5214113986719939,0.6865343900271925,0.531505716490641,0.5561414489957415,0.5633627538789552,0.5185552504981493,0.522902994530498,0.5599974565060803,0.5984858694467206,0.5911569253987706,0.5603246153483827,0.5878687371589438,0.6499470445167336,0.5772633890661224,0.5721381662546997,0.5824264995009698,0.5281972994253373,0.6593088591850532,0.577167814314123,0.7059678591398406,0.7660605806088655,0.6052788659741232,0.757576929332819,0.5984150220856778,0.0,0.5806237699327556,0.6221769066716426,0.626532314437863,0.6318137110916028,0.6791596692863808,0.6250359653639932,0.6798485935699673,0.5140835388663808,0.5609479098781827,0.5560072296629719,0.5966584295046753,0.6507338755639606,0.5925408212317568,0.5443916190665079,0.5357074357421424,0.6053309533681008,0.5923612483710435,0.7178725018613388,0.6198000061193646,0.6101326862489018,0.7845317888602803,0.5695714229024165,0.5375751415159032,0.5478059507741282,0.619735634100529,0.6297301507929067,0.6004070476963581,0.5639690825664943,0.6732720929926334,0.5518477601295502,0.6924640205334235,0.6499598658196946
LVA,0.7182600411650097,0.5561091821725378,0.5491184285179974,0.5196552322229856,0.503704144061185,0.4836120790742441,0.5828750255314381,0.5578577039532631,0.5373771718481596,0.5619255527015762,0.8180581060774884,0.5256660052867426,0.5557381833591176,0.593443826109148,0.6084617228116749,0.6239014391922392,0.6598036254533353,0.6183096158033125,0.646177671723257,0.5780373611528741,0.5807515305599047,0.46900743681302814,0.533429941906509,0.5425525502856803,0.5772063386608794,0.4861802036171778,0.4703493944277438,0.5007922523236423,0.501717473817897,0.5180572255166553,0.5164462100325884,0.6519087187520926,0.5349782848103671,0.5011045278496565,0.6197241007927381,0.6215649757129161,0.6209322152795608,0.5627035913815894,0.6132487910530924,0.5118182153291133,0.6068062937230436,0.5322510762658054,0.6752115279841484,0.7108112792491996,0.5672191002983753,0.7611199607232148,0.5140171175140021,0.5806237699327556,0.0,0.5841734630454669,0.6312473330708581,0.619966061911851,0.6621446510450992,0.6228708933361727,0.7077978430957209,0.525693101908136,0.5236343094781324,0.5532786062793201,0.5371339826792807,0.6229648756890606,0.5786166038630278,0.49086557707194595,0.5192666100468417,0.5477279574403343,0.5150098958718304,0.7238259006670602,0.5535204566134456,0.6149383491005607,0.7492866105481517,0.4776382890674564,0.49698994243608163,0.48695501286747356,0.5979536978045885,0.5746676872078751,0.5403758131496667,0.5423753266574685,0.5793008454735489,0.5674302766421772,0.6294421756430312,0.6082655102057595
MAR,0.6589628106006881,0.48473064262499294,0.5269952078949572,0.5318412960352298,0.5195174223531008,0.5284340554596575,0.5935369254389755,0.5079699194113028,0.48138729011151615,0.49892397801844973,0.767821109952052,0.5205837404590252,0.5954487360158566,0.5489226831831785,0.5511728403927203,0.5955325097850374,0.6568626470506063,0.6164826937426403,0.6033325711537031,0.6148393987965042,0.6475875078295735,0.5023095003007828,0.549489840694427,0.573316569643064,0.6025758490105569,0.48026443035191135,0.5640780345987598,0.5372110696131502,0.5044777931966713,0.5426267816741254,0.5349530051709739,0.7074879115961468,0.558002282660869,0.47631123605605596,0.5553266642914015,0.5756356023529188,0.6249273671164499,0.592383346268181,0.6017175483893311,0.5193016138018984,0.5907056556580325,0.5199529896189037,0.6843072797778821,0.7276141396718149,0.5450079530030734,0.7297132641980223,0.5691628382940219,0.6221769066716426,0.5841734630454669,0.0,0.5782714366365452,0.6675534411911781,0.6291786941653147,0.5705872658909971,0.7395833069063737,0.5591459261214848,0.57355408467501,0.5597304110526301,0.5125966390436469,0.589564536757649,0.5351543576693288,0.5037212896364685,0.5115513261980573,0.5634376699841902,0.5258975763412754,0.705726277211612,0.5910428329697058,0.6332813699395108,0.8030942399280467,0.5202856945989426,0.5458551814170746,0.5158667916747954,0.5297621233799776,0.5767042950315427,0.5165779800926433,0.5121913106490635,0.5834082655872237,0.543969125449039,0.6058673633466087,0.5771937143908374
MEX,0.6619924224498979,0.5294502147504796,0.5058136044618362,0.55267212305941,0.5345687237255043,0.5502822494890436,0.6040811179298645,0.5898790209982875,0.5373185884822078,0.5373781749799531,0.8007291172907135,0.5157045598457981,0.5821248866860003,0.5564917435148646,0.5344005794260096,0.6255389115599248,0.6469951763940742,0.6162626691999843,0.5974964807949585,0.5781178366729186,0.6802962089559481,0.5280324296159609,0.5471432467135361,0.5827082596463172,0.6240238394453496,0.5513224459636333,0.5982392031285654,0.5428159984502834,0.5529450129186302,0.5126560192505479,0.5836414478014262,0.6726722706131717,0.6046623741659432,0.5139649476442395,0.6020523126694307,0.6098427481451245,0.6622616581966635,0.632653239936479,0.5779939093820223,0.5195932225834223,0.630388883540711,0.5330173836459896,0.6289001590642042,0.7567959654117856,0.5333408519504372,0.7480282354112252,0.6075396889757078,0.626532314437863,0.6312473330708581,0.5782714366365452,0.0,0.6734891760111463,0.6303025490592521,0.6132086669122148,0.708080513268288,0.5455532270494963,0.5575094768571748,0.5849927291630304,0.5492728014076751,0.5999977270558118,0.5750962703035888,0.5391994491198235,0.5584877964874674,0.5843971157065803,0.5445995466508596,0.6586937582289595,0.5975646530779489,0.6347606849641679,0.8355587937250248,0.5686582718299314,0.5769187495222021,0.5229927039497482,0.5822929045567964,0.5996667694684398,0.5618464818944316,0.5213797707476747,0.6046222858856237,0.5089645232506165,0.6159399453746947,0.6195602839855187
MLT,0.7296565850133573,0.6181290388289733,0.6658656024390381,0.6355366395885788,0.6195572519488706,0.5873894128220594,0.7020787281306656,0.6684480073371677,0.6313369314302538,0.6457571208322138,0.8782252392940193,0.6324590455040079,0.5977638394405369,0.6779435695092874,0.658763145525794,0.6699477276277471,0.7323699841319835,0.7398072425473261,0.6830222130704103,0.6558286544756613,0.6627407107111775,0.6081953278991165,0.6314959002028706,0.6159546220008355,0.7200297092971262,0.6045879954307265,0.6060865503753625,0.6313335234398203,0.5982215034459725,0.6051275109257749,0.6277953167796912,0.6837199197764937,0.6518108341465079,0.5901205982387187,0.6652478170676772,0.6885508026155442,0.6390336627130083,0.6118421945188149,0.6778485313479923,0.6128533762512589,0.6781078608423904,0.6173321750744326,0.7708424250687205,0.8194558411948313,0.6376349032016048,0.7750707122446131,0.630437674370421,0.6318137110916028,0.619966061911851,0.6675534411911781,0.6734891760111463,0.0,0.7568120694532999,0.6684991922121191,0.7809342637118891,0.6052963440092493,0.6356940596394538,0.6515435340704269,0.651263180942504,0.7103477085325863,0.6263392380910513,0.6074763037596702,0.611057753741647,0.6588982684202866,0.6177462671394384,0.7808561521788062,0.6578584848877945,0.6613360303431777,0.8071000322655543,0.6067664121898607,0.5994036239022796,0.6142638076218209,0.6528120445397217,0.6508392733849367,0.6243237729517512,0.609809064489219,0.7047204672024407,0.6476081049614837,0.657048149016733,0.7098135665626623
MMR,0.7029243964449543,0.5952039066591139,0.569402015227429,0.5709122535838826,0.6144042066851296,0.6452316329130943,0.5265456598287396,0.5756518012482441,0.5326883176086255,0.608919394995467,0.7904859256791246,0.6167637483805356,0.6760846983009795,0.6096556303490362,0.5860699919799087,0.6862278091591559,0.6804646132695844,0.6471036810410458,0.648236148135492,0.6487559322476358,0.6934033172875078,0.6078660979704972,0.641178834059713,0.636773109512916,0.6214278475514168,0.6071340446102323,0.6571201512275588,0.6208960050369905,0.6232926403729546,0.6102935489946507,0.6351563673669173,0.7690875107848242,0.6235568415419458,0.6029190905011509,0.6365304087001004,0.5978152541513121,0.678317151842177,0.6423101994498759,0.677126258688498,0.6098692159056989,0.6761684147021599,0.6238607230006812,0.6634862760918957,0.6568606093745193,0.6218399731642381,0.7151416655732783,0.6274494850905307,0.6791596692863808,0.6621446510450992,0.6291786941653147,0.6303025490592521,0.7568120694532999,0.0,0.684866205336795,0.7219381127743882,0.6346080881081281,0.6168654767237733,0.5985350160645952,0.3790529639185079,0.6172509198245898,0.6430511003585391,0.5972049061642278,0.6297970839583336,0.6088597374698632,0.634261710572935,0.7243165942035144,0.6627219180247473,0.7091229028242932,0.8395428802512791,0.6271469412317695,0.6298273896691402,0.6224550486256216,0.6206722391991814,0.5824500341048832,0.607494407491686,0.6027223122278582,0.5946600509725873,0.6218657063989532,0.6319741378591758,0.6717459372705409
MYS,0.6637098881812761,0.501833735174474,0.5952146954813339,0.5671011874326073,0.5688504085342903,0.5803118319450411,0.6482173353027788,0.6116772561622335,0.5371446381619804,0.5605724513543421,0.7544127414910442,0.5612824890098059,0.6143754439525577,0.6306831583169631,0.6005989901297732,0.6525142855133992,0.6265565301242063,0.6469258072106089,0.5946266899439008,0.5951690144085344,0.6445214574959843,0.5446248722397267,0.60340897838042,0.5881388462997792,0.5972649949944547,0.5665602680518385,0.5829749594920676,0.5918568802833314,0.5787037649637446,0.5532405905729256,0.6110558584165369,0.6314653266713524,0.6030005449473723,0.5521721160462851,0.53198577921325,0.6339732489829359,0.6587947091312925,0.6226784182344711,0.6168276089070162,0.5824311910055435,0.5711364944268008,0.596411130895762,0.660664846940947,0.7595422872535404,0.60208270399138,0.7072929256586381,0.587456531567156,0.6250359653639932,0.6228708933361727,0.5705872658909971,0.6132086669122148,0.6684991922121191,0.684866205336795,0.0,0.7400282198206173,0.5669344818278197,0.5834897068806921,0.6133373764104324,0.5875494331755651,0.631851308684366,0.5182978253487284,0.5522368669763119,0.5938944095804619,0.5725490524241795,0.5321102278168709,0.6603912816270395,0.6394243079028846,0.6295606471348727,0.7935461403337379,0.5569438474174568,0.601966899819687,0.5812029416203276,0.5396824813932011,0.6308019812565764,0.5971157392683256,0.5229693268963084,0.6049651511628574,0.5840590186746778,0.6044028433340166,0.5801534103822407
NGA,0.750989505988161,0.7115154707881685,0.7000840090583504,0.6492116846425632,0.6736540807740006,0.6858249138632353,0.6829321134966709,0.7153202608933017,0.6949782520676424,0.6887122256048411,0.8477254057076252,0.6544346756407645,0.7014507120877109,0.7079651912435273,0.7016710241691723,0.7324248321871071,0.6801010476906517,0.7366014160328512,0.7127341575404292,0.6464992270114519,0.7547614344985485,0.680525477909981,0.7036561584483657,0.6815693337357361,0.7440848206301282,0.6771802186391612,0.7057073112015124,0.6920528645952028,0.6882669519864244,0.6589214059245211,0.6958153317559405,0.7345608574049521,0.6985448086843941,0.6715638662536044,0.7170371813562738,0.7413464244213626,0.7234187613400812,0.702365492126557,0.7166262327630479,0.6718897275747036,0.7407774001952322,0.7008988636763037,0.7193126113203979,0.8064234483705389,0.7227809982107699,0.7709396254947709,0.6815983367365797,0.6798485935699673,0.7077978430957209,0.7395833069063737,0.708080513268288,0.7809342637118891,0.7219381127743882,0.7400282198206173,0.0,0.683964676747844,0.6875086892143806,0.6567879058603942,0.6783034142672186,0.7211871046028722,0.6763044073762114,0.6527070965750663,0.6868889372306131,0.6825193447804415,0.7169126846223824,0.7555230238589103,0.7075540046390636,0.7614902888484796,0.8284737799209532,0.6977991313559179,0.6797990110848549,0.6894723028749098,0.7144363957840182,0.7059466110656129,0.6920564555293485,0.6948132559055388,0.7157905490646411,0.6557179319609119,0.7352697012403806,0.7173077116380115
NLD,0.6415170170441693,0.4659576946882347,0.5208681900679437,0.45795641354675587,0.42126120473777584,0.3961456673932544,0.5740429354278662,0.5276012486218754,0.4976988655445049,0.49408789569640466,0.8076127550785877,0.439155206866924,0.48778297181888736,0.5106964297372059,0.5822716083308241,0.5894342254624648,0.6275188775643614,0.5876741947675747,0.5607951585761524,0.5294366050471949,0.5916695405706476,0.4420426067196339,0.4038439983342946,0.4092209586518355,0.5924750760729002,0.43812045259557997,0.4898439594434764,0.47121802066240126,0.3833756892583879,0.3575090890351607,0.4711620867537635,0.5552892074080287,0.5182026060976257,0.47158480578071355,0.5516123954216888,0.6059245963590572,0.5432894702387137,0.5265368598094028,0.4645003428311514,0.4111944101687163,0.6138682942988547,0.4829226158766698,0.6539258792864238,0.7495165800881852,0.5037989013035543,0.7551504651690708,0.5417002087136499,0.5140835388663808,0.525693101908136,0.5591459261214848,0.5455532270494963,0.6052963440092493,0.6346080881081281,0.5669344818278197,0.683964676747844,0.0,0.4271158361570513,0.46052821779084974,0.5137074558854703,0.5679217158044143,0.5463046127870833,0.4631017068298852,0.44135501667027355,0.5240533289968106,0.47456150236687317,0.6649646455640927,0.5516820960401556,0.5304699362281209,0.7623958725115292,0.46858357383682525,0.43462434874084094,0.44889267309616354,0.5360928703281899,0.5732923366237838,0.5413956262476155,0.44979811818444143,0.5999492313198409,0.4205383130101553,0.6221140407892611,0.5607529267974369
NOR,0.653878108651377,0.44914993204406417,0.5468574718631445,0.4663244660293827,0.42067098416091203,0.46739888901773174,0.5475794370755374,0.549554349843543,0.4738086810843909,0.5162062294082712,0.7819584345741198,0.44827130191298226,0.5090520005888054,0.5373336185938907,0.5575333894874459,0.6032001654365755,0.6391876816458086,0.5857265393443782,0.6070518816644564,0.5312463513418808,0.560421803732876,0.4528106048635488,0.44185103854582136,0.4307837148517915,0.5776562104348778,0.4522768491988703,0.47011359080416526,0.44903493677663964,0.45541139068991343,0.426428360215789,0.49838605050402324,0.5727454567518899,0.48617218107311444,0.4777459638344722,0.5330913496547784,0.5962458198250236,0.5637484853668314,0.5026302071766577,0.5392926738514194,0.45013610803221243,0.5867775840724392,0.4730455790181807,0.6624230461153721,0.7409302026006886,0.49020819981311425,0.7456589736221703,0.5331353867733643,0.5609479098781827,0.5236343094781324,0.57355408467501,0.5575094768571748,0.6356940596394538,0.6168654767237733,0.5834897068806921,0.6875086892143806,0.4271158361570513,0.0,0.46634807628386665,0.4990329592310938,0.5783305212132277,0.5438735367040887,0.4700796536528101,0.47068274496819373,0.5307457008053601,0.484362990274169,0.6974301788686403,0.5757337614095345,0.5364860006026804,0.773021691377241,0.4914538275228289,0.47890132034080773,0.42530322968077694,0.5432574193290959,0.5469405628053705,0.5381122320206038,0.4514021489462696,0.5955204428017103,0.45173676307600796,0.632425571921795,0.5700632509444067
NZL,0.6343593391802145,0.462684712518063,0.5064348663025974,0.447647684068208,0.4339656044882776,0.48004520842454323,0.547812447655674,0.5400381411335738,0.4908385561068343,0.5044575145379999,0.7700865397736395,0.473787275583459,0.5168312869656224,0.4745416420714397,0.5720092997071643,0.5768591677496032,0.6190008479307259,0.6307262668688557,0.5605747728111518,0.5631504678550975,0.6119819833595824,0.4550856567370506,0.47107041942373257,0.5036195167455909,0.5979988454067366,0.46641451589656496,0.507763800601837,0.5080426315082496,0.44051632125020895,0.4346538568371212,0.510190861908629,0.6235087141155959,0.507788240816242,0.47529471805577267,0.5578214135912614,0.600663729251836,0.5612413566574135,0.5335766749750552,0.5370253145399515,0.46277893589363983,0.602680862448973,0.5169454815987332,0.6470393940084499,0.738583734560595,0.5387410726087924,0.7092110020681421,0.5445336567264407,0.5560072296629719,0.5532786062793201,0.5597304110526301,0.5849927291630304,0.6515435340704269,0.5985350160645952,0.6133373764104324,0.6567879058603942,0.46052821779084974,0.46634807628386665,0.0,0.489242503572784,0.5457231463643764,0.5444769933449288,0.4794142569452961,0.4701254784112202,0.5335725513226133,0.49699947785179216,0.6984519942613134,0.5641632959259746,0.5858295610067198,0.7846822865586726,0.4825020991277539,0.4880474007282763,0.45711377281212595,0.5600114107871669,0.5709008990438919,0.5327252786642189,0.5040724765529596,0.5990537106679514,0.46132855201679807,0.6099658379742816,0.5637734503575893
PAK,0.6238803874223615,0.5144151714065215,0.44817826872671157,0.45593262209054297,0.46659800571044124,0.5177459581626243,0.4432977498993407,0.4546383537914816,0.38392421349530687,0.48908357941802744,0.7988447372363798,0.4813175402862261,0.5566929011079368,0.5224136001056667,0.5026205634565717,0.5958239085765248,0.6241406066170974,0.6219961283612114,0.5567983947177587,0.5402835758138728,0.6189958879462645,0.4452901140329325,0.5206719470370422,0.5261595211005602,0.5285734093973705,0.46223839591323923,0.5324927546581151,0.49285970585022815,0.48433737100857854,0.48293039704528823,0.5034534967355101,0.668013559583552,0.4998039224266287,0.4213578654961896,0.5575962097448143,0.5123234527815848,0.609561656460415,0.49953344442894476,0.5912114083653472,0.48972804117458796,0.5667559176660201,0.49334821437095905,0.6361417120762703,0.6516853582638685,0.49810173772825383,0.6813441634855335,0.48081354397162185,0.5966584295046753,0.5371339826792807,0.5125966390436469,0.5492728014076751,0.651263180942504,0.3790529639185079,0.5875494331755651,0.6783034142672186,0.5137074558854703,0.4990329592310938,0.489242503572784,0.0,0.5677831998386395,0.5060040955160277,0.4597444505071269,0.5016425209707954,0.48751666674803346,0.504846347223582,0.6968245005155649,0.5634886608430058,0.6191322187435694,0.7896378922547856,0.4556423068988121,0.495075747137023,0.46848421831038706,0.5204553351852069,0.5074807076695563,0.4768217841320227,0.4822962473997212,0.48972078436676736,0.4929748911740816,0.5430286101856026,0.582955932211493
PER,0.6739686515553736,0.523778333893835,0.5181775570369943,0.508612297009935,0.5855102263341956,0.5693935967402538,0.6145747799772239,0.5738498672697077,0.5553202779567694,0.5631891146147355,0.7680572251690548,0.5570891132748884,0.6217628814596594,0.5264577213623435,0.6166330589436724,0.6194426543756174,0.6401712814627285,0.6122473864570581,0.5812874810125773,0.6282958999430552,0.6767099115310247,0.5633836546159204,0.5841264666297641,0.6062771002543614,0.572215110888213,0.5456762859032305,0.6169849758954793,0.5849053533085481,0.5606406519173053,0.539688790005363,0.5839659130260313,0.7102685164128996,0.5978994462878842,0.5590472263144343,0.619818737900926,0.6336899461222789,0.6230395791510095,0.6017071139001517,0.6034169188069085,0.5662494006042953,0.5987759967661944,0.5780236762470474,0.5973011661674411,0.7401327826776708,0.6061977276396796,0.6964325510514106,0.6167910194675724,0.6507338755639606,0.6229648756890606,0.589564536757649,0.5999977270558118,0.7103477085325863,0.6172509198245898,0.631851308684366,0.7211871046028722,0.5679217158044143,0.5783305212132277,0.5457231463643764,0.5677831998386395,0.0,0.6264445959702564,0.5649234895888354,0.5526295077117094,0.5880423548696673,0.5566771079142768,0.6645500584255635,0.6136546601683867,0.6594156474617587,0.8145812241565619,0.5967923517716176,0.5876720611397616,0.5685957467809472,0.6012180636902528,0.6289197569066576,0.5868790338159188,0.5529969880490231,0.6182493931626742,0.5510712808454289,0.62877400488032,0.5897455072035515
PHL,0.6049643829333983,0.48999318518014,0.5545413510912874,0.5311733065622078,0.5077465043174602,0.5343911402064407,0.5831053171318328,0.5619046630792656,0.4843874942005535,0.5158916067327987,0.7704843520204399,0.5038887188395519,0.5725699096900995,0.5614295774236512,0.5450717358242402,0.5783761956838928,0.6027822275223269,0.6605589291410048,0.5892322592820923,0.5354170743863211,0.6339495108623511,0.5119172096581817,0.5683459698844164,0.5414042162708621,0.6161528854093093,0.5133859367800432,0.539359318560869,0.5540672481659116,0.5326499510602813,0.5206046398665327,0.5374080062297936,0.6196250643260822,0.5409553108963697,0.4820544017689502,0.49630416726506216,0.5778983246448121,0.6320106388731646,0.581806203622198,0.6028371028780635,0.5351843548257255,0.5714537817142683,0.526740815173281,0.6580149312009664,0.7350269763487102,0.557941129838333,0.6845497345099186,0.5106552567173666,0.5925408212317568,0.5786166038630278,0.5351543576693288,0.5750962703035888,0.6263392380910513,0.6430511003585391,0.5182978253487284,0.6763044073762114,0.5463046127870833,0.5438735367040887,0.5444769933449288,0.5060040955160277,0.6264445959702564,0.0,0.49140053465019834,0.5354882167717395,0.5486084616690946,0.48898641898693784,0.6751940105362384,0.5880050374789652,0.6043414623611573,0.7846687300768803,0.4887866755647341,0.5559189043235837,0.5237307865894288,0.5237614154795117,0.5919439898755581,0.532948909095009,0.5082525834630435,0.5772473109895503,0.5582889796089716,0.5720565846635344,0.5672531782789579
POL,0.6352065405885037,0.4465159761829179,0.506269276029687,0.4508666384260465,0.4218754139040297,0.47102727319824667,0.5459959317419318,0.494037298595857,0.45732700644153484,0.48374381712539033,0.7799519944231703,0.4460046563041324,0.5184404820149395,0.5063087789725008,0.4941799701738779,0.5732352743264222,0.606899018602948,0.5849005868619739,0.5636510550345488,0.5199951821854337,0.6075947221185921,0.3698468694852595,0.46798516367728676,0.48737007903604257,0.5856067931265866,0.42457680133581116,0.47953868963209495,0.4503663153836004,0.449225762416589,0.4473467990504123,0.4858266155306892,0.6218765067042636,0.49071309848822475,0.41946915709994786,0.5158490667458617,0.5630223966659275,0.5709826189254286,0.5406174765568305,0.5660851915817268,0.4543383686663472,0.5653385991276025,0.452289309616357,0.6419327376904246,0.6942925312299153,0.502105528317202,0.668754988571521,0.4880290807202594,0.5443916190665079,0.49086557707194595,0.5037212896364685,0.5391994491198235,0.6074763037596702,0.5972049061642278,0.5522368669763119,0.6527070965750663,0.4631017068298852,0.4700796536528101,0.4794142569452961,0.4597444505071269,0.5649234895888354,0.49140053465019834,0.0,0.4602420801453921,0.46198930663620497,0.45503208583240035,0.6946251361817912,0.5347834117376635,0.5846437254983728,0.7870508617819209,0.4073654950778971,0.4351665961523327,0.43071575651936755,0.5201432721307229,0.5307859243382861,0.48738341631536247,0.45865090556595145,0.5102093724250508,0.4779024266295675,0.5727765390709132,0.5488974029665301
PRT,0.637668214248422,0.46869327514523174,0.5070268247672026,0.45997064270372606,0.40226754595700853,0.4172250659886148,0.5636272378911942,0.502084719423804,0.5041879396594544,0.4808647914766503,0.7939856724049791,0.4695770334296919,0.4721316588092123,0.49366761247336105,0.5663316913423814,0.5869638519578639,0.6307342761370905,0.6053155371475717,0.5574853808193267,0.5533929383155652,0.5925651909527991,0.43644680077604187,0.4774065412302643,0.4732553910652561,0.5973992624821489,0.41961567684686213,0.527925169931333,0.46334153240738124,0.4287999593363525,0.44553521611230334,0.4679464927235442,0.6007372157035246,0.5138618260066691,0.4456005338391831,0.552442762571834,0.5901807990524941,0.5382325812371447,0.5410575812267698,0.522780901009259,0.45001738564784355,0.6151528449153475,0.4734171728679735,0.6633665107830599,0.7234436872172091,0.5024771194850326,0.7458965723152905,0.5315117625878132,0.5357074357421424,0.5192666100468417,0.5115513261980573,0.5584877964874674,0.611057753741647,0.6297970839583336,0.5938944095804619,0.6868889372306131,0.44135501667027355,0.47068274496819373,0.4701254784112202,0.5016425209707954,0.5526295077117094,0.5354882167717395,0.4602420801453921,0.0,0.5382748588799174,0.5147871345941384,0.6801942938138444,0.5540522302884265,0.5712200143632873,0.7632400904798878,0.46829976567774,0.42641632906487376,0.4415051978696646,0.5393246785103195,0.5547604794196597,0.5084665316544187,0.4632375650391539,0.5950281503390975,0.4785133235062396,0.6117342445524039,0.5373690347407907
ROU,0.6450140636139512,0.4925573810917656,0.5179339146233998,0.4917614421884373,0.4951401903376076,0.5389639370854453,0.5806391018160274,0.5208040412714184,0.46145631491187533,0.5260278851366259,0.7986222898871692,0.504481441506116,0.5915098244532966,0.5693022217314515,0.5033409002524168,0.6298753420468198,0.619816854185585,0.559702324240405,0.573033813565612,0.5916566427937625,0.6573054075597121,0.4397478534451493,0.5394534670871279,0.5485387134457892,0.5580588194979609,0.48884385421333343,0.5356377827990031,0.5242315882893478,0.5215694881142409,0.4767535186035761,0.5508536679539251,0.6652844098471721,0.5295867998295796,0.48029883339351725,0.5442233493229707,0.5704671347116713,0.6012184232643514,0.5707130801401691,0.6079807620370077,0.511094565217733,0.5592236308242504,0.4987358529665099,0.6775194247746807,0.698910732467616,0.5181371635798415,0.7067400067299433,0.5254265692929607,0.6053309533681008,0.5477279574403343,0.5634376699841902,0.5843971157065803,0.6588982684202866,0.6088597374698632,0.5725490524241795,0.6825193447804415,0.5240533289968106,0.5307457008053601,0.5335725513226133,0.48751666674803346,0.5880423548696673,0.5486084616690946,0.46198930663620497,0.5382748588799174,0.0,0.5114731250147615,0.7115340915862168,0.5826602063759152,0.6323632472875049,0.7701247255612118,0.4449407483120873,0.5095686909764429,0.5239324395945346,0.5078099274241576,0.5455217294237105,0.5059280876952987,0.48802086402961703,0.5448090061315878,0.5272674067275326,0.5611989862795981,0.577219271133659
RUS,0.6068707885496882,0.40419103633290365,0.48636858511964765,0.48548265136689317,0.467152747447693,0.4870410439075955,0.5592626015487772,0.5130246594235495,0.4562679643053187,0.48316083982453345,0.7613131478405113,0.46726283392120177,0.5457307702691128,0.5211881795433569,0.5296892818327988,0.5929992883849979,0.6060165527506908,0.5939459029792342,0.5879255095705589,0.5709702710554664,0.6214964886587299,0.448148857115858,0.4959415996498265,0.5260592667479582,0.5521168970243054,0.4865364543140574,0.48906172085953026,0.5107479396843552,0.4838846132290224,0.45545218107128,0.4897873905057672,0.6356576574499717,0.503102795393003,0.44914866555381194,0.5126957212206792,0.5544810250403664,0.6201365836455585,0.555940899591735,0.5582661711350694,0.47417118077338605,0.533088878513083,0.4930956569853686,0.5797851505734128,0.7241021698904903,0.5356845878510249,0.6902206296096681,0.5330465035228444,0.5923612483710435,0.5150098958718304,0.5258975763412754,0.5445995466508596,0.6177462671394384,0.634261710572935,0.5321102278168709,0.7169126846223824,0.47456150236687317,0.484362990274169,0.49699947785179216,0.504846347223582,0.5566771079142768,0.48898641898693784,0.45503208583240035,0.5147871345941384,0.5114731250147615,0.0,0.6627979148865534,0.5759414991273462,0.5774322211767005,0.7748232783411937,0.44318687332937484,0.518755714568723,0.47932419950395205,0.511165248494222,0.558120877115446,0.5061969685550987,0.4643015111968849,0.5390487705549817,0.4788403195183933,0.5684852213955532,0.5563866834674343
SAU,0.7289094659172366,0.6456629619416746,0.6347572048466947,0.6501198493999797,0.686945111984352,0.6802235136792223,0.6792280564947503,0.7169896490136274,0.6938856889159783,0.6691611787771329,0.8267921142476083,0.6883789375721705,0.6976020872027785,0.705109099797892,0.7087574199766,0.7396006330576641,0.6852806445374661,0.7044215605528021,0.7011566383485989,0.6986016776043733,0.7375851909400787,0.6937201196711519,0.7046378804330812,0.6815043564729915,0.6537006444217605,0.66065825007813,0.7083152410085505,0.712555865078331,0.7071742867930912,0.6571367701204918,0.7053710132271139,0.7328076758108824,0.6932284962743532,0.6980478843459553,0.6962249379834717,0.7177431163563891,0.7523405125276686,0.7216899234235121,0.6938886124374153,0.6706360522278256,0.6910494146151162,0.6948075685957646,0.6086624569140439,0.7992469570687254,0.7092713269708111,0.8047473417105049,0.7047812715675102,0.7178725018613388,0.7238259006670602,0.705726277211612,0.6586937582289595,0.7808561521788062,0.7243165942035144,0.6603912816270395,0.7555230238589103,0.6649646455640927,0.6974301788686403,0.6984519942613134,0.6968245005155649,0.6645500584255635,0.6751940105362384,0.6946251361817912,0.6801942938138444,0.7115340915862168,0.6627979148865534,0.0,0.7363203487147622,0.7100477287824485,0.837501387607776,0.6971979845099777,0.7179187246859533,0.7072209394812227,0.6913525795450874,0.7312241755745271,0.7104484048670263,0.6616348578934861,0.6955738932934846,0.6765247163755574,0.7074271444248652,0.694534642502405
SEN,0.693196084781172,0.6049280127806991,0.5692837715133926,0.5541558799239704,0.5391968062856703,0.5527937598423205,0.6144600676787504,0.591555486174453,0.5841403064568593,0.5733935311978757,0.8149426826546298,0.5377584779178589,0.5740532976355842,0.5697105462957052,0.625155873777368,0.5826804704387373,0.615902432582641,0.6588790954780781,0.6115772205574317,0.5567661728300505,0.654971799316463,0.5339736799576756,0.5732795393519763,0.5807334022131212,0.6487855943921674,0.5332315069511497,0.5824027995385089,0.5616061468782504,0.5337276420127283,0.5301007013765529,0.5549994871359405,0.686935629564844,0.5903655165613879,0.5477008895069858,0.6265344626225491,0.6317076582331265,0.6509910537018674,0.6048088463651671,0.6148059619771108,0.546371431434463,0.6395119209824568,0.5612090404528542,0.6960890537061558,0.7278271974773106,0.5776440182332041,0.7662634378662244,0.5770912985408665,0.6198000061193646,0.5535204566134456,0.5910428329697058,0.5975646530779489,0.6578584848877945,0.6627219180247473,0.6394243079028846,0.7075540046390636,0.5516820960401556,0.5757337614095345,0.5641632959259746,0.5634886608430058,0.6136546601683867,0.5880050374789652,0.5347834117376635,0.5540522302884265,0.5826602063759152,0.5759414991273462,0.7363203487147622,0.0,0.6468696689820823,0.7808835323067328,0.5643687644819183,0.5458724198184737,0.5448677687528348,0.6067195160005132,0.5751302508874305,0.5626524894051312,0.5638408009675453,0.6307435837954282,0.5603626889872945,0.6708900305373048,0.6018841110272738
SGP,0.6991523390494601,0.5228711964483169,0.6324531566852759,0.6028684539610013,0.5622635034998636,0.5231636495725535,0.6886681271869799,0.6480636539397961,0.5838081772696523,0.585567081261601,0.805590595195874,0.5843267915959848,0.5296579631582654,0.5964904242177866,0.6169727987031141,0.6503479100681178,0.7076139574546745,0.7161893867480149,0.6695814231717846,0.6045822334112496,0.6217334644143371,0.5778442372496719,0.5368547724238419,0.5255990854879169,0.652571838725857,0.5789495863097832,0.5843883024104392,0.5728155715775834,0.5512720161681112,0.5396688980585591,0.5685167981250726,0.5984706441640962,0.5879828924651955,0.5746419892386092,0.5897031552110402,0.6671551443920475,0.6371586472649035,0.6111006489482089,0.5324872838474038,0.5428696780552152,0.6664356421728477,0.5711184011613045,0.7462208553873484,0.800624604827061,0.5539780468811718,0.807793642527586,0.619481982760581,0.6101326862489018,0.6149383491005607,0.6332813699395108,0.6347606849641679,0.6613360303431777,0.7091229028242932,0.6295606471348727,0.7614902888484796,0.5304699362281209,0.5364860006026804,0.5858295610067198,0.6191322187435694,0.6594156474617587,0.6043414623611573,0.5846437254983728,0.5712200143632873,0.6323632472875049,0.5774322211767005,0.7100477287824485,0.6468696689820823,0.0,0.8132533364827484,0.5920597878918656,0.5923372665456268,0.551798972372424,0.5938230656265436,0.6613668631589764,0.6216865012029604,0.5300847463728817,0.6498246601448926,0.5652709869351047,0.6860417816399943,0.6443611475894225
STP,0.8358617733384675,0.7939712108443913,0.7997781824923719,0.7599412487359289,0.7457947337180262,0.7706869562100294,0.7832938713151598,0.7787723854578261,0.8003619940333512,0.7862995149003494,0.8761700732219556,0.7529315561710598,0.7976299501496469,0.809671312725143,0.8318266186272232,0.8240677654096686,0.8176699643521237,0.8025811999794165,0.8094653980392643,0.7729274589463884,0.784940115824423,0.76582622601948,0.7889753584263651,0.7698184494212242,0.8203612138430835,0.7544377122917986,0.764837873081798,0.7847025115763507,0.7770339929825028,0.7533848139148195,0.7699109872293034,0.7635472636429528,0.7826719598320366,0.7580008600349777,0.7864751525888453,0.8061908054018604,0.7357801274010684,0.74390360614754,0.7939694290407,0.7824882122761914,0.8116930734861835,0.7815658312671608,0.8286115862702512,0.8564406484631641,0.7957627431827037,0.8383773168574061,0.7579226513032609,0.7845317888602803,0.7492866105481517,0.8030942399280467,0.8355587937250248,0.8071000322655543,0.8395428802512791,0.7935461403337379,0.8284737799209532,0.7623958725115292,0.773021691377241,0.7846822865586726,0.7896378922547856,0.8145812241565619,0.7846687300768803,0.7870508617819209,0.7632400904798878,0.7701247255612118,0.7748232783411937,0.837501387607776,0.7808835323067328,0.8132533364827484,0.0,0.7660455298692646,0.7704406262075498,0.7719528773362123,0.7803862143198899,0.7792713632998806,0.7631651020582071,0.769142997631802,0.8114904065179772,0.7833999179892602,0.8391055239664089,0.7761674884018264
SVK,0.647718317282745,0.4666129033089009,0.5077678144536152,0.46772774735760303,0.4170356101655213,0.4500242329862545,0.5528836746724393,0.4874206126585276,0.4523439995044851,0.48182587353863854,0.8103801870595989,0.4638239038089431,0.5133988243636513,0.5446524342933918,0.5177456126216555,0.5956115300868845,0.6355356922101437,0.5890275026303788,0.5690295544698759,0.5502311969698472,0.6276396283096025,0.36199126494151623,0.4558953919837622,0.5182586331278286,0.5682481379969018,0.4172364029469557,0.49654963287984233,0.46303483471760404,0.4258563164848662,0.4372480229594175,0.5062466205105168,0.6196691309541956,0.4910773274756161,0.39891095412478333,0.5353812327731791,0.5590943424818895,0.5982450408272533,0.5137076018984436,0.5751928178419713,0.4313656009283447,0.5613289146898005,0.45133403825229623,0.6516182377748211,0.6853247524665176,0.4923296198970888,0.7152396289943419,0.48180159260306754,0.5695714229024165,0.4776382890674564,0.5202856945989426,0.5686582718299314,0.6067664121898607,0.6271469412317695,0.5569438474174568,0.6977991313559179,0.46858357383682525,0.4914538275228289,0.4825020991277539,0.4556423068988121,0.5967923517716176,0.4887866755647341,0.4073654950778971,0.46829976567774,0.4449407483120873,0.44318687332937484,0.6971979845099777,0.5643687644819183,0.5920597878918656,0.7660455298692646,0.0,0.44056208583629797,0.44817549588368755,0.5009261635272775,0.5345044502877766,0.47618281700171283,0.4667526942233859,0.5092532530316369,0.4978948896407019,0.5565086493705186,0.5671413008265443
SVN,0.6663055943793447,0.5049495401210503,0.5378919295087925,0.46688542222453294,0.4213546264321352,0.42813205414508,0.5702051463198011,0.49679589900285154,0.5163489186615059,0.5002024289644753,0.8209752404216483,0.4552384527070518,0.48910938236552454,0.5411373754301547,0.5485734483683699,0.5925465035755701,0.6383145651044086,0.6076596141298044,0.5813677895365318,0.5260679268630924,0.6133905568552381,0.4079321677362363,0.43480993945624696,0.4763933815487485,0.6111253221508832,0.40019422899278645,0.5003508099563213,0.44935321847979187,0.4008929115232239,0.4218115909226219,0.4918173449815939,0.6110261469718063,0.5017289089397667,0.42554278128369927,0.5603587023100345,0.5862489685660659,0.5413452269378278,0.5308679360631402,0.544015911497966,0.4298726590779807,0.6137076794446152,0.4536251134905445,0.6850612199567375,0.7210285267065636,0.5008173581648907,0.7428177295051281,0.49882472692089025,0.5375751415159032,0.49698994243608163,0.5458551814170746,0.5769187495222021,0.5994036239022796,0.6298273896691402,0.601966899819687,0.6797990110848549,0.43462434874084094,0.47890132034080773,0.4880474007282763,0.495075747137023,0.5876720611397616,0.5559189043235837,0.4351665961523327,0.42641632906487376,0.5095686909764429,0.518755714568723,0.7179187246859533,0.5458724198184737,0.5923372665456268,0.7704406262075498,0.44056208583629797,0.0,0.43928548830593495,0.547614934939517,0.5244511032377248,0.5110520399493631,0.4746780608025479,0.5877317094387916,0.47179507805355153,0.611938528148746,0.5583928024501198
SWE,0.6613012842219466,0.4580649899533379,0.4932701656984769,0.45585257714429817,0.3954444896944021,0.44028408556211973,0.5647065896186207,0.5049748964900045,0.4861699912332541,0.4839283131368226,0.7878817343869533,0.41270785005972754,0.48683898059583725,0.4705945704834823,0.5368938105342691,0.5609514686150081,0.6327424966831593,0.604279947682976,0.5863039272450804,0.5382733815874753,0.6013329824563103,0.38451946442368573,0.4219118447037272,0.45618541971411736,0.5871644531613355,0.42686179325293977,0.4918739610918326,0.3993563003692993,0.40583011786764406,0.4301629366171077,0.45880406696301945,0.614938509385829,0.5007763227742377,0.4112687573958242,0.5435101309338264,0.5712665170688346,0.5559474195368035,0.5336529354971975,0.5199035144098483,0.40880957820739205,0.5933941710530988,0.4369678612679734,0.6669301604969243,0.7303596155604903,0.47906402524581754,0.738762727387825,0.5296300115727682,0.5478059507741282,0.48695501286747356,0.5158667916747954,0.5229927039497482,0.6142638076218209,0.6224550486256216,0.5812029416203276,0.6894723028749098,0.44889267309616354,0.42530322968077694,0.45711377281212595,0.46848421831038706,0.5685957467809472,0.5237307865894288,0.43071575651936755,0.4415051978696646,0.5239324395945346,0.47932419950395205,0.7072209394812227,0.5448677687528348,0.551798972372424,0.7719528773362123,0.44817549588368755,0.43928548830593495,0.0,0.5537848309209409,0.5501158395858641,0.49626488943353314,0.4580713847708624,0.5701539063350972,0.4350615216244588,0.6094214763690734,0.5368015082986854
THA,0.652691542167672,0.45147981290031153,0.5512522823259178,0.5395700098317937,0.528545191493314,0.5396459556826978,0.6185923687055309,0.5666221128600383,0.4304330486686251,0.5159387242645667,0.771309547011275,0.5191898393629552,0.5930675212600443,0.5937300484866174,0.5176696366613087,0.6231146659205407,0.615606212955594,0.6137363923575136,0.573641617237662,0.5847920869674725,0.6370761455249068,0.5138164793085096,0.5398981241118331,0.5444571779196161,0.5849465209794774,0.49171929854174073,0.576309536787446,0.5523580162731682,0.5285432986965894,0.5204990032061356,0.5446044767997391,0.6788043024898704,0.5369721137272455,0.49740640299988953,0.4743763379304434,0.5713988472816587,0.6342469291164589,0.5872597345526177,0.5973874353630308,0.5099867393550125,0.5576215633165538,0.5007725427241771,0.6888716245965578,0.7532106682141461,0.5019941600488245,0.7253529553520546,0.5553538452140974,0.619735634100529,0.5979536978045885,0.5297621233799776,0.5822929045567964,0.6528120445397217,0.6206722391991814,0.5396824813932011,0.7144363957840182,0.5360928703281899,0.5432574193290959,0.5600114107871669,0.5204553351852069,0.6012180636902528,0.5237614154795117,0.5201432721307229,0.5393246785103195,0.5078099274241576,0.511165248494222,0.6913525795450874,0.6067195160005132,0.5938230656265436,0.7803862143198899,0.5009261635272775,0.547614934939517,0.5537848309209409,0.0,0.5791125311384276,0.5206398813395908,0.45869351746804726,0.5844519315297457,0.5423177249342094,0.5626814480556808,0.5992704927178557
TUN,0.6645770640994281,0.5590093007854865,0.5599583632022588,0.5486092723891347,0.5207133924042059,0.5495867520419797,0.5730466242983379,0.5561578508126053,0.5276408307589809,0.5350797181609686,0.8066953947336195,0.53013547482513,0.5764775354979582,0.6023617817186429,0.5249360238695192,0.64573271247087,0.623023063384522,0.6272979452996772,0.6265629236524813,0.617379140230395,0.6480483396747255,0.5027335390995173,0.5623501737197688,0.575167826419031,0.601012768505374,0.5198948709400519,0.5715555884308359,0.5523532941284658,0.5440100059965209,0.522130211011807,0.5668864109856737,0.7003059277352015,0.559912648812328,0.5044464141223628,0.5837351335655864,0.5859727294289214,0.6324953260391984,0.5807647461988451,0.628905572035423,0.5348395428911602,0.6214918001481824,0.5477282601741341,0.6837383147953596,0.7032871561133249,0.5507568077662449,0.72462530307659,0.5705845011619223,0.6297301507929067,0.5746676872078751,0.5767042950315427,0.5996667694684398,0.6508392733849367,0.5824500341048832,0.6308019812565764,0.7059466110656129,0.5732923366237838,0.5469405628053705,0.5709008990438919,0.5074807076695563,0.6289197569066576,0.5919439898755581,0.5307859243382861,0.5547604794196597,0.5455217294237105,0.558120877115446,0.7312241755745271,0.5751302508874305,0.6613668631589764,0.7792713632998806,0.5345044502877766,0.5244511032377248,0.5501158395858641,0.5791125311384276,0.0,0.5566134379565544,0.5517706364035164,0.5657442335705279,0.549606538804715,0.6101438623633796,0.6103462799169522
TUR,0.6714211092953289,0.5023430233704284,0.4989777644477229,0.5005454068189698,0.4772037387666303,0.5102835792584907,0.5619337823613517,0.5107577489522005,0.47909088200503686,0.5171836462197936,0.7970774918565494,0.4724928168009236,0.5731742695974535,0.5574205701328919,0.5307235699602003,0.5826693297005379,0.6393641966504545,0.6033487103352682,0.583027759028612,0.553863723242189,0.6176918090001812,0.4645534370627026,0.5265933574741616,0.5417704155592168,0.5900324525736015,0.4621048272867927,0.5440671204109748,0.519168880609856,0.49994461125771616,0.5073028326875366,0.4900102472173724,0.6800960078329117,0.5460200940776441,0.4571741833766347,0.5580076071543543,0.5399628203679734,0.6035355812352325,0.5472544916050034,0.6007658242519323,0.49365382014886894,0.5693165280565844,0.4984737988882178,0.6662416885245783,0.7249207879242237,0.5220608826918421,0.7199141007142433,0.5404323837700791,0.6004070476963581,0.5403758131496667,0.5165779800926433,0.5618464818944316,0.6243237729517512,0.607494407491686,0.5971157392683256,0.6920564555293485,0.5413956262476155,0.5381122320206038,0.5327252786642189,0.4768217841320227,0.5868790338159188,0.532948909095009,0.48738341631536247,0.5084665316544187,0.5059280876952987,0.5061969685550987,0.7104484048670263,0.5626524894051312,0.6216865012029604,0.7631651020582071,0.47618281700171283,0.5110520399493631,0.49626488943353314,0.5206398813395908,0.5566134379565544,0.0,0.5016842553168456,0.5749332964513459,0.5293892356653607,0.5905472004938677,0.579378401886382
TWN,0.6348513284748273,0.40132129760975754,0.505873796880808,0.4903655597982214,0.44412793079589236,0.4703255362652886,0.5728023049460785,0.5362275134181317,0.40910240695336264,0.45621744433311456,0.7803163509855592,0.4512290081682871,0.5242525080539073,0.5244659539444774,0.48460923109929915,0.5825062470484959,0.6298294639893921,0.5871915026125326,0.5610608565535927,0.5305342606254053,0.5971268190209797,0.43975977381987424,0.453963600272877,0.4673789028381073,0.5237506406786286,0.41796189713622506,0.5265787599434505,0.4578586819073361,0.44913871866711536,0.42886457125112903,0.4756409673870456,0.6007876353432661,0.5047462058343026,0.45062144692010875,0.5040998573103481,0.5700067921390736,0.580994060234418,0.533961495103051,0.5174274576933798,0.4430254032490348,0.5331505701396202,0.4244764936854049,0.6653376304862724,0.7383134598122373,0.41225219192769935,0.7342034353985951,0.5227445922802924,0.5639690825664943,0.5423753266574685,0.5121913106490635,0.5213797707476747,0.609809064489219,0.6027223122278582,0.5229693268963084,0.6948132559055388,0.44979811818444143,0.4514021489462696,0.5040724765529596,0.4822962473997212,0.5529969880490231,0.5082525834630435,0.45865090556595145,0.4632375650391539,0.48802086402961703,0.4643015111968849,0.6616348578934861,0.5638408009675453,0.5300847463728817,0.769142997631802,0.4667526942233859,0.4746780608025479,0.4580713847708624,0.45869351746804726,0.5517706364035164,0.5016842553168456,0.0,0.5484449090918088,0.45664031207463956,0.5644228343390774,0.5335036766968619
UKR,0.6810433941084244,0.5571739027538655,0.5248737206867709,0.5535920754686283,0.5575898597086109,0.5891325298868313,0.6044506652205219,0.57175817860189,0.5246650276179918,0.5723205835514548,0.8023672355895909,0.5717101304350704,0.6256850773183295,0.607122533173578,0.5409514293251868,0.6717216948502728,0.6628756204104889,0.6264743152530247,0.6281777056890283,0.6096513855427773,0.6796657408710702,0.5167336886918362,0.5993736932138062,0.6106044584981669,0.571935635511155,0.557692713975959,0.5905725031348352,0.5642325546378217,0.5701389731525943,0.5719975858336777,0.6102476203694053,0.7073772579163707,0.5973406114611123,0.5307855828278554,0.5956185811927428,0.607794188370845,0.6873252095957515,0.6103876148783065,0.6388106048433049,0.5771439430913636,0.5899268628722046,0.5794075612264983,0.6445412625956207,0.6609658323894945,0.5855489485529546,0.6908179811756578,0.5351538727752889,0.6732720929926334,0.5793008454735489,0.5834082655872237,0.6046222858856237,0.7047204672024407,0.5946600509725873,0.6049651511628574,0.7157905490646411,0.5999492313198409,0.5955204428017103,0.5990537106679514,0.48972078436676736,0.6182493931626742,0.5772473109895503,0.5102093724250508,0.5950281503390975,0.5448090061315878,0.5390487705549817,0.6955738932934846,0.6307435837954282,0.6498246601448926,0.8114904065179772,0.5092532530316369,0.5877317094387916,0.5701539063350972,0.5844519315297457,0.5657442335705279,0.5749332964513459,0.5484449090918088,0.0,0.5912099049366248,0.5835887433069413,0.6088845162246709
USA,0.6550152066692468,0.4571652079096574,0.48760997109967286,0.43827080984885614,0.43000271676249574,0.45945915461392856,0.5564758657230533,0.520393103556221,0.5066692678195056,0.49118747980661104,0.7986666530392839,0.397056650728142,0.5201695231391138,0.5050669617180772,0.5426768580963002,0.5971033377391489,0.624351163126258,0.5924681848718171,0.5537085351433184,0.5586128737204756,0.617575504574994,0.4388171014593396,0.4203686644405151,0.4738646105370694,0.5825338911955859,0.44858319811178615,0.5432801598961269,0.47542865679596097,0.4121431423619633,0.3896420213612442,0.46302582378628127,0.5927941350570307,0.5229827103965401,0.45718727942333237,0.5610706099206585,0.5921390105276769,0.5538335786713079,0.5328635938601249,0.4925483902154244,0.42675091046690106,0.6090370255676932,0.47221492291619804,0.6460698506822975,0.7550868596363215,0.49010585592282774,0.761830852600113,0.5720338817133923,0.5518477601295502,0.5674302766421772,0.543969125449039,0.5089645232506165,0.6476081049614837,0.6218657063989532,0.5840590186746778,0.6557179319609119,0.4205383130101553,0.45173676307600796,0.46132855201679807,0.4929748911740816,0.5510712808454289,0.5582889796089716,0.4779024266295675,0.4785133235062396,0.5272674067275326,0.4788403195183933,0.6765247163755574,0.5603626889872945,0.5652709869351047,0.7833999179892602,0.4978948896407019,0.47179507805355153,0.4350615216244588,0.5423177249342094,0.549606538804715,0.5293892356653607,0.45664031207463956,0.5912099049366248,0.0,0.6179440015919125,0.5261448566892651
VNM,0.6791363366450596,0.5460490165075306,0.553163979182883,0.5988882659934187,0.6030851128685627,0.6060659417777924,0.5956298346990505,0.6175084009844722,0.5213539441282847,0.5993340015516869,0.8020439880563518,0.6023675591568463,0.6424609238932916,0.6204090809024603,0.540202948552025,0.663970147477244,0.6381761441812315,0.692682076625521,0.6054085057367281,0.6505913306153783,0.6958577523116465,0.5589368317845534,0.6143318190359324,0.6340315750394653,0.5947317576292975,0.5938474514295055,0.6283160007129858,0.5954657535071544,0.604542883871657,0.5768700468730243,0.6212990670370456,0.7281285438681534,0.5998096547675931,0.5590208274337249,0.6138391723016831,0.6278205077762096,0.6837135057359228,0.626506592763934,0.673575104193964,0.6034044090670028,0.6066700611997654,0.5692472699572834,0.6904246748033881,0.7321206428772788,0.5999962788144336,0.7050632787364244,0.6046554807236192,0.6924640205334235,0.6294421756430312,0.6058673633466087,0.6159399453746947,0.657048149016733,0.6319741378591758,0.6044028433340166,0.7352697012403806,0.6221140407892611,0.632425571921795,0.6099658379742816,0.5430286101856026,0.62877400488032,0.5720565846635344,0.5727765390709132,0.6117342445524039,0.5611989862795981,0.5684852213955532,0.7074271444248652,0.6708900305373048,0.6860417816399943,0.8391055239664089,0.5565086493705186,0.611938528148746,0.6094214763690734,0.5626814480556808,0.6101438623633796,0.5905472004938677,0.5644228343390774,0.5835887433069413,0.6179440015919125,0.0,0.6574122482959588
ZAF,0.6688546352162965,0.5309205561734012,0.5655700125396828,0.5227213569944689,0.5235296969210734,0.5675868629745615,0.6578870622387079,0.5783657001300628,0.558526325763392,0.5445913929333611,0.7611871051606192,0.5169079651097579,0.624847494174703,0.5598475105578726,0.5869346603743687,0.6267162208711785,0.6535152570006508,0.6523813963833971,0.5986139212867888,0.6161152730291366,0.6682714374034224,0.5196018792532493,0.5743819684818297,0.5792117890785403,0.6130598690418565,0.5211936182077556,0.6209540950047931,0.5565078594472805,0.5505657029420034,0.5556630506411049,0.5747577803260882,0.6575259452922568,0.5957008224701044,0.5172899282058697,0.5871079667072795,0.6106410257701027,0.6340456435821209,0.636995597627322,0.6058372805484028,0.5558063782901963,0.6140748220624576,0.5511310964218105,0.6842090515877922,0.7484111099694745,0.5707760822747981,0.736283909223974,0.5907712338495545,0.6499598658196946,0.6082655102057595,0.5771937143908374,0.6195602839855187,0.7098135665626623,0.6717459372705409,0.5801534103822407,0.7173077116380115,0.5607529267974369,0.5700632509444067,0.5637734503575893,0.582955932211493,0.5897455072035515,0.5672531782789579,0.5488974029665301,0.5373690347407907,0.577219271133659,0.5563866834674343,0.694534642502405,0.6018841110272738,0.6443611475894225,0.7761674884018264,0.5671413008265443,0.5583928024501198,0.5368015082986854,0.5992704927178557,0.6103462799169522,0.579378401886382,0.5335036766968619,0.6088845162246709,0.5261448566892651,0.6574122482959588,0.0
