,AGO,ARE,ARG,AUS,AUT,BEL,BGD,BGR,BLR,BRA,BRN,CAN,CHE,CHL,CHN,CIV,CMR,COD,COL,CRI,CYP,CZE,DEU,DNK,EGY,ESP,EST,FIN,FRA,GBR,GRC,HKG,HRV,HUN,IDN,IND,IRL,ISL,ISR,ITA,JOR,JPN,KAZ,KHM,KOR,LAO,LTU,LUX,LVA,MAR,MEX,MLT,MMR,MYS,NGA,NLD,NOR,NZL,PAK,PER,PHL,POL,PRT,ROU,RUS,SAU,SEN,SGP,STP,SVK,SVN,SWE,THA,TUN,TUR,TWN,UKR,USA,VNM,ZAF
AGO,0.0,0.5817655015189565,0.6359189906509574,0.6173233416484534,0.618285841386719,0.6564812969488747,0.6539696218695552,0.6566855601417744,0.6160749771152367,0.6180451457617814,0.7663243730138519,0.6289974367347222,0.6312962896005361,0.6483066200568663,0.6675922471824743,0.6932163990028601,0.6914312692626352,0.7285305062226792,0.6653827714760786,0.649311391634828,0.6840759957739477,0.633347816474928,0.6573966738066005,0.6632088301208242,0.7285545937519763,0.6330799526869038,0.6559477697414181,0.6407705607806402,0.6293745543976806,0.6266897570834848,0.6669799332514575,0.7150105954994828,0.6346385723642548,0.6189749529682109,0.6421722190584226,0.6670626321528302,0.6712082654423812,0.6414721236843971,0.6710293518547691,0.6567042087475304,0.6779715580552054,0.6712763823071507,0.6794752787505135,0.7483238709232661,0.6658019032585247,0.6571450430184229,0.6900057261554614,0.6897355802191198,0.6507543018027095,0.6400349239550229,0.637556204338848,0.6840982651042944,0.6844835643527691,0.6433398160623475,0.7269106656899237,0.6335644648279863,0.6411444050811852,0.6098663821360686,0.5997595289931017,0.6446108816017603,0.6674860874399651,0.6377449044044109,0.6109454888305362,0.628893560955872,0.6134314002521278,0.6598711658743619,0.6503855981484404,0.705150332866041,0.8132606966548456,0.6260324077285336,0.6541095543491002,0.6300346378026295,0.6470908575662414,0.6387054341360062,0.6182074171009363,0.679965439839457,0.6650984211992589,0.6393286807265782,0.6741803478949216,0.6542106843418467
ARE,0.5817655015189565,0.0,0.5199686189925032,0.46685733917509203,0.45352262154475714,0.4635860802350998,0.616586053219396,0.47265450396600234,0.4314891382910603,0.4831164371490776,0.7454614302751849,0.44765208951041696,0.4653582989471364,0.517464656943599,0.55305782643714,0.5990604015009003,0.6081709084482542,0.5974730852716809,0.5320163862995733,0.5001012499529115,0.5442076513230988,0.45341641518755577,0.4613869220330364,0.5116613406533626,0.6516269643957404,0.44882085561581614,0.5048833068970734,0.47401069043717264,0.4503766058301106,0.42235025378446794,0.5298717298945952,0.5921661569659572,0.48887629136026517,0.42017483829939006,0.5066593938900863,0.585730387989758,0.510178257483551,0.5074640795072008,0.4716936290719075,0.4538690770897514,0.5443454648470257,0.47832130245697496,0.5844630746883086,0.7387677313163128,0.4901775205642032,0.6634025634416683,0.5569376506056912,0.5678682495137976,0.54563759370035,0.5748822020202294,0.5263596481029013,0.5281170924362395,0.650790080356536,0.49076589652367386,0.6709833051770567,0.46040834134574693,0.4816781749959301,0.4811997871907586,0.5318981571962423,0.5021698798165275,0.5897643976598846,0.4394443715230533,0.4335712865915425,0.5163553882724363,0.43207469014092686,0.5504321882872775,0.5802771250951979,0.5240148693090556,0.751201339812753,0.4419987495534654,0.49372736771703674,0.4515356646979833,0.47522092147037587,0.5658766211028424,0.4696572224624528,0.45940760171725936,0.5765741745553961,0.4592699209254629,0.5784354539007023,0.5273078243987492
ARG,0.6359189906509574,0.5199686189925032,0.0,0.45184250729330067,0.4480575482703327,0.4653688221773052,0.5455155646609757,0.5002186070435585,0.46416878155859453,0.3926770168116958,0.8120869499199844,0.46101392150275433,0.4937255028122102,0.5133795086194692,0.4386075569344416,0.6001015683794318,0.6138815218738206,0.5296715060752608,0.4913778811620589,0.5280417311860606,0.5883546729497736,0.47430076429653173,0.4895594061962057,0.5346764323518789,0.5833150813916103,0.4562226612452652,0.5279335324472414,0.483658606498572,0.5145550200390394,0.4640959667289936,0.5607902566006151,0.6894407115185437,0.47516024743270935,0.4355647875011937,0.5004561170376653,0.5031481986167569,0.5812964980008438,0.5574137997840961,0.4990667149877236,0.4389887602883796,0.5540565048286831,0.4543671080027552,0.5639692064204451,0.7017792873132241,0.4511279574956902,0.6963088648445163,0.5392177625604512,0.6172526505522562,0.5484440226328623,0.526982006138251,0.45212281155418194,0.6153198161729941,0.5692724135354603,0.4944748536044697,0.6669845961119703,0.4778391686480436,0.5309462181819647,0.47697003735980603,0.4179040185959685,0.41964320930537896,0.5770525100669255,0.4623348812403209,0.46740253236375984,0.4979855239766203,0.4371563481597827,0.541679970203197,0.5423499751060409,0.6125664111435793,0.7788534284905172,0.4963516421066971,0.49829992515508836,0.4805135917766327,0.48557399009974317,0.5047641013257895,0.4031298017935135,0.4802993084343291,0.49790351184643145,0.416989615237346,0.5195833443838968,0.4981013209291953
AUS,0.6173233416484534,0.46685733917509203,0.45184250729330067,0.0,0.42795604024874906,0.4496081180036146,0.5341812212123908,0.47275774381972147,0.47207277788622365,0.40664619201556396,0.7999902374333224,0.41573372942285874,0.4936691309817264,0.47088388507590895,0.5185493542406405,0.588176127649927,0.6019142673952242,0.48974565307380574,0.5067921066010239,0.48085021620165147,0.5595898171532891,0.45865235926672,0.46335583924199336,0.527605943671026,0.6027279649921092,0.43164223353536124,0.5077866859920602,0.471512208648951,0.4386398525980577,0.41146407615201536,0.5450415882910372,0.6348491712037571,0.5024597707552316,0.4384400171661494,0.5069578515086178,0.539855389395213,0.5250898448982496,0.5261385058039901,0.5089864218127084,0.44437502697595255,0.5708305137485746,0.47631608327288555,0.5116261009195568,0.7027101647063396,0.5066012086549784,0.6846357160792271,0.5319956797099695,0.5735416322704062,0.5060614346802746,0.5361316844399124,0.484176469532358,0.5706632002477751,0.5804913582266984,0.5046987704411287,0.6528873432173361,0.4465150914934563,0.475780906694294,0.4112263533864395,0.4416183899739292,0.44411677537599215,0.5471946204754716,0.4429416167307962,0.44807737025794014,0.46008197524263234,0.43844534695906834,0.518641892059307,0.5253498602878215,0.598879026104292,0.7511989154083283,0.461593240094041,0.4475530417113175,0.4371832496691417,0.5168880191397922,0.5066551595822198,0.42680415090958596,0.5234799953099163,0.5247982410041612,0.4193168036415307,0.5533717446435529,0.48418652961234815
AUT,0.618285841386719,0.45352262154475714,0.4480575482703327,0.42795604024874906,0.0,0.38865013145273236,0.544700744360086,0.4486876651462043,0.4341862706499198,0.41882443266690844,0.8054717131404913,0.42342750332211143,0.3870911951261106,0.46617613363322796,0.5081238586513647,0.5682552288574778,0.6230900068961915,0.57211739879808,0.4952334040949031,0.45113088672575063,0.507876517269063,0.3634386311813479,0.3720648927690443,0.47510578706287204,0.6305781094620253,0.32747008148152085,0.4116919560163288,0.38986648019705994,0.3697240739829921,0.36638997654095373,0.5206371899007719,0.6309476383701178,0.42489080244119726,0.359586494679011,0.5329901415884702,0.5582964001088869,0.5250178721772683,0.48863470714856116,0.4595621078392574,0.36304374067590695,0.5502602673940584,0.44644878571747676,0.542678316950825,0.7115135856553587,0.4572515751721082,0.6854646274978811,0.4817445336134588,0.5504187340426638,0.42144604050108764,0.5399225186959454,0.4721678503939003,0.5130150165060353,0.6239235544491888,0.4917952442910664,0.6683108706169686,0.3866904407169546,0.4617213404413488,0.4049930255393203,0.4511881116633838,0.46979774848272626,0.5582765341907392,0.3592097596606101,0.3409599299056185,0.46369337993890014,0.3951444117039038,0.5635836040993913,0.5314101250681482,0.5642938165061439,0.7607633628796927,0.3607200433928671,0.3768984228195786,0.35970297167523907,0.4959730216169358,0.49571966135451834,0.3865557879953194,0.4616101860165295,0.5234844297054884,0.420155117483068,0.5547306003251441,0.501918013909567
BEL,0.6564812969488747,0.4635860802350998,0.4653688221773052,0.4496081180036146,0.38865013145273236,0.0,0.5654186629594766,0.46412723840610226,0.45803048437554594,0.4352634457076429,0.7977374348226015,0.433916119309262,0.4219292151950032,0.49819598665871256,0.5281142747964149,0.5747657030671137,0.6224735036644216,0.5887261656671178,0.4962522698696061,0.45475388951236334,0.5193306775487397,0.40598776877258363,0.3516744292245193,0.4767841174323816,0.6122903941946145,0.36042591274043007,0.4593449288118584,0.41685285690470314,0.38531270283353813,0.3832987659924462,0.5208178861805078,0.6069203201218669,0.4680828884642382,0.38762795782042664,0.5590079198197734,0.5730979547509087,0.5521209104964281,0.5013637954502632,0.4154558724202239,0.39149342984174795,0.5586942096022149,0.4425808279726917,0.5556074613003341,0.7054035027986197,0.45597127210141214,0.7109560213143069,0.4898639415935402,0.5398815703466836,0.4705523054096788,0.5509435208040443,0.48677101214251195,0.5417275593718274,0.6306010233373648,0.5079022150767618,0.6760835002649801,0.37038311056635104,0.48701518111734005,0.4506649554409623,0.4853752289016578,0.4740008637684825,0.5953057486628355,0.4143487269611397,0.3476376620974832,0.5133721863308216,0.4236801763515071,0.5485920112573717,0.5476626669088944,0.5096337260266249,0.7713208887308441,0.4283923051009087,0.3960933748492116,0.40122053231922383,0.5276301353540176,0.5427261037338276,0.41184465178999435,0.4652285045522731,0.5477770961664793,0.425896266818426,0.5656284998768517,0.5227479430037524
BGD,0.6539696218695552,0.616586053219396,0.5455155646609757,0.5341812212123908,0.544700744360086,0.5654186629594766,0.0,0.5774295719477,0.5003578738928435,0.5283880740016601,0.8309365276302072,0.526261730705431,0.6097294276317031,0.5969709301473909,0.559255302262061,0.6540331250254581,0.6681297218644288,0.5488271988648592,0.5881743911194754,0.5885021164649282,0.6152518624607007,0.573070645104313,0.5770767323845576,0.5875956907432808,0.612156625991677,0.5452587060713622,0.5667249250915004,0.5523009700601945,0.5760981489154883,0.5585900504246004,0.6076380155900672,0.6775767822119064,0.5615047589616459,0.5546444663592672,0.611180464419593,0.5911306734036503,0.6510762032327015,0.5666663908169269,0.5965518577355926,0.5690826875380436,0.6111839948348645,0.5638176662307269,0.5745242450631939,0.6428941973919885,0.5714908781058133,0.6581359244344912,0.6180282917736091,0.6431597681548976,0.5777217976274233,0.5550180461102996,0.5761702767389585,0.6578791896124315,0.5310087890897891,0.591167005952782,0.7035187027338368,0.5870187671236374,0.5629063361788812,0.5428528717528819,0.44797934373976456,0.5569034700800686,0.6246104970754967,0.5687431359149325,0.5544733767197094,0.5765097036513255,0.5347054666251949,0.6167875329362692,0.6085177135449437,0.673554847510789,0.7685865481699201,0.5797516883761211,0.5511052359538855,0.563994427874825,0.5862663361370666,0.5679422835031046,0.48082659290384516,0.5961177384102576,0.5483475706038924,0.5700307969647508,0.585998729817041,0.615231062754742
BGR,0.6566855601417744,0.47265450396600234,0.5002186070435585,0.47275774381972147,0.4486876651462043,0.46412723840610226,0.5774295719477,0.0,0.45832080357282573,0.48740906548377017,0.7904967563119387,0.4664695290110662,0.5025699854162752,0.5423687340802116,0.5353324641228175,0.593569719374029,0.6124603310638231,0.567401297479919,0.5211890343648625,0.5112404637793435,0.5560227604388622,0.44850720873374683,0.46562111985746296,0.5504575963218779,0.6363417883378042,0.4296822663511358,0.48866002247955925,0.4882694159709296,0.4817967287882486,0.46969501670419905,0.5315527453691722,0.66044173733427,0.4730797333847446,0.4281634886280698,0.5537468193656018,0.5475544493688527,0.5758533101103904,0.5373376561841339,0.5270476298400338,0.4367763379184979,0.5248836755972546,0.4744597854249441,0.5675517610853902,0.7008356176777745,0.5128609390178792,0.6855819617580406,0.5097917230128155,0.5884871966393176,0.5053906115468179,0.5350381196387795,0.5401803731176538,0.5846032100553076,0.6282184363755391,0.5263233659531452,0.6726754483969409,0.48196382248223674,0.5547589005870507,0.5001399043832297,0.4859935451150748,0.5112649241252171,0.5680181425849911,0.42209467181036364,0.4507883790900706,0.47381302485980215,0.44671526131170536,0.5556496172403639,0.5473918621915908,0.6171866940156643,0.748912638561163,0.43784922040321883,0.4635458970227159,0.44175345013865286,0.5177731982040886,0.5572747680892566,0.4560572865775714,0.5049843932140325,0.5427910180147874,0.49361480204892216,0.5800058918412628,0.508274832891715
BLR,0.6160749771152367,0.4314891382910603,0.46416878155859453,0.47207277788622365,0.4341862706499198,0.45803048437554594,0.5003578738928435,0.45832080357282573,0.0,0.4359829659334856,0.7720659620407441,0.4402609792278617,0.4926637773855263,0.5193393178194978,0.42458665669539924,0.5753537609053648,0.6090985393237647,0.5771403854252669,0.5053911871976158,0.4916504106374379,0.5208807790926384,0.4389485838103842,0.45040124665842224,0.5154415699683648,0.5914453449912097,0.4088344391221425,0.4661222336223549,0.43930213397694534,0.4667876796674118,0.44809377965717034,0.4926965539266645,0.6596605637004628,0.4322299222010584,0.39230964455123585,0.47086159641948394,0.4986726596934181,0.549768746469743,0.47872121574080434,0.5119308658082169,0.44454428806505214,0.46190881510428605,0.4359238294952946,0.563073471331272,0.6941044430528954,0.4127218926551694,0.630016444179065,0.5160018889463882,0.6035162649515212,0.510212619895415,0.46385282345787654,0.4909235289798693,0.5862219096395681,0.5289102110285954,0.49512608440881584,0.6811962075890502,0.4839602347002753,0.480968414413211,0.4717518415456567,0.3300958708328004,0.46107857688477727,0.5540341311247454,0.41165435429244746,0.42561382742030235,0.4846620716667032,0.39141878276516556,0.569753736821371,0.5480786602812829,0.5622215943076171,0.7565106521862787,0.4343031015586981,0.48369924129545994,0.4357994650839514,0.4288699177743443,0.5276368751201712,0.36744426966665306,0.44253963226456833,0.5063545160212333,0.4877479234321802,0.5028220867590608,0.514864517395608
BRA,0.6180451457617814,0.4831164371490776,0.3926770168116958,0.40664619201556396,0.41882443266690844,0.4352634457076429,0.5283880740016601,0.48740906548377017,0.4359829659334856,0.0,0.7832112317899782,0.40166909111320387,0.4702005118180581,0.4770894226352367,0.45953357537504413,0.5600904225895728,0.5823117171873338,0.5266428795818324,0.45613702272747364,0.47275430522440176,0.5783164063328631,0.45081644541438776,0.44439099636062634,0.5145988358968552,0.5988140309078447,0.40798166985289297,0.5014913209106644,0.44243343727739987,0.43429947452455014,0.4111587844043789,0.5270506211806528,0.6468731597416301,0.4506739533091822,0.4059812878371608,0.47256222574574847,0.5150155142465229,0.5459197167312421,0.5280803886402907,0.4876305270861112,0.41898394828270646,0.5507457764901825,0.420868664227862,0.5381315045023857,0.7013972721885455,0.44350452842143717,0.6598907208354848,0.5035133632296233,0.5817913503437173,0.5164099481622407,0.4850019313084821,0.41369669020041516,0.5906114173098341,0.5767136522029999,0.45863658857251993,0.6728552629343453,0.4236734633136144,0.48946997027360023,0.4418061860094774,0.4195208648603845,0.40383359445463934,0.5415258638111285,0.41667861116037064,0.40483007286982037,0.47608012946120415,0.4016539627404226,0.5239709507979349,0.5102917656223408,0.5928425498019013,0.7610366784721863,0.4473681372883491,0.4627013642600208,0.4491282066833733,0.46070264692939716,0.4914316019990171,0.3649023857389296,0.44518510471999495,0.49815903469894196,0.4127696201215224,0.5239391220600544,0.47840964763477667
BRN,0.7663243730138519,0.7454614302751849,0.8120869499199844,0.7999902374333224,0.8054717131404913,0.7977374348226015,0.8309365276302072,0.7904967563119387,0.7720659620407441,0.7832112317899782,0.0,0.7807114448958065,0.8282024098741437,0.7921243689955256,0.7982255204859343,0.7932872426065535,0.7944513273407005,0.8474984655953895,0.7774311005203952,0.8004954945809307,0.8417170714514425,0.8031893055402223,0.8068540765021947,0.8146358265401432,0.7968239398386505,0.8008731980638221,0.8073772205796872,0.7996494405977914,0.7952990090599674,0.8030616333857531,0.756837549397324,0.8485766377845436,0.7654493488973222,0.7721501864595639,0.7493840668220356,0.7596483646217947,0.8508704285008682,0.8468382955917512,0.797302550377338,0.7951928205364771,0.7956662354338905,0.788412096886563,0.7971481014266136,0.8565274175075147,0.8005235464816042,0.7393370548474636,0.7601297423870925,0.8547791419378576,0.8382788221299234,0.7614453944005735,0.7566980381430518,0.8558049876032428,0.7904419761085908,0.7709621818707436,0.8797031227699781,0.8030240676891012,0.802592724542371,0.7813211465632734,0.7753169869049609,0.7894240246663258,0.767837943579115,0.7688563010196156,0.781833896754725,0.8191207329650614,0.7656862919676315,0.7745819297950611,0.7723113687711718,0.7984729583859793,0.8934895495655123,0.8056961015204983,0.8361329877676477,0.7881808847582745,0.7813539895887953,0.8330664768071837,0.7882391172189547,0.7974254343342064,0.7933525197872625,0.7764758192133311,0.7861187900797837,0.7670984862150726
CAN,0.6289974367347222,0.44765208951041696,0.46101392150275433,0.41573372942285874,0.42342750332211143,0.433916119309262,0.526261730705431,0.4664695290110662,0.4402609792278617,0.40166909111320387,0.7807114448958065,0.0,0.4831707251940104,0.4958756526968534,0.5053717086792637,0.5649783590217218,0.6021426191326891,0.542826586652464,0.4957255219066118,0.48399370539919,0.5634051303096471,0.44885511518183835,0.4288888557164887,0.5058385950230193,0.6006234729727078,0.41862958491359636,0.4896365331100804,0.4251899101141306,0.4451487645243508,0.4229525246000085,0.5289485698188645,0.6350371777483312,0.46757309247816553,0.400890872408002,0.5164207804008737,0.5270285561724705,0.5705216495931531,0.5305473287954685,0.4795715311667181,0.4342974778525148,0.5321876390930642,0.44445913410837723,0.5282137074504346,0.7042436310570254,0.4735012770727534,0.6648256129462119,0.5200404646081751,0.5744931926284583,0.5140245733717511,0.5230720612206843,0.45223692812842037,0.5999364046689049,0.6014537870970498,0.48681170793466194,0.6625949486838207,0.43076468688727,0.4457276327016525,0.4366697405728612,0.4430344573600433,0.4482724007755435,0.5710416670545655,0.4245928898550663,0.4431049879300355,0.4837488631766341,0.38939978214416554,0.5333636683392973,0.5415477483136966,0.5881830805300953,0.7572682426813531,0.4601076482486613,0.4523523154162778,0.40295541953504205,0.4982735664727759,0.5074505540328409,0.4038872567110632,0.47884059335788604,0.5107546677463913,0.36852264535957885,0.5806292771796097,0.4975928955220081
CHE,0.6312962896005361,0.4653582989471364,0.4937255028122102,0.4936691309817264,0.3870911951261106,0.4219292151950032,0.6097294276317031,0.5025699854162752,0.4926637773855263,0.4702005118180581,0.8282024098741437,0.4831707251940104,0.0,0.5044023260822137,0.5477453099569981,0.5934422746902859,0.6275758758922567,0.6420737878997652,0.5523466771435361,0.46962632698195184,0.503213666182483,0.4477564227163315,0.44575306970880296,0.48057290890183674,0.6574398955797829,0.4281644417708152,0.480279842602135,0.4575140020391221,0.4467710073682014,0.4380976364809254,0.5428688505657837,0.580165634580595,0.4947568362101714,0.4411933508024479,0.5494399779636588,0.6063979253002777,0.5367410989558649,0.5049399474145708,0.45671712631541517,0.44833962533897553,0.5835269911294392,0.472160212432345,0.5870692669897782,0.7345987279652277,0.487578267558544,0.7025000126239924,0.5272567799328802,0.541627054918069,0.491045535554181,0.5748635314488224,0.5183231692660538,0.5129232028927315,0.6418769794663631,0.5238412888527408,0.6641163237533044,0.4331465817855344,0.5040722428562714,0.4834653987726318,0.5106232587640077,0.5171990983525159,0.578950031380905,0.45522322516211705,0.4165901610120615,0.5387322865423702,0.4709867188030438,0.5548035254960111,0.5783349218312556,0.5140305002028104,0.7702146690300276,0.466270630413895,0.452115416840593,0.42536885426418797,0.5432733396966453,0.5442178585304341,0.45193032226881863,0.49188177319038323,0.5463616098869075,0.47862004699022404,0.5881188062749338,0.5626736812697585
CHL,0.6483066200568663,0.517464656943599,0.5133795086194692,0.47088388507590895,0.46617613363322796,0.49819598665871256,0.5969709301473909,0.5423687340802116,0.5193393178194978,0.4770894226352367,0.7921243689955256,0.4958756526968534,0.5044023260822137,0.0,0.5659260801251056,0.5829288953842574,0.6553010444094391,0.6180859841624763,0.52853922501634,0.5201868950513608,0.5703028997523607,0.4989422657500486,0.4885544980862747,0.5684788819867769,0.6729040986429256,0.4912869905657235,0.5042316961220357,0.4812404887188504,0.4658840322057546,0.454587549058098,0.5523106606706867,0.6738476913590948,0.5262964376244063,0.46805571150612785,0.5896836873135611,0.6195611215654747,0.5611251120011526,0.5662467227215546,0.5025012247444086,0.4934005550717869,0.6178374601768628,0.5342310379876225,0.5967486683624549,0.7662504753453073,0.5252372612861993,0.6847074137592406,0.5514361120173108,0.6008654375679674,0.5449480082098483,0.5609852165253407,0.530215701018829,0.5831125154675312,0.6379349609321961,0.5723088155829102,0.6737821108594299,0.48061041605992566,0.5291500983214981,0.4683911125170199,0.5224329844159677,0.4817170873188335,0.5930052595557641,0.4883087909763001,0.47560457524297384,0.5508020418807745,0.510392932888092,0.6077135769046038,0.5594279722020193,0.6034578272996199,0.7853988981207203,0.507962016459546,0.49717722134942666,0.47983556483578105,0.5579269843902616,0.5768411227538645,0.4929905571309951,0.5284805153343891,0.5895416591477974,0.4773377901350708,0.5830450283741292,0.5404102370182348
CHN,0.6675922471824743,0.55305782643714,0.4386075569344416,0.5185493542406405,0.5081238586513647,0.5281142747964149,0.559255302262061,0.5353324641228175,0.42458665669539924,0.45953357537504413,0.7982255204859343,0.5053717086792637,0.5477453099569981,0.5659260801251056,0.0,0.6242428664988828,0.6288800369569557,0.5895494853055948,0.5190827521609005,0.5784900144339262,0.6407490498284589,0.5097529845427359,0.5253268000225437,0.5896895956594528,0.6191269956028688,0.49760307786112506,0.5774692672190954,0.5137338720247879,0.5604302118146893,0.5289426483136256,0.5902198101529803,0.7505765805671911,0.5250563350174743,0.487754311312125,0.4825767369692661,0.512744189767419,0.626106755519634,0.5844317161634899,0.545031237174314,0.5059455665942598,0.5533160086585407,0.4753767779520011,0.6120967661600148,0.7069501954586461,0.41832939301870103,0.6696782518213485,0.5833773467911486,0.6885491344164708,0.6065795773287005,0.5251924279761833,0.4947276166147712,0.6648671595359382,0.5484424348951459,0.5198884855874911,0.7226659186060541,0.549529624501156,0.5719193033630352,0.5267549706215586,0.41975602526936395,0.49676893855518095,0.5831044653791879,0.49655301785287986,0.525585096764038,0.5499295185072022,0.47780298885533945,0.5833605112979103,0.5872488286696957,0.6308847526392404,0.8094912098979038,0.5531950868640901,0.5661218627091017,0.5219928383159155,0.4831104995447966,0.5483212254351003,0.43861611770798997,0.4764376937826385,0.49463916566173616,0.5058840980722081,0.47537769757455733,0.5304303199013514
CIV,0.6932163990028601,0.5990604015009003,0.6001015683794318,0.588176127649927,0.5682552288574778,0.5747657030671137,0.6540331250254581,0.593569719374029,0.5753537609053648,0.5600904225895728,0.7932872426065535,0.5649783590217218,0.5934422746902859,0.5829288953842574,0.6242428664988828,0.0,0.632084827480649,0.7048244988370854,0.5773249123799289,0.5587473186205455,0.6638607237317303,0.5865343475464556,0.569280403228136,0.6289346478861927,0.696867801180138,0.5524875167852401,0.6106105591538348,0.5718041128137282,0.5586792763433577,0.5688338841043136,0.6102821675799011,0.6933473296199839,0.6045552753902972,0.5374301452235917,0.608959150337476,0.616467957079765,0.6554150277723204,0.6386200049020785,0.5944365355003152,0.5487503205407521,0.6272366653138478,0.559868235918506,0.645940101150108,0.7518315341833236,0.5916709402789686,0.6665976493515122,0.5816470962089402,0.6374713844548039,0.6106257823812185,0.5938735192905167,0.5778363757841474,0.6804686148794986,0.6739774757866475,0.6125979455535927,0.7284758542627314,0.574459734316509,0.6304115877745908,0.585056369508719,0.5735143795663347,0.553452193472793,0.6245946357892795,0.548953607332874,0.5634741397550963,0.6103172793941013,0.57121546911467,0.6338002743929882,0.575431802048299,0.6337604091089623,0.8214372121761437,0.5954012669474964,0.6049623507330069,0.550331704601392,0.6117454077269042,0.6285398840608161,0.5664286127377769,0.6069408024397484,0.635652120720823,0.5662070268640854,0.6327732404226216,0.6099540158469832
CMR,0.6914312692626352,0.6081709084482542,0.6138815218738206,0.6019142673952242,0.6230900068961915,0.6224735036644216,0.6681297218644288,0.6124603310638231,0.6090985393237647,0.5823117171873338,0.7944513273407005,0.6021426191326891,0.6275758758922567,0.6553010444094391,0.6288800369569557,0.632084827480649,0.0,0.6831401835202772,0.605049908234548,0.6070035774526162,0.6708141261959362,0.6086335983360325,0.6477856463120346,0.6445117424740555,0.7011237636739559,0.6283504595056194,0.6268055173709259,0.6463537883256911,0.6299323056165537,0.5998792263300694,0.653031178794346,0.6912319642550574,0.6238488654612921,0.6057053364453712,0.5966774147360737,0.6406335795391781,0.6688947416031147,0.6694311871621619,0.6556498030689467,0.616661774076938,0.6470958174689265,0.6082447494092373,0.644356453211076,0.7434947423224608,0.6446553582315722,0.6682671997272257,0.6133397186141072,0.6801108967225512,0.6414883681387833,0.6393573082603689,0.6038863272335534,0.7032993409378752,0.6893443667347403,0.5835969391957683,0.7173006119550637,0.6276403053448858,0.6520151962475382,0.6175713022616228,0.6159693570451767,0.582229115183291,0.6651818155090702,0.5915861958255195,0.607855942441944,0.6058892235154245,0.5845587003018434,0.6285828099747205,0.6070807627044076,0.6846749880245685,0.8021284303456533,0.6271496339225883,0.6445848027226312,0.6125823724551145,0.6063256440812671,0.5992099556873437,0.5983751823496092,0.6644090103699958,0.6207987011601074,0.6038541438262097,0.6528585832960659,0.6365613707566604
COD,0.7285305062226792,0.5974730852716809,0.5296715060752608,0.48974565307380574,0.57211739879808,0.5887261656671178,0.5488271988648592,0.567401297479919,0.5771403854252669,0.5266428795818324,0.8474984655953895,0.542826586652464,0.6420737878997652,0.6180859841624763,0.5895494853055948,0.7048244988370854,0.6831401835202772,0.0,0.6105149377172735,0.6246642203947048,0.6617136398209184,0.5961441766866625,0.5974804730792069,0.6300036245859862,0.6174951203954876,0.5698316016180851,0.6061033505295471,0.595154004114502,0.6095023164619728,0.5660326301186149,0.652537881775264,0.7297976782600231,0.5973867048689996,0.5995326840125563,0.5894307835525138,0.5928454738372502,0.6392518363169228,0.6196849701830378,0.6164757524677735,0.5705592712397766,0.6559764212201185,0.5908298584771725,0.5802944494149368,0.6851472192724753,0.6210888155768929,0.7391972006327466,0.657382888622891,0.6779430781191352,0.6101472965216436,0.6309298606591371,0.575929988215728,0.6701034825935572,0.6483740587309659,0.6194277957581701,0.7265637198821037,0.5821748382983716,0.5800757469155295,0.5828140345886883,0.5725896090261888,0.5533312662582976,0.6751221749759533,0.556557446272897,0.5877487077226892,0.5521461674544592,0.5368114727345539,0.6209585087531643,0.6194319910223088,0.7322199494876515,0.7880047944803833,0.5781766814099504,0.5574185833164484,0.5971555853277815,0.5975260241919812,0.5597423664357475,0.5128205042217566,0.6019812198913499,0.5576288223080389,0.5765290917737759,0.5977869520980589,0.6014827345123487
COL,0.6653827714760786,0.5320163862995733,0.4913778811620589,0.5067921066010239,0.4952334040949031,0.4962522698696061,0.5881743911194754,0.5211890343648625,0.5053911871976158,0.45613702272747364,0.7774311005203952,0.4957255219066118,0.5523466771435361,0.52853922501634,0.5190827521609005,0.5773249123799289,0.605049908234548,0.6105149377172735,0.0,0.5553713451035831,0.6156970123443828,0.5097081473377977,0.5190535670401805,0.5663239032182282,0.6342018053146674,0.4864930444442803,0.5563544389131154,0.5337880297214239,0.5038062668005595,0.5073515445397309,0.581441596364323,0.6902646140409814,0.5169314871957253,0.46554022413738994,0.5107527847951633,0.5591190884825012,0.5985781543493579,0.5940123357436058,0.5406704521113913,0.4883195071472013,0.5838597490031178,0.5123619256841315,0.602420971943674,0.747381546650576,0.5146433555208224,0.6577077648631818,0.5380473477873439,0.6311146469016947,0.5840050276320644,0.5537479325236563,0.5148294522402979,0.6402164817015246,0.6305800847265149,0.5254778916350367,0.6906188330019939,0.5149392703005133,0.5728206614166579,0.500514193014855,0.5010824462805697,0.4838850975963912,0.5884302767377371,0.49857405909155317,0.489084364331055,0.5538067582140715,0.5028015124848254,0.5948388026707155,0.5519882755771855,0.6266172015674931,0.7864391184822591,0.5397795337222419,0.5478524236458021,0.5235429044386718,0.5089517077046153,0.5773359475702642,0.48360969138833126,0.5311343767829594,0.5772092280418377,0.4891949735372077,0.5661712899653815,0.5332341952157515
CRI,0.649311391634828,0.5001012499529115,0.5280417311860606,0.48085021620165147,0.45113088672575063,0.45475388951236334,0.5885021164649282,0.5112404637793435,0.4916504106374379,0.47275430522440176,0.8004954945809307,0.48399370539919,0.46962632698195184,0.5201868950513608,0.5784900144339262,0.5587473186205455,0.6070035774526162,0.6246642203947048,0.5553713451035831,0.0,0.526481616065326,0.48626465443768474,0.48267107366496376,0.4979361915784269,0.6368878223223762,0.44841153313612064,0.4900962320658715,0.48257545621788817,0.4574751843037731,0.44899218229129434,0.5140131990287351,0.5698233823165417,0.5107689372127515,0.45644159054544525,0.5412314138927795,0.5991136389606743,0.551723489005587,0.5182209700578824,0.4948866299938222,0.46236535691710656,0.5831112413379762,0.4892382122150105,0.5742491110679401,0.7106521757333498,0.5243057839018033,0.6912720601968306,0.5121013003283401,0.5368270963508502,0.49848212385782065,0.562015382521183,0.5171627074104979,0.5740573023005907,0.6262754810294375,0.512184343456934,0.6445975158107402,0.4652260272284816,0.51594828915185,0.5012931481451572,0.5037332896421306,0.49856087476538474,0.5487270227903058,0.458173485241531,0.452325548907213,0.5211429513307838,0.49006599820170726,0.533725706461993,0.5392777073806908,0.5557356096533528,0.7524937853530721,0.5000164368454503,0.4703598771870007,0.4587697109430998,0.5305880481713575,0.5732855410538451,0.47105159826630494,0.5052506693816231,0.5637271382220469,0.4807722181746084,0.6077902182878736,0.5476296150214016
CYP,0.6840759957739477,0.5442076513230988,0.5883546729497736,0.5595898171532891,0.507876517269063,0.5193306775487397,0.6152518624607007,0.5560227604388622,0.5208807790926384,0.5783164063328631,0.8417170714514425,0.5634051303096471,0.503213666182483,0.5703028997523607,0.6407490498284589,0.6638607237317303,0.6708141261959362,0.6617136398209184,0.6156970123443828,0.526481616065326,0.0,0.5404677469588998,0.5283384541917375,0.5124673957089568,0.6545046123573106,0.5223433556528468,0.49527909206821646,0.5510678145867595,0.5240765214189669,0.53763659628146,0.533870993358472,0.6108370272723296,0.5493843132589071,0.5334846500456866,0.6211406429498643,0.6721262268040223,0.622302960652214,0.547993891064476,0.579081790692091,0.5435295086522746,0.5699891176208327,0.5734282301393518,0.6266682259200846,0.7550324275610539,0.5833951486234552,0.7289256031513494,0.5839902394526527,0.5854121044180134,0.5320960994674065,0.6365194485612057,0.6255291862528796,0.5770240015665589,0.6814279132081142,0.598244027692394,0.701644961422664,0.5334975554037439,0.5393796266874983,0.5594604936172661,0.5539889813170423,0.5925628970578833,0.6545295773030275,0.5414942411699312,0.5114181060231979,0.5672624769906857,0.5528950610952985,0.6198853872394655,0.6145309095391139,0.5782584699018655,0.7788272607685441,0.5301393526521972,0.5077532096710964,0.5253463214525713,0.594616745308347,0.5983904870792797,0.5423104431109751,0.5866079927181375,0.6303790963501269,0.5749615581604657,0.644358709631873,0.6235757135468785
CZE,0.633347816474928,0.45341641518755577,0.47430076429653173,0.45865235926672,0.3634386311813479,0.40598776877258363,0.573070645104313,0.44850720873374683,0.4389485838103842,0.45081644541438776,0.8031893055402223,0.44885511518183835,0.4477564227163315,0.4989422657500486,0.5097529845427359,0.5865343475464556,0.6086335983360325,0.5961441766866625,0.5097081473377977,0.48626465443768474,0.5404677469588998,0.0,0.41671794325200406,0.5106405093904017,0.6474077607117199,0.37220962325515566,0.4222523931570328,0.4281961571215876,0.419979649412309,0.4057880013252655,0.5550326266557047,0.6498087911688822,0.46082259090211364,0.3732747128426471,0.5358050724859653,0.5635463916726812,0.5409920255855358,0.5118647315330856,0.4978195385279599,0.4168339989612752,0.5367408124705797,0.47043787259512776,0.5666609511842963,0.7230062346496668,0.47765774261860566,0.6742371496038447,0.4832037572546167,0.5660365648232504,0.44483703938318164,0.5474659687767852,0.5118599889669928,0.5514090160603963,0.6222571805735054,0.4802208232077623,0.681924535629424,0.4340494629171351,0.49331929828900467,0.448148818602,0.46852472503440523,0.4732773219382764,0.5804716429372994,0.35447967098195465,0.3825735020090933,0.4869616504653922,0.40063870341286095,0.5732029686502368,0.5358929245567666,0.5757561004191735,0.7645133949145623,0.3436535678148018,0.39443736589262013,0.394287603960168,0.5231683401706954,0.52032180810216,0.41393431169055295,0.4795363976700429,0.513385578978167,0.46621115299889504,0.5492784664900063,0.5075883022384563
DEU,0.6573966738066005,0.4613869220330364,0.4895594061962057,0.46335583924199336,0.3720648927690443,0.3516744292245193,0.5770767323845576,0.46562111985746296,0.45040124665842224,0.44439099636062634,0.8068540765021947,0.4288888557164887,0.44575306970880296,0.4885544980862747,0.5253268000225437,0.569280403228136,0.6477856463120346,0.5974804730792069,0.5190535670401805,0.48267107366496376,0.5283384541917375,0.41671794325200406,0.0,0.4819970690185089,0.6411784294914732,0.3741325884241933,0.45432912948392945,0.40422684892652805,0.36835135178785505,0.37758450217485645,0.5210700488320146,0.6561640441761535,0.4660395854612973,0.37252581507940924,0.5615303129015906,0.5853862993594287,0.5520218135447263,0.5025715894137686,0.4435278239434507,0.37165177719377956,0.5657670770809472,0.4355599393492825,0.5791133781501103,0.7390552075731229,0.4364752051336025,0.7179143786544214,0.5264904850623994,0.5745591767362233,0.4934904490751063,0.56096435378558,0.5031151575719259,0.5452901822083478,0.6409271275693916,0.5211656071705775,0.6774431235649052,0.39625992398135906,0.47716914534451277,0.4579969870147318,0.4865703643522676,0.48775848924380844,0.6081199969999189,0.4000769872855904,0.40722329461671536,0.5076138262405377,0.4393060772098056,0.5930248891474285,0.5784625248008199,0.5417443383582458,0.7949176957198741,0.42095064843714375,0.4001163776038595,0.3785473493546727,0.5360753090442536,0.544690030948109,0.41827636170774096,0.44496504906273027,0.5593817574285763,0.4269342632932051,0.5784836440438715,0.5289487544968922
DNK,0.6632088301208242,0.5116613406533626,0.5346764323518789,0.527605943671026,0.47510578706287204,0.4767841174323816,0.5875956907432808,0.5504575963218779,0.5154415699683648,0.5145988358968552,0.8146358265401432,0.5058385950230193,0.48057290890183674,0.5684788819867769,0.5896895956594528,0.6289346478861927,0.6445117424740555,0.6300036245859862,0.5663239032182282,0.4979361915784269,0.5124673957089568,0.5106405093904017,0.4819970690185089,0.0,0.6336782941418596,0.5065160489704122,0.4870112538010542,0.5109202302841581,0.5024278145108992,0.45053245865736014,0.5083477348002072,0.5646411814641188,0.5253268232743695,0.4801238331510825,0.5773108686830187,0.6400607252927534,0.5842329258801028,0.5373225648490647,0.5116440673512745,0.476124019572675,0.598483595901872,0.5286183650067882,0.6135159629413222,0.7438622725463796,0.538136786442855,0.7077521571363509,0.5684843858765598,0.5833351864744701,0.5491721239951555,0.6193998142352942,0.5527307669983124,0.595552748912585,0.6618856056963,0.5528169092632786,0.6830917212395532,0.4592472588069009,0.46332316585338557,0.5158793964200515,0.5297878157208853,0.5435083323681023,0.6329786611270191,0.5188021980939688,0.4880248806988044,0.5450677580751992,0.5160197656798428,0.6139429447568019,0.6129114894585884,0.5359713981951534,0.7872395979746758,0.5309381203454612,0.510149146340415,0.4892744520736915,0.5671613656763088,0.5565086712255953,0.512025886915022,0.5594577770899737,0.5868596564239578,0.503322336070465,0.6200220374864163,0.5852128186572877
EGY,0.7285545937519763,0.6516269643957404,0.5833150813916103,0.6027279649921092,0.6305781094620253,0.6122903941946145,0.612156625991677,0.6363417883378042,0.5914453449912097,0.5988140309078447,0.7968239398386505,0.6006234729727078,0.6574398955797829,0.6729040986429256,0.6191269956028688,0.696867801180138,0.7011237636739559,0.6174951203954876,0.6342018053146674,0.6368878223223762,0.6545046123573106,0.6474077607117199,0.6411784294914732,0.6336782941418596,0.0,0.623745616436939,0.6348053453841275,0.6176843960555599,0.6466304323655951,0.6269957915737417,0.607739440269052,0.7370013309315697,0.6240245042005595,0.6197893785753738,0.6325527339199595,0.6349531220522231,0.7202001011974443,0.6658225237416925,0.6667374319140531,0.6199063862969024,0.6145539885812358,0.614435242164887,0.6415887745143907,0.7249397915142834,0.620335970698194,0.7190698383346842,0.6414146389534374,0.7283212079946314,0.6529564249749638,0.6505216354773847,0.624950525057417,0.7087024037566351,0.6733774506886232,0.6298966426692224,0.7591649789948997,0.625396771109886,0.6168750489524377,0.6198583085650302,0.5568283498460515,0.6100052496785482,0.6954809638923639,0.632466282010134,0.622263423245935,0.6310966071651978,0.5859918349181443,0.6274449916063803,0.6353431906816764,0.6592625152042696,0.820564591754752,0.6474265324643736,0.648198491671581,0.6236953872926632,0.628420660674495,0.6380287600637421,0.5952742722540343,0.6353143611238375,0.6073330685367913,0.5976415906270341,0.6472626604416318,0.6482335885654975
ESP,0.6330799526869038,0.44882085561581614,0.4562226612452652,0.43164223353536124,0.32747008148152085,0.36042591274043007,0.5452587060713622,0.4296822663511358,0.4088344391221425,0.40798166985289297,0.8008731980638221,0.41862958491359636,0.4281644417708152,0.4912869905657235,0.49760307786112506,0.5524875167852401,0.6283504595056194,0.5698316016180851,0.4864930444442803,0.44841153313612064,0.5223433556528468,0.37220962325515566,0.3741325884241933,0.5065160489704122,0.623745616436939,0.0,0.43248506562974093,0.39466953292122475,0.36479523823350474,0.3826244223210202,0.4950896470917709,0.63728544148472,0.44531908754733085,0.3516852893670303,0.5294839053882242,0.5414445112007613,0.5353250641943438,0.4829287803829951,0.4685421913954556,0.3537046380840896,0.5278195670325359,0.4226562595046081,0.5495294831749391,0.7111592861164069,0.43101665090698604,0.6902717899237191,0.4686336350322664,0.5610782918877346,0.44299704909286314,0.5149834315299961,0.4742158038514241,0.5350498999057043,0.6091000742397593,0.4880805684431687,0.6760115559715556,0.39778566614763644,0.4966333278210172,0.43367778756378755,0.43638354798675816,0.46175086987894937,0.5664750547106957,0.3642160015532052,0.3413992234026835,0.4756588829229589,0.39746033228182415,0.5276048742925726,0.5158312585975043,0.5535137997844009,0.7676545906700607,0.3704394001757875,0.385684818152987,0.37855623934926863,0.49146054148466906,0.5310529165229962,0.3791753478813525,0.43451467489138645,0.5281679819176364,0.4366043905144556,0.5486877635618318,0.4906284297051448
EST,0.6559477697414181,0.5048833068970734,0.5279335324472414,0.5077866859920602,0.4116919560163288,0.4593449288118584,0.5667249250915004,0.48866002247955925,0.4661222336223549,0.5014913209106644,0.8073772205796872,0.4896365331100804,0.480279842602135,0.5042316961220357,0.5774692672190954,0.6106105591538348,0.6268055173709259,0.6061033505295471,0.5563544389131154,0.4900962320658715,0.49527909206821646,0.4222523931570328,0.45432912948392945,0.4870112538010542,0.6348053453841275,0.43248506562974093,0.0,0.45786955404033164,0.4589069247235334,0.44559267922281737,0.5479962769846639,0.6302145729789295,0.4873592340112379,0.4288405296954533,0.559936154413079,0.6177825059882539,0.5673600801480534,0.5407963971727998,0.5357565636420779,0.4461009999633112,0.5559511432179582,0.5194077341217571,0.5890006087423441,0.7478939757628644,0.5337117018042066,0.6854636108347133,0.4895638688824042,0.5804199806483157,0.42870551108698335,0.5758859528220943,0.5305050777487265,0.5270893300698576,0.648074686538765,0.5321908640638792,0.6929452185427744,0.47014160065183047,0.49298130799506246,0.5027977991059752,0.5031553253109984,0.5196179508543073,0.5930850648802537,0.4431513078274596,0.4285954226581013,0.516314410388155,0.45942363871159003,0.606103197070345,0.5565156087036743,0.5691614728636621,0.7568778470734616,0.4355449063906319,0.435761528574173,0.43025481655249187,0.5504160822240322,0.5492281906890311,0.4623603453431204,0.5184315562524154,0.568851553839101,0.5173630374961147,0.5829803134200175,0.5598053697832256
FIN,0.6407705607806402,0.47401069043717264,0.483658606498572,0.471512208648951,0.38986648019705994,0.41685285690470314,0.5523009700601945,0.4882694159709296,0.43930213397694534,0.44243343727739987,0.7996494405977914,0.4251899101141306,0.4575140020391221,0.4812404887188504,0.5137338720247879,0.5718041128137282,0.6463537883256911,0.595154004114502,0.5337880297214239,0.48257545621788817,0.5510678145867595,0.4281961571215876,0.40422684892652805,0.5109202302841581,0.6176843960555599,0.39466953292122475,0.45786955404033164,0.0,0.43543084063787635,0.4324220859755119,0.5402614876934339,0.6531217755283868,0.46976265868765094,0.3825640309950072,0.5517328744415895,0.56532749436653,0.5617105263066574,0.5287981262366572,0.48909686461601015,0.4142337561913608,0.5551245247456807,0.44562330565966607,0.5787769427686409,0.7020966282815543,0.45289304671623687,0.6895268126971016,0.5174631285859358,0.5762947921035926,0.468750395413176,0.5409275703626725,0.4988618365511094,0.5576668000618062,0.6163748220784029,0.5143859604332585,0.6839683220524551,0.44299974908229534,0.4770239910915955,0.47071832458788637,0.4676683452907571,0.4786325857323338,0.5978633761209217,0.3904606190419344,0.4001131583813893,0.510508290702531,0.44431699585038825,0.5866537978065967,0.5474307851455538,0.5583199173605551,0.7753298479066864,0.440065707555283,0.3998410167034741,0.37626217454003974,0.5357429567419266,0.5264197514041911,0.411704793333631,0.44608675738161974,0.5455354131626098,0.45520739962127366,0.5557790866657302,0.5101075711951969
FRA,0.6293745543976806,0.4503766058301106,0.5145550200390394,0.4386398525980577,0.3697240739829921,0.38531270283353813,0.5760981489154883,0.4817967287882486,0.4667876796674118,0.43429947452455014,0.7952990090599674,0.4451487645243508,0.4467710073682014,0.4658840322057546,0.5604302118146893,0.5586792763433577,0.6299323056165537,0.6095023164619728,0.5038062668005595,0.4574751843037731,0.5240765214189669,0.419979649412309,0.36835135178785505,0.5024278145108992,0.6466304323655951,0.36479523823350474,0.4589069247235334,0.43543084063787635,0.0,0.3677274929204815,0.5152685490008124,0.6225808557711253,0.481595690983295,0.3832943755499617,0.5679612848596304,0.6049964037077125,0.5320935847842687,0.5112425644754,0.4671269629671347,0.3953594125546397,0.5927085138495631,0.46854090552835026,0.5671929255048176,0.7340901720310116,0.48296690004993065,0.7015113243228547,0.5053459034236722,0.5621679372549652,0.4700139225886916,0.5574575933179141,0.5072510602025433,0.5415112225959572,0.6375094632066768,0.5231089571087181,0.6588801483293409,0.3846131599123972,0.4813234195186806,0.43366303173775267,0.4974424603437236,0.4874531369115969,0.5950917831444261,0.41547547158090975,0.3747066317863117,0.4930863122413504,0.44936761922663354,0.5714875145000767,0.5375080753076185,0.5425654563069291,0.7764046163426866,0.4143655599584628,0.41146752245264034,0.40138896150155146,0.528118223733016,0.5438780818824164,0.4252113265625501,0.4807526048739947,0.5631835107324136,0.4337527002868022,0.5979840681759375,0.5099780976463524
GBR,0.6266897570834848,0.42235025378446794,0.4640959667289936,0.41146407615201536,0.36638997654095373,0.3832987659924462,0.5585900504246004,0.46969501670419905,0.44809377965717034,0.4111587844043789,0.8030616333857531,0.4229525246000085,0.4380976364809254,0.454587549058098,0.5289426483136256,0.5688338841043136,0.5998792263300694,0.5660326301186149,0.5073515445397309,0.44899218229129434,0.53763659628146,0.4057880013252655,0.37758450217485645,0.45053245865736014,0.6269957915737417,0.3826244223210202,0.44559267922281737,0.4324220859755119,0.3677274929204815,0.0,0.5180048707486452,0.6009246492970861,0.45211394354468665,0.3862008721169752,0.5327019043950504,0.5714866280580019,0.4874206709102019,0.47441291326172436,0.4470104304696906,0.3736889736460124,0.5587608765917222,0.4648919524731846,0.5534937680202093,0.7312446374821889,0.47005830549176414,0.6903852587075924,0.49266451392969424,0.5475856743785893,0.4867246412874805,0.5589258387246692,0.4819340765076721,0.5410693696446155,0.6354830963461897,0.4802554319060986,0.6571174815197663,0.35593562963457837,0.4457440378939451,0.4095544777222964,0.4774810968354125,0.4438483247693537,0.5850802944509148,0.40123158756656796,0.39277261059675433,0.46361054721387673,0.414810787238495,0.5631446248771382,0.5425160370897709,0.5409381736822173,0.7458478739014804,0.4025462999165327,0.40409795912766394,0.41774457591093817,0.48979830232818067,0.5051685887127274,0.41642589074622494,0.47374627121949864,0.5522421481712755,0.4118191254592733,0.5588047139815089,0.5250127012573198
GRC,0.6669799332514575,0.5298717298945952,0.5607902566006151,0.5450415882910372,0.5206371899007719,0.5208178861805078,0.6076380155900672,0.5315527453691722,0.4926965539266645,0.5270506211806528,0.756837549397324,0.5289485698188645,0.5428688505657837,0.5523106606706867,0.5902198101529803,0.6102821675799011,0.653031178794346,0.652537881775264,0.581441596364323,0.5140131990287351,0.533870993358472,0.5550326266557047,0.5210700488320146,0.5083477348002072,0.607739440269052,0.4950896470917709,0.5479962769846639,0.5402614876934339,0.5152685490008124,0.5180048707486452,0.0,0.6204087083387123,0.5327788471294234,0.503581114814215,0.6002267158501546,0.6148878436088315,0.630741004926618,0.5619650677209398,0.5484751124883784,0.5160513929998594,0.5759741944951986,0.5219039505064931,0.5952301609072504,0.7374140957280344,0.5298577246437013,0.6823405377187449,0.5548928225913068,0.6302795781829512,0.5852693315777575,0.5723628010630145,0.5447055689269372,0.6334307042447489,0.6447062915423425,0.5752250615432254,0.6897812028968349,0.5353165028768487,0.553475660924067,0.5385543154671287,0.508738395650546,0.5599557362283506,0.6196948146071685,0.5299376138631885,0.5290285402225565,0.5563842028446643,0.5169913200749441,0.6073966501599097,0.5911083696060134,0.5639161915509903,0.7894275931260154,0.5461547392671829,0.5630926363210376,0.5111610103368037,0.561987984456002,0.623612846649097,0.5149118129482219,0.556990767716036,0.6070580608322426,0.5127162163560128,0.6138518610161341,0.5714853308878413
HKG,0.7150105954994828,0.5921661569659572,0.6894407115185437,0.6348491712037571,0.6309476383701178,0.6069203201218669,0.6775767822119064,0.66044173733427,0.6596605637004628,0.6468731597416301,0.8485766377845436,0.6350371777483312,0.580165634580595,0.6738476913590948,0.7505765805671911,0.6933473296199839,0.6912319642550574,0.7297976782600231,0.6902646140409814,0.5698233823165417,0.6108370272723296,0.6498087911688822,0.6561640441761535,0.5646411814641188,0.7370013309315697,0.63728544148472,0.6302145729789295,0.6531217755283868,0.6225808557711253,0.6009246492970861,0.6204087083387123,0.0,0.6604077459222462,0.6456391019361095,0.6890960858172609,0.7513065623593198,0.6747764991982209,0.6204634374633978,0.60765766107677,0.6409074661137156,0.6911943161881657,0.6347723724466852,0.6296131625607995,0.7725504816652344,0.688566873425083,0.7045872180414455,0.665320071781232,0.5524838052963688,0.6417419384436068,0.7350570456089792,0.6562978525229595,0.6676582967032889,0.7641824137371319,0.6408051866181893,0.6879182860002032,0.6046902390197257,0.6394417553422379,0.651174791981132,0.680416639480086,0.6919049412830944,0.680454158436,0.6472538386396701,0.615347857700332,0.665986631141276,0.6284729926614675,0.6472571067760206,0.699592855776946,0.563309510011731,0.7807131404364648,0.6418816025265436,0.6251386470887385,0.6359425475460045,0.686843160071248,0.7151301969460827,0.6624635714662949,0.6801878690380085,0.6868489267824343,0.6449993841681647,0.7618479421241978,0.6853580452776521
HRV,0.6346385723642548,0.48887629136026517,0.47516024743270935,0.5024597707552316,0.42489080244119726,0.4680828884642382,0.5615047589616459,0.4730797333847446,0.4322299222010584,0.4506739533091822,0.7654493488973222,0.46757309247816553,0.4947568362101714,0.5262964376244063,0.5250563350174743,0.6045552753902972,0.6238488654612921,0.5973867048689996,0.5169314871957253,0.5107689372127515,0.5493843132589071,0.46082259090211364,0.4660395854612973,0.5253268232743695,0.6240245042005595,0.44531908754733085,0.4873592340112379,0.46976265868765094,0.481595690983295,0.45211394354468665,0.5327788471294234,0.6604077459222462,0.0,0.4188123417513157,0.5173102200057952,0.5608250506341634,0.5770281025546262,0.546389053907515,0.5218332543465819,0.44963928587791796,0.5430568570734112,0.4855992846783338,0.5860043055955441,0.7241710359810768,0.49336626413864615,0.6534981920892567,0.5100530483579868,0.606325047014775,0.5302900248164446,0.5394269787856993,0.5091251863220482,0.5934426211018398,0.6069091367941913,0.506233276038745,0.6812884841256253,0.4763643863740529,0.5046976327919357,0.47035366974403203,0.4529138101505897,0.48913437431452156,0.5553052819855032,0.42197282665083463,0.44795017011989224,0.4886524632311209,0.43271661567450714,0.577739462854629,0.5667045714027343,0.5910350050142108,0.7601065836079258,0.4444911107521383,0.45883329793323635,0.4712451236182629,0.49033968189357907,0.5473537881719784,0.4519599180373319,0.49515587906504926,0.5438851961709079,0.4730417868045224,0.5569678911733226,0.5476932328419759
HUN,0.6189749529682109,0.42017483829939006,0.4355647875011937,0.4384400171661494,0.359586494679011,0.38762795782042664,0.5546444663592672,0.4281634886280698,0.39230964455123585,0.4059812878371608,0.7721501864595639,0.400890872408002,0.4411933508024479,0.46805571150612785,0.487754311312125,0.5374301452235917,0.6057053364453712,0.5995326840125563,0.46554022413738994,0.45644159054544525,0.5334846500456866,0.3732747128426471,0.37252581507940924,0.4801238331510825,0.6197893785753738,0.3516852893670303,0.4288405296954533,0.3825640309950072,0.3832943755499617,0.3862008721169752,0.503581114814215,0.6456391019361095,0.4188123417513157,0.0,0.5087089494539144,0.5240442351390333,0.5268977327203909,0.5065291737347632,0.4501907644381284,0.36450707684157185,0.5099538733382064,0.4252729100179829,0.5594162422792429,0.7180514385383178,0.4268908584427654,0.6532418459948856,0.46321772386200916,0.5708726244448562,0.46885998139204704,0.5038615478385678,0.4533970262093698,0.5453460132973125,0.5976101105164408,0.4783640302967388,0.6612591621115228,0.40529828859291667,0.4708451383246604,0.4259019378890985,0.4247210142279038,0.44204911115375706,0.548484365860569,0.34939141121961026,0.37266498359788364,0.4706400660786032,0.3887829759491295,0.5449103826639212,0.5184866964980266,0.5469106029654612,0.7526260888234658,0.38220395259196643,0.4055611917196891,0.3737922923007807,0.4750238136585012,0.498389140570089,0.38764603573236417,0.4489705841929531,0.5262752701819469,0.4078950569737217,0.5345095148503775,0.4660505943062572
IDN,0.6421722190584226,0.5066593938900863,0.5004561170376653,0.5069578515086178,0.5329901415884702,0.5590079198197734,0.611180464419593,0.5537468193656018,0.47086159641948394,0.47256222574574847,0.7493840668220356,0.5164207804008737,0.5494399779636588,0.5896836873135611,0.4825767369692661,0.608959150337476,0.5966774147360737,0.5894307835525138,0.5107527847951633,0.5412314138927795,0.6211406429498643,0.5358050724859653,0.5615303129015906,0.5773108686830187,0.6325527339199595,0.5294839053882242,0.559936154413079,0.5517328744415895,0.5679612848596304,0.5327019043950504,0.6002267158501546,0.6890960858172609,0.5173102200057952,0.5087089494539144,0.0,0.5420448750641412,0.6120809286422199,0.5959020332429544,0.5941884356371315,0.5311902935840072,0.5524137068020986,0.524073970225762,0.6190619623916003,0.7348894013420234,0.5149337564184098,0.6293962902823125,0.5733042387500675,0.6523299476061213,0.6116035935620795,0.5543046854460567,0.523337683742199,0.6526546477800969,0.5766448853181763,0.46303883548841207,0.7039353196679433,0.5631011459507003,0.5629911256303711,0.5301440989805427,0.4791822227061789,0.5122258522712683,0.5528513969700353,0.49720311167047343,0.5133935260940358,0.5535887048378342,0.48823507109709174,0.5204749271967968,0.5844849505550411,0.6272772073904762,0.7833564378465694,0.5619815451549157,0.5787782561867093,0.5330694397798312,0.474249582855244,0.5747595624162787,0.494283089860554,0.5182924786883839,0.5450653639900155,0.5290524670424211,0.5040764987638469,0.5381823346329441
IND,0.6670626321528302,0.585730387989758,0.5031481986167569,0.539855389395213,0.5582964001088869,0.5730979547509087,0.5911306734036503,0.5475544493688527,0.4986726596934181,0.5150155142465229,0.7596483646217947,0.5270285561724705,0.6063979253002777,0.6195611215654747,0.512744189767419,0.616467957079765,0.6406335795391781,0.5928454738372502,0.5591190884825012,0.5991136389606743,0.6721262268040223,0.5635463916726812,0.5853862993594287,0.6400607252927534,0.6349531220522231,0.5414445112007613,0.6177825059882539,0.56532749436653,0.6049964037077125,0.5714866280580019,0.6148878436088315,0.7513065623593198,0.5608250506341634,0.5240442351390333,0.5420448750641412,0.0,0.6548598143603462,0.615719285229476,0.581623777293722,0.5447131760157319,0.5671623568823846,0.5420030839111611,0.6133754795252769,0.7197917102695288,0.5411052249153385,0.6766455351813558,0.587215886755654,0.7041690186858515,0.6311138100415695,0.5121366963341631,0.5203435145210479,0.695275584759349,0.6121641176094251,0.5403328642482872,0.7689727712875635,0.5854588225037927,0.6108323473037666,0.5685108352764013,0.47972827287630787,0.5299742928179453,0.6054376383191642,0.5279588736250108,0.5590687299626801,0.5504426805858156,0.504197893478873,0.5958698997162504,0.5809881993829945,0.6819913137106384,0.7989493999214369,0.5771190931642901,0.596231886274692,0.5561806230903336,0.5287876099003166,0.5762339627311225,0.5051029673750579,0.5688810033391086,0.5700874125425086,0.5405146461384184,0.5710252010985324,0.5457019504177989
IRL,0.6712082654423812,0.510178257483551,0.5812964980008438,0.5250898448982496,0.5250178721772683,0.5521209104964281,0.6510762032327015,0.5758533101103904,0.549768746469743,0.5459197167312421,0.8508704285008682,0.5705216495931531,0.5367410989558649,0.5611251120011526,0.626106755519634,0.6554150277723204,0.6688947416031147,0.6392518363169228,0.5985781543493579,0.551723489005587,0.622302960652214,0.5409920255855358,0.5520218135447263,0.5842329258801028,0.7202001011974443,0.5353250641943438,0.5673600801480534,0.5617105263066574,0.5320935847842687,0.4874206709102019,0.630741004926618,0.6747764991982209,0.5770281025546262,0.5268977327203909,0.6120809286422199,0.6548598143603462,0.0,0.5425648389608149,0.5668344713915549,0.535953345301862,0.6387508714313894,0.5682836223760629,0.6400548127031094,0.7755368584052558,0.5941521982976502,0.7327499962616911,0.6305943291092762,0.6052051638989567,0.5773773257919909,0.6284488422799575,0.5945474027966303,0.5745309761146803,0.6937087852041627,0.6162293358624173,0.7011774821693256,0.5448812802496256,0.5775000604628604,0.5421181853806576,0.5918624926113335,0.5722267010334097,0.6460866286789863,0.5351286352064414,0.5338074107713126,0.5687643794172687,0.5799349054136179,0.6426611632473606,0.6366255398058551,0.6478689467666064,0.7707752518036821,0.5463493726109876,0.5333836054890575,0.5483716605367462,0.5926376235985731,0.6143421611229717,0.5470119437067686,0.5752295121444972,0.6441513410479955,0.5658963736546028,0.6269346000183161,0.6122834579212116
ISL,0.6414721236843971,0.5074640795072008,0.5574137997840961,0.5261385058039901,0.48863470714856116,0.5013637954502632,0.5666663908169269,0.5373376561841339,0.47872121574080434,0.5280803886402907,0.8468382955917512,0.5305473287954685,0.5049399474145708,0.5662467227215546,0.5844317161634899,0.6386200049020785,0.6694311871621619,0.6196849701830378,0.5940123357436058,0.5182209700578824,0.547993891064476,0.5118647315330856,0.5025715894137686,0.5373225648490647,0.6658225237416925,0.4829287803829951,0.5407963971727998,0.5287981262366572,0.5112425644754,0.47441291326172436,0.5619650677209398,0.6204634374633978,0.546389053907515,0.5065291737347632,0.5959020332429544,0.615719285229476,0.5425648389608149,0.0,0.542684610962873,0.5147295601580055,0.5662217584038587,0.5390890152277152,0.6256218330280863,0.7333178083004832,0.5497468514622462,0.7181865717442439,0.6050730923709763,0.5859286533959581,0.5349999882676993,0.5809882339668279,0.6038473173421077,0.5765298407239001,0.6441588778650917,0.5658718336015163,0.7059673624714525,0.5215743306297665,0.5555216822187576,0.5377717919834557,0.5188932712284733,0.539692295646915,0.6281470400312594,0.5181707074036362,0.4919579498329284,0.5542104596544554,0.5322076198723099,0.5981951172464138,0.5944399604799848,0.6044232505559033,0.7036464302786096,0.5149718850588847,0.5050354105505815,0.5280671501962588,0.5495547570051349,0.5654527007020879,0.5035060029335287,0.5582808990656989,0.5920925130598098,0.5530009051202709,0.6218505384874631,0.5901112399117108
ISR,0.6710293518547691,0.4716936290719075,0.4990667149877236,0.5089864218127084,0.4595621078392574,0.4154558724202239,0.5965518577355926,0.5270476298400338,0.5119308658082169,0.4876305270861112,0.797302550377338,0.4795715311667181,0.45671712631541517,0.5025012247444086,0.545031237174314,0.5944365355003152,0.6556498030689467,0.6164757524677735,0.5406704521113913,0.4948866299938222,0.579081790692091,0.4978195385279599,0.4435278239434507,0.5116440673512745,0.6667374319140531,0.4685421913954556,0.5357565636420779,0.48909686461601015,0.4671269629671347,0.4470104304696906,0.5484751124883784,0.60765766107677,0.5218332543465819,0.4501907644381284,0.5941884356371315,0.581623777293722,0.5668344713915549,0.542684610962873,0.0,0.44852665141294085,0.6047479919978457,0.483295978799739,0.592639280485533,0.7412795068557416,0.47901116011983697,0.7196891679900999,0.5577304312103202,0.5750943315697152,0.5787251005855422,0.5877634427050363,0.5037615832136152,0.5763389231077435,0.641686491820491,0.5452193062576094,0.6738458455264613,0.42536731182737153,0.5369317445384784,0.5020374088445998,0.52311214671162,0.5036344793853037,0.5997481441522058,0.489604243048573,0.458934623693869,0.5650753913173585,0.49109761213052794,0.5850925272804564,0.5935113656052758,0.5476842425327992,0.7914213438296105,0.5275638991377499,0.49516360668203696,0.4863516445575544,0.5405964548550257,0.5894123037996656,0.47081008056302964,0.4713828194949301,0.5812766633692655,0.4512768538527073,0.5988851639608127,0.5439108964905537
ITA,0.6567042087475304,0.4538690770897514,0.4389887602883796,0.44437502697595255,0.36304374067590695,0.39149342984174795,0.5690826875380436,0.4367763379184979,0.44454428806505214,0.41898394828270646,0.7951928205364771,0.4342974778525148,0.44833962533897553,0.4934005550717869,0.5059455665942598,0.5487503205407521,0.616661774076938,0.5705592712397766,0.4883195071472013,0.46236535691710656,0.5435295086522746,0.4168339989612752,0.37165177719377956,0.476124019572675,0.6199063862969024,0.3537046380840896,0.4461009999633112,0.4142337561913608,0.3953594125546397,0.3736889736460124,0.5160513929998594,0.6409074661137156,0.44963928587791796,0.36450707684157185,0.5311902935840072,0.5447131760157319,0.535953345301862,0.5147295601580055,0.44852665141294085,0.0,0.5507538931988575,0.41924913030418137,0.5696729730608219,0.7231427570976338,0.43958486417415027,0.7066643844320365,0.4776556425229759,0.5618552509250689,0.48005413824374726,0.5518374051704587,0.47238030686175875,0.5522983709429227,0.6284270343864313,0.5054447267791913,0.6759892792044069,0.3877951318409342,0.49186513532109877,0.44222883399176155,0.4658049912836786,0.4468523646916187,0.5856185166874889,0.393458542068229,0.38263858154232094,0.4844668456818222,0.4145601569300098,0.5566847745701954,0.5382846227088898,0.5462759939514003,0.7690158769525273,0.41889605295748433,0.4181965982431292,0.38615750801960824,0.5033282637660969,0.5312881457765316,0.40188582452797406,0.44392771352084887,0.5383333491428797,0.41425401517342475,0.5695014597691557,0.48378109519371215
JOR,0.6779715580552054,0.5443454648470257,0.5540565048286831,0.5708305137485746,0.5502602673940584,0.5586942096022149,0.6111839948348645,0.5248836755972546,0.46190881510428605,0.5507457764901825,0.7956662354338905,0.5321876390930642,0.5835269911294392,0.6178374601768628,0.5533160086585407,0.6272366653138478,0.6470958174689265,0.6559764212201185,0.5838597490031178,0.5831112413379762,0.5699891176208327,0.5367408124705797,0.5657670770809472,0.598483595901872,0.6145539885812358,0.5278195670325359,0.5559511432179582,0.5551245247456807,0.5927085138495631,0.5587608765917222,0.5759741944951986,0.6911943161881657,0.5430568570734112,0.5099538733382064,0.5524137068020986,0.5671623568823846,0.6387508714313894,0.5662217584038587,0.6047479919978457,0.5507538931988575,0.0,0.5447719687373389,0.6211317365266391,0.76042643824732,0.5578924971128062,0.6569070390468531,0.5835755545559907,0.6464338781960582,0.5942886537352374,0.5539979513933406,0.5785525759192872,0.6439798823027947,0.6621689794658592,0.5378838597722809,0.7469847621034844,0.5855981641197987,0.5760154734585945,0.5626598593050754,0.51027492451868,0.5615489668536235,0.6381498816147829,0.5353986666107007,0.5413688741895708,0.5630882577696021,0.5002188700944269,0.5855152480711557,0.5789403549095755,0.6263170589137702,0.7575457492367154,0.543417778856202,0.5827321224531,0.5455631526209511,0.5531431021970175,0.5812106784555889,0.5401867959433504,0.5821686066145949,0.5767203939333685,0.550616335708882,0.5903542306283045,0.5729813522943383
JPN,0.6712763823071507,0.47832130245697496,0.4543671080027552,0.47631608327288555,0.44644878571747676,0.4425808279726917,0.5638176662307269,0.4744597854249441,0.4359238294952946,0.420868664227862,0.788412096886563,0.44445913410837723,0.472160212432345,0.5342310379876225,0.4753767779520011,0.559868235918506,0.6082447494092373,0.5908298584771725,0.5123619256841315,0.4892382122150105,0.5734282301393518,0.47043787259512776,0.4355599393492825,0.5286183650067882,0.614435242164887,0.4226562595046081,0.5194077341217571,0.44562330565966607,0.46854090552835026,0.4648919524731846,0.5219039505064931,0.6347723724466852,0.4855992846783338,0.4252729100179829,0.524073970225762,0.5420030839111611,0.5682836223760629,0.5390890152277152,0.483295978799739,0.41924913030418137,0.5447719687373389,0.0,0.5632147314072901,0.6826276481268094,0.40299732012101996,0.6905618773020121,0.5233277215659383,0.5969016349078695,0.5281246272838898,0.5265345272214044,0.46562163483208185,0.6054239695769751,0.610030044001519,0.5116252893011797,0.6728478067598469,0.47486442982577176,0.5292674537316621,0.512470433881759,0.45777395102760526,0.47572708308360223,0.5860712359864118,0.44000668336240256,0.45436037642153176,0.5162224434588834,0.435235235839892,0.5669266767121107,0.5450330701862416,0.560523452344635,0.7827359871336819,0.4615270752126647,0.48363063193818145,0.4324055923981996,0.47815953859233407,0.5651652353560754,0.40863012238994206,0.4230300318252844,0.5190215534738487,0.4529251514817416,0.5427367652977667,0.5142215395163248
KAZ,0.6794752787505135,0.5844630746883086,0.5639692064204451,0.5116261009195568,0.542678316950825,0.5556074613003341,0.5745242450631939,0.5675517610853902,0.563073471331272,0.5381315045023857,0.7971481014266136,0.5282137074504346,0.5870692669897782,0.5967486683624549,0.6120967661600148,0.645940101150108,0.644356453211076,0.5802944494149368,0.602420971943674,0.5742491110679401,0.6266682259200846,0.5666609511842963,0.5791133781501103,0.6135159629413222,0.6415887745143907,0.5495294831749391,0.5890006087423441,0.5787769427686409,0.5671929255048176,0.5534937680202093,0.5952301609072504,0.6296131625607995,0.5860043055955441,0.5594162422792429,0.6190619623916003,0.6133754795252769,0.6400548127031094,0.6256218330280863,0.592639280485533,0.5696729730608219,0.6211317365266391,0.5632147314072901,0.0,0.721852841172069,0.6072691973649733,0.6808800812266812,0.577794461109461,0.6295004527270127,0.5859078435138065,0.630101032718464,0.5330361468030953,0.6679346808185723,0.6500791394303108,0.5729851646067207,0.6823003677379039,0.5631097306249812,0.592512444521611,0.5380570778684447,0.5387167329499604,0.5787899359539164,0.6234219135107494,0.5479437652948139,0.5672210554822933,0.606476598334874,0.4824003899213627,0.60444353790457,0.6029049626836436,0.6388332025250103,0.7878280492025973,0.5660662235707891,0.5654187594637317,0.5547971790736039,0.6122071142846094,0.6342354783800521,0.5294857528874175,0.6087292012802279,0.5568736307634091,0.5323855727625657,0.6242231655494124,0.6045118852849938
KHM,0.7483238709232661,0.7387677313163128,0.7017792873132241,0.7027101647063396,0.7115135856553587,0.7054035027986197,0.6428941973919885,0.7008356176777745,0.6941044430528954,0.7013972721885455,0.8565274175075147,0.7042436310570254,0.7345987279652277,0.7662504753453073,0.7069501954586461,0.7518315341833236,0.7434947423224608,0.6851472192724753,0.747381546650576,0.7106521757333498,0.7550324275610539,0.7230062346496668,0.7390552075731229,0.7438622725463796,0.7249397915142834,0.7111592861164069,0.7478939757628644,0.7020966282815543,0.7340901720310116,0.7312446374821889,0.7374140957280344,0.7725504816652344,0.7241710359810768,0.7180514385383178,0.7348894013420234,0.7197917102695288,0.7755368584052558,0.7333178083004832,0.7412795068557416,0.7231427570976338,0.76042643824732,0.6826276481268094,0.721852841172069,0.0,0.722274749622126,0.7531464064500432,0.7519793218499748,0.7471524512257731,0.6985510983689686,0.6931361011046266,0.7149385044084222,0.7694856213523743,0.6626107875871425,0.726289094799953,0.7803646932394531,0.7355009179336629,0.751926042716305,0.7245047284397647,0.6558590828181651,0.7175830609059515,0.7253210193797484,0.7040701294697522,0.7052790895773593,0.7061313879227201,0.6998640982173955,0.7155616033055743,0.7100965520605442,0.7859333427402989,0.8398448583260344,0.713620763762382,0.699293149669803,0.7032326125243862,0.7244772334156109,0.6917078171657,0.66879467622317,0.7248163722299755,0.6483475742887751,0.7246642664861185,0.7059237595390561,0.7212571951133567
KOR,0.6658019032585247,0.4901775205642032,0.4511279574956902,0.5066012086549784,0.4572515751721082,0.45597127210141214,0.5714908781058133,0.5128609390178792,0.4127218926551694,0.44350452842143717,0.8005235464816042,0.4735012770727534,0.487578267558544,0.5252372612861993,0.41832939301870103,0.5916709402789686,0.6446553582315722,0.6210888155768929,0.5146433555208224,0.5243057839018033,0.5833951486234552,0.47765774261860566,0.4364752051336025,0.538136786442855,0.620335970698194,0.43101665090698604,0.5337117018042066,0.45289304671623687,0.48296690004993065,0.47005830549176414,0.5298577246437013,0.688566873425083,0.49336626413864615,0.4268908584427654,0.5149337564184098,0.5411052249153385,0.5941521982976502,0.5497468514622462,0.47901116011983697,0.43958486417415027,0.5578924971128062,0.40299732012101996,0.6072691973649733,0.722274749622126,0.0,0.7149162394695785,0.5433149566377738,0.6329244071950568,0.5669079888776162,0.539929532814931,0.4786377316602918,0.6096340758100492,0.6047123643991894,0.5017559047263309,0.6983788752272236,0.48630072791721835,0.5274260560885168,0.5213994299147225,0.44275685239582885,0.49858264374326816,0.5959979884862429,0.4661384864693069,0.454162409744502,0.541484793749289,0.44532216889485743,0.5758255137265575,0.5726193458008567,0.568861434290928,0.7923211187753545,0.504827400397253,0.5096391161477416,0.4620188682077635,0.46843219646573203,0.5715957169325026,0.42645795229320993,0.39530251041891545,0.547479640342569,0.4677283150120121,0.5233526299725639,0.5188980705774651
LAO,0.6571450430184229,0.6634025634416683,0.6963088648445163,0.6846357160792271,0.6854646274978811,0.7109560213143069,0.6581359244344912,0.6855819617580406,0.630016444179065,0.6598907208354848,0.7393370548474636,0.6648256129462119,0.7025000126239924,0.6847074137592406,0.6696782518213485,0.6665976493515122,0.6682671997272257,0.7391972006327466,0.6577077648631818,0.6912720601968306,0.7289256031513494,0.6742371496038447,0.7179143786544214,0.7077521571363509,0.7190698383346842,0.6902717899237191,0.6854636108347133,0.6895268126971016,0.7015113243228547,0.6903852587075924,0.6823405377187449,0.7045872180414455,0.6534981920892567,0.6532418459948856,0.6293962902823125,0.6766455351813558,0.7327499962616911,0.7181865717442439,0.7196891679900999,0.7066643844320365,0.6569070390468531,0.6905618773020121,0.6808800812266812,0.7531464064500432,0.7149162394695785,0.0,0.6785765425746844,0.7497276418314857,0.7144316602800322,0.6705845312859589,0.6643747393009429,0.7703593684261341,0.6559127367370511,0.6462126157685467,0.73742935380175,0.7025754777857811,0.692867734250989,0.6610473562112371,0.6098639970007415,0.6758921771635313,0.6667807792638424,0.6448774480650938,0.6753272748790178,0.691741491415141,0.6470558141239029,0.6715855813672919,0.6963537375294871,0.7412047342338007,0.8077358025224537,0.6782971115275613,0.7083290174923864,0.6794039821854083,0.6601335805562619,0.6819262012083158,0.663965460500245,0.7214570904409889,0.649065393332348,0.6923167984358609,0.6488071833159941,0.6709343396377143
LTU,0.6900057261554614,0.5569376506056912,0.5392177625604512,0.5319956797099695,0.4817445336134588,0.4898639415935402,0.6180282917736091,0.5097917230128155,0.5160018889463882,0.5035133632296233,0.7601297423870925,0.5200404646081751,0.5272567799328802,0.5514361120173108,0.5833773467911486,0.5816470962089402,0.6133397186141072,0.657382888622891,0.5380473477873439,0.5121013003283401,0.5839902394526527,0.4832037572546167,0.5264904850623994,0.5684843858765598,0.6414146389534374,0.4686336350322664,0.4895638688824042,0.5174631285859358,0.5053459034236722,0.49266451392969424,0.5548928225913068,0.665320071781232,0.5100530483579868,0.46321772386200916,0.5733042387500675,0.587215886755654,0.6305943291092762,0.6050730923709763,0.5577304312103202,0.4776556425229759,0.5835755545559907,0.5233277215659383,0.577794461109461,0.7519793218499748,0.5433149566377738,0.6785765425746844,0.0,0.6318580560376815,0.5265988737419715,0.5710568775524889,0.521769848952247,0.636925420888426,0.6430929346519707,0.5351391773869933,0.719980280958899,0.5100437429005881,0.5721783373525766,0.5183781861241907,0.5053867378083606,0.5201093416109928,0.5949192827263351,0.47262043708760504,0.47614963345641165,0.551983239352785,0.4800614582243745,0.5909923072290061,0.5430915237724586,0.5896720952014441,0.7784724108254103,0.5064439637016835,0.5216452579791537,0.4803466198432158,0.557435463785144,0.5992471034737356,0.47935797816714526,0.5520230923375168,0.5740987019068439,0.5182329456403828,0.6041777564048142,0.5624098480547775
LUX,0.6897355802191198,0.5678682495137976,0.6172526505522562,0.5735416322704062,0.5504187340426638,0.5398815703466836,0.6431597681548976,0.5884871966393176,0.6035162649515212,0.5817913503437173,0.8547791419378576,0.5744931926284583,0.541627054918069,0.6008654375679674,0.6885491344164708,0.6374713844548039,0.6801108967225512,0.6779430781191352,0.6311146469016947,0.5368270963508502,0.5854121044180134,0.5660365648232504,0.5745591767362233,0.5833351864744701,0.7283212079946314,0.5610782918877346,0.5804199806483157,0.5762947921035926,0.5621679372549652,0.5475856743785893,0.6302795781829512,0.5524838052963688,0.606325047014775,0.5708726244448562,0.6523299476061213,0.7041690186858515,0.6052051638989567,0.5859286533959581,0.5750943315697152,0.5618552509250689,0.6464338781960582,0.5969016349078695,0.6295004527270127,0.7471524512257731,0.6329244071950568,0.7497276418314857,0.6318580560376815,0.0,0.5540279815817515,0.6813511522731008,0.6220131596296434,0.6092087912218991,0.7258345726676165,0.624109526113846,0.6811585540475972,0.5578731733783454,0.5915901265225582,0.5830751245791996,0.6283389627334088,0.6111689995390385,0.657179062338965,0.5676217184732878,0.5419584936674928,0.5993566340939717,0.5720227637202422,0.6199668137181505,0.6553301605109111,0.6077566684770975,0.7653921181110034,0.5748968101487021,0.5445674994697742,0.5578647773031736,0.6476896910196193,0.6529780724514846,0.586576718214413,0.6188697201994159,0.6462894517882785,0.581817498971113,0.7123432074988777,0.6226788774375542
LVA,0.6507543018027095,0.54563759370035,0.5484440226328623,0.5060614346802746,0.42144604050108764,0.4705523054096788,0.5777217976274233,0.5053906115468179,0.510212619895415,0.5164099481622407,0.8382788221299234,0.5140245733717511,0.491045535554181,0.5449480082098483,0.6065795773287005,0.6106257823812185,0.6414883681387833,0.6101472965216436,0.5840050276320644,0.49848212385782065,0.5320960994674065,0.44483703938318164,0.4934904490751063,0.5491721239951555,0.6529564249749638,0.44299704909286314,0.42870551108698335,0.468750395413176,0.4700139225886916,0.4867246412874805,0.5852693315777575,0.6417419384436068,0.5302900248164446,0.46885998139204704,0.6116035935620795,0.6311138100415695,0.5773773257919909,0.5349999882676993,0.5787251005855422,0.48005413824374726,0.5942886537352374,0.5281246272838898,0.5859078435138065,0.6985510983689686,0.5669079888776162,0.7144316602800322,0.5265988737419715,0.5540279815817515,0.0,0.5868018984650173,0.5713729227160219,0.5514877852294808,0.6610868766689177,0.5691540493240617,0.6731265223259498,0.5198560682041947,0.5410837845106061,0.5146032824091086,0.5290004344426654,0.5358333553504087,0.618117008334034,0.45606934246612785,0.43894856948403477,0.526395924923528,0.4855977249979992,0.6159497056408805,0.5558961809622608,0.6044358496202797,0.7679114879890253,0.43553801155723737,0.414997076830833,0.4434395097467739,0.59055984975212,0.5512769021927305,0.4725101297376794,0.5658290927493757,0.5675900915953371,0.5455038329781284,0.6161086627221823,0.580916406778438
MAR,0.6400349239550229,0.5748822020202294,0.526982006138251,0.5361316844399124,0.5399225186959454,0.5509435208040443,0.5550180461102996,0.5350381196387795,0.46385282345787654,0.4850019313084821,0.7614453944005735,0.5230720612206843,0.5748635314488224,0.5609852165253407,0.5251924279761833,0.5938735192905167,0.6393573082603689,0.6309298606591371,0.5537479325236563,0.562015382521183,0.6365194485612057,0.5474659687767852,0.56096435378558,0.6193998142352942,0.6505216354773847,0.5149834315299961,0.5758859528220943,0.5409275703626725,0.5574575933179141,0.5589258387246692,0.5723628010630145,0.7350570456089792,0.5394269787856993,0.5038615478385678,0.5543046854460567,0.5121366963341631,0.6284488422799575,0.5809882339668279,0.5877634427050363,0.5518374051704587,0.5539979513933406,0.5265345272214044,0.630101032718464,0.6931361011046266,0.539929532814931,0.6705845312859589,0.5710568775524889,0.6813511522731008,0.5868018984650173,0.0,0.5175126450868437,0.6701044712711124,0.5637792955371518,0.5516284731001228,0.7421698775699469,0.5617090536784728,0.6028586322868384,0.5510496053528839,0.4570436102970537,0.5056342983589411,0.5636204746752127,0.5283961209304563,0.515300174737788,0.563965521614935,0.5172405348984875,0.5872200573451534,0.5232100262588159,0.657916474192349,0.7974635581543987,0.5521570907271356,0.5832778044276572,0.5322902722084447,0.5342916194234024,0.5488022167646125,0.49223811268187,0.5539615714909962,0.5600995132530262,0.5313845111442179,0.5552366600447207,0.5337664654990683
MEX,0.637556204338848,0.5263596481029013,0.45212281155418194,0.484176469532358,0.4721678503939003,0.48677101214251195,0.5761702767389585,0.5401803731176538,0.4909235289798693,0.41369669020041516,0.7566980381430518,0.45223692812842037,0.5183231692660538,0.530215701018829,0.4947276166147712,0.5778363757841474,0.6038863272335534,0.575929988215728,0.5148294522402979,0.5171627074104979,0.6255291862528796,0.5118599889669928,0.5031151575719259,0.5527307669983124,0.624950525057417,0.4742158038514241,0.5305050777487265,0.4988618365511094,0.5072510602025433,0.4819340765076721,0.5447055689269372,0.6562978525229595,0.5091251863220482,0.4533970262093698,0.523337683742199,0.5203435145210479,0.5945474027966303,0.6038473173421077,0.5037615832136152,0.47238030686175875,0.5785525759192872,0.46562163483208185,0.5330361468030953,0.7149385044084222,0.4786377316602918,0.6643747393009429,0.521769848952247,0.6220131596296434,0.5713729227160219,0.5175126450868437,0.0,0.6402341822028201,0.6147172565513418,0.5020992131346836,0.6983939940303538,0.4879212337450126,0.5290261311247306,0.4954565042484515,0.47496590780408204,0.47552870925859675,0.5519940306567178,0.47746556049922945,0.488409089323193,0.531048737846145,0.4349853447123795,0.5540388692758826,0.5466157330238669,0.594122919264903,0.8036967745795722,0.5250930871915791,0.5424365163231337,0.49080405048976167,0.5244766224667253,0.5578499323934625,0.45174159207168463,0.5160320946663615,0.5305213688651497,0.4243870596330621,0.5485727479569921,0.52207697621608
MLT,0.6840982651042944,0.5281170924362395,0.6153198161729941,0.5706632002477751,0.5130150165060353,0.5417275593718274,0.6578791896124315,0.5846032100553076,0.5862219096395681,0.5906114173098341,0.8558049876032428,0.5999364046689049,0.5129232028927315,0.5831125154675312,0.6648671595359382,0.6804686148794986,0.7032993409378752,0.6701034825935572,0.6402164817015246,0.5740573023005907,0.5770240015665589,0.5514090160603963,0.5452901822083478,0.595552748912585,0.7087024037566351,0.5350498999057043,0.5270893300698576,0.5576668000618062,0.5415112225959572,0.5410693696446155,0.6334307042447489,0.6676582967032889,0.5934426211018398,0.5453460132973125,0.6526546477800969,0.695275584759349,0.5745309761146803,0.5765298407239001,0.5763389231077435,0.5522983709429227,0.6439798823027947,0.6054239695769751,0.6679346808185723,0.7694856213523743,0.6096340758100492,0.7703593684261341,0.636925420888426,0.6092087912218991,0.5514877852294808,0.6701044712711124,0.6402341822028201,0.0,0.7296278154193613,0.6203286412684003,0.7215738406636631,0.5566315185769507,0.5933469859057976,0.574521859609711,0.636679486811452,0.6214817248102195,0.650179265545109,0.5555152728675461,0.5212614151424556,0.6075311404001855,0.586005249358576,0.6579717304863437,0.6389129208743016,0.6152930272941782,0.7875717499328606,0.5244470406895495,0.5233784702163762,0.5608117224204511,0.6242196533399633,0.6178004376040681,0.574892936150099,0.5904395477202431,0.6768611246398869,0.6050637824193995,0.6547025712770416,0.6391106128565451
MMR,0.6844835643527691,0.650790080356536,0.5692724135354603,0.5804913582266984,0.6239235544491888,0.6306010233373648,0.5310087890897891,0.6282184363755391,0.5289102110285954,0.5767136522029999,0.7904419761085908,0.6014537870970498,0.6418769794663631,0.6379349609321961,0.5484424348951459,0.6739774757866475,0.6893443667347403,0.6483740587309659,0.6305800847265149,0.6262754810294375,0.6814279132081142,0.6222571805735054,0.6409271275693916,0.6618856056963,0.6733774506886232,0.6091000742397593,0.648074686538765,0.6163748220784029,0.6375094632066768,0.6354830963461897,0.6447062915423425,0.7641824137371319,0.6069091367941913,0.5976101105164408,0.5766448853181763,0.6121641176094251,0.6937087852041627,0.6441588778650917,0.641686491820491,0.6284270343864313,0.6621689794658592,0.610030044001519,0.6500791394303108,0.6626107875871425,0.6047123643991894,0.6559127367370511,0.6430929346519707,0.7258345726676165,0.6610868766689177,0.5637792955371518,0.6147172565513418,0.7296278154193613,0.0,0.6317762976112774,0.7246829580685121,0.6372871687731997,0.6468417714116692,0.5891264275141792,0.4153083344740504,0.5866756528736021,0.5946030610182033,0.6075753624189093,0.6147632265540466,0.6448168507358153,0.6070427836708538,0.6106661173698148,0.6307318967281327,0.7077400800450409,0.8049162561579598,0.6518934037452555,0.63816370505764,0.6145494030385384,0.5965275620183548,0.6112425018277005,0.5327342552663691,0.6216574530060907,0.577296739350832,0.6132405721520182,0.5701259396835054,0.6083616109928537
MYS,0.6433398160623475,0.49076589652367386,0.4944748536044697,0.5046987704411287,0.4917952442910664,0.5079022150767618,0.591167005952782,0.5263233659531452,0.49512608440881584,0.45863658857251993,0.7709621818707436,0.48681170793466194,0.5238412888527408,0.5723088155829102,0.5198884855874911,0.6125979455535927,0.5835969391957683,0.6194277957581701,0.5254778916350367,0.512184343456934,0.598244027692394,0.4802208232077623,0.5211656071705775,0.5528169092632786,0.6298966426692224,0.4880805684431687,0.5321908640638792,0.5143859604332585,0.5231089571087181,0.4802554319060986,0.5752250615432254,0.6408051866181893,0.506233276038745,0.4783640302967388,0.46303883548841207,0.5403328642482872,0.6162293358624173,0.5658718336015163,0.5452193062576094,0.5054447267791913,0.5378838597722809,0.5116252893011797,0.5729851646067207,0.726289094799953,0.5017559047263309,0.6462126157685467,0.5351391773869933,0.624109526113846,0.5691540493240617,0.5516284731001228,0.5020992131346836,0.6203286412684003,0.6317762976112774,0.0,0.6882690068826866,0.5196160409336404,0.5512379890892574,0.519926597770575,0.49025813713885,0.5134511096488048,0.5656892313805654,0.4585052594680694,0.48170086758885033,0.5546324905619852,0.45033514521192786,0.5563115735659557,0.5660604224834428,0.5949918036465951,0.7816989556312343,0.496254514453164,0.5368757328627515,0.4997560548369383,0.48184614965986244,0.5465096368970631,0.5009403374487549,0.5124511035498566,0.5114173342841459,0.48570926706380263,0.5373213590624111,0.5259836461150836
NGA,0.7269106656899237,0.6709833051770567,0.6669845961119703,0.6528873432173361,0.6683108706169686,0.6760835002649801,0.7035187027338368,0.6726754483969409,0.6811962075890502,0.6728552629343453,0.8797031227699781,0.6625949486838207,0.6641163237533044,0.6737821108594299,0.7226659186060541,0.7284758542627314,0.7173006119550637,0.7265637198821037,0.6906188330019939,0.6445975158107402,0.701644961422664,0.681924535629424,0.6774431235649052,0.6830917212395532,0.7591649789948997,0.6760115559715556,0.6929452185427744,0.6839683220524551,0.6588801483293409,0.6571174815197663,0.6897812028968349,0.6879182860002032,0.6812884841256253,0.6612591621115228,0.7039353196679433,0.7689727712875635,0.7011774821693256,0.7059673624714525,0.6738458455264613,0.6759892792044069,0.7469847621034844,0.6728478067598469,0.6823003677379039,0.7803646932394531,0.6983788752272236,0.73742935380175,0.719980280958899,0.6811585540475972,0.6731265223259498,0.7421698775699469,0.6983939940303538,0.7215738406636631,0.7246829580685121,0.6882690068826866,0.0,0.6777932117045079,0.6933985214285384,0.6544960916446863,0.6800585058474673,0.6848329684915521,0.6844385900042135,0.67970255164922,0.6730866845124857,0.66581585458744,0.6866846222483719,0.6912450021802807,0.7042489790701973,0.7347099866401178,0.838569348144518,0.688464385676943,0.6600729920031926,0.6570766310781508,0.6982883726042421,0.7047029228639388,0.6716040600682446,0.6862079739586738,0.7113618052620123,0.6494970283058771,0.7458871248873419,0.6874011589348221
NLD,0.6335644648279863,0.46040834134574693,0.4778391686480436,0.4465150914934563,0.3866904407169546,0.37038311056635104,0.5870187671236374,0.48196382248223674,0.4839602347002753,0.4236734633136144,0.8030240676891012,0.43076468688727,0.4331465817855344,0.48061041605992566,0.549529624501156,0.574459734316509,0.6276403053448858,0.5821748382983716,0.5149392703005133,0.4652260272284816,0.5334975554037439,0.4340494629171351,0.39625992398135906,0.4592472588069009,0.625396771109886,0.39778566614763644,0.47014160065183047,0.44299974908229534,0.3846131599123972,0.35593562963457837,0.5353165028768487,0.6046902390197257,0.4763643863740529,0.40529828859291667,0.5631011459507003,0.5854588225037927,0.5448812802496256,0.5215743306297665,0.42536731182737153,0.3877951318409342,0.5855981641197987,0.47486442982577176,0.5631097306249812,0.7355009179336629,0.48630072791721835,0.7025754777857811,0.5100437429005881,0.5578731733783454,0.5198560682041947,0.5617090536784728,0.4879212337450126,0.5566315185769507,0.6372871687731997,0.5196160409336404,0.6777932117045079,0.0,0.444599540702938,0.4376983303838145,0.48622839301791804,0.4680370160951366,0.5858466034895659,0.4263283047512968,0.3901459056837459,0.496894945324477,0.4251106514398781,0.5535285980119914,0.5569410079855301,0.522132174536419,0.7763678742298185,0.4364850734850295,0.4348380633146828,0.43220826525503236,0.5190212990455958,0.5382304229691178,0.44551322406885885,0.46667678000519053,0.5558784132782889,0.414320205778227,0.5863749450758238,0.5158460213051013
NOR,0.6411444050811852,0.4816781749959301,0.5309462181819647,0.475780906694294,0.4617213404413488,0.48701518111734005,0.5629063361788812,0.5547589005870507,0.480968414413211,0.48946997027360023,0.802592724542371,0.4457276327016525,0.5040722428562714,0.5291500983214981,0.5719193033630352,0.6304115877745908,0.6520151962475382,0.5800757469155295,0.5728206614166579,0.51594828915185,0.5393796266874983,0.49331929828900467,0.47716914534451277,0.46332316585338557,0.6168750489524377,0.4966333278210172,0.49298130799506246,0.4770239910915955,0.4813234195186806,0.4457440378939451,0.553475660924067,0.6394417553422379,0.5046976327919357,0.4708451383246604,0.5629911256303711,0.6108323473037666,0.5775000604628604,0.5555216822187576,0.5369317445384784,0.49186513532109877,0.5760154734585945,0.5292674537316621,0.592512444521611,0.751926042716305,0.5274260560885168,0.692867734250989,0.5721783373525766,0.5915901265225582,0.5410837845106061,0.6028586322868384,0.5290261311247306,0.5933469859057976,0.6468417714116692,0.5512379890892574,0.6933985214285384,0.444599540702938,0.0,0.4823994929619079,0.5152568984212869,0.5179290158251437,0.6306695600791865,0.5038193373778282,0.48992112313691877,0.5108020868098605,0.4588850173371659,0.589669699236353,0.6088838476514697,0.5663449777825681,0.7802257622621289,0.5068245729650899,0.48786273286804643,0.47651782528553677,0.5484001081351594,0.5395819692319268,0.49268172803582316,0.5311257221289098,0.5787222842495903,0.4773571537096522,0.6225765758060644,0.5630504615340932
NZL,0.6098663821360686,0.4811997871907586,0.47697003735980603,0.4112263533864395,0.4049930255393203,0.4506649554409623,0.5428528717528819,0.5001399043832297,0.4717518415456567,0.4418061860094774,0.7813211465632734,0.4366697405728612,0.4834653987726318,0.4683911125170199,0.5267549706215586,0.585056369508719,0.6175713022616228,0.5828140345886883,0.500514193014855,0.5012931481451572,0.5594604936172661,0.448148818602,0.4579969870147318,0.5158793964200515,0.6198583085650302,0.43367778756378755,0.5027977991059752,0.47071832458788637,0.43366303173775267,0.4095544777222964,0.5385543154671287,0.651174791981132,0.47035366974403203,0.4259019378890985,0.5301440989805427,0.5685108352764013,0.5421181853806576,0.5377717919834557,0.5020374088445998,0.44222883399176155,0.5626598593050754,0.512470433881759,0.5380570778684447,0.7245047284397647,0.5213994299147225,0.6610473562112371,0.5183781861241907,0.5830751245791996,0.5146032824091086,0.5510496053528839,0.4954565042484515,0.574521859609711,0.5891264275141792,0.519926597770575,0.6544960916446863,0.4376983303838145,0.4823994929619079,0.0,0.4566237511250571,0.47964006283332966,0.5630026031334419,0.4469004823935896,0.43575159227853866,0.48849763245958205,0.4437929084890123,0.5609434185379714,0.5412307830935582,0.5910507925979498,0.7751925247261503,0.45887479282082266,0.46183055234727305,0.4449580548250931,0.5314894261984863,0.5334548792052576,0.4504768659462995,0.5327892703413122,0.556747966851283,0.42107113700763227,0.5472464549726113,0.5044660699448622
PAK,0.5997595289931017,0.5318981571962423,0.4179040185959685,0.4416183899739292,0.4511881116633838,0.4853752289016578,0.44797934373976456,0.4859935451150748,0.3300958708328004,0.4195208648603845,0.7753169869049609,0.4430344573600433,0.5106232587640077,0.5224329844159677,0.41975602526936395,0.5735143795663347,0.6159693570451767,0.5725896090261888,0.5010824462805697,0.5037332896421306,0.5539889813170423,0.46852472503440523,0.4865703643522676,0.5297878157208853,0.5568283498460515,0.43638354798675816,0.5031553253109984,0.4676683452907571,0.4974424603437236,0.4774810968354125,0.508738395650546,0.680416639480086,0.4529138101505897,0.4247210142279038,0.4791822227061789,0.47972827287630787,0.5918624926113335,0.5188932712284733,0.52311214671162,0.4658049912836786,0.51027492451868,0.45777395102760526,0.5387167329499604,0.6558590828181651,0.44275685239582885,0.6098639970007415,0.5053867378083606,0.6283389627334088,0.5290004344426654,0.4570436102970537,0.47496590780408204,0.636679486811452,0.4153083344740504,0.49025813713885,0.6800585058474673,0.48622839301791804,0.5152568984212869,0.4566237511250571,0.0,0.4453455316278734,0.5449380044991122,0.44901549809904584,0.4627550536704137,0.49291367098505645,0.41907651711065946,0.5362416168407964,0.5307770872262793,0.5952896157408533,0.7789283978681528,0.47830341274864857,0.5046293630382349,0.46189570391866164,0.44828968611211406,0.5160390074939208,0.37167868170831836,0.47907605633987627,0.450485227303381,0.45574500908643945,0.48372323568152836,0.5154750773095689
PER,0.6446108816017603,0.5021698798165275,0.41964320930537896,0.44411677537599215,0.46979774848272626,0.4740008637684825,0.5569034700800686,0.5112649241252171,0.46107857688477727,0.40383359445463934,0.7894240246663258,0.4482724007755435,0.5171990983525159,0.4817170873188335,0.49676893855518095,0.553452193472793,0.582229115183291,0.5533312662582976,0.4838850975963912,0.49856087476538474,0.5925628970578833,0.4732773219382764,0.48775848924380844,0.5435083323681023,0.6100052496785482,0.46175086987894937,0.5196179508543073,0.4786325857323338,0.4874531369115969,0.4438483247693537,0.5599557362283506,0.6919049412830944,0.48913437431452156,0.44204911115375706,0.5122258522712683,0.5299742928179453,0.5722267010334097,0.539692295646915,0.5036344793853037,0.4468523646916187,0.5615489668536235,0.47572708308360223,0.5787899359539164,0.7175830609059515,0.49858264374326816,0.6758921771635313,0.5201093416109928,0.6111689995390385,0.5358333553504087,0.5056342983589411,0.47552870925859675,0.6214817248102195,0.5866756528736021,0.5134511096488048,0.6848329684915521,0.4680370160951366,0.5179290158251437,0.47964006283332966,0.4453455316278734,0.0,0.6013617035488401,0.4587039604835947,0.4625550743588918,0.49946922474808547,0.44160560867025717,0.5740959448591388,0.5173480096011857,0.6123983885068282,0.7665573213476238,0.5003786542398078,0.49708140765707143,0.4903265481475805,0.47377782479073854,0.5158889686458401,0.41517156604970734,0.502504639613256,0.5322403412623526,0.43145074861789345,0.5602435372036753,0.5219405987575747
PHL,0.6674860874399651,0.5897643976598846,0.5770525100669255,0.5471946204754716,0.5582765341907392,0.5953057486628355,0.6246104970754967,0.5680181425849911,0.5540341311247454,0.5415258638111285,0.767837943579115,0.5710416670545655,0.578950031380905,0.5930052595557641,0.5831044653791879,0.6245946357892795,0.6651818155090702,0.6751221749759533,0.5884302767377371,0.5487270227903058,0.6545295773030275,0.5804716429372994,0.6081199969999189,0.6329786611270191,0.6954809638923639,0.5664750547106957,0.5930850648802537,0.5978633761209217,0.5950917831444261,0.5850802944509148,0.6196948146071685,0.680454158436,0.5553052819855032,0.548484365860569,0.5528513969700353,0.6054376383191642,0.6460866286789863,0.6281470400312594,0.5997481441522058,0.5856185166874889,0.6381498816147829,0.5860712359864118,0.6234219135107494,0.7253210193797484,0.5959979884862429,0.6667807792638424,0.5949192827263351,0.657179062338965,0.618117008334034,0.5636204746752127,0.5519940306567178,0.650179265545109,0.5946030610182033,0.5656892313805654,0.6844385900042135,0.5858466034895659,0.6306695600791865,0.5630026031334419,0.5449380044991122,0.6013617035488401,0.0,0.5589829000768451,0.5703105132004421,0.5862973280741518,0.563754341927135,0.5663461212539443,0.5909822235770839,0.6660934839700674,0.785517347186335,0.5890552384937778,0.6055111329757934,0.5770126835948401,0.5855256690923177,0.6383249459548969,0.5671940552791703,0.5953252169995412,0.609513277782061,0.579002601660822,0.6137866305091318,0.5759226129625685
POL,0.6377449044044109,0.4394443715230533,0.4623348812403209,0.4429416167307962,0.3592097596606101,0.4143487269611397,0.5687431359149325,0.42209467181036364,0.41165435429244746,0.41667861116037064,0.7688563010196156,0.4245928898550663,0.45522322516211705,0.4883087909763001,0.49655301785287986,0.548953607332874,0.5915861958255195,0.556557446272897,0.49857405909155317,0.458173485241531,0.5414942411699312,0.35447967098195465,0.4000769872855904,0.5188021980939688,0.632466282010134,0.3642160015532052,0.4431513078274596,0.3904606190419344,0.41547547158090975,0.40123158756656796,0.5299376138631885,0.6472538386396701,0.42197282665083463,0.34939141121961026,0.49720311167047343,0.5279588736250108,0.5351286352064414,0.5181707074036362,0.489604243048573,0.393458542068229,0.5353986666107007,0.44000668336240256,0.5479437652948139,0.7040701294697522,0.4661384864693069,0.6448774480650938,0.47262043708760504,0.5676217184732878,0.45606934246612785,0.5283961209304563,0.47746556049922945,0.5555152728675461,0.6075753624189093,0.4585052594680694,0.67970255164922,0.4263283047512968,0.5038193373778282,0.4469004823935896,0.44901549809904584,0.4587039604835947,0.5589829000768451,0.0,0.3799010441758283,0.4514131308089427,0.3917266128650195,0.5543309980756587,0.5258600879752832,0.5831080272214448,0.7761093374310398,0.3557329221006737,0.37943463198455096,0.37584233866933653,0.4850249391054529,0.5081291181509768,0.3881517312986609,0.45451005338169137,0.48865006944072403,0.447551816967988,0.512111296310988,0.497321323347944
PRT,0.6109454888305362,0.4335712865915425,0.46740253236375984,0.44807737025794014,0.3409599299056185,0.3476376620974832,0.5544733767197094,0.4507883790900706,0.42561382742030235,0.40483007286982037,0.781833896754725,0.4431049879300355,0.4165901610120615,0.47560457524297384,0.525585096764038,0.5634741397550963,0.607855942441944,0.5877487077226892,0.489084364331055,0.452325548907213,0.5114181060231979,0.3825735020090933,0.40722329461671536,0.4880248806988044,0.622263423245935,0.3413992234026835,0.4285954226581013,0.4001131583813893,0.3747066317863117,0.39277261059675433,0.5290285402225565,0.615347857700332,0.44795017011989224,0.37266498359788364,0.5133935260940358,0.5590687299626801,0.5338074107713126,0.4919579498329284,0.458934623693869,0.38263858154232094,0.5413688741895708,0.45436037642153176,0.5672210554822933,0.7052790895773593,0.454162409744502,0.6753272748790178,0.47614963345641165,0.5419584936674928,0.43894856948403477,0.515300174737788,0.488409089323193,0.5212614151424556,0.6147632265540466,0.48170086758885033,0.6730866845124857,0.3901459056837459,0.48992112313691877,0.43575159227853866,0.4627550536704137,0.4625550743588918,0.5703105132004421,0.3799010441758283,0.0,0.48814938134414054,0.4162967347657147,0.5414447982197541,0.5138142542678643,0.5374410328701744,0.7592613009027283,0.38700576504987594,0.3877668305799553,0.39509474753527934,0.4981034065153508,0.5250491400592564,0.39133672033816796,0.45218821601466336,0.5501034983549308,0.4497898861313128,0.5523321340314524,0.49382834061036474
ROU,0.628893560955872,0.5163553882724363,0.4979855239766203,0.46008197524263234,0.46369337993890014,0.5133721863308216,0.5765097036513255,0.47381302485980215,0.4846620716667032,0.47608012946120415,0.8191207329650614,0.4837488631766341,0.5387322865423702,0.5508020418807745,0.5499295185072022,0.6103172793941013,0.6058892235154245,0.5521461674544592,0.5538067582140715,0.5211429513307838,0.5672624769906857,0.4869616504653922,0.5076138262405377,0.5450677580751992,0.6310966071651978,0.4756588829229589,0.516314410388155,0.510508290702531,0.4930863122413504,0.46361054721387673,0.5563842028446643,0.665986631141276,0.4886524632311209,0.4706400660786032,0.5535887048378342,0.5504426805858156,0.5687643794172687,0.5542104596544554,0.5650753913173585,0.4844668456818222,0.5630882577696021,0.5162224434588834,0.606476598334874,0.7061313879227201,0.541484793749289,0.691741491415141,0.551983239352785,0.5993566340939717,0.526395924923528,0.563965521614935,0.531048737846145,0.6075311404001855,0.6448168507358153,0.5546324905619852,0.66581585458744,0.496894945324477,0.5108020868098605,0.48849763245958205,0.49291367098505645,0.49946922474808547,0.5862973280741518,0.4514131308089427,0.48814938134414054,0.0,0.46252851376356036,0.5753555878188618,0.5550366636414779,0.652492074613705,0.7794553563035562,0.45775373645646367,0.47104003448467513,0.48396102435987975,0.5133395686551221,0.5359578394191147,0.4853902885217955,0.5484401006091819,0.5619965069797636,0.49499349181660446,0.5862829740830436,0.5498693310946218
RUS,0.6134314002521278,0.43207469014092686,0.4371563481597827,0.43844534695906834,0.3951444117039038,0.4236801763515071,0.5347054666251949,0.44671526131170536,0.39141878276516556,0.4016539627404226,0.7656862919676315,0.38939978214416554,0.4709867188030438,0.510392932888092,0.47780298885533945,0.57121546911467,0.5845587003018434,0.5368114727345539,0.5028015124848254,0.49006599820170726,0.5528950610952985,0.40063870341286095,0.4393060772098056,0.5160197656798428,0.5859918349181443,0.39746033228182415,0.45942363871159003,0.44431699585038825,0.44936761922663354,0.414810787238495,0.5169913200749441,0.6284729926614675,0.43271661567450714,0.3887829759491295,0.48823507109709174,0.504197893478873,0.5799349054136179,0.5322076198723099,0.49109761213052794,0.4145601569300098,0.5002188700944269,0.435235235839892,0.4824003899213627,0.6998640982173955,0.44532216889485743,0.6470558141239029,0.4800614582243745,0.5720227637202422,0.4855977249979992,0.5172405348984875,0.4349853447123795,0.586005249358576,0.6070427836708538,0.45033514521192786,0.6866846222483719,0.4251106514398781,0.4588850173371659,0.4437929084890123,0.41907651711065946,0.44160560867025717,0.563754341927135,0.3917266128650195,0.4162967347657147,0.46252851376356036,0.0,0.5310710244500078,0.5300536025787274,0.5380246776943278,0.7565524738436532,0.3966383747738083,0.4670412798060962,0.41288616838013836,0.4512425982543108,0.5271799427486895,0.38828978804768643,0.4571159737349229,0.46346210654045034,0.41860503031035395,0.5369857695530089,0.501091374342993
SAU,0.6598711658743619,0.5504321882872775,0.541679970203197,0.518641892059307,0.5635836040993913,0.5485920112573717,0.6167875329362692,0.5556496172403639,0.569753736821371,0.5239709507979349,0.7745819297950611,0.5333636683392973,0.5548035254960111,0.6077135769046038,0.5833605112979103,0.6338002743929882,0.6285828099747205,0.6209585087531643,0.5948388026707155,0.533725706461993,0.6198853872394655,0.5732029686502368,0.5930248891474285,0.6139429447568019,0.6274449916063803,0.5276048742925726,0.606103197070345,0.5866537978065967,0.5714875145000767,0.5631446248771382,0.6073966501599097,0.6472571067760206,0.577739462854629,0.5449103826639212,0.5204749271967968,0.5958698997162504,0.6426611632473606,0.5981951172464138,0.5850925272804564,0.5566847745701954,0.5855152480711557,0.5669266767121107,0.60444353790457,0.7155616033055743,0.5758255137265575,0.6715855813672919,0.5909923072290061,0.6199668137181505,0.6159497056408805,0.5872200573451534,0.5540388692758826,0.6579717304863437,0.6106661173698148,0.5563115735659557,0.6912450021802807,0.5535285980119914,0.589669699236353,0.5609434185379714,0.5362416168407964,0.5740959448591388,0.5663461212539443,0.5543309980756587,0.5414447982197541,0.5753555878188618,0.5310710244500078,0.0,0.5920635563953087,0.6368203941636307,0.7439830286557884,0.6021216082743716,0.5816034944977022,0.5599872436851159,0.5742546245048379,0.6073077347408063,0.5462961851801278,0.5831692767481997,0.5821321422720872,0.5412858267137204,0.6170448795267081,0.5357629931583604
SEN,0.6503855981484404,0.5802771250951979,0.5423499751060409,0.5253498602878215,0.5314101250681482,0.5476626669088944,0.6085177135449437,0.5473918621915908,0.5480786602812829,0.5102917656223408,0.7723113687711718,0.5415477483136966,0.5783349218312556,0.5594279722020193,0.5872488286696957,0.575431802048299,0.6070807627044076,0.6194319910223088,0.5519882755771855,0.5392777073806908,0.6145309095391139,0.5358929245567666,0.5784625248008199,0.6129114894585884,0.6353431906816764,0.5158312585975043,0.5565156087036743,0.5474307851455538,0.5375080753076185,0.5425160370897709,0.5911083696060134,0.699592855776946,0.5667045714027343,0.5184866964980266,0.5844849505550411,0.5809881993829945,0.6366255398058551,0.5944399604799848,0.5935113656052758,0.5382846227088898,0.5789403549095755,0.5450330701862416,0.6029049626836436,0.7100965520605442,0.5726193458008567,0.6963537375294871,0.5430915237724586,0.6553301605109111,0.5558961809622608,0.5232100262588159,0.5466157330238669,0.6389129208743016,0.6307318967281327,0.5660604224834428,0.7042489790701973,0.5569410079855301,0.6088838476514697,0.5412307830935582,0.5307770872262793,0.5173480096011857,0.5909822235770839,0.5258600879752832,0.5138142542678643,0.5550366636414779,0.5300536025787274,0.5920635563953087,0.0,0.6489225874784098,0.758326486761095,0.5550760824680286,0.5584655928325035,0.5385710134605909,0.5813062395531599,0.5527243063695534,0.5272223014235792,0.5874484508561724,0.5779289991040054,0.5390064070195006,0.6011833504538892,0.5400139425010028
SGP,0.705150332866041,0.5240148693090556,0.6125664111435793,0.598879026104292,0.5642938165061439,0.5096337260266249,0.673554847510789,0.6171866940156643,0.5622215943076171,0.5928425498019013,0.7984729583859793,0.5881830805300953,0.5140305002028104,0.6034578272996199,0.6308847526392404,0.6337604091089623,0.6846749880245685,0.7322199494876515,0.6266172015674931,0.5557356096533528,0.5782584699018655,0.5757561004191735,0.5417443383582458,0.5359713981951534,0.6592625152042696,0.5535137997844009,0.5691614728636621,0.5583199173605551,0.5425654563069291,0.5409381736822173,0.5639161915509903,0.563309510011731,0.5910350050142108,0.5469106029654612,0.6272772073904762,0.6819913137106384,0.6478689467666064,0.6044232505559033,0.5476842425327992,0.5462759939514003,0.6263170589137702,0.560523452344635,0.6388332025250103,0.7859333427402989,0.568861434290928,0.7412047342338007,0.5896720952014441,0.6077566684770975,0.6044358496202797,0.657916474192349,0.594122919264903,0.6152930272941782,0.7077400800450409,0.5949918036465951,0.7347099866401178,0.522132174536419,0.5663449777825681,0.5910507925979498,0.5952896157408533,0.6123983885068282,0.6660934839700674,0.5831080272214448,0.5374410328701744,0.652492074613705,0.5380246776943278,0.6368203941636307,0.6489225874784098,0.0,0.8233624715820167,0.583297692535577,0.5989888250214691,0.5471226555155496,0.6151949049456577,0.6744065963679988,0.577158437645306,0.5739148767474104,0.6326320646837517,0.5646747047701003,0.6556038017301706,0.6341861163006955
STP,0.8132606966548456,0.751201339812753,0.7788534284905172,0.7511989154083283,0.7607633628796927,0.7713208887308441,0.7685865481699201,0.748912638561163,0.7565106521862787,0.7610366784721863,0.8934895495655123,0.7572682426813531,0.7702146690300276,0.7853988981207203,0.8094912098979038,0.8214372121761437,0.8021284303456533,0.7880047944803833,0.7864391184822591,0.7524937853530721,0.7788272607685441,0.7645133949145623,0.7949176957198741,0.7872395979746758,0.820564591754752,0.7676545906700607,0.7568778470734616,0.7753298479066864,0.7764046163426866,0.7458478739014804,0.7894275931260154,0.7807131404364648,0.7601065836079258,0.7526260888234658,0.7833564378465694,0.7989493999214369,0.7707752518036821,0.7036464302786096,0.7914213438296105,0.7690158769525273,0.7575457492367154,0.7827359871336819,0.7878280492025973,0.8398448583260344,0.7923211187753545,0.8077358025224537,0.7784724108254103,0.7653921181110034,0.7679114879890253,0.7974635581543987,0.8036967745795722,0.7875717499328606,0.8049162561579598,0.7816989556312343,0.838569348144518,0.7763678742298185,0.7802257622621289,0.7751925247261503,0.7789283978681528,0.7665573213476238,0.785517347186335,0.7761093374310398,0.7592613009027283,0.7794553563035562,0.7565524738436532,0.7439830286557884,0.758326486761095,0.8233624715820167,0.0,0.7656633821085354,0.7580990892931213,0.7812478762275448,0.7601522484186107,0.7774387477408273,0.7574625619712959,0.784482432867963,0.7898044765457168,0.7858401953188457,0.8134746687327185,0.770234016272778
SVK,0.6260324077285336,0.4419987495534654,0.4963516421066971,0.461593240094041,0.3607200433928671,0.4283923051009087,0.5797516883761211,0.43784922040321883,0.4343031015586981,0.4473681372883491,0.8056961015204983,0.4601076482486613,0.466270630413895,0.507962016459546,0.5531950868640901,0.5954012669474964,0.6271496339225883,0.5781766814099504,0.5397795337222419,0.5000164368454503,0.5301393526521972,0.3436535678148018,0.42095064843714375,0.5309381203454612,0.6474265324643736,0.3704394001757875,0.4355449063906319,0.440065707555283,0.4143655599584628,0.4025462999165327,0.5461547392671829,0.6418816025265436,0.4444911107521383,0.38220395259196643,0.5619815451549157,0.5771190931642901,0.5463493726109876,0.5149718850588847,0.5275638991377499,0.41889605295748433,0.543417778856202,0.4615270752126647,0.5660662235707891,0.713620763762382,0.504827400397253,0.6782971115275613,0.5064439637016835,0.5748968101487021,0.43553801155723737,0.5521570907271356,0.5250930871915791,0.5244470406895495,0.6518934037452555,0.496254514453164,0.688464385676943,0.4364850734850295,0.5068245729650899,0.45887479282082266,0.47830341274864857,0.5003786542398078,0.5890552384937778,0.3557329221006737,0.38700576504987594,0.45775373645646367,0.3966383747738083,0.6021216082743716,0.5550760824680286,0.583297692535577,0.7656633821085354,0.0,0.4023034449276449,0.4123885533961518,0.5041140080451176,0.5411923443996288,0.4349507462197058,0.4916182782634757,0.535939055309668,0.48867895408960166,0.5618648755217902,0.5358763940676807
SVN,0.6541095543491002,0.49372736771703674,0.49829992515508836,0.4475530417113175,0.3768984228195786,0.3960933748492116,0.5511052359538855,0.4635458970227159,0.48369924129545994,0.4627013642600208,0.8361329877676477,0.4523523154162778,0.452115416840593,0.49717722134942666,0.5661218627091017,0.6049623507330069,0.6445848027226312,0.5574185833164484,0.5478524236458021,0.4703598771870007,0.5077532096710964,0.39443736589262013,0.4001163776038595,0.510149146340415,0.648198491671581,0.385684818152987,0.435761528574173,0.3998410167034741,0.41146752245264034,0.40409795912766394,0.5630926363210376,0.6251386470887385,0.45883329793323635,0.4055611917196891,0.5787782561867093,0.596231886274692,0.5333836054890575,0.5050354105505815,0.49516360668203696,0.4181965982431292,0.5827321224531,0.48363063193818145,0.5654187594637317,0.699293149669803,0.5096391161477416,0.7083290174923864,0.5216452579791537,0.5445674994697742,0.414997076830833,0.5832778044276572,0.5424365163231337,0.5233784702163762,0.63816370505764,0.5368757328627515,0.6600729920031926,0.4348380633146828,0.48786273286804643,0.46183055234727305,0.5046293630382349,0.49708140765707143,0.6055111329757934,0.37943463198455096,0.3877668305799553,0.47104003448467513,0.4670412798060962,0.5816034944977022,0.5584655928325035,0.5989888250214691,0.7580990892931213,0.4023034449276449,0.0,0.40301883056672694,0.5551291412986509,0.49835276622356683,0.41817745594734895,0.49553027386697185,0.5555567072330344,0.4756804560285532,0.5944590850583782,0.5323031125849496
SWE,0.6300346378026295,0.4515356646979833,0.4805135917766327,0.4371832496691417,0.35970297167523907,0.40122053231922383,0.563994427874825,0.44175345013865286,0.4357994650839514,0.4491282066833733,0.7881808847582745,0.40295541953504205,0.42536885426418797,0.47983556483578105,0.5219928383159155,0.550331704601392,0.6125823724551145,0.5971555853277815,0.5235429044386718,0.4587697109430998,0.5253463214525713,0.394287603960168,0.3785473493546727,0.4892744520736915,0.6236953872926632,0.37855623934926863,0.43025481655249187,0.37626217454003974,0.40138896150155146,0.41774457591093817,0.5111610103368037,0.6359425475460045,0.4712451236182629,0.3737922923007807,0.5330694397798312,0.5561806230903336,0.5483716605367462,0.5280671501962588,0.4863516445575544,0.38615750801960824,0.5455631526209511,0.4324055923981996,0.5547971790736039,0.7032326125243862,0.4620188682077635,0.6794039821854083,0.4803466198432158,0.5578647773031736,0.4434395097467739,0.5322902722084447,0.49080405048976167,0.5608117224204511,0.6145494030385384,0.4997560548369383,0.6570766310781508,0.43220826525503236,0.47651782528553677,0.4449580548250931,0.46189570391866164,0.4903265481475805,0.5770126835948401,0.37584233866933653,0.39509474753527934,0.48396102435987975,0.41288616838013836,0.5599872436851159,0.5385710134605909,0.5471226555155496,0.7812478762275448,0.4123885533961518,0.40301883056672694,0.0,0.5324893067574016,0.5194620547646513,0.40963115071520306,0.4704179312349205,0.5408292356722736,0.41497803521843846,0.5767617305902317,0.5043418191565627
THA,0.6470908575662414,0.47522092147037587,0.48557399009974317,0.5168880191397922,0.4959730216169358,0.5276301353540176,0.5862663361370666,0.5177731982040886,0.4288699177743443,0.46070264692939716,0.7813539895887953,0.4982735664727759,0.5432733396966453,0.5579269843902616,0.4831104995447966,0.6117454077269042,0.6063256440812671,0.5975260241919812,0.5089517077046153,0.5305880481713575,0.594616745308347,0.5231683401706954,0.5360753090442536,0.5671613656763088,0.628420660674495,0.49146054148466906,0.5504160822240322,0.5357429567419266,0.528118223733016,0.48979830232818067,0.561987984456002,0.686843160071248,0.49033968189357907,0.4750238136585012,0.474249582855244,0.5287876099003166,0.5926376235985731,0.5495547570051349,0.5405964548550257,0.5033282637660969,0.5531431021970175,0.47815953859233407,0.6122071142846094,0.7244772334156109,0.46843219646573203,0.6601335805562619,0.557435463785144,0.6476896910196193,0.59055984975212,0.5342916194234024,0.5244766224667253,0.6242196533399633,0.5965275620183548,0.48184614965986244,0.6982883726042421,0.5190212990455958,0.5484001081351594,0.5314894261984863,0.44828968611211406,0.47377782479073854,0.5855256690923177,0.4850249391054529,0.4981034065153508,0.5133395686551221,0.4512425982543108,0.5742546245048379,0.5813062395531599,0.6151949049456577,0.7601522484186107,0.5041140080451176,0.5551291412986509,0.5324893067574016,0.0,0.5571224854880339,0.46388744532753795,0.47706672911338927,0.5517557012845533,0.49837374669166573,0.5182657489454608,0.5603086778057194
TUN,0.6387054341360062,0.5658766211028424,0.5047641013257895,0.5066551595822198,0.49571966135451834,0.5427261037338276,0.5679422835031046,0.5572747680892566,0.5276368751201712,0.4914316019990171,0.8330664768071837,0.5074505540328409,0.5442178585304341,0.5768411227538645,0.5483212254351003,0.6285398840608161,0.5992099556873437,0.5597423664357475,0.5773359475702642,0.5732855410538451,0.5983904870792797,0.52032180810216,0.544690030948109,0.5565086712255953,0.6380287600637421,0.5310529165229962,0.5492281906890311,0.5264197514041911,0.5438780818824164,0.5051685887127274,0.623612846649097,0.7151301969460827,0.5473537881719784,0.498389140570089,0.5747595624162787,0.5762339627311225,0.6143421611229717,0.5654527007020879,0.5894123037996656,0.5312881457765316,0.5812106784555889,0.5651652353560754,0.6342354783800521,0.6917078171657,0.5715957169325026,0.6819262012083158,0.5992471034737356,0.6529780724514846,0.5512769021927305,0.5488022167646125,0.5578499323934625,0.6178004376040681,0.6112425018277005,0.5465096368970631,0.7047029228639388,0.5382304229691178,0.5395819692319268,0.5334548792052576,0.5160390074939208,0.5158889686458401,0.6383249459548969,0.5081291181509768,0.5250491400592564,0.5359578394191147,0.5271799427486895,0.6073077347408063,0.5527243063695534,0.6744065963679988,0.7774387477408273,0.5411923443996288,0.49835276622356683,0.5194620547646513,0.5571224854880339,0.0,0.4969009572532047,0.5997669076478321,0.5502632944539122,0.5125101024051965,0.5969351888643235,0.5668731536787909
TUR,0.6182074171009363,0.4696572224624528,0.4031298017935135,0.42680415090958596,0.3865557879953194,0.41184465178999435,0.48082659290384516,0.4560572865775714,0.36744426966665306,0.3649023857389296,0.7882391172189547,0.4038872567110632,0.45193032226881863,0.4929905571309951,0.43861611770798997,0.5664286127377769,0.5983751823496092,0.5128205042217566,0.48360969138833126,0.47105159826630494,0.5423104431109751,0.41393431169055295,0.41827636170774096,0.512025886915022,0.5952742722540343,0.3791753478813525,0.4623603453431204,0.411704793333631,0.4252113265625501,0.41642589074622494,0.5149118129482219,0.6624635714662949,0.4519599180373319,0.38764603573236417,0.494283089860554,0.5051029673750579,0.5470119437067686,0.5035060029335287,0.47081008056302964,0.40188582452797406,0.5401867959433504,0.40863012238994206,0.5294857528874175,0.66879467622317,0.42645795229320993,0.663965460500245,0.47935797816714526,0.586576718214413,0.4725101297376794,0.49223811268187,0.45174159207168463,0.574892936150099,0.5327342552663691,0.5009403374487549,0.6716040600682446,0.44551322406885885,0.49268172803582316,0.4504768659462995,0.37167868170831836,0.41517156604970734,0.5671940552791703,0.3881517312986609,0.39133672033816796,0.4853902885217955,0.38828978804768643,0.5462961851801278,0.5272223014235792,0.577158437645306,0.7574625619712959,0.4349507462197058,0.41817745594734895,0.40963115071520306,0.46388744532753795,0.4969009572532047,0.0,0.43022510385540036,0.4713921335336786,0.4351856503244932,0.505184992403819,0.48968661961310816
TWN,0.679965439839457,0.45940760171725936,0.4802993084343291,0.5234799953099163,0.4616101860165295,0.4652285045522731,0.5961177384102576,0.5049843932140325,0.44253963226456833,0.44518510471999495,0.7974254343342064,0.47884059335788604,0.49188177319038323,0.5284805153343891,0.4764376937826385,0.6069408024397484,0.6644090103699958,0.6019812198913499,0.5311343767829594,0.5052506693816231,0.5866079927181375,0.4795363976700429,0.44496504906273027,0.5594577770899737,0.6353143611238375,0.43451467489138645,0.5184315562524154,0.44608675738161974,0.4807526048739947,0.47374627121949864,0.556990767716036,0.6801878690380085,0.49515587906504926,0.4489705841929531,0.5182924786883839,0.5688810033391086,0.5752295121444972,0.5582808990656989,0.4713828194949301,0.44392771352084887,0.5821686066145949,0.4230300318252844,0.6087292012802279,0.7248163722299755,0.39530251041891545,0.7214570904409889,0.5520230923375168,0.6188697201994159,0.5658290927493757,0.5539615714909962,0.5160320946663615,0.5904395477202431,0.6216574530060907,0.5124511035498566,0.6862079739586738,0.46667678000519053,0.5311257221289098,0.5327892703413122,0.47907605633987627,0.502504639613256,0.5953252169995412,0.45451005338169137,0.45218821601466336,0.5484401006091819,0.4571159737349229,0.5831692767481997,0.5874484508561724,0.5739148767474104,0.784482432867963,0.4916182782634757,0.49553027386697185,0.4704179312349205,0.47706672911338927,0.5997669076478321,0.43022510385540036,0.0,0.5508617077903462,0.4775594512480431,0.5396201863166834,0.5212821451403027
UKR,0.6650984211992589,0.5765741745553961,0.49790351184643145,0.5247982410041612,0.5234844297054884,0.5477770961664793,0.5483475706038924,0.5427910180147874,0.5063545160212333,0.49815903469894196,0.7933525197872625,0.5107546677463913,0.5463616098869075,0.5895416591477974,0.49463916566173616,0.635652120720823,0.6207987011601074,0.5576288223080389,0.5772092280418377,0.5637271382220469,0.6303790963501269,0.513385578978167,0.5593817574285763,0.5868596564239578,0.6073330685367913,0.5281679819176364,0.568851553839101,0.5455354131626098,0.5631835107324136,0.5522421481712755,0.6070580608322426,0.6868489267824343,0.5438851961709079,0.5262752701819469,0.5450653639900155,0.5700874125425086,0.6441513410479955,0.5920925130598098,0.5812766633692655,0.5383333491428797,0.5767203939333685,0.5190215534738487,0.5568736307634091,0.6483475742887751,0.547479640342569,0.649065393332348,0.5740987019068439,0.6462894517882785,0.5675900915953371,0.5600995132530262,0.5305213688651497,0.6768611246398869,0.577296739350832,0.5114173342841459,0.7113618052620123,0.5558784132782889,0.5787222842495903,0.556747966851283,0.450485227303381,0.5322403412623526,0.609513277782061,0.48865006944072403,0.5501034983549308,0.5619965069797636,0.46346210654045034,0.5821321422720872,0.5779289991040054,0.6326320646837517,0.7898044765457168,0.535939055309668,0.5555567072330344,0.5408292356722736,0.5517557012845533,0.5502632944539122,0.4713921335336786,0.5508617077903462,0.0,0.5274797234374633,0.5570117144730965,0.5632943873400248
USA,0.6393286807265782,0.4592699209254629,0.416989615237346,0.4193168036415307,0.420155117483068,0.425896266818426,0.5700307969647508,0.49361480204892216,0.4877479234321802,0.4127696201215224,0.7764758192133311,0.36852264535957885,0.47862004699022404,0.4773377901350708,0.5058840980722081,0.5662070268640854,0.6038541438262097,0.5765290917737759,0.4891949735372077,0.4807722181746084,0.5749615581604657,0.46621115299889504,0.4269342632932051,0.503322336070465,0.5976415906270341,0.4366043905144556,0.5173630374961147,0.45520739962127366,0.4337527002868022,0.4118191254592733,0.5127162163560128,0.6449993841681647,0.4730417868045224,0.4078950569737217,0.5290524670424211,0.5405146461384184,0.5658963736546028,0.5530009051202709,0.4512768538527073,0.41425401517342475,0.550616335708882,0.4529251514817416,0.5323855727625657,0.7246642664861185,0.4677283150120121,0.6923167984358609,0.5182329456403828,0.581817498971113,0.5455038329781284,0.5313845111442179,0.4243870596330621,0.6050637824193995,0.6132405721520182,0.48570926706380263,0.6494970283058771,0.414320205778227,0.4773571537096522,0.42107113700763227,0.45574500908643945,0.43145074861789345,0.579002601660822,0.447551816967988,0.4497898861313128,0.49499349181660446,0.41860503031035395,0.5412858267137204,0.5390064070195006,0.5646747047701003,0.7858401953188457,0.48867895408960166,0.4756804560285532,0.41497803521843846,0.49837374669166573,0.5125101024051965,0.4351856503244932,0.4775594512480431,0.5274797234374633,0.0,0.5720550188059742,0.4865278990159038
VNM,0.6741803478949216,0.5784354539007023,0.5195833443838968,0.5533717446435529,0.5547306003251441,0.5656284998768517,0.585998729817041,0.5800058918412628,0.5028220867590608,0.5239391220600544,0.7861187900797837,0.5806292771796097,0.5881188062749338,0.5830450283741292,0.47537769757455733,0.6327732404226216,0.6528585832960659,0.5977869520980589,0.5661712899653815,0.6077902182878736,0.644358709631873,0.5492784664900063,0.5784836440438715,0.6200220374864163,0.6472626604416318,0.5486877635618318,0.5829803134200175,0.5557790866657302,0.5979840681759375,0.5588047139815089,0.6138518610161341,0.7618479421241978,0.5569678911733226,0.5345095148503775,0.5040764987638469,0.5710252010985324,0.6269346000183161,0.6218505384874631,0.5988851639608127,0.5695014597691557,0.5903542306283045,0.5427367652977667,0.6242231655494124,0.7059237595390561,0.5233526299725639,0.6488071833159941,0.6041777564048142,0.7123432074988777,0.6161086627221823,0.5552366600447207,0.5485727479569921,0.6547025712770416,0.5701259396835054,0.5373213590624111,0.7458871248873419,0.5863749450758238,0.6225765758060644,0.5472464549726113,0.48372323568152836,0.5602435372036753,0.6137866305091318,0.512111296310988,0.5523321340314524,0.5862829740830436,0.5369857695530089,0.6170448795267081,0.6011833504538892,0.6556038017301706,0.8134746687327185,0.5618648755217902,0.5944590850583782,0.5767617305902317,0.5182657489454608,0.5969351888643235,0.505184992403819,0.5396201863166834,0.5570117144730965,0.5720550188059742,0.0,0.5868687335609721
ZAF,0.6542106843418467,0.5273078243987492,0.4981013209291953,0.48418652961234815,0.501918013909567,0.5227479430037524,0.615231062754742,0.508274832891715,0.514864517395608,0.47840964763477667,0.7670984862150726,0.4975928955220081,0.5626736812697585,0.5404102370182348,0.5304303199013514,0.6099540158469832,0.6365613707566604,0.6014827345123487,0.5332341952157515,0.5476296150214016,0.6235757135468785,0.5075883022384563,0.5289487544968922,0.5852128186572877,0.6482335885654975,0.4906284297051448,0.5598053697832256,0.5101075711951969,0.5099780976463524,0.5250127012573198,0.5714853308878413,0.6853580452776521,0.5476932328419759,0.4660505943062572,0.5381823346329441,0.5457019504177989,0.6122834579212116,0.5901112399117108,0.5439108964905537,0.48378109519371215,0.5729813522943383,0.5142215395163248,0.6045118852849938,0.7212571951133567,0.5188980705774651,0.6709343396377143,0.5624098480547775,0.6226788774375542,0.580916406778438,0.5337664654990683,0.52207697621608,0.6391106128565451,0.6083616109928537,0.5259836461150836,0.6874011589348221,0.5158460213051013,0.5630504615340932,0.5044660699448622,0.5154750773095689,0.5219405987575747,0.5759226129625685,0.497321323347944,0.49382834061036474,0.5498693310946218,0.501091374342993,0.5357629931583604,0.5400139425010028,0.6341861163006955,0.770234016272778,0.5358763940676807,0.5323031125849496,0.5043418191565627,0.5603086778057194,0.5668731536787909,0.48968661961310816,0.5212821451403027,0.5632943873400248,0.4865278990159038,0.5868687335609721,0.0
