,AGO,ARE,ARG,AUS,AUT,BEL,BGD,BGR,BLR,BRA,BRN,CAN,CHE,CHL,CHN,CIV,CMR,COD,COL,CRI,CYP,CZE,DEU,DNK,EGY,ESP,EST,FIN,FRA,GBR,GRC,HKG,HRV,HUN,IDN,IND,IRL,ISL,ISR,ITA,JOR,JPN,KAZ,KHM,KOR,LAO,LTU,LUX,LVA,MAR,MEX,MLT,MMR,MYS,NGA,NLD,NOR,NZL,PAK,PER,PHL,POL,PRT,ROU,RUS,SAU,SEN,SGP,STP,SVK,SVN,SWE,THA,TUN,TUR,TWN,UKR,USA,VNM,ZAF
AGO,0.0,0.6368690491573813,0.6652721108525986,0.6832060647753708,0.6875092333235868,0.7015005569342582,0.701639083792957,0.6824879833016781,0.6546651328844056,0.6693110618229147,0.7424323637696799,0.6792512159094217,0.7143263303568674,0.6772998855533647,0.7005208566370723,0.7191892882555396,0.7132484908466978,0.7226893053822927,0.6961926255744524,0.7042037365289685,0.7529581215085146,0.6865028576296474,0.7085899135546099,0.7096870688254655,0.7257566540161656,0.701827329564661,0.6877121720679128,0.693807940805971,0.6920444258563131,0.6866187796468791,0.7041407205763727,0.7744476850051962,0.6637090183790665,0.6619589423280474,0.6829178541198022,0.7106417723951521,0.7401950364273989,0.7004453769218983,0.7332358910884247,0.6986531134227663,0.7216006103740277,0.722077852219156,0.713296264148138,0.7698011901325985,0.7063255748618468,0.67969418328091,0.6961115653319503,0.7438778438991798,0.7283852411405815,0.6884670558489541,0.6940946025347148,0.7290951498751691,0.7264264755132059,0.6960361332818049,0.7758912241154015,0.680981627021155,0.6915200567645591,0.6695499951764313,0.6427633620376951,0.6958555566515651,0.6491513866675365,0.6782093842026442,0.6861336981759297,0.6900234229128068,0.6496278639768991,0.7192627784820838,0.7206784565671968,0.740093857468547,0.8357686330405357,0.6862382227720493,0.7076196437145634,0.7005926758578376,0.6944027427517538,0.6893992852175638,0.6855515020318245,0.6889146106480434,0.7170981761204854,0.7036541601915037,0.6775178589509661,0.7013231320955707
ARE,0.6368690491573813,0.0,0.4755335368340727,0.45802887158231437,0.4532094082101091,0.4697797297153629,0.5901520558879569,0.464265532906501,0.4475566868676796,0.4868849587389277,0.7135556836380396,0.44236472797210485,0.5564324057005244,0.5249881283068073,0.4867566248012269,0.577534443015699,0.6145691682629232,0.5580521608768904,0.5570210315797779,0.541267869213754,0.5968860618206385,0.45282121509257695,0.4724105104929078,0.5143680104677043,0.5447455035444546,0.44892420378649395,0.5191035175340611,0.4627484821063326,0.4779165578718695,0.46464261137658336,0.5363983339827676,0.6225612680711831,0.49637153221747254,0.4390608993364261,0.4667269672677023,0.5286931723462643,0.5362367409927145,0.5653889094880294,0.5346875562576268,0.4600516526411375,0.5298713448864231,0.48394526440977853,0.6135683418819624,0.6733050989525798,0.4625610503634855,0.6884086587671636,0.5501479508227183,0.5832635040788859,0.5721653834017623,0.518918702390312,0.5206454458867766,0.557788558168256,0.5869938390026392,0.501479104786718,0.7228571016193355,0.4666472831173238,0.46876405490268713,0.48108140431170837,0.5146044012295519,0.5023471594289687,0.5105214977209863,0.4436654550755389,0.46254211717656507,0.5177803172926786,0.41610448262339256,0.547686511153707,0.6116685519260551,0.5394318812810093,0.7953812347130308,0.48480727592129824,0.5199740595561987,0.4677725193049232,0.45137939690082396,0.5447549455446618,0.46477537186160317,0.41264850571376377,0.5796485123259948,0.4814819487890959,0.5477138875015833,0.543789845863765
ARG,0.6652721108525986,0.4755335368340727,0.0,0.41716636096755066,0.44056125048430317,0.431439383578506,0.5080186981471563,0.4810245476143786,0.4362175291003934,0.44287897077723853,0.8119238649081449,0.4203834042648894,0.5361502976750061,0.4842965185397398,0.4447928929449333,0.5884526847376624,0.6023955531840803,0.557233561380048,0.5032783580974759,0.5304369927575956,0.6048102060138396,0.417658149398169,0.47008108471672644,0.49719168740959324,0.5037092154295392,0.43994830889619346,0.47700830186422954,0.46889008311981917,0.488754256996748,0.43123721794831577,0.5287649512255247,0.676420451197766,0.4825997972496541,0.4217798601414809,0.5291211488615445,0.5102754121350794,0.5559525781028438,0.5418060012217825,0.5281607434061891,0.44188890825693267,0.5513817612356461,0.461096173017614,0.5631362735672609,0.6392412581787584,0.45510988875086966,0.719748463650008,0.5184254591245336,0.5586489695218729,0.5064332571608661,0.501752927054547,0.46461191247435984,0.5639576863583355,0.5480773134687098,0.546470504764143,0.6869004787359128,0.45532751155059453,0.49312392442599556,0.4570715089646495,0.40633168985836854,0.48684058250035206,0.5282233465569992,0.44359651074789624,0.44423369316494377,0.4718734270621079,0.4364542924040163,0.5220215189431631,0.5469205216570393,0.5979066747017551,0.7727919344089318,0.4413344782373108,0.46784405876411733,0.4482273558476194,0.5088746714346095,0.5077294485932413,0.4220844879647407,0.4719715576497651,0.5211213145131383,0.4383917678990531,0.5164657838320067,0.5238666708189725
AUS,0.6832060647753708,0.45802887158231437,0.41716636096755066,0.0,0.42411322170621657,0.4493988240966947,0.5229486366763075,0.49628493581577215,0.44825172143497466,0.4761032334948592,0.7842962303960948,0.413645583935247,0.5233968633080263,0.4970114292079319,0.5013723349317079,0.5729294352972167,0.5818719162826755,0.5400593611340213,0.5097361745027755,0.5055631466731189,0.5719148041754206,0.42507801560220626,0.45693560835163594,0.49305054257319414,0.5549603292436482,0.4122492765123606,0.4752614803877114,0.4640441595771002,0.44379948882169434,0.39826886178085946,0.5153699843485742,0.6150116333781839,0.48854716827648387,0.4227715181331189,0.5093728235808344,0.5383747844278141,0.5105661066698509,0.5033374854377038,0.544627030593642,0.43766911519448065,0.5565090762865165,0.4608023606261113,0.5510975606944203,0.6614060444231412,0.49556975218188054,0.7148784858502635,0.518997864335097,0.518072246800035,0.4889660118722424,0.5228361693979205,0.510387853865135,0.538840636936566,0.5551287070362401,0.521364498590688,0.6566546868364972,0.428523542552583,0.45246860135122174,0.4142521210715941,0.43213090494780754,0.4559730089906236,0.5181872358406491,0.42446368617931396,0.44796204149666596,0.4946638208058065,0.4305603678387401,0.5270689299346812,0.5429283901231594,0.5961503298761176,0.7509654892803949,0.4450575475982685,0.45899166735404134,0.4393428818513562,0.5061691800597298,0.5210281939691745,0.4320761670030507,0.4787988186400852,0.5599527571447028,0.4251111222304006,0.5710253710480824,0.5056845066338742
AUT,0.6875092333235868,0.4532094082101091,0.44056125048430317,0.42411322170621657,0.0,0.40717180899614946,0.5358307084909983,0.48118555527045914,0.45440838921239857,0.46955426494007735,0.7989178737650284,0.4027740138995219,0.4632054354734609,0.4782608213478239,0.5177131200156097,0.5559651991373891,0.6193587283277261,0.5966571199530485,0.5298825744124174,0.49350133903360294,0.5770768291278267,0.37050366468951407,0.3773012360329649,0.45266125247759964,0.5876009632109864,0.37010584178350237,0.4640759203065329,0.40667354850754,0.38010718377792957,0.36887423123829827,0.4726079447138575,0.577365539111035,0.4816525832939938,0.36849372482183534,0.5391551854474063,0.5541326018464834,0.48356278015031445,0.4918670651334001,0.4910904215115751,0.37692434750859427,0.5630703161864702,0.44024924311116814,0.6162115657548556,0.6794574165013634,0.42026078667875505,0.7190112992953702,0.4971128478787199,0.5043041772345485,0.47823971946859317,0.5230363455089031,0.5055335694444211,0.5210381150009631,0.602757931026702,0.5319315872214104,0.6772064250818197,0.40221110785136305,0.43095618762028826,0.41654741781066534,0.44729325688543825,0.548702783488663,0.5204060280433213,0.36219377736373665,0.36972853476359824,0.5035650146588169,0.4213003469878075,0.5638491994795113,0.5323176935674806,0.5686639712738879,0.752548483341765,0.39550944717446973,0.4067990330905475,0.3759035754102989,0.4960820531323934,0.5104642500113645,0.4253817754552435,0.4466816608893622,0.5677492685719283,0.41873393141970383,0.5784070328852491,0.5285077693837215
BEL,0.7015005569342582,0.4697797297153629,0.431439383578506,0.4493988240966947,0.40717180899614946,0.0,0.564150036673639,0.49171185540953527,0.5000340941900495,0.4819077659263129,0.8012432875069798,0.4270056485657805,0.45198458233375566,0.5059578348016666,0.5493124462742714,0.5553496017463623,0.6167959281588268,0.6195688250853264,0.536819093946301,0.47709746332584063,0.5618771807798763,0.4287694652636869,0.38341011600892744,0.4447147594219111,0.5652924075570088,0.3962168011932547,0.449297908395335,0.42867631191519,0.4006799241652144,0.3880403307490848,0.49482468532143953,0.5794747735700082,0.4668985715741744,0.40745869077256086,0.546331807427123,0.5608833469969745,0.5215252419841877,0.505489824308042,0.46431347224719755,0.3857257372300406,0.5778994117162061,0.4544521165651839,0.6130540878689792,0.6511592981246507,0.4539571547977048,0.739918685364763,0.515607334356477,0.504964473289204,0.4691395825143104,0.5216162582640201,0.513786806219035,0.5009403962414648,0.6201833836149483,0.5544181678227958,0.6914425931454758,0.3830828666962202,0.47561961361271904,0.46579039503692193,0.49298711340010387,0.5260759429506744,0.548666731713452,0.4162988404336856,0.36523592740708294,0.5411112588520414,0.44431793985974,0.5414161024284713,0.5266836153392579,0.5100490843660516,0.7637087701467706,0.44700165203831277,0.42299724150423207,0.41108344397956365,0.5201924477744789,0.5243961841767186,0.44514576322112953,0.4658456266478188,0.5998311914691258,0.44195209640798455,0.5953193008299564,0.553001963379408
BGD,0.701639083792957,0.5901520558879569,0.5080186981471563,0.5229486366763075,0.5358307084909983,0.564150036673639,0.0,0.542737784423344,0.5046949150780213,0.5760765022342257,0.8096951673792767,0.5516924269111871,0.6295067227604432,0.5876359689989565,0.5760256662534081,0.6623166418704106,0.6357690881126065,0.5574551736901283,0.5908072634870983,0.5853478260925862,0.6346773609022703,0.5322614397878996,0.5712263185647635,0.5761734461825146,0.5796400895107557,0.5526276437194181,0.5527437278591594,0.5738252670088406,0.571041474676818,0.5249818530938452,0.5927677541066246,0.6685534925639446,0.5752277602313816,0.5350565439945478,0.6310178849926075,0.6012578443897688,0.6200334593583773,0.5460289425449959,0.62888148527709,0.5542551006353094,0.632543730283399,0.5742404094452153,0.5797526119525288,0.6058648364316077,0.5647704839727073,0.7167458542876518,0.5917587160677797,0.6139206812629912,0.5484137321217883,0.5867033312217776,0.5860766504042172,0.6276017622959706,0.5580458153507338,0.6060715948824851,0.6883892466803658,0.5512347900501986,0.5373578312736855,0.5366110334880992,0.42525950782300037,0.588907409444532,0.5850211067889873,0.5481039779224061,0.5442783886254419,0.5665548005653077,0.525989968100483,0.5959639560783788,0.6136451251334253,0.6701339409636419,0.7643657066059476,0.5417362472238628,0.5504877886179955,0.5586926316185411,0.6001130703049492,0.5632975107600902,0.5168901621053797,0.5790211152983327,0.5902520635882226,0.5543622963136031,0.5488761274325535,0.6357303515115909
BGR,0.6824879833016781,0.464265532906501,0.4810245476143786,0.49628493581577215,0.48118555527045914,0.49171185540953527,0.542737784423344,0.0,0.4338446248831636,0.5017872059436342,0.7771683662362148,0.5040215658174194,0.5812848126933988,0.5774432370452593,0.5130792561201795,0.6058021738471032,0.6242984547978602,0.57376646344304,0.5822209824198907,0.5473418097283073,0.5916542075874401,0.4562796631283844,0.500496453926599,0.5453554155139856,0.5473836656870096,0.4561698693591286,0.5221053067818382,0.4992450057175038,0.511783192403017,0.513376984175287,0.5299550140221975,0.6714431050643243,0.49996213033980874,0.41905415560661907,0.5386782189459508,0.5250891119068616,0.5786389976329187,0.5416331212227407,0.5880709920058319,0.4999993559496065,0.5545001788000522,0.5043459454968822,0.5932155632352529,0.643249396341969,0.5050699969721786,0.6836623624376729,0.5120399525767553,0.6056013725690088,0.5199140112265346,0.5112132589998224,0.5690584349922306,0.5924650567734208,0.5689298440583755,0.557258382221993,0.723643566390738,0.5305116945408518,0.5431056048756239,0.5276090351292785,0.4291592952525967,0.5621728525098345,0.5263733179866313,0.46031307908048924,0.4898534778316697,0.5042685965857638,0.4639329620193676,0.5878602756393062,0.5950985060258062,0.6243204256546289,0.7708191835968091,0.4406792783797453,0.5015570745073125,0.48573284408200584,0.5063251762795408,0.5311177321585615,0.47174334006957597,0.5123110118606128,0.5422102266085648,0.5487891870988227,0.5551046579372956,0.5688693730490666
BLR,0.6546651328844056,0.4475566868676796,0.4362175291003934,0.44825172143497466,0.45440838921239857,0.5000340941900495,0.5046949150780213,0.4338446248831636,0.0,0.4711920148412217,0.7812348073183617,0.45762265670003655,0.5804012381234742,0.5500050335082398,0.42575928800997387,0.591585874318141,0.6045424348409508,0.5700517348835008,0.5326011018463312,0.5185010327528085,0.5647389246346323,0.4265315330571568,0.5006453021076082,0.5158603711021592,0.5074883777541962,0.44608727923559577,0.4851007300196599,0.48968274243518223,0.4926587598683638,0.4659718756009955,0.5119209707833248,0.6595319223626928,0.4785572609007675,0.4093713419049672,0.48051901953158216,0.5096421820356553,0.5659216896459074,0.5087929103145236,0.59206620554176,0.4744055386705743,0.5017324537424894,0.4666348931565671,0.6034991546697642,0.6810800268040559,0.4473822347786355,0.6761694140431713,0.512862654261151,0.5826342639972061,0.5338186795457297,0.4845645668883727,0.5094382316633028,0.5715176493929738,0.5143850837657851,0.5258375307132112,0.6775925509754098,0.4803036017909967,0.4743263786522895,0.4779928091095199,0.33112595196301753,0.530129569599107,0.47534474625933054,0.4369241345965284,0.4757666467687391,0.43755878139272575,0.41057255768134276,0.5875963260883443,0.5766255532070691,0.5878737494640751,0.7767331341644822,0.43771610872263117,0.4961944890562592,0.4802474107004076,0.42908761442313015,0.5086442368084263,0.4275840610725899,0.4391744003529981,0.5102998151226367,0.5064231758595713,0.4868396366953137,0.5524675532648922
BRA,0.6693110618229147,0.4868849587389277,0.44287897077723853,0.4761032334948592,0.46955426494007735,0.4819077659263129,0.5760765022342257,0.5017872059436342,0.4711920148412217,0.0,0.7920021503263966,0.4769233229114797,0.5612100782539708,0.5155698168433623,0.49935885869386065,0.569900147981278,0.6149039970589262,0.6246820120168571,0.5391256019959884,0.5342990387116102,0.6061955238245341,0.488599985236057,0.5006872334070944,0.5284420265267991,0.5521562506929499,0.45338408799203517,0.5413785679945986,0.49707460721301155,0.4986297327537628,0.4676969275863871,0.5419249499836373,0.6654053032574212,0.5242266410469915,0.4643007968186682,0.5260759946453256,0.5297289986428361,0.5834644320604409,0.5605168652927679,0.5495097152690379,0.4752243148084706,0.5590075463434705,0.4976520962551285,0.6001371430632518,0.684621598786633,0.47480714431891835,0.709806271812396,0.5342287730446182,0.5838066448816495,0.562717827499758,0.5064142193849358,0.5188856120473221,0.5864027469803779,0.6048608833103114,0.5322017517196601,0.6890027778973762,0.4891215749870266,0.5280862003278742,0.5093823291267435,0.4765226861891916,0.5474184430070747,0.5175936801615929,0.4711481613787433,0.48431968298103756,0.529014840250339,0.46797131300663064,0.5545688100760383,0.5798458936120849,0.6003149058412552,0.7773444033085727,0.48302548211571517,0.5092454112876083,0.4960632392953687,0.4952294736662827,0.5255725869629333,0.4485789864828054,0.45940185789223725,0.5864071277132323,0.4994309635532853,0.5718099026720288,0.5325960846437746
BRN,0.7424323637696799,0.7135556836380396,0.8119238649081449,0.7842962303960948,0.7989178737650284,0.8012432875069798,0.8096951673792767,0.7771683662362148,0.7812348073183617,0.7920021503263966,0.0,0.7776476154030869,0.8276922286586427,0.7668958188865982,0.7908406355210458,0.7999934143894786,0.7818359425740715,0.8054213344764978,0.7876901890189847,0.784669256051337,0.8065259721036753,0.8021543073108965,0.8130468260476883,0.8016427081110516,0.7969324525768233,0.7997508584461399,0.8087270634755616,0.7950149914558968,0.8078313851736547,0.8038146056243293,0.7889076505073549,0.8298835557511821,0.7776989134594992,0.7721248527763235,0.7609617479899671,0.7953500781922014,0.8292615118544395,0.8303425055214622,0.8049594631199571,0.8074199250114021,0.7737044777658347,0.7963807878407169,0.7919518528519974,0.8235254942986924,0.8045803516008945,0.7542630455285715,0.7986013150993375,0.8395569856883934,0.8153817949286766,0.7736063977710914,0.8050341185271724,0.844812647952017,0.8002445898190348,0.7632946629607972,0.8606911259467347,0.8080679706206618,0.7858595911709204,0.7762112480884734,0.796448812049104,0.7719073780686475,0.760974083703568,0.7911571211713996,0.7892236050094802,0.8065572401342136,0.7725029111616882,0.8003781849293495,0.8074583140253083,0.8002514786577111,0.865135014397878,0.8047542103879279,0.8260684434254272,0.79090567495013,0.7716398292828416,0.8044163788706893,0.7959418393068867,0.784936095841997,0.81202823649737,0.8046442560499396,0.7966318409019701,0.7661184924423591
CAN,0.6792512159094217,0.44236472797210485,0.4203834042648894,0.413645583935247,0.4027740138995219,0.4270056485657805,0.5516924269111871,0.5040215658174194,0.45762265670003655,0.4769233229114797,0.7776476154030869,0.0,0.5214046128731074,0.4889767323111272,0.4857513021076963,0.5298990664869414,0.5930872006213672,0.5874006997487238,0.5294950719135207,0.4902791190899799,0.6014553242719686,0.4082402931916857,0.4230534087615547,0.48846341896769535,0.5678780785687133,0.42225717957897174,0.4777996461805463,0.414216575673086,0.4238304933533649,0.4040551385983027,0.5003384352439562,0.6209743367017688,0.48551308341172705,0.3955038483293892,0.5314429389208839,0.5423638642946671,0.5297243420917461,0.520758056364175,0.5088624832015521,0.4231588685194438,0.5503701859041253,0.4220978117158064,0.591349813963975,0.6746900178105241,0.4358909003660283,0.7193986166715602,0.5207214812397845,0.5498978851555519,0.5071009797345108,0.5258580585194038,0.49560207899274533,0.5664534759840487,0.5837989644831474,0.5285167952760483,0.6667864341516737,0.41078431343934246,0.4569382180664814,0.44010355373383936,0.45566794272086364,0.509428996406411,0.5180367800737812,0.4098190777929928,0.43472086592871373,0.5242371831705785,0.4216841292637068,0.5672707096351934,0.5295906961532049,0.5772764558453664,0.7521095191562955,0.45079571329678775,0.44336435956467224,0.39920297376057023,0.4886006038458413,0.5109948942148972,0.44633085380293147,0.43346857277429973,0.5690814217375323,0.3901991668745805,0.5743329357558933,0.5026921086130968
CHE,0.7143263303568674,0.5564324057005244,0.5361502976750061,0.5233968633080263,0.4632054354734609,0.45198458233375566,0.6295067227604432,0.5812848126933988,0.5804012381234742,0.5612100782539708,0.8276922286586427,0.5214046128731074,0.0,0.5656552987381628,0.6018357529364947,0.6095840169672309,0.6545106616225946,0.694290690367497,0.6070549762926145,0.5190094284738643,0.6036079235287841,0.515549955948902,0.48395414566597555,0.5113754976727375,0.6479566560511273,0.49369283357342775,0.5339750177454627,0.49933603799894966,0.4860827404428048,0.4730918599858997,0.5460121689044315,0.6022946105491116,0.5334760799270593,0.5071242527085827,0.6062057192769515,0.6433526488149702,0.5634859728192724,0.5503372212166735,0.5405832409272419,0.5006621540078365,0.6634251832180592,0.5364033316010326,0.6504399135694889,0.7068322591212122,0.552802345837027,0.7462103762576666,0.5748566534363997,0.5486683626803159,0.5461164392501195,0.606892903888889,0.5817352141242946,0.5203004589334421,0.6624202219540165,0.6020002331989384,0.7079377256768209,0.48595648325497187,0.5325835642509904,0.5201669132124068,0.5542149941615951,0.6057333859902252,0.5829374242715194,0.49069817505846847,0.46290566093906127,0.6071806570370981,0.5305928443626651,0.6055895864775923,0.589363558617805,0.5402402521289594,0.7916210640849276,0.5312406174421342,0.4909417910122987,0.483266251024408,0.585703630978261,0.5812036086262247,0.5333645358838911,0.5386004100876108,0.646731379046942,0.5336612971082577,0.6350248458438018,0.624609457688522
CHL,0.6772998855533647,0.5249881283068073,0.4842965185397398,0.4970114292079319,0.4782608213478239,0.5059578348016666,0.5876359689989565,0.5774432370452593,0.5500050335082398,0.5155698168433623,0.7668958188865982,0.4889767323111272,0.5656552987381628,0.0,0.571394552742752,0.5936364557410031,0.6493144731854918,0.631513270373454,0.5422243519292109,0.5663129594068792,0.6481470985472256,0.518119444732335,0.49763823567469395,0.5524691445063896,0.6068231523528954,0.5270381657715593,0.5520791666426657,0.5104975373988958,0.5068050834221509,0.5061611014371357,0.5293424639079193,0.6600828299914021,0.5324588255728667,0.5031597120559422,0.6001951331134989,0.6285117752052736,0.5667532662456991,0.5827018370925217,0.5248477210237456,0.5157023227312523,0.6179094002309576,0.5376881856484239,0.61912774711798,0.6995360351758362,0.5105865916463804,0.6940547661132912,0.5952399538729706,0.601816324711234,0.5646135434961891,0.5556534633279643,0.545459234870797,0.6028260436318786,0.6241386532086749,0.6036155770004956,0.7111251488930136,0.499419443981879,0.5296179080188544,0.4633942524232709,0.5109818891145433,0.5117770562929425,0.54089641429331,0.5014112120346259,0.5021381520775468,0.5529246928567308,0.5058900584649738,0.618016095354821,0.5716160499176256,0.6159041297909403,0.7939153883127449,0.5284758206546718,0.5322527848549287,0.4774920425897321,0.5753011888644045,0.5930821824158882,0.521458842547191,0.5259598769256131,0.618573065312144,0.4919921929794432,0.611637949869678,0.5571229102438248
CHN,0.7005208566370723,0.4867566248012269,0.4447928929449333,0.5013723349317079,0.5177131200156097,0.5493124462742714,0.5760256662534081,0.5130792561201795,0.42575928800997387,0.49935885869386065,0.7908406355210458,0.4857513021076963,0.6018357529364947,0.571394552742752,0.0,0.6197436936716832,0.6261114305909063,0.6181515729492135,0.5537113348702356,0.5804451046762661,0.6472833617875607,0.4721622953189233,0.527028277364824,0.5730122363756149,0.5506879940417428,0.4837541210890687,0.5749045950801687,0.5132665966307502,0.5577038153980357,0.5179512016397912,0.5824544793268724,0.7270945003373489,0.5368483150692964,0.4775052317073215,0.5167097888298678,0.5351797386160607,0.6103917136330979,0.5976673338625398,0.6066957419744751,0.49604126992876085,0.5544997157491318,0.4776946098157606,0.6403293696151092,0.683255827557651,0.46114003170601625,0.7182104725083363,0.5823017323384413,0.6408245773788341,0.6029389229274554,0.5461026945061069,0.5236611510246727,0.6213291808231071,0.5548099865472651,0.5703927447102078,0.7049419884667522,0.5480385901563206,0.556952531928498,0.5556169733766614,0.46081356052187417,0.563810188449194,0.5357422530275322,0.49464418659241516,0.549774471897634,0.4849709372777792,0.5038186048089559,0.5902832255783586,0.6115860992297647,0.6295761366936494,0.815278589869653,0.5095750924155873,0.5361204819198271,0.517895932905395,0.5039606719981694,0.5220603527160256,0.4763108242159801,0.47919979043438105,0.5318417475181101,0.5352703426722011,0.5142450109331979,0.5604202376764854
CIV,0.7191892882555396,0.577534443015699,0.5884526847376624,0.5729294352972167,0.5559651991373891,0.5553496017463623,0.6623166418704106,0.6058021738471032,0.591585874318141,0.569900147981278,0.7999934143894786,0.5298990664869414,0.6095840169672309,0.5936364557410031,0.6197436936716832,0.0,0.6371092556320462,0.730997603890412,0.601092242820539,0.5843614644032395,0.6730129153598152,0.5752268323729467,0.5630437433177327,0.5943570718821236,0.6756558580876796,0.5555716716562001,0.5884255307548555,0.5687352250957577,0.5566725638933895,0.5620261760232419,0.6084457699500466,0.6970434326063367,0.5960534542386997,0.5437959249139102,0.6041731536043863,0.6028120300718036,0.6318914711999933,0.6353964680511556,0.6280661845453733,0.555354059980376,0.64331036988589,0.5469959804093242,0.6849246287267465,0.7272266810372356,0.5785490187925992,0.7113750288906252,0.6125684103350651,0.6264993088605855,0.6212851565431065,0.5958138246621626,0.6136066115330545,0.6220601034316462,0.6716328257234825,0.6326436244952246,0.7456619167786529,0.5853042908732473,0.600583067495965,0.5741783428481436,0.596601825533449,0.5930797703367092,0.5843745714347923,0.5491500936545838,0.5769125769411937,0.6204078731502675,0.5771605475412889,0.6645087465293261,0.5997064047213858,0.658633779462642,0.8228705746071959,0.5910988406047285,0.5813217658488021,0.5582729624716702,0.5981325092139506,0.6259609924704456,0.5701907636550906,0.5782519259780539,0.6835879367205175,0.588040255929124,0.6599128336699406,0.6241476306900504
CMR,0.7132484908466978,0.6145691682629232,0.6023955531840803,0.5818719162826755,0.6193587283277261,0.6167959281588268,0.6357690881126065,0.6242984547978602,0.6045424348409508,0.6149039970589262,0.7818359425740715,0.5930872006213672,0.6545106616225946,0.6493144731854918,0.6261114305909063,0.6371092556320462,0.0,0.6840316557039439,0.6039190632368138,0.597928021220543,0.6882666238616411,0.6055802471274505,0.6449548192791659,0.6276293214027209,0.6600950935902833,0.6131849454186284,0.6141504038220138,0.624360751292012,0.6323232866633679,0.594354016589226,0.6484160782318336,0.7013425237544877,0.6360228666577212,0.595636672592315,0.5935361135608971,0.6242663450322962,0.6733313720083163,0.6623735640621816,0.6621686090596971,0.6219543304739877,0.6543635830758066,0.6104928404515514,0.6472230898833812,0.7135641419971904,0.6459972896548435,0.7231583076933988,0.623743076408762,0.6732738194173358,0.6324932965720745,0.6566184688330408,0.6357034191999995,0.6774460317954561,0.6661944366762765,0.6130619875524908,0.6949839897842023,0.6232173472248486,0.624657859003818,0.6161995947385259,0.6065072279294591,0.6209826862678537,0.6059198769917256,0.5976048901993799,0.6207604641735285,0.6135529895886362,0.599462874693571,0.6157484085150942,0.6026620452559508,0.7051010643764556,0.8020823571716963,0.6132521372422105,0.6384575129686618,0.625864943278749,0.6060896805848845,0.6064795893337965,0.6016518551092409,0.6358562795673453,0.6519927672851282,0.6229623659072766,0.6250264065856657,0.6372977488764449
COD,0.7226893053822927,0.5580521608768904,0.557233561380048,0.5400593611340213,0.5966571199530485,0.6195688250853264,0.5574551736901283,0.57376646344304,0.5700517348835008,0.6246820120168571,0.8054213344764978,0.5874006997487238,0.694290690367497,0.631513270373454,0.6181515729492135,0.730997603890412,0.6840316557039439,0.0,0.6459900570256507,0.672715747030622,0.6904816685286469,0.5850733393354921,0.6067945799023345,0.6317882127990265,0.6113851961761821,0.5735213916535418,0.6168242045640807,0.589462648764077,0.6270325817371057,0.5762859217496578,0.6414074780024043,0.7238275337533577,0.6264369377728495,0.5873855982900908,0.6424687023713799,0.6447682128791236,0.6130307574201659,0.5877971109453584,0.6635079149104542,0.6082625313213199,0.6586684640144124,0.6159421883671364,0.5734609494469163,0.6581829202897302,0.634329357914569,0.7599184980428391,0.6510192199026802,0.6570780031346468,0.5826297457318469,0.6323977150538472,0.6165389679914977,0.6942685270133735,0.6575202631370036,0.6435846625102886,0.7561709961855104,0.6001688886813791,0.5899922885032318,0.6119925322441814,0.574038433723514,0.5600005441397907,0.6838933867063632,0.6082562081235784,0.59481434847271,0.5938074446816834,0.5701772760227064,0.6176801228815905,0.6779884763384013,0.7324727982761835,0.7939059744150593,0.5954088873699593,0.6196986934308052,0.613190223175904,0.6257795929862098,0.6018969151106435,0.5704955930112605,0.6213508737245932,0.6391284044528065,0.593016181013995,0.6547172498807659,0.671247479826816
COL,0.6961926255744524,0.5570210315797779,0.5032783580974759,0.5097361745027755,0.5298825744124174,0.536819093946301,0.5908072634870983,0.5822209824198907,0.5326011018463312,0.5391256019959884,0.7876901890189847,0.5294950719135207,0.6070549762926145,0.5422243519292109,0.5537113348702356,0.601092242820539,0.6039190632368138,0.6459900570256507,0.0,0.5844748373520969,0.6497717171021726,0.5320344082713389,0.5469779569384956,0.5437456490201044,0.6237039363446844,0.5300008916882252,0.5694530672231882,0.5582713992086352,0.5469020602801422,0.5221051953098635,0.5909404548923878,0.680139152701552,0.575579586675877,0.5099421338638099,0.5571430783414071,0.601354775000798,0.5775976975220929,0.6044654618149994,0.6139250304676005,0.5286742160858532,0.6027332006086261,0.5317044135183194,0.6300622772927736,0.7289713950199938,0.557212647213048,0.6913876616955545,0.5705657924064966,0.6096462056316194,0.6126155958760765,0.5797946955994865,0.563644575112415,0.6243484591907715,0.6179569815605038,0.5998153267484316,0.6949130173859437,0.5345779166258332,0.5674525779653972,0.5159099532794201,0.5258813880050948,0.5481449991835236,0.5430426951978226,0.5297608446706181,0.5287363689924578,0.5613781511833416,0.5517839352310637,0.5885500968765467,0.5879675461180038,0.6483758278967814,0.781781892977595,0.5432480046549071,0.5644787002525019,0.5513924879798185,0.5429214400084857,0.6031959415949648,0.5351741687883693,0.5463596730397813,0.6229822531249588,0.5360123248335287,0.5816341014257511,0.571214266964336
CRI,0.7042037365289685,0.541267869213754,0.5304369927575956,0.5055631466731189,0.49350133903360294,0.47709746332584063,0.5853478260925862,0.5473418097283073,0.5185010327528085,0.5342990387116102,0.784669256051337,0.4902791190899799,0.5190094284738643,0.5663129594068792,0.5804451046762661,0.5843614644032395,0.597928021220543,0.672715747030622,0.5844748373520969,0.0,0.5612446740996145,0.493935236531862,0.5185567361672443,0.5098437753774575,0.5990856871394292,0.5004226970658235,0.5074065276816764,0.5073113633024027,0.5059274089514614,0.48204592333449575,0.5256617835752683,0.5610331966287524,0.5310185005281851,0.47829296285952594,0.5493382014038973,0.6127806917261682,0.5850960342953654,0.5340736158241987,0.5473728944627665,0.5160343221336954,0.6005121394795006,0.5131870129990768,0.5837730869391833,0.6611864231868632,0.5404010871168294,0.6817650191782845,0.5260595229112783,0.5438454744145023,0.5253712795942811,0.5779933947031397,0.5467275456408573,0.5759533402518109,0.6156476113457607,0.5446749705747567,0.6582636930870154,0.486916698631181,0.5188413236289451,0.5222881575543595,0.5110378800143243,0.571477797272683,0.5300929866509905,0.46284842207622245,0.5045892618559316,0.5775906081641838,0.5027868789152449,0.5681472680414216,0.5368145255097406,0.5820886850858661,0.7569495233327778,0.5102528163909426,0.5052538602067476,0.502131676053192,0.5294410692638937,0.5819188315843523,0.5075862653901668,0.4951763423087238,0.5943167099225485,0.524744398613341,0.5939908391238363,0.5669889711627956
CYP,0.7529581215085146,0.5968860618206385,0.6048102060138396,0.5719148041754206,0.5770768291278267,0.5618771807798763,0.6346773609022703,0.5916542075874401,0.5647389246346323,0.6061955238245341,0.8065259721036753,0.6014553242719686,0.6036079235287841,0.6481470985472256,0.6472833617875607,0.6730129153598152,0.6882666238616411,0.6904816685286469,0.6497717171021726,0.5612446740996145,0.0,0.5852426461133757,0.5979487211432332,0.5229320317905178,0.6130181658028513,0.5802133351034386,0.5465128889260333,0.5979981243113738,0.5871053249414321,0.570951507406879,0.5672433293642221,0.6219047617958067,0.5810207611382268,0.5750900308150299,0.597297634259108,0.6703495195097867,0.6225312389312434,0.5606055832776017,0.6406557826483188,0.5813612456648166,0.614938546395893,0.5995274819762575,0.6724519942311796,0.7151327631554494,0.6083311948349946,0.7424828486796378,0.6083620765330005,0.5732468728509112,0.5895726086464057,0.620753246156064,0.6640442613253819,0.5923302388122513,0.6657003290180806,0.6154473914812654,0.7447595516637854,0.5750669904553635,0.5575223233712592,0.5927100302186014,0.5848692098521076,0.6393410152393972,0.6194541557842829,0.5660686256398099,0.5527238555068568,0.6533935003053402,0.5789914256356777,0.6382130185938393,0.6612397457251502,0.6195922317619329,0.7630972072555094,0.6019671979849182,0.5835103363654542,0.5894613106813614,0.5987101637648181,0.625742874619076,0.5821195063642625,0.597674761729504,0.663030305765924,0.610595294156219,0.6495497012523411,0.6409433062545461
CZE,0.6865028576296474,0.45282121509257695,0.417658149398169,0.42507801560220626,0.37050366468951407,0.4287694652636869,0.5322614397878996,0.4562796631283844,0.4265315330571568,0.488599985236057,0.8021543073108965,0.4082402931916857,0.515549955948902,0.518119444732335,0.4721622953189233,0.5752268323729467,0.6055802471274505,0.5850733393354921,0.5320344082713389,0.493935236531862,0.5852426461133757,0.0,0.39985527075416977,0.49124506254613054,0.5533201334114612,0.3828513862835228,0.4308165324261884,0.4164230307179583,0.4220821910890162,0.4024718574343778,0.5218189133636066,0.6087060748840597,0.486222719581537,0.37634239786133455,0.5232942319657711,0.5554138211889754,0.503031386566547,0.4994001706803338,0.5474827839029465,0.410461113648083,0.5421148241749701,0.44476091831096604,0.6137025883205832,0.647060616441202,0.44503669491019604,0.7032789321896832,0.4924660120667721,0.5324648077084184,0.45462419461983966,0.5176922715967731,0.5139780556908835,0.5222374990210623,0.5874885405289032,0.5155757229269196,0.68744494669712,0.4272828026575729,0.46377470172834967,0.4458427513470024,0.43201368087983055,0.5376410316210025,0.5224367640412962,0.34841184269000763,0.406978788352439,0.46354946423156845,0.412017689070425,0.5787625428056986,0.5390791432425044,0.5870888588384843,0.7561126981707889,0.3446686204679596,0.3916087328829443,0.3879007944588961,0.508660428575935,0.4951987505023887,0.4133840923302989,0.4487523353745314,0.5350739258006264,0.4478614330896897,0.536385229563767,0.5172425596837301
DEU,0.7085899135546099,0.4724105104929078,0.47008108471672644,0.45693560835163594,0.3773012360329649,0.38341011600892744,0.5712263185647635,0.500496453926599,0.5006453021076082,0.5006872334070944,0.8130468260476883,0.4230534087615547,0.48395414566597555,0.49763823567469395,0.527028277364824,0.5630437433177327,0.6449548192791659,0.6067945799023345,0.5469779569384956,0.5185567361672443,0.5979487211432332,0.39985527075416977,0.0,0.4597371742283472,0.5904661244485214,0.4011365978223698,0.466876923531458,0.4229414511069486,0.38378093571031074,0.3727046087714211,0.489163422822328,0.6121854478840341,0.4900840745587582,0.4028355165553837,0.5777945827115979,0.587699307366478,0.505331844631226,0.49848050172285124,0.4860938407955081,0.3750875974155438,0.595219071315739,0.4433671937426728,0.6439092408971733,0.6949496682072445,0.42570261613977634,0.75026027563994,0.5370845181437245,0.5525547452510509,0.5092815056925791,0.5491817678943501,0.5236713905586375,0.5345848272768687,0.620900430494894,0.5644444173267623,0.7065645980275145,0.390001525784581,0.4458063640441396,0.44761160542910944,0.4853041474377018,0.5456355850518353,0.5682814484962778,0.41069557803153733,0.43212435550045797,0.5364060646778528,0.45692683052111255,0.5825027917374116,0.5648216628052968,0.5501105020229752,0.7874324095539207,0.43938537782902637,0.42042384901740987,0.3933027195067812,0.5286858975355481,0.5396500174408633,0.46974259618373365,0.4457639197559129,0.6067796662067324,0.40704137625546827,0.594491554385336,0.5585438939930109
DNK,0.7096870688254655,0.5143680104677043,0.49719168740959324,0.49305054257319414,0.45266125247759964,0.4447147594219111,0.5761734461825146,0.5453554155139856,0.5158603711021592,0.5284420265267991,0.8016427081110516,0.48846341896769535,0.5113754976727375,0.5524691445063896,0.5730122363756149,0.5943570718821236,0.6276293214027209,0.6317882127990265,0.5437456490201044,0.5098437753774575,0.5229320317905178,0.49124506254613054,0.4597371742283472,0.0,0.5956290967014063,0.4846845132201854,0.46232155025420174,0.4797350285130904,0.4759388968611634,0.44158373733576334,0.4978399056439728,0.560185117702662,0.5195480249134717,0.4685010547577606,0.5475477199188012,0.6099392702674579,0.5389101474606459,0.5423899250074753,0.5138314695302795,0.4462081233153351,0.597728487274981,0.5065433131968986,0.6343281508215547,0.7061728432228203,0.5136675968971441,0.7316673088304391,0.5595489228011291,0.5233282360873898,0.5429819168918399,0.5937811783252726,0.5547479587175757,0.5547474160654859,0.6207590109888574,0.5614248396235503,0.6906055722198126,0.42043282015649425,0.43858967991550557,0.5073014839686882,0.5170121931466034,0.5800623549313166,0.568278918116555,0.47033533631024754,0.4750094384367133,0.578706091081113,0.4940914311652134,0.568265040002717,0.5936308076085891,0.5482093177668937,0.7787085209012503,0.5244964964563826,0.5035423541891523,0.46682129576460357,0.5270308246063659,0.5656442659151862,0.5243921404509913,0.4983693355233576,0.6218884523166777,0.48146337416750357,0.6177472464094437,0.5956003660949017
EGY,0.7257566540161656,0.5447455035444546,0.5037092154295392,0.5549603292436482,0.5876009632109864,0.5652924075570088,0.5796400895107557,0.5473836656870096,0.5074883777541962,0.5521562506929499,0.7969324525768233,0.5678780785687133,0.6479566560511273,0.6068231523528954,0.5506879940417428,0.6756558580876796,0.6600950935902833,0.6113851961761821,0.6237039363446844,0.5990856871394292,0.6130181658028513,0.5533201334114612,0.5904661244485214,0.5956290967014063,0.0,0.5501887943628067,0.5772625532354309,0.582192537721616,0.6017196357473744,0.5703451307218484,0.5851303800677392,0.7112224728948585,0.5806228882808018,0.555589188573934,0.6129143547578046,0.6094235153856702,0.6721872928084073,0.6028875409718143,0.6171080356081549,0.5641695373588812,0.5616941624015072,0.5739161812460821,0.6103021850084749,0.6699555010414756,0.5511106438951451,0.7271378582862963,0.586715374750888,0.6689941585476884,0.5997519093264724,0.6057867727950231,0.6061100931580169,0.6523036634984009,0.6204207519707894,0.5946957747593713,0.7517364656045827,0.571689540353751,0.5689900242808801,0.5824220210964723,0.5076960135944344,0.5582153784034284,0.6117507760219,0.5727562708705322,0.5719407351107839,0.5523090840272554,0.5367400102845119,0.5667754404792953,0.6354601563810266,0.6435011043270031,0.8077065014132475,0.5597037570228474,0.5921984734922718,0.5839977209621257,0.5655147562448248,0.577531943665297,0.5103386447908893,0.5406923177158451,0.5761871293920238,0.5776059072149646,0.566873427993494,0.6016997210505163
ESP,0.701827329564661,0.44892420378649395,0.43994830889619346,0.4122492765123606,0.37010584178350237,0.3962168011932547,0.5526276437194181,0.4561698693591286,0.44608727923559577,0.45338408799203517,0.7997508584461399,0.42225717957897174,0.49369283357342775,0.5270381657715593,0.4837541210890687,0.5555716716562001,0.6131849454186284,0.5735213916535418,0.5300008916882252,0.5004226970658235,0.5802133351034386,0.3828513862835228,0.4011365978223698,0.4846845132201854,0.5501887943628067,0.0,0.46293648043373137,0.42261560475804943,0.40369063417221646,0.3967927609913863,0.4951354201591753,0.631472639719858,0.45931594998228986,0.39350285179755995,0.5150557252537921,0.5297799958143623,0.4970345823749038,0.49201467072759336,0.5332490417609463,0.3670633422840991,0.5644135294623746,0.43250559291134044,0.6214247547471592,0.6695827535603536,0.4269080377479224,0.7403664853281137,0.49305268873241437,0.5302109668400283,0.4727654432648663,0.5053117982659937,0.5286228478293232,0.511266603015313,0.5875404210739819,0.5355213736955454,0.6906119192967448,0.4270332044503658,0.4719239917131799,0.45861701013917877,0.4564634831258462,0.5173982042730586,0.5362474566900273,0.3882586572496407,0.38815662102184484,0.5063734092985606,0.43698384542847757,0.49677958509048087,0.5337354479217407,0.579947751862289,0.7569708857289394,0.40601537583737396,0.4122788747709871,0.4133365207576967,0.4654552815901356,0.5058869153027492,0.4073243681794179,0.4281270346780803,0.580163656787333,0.4583298655694517,0.56718126468277,0.5213215329110753
EST,0.6877121720679128,0.5191035175340611,0.47700830186422954,0.4752614803877114,0.4640759203065329,0.449297908395335,0.5527437278591594,0.5221053067818382,0.4851007300196599,0.5413785679945986,0.8087270634755616,0.4777996461805463,0.5339750177454627,0.5520791666426657,0.5749045950801687,0.5884255307548555,0.6141504038220138,0.6168242045640807,0.5694530672231882,0.5074065276816764,0.5465128889260333,0.4308165324261884,0.466876923531458,0.46232155025420174,0.5772625532354309,0.46293648043373137,0.0,0.4906508853633451,0.4840646416561429,0.45020612942322974,0.5445407823321495,0.595717754401321,0.482369000953282,0.4536626723776591,0.548655414533016,0.6158970189379339,0.5470270810668301,0.5358607203856206,0.5718085073194764,0.46382549452633726,0.5685701158459712,0.523482527521581,0.613349831752151,0.6678084174700619,0.5368795160015918,0.7067019998014914,0.4716870069964629,0.544215428605106,0.4372769961596444,0.5533279332007589,0.5402888154730489,0.5115239974269027,0.6237583614310047,0.5525955523897095,0.6907347250832065,0.45730757611692635,0.44930475769711253,0.4843837484545637,0.49120450151728107,0.555873712725351,0.5393937150083309,0.4414879914142877,0.4635677996102452,0.5321366522285228,0.4402158153199251,0.5819992463890543,0.5609891134781869,0.5914412896095018,0.7579715843061373,0.4599809053401179,0.46423446189255574,0.45210738724975774,0.5482477893470884,0.5373466950430886,0.4910583949454536,0.5012559459207673,0.5856428393316941,0.5031511940525251,0.5792036992365057,0.5853031978806328
FIN,0.693807940805971,0.4627484821063326,0.46889008311981917,0.4640441595771002,0.40667354850754,0.42867631191519,0.5738252670088406,0.4992450057175038,0.48968274243518223,0.49707460721301155,0.7950149914558968,0.414216575673086,0.49933603799894966,0.5104975373988958,0.5132665966307502,0.5687352250957577,0.624360751292012,0.589462648764077,0.5582713992086352,0.5073113633024027,0.5979981243113738,0.4164230307179583,0.4229414511069486,0.4797350285130904,0.582192537721616,0.42261560475804943,0.4906508853633451,0.0,0.4279473791352907,0.4242582939080381,0.5282572623164696,0.600957057105632,0.48880940317453,0.4081998355749058,0.5416970911098818,0.577873808485888,0.5190667130126798,0.5246768580365662,0.524171261013681,0.43890913851786756,0.5692556693112772,0.45853544602337176,0.6306200180768304,0.6653100255090797,0.45532527666905137,0.7276189798018495,0.5142410943665068,0.5380957857632694,0.4746268598852064,0.5474767767101465,0.5335594636648974,0.5386766375742233,0.6005682904064208,0.530073326102988,0.6936451897782911,0.4284733927914809,0.4548656274231838,0.4778977035970246,0.4717512067820446,0.5496864341763498,0.5436491352341158,0.4048407804497406,0.41005065970920124,0.5332991598438646,0.46350516843459233,0.5880295061168609,0.5493209439337838,0.5675070592587312,0.7684320639506028,0.4504375217092236,0.4269038989730029,0.38075684088348033,0.5286576405130126,0.5143963393760987,0.4668231673856268,0.435459631225966,0.5823897842324705,0.4548082876888043,0.5672483129952046,0.5376649193504043
FRA,0.6920444258563131,0.4779165578718695,0.488754256996748,0.44379948882169434,0.38010718377792957,0.4006799241652144,0.571041474676818,0.511783192403017,0.4926587598683638,0.4986297327537628,0.8078313851736547,0.4238304933533649,0.4860827404428048,0.5068050834221509,0.5577038153980357,0.5566725638933895,0.6323232866633679,0.6270325817371057,0.5469020602801422,0.5059274089514614,0.5871053249414321,0.4220821910890162,0.38378093571031074,0.4759388968611634,0.6017196357473744,0.40369063417221646,0.4840646416561429,0.4279473791352907,0.0,0.3820469526310673,0.4964882700879105,0.5882885188050923,0.5018143930699822,0.4024264648843548,0.5687520886322338,0.5879188670994726,0.4904394157396528,0.5038788009757319,0.49335400859488665,0.39192944079258724,0.59828649152618,0.46211515177917073,0.6303667272997499,0.6927290994604034,0.4612840486898733,0.735257471696521,0.5223243514392586,0.5081943490242933,0.4922445911102959,0.5366775198537751,0.5341783992303798,0.5290932732495172,0.6134776917743144,0.5492727582423509,0.6915256451909699,0.386052261792273,0.4769963706358498,0.44383905360079207,0.4839129396839934,0.5372039830268657,0.5588160716707608,0.40462510749379416,0.40677590448092055,0.5343245641650604,0.4615157056731714,0.5924406520103666,0.5442408054958193,0.5635125852179564,0.771718718363202,0.4407541619602458,0.4110987895215281,0.42207169966511254,0.5168511162491669,0.5447055918137625,0.4667863715619226,0.4540168030621343,0.5999531024731332,0.42036413701930186,0.6027626627513702,0.5496396522246945
GBR,0.6866187796468791,0.46464261137658336,0.43123721794831577,0.39826886178085946,0.36887423123829827,0.3880403307490848,0.5249818530938452,0.513376984175287,0.4659718756009955,0.4676969275863871,0.8038146056243293,0.4040551385983027,0.4730918599858997,0.5061611014371357,0.5179512016397912,0.5620261760232419,0.594354016589226,0.5762859217496578,0.5221051953098635,0.48204592333449575,0.570951507406879,0.4024718574343778,0.3727046087714211,0.44158373733576334,0.5703451307218484,0.3967927609913863,0.45020612942322974,0.4242582939080381,0.3820469526310673,0.0,0.5005742056360816,0.5718902144050827,0.4854632681971778,0.41765072469461606,0.5431742073408764,0.5658583680964039,0.4613152025881074,0.45206094659590584,0.48263482257510565,0.3706466485492994,0.5694891257131288,0.45058905426902096,0.5834551525301207,0.6720869337923354,0.4530916804986445,0.7361185476977111,0.5117423784626186,0.5073878466660434,0.4873241610290052,0.5491370826669273,0.49484821511720833,0.5186635720716755,0.5989429225564571,0.5167464070397252,0.6637911610002505,0.3462486218713099,0.42055668948127606,0.42390924589874873,0.4644236465918977,0.5069999462265848,0.5386667144852835,0.4064304943456375,0.4100081970697568,0.5079308631492383,0.42198958596223907,0.5427136633079188,0.5386677343285732,0.5427910670571231,0.7402599512146975,0.4349693436558843,0.4167832430506203,0.4286133948301782,0.5066072228521591,0.509052356870109,0.43101747978691624,0.4362853287626714,0.5905697773371308,0.3938156325254542,0.5616656620258597,0.5520346700008745
GRC,0.7041407205763727,0.5363983339827676,0.5287649512255247,0.5153699843485742,0.4726079447138575,0.49482468532143953,0.5927677541066246,0.5299550140221975,0.5119209707833248,0.5419249499836373,0.7889076505073549,0.5003384352439562,0.5460121689044315,0.5293424639079193,0.5824544793268724,0.6084457699500466,0.6484160782318336,0.6414074780024043,0.5909404548923878,0.5256617835752683,0.5672433293642221,0.5218189133636066,0.489163422822328,0.4978399056439728,0.5851303800677392,0.4951354201591753,0.5445407823321495,0.5282572623164696,0.4964882700879105,0.5005742056360816,0.0,0.6421001127631948,0.5156897519442414,0.4783854369166491,0.593009661461528,0.6191758181384578,0.5958301392561347,0.5490516480029064,0.5458015463622792,0.49740941660631727,0.6093171522089545,0.5133028377955119,0.6432902230480176,0.7142156420499594,0.5135099724530063,0.7466205460852557,0.5802847674684134,0.588727557929547,0.5497064694693403,0.5725569261036836,0.5877822772490284,0.6006820281884026,0.6219635147777692,0.5974783471880164,0.6932501112523934,0.5077468881267699,0.5234529899151887,0.5217597909759816,0.5089832683777582,0.580161764279665,0.5707532680641465,0.48857777975775474,0.5013269726142098,0.5705637070893051,0.497790077644214,0.6238736287952726,0.5751645854215556,0.5902958063114347,0.7920216167654478,0.539280549666638,0.5204439165647115,0.4938978432277959,0.5383058079417276,0.5828248950002751,0.5240358775457963,0.5098446217044242,0.6328746877579251,0.50108631665588,0.6185741988150596,0.5945480782772807
HKG,0.7744476850051962,0.6225612680711831,0.676420451197766,0.6150116333781839,0.577365539111035,0.5794747735700082,0.6685534925639446,0.6714431050643243,0.6595319223626928,0.6654053032574212,0.8298835557511821,0.6209743367017688,0.6022946105491116,0.6600828299914021,0.7270945003373489,0.6970434326063367,0.7013425237544877,0.7238275337533577,0.680139152701552,0.5610331966287524,0.6219047617958067,0.6087060748840597,0.6121854478840341,0.560185117702662,0.7112224728948585,0.631472639719858,0.595717754401321,0.600957057105632,0.5882885188050923,0.5718902144050827,0.6421001127631948,0.0,0.6530437672327158,0.5953453376829668,0.6693674753355772,0.7319036643353481,0.6295972813675401,0.6018472900831225,0.5999472565793834,0.6190440547841771,0.6606055844842171,0.6240326925356187,0.6825297875340826,0.7411741389266012,0.6421413775495612,0.7235638060673925,0.6197995209167204,0.588090936552613,0.6139523112021337,0.7213275041229469,0.6592647221467635,0.6417716492287856,0.7625333217228183,0.6109007102083821,0.7293846918365919,0.5564905308612742,0.5847027123235611,0.6259898973050448,0.6585083271392729,0.7025639415770301,0.6266250131083513,0.5759414631600721,0.5846117385659187,0.6953505445431019,0.6058380980755511,0.6482061796955167,0.6843124805403548,0.5921358405343765,0.7668054259625072,0.6193055023500319,0.6111938598583239,0.6153352566645628,0.6599580248890006,0.6854376016825381,0.6539423274928683,0.6071239170589543,0.7150795118673036,0.6060914990171894,0.7120295883440424,0.6620914956931617
HRV,0.6637090183790665,0.49637153221747254,0.4825997972496541,0.48854716827648387,0.4816525832939938,0.4668985715741744,0.5752277602313816,0.49996213033980874,0.4785572609007675,0.5242266410469915,0.7776989134594992,0.48551308341172705,0.5334760799270593,0.5324588255728667,0.5368483150692964,0.5960534542386997,0.6360228666577212,0.6264369377728495,0.575579586675877,0.5310185005281851,0.5810207611382268,0.486222719581537,0.4900840745587582,0.5195480249134717,0.5806228882808018,0.45931594998228986,0.482369000953282,0.48880940317453,0.5018143930699822,0.4854632681971778,0.5156897519442414,0.6530437672327158,0.0,0.45607270404910205,0.5430168035142994,0.5694651215443469,0.5577374840098596,0.525180372075858,0.5642162339148871,0.46632605856843073,0.5694401580956472,0.4962795299359106,0.6261675886512295,0.6811778434376153,0.5200377488546708,0.7086563787876013,0.5192900047379193,0.5861826419458379,0.5229545675725117,0.5557027630872172,0.576443995107935,0.5590020757955058,0.61274812216524,0.5738136406870945,0.6951334105915682,0.48777665941231696,0.48300093595099935,0.4833618497207408,0.47730571719713316,0.5651781273543923,0.5424924780463657,0.4588477689240857,0.4820326782869201,0.5237621599236866,0.4562908696607656,0.5935338672990225,0.577089992710133,0.5903822777929989,0.7674611820469481,0.4769584555795991,0.4764318567958371,0.48016525486545175,0.5098536199879433,0.5296448771302901,0.4995460993168315,0.5002406828436538,0.6036419910053092,0.5058260334761667,0.5609972106953225,0.5687693784730528
HUN,0.6619589423280474,0.4390608993364261,0.4217798601414809,0.4227715181331189,0.36849372482183534,0.40745869077256086,0.5350565439945478,0.41905415560661907,0.4093713419049672,0.4643007968186682,0.7721248527763235,0.3955038483293892,0.5071242527085827,0.5031597120559422,0.4775052317073215,0.5437959249139102,0.595636672592315,0.5873855982900908,0.5099421338638099,0.47829296285952594,0.5750900308150299,0.37634239786133455,0.4028355165553837,0.4685010547577606,0.555589188573934,0.39350285179755995,0.4536626723776591,0.4081998355749058,0.4024264648843548,0.41765072469461606,0.4783854369166491,0.5953453376829668,0.45607270404910205,0.0,0.5076485815966899,0.5149219334187767,0.5058880725567588,0.5042120597398209,0.5054396720594615,0.39756541213367297,0.5309154265229189,0.4157170087914835,0.5974571112134368,0.657654834562833,0.4412943849521211,0.6856939181222247,0.46321611775703936,0.5358057454876767,0.48074488195323173,0.47618793545209925,0.48853329768306836,0.534341648782332,0.5699268904501517,0.5262821618941094,0.6679800380724997,0.42742395289454765,0.4659459323353129,0.4401348748561592,0.40904234222779895,0.5228263887851688,0.48634908793319703,0.37082144480539686,0.40628208728002624,0.4899942626485938,0.4031872000776085,0.5643177522646066,0.5214522280512367,0.5741306907669769,0.7438304630891768,0.39016517791909033,0.4221591374455449,0.38248105008466216,0.4830805210365381,0.48929628181346096,0.416715137544664,0.4432929613546148,0.5446615533030038,0.4257656283611872,0.5464962382148667,0.4919881985340612
IDN,0.6829178541198022,0.4667269672677023,0.5291211488615445,0.5093728235808344,0.5391551854474063,0.546331807427123,0.6310178849926075,0.5386782189459508,0.48051901953158216,0.5260759946453256,0.7609617479899671,0.5314429389208839,0.6062057192769515,0.6001951331134989,0.5167097888298678,0.6041731536043863,0.5935361135608971,0.6424687023713799,0.5571430783414071,0.5493382014038973,0.597297634259108,0.5232942319657711,0.5777945827115979,0.5475477199188012,0.6129143547578046,0.5150557252537921,0.548655414533016,0.5416970911098818,0.5687520886322338,0.5431742073408764,0.593009661461528,0.6693674753355772,0.5430168035142994,0.5076485815966899,0.0,0.5646616433188455,0.5896159619472231,0.5976438396728382,0.6195320227424572,0.5417148357728453,0.551662149574156,0.5356808755074398,0.630663296548151,0.7041914078257728,0.5632596747588263,0.6721396539450992,0.5635012807198483,0.5983735832347533,0.6046286652711511,0.5489806602083583,0.5823162373607699,0.5967351758416667,0.5920224210216165,0.5314468225004406,0.6999226074789547,0.5486276848324179,0.5558479098762062,0.5560248748631471,0.5314175603324026,0.574426706853056,0.5037026774878288,0.5019794948376911,0.5280579839441962,0.5594252081561958,0.5038462793012094,0.5790032159791797,0.6278645014181633,0.622206906307092,0.7794569427654265,0.5457917459270343,0.5654263645214685,0.5522369816888865,0.4703333512701508,0.5695418909515141,0.5201117639483162,0.5234200794751709,0.5839692042719651,0.5737150802782964,0.5700380290543211,0.5764706395570135
IND,0.7106417723951521,0.5286931723462643,0.5102754121350794,0.5383747844278141,0.5541326018464834,0.5608833469969745,0.6012578443897688,0.5250891119068616,0.5096421820356553,0.5297289986428361,0.7953500781922014,0.5423638642946671,0.6433526488149702,0.6285117752052736,0.5351797386160607,0.6028120300718036,0.6242663450322962,0.6447682128791236,0.601354775000798,0.6127806917261682,0.6703495195097867,0.5554138211889754,0.587699307366478,0.6099392702674579,0.6094235153856702,0.5297799958143623,0.6158970189379339,0.577873808485888,0.5879188670994726,0.5658583680964039,0.6191758181384578,0.7319036643353481,0.5694651215443469,0.5149219334187767,0.5646616433188455,0.0,0.6442426936033725,0.606651719897071,0.6110587261742347,0.5567683535459911,0.5810222498652239,0.5439205051330901,0.652845888328475,0.7066686478123843,0.5555065684824214,0.7352915826193686,0.589674294777307,0.6374106489315674,0.6323302929515342,0.5717545529200423,0.588750243776271,0.6399631663169558,0.6128617933711631,0.5866433057290948,0.7458705467815805,0.5798894311304001,0.5916911619413515,0.5852778626264062,0.5172426858978086,0.5999172808782407,0.5749650123165098,0.5511254112216938,0.5784775813937117,0.5631792628639676,0.521578823199879,0.6208707445177157,0.6351586512476742,0.6672853946477242,0.7951937862729747,0.5464025325173539,0.5859467664996424,0.5665080143994785,0.5479828985060087,0.5767928204016886,0.5296675262151551,0.5627817201329535,0.6102713713576221,0.5822275587363372,0.5938788656668342,0.585542613996469
IRL,0.7401950364273989,0.5362367409927145,0.5559525781028438,0.5105661066698509,0.48356278015031445,0.5215252419841877,0.6200334593583773,0.5786389976329187,0.5659216896459074,0.5834644320604409,0.8292615118544395,0.5297243420917461,0.5634859728192724,0.5667532662456991,0.6103917136330979,0.6318914711999933,0.6733313720083163,0.6130307574201659,0.5775976975220929,0.5850960342953654,0.6225312389312434,0.503031386566547,0.505331844631226,0.5389101474606459,0.6721872928084073,0.4970345823749038,0.5470270810668301,0.5190667130126798,0.4904394157396528,0.4613152025881074,0.5958301392561347,0.6295972813675401,0.5577374840098596,0.5058880725567588,0.5896159619472231,0.6442426936033725,0.0,0.5217451580942226,0.6016014060733549,0.49866803758475786,0.653862677612647,0.541130634258059,0.6795359716793005,0.71591968091186,0.5646478008808616,0.7404406795099295,0.5820900522350406,0.5635587612614806,0.5508091268620271,0.6094029117682799,0.6171275204558836,0.5348738489846443,0.646490057359035,0.6148722676790244,0.7070228941885538,0.5122763944535682,0.541444741599669,0.519685232900956,0.5698331804695723,0.5860540991995721,0.6032400947853855,0.4960415932872136,0.5075948230658992,0.5903745798481043,0.5680181673128875,0.6381941991477263,0.6336818809928274,0.6178569484825466,0.7539721631411085,0.5168618150501103,0.5080312464666399,0.5015272439437881,0.5823842718730897,0.6039607511935531,0.5376853312004201,0.5462007534880953,0.6670778085457056,0.522856094862657,0.6286992164772823,0.6122908214027641
ISL,0.7004453769218983,0.5653889094880294,0.5418060012217825,0.5033374854377038,0.4918670651334001,0.505489824308042,0.5460289425449959,0.5416331212227407,0.5087929103145236,0.5605168652927679,0.8303425055214622,0.520758056364175,0.5503372212166735,0.5827018370925217,0.5976673338625398,0.6353964680511556,0.6623735640621816,0.5877971109453584,0.6044654618149994,0.5340736158241987,0.5606055832776017,0.4994001706803338,0.49848050172285124,0.5423899250074753,0.6028875409718143,0.49201467072759336,0.5358607203856206,0.5246768580365662,0.5038788009757319,0.45206094659590584,0.5490516480029064,0.6018472900831225,0.525180372075858,0.5042120597398209,0.5976438396728382,0.606651719897071,0.5217451580942226,0.0,0.5885144400501834,0.5049933600705998,0.6134351241599257,0.5348479365581401,0.6186484109998208,0.6844385670053955,0.538025786729578,0.736550436742566,0.5665520925291508,0.5491138649410118,0.531398093772805,0.5837284661670492,0.6187643561391676,0.5519556948935136,0.64469516590409,0.5919080978823464,0.7049380309403862,0.5059802231068197,0.5169362354280282,0.5110102083520492,0.4934180046339929,0.5820667786399836,0.5866161549015743,0.49882774812722486,0.503304027857355,0.5877033700947674,0.5193192267197564,0.6100388849961291,0.6069137474718438,0.6069492581581936,0.7150705069394583,0.5011255829140553,0.5138816726449423,0.5259906673319126,0.558219165212863,0.5544199983734599,0.5195727588727254,0.5369797600080299,0.623815757805171,0.5187514149409324,0.5997967752725581,0.6084326299713252
ISR,0.7332358910884247,0.5346875562576268,0.5281607434061891,0.544627030593642,0.4910904215115751,0.46431347224719755,0.62888148527709,0.5880709920058319,0.59206620554176,0.5495097152690379,0.8049594631199571,0.5088624832015521,0.5405832409272419,0.5248477210237456,0.6066957419744751,0.6280661845453733,0.6621686090596971,0.6635079149104542,0.6139250304676005,0.5473728944627665,0.6406557826483188,0.5474827839029465,0.4860938407955081,0.5138314695302795,0.6171080356081549,0.5332490417609463,0.5718085073194764,0.524171261013681,0.49335400859488665,0.48263482257510565,0.5458015463622792,0.5999472565793834,0.5642162339148871,0.5054396720594615,0.6195320227424572,0.6110587261742347,0.6016014060733549,0.5885144400501834,0.0,0.5029601321150041,0.6198109932978142,0.5496244803301888,0.650252736726821,0.7211754957874279,0.5085514969774423,0.7767735802331134,0.5993883792904453,0.5760159093182264,0.6105039489642176,0.6150214209925892,0.5561877546463093,0.6188576990072017,0.6664458350792886,0.5958122012096694,0.7179702833893791,0.45403197788329114,0.534609797521548,0.5408841672643471,0.5766720812815891,0.58535116523333,0.6066342487151238,0.5307216166902676,0.5027343072050152,0.6244190014013863,0.5380723122147936,0.5931934572893773,0.6031880125357592,0.5604641836960012,0.7836614204215234,0.5655569794196145,0.5430701472968189,0.5158758331065743,0.5794692863327651,0.6092925049667304,0.5582792736146212,0.5182576462237486,0.6529320851322231,0.48697549626556025,0.6573375851607859,0.6031679477341279
ITA,0.6986531134227663,0.4600516526411375,0.44188890825693267,0.43766911519448065,0.37692434750859427,0.3857257372300406,0.5542551006353094,0.4999993559496065,0.4744055386705743,0.4752243148084706,0.8074199250114021,0.4231588685194438,0.5006621540078365,0.5157023227312523,0.49604126992876085,0.555354059980376,0.6219543304739877,0.6082625313213199,0.5286742160858532,0.5160343221336954,0.5813612456648166,0.410461113648083,0.3750875974155438,0.4462081233153351,0.5641695373588812,0.3670633422840991,0.46382549452633726,0.43890913851786756,0.39192944079258724,0.3706466485492994,0.49740941660631727,0.6190440547841771,0.46632605856843073,0.39756541213367297,0.5417148357728453,0.5567683535459911,0.49866803758475786,0.5049933600705998,0.5029601321150041,0.0,0.5795068751332777,0.43648992960953986,0.6225941806141191,0.6886303272164819,0.447322575138061,0.7512491422788652,0.5171275461585069,0.5180237795745039,0.504647333673223,0.5319899742297729,0.5012298778748149,0.5080345771015657,0.6008360106421609,0.5492162895310062,0.6722900704363078,0.4079821939686557,0.4646508346580827,0.45994937959183135,0.47961781011921656,0.5341878237652811,0.5490463015646524,0.402241014890547,0.4173782813886985,0.516007366398444,0.43810425034504225,0.5535517163445344,0.5572515475649003,0.562308457032088,0.7717049712333163,0.4274188135775785,0.4251989886289678,0.4049462990805964,0.5030496897944212,0.517320707540749,0.4287224328782225,0.44447676325966773,0.5939584799953089,0.4223617837642795,0.5831846260872777,0.540486191540203
JOR,0.7216006103740277,0.5298713448864231,0.5513817612356461,0.5565090762865165,0.5630703161864702,0.5778994117162061,0.632543730283399,0.5545001788000522,0.5017324537424894,0.5590075463434705,0.7737044777658347,0.5503701859041253,0.6634251832180592,0.6179094002309576,0.5544997157491318,0.64331036988589,0.6543635830758066,0.6586684640144124,0.6027332006086261,0.6005121394795006,0.614938546395893,0.5421148241749701,0.595219071315739,0.597728487274981,0.5616941624015072,0.5644135294623746,0.5685701158459712,0.5692556693112772,0.59828649152618,0.5694891257131288,0.6093171522089545,0.6606055844842171,0.5694401580956472,0.5309154265229189,0.551662149574156,0.5810222498652239,0.653862677612647,0.6134351241599257,0.6198109932978142,0.5795068751332777,0.0,0.5551234048257074,0.6429645653198665,0.7248738375333493,0.5691638137721214,0.681364736408019,0.5562292964380512,0.6296116459849275,0.611159539859907,0.5981265465300655,0.6138176636979786,0.6429803062419406,0.6726009215069172,0.5528240921751071,0.7453979069754304,0.5802195852930007,0.5732080721748192,0.5836781083364303,0.561351668302107,0.5839081482549602,0.5738686637081876,0.5499956749248985,0.5750857589075127,0.5629532558384535,0.5128051077302422,0.6074529455951767,0.6224762175107599,0.6514904657606885,0.7808096790332304,0.5357858652565564,0.5954908451022143,0.5716500387834713,0.5456279268097115,0.6018647280352708,0.5715740287117312,0.5416323563393972,0.5993394612618774,0.5901330251850508,0.5925179593807836,0.5788103921046645
JPN,0.722077852219156,0.48394526440977853,0.461096173017614,0.4608023606261113,0.44024924311116814,0.4544521165651839,0.5742404094452153,0.5043459454968822,0.4666348931565671,0.4976520962551285,0.7963807878407169,0.4220978117158064,0.5364033316010326,0.5376881856484239,0.4776946098157606,0.5469959804093242,0.6104928404515514,0.6159421883671364,0.5317044135183194,0.5131870129990768,0.5995274819762575,0.44476091831096604,0.4433671937426728,0.5065433131968986,0.5739161812460821,0.43250559291134044,0.523482527521581,0.45853544602337176,0.46211515177917073,0.45058905426902096,0.5133028377955119,0.6240326925356187,0.4962795299359106,0.4157170087914835,0.5356808755074398,0.5439205051330901,0.541130634258059,0.5348479365581401,0.5496244803301888,0.43648992960953986,0.5551234048257074,0.0,0.6180604098437021,0.671298144399856,0.41736432156228015,0.7261638210637241,0.5280375336074266,0.5597401708733561,0.52139176325962,0.5215964442558597,0.522610930122399,0.5535478488111435,0.6033881160264141,0.5638289416273794,0.6985504131672188,0.47528915972528996,0.5024869300722992,0.5125660043429181,0.4816014347016754,0.5498878925211815,0.5304789789357305,0.4295592677087639,0.45362569804203784,0.5155637904153031,0.46295903798640187,0.5735477480597208,0.5623752879401565,0.590344378482697,0.7669354904253693,0.45406365689782974,0.4672541694718922,0.437509287828363,0.48157853095010406,0.5411690915167982,0.4494435649967262,0.42392595760728435,0.5961054855713837,0.4729914120709523,0.5533244209004847,0.5316771397161603
KAZ,0.713296264148138,0.6135683418819624,0.5631362735672609,0.5510975606944203,0.6162115657548556,0.6130540878689792,0.5797526119525288,0.5932155632352529,0.6034991546697642,0.6001371430632518,0.7919518528519974,0.591349813963975,0.6504399135694889,0.61912774711798,0.6403293696151092,0.6849246287267465,0.6472230898833812,0.5734609494469163,0.6300622772927736,0.5837730869391833,0.6724519942311796,0.6137025883205832,0.6439092408971733,0.6343281508215547,0.6103021850084749,0.6214247547471592,0.613349831752151,0.6306200180768304,0.6303667272997499,0.5834551525301207,0.6432902230480176,0.6825297875340826,0.6261675886512295,0.5974571112134368,0.630663296548151,0.652845888328475,0.6795359716793005,0.6186484109998208,0.650252736726821,0.6225941806141191,0.6429645653198665,0.6180604098437021,0.0,0.692117751431449,0.6584119527101197,0.6845041234489475,0.6137432203397599,0.654603578032134,0.6057385915839731,0.6424288105752346,0.5779302046291761,0.7004236012070758,0.6633518369623848,0.6000720831319383,0.7047900885008765,0.6000588643129151,0.614155244405057,0.5940795772098034,0.5693795597257718,0.5627414214875115,0.6121857349076197,0.6002664951412857,0.6263159982607702,0.6338606334834437,0.5372717941951258,0.5517710200430014,0.6516225970937586,0.7086877602122138,0.7954253536689586,0.6060886554457267,0.6402276313801013,0.6280465374443782,0.6329353360188364,0.6289300816662432,0.6005924745634205,0.6348366382237426,0.604667898590839,0.6011165979778019,0.6249979563613733,0.6402349529877661
KHM,0.7698011901325985,0.6733050989525798,0.6392412581787584,0.6614060444231412,0.6794574165013634,0.6511592981246507,0.6058648364316077,0.643249396341969,0.6810800268040559,0.684621598786633,0.8235254942986924,0.6746900178105241,0.7068322591212122,0.6995360351758362,0.683255827557651,0.7272266810372356,0.7135641419971904,0.6581829202897302,0.7289713950199938,0.6611864231868632,0.7151327631554494,0.647060616441202,0.6949496682072445,0.7061728432228203,0.6699555010414756,0.6695827535603536,0.6678084174700619,0.6653100255090797,0.6927290994604034,0.6720869337923354,0.7142156420499594,0.7411741389266012,0.6811778434376153,0.657654834562833,0.7041914078257728,0.7066686478123843,0.71591968091186,0.6844385670053955,0.7211754957874279,0.6886303272164819,0.7248738375333493,0.671298144399856,0.692117751431449,0.0,0.7033495222410514,0.7456557327234814,0.6876136086913107,0.7048158702117371,0.6206369859249758,0.6839124316939509,0.7058548994711596,0.7117518747920494,0.6864105328305344,0.690230818746404,0.7729172976413466,0.6872620525005119,0.6865506104875058,0.6864624591469927,0.6402894346067537,0.6784886667167778,0.704680834150155,0.6564782209532921,0.6569130766517742,0.6630660884591856,0.6585083265565611,0.702650226620253,0.681742357224658,0.7419129394739218,0.8066080641647108,0.6335984121032591,0.6623852101632066,0.6769541129529718,0.7034242648962614,0.6540634290246353,0.6405530451468191,0.6847872564723465,0.6320644159336238,0.706621232216419,0.6789802197025383,0.6989983198874
KOR,0.7063255748618468,0.4625610503634855,0.45510988875086966,0.49556975218188054,0.42026078667875505,0.4539571547977048,0.5647704839727073,0.5050699969721786,0.4473822347786355,0.47480714431891835,0.8045803516008945,0.4358909003660283,0.552802345837027,0.5105865916463804,0.46114003170601625,0.5785490187925992,0.6459972896548435,0.634329357914569,0.557212647213048,0.5404010871168294,0.6083311948349946,0.44503669491019604,0.42570261613977634,0.5136675968971441,0.5511106438951451,0.4269080377479224,0.5368795160015918,0.45532527666905137,0.4612840486898733,0.4530916804986445,0.5135099724530063,0.6421413775495612,0.5200377488546708,0.4412943849521211,0.5632596747588263,0.5555065684824214,0.5646478008808616,0.538025786729578,0.5085514969774423,0.447322575138061,0.5691638137721214,0.41736432156228015,0.6584119527101197,0.7033495222410514,0.0,0.757054096109387,0.5586818286236439,0.5860600827231565,0.5502398560317884,0.5368869589787608,0.502372944778442,0.5693544299997947,0.6107927563520844,0.5570464838783015,0.7135964531925811,0.465323991113115,0.48205607745165874,0.5004270682934062,0.4658949905730424,0.5652813371209422,0.5406877254582811,0.45989935546114963,0.4572019806850142,0.5224474649538293,0.47334826640178634,0.584256988731723,0.5650441202684121,0.5530995870069233,0.7937771808984051,0.4791944819733673,0.4765559037584773,0.4416950064391115,0.482018230866043,0.5340693516876237,0.45981435325950376,0.3892700666557391,0.5919026332851078,0.462142192731596,0.5580284728652829,0.5504765914750854
LAO,0.67969418328091,0.6884086587671636,0.719748463650008,0.7148784858502635,0.7190112992953702,0.739918685364763,0.7167458542876518,0.6836623624376729,0.6761694140431713,0.709806271812396,0.7542630455285715,0.7193986166715602,0.7462103762576666,0.6940547661132912,0.7182104725083363,0.7113750288906252,0.7231583076933988,0.7599184980428391,0.6913876616955545,0.6817650191782845,0.7424828486796378,0.7032789321896832,0.75026027563994,0.7316673088304391,0.7271378582862963,0.7403664853281137,0.7067019998014914,0.7276189798018495,0.735257471696521,0.7361185476977111,0.7466205460852557,0.7235638060673925,0.7086563787876013,0.6856939181222247,0.6721396539450992,0.7352915826193686,0.7404406795099295,0.736550436742566,0.7767735802331134,0.7512491422788652,0.681364736408019,0.7261638210637241,0.6845041234489475,0.7456557327234814,0.757054096109387,0.0,0.6725750664106246,0.7478788040343793,0.7401947644545673,0.7052564456977262,0.7355935140504665,0.7632693538452405,0.7176803569702255,0.6880440968380772,0.7650009565663847,0.735361289861519,0.7343140048715157,0.6909735559659759,0.6602157040521338,0.6896577358784708,0.6594950767481114,0.67664303738795,0.7187570058078288,0.6911383444312179,0.6773099162124341,0.7313389012011078,0.762675953499078,0.7812337254125753,0.8141150012563573,0.693519786844529,0.7346947844833938,0.7326242435588453,0.7053615898163518,0.7080877996310044,0.7088406282847316,0.7127705116393506,0.6743909572396831,0.7488363558031546,0.6700085890339567,0.7041598138531855
LTU,0.6961115653319503,0.5501479508227183,0.5184254591245336,0.518997864335097,0.4971128478787199,0.515607334356477,0.5917587160677797,0.5120399525767553,0.512862654261151,0.5342287730446182,0.7986013150993375,0.5207214812397845,0.5748566534363997,0.5952399538729706,0.5823017323384413,0.6125684103350651,0.623743076408762,0.6510192199026802,0.5705657924064966,0.5260595229112783,0.6083620765330005,0.4924660120667721,0.5370845181437245,0.5595489228011291,0.586715374750888,0.49305268873241437,0.4716870069964629,0.5142410943665068,0.5223243514392586,0.5117423784626186,0.5802847674684134,0.6197995209167204,0.5192900047379193,0.46321611775703936,0.5635012807198483,0.589674294777307,0.5820900522350406,0.5665520925291508,0.5993883792904453,0.5171275461585069,0.5562292964380512,0.5280375336074266,0.6137432203397599,0.6876136086913107,0.5586818286236439,0.6725750664106246,0.0,0.5958584142222361,0.49257789929190876,0.5802054805450317,0.5809131666047843,0.5888976178682519,0.6199761137509698,0.570108101212806,0.689535242482466,0.5310065432479076,0.5334187862553655,0.5305315866772953,0.5017749587186378,0.5887806179578898,0.527789065485739,0.46972707444315404,0.5059582775047509,0.5385306045086148,0.49900808617240233,0.591426853036664,0.5642148813240229,0.6213721041946415,0.7410021674805022,0.4620723577199977,0.5118315834387986,0.5162868745645064,0.5385622294680686,0.5579714245825558,0.5123343476956752,0.5263830370916837,0.5551999056465772,0.5562223892497518,0.5833612950674727,0.5609460110770013
LUX,0.7438778438991798,0.5832635040788859,0.5586489695218729,0.518072246800035,0.5043041772345485,0.504964473289204,0.6139206812629912,0.6056013725690088,0.5826342639972061,0.5838066448816495,0.8395569856883934,0.5498978851555519,0.5486683626803159,0.601816324711234,0.6408245773788341,0.6264993088605855,0.6732738194173358,0.6570780031346468,0.6096462056316194,0.5438454744145023,0.5732468728509112,0.5324648077084184,0.5525547452510509,0.5233282360873898,0.6689941585476884,0.5302109668400283,0.544215428605106,0.5380957857632694,0.5081943490242933,0.5073878466660434,0.588727557929547,0.588090936552613,0.5861826419458379,0.5358057454876767,0.5983735832347533,0.6374106489315674,0.5635587612614806,0.5491138649410118,0.5760159093182264,0.5180237795745039,0.6296116459849275,0.5597401708733561,0.654603578032134,0.7048158702117371,0.5860600827231565,0.7478788040343793,0.5958584142222361,0.0,0.5535656502177331,0.6180751323025772,0.6034385846647607,0.556741256528049,0.670874006900092,0.5976979761074431,0.6976827848963846,0.5056614928723724,0.5618565023722542,0.5576668686728464,0.5838797713311146,0.6109045645751656,0.6083181461285411,0.5221360354486674,0.501348919909243,0.6252948160675003,0.5391485017775747,0.6181667952207377,0.6243639555399129,0.6288854179178862,0.7480173783346975,0.5538594861954579,0.5266552019272569,0.5438559029403088,0.5913201750655499,0.6122807346734526,0.5532700512235988,0.5621518613778935,0.6815985844582734,0.545062922780297,0.671129906765178,0.6155919871142083
LVA,0.7283852411405815,0.5721653834017623,0.5064332571608661,0.4889660118722424,0.47823971946859317,0.4691395825143104,0.5484137321217883,0.5199140112265346,0.5338186795457297,0.562717827499758,0.8153817949286766,0.5071009797345108,0.5461164392501195,0.5646135434961891,0.6029389229274554,0.6212851565431065,0.6324932965720745,0.5826297457318469,0.6126155958760765,0.5253712795942811,0.5895726086464057,0.45462419461983966,0.5092815056925791,0.5429819168918399,0.5997519093264724,0.4727654432648663,0.4372769961596444,0.4746268598852064,0.4922445911102959,0.4873241610290052,0.5497064694693403,0.6139523112021337,0.5229545675725117,0.48074488195323173,0.6046286652711511,0.6323302929515342,0.5508091268620271,0.531398093772805,0.6105039489642176,0.504647333673223,0.611159539859907,0.52139176325962,0.6057385915839731,0.6206369859249758,0.5502398560317884,0.7401947644545673,0.49257789929190876,0.5535656502177331,0.0,0.5870364682823382,0.5854347776919356,0.5522750788447407,0.6469187799652666,0.5815421702046945,0.6975268610725531,0.5145387300478129,0.5104364271090646,0.5357890231194548,0.5141010320308959,0.5929867170388013,0.5781808296023491,0.4573014524859868,0.47303746535645025,0.5475102128900203,0.47921071766245266,0.6185988383557112,0.5542520814301671,0.6198179929425998,0.7368188688644965,0.44467162515588265,0.4566001183436757,0.46729647415015196,0.5765206932296378,0.5562244223670264,0.49801997613281873,0.5500255948877972,0.5859350756030155,0.5488835293818077,0.615358262929036,0.593077453466857
MAR,0.6884670558489541,0.518918702390312,0.501752927054547,0.5228361693979205,0.5230363455089031,0.5216162582640201,0.5867033312217776,0.5112132589998224,0.4845645668883727,0.5064142193849358,0.7736063977710914,0.5258580585194038,0.606892903888889,0.5556534633279643,0.5461026945061069,0.5958138246621626,0.6566184688330408,0.6323977150538472,0.5797946955994865,0.5779933947031397,0.620753246156064,0.5176922715967731,0.5491817678943501,0.5937811783252726,0.6057867727950231,0.5053117982659937,0.5533279332007589,0.5474767767101465,0.5366775198537751,0.5491370826669273,0.5725569261036836,0.7213275041229469,0.5557027630872172,0.47618793545209925,0.5489806602083583,0.5717545529200423,0.6094029117682799,0.5837284661670492,0.6150214209925892,0.5319899742297729,0.5981265465300655,0.5215964442558597,0.6424288105752346,0.6839124316939509,0.5368869589787608,0.7052564456977262,0.5802054805450317,0.6180751323025772,0.5870364682823382,0.0,0.5581726453892233,0.6021609212919891,0.6144191249520758,0.5737812537048602,0.7429568638602279,0.5585537616278667,0.5933609665952073,0.5669114806102504,0.4957381419420841,0.5659617210258079,0.533820681196869,0.5056350989891066,0.5107854913091805,0.5605641475633362,0.520040212737213,0.6152068388445515,0.5902438207693086,0.6613850458842345,0.7941522156315876,0.5151494247288462,0.5525667489206891,0.5259175245942187,0.5316133898048133,0.5656175532028324,0.4793695241584559,0.5308857171642943,0.5956531036482627,0.5580518481859663,0.5859267369765434,0.5756924492835458
MEX,0.6940946025347148,0.5206454458867766,0.46461191247435984,0.510387853865135,0.5055335694444211,0.513786806219035,0.5860766504042172,0.5690584349922306,0.5094382316633028,0.5188856120473221,0.8050341185271724,0.49560207899274533,0.5817352141242946,0.545459234870797,0.5236611510246727,0.6136066115330545,0.6357034191999995,0.6165389679914977,0.563644575112415,0.5467275456408573,0.6640442613253819,0.5139780556908835,0.5236713905586375,0.5547479587175757,0.6061100931580169,0.5286228478293232,0.5402888154730489,0.5335594636648974,0.5341783992303798,0.49484821511720833,0.5877822772490284,0.6592647221467635,0.576443995107935,0.48853329768306836,0.5823162373607699,0.588750243776271,0.6171275204558836,0.6187643561391676,0.5561877546463093,0.5012298778748149,0.6138176636979786,0.522610930122399,0.5779302046291761,0.7058548994711596,0.502372944778442,0.7355935140504665,0.5809131666047843,0.6034385846647607,0.5854347776919356,0.5581726453892233,0.0,0.6308077374161555,0.6333684290774361,0.5761569468536741,0.7117252721257753,0.49779910399844507,0.5312124010965634,0.5577438176570992,0.5210460227048889,0.5643095291355711,0.5477005064687438,0.5168561427248757,0.528420464685821,0.5538519892164825,0.49653776310960535,0.5606140536089795,0.5876780200169818,0.613088339624797,0.81716562390037,0.5405583625967203,0.5509052545172547,0.5090949541365504,0.5580818063356199,0.5798611629114295,0.5151641916239902,0.5004957915168493,0.5996185346650933,0.48936855517350325,0.5851717763017755,0.5937017047637402
MLT,0.7290951498751691,0.557788558168256,0.5639576863583355,0.538840636936566,0.5210381150009631,0.5009403962414648,0.6276017622959706,0.5924650567734208,0.5715176493929738,0.5864027469803779,0.844812647952017,0.5664534759840487,0.5203004589334421,0.6028260436318786,0.6213291808231071,0.6220601034316462,0.6774460317954561,0.6942685270133735,0.6243484591907715,0.5759533402518109,0.5923302388122513,0.5222374990210623,0.5345848272768687,0.5547474160654859,0.6523036634984009,0.511266603015313,0.5115239974269027,0.5386766375742233,0.5290932732495172,0.5186635720716755,0.6006820281884026,0.6417716492287856,0.5590020757955058,0.534341648782332,0.5967351758416667,0.6399631663169558,0.5348738489846443,0.5519556948935136,0.6188576990072017,0.5080345771015657,0.6429803062419406,0.5535478488111435,0.7004236012070758,0.7117518747920494,0.5693544299997947,0.7632693538452405,0.5888976178682519,0.556741256528049,0.5522750788447407,0.6021609212919891,0.6308077374161555,0.0,0.682185192175878,0.6152084945622301,0.7359511186174797,0.5325441691358069,0.5563008473808767,0.5599187922181209,0.5908519928023315,0.6318427984246193,0.597496424838978,0.5161787337794028,0.4937810442294708,0.6183487689755582,0.5470240657166843,0.6454876962297816,0.6209320777333707,0.6020485600261593,0.7650555624453232,0.531802888710969,0.5066760728744206,0.5174254806382766,0.5926285189599623,0.5739176813567791,0.5370704002632716,0.5638892482373423,0.6787332405300036,0.5756651697387066,0.6155219943379849,0.6264242900475373
MMR,0.7264264755132059,0.5869938390026392,0.5480773134687098,0.5551287070362401,0.602757931026702,0.6201833836149483,0.5580458153507338,0.5689298440583755,0.5143850837657851,0.6048608833103114,0.8002445898190348,0.5837989644831474,0.6624202219540165,0.6241386532086749,0.5548099865472651,0.6716328257234825,0.6661944366762765,0.6575202631370036,0.6179569815605038,0.6156476113457607,0.6657003290180806,0.5874885405289032,0.620900430494894,0.6207590109888574,0.6204207519707894,0.5875404210739819,0.6237583614310047,0.6005682904064208,0.6134776917743144,0.5989429225564571,0.6219635147777692,0.7625333217228183,0.61274812216524,0.5699268904501517,0.5920224210216165,0.6128617933711631,0.646490057359035,0.64469516590409,0.6664458350792886,0.6008360106421609,0.6726009215069172,0.6033881160264141,0.6633518369623848,0.6864105328305344,0.6107927563520844,0.7176803569702255,0.6199761137509698,0.670874006900092,0.6469187799652666,0.6144191249520758,0.6333684290774361,0.682185192175878,0.0,0.6605559928039436,0.7116152362555596,0.6122768060746446,0.6223114337838042,0.5783645264989132,0.3940202475244338,0.5996649928555297,0.6078409469656051,0.5944550677356291,0.606243896145489,0.5900793675079654,0.6190453189327717,0.6467460711413859,0.6628552386803874,0.7020464084827375,0.8223212401877118,0.6077636854531171,0.5996788074230831,0.5986464984498483,0.5934889815975097,0.5841629836964758,0.5636700084855089,0.6045220899560482,0.5689952728838402,0.6241944105982776,0.5984476101831436,0.6419551428340481
MYS,0.6960361332818049,0.501479104786718,0.546470504764143,0.521364498590688,0.5319315872214104,0.5544181678227958,0.6060715948824851,0.557258382221993,0.5258375307132112,0.5322017517196601,0.7632946629607972,0.5285167952760483,0.6020002331989384,0.6036155770004956,0.5703927447102078,0.6326436244952246,0.6130619875524908,0.6435846625102886,0.5998153267484316,0.5446749705747567,0.6154473914812654,0.5155757229269196,0.5644444173267623,0.5614248396235503,0.5946957747593713,0.5355213736955454,0.5525955523897095,0.530073326102988,0.5492727582423509,0.5167464070397252,0.5974783471880164,0.6109007102083821,0.5738136406870945,0.5262821618941094,0.5314468225004406,0.5866433057290948,0.6148722676790244,0.5919080978823464,0.5958122012096694,0.5492162895310062,0.5528240921751071,0.5638289416273794,0.6000720831319383,0.690230818746404,0.5570464838783015,0.6880440968380772,0.570108101212806,0.5976979761074431,0.5815421702046945,0.5737812537048602,0.5761569468536741,0.6152084945622301,0.6605559928039436,0.0,0.7257681485333118,0.5274738860064498,0.5354980837127274,0.5770761694865798,0.5520054397138606,0.5928552489497666,0.5218049672359425,0.5098109382954152,0.5378913669825194,0.5767180047624617,0.4837364148225337,0.5663893390527276,0.6211853954480224,0.6266753449968099,0.7728697979286719,0.5228846258266672,0.5797322664529169,0.5502825427961736,0.52041327426735,0.5917623207777477,0.5480426802513796,0.5148402462986613,0.6071435486041221,0.5533875203719886,0.5666483203749354,0.5572165947373606
NGA,0.7758912241154015,0.7228571016193355,0.6869004787359128,0.6566546868364972,0.6772064250818197,0.6914425931454758,0.6883892466803658,0.723643566390738,0.6775925509754098,0.6890027778973762,0.8606911259467347,0.6667864341516737,0.7079377256768209,0.7111251488930136,0.7049419884667522,0.7456619167786529,0.6949839897842023,0.7561709961855104,0.6949130173859437,0.6582636930870154,0.7447595516637854,0.68744494669712,0.7065645980275145,0.6906055722198126,0.7517364656045827,0.6906119192967448,0.6907347250832065,0.6936451897782911,0.6915256451909699,0.6637911610002505,0.6932501112523934,0.7293846918365919,0.6951334105915682,0.6679800380724997,0.6999226074789547,0.7458705467815805,0.7070228941885538,0.7049380309403862,0.7179702833893791,0.6722900704363078,0.7453979069754304,0.6985504131672188,0.7047900885008765,0.7729172976413466,0.7135964531925811,0.7650009565663847,0.689535242482466,0.6976827848963846,0.6975268610725531,0.7429568638602279,0.7117252721257753,0.7359511186174797,0.7116152362555596,0.7257681485333118,0.0,0.6779497704319357,0.6948582733941122,0.6557169170702039,0.6665772849608183,0.7259637550750849,0.6664225693553585,0.6649379124302416,0.6893675558816724,0.6900842107783748,0.6970774356367705,0.6971484007994716,0.707404825686548,0.7526223177114681,0.8208811194975,0.6939136843262711,0.6858923853476087,0.6970593748700805,0.7040001527022713,0.7192402973813127,0.6809382230766469,0.695832397964675,0.7188864399898437,0.6684432046182973,0.7246502809657095,0.7129312342541834
NLD,0.680981627021155,0.4666472831173238,0.45532751155059453,0.428523542552583,0.40221110785136305,0.3830828666962202,0.5512347900501986,0.5305116945408518,0.4803036017909967,0.4891215749870266,0.8080679706206618,0.41078431343934246,0.48595648325497187,0.499419443981879,0.5480385901563206,0.5853042908732473,0.6232173472248486,0.6001688886813791,0.5345779166258332,0.486916698631181,0.5750669904553635,0.4272828026575729,0.390001525784581,0.42043282015649425,0.571689540353751,0.4270332044503658,0.45730757611692635,0.4284733927914809,0.386052261792273,0.3462486218713099,0.5077468881267699,0.5564905308612742,0.48777665941231696,0.42742395289454765,0.5486276848324179,0.5798894311304001,0.5122763944535682,0.5059802231068197,0.45403197788329114,0.4079821939686557,0.5802195852930007,0.47528915972528996,0.6000588643129151,0.6872620525005119,0.465323991113115,0.735361289861519,0.5310065432479076,0.5056614928723724,0.5145387300478129,0.5585537616278667,0.49779910399844507,0.5325441691358069,0.6122768060746446,0.5274738860064498,0.6779497704319357,0.0,0.40557519993975827,0.45155404187052944,0.4779841563406679,0.5292237184699946,0.5456345589296959,0.4134798356023242,0.40306437142642204,0.5378324121704273,0.42352876043629184,0.5291401521582061,0.5542479466707408,0.5384857527795007,0.7536917524410851,0.45297734298089637,0.4382894657230144,0.4340114281402675,0.5083949946692052,0.5508288726645313,0.479625179383645,0.4333935234340513,0.5994832376366651,0.400052503009586,0.5872765327878483,0.5458765502887694
NOR,0.6915200567645591,0.46876405490268713,0.49312392442599556,0.45246860135122174,0.43095618762028826,0.47561961361271904,0.5373578312736855,0.5431056048756239,0.4743263786522895,0.5280862003278742,0.7858595911709204,0.4569382180664814,0.5325835642509904,0.5296179080188544,0.556952531928498,0.600583067495965,0.624657859003818,0.5899922885032318,0.5674525779653972,0.5188413236289451,0.5575223233712592,0.46377470172834967,0.4458063640441396,0.43858967991550557,0.5689900242808801,0.4719239917131799,0.44930475769711253,0.4548656274231838,0.4769963706358498,0.42055668948127606,0.5234529899151887,0.5847027123235611,0.48300093595099935,0.4659459323353129,0.5558479098762062,0.5916911619413515,0.541444741599669,0.5169362354280282,0.534609797521548,0.4646508346580827,0.5732080721748192,0.5024869300722992,0.614155244405057,0.6865506104875058,0.48205607745165874,0.7343140048715157,0.5334187862553655,0.5618565023722542,0.5104364271090646,0.5933609665952073,0.5312124010965634,0.5563008473808767,0.6223114337838042,0.5354980837127274,0.6948582733941122,0.40557519993975827,0.0,0.46872479478307066,0.492646400552103,0.5530911209870255,0.5622199207387616,0.4574219941746414,0.475436709497229,0.5494340918726434,0.43859591564819533,0.5737200197679375,0.587049648742223,0.5527523583408285,0.7658913037332787,0.5005570505775856,0.4909402416366767,0.44178268556051037,0.5245527995380638,0.5276138872129351,0.5056513172079949,0.4723101284057114,0.6095442127577516,0.4474277419638518,0.5986128452119498,0.562812442715048
NZL,0.6695499951764313,0.48108140431170837,0.4570715089646495,0.4142521210715941,0.41654741781066534,0.46579039503692193,0.5366110334880992,0.5276090351292785,0.4779928091095199,0.5093823291267435,0.7762112480884734,0.44010355373383936,0.5201669132124068,0.4633942524232709,0.5556169733766614,0.5741783428481436,0.6161995947385259,0.6119925322441814,0.5159099532794201,0.5222881575543595,0.5927100302186014,0.4458427513470024,0.44761160542910944,0.5073014839686882,0.5824220210964723,0.45861701013917877,0.4843837484545637,0.4778977035970246,0.44383905360079207,0.42390924589874873,0.5217597909759816,0.6259898973050448,0.4833618497207408,0.4401348748561592,0.5560248748631471,0.5852778626264062,0.519685232900956,0.5110102083520492,0.5408841672643471,0.45994937959183135,0.5836781083364303,0.5125660043429181,0.5940795772098034,0.6864624591469927,0.5004270682934062,0.6909735559659759,0.5305315866772953,0.5576668686728464,0.5357890231194548,0.5669114806102504,0.5577438176570992,0.5599187922181209,0.5783645264989132,0.5770761694865798,0.6557169170702039,0.45155404187052944,0.46872479478307066,0.0,0.45690127745778725,0.5003881853569246,0.529166232813115,0.4467846890012531,0.4537450239058162,0.5206814808112366,0.46204152926774883,0.5853465935456922,0.5651363775407227,0.5849680036562818,0.7705466121713935,0.4763049873558978,0.47014948847288296,0.45041705880471977,0.5435232302926744,0.5493296781037486,0.4775190113562091,0.50223221459095,0.597323206744157,0.44445102881808335,0.5800464242807462,0.5415242410314456
PAK,0.6427633620376951,0.5146044012295519,0.40633168985836854,0.43213090494780754,0.44729325688543825,0.49298711340010387,0.42525950782300037,0.4291592952525967,0.33112595196301753,0.4765226861891916,0.796448812049104,0.45566794272086364,0.5542149941615951,0.5109818891145433,0.46081356052187417,0.596601825533449,0.6065072279294591,0.574038433723514,0.5258813880050948,0.5110378800143243,0.5848692098521076,0.43201368087983055,0.4853041474377018,0.5170121931466034,0.5076960135944344,0.4564634831258462,0.49120450151728107,0.4717512067820446,0.4839129396839934,0.4644236465918977,0.5089832683777582,0.6585083271392729,0.47730571719713316,0.40904234222779895,0.5314175603324026,0.5172426858978086,0.5698331804695723,0.4934180046339929,0.5766720812815891,0.47961781011921656,0.561351668302107,0.4816014347016754,0.5693795597257718,0.6402894346067537,0.4658949905730424,0.6602157040521338,0.5017749587186378,0.5838797713311146,0.5141010320308959,0.4957381419420841,0.5210460227048889,0.5908519928023315,0.3940202475244338,0.5520054397138606,0.6665772849608183,0.4779841563406679,0.492646400552103,0.45690127745778725,0.0,0.5254380159631119,0.4877135203270988,0.44291560319196527,0.47237034721833004,0.4589580208709584,0.4527287899850997,0.5737343222342147,0.5594978785639048,0.6045926931628642,0.7753145295985775,0.4375951136770382,0.4755473331425356,0.45207321950936125,0.4932892531988727,0.49832285702518414,0.439865377484872,0.4787576243925628,0.47161738293137223,0.47925368222789605,0.4801156169986292,0.5515522775442416
PER,0.6958555566515651,0.5023471594289687,0.48684058250035206,0.4559730089906236,0.548702783488663,0.5260759429506744,0.588907409444532,0.5621728525098345,0.530129569599107,0.5474184430070747,0.7719073780686475,0.509428996406411,0.6057333859902252,0.5117770562929425,0.563810188449194,0.5930797703367092,0.6209826862678537,0.5600005441397907,0.5481449991835236,0.571477797272683,0.6393410152393972,0.5376410316210025,0.5456355850518353,0.5800623549313166,0.5582153784034284,0.5173982042730586,0.555873712725351,0.5496864341763498,0.5372039830268657,0.5069999462265848,0.580161764279665,0.7025639415770301,0.5651781273543923,0.5228263887851688,0.574426706853056,0.5999172808782407,0.5860540991995721,0.5820667786399836,0.58535116523333,0.5341878237652811,0.5839081482549602,0.5498878925211815,0.5627414214875115,0.6784886667167778,0.5652813371209422,0.6896577358784708,0.5887806179578898,0.6109045645751656,0.5929867170388013,0.5659617210258079,0.5643095291355711,0.6318427984246193,0.5996649928555297,0.5928552489497666,0.7259637550750849,0.5292237184699946,0.5530911209870255,0.5003881853569246,0.5254380159631119,0.0,0.5825859476330089,0.538829578883082,0.5217104038920707,0.5524842311876407,0.5114429428462663,0.5712560098211008,0.5908157111230569,0.6509535520289659,0.8003640924295745,0.5540158106397024,0.565573046298623,0.5461389332091104,0.5529397467381467,0.5914560674886093,0.5326463670018443,0.5359121723605544,0.6142407512869866,0.5232459967155373,0.6041367398472343,0.5792838726963265
PHL,0.6491513866675365,0.5105214977209863,0.5282233465569992,0.5181872358406491,0.5204060280433213,0.548666731713452,0.5850211067889873,0.5263733179866313,0.47534474625933054,0.5175936801615929,0.760974083703568,0.5180367800737812,0.5829374242715194,0.54089641429331,0.5357422530275322,0.5843745714347923,0.6059198769917256,0.6838933867063632,0.5430426951978226,0.5300929866509905,0.6194541557842829,0.5224367640412962,0.5682814484962778,0.568278918116555,0.6117507760219,0.5362474566900273,0.5393937150083309,0.5436491352341158,0.5588160716707608,0.5386667144852835,0.5707532680641465,0.6266250131083513,0.5424924780463657,0.48634908793319703,0.5037026774878288,0.5749650123165098,0.6032400947853855,0.5866161549015743,0.6066342487151238,0.5490463015646524,0.5738686637081876,0.5304789789357305,0.6121857349076197,0.704680834150155,0.5406877254582811,0.6594950767481114,0.527789065485739,0.6083181461285411,0.5781808296023491,0.533820681196869,0.5477005064687438,0.597496424838978,0.6078409469656051,0.5218049672359425,0.6664225693553585,0.5456345589296959,0.5622199207387616,0.529166232813115,0.4877135203270988,0.5825859476330089,0.0,0.5033443983640176,0.525717455504286,0.5464779375583173,0.5021461592495359,0.5918706348408947,0.5793878130163221,0.6217215795096792,0.7884299468604272,0.5263036603878052,0.5660412952539693,0.528779808818416,0.5150791859106174,0.5876035715203884,0.5298718416480218,0.5290997153742631,0.5946909591951706,0.5651095933563213,0.5372264067133652,0.5518200289321848
POL,0.6782093842026442,0.4436654550755389,0.44359651074789624,0.42446368617931396,0.36219377736373665,0.4162988404336856,0.5481039779224061,0.46031307908048924,0.4369241345965284,0.4711481613787433,0.7911571211713996,0.4098190777929928,0.49069817505846847,0.5014112120346259,0.49464418659241516,0.5491500936545838,0.5976048901993799,0.6082562081235784,0.5297608446706181,0.46284842207622245,0.5660686256398099,0.34841184269000763,0.41069557803153733,0.47033533631024754,0.5727562708705322,0.3882586572496407,0.4414879914142877,0.4048407804497406,0.40462510749379416,0.4064304943456375,0.48857777975775474,0.5759414631600721,0.4588477689240857,0.37082144480539686,0.5019794948376911,0.5511254112216938,0.4960415932872136,0.49882774812722486,0.5307216166902676,0.402241014890547,0.5499956749248985,0.4295592677087639,0.6002664951412857,0.6564782209532921,0.45989935546114963,0.67664303738795,0.46972707444315404,0.5221360354486674,0.4573014524859868,0.5056350989891066,0.5168561427248757,0.5161787337794028,0.5944550677356291,0.5098109382954152,0.6649379124302416,0.4134798356023242,0.4574219941746414,0.4467846890012531,0.44291560319196527,0.538829578883082,0.5033443983640176,0.0,0.40938378086474225,0.47954458956819707,0.39657368747175986,0.5719495805966666,0.535382796760436,0.5670465533606591,0.7638486242082825,0.36006405750041404,0.3762214124857664,0.3926509333317173,0.48046064527562354,0.5054099144953537,0.4167323136095936,0.43269477063369094,0.5301868098668413,0.44717619254256546,0.5504744683901588,0.5189942414514548
PRT,0.6861336981759297,0.46254211717656507,0.44423369316494377,0.44796204149666596,0.36972853476359824,0.36523592740708294,0.5442783886254419,0.4898534778316697,0.4757666467687391,0.48431968298103756,0.7892236050094802,0.43472086592871373,0.46290566093906127,0.5021381520775468,0.549774471897634,0.5769125769411937,0.6207604641735285,0.59481434847271,0.5287363689924578,0.5045892618559316,0.5527238555068568,0.406978788352439,0.43212435550045797,0.4750094384367133,0.5719407351107839,0.38815662102184484,0.4635677996102452,0.41005065970920124,0.40677590448092055,0.4100081970697568,0.5013269726142098,0.5846117385659187,0.4820326782869201,0.40628208728002624,0.5280579839441962,0.5784775813937117,0.5075948230658992,0.503304027857355,0.5027343072050152,0.4173782813886985,0.5750857589075127,0.45362569804203784,0.6263159982607702,0.6569130766517742,0.4572019806850142,0.7187570058078288,0.5059582775047509,0.501348919909243,0.47303746535645025,0.5107854913091805,0.528420464685821,0.4937810442294708,0.606243896145489,0.5378913669825194,0.6893675558816724,0.40306437142642204,0.475436709497229,0.4537450239058162,0.47237034721833004,0.5217104038920707,0.525717455504286,0.40938378086474225,0.0,0.5349705086282757,0.45403067608795866,0.5486745165381474,0.5312749682606555,0.557213231604739,0.7479471181686047,0.42417876294886186,0.4118135976532622,0.42705773669038033,0.5044604357558541,0.5281894028700447,0.43722300586681084,0.44719786851753673,0.5944473722748943,0.45630680956745195,0.5704289105440796,0.5356075261819686
ROU,0.6900234229128068,0.5177803172926786,0.4718734270621079,0.4946638208058065,0.5035650146588169,0.5411112588520414,0.5665548005653077,0.5042685965857638,0.43755878139272575,0.529014840250339,0.8065572401342136,0.5242371831705785,0.6071806570370981,0.5529246928567308,0.4849709372777792,0.6204078731502675,0.6135529895886362,0.5938074446816834,0.5613781511833416,0.5775906081641838,0.6533935003053402,0.46354946423156845,0.5364060646778528,0.578706091081113,0.5523090840272554,0.5063734092985606,0.5321366522285228,0.5332991598438646,0.5343245641650604,0.5079308631492383,0.5705637070893051,0.6953505445431019,0.5237621599236866,0.4899942626485938,0.5594252081561958,0.5631792628639676,0.5903745798481043,0.5877033700947674,0.6244190014013863,0.516007366398444,0.5629532558384535,0.5155637904153031,0.6338606334834437,0.6630660884591856,0.5224474649538293,0.6911383444312179,0.5385306045086148,0.6252948160675003,0.5475102128900203,0.5605641475633362,0.5538519892164825,0.6183487689755582,0.5900793675079654,0.5767180047624617,0.6900842107783748,0.5378324121704273,0.5494340918726434,0.5206814808112366,0.4589580208709584,0.5524842311876407,0.5464779375583173,0.47954458956819707,0.5349705086282757,0.0,0.48638188627730183,0.6163272708209154,0.5832727564010807,0.6515473331919104,0.8074461945796556,0.43462808394216,0.518353410787623,0.5366834357333932,0.5206436713466088,0.5407940263400568,0.4952513059868263,0.5268593840146213,0.5541342058910951,0.5439564028554225,0.5294030662682525,0.5897361849993115
RUS,0.6496278639768991,0.41610448262339256,0.4364542924040163,0.4305603678387401,0.4213003469878075,0.44431793985974,0.525989968100483,0.4639329620193676,0.41057255768134276,0.46797131300663064,0.7725029111616882,0.4216841292637068,0.5305928443626651,0.5058900584649738,0.5038186048089559,0.5771605475412889,0.599462874693571,0.5701772760227064,0.5517839352310637,0.5027868789152449,0.5789914256356777,0.412017689070425,0.45692683052111255,0.4940914311652134,0.5367400102845119,0.43698384542847757,0.4402158153199251,0.46350516843459233,0.4615157056731714,0.42198958596223907,0.497790077644214,0.6058380980755511,0.4562908696607656,0.4031872000776085,0.5038462793012094,0.521578823199879,0.5680181673128875,0.5193192267197564,0.5380723122147936,0.43810425034504225,0.5128051077302422,0.46295903798640187,0.5372717941951258,0.6585083265565611,0.47334826640178634,0.6773099162124341,0.49900808617240233,0.5391485017775747,0.47921071766245266,0.520040212737213,0.49653776310960535,0.5470240657166843,0.6190453189327717,0.4837364148225337,0.6970774356367705,0.42352876043629184,0.43859591564819533,0.46204152926774883,0.4527287899850997,0.5114429428462663,0.5021461592495359,0.39657368747175986,0.45403067608795866,0.48638188627730183,0.0,0.5588506645996455,0.554983132421254,0.5672193566646292,0.7467147657612188,0.41065117623350483,0.4790900607553882,0.44303612421446603,0.4712569126488989,0.5107354951236296,0.4401393999429633,0.4451291951717194,0.5478696501786929,0.4497557931749147,0.5280413178044074,0.5303027919957547
SAU,0.7192627784820838,0.547686511153707,0.5220215189431631,0.5270689299346812,0.5638491994795113,0.5414161024284713,0.5959639560783788,0.5878602756393062,0.5875963260883443,0.5545688100760383,0.8003781849293495,0.5672707096351934,0.6055895864775923,0.618016095354821,0.5902832255783586,0.6645087465293261,0.6157484085150942,0.6176801228815905,0.5885500968765467,0.5681472680414216,0.6382130185938393,0.5787625428056986,0.5825027917374116,0.568265040002717,0.5667754404792953,0.49677958509048087,0.5819992463890543,0.5880295061168609,0.5924406520103666,0.5427136633079188,0.6238736287952726,0.6482061796955167,0.5935338672990225,0.5643177522646066,0.5790032159791797,0.6208707445177157,0.6381941991477263,0.6100388849961291,0.5931934572893773,0.5535517163445344,0.6074529455951767,0.5735477480597208,0.5517710200430014,0.702650226620253,0.584256988731723,0.7313389012011078,0.591426853036664,0.6181667952207377,0.6185988383557112,0.6152068388445515,0.5606140536089795,0.6454876962297816,0.6467460711413859,0.5663893390527276,0.6971484007994716,0.5291401521582061,0.5737200197679375,0.5853465935456922,0.5737343222342147,0.5712560098211008,0.5918706348408947,0.5719495805966666,0.5486745165381474,0.6163272708209154,0.5588506645996455,0.0,0.6385115514030397,0.6500067637025865,0.7840417203890138,0.5796935691218041,0.6139650725142384,0.5856452396323355,0.5791864617707332,0.621465277842576,0.5675940461137919,0.5620262291421348,0.6173475336863432,0.5606020791283709,0.5928242607530461,0.5956209038286909
SEN,0.7206784565671968,0.6116685519260551,0.5469205216570393,0.5429283901231594,0.5323176935674806,0.5266836153392579,0.6136451251334253,0.5950985060258062,0.5766255532070691,0.5798458936120849,0.8074583140253083,0.5295906961532049,0.589363558617805,0.5716160499176256,0.6115860992297647,0.5997064047213858,0.6026620452559508,0.6779884763384013,0.5879675461180038,0.5368145255097406,0.6612397457251502,0.5390791432425044,0.5648216628052968,0.5936308076085891,0.6354601563810266,0.5337354479217407,0.5609891134781869,0.5493209439337838,0.5442408054958193,0.5386677343285732,0.5751645854215556,0.6843124805403548,0.577089992710133,0.5214522280512367,0.6278645014181633,0.6351586512476742,0.6336818809928274,0.6069137474718438,0.6031880125357592,0.5572515475649003,0.6224762175107599,0.5623752879401565,0.6516225970937586,0.681742357224658,0.5650441202684121,0.762675953499078,0.5642148813240229,0.6243639555399129,0.5542520814301671,0.5902438207693086,0.5876780200169818,0.6209320777333707,0.6628552386803874,0.6211853954480224,0.707404825686548,0.5542479466707408,0.587049648742223,0.5651363775407227,0.5594978785639048,0.5908157111230569,0.5793878130163221,0.535382796760436,0.5312749682606555,0.5832727564010807,0.554983132421254,0.6385115514030397,0.0,0.651350336184012,0.7644623574207523,0.5464046121202113,0.5489201394856538,0.5490530726820366,0.5986356817332222,0.5767757991797586,0.5681485779819525,0.5733205019227539,0.6363112834382593,0.5551023829022264,0.6535305777438827,0.5816717429495634
SGP,0.740093857468547,0.5394318812810093,0.5979066747017551,0.5961503298761176,0.5686639712738879,0.5100490843660516,0.6701339409636419,0.6243204256546289,0.5878737494640751,0.6003149058412552,0.8002514786577111,0.5772764558453664,0.5402402521289594,0.6159041297909403,0.6295761366936494,0.658633779462642,0.7051010643764556,0.7324727982761835,0.6483758278967814,0.5820886850858661,0.6195922317619329,0.5870888588384843,0.5501105020229752,0.5482093177668937,0.6435011043270031,0.579947751862289,0.5914412896095018,0.5675070592587312,0.5635125852179564,0.5427910670571231,0.5902958063114347,0.5921358405343765,0.5903822777929989,0.5741306907669769,0.622206906307092,0.6672853946477242,0.6178569484825466,0.6069492581581936,0.5604641836960012,0.562308457032088,0.6514904657606885,0.590344378482697,0.7086877602122138,0.7419129394739218,0.5530995870069233,0.7812337254125753,0.6213721041946415,0.6288854179178862,0.6198179929425998,0.6613850458842345,0.613088339624797,0.6020485600261593,0.7020464084827375,0.6266753449968099,0.7526223177114681,0.5384857527795007,0.5527523583408285,0.5849680036562818,0.6045926931628642,0.6509535520289659,0.6217215795096792,0.5670465533606591,0.557213231604739,0.6515473331919104,0.5672193566646292,0.6500067637025865,0.651350336184012,0.0,0.8183728931033273,0.6063525833055089,0.6034511128378971,0.5616530869992498,0.5918894945585582,0.655306602338366,0.5917782689928077,0.5430640936626439,0.6662648825425612,0.5796581164208793,0.6605751303949324,0.6509244758578437
STP,0.8357686330405357,0.7953812347130308,0.7727919344089318,0.7509654892803949,0.752548483341765,0.7637087701467706,0.7643657066059476,0.7708191835968091,0.7767331341644822,0.7773444033085727,0.865135014397878,0.7521095191562955,0.7916210640849276,0.7939153883127449,0.815278589869653,0.8228705746071959,0.8020823571716963,0.7939059744150593,0.781781892977595,0.7569495233327778,0.7630972072555094,0.7561126981707889,0.7874324095539207,0.7787085209012503,0.8077065014132475,0.7569708857289394,0.7579715843061373,0.7684320639506028,0.771718718363202,0.7402599512146975,0.7920216167654478,0.7668054259625072,0.7674611820469481,0.7438304630891768,0.7794569427654265,0.7951937862729747,0.7539721631411085,0.7150705069394583,0.7836614204215234,0.7717049712333163,0.7808096790332304,0.7669354904253693,0.7954253536689586,0.8066080641647108,0.7937771808984051,0.8141150012563573,0.7410021674805022,0.7480173783346975,0.7368188688644965,0.7941522156315876,0.81716562390037,0.7650555624453232,0.8223212401877118,0.7728697979286719,0.8208811194975,0.7536917524410851,0.7658913037332787,0.7705466121713935,0.7753145295985775,0.8003640924295745,0.7884299468604272,0.7638486242082825,0.7479471181686047,0.8074461945796556,0.7467147657612188,0.7840417203890138,0.7644623574207523,0.8183728931033273,0.0,0.7488683597800455,0.7645968017743248,0.7735337975858589,0.7686777763691988,0.7537948197842939,0.7535554178300646,0.7659483131718506,0.8026608208283539,0.7712567489034435,0.8115520798023425,0.7677753907023465
SVK,0.6862382227720493,0.48480727592129824,0.4413344782373108,0.4450575475982685,0.39550944717446973,0.44700165203831277,0.5417362472238628,0.4406792783797453,0.43771610872263117,0.48302548211571517,0.8047542103879279,0.45079571329678775,0.5312406174421342,0.5284758206546718,0.5095750924155873,0.5910988406047285,0.6132521372422105,0.5954088873699593,0.5432480046549071,0.5102528163909426,0.6019671979849182,0.3446686204679596,0.43938537782902637,0.5244964964563826,0.5597037570228474,0.40601537583737396,0.4599809053401179,0.4504375217092236,0.4407541619602458,0.4349693436558843,0.539280549666638,0.6193055023500319,0.4769584555795991,0.39016517791909033,0.5457917459270343,0.5464025325173539,0.5168618150501103,0.5011255829140553,0.5655569794196145,0.4274188135775785,0.5357858652565564,0.45406365689782974,0.6060886554457267,0.6335984121032591,0.4791944819733673,0.693519786844529,0.4620723577199977,0.5538594861954579,0.44467162515588265,0.5151494247288462,0.5405583625967203,0.531802888710969,0.6077636854531171,0.5228846258266672,0.6939136843262711,0.45297734298089637,0.5005570505775856,0.4763049873558978,0.4375951136770382,0.5540158106397024,0.5263036603878052,0.36006405750041404,0.42417876294886186,0.43462808394216,0.41065117623350483,0.5796935691218041,0.5464046121202113,0.6063525833055089,0.7488683597800455,0.0,0.417449064236883,0.43910740895061956,0.49469443102490845,0.5141019874373407,0.42669662564087235,0.46211135915256935,0.524012512392394,0.4906279877145841,0.5337104629461218,0.5291804091611421
SVN,0.7076196437145634,0.5199740595561987,0.46784405876411733,0.45899166735404134,0.4067990330905475,0.42299724150423207,0.5504877886179955,0.5015570745073125,0.4961944890562592,0.5092454112876083,0.8260684434254272,0.44336435956467224,0.4909417910122987,0.5322527848549287,0.5361204819198271,0.5813217658488021,0.6384575129686618,0.6196986934308052,0.5644787002525019,0.5052538602067476,0.5835103363654542,0.3916087328829443,0.42042384901740987,0.5035423541891523,0.5921984734922718,0.4122788747709871,0.46423446189255574,0.4269038989730029,0.4110987895215281,0.4167832430506203,0.5204439165647115,0.6111938598583239,0.4764318567958371,0.4221591374455449,0.5654263645214685,0.5859467664996424,0.5080312464666399,0.5138816726449423,0.5430701472968189,0.4251989886289678,0.5954908451022143,0.4672541694718922,0.6402276313801013,0.6623852101632066,0.4765559037584773,0.7346947844833938,0.5118315834387986,0.5266552019272569,0.4566001183436757,0.5525667489206891,0.5509052545172547,0.5066760728744206,0.5996788074230831,0.5797322664529169,0.6858923853476087,0.4382894657230144,0.4909402416366767,0.47014948847288296,0.4755473331425356,0.565573046298623,0.5660412952539693,0.3762214124857664,0.4118135976532622,0.518353410787623,0.4790900607553882,0.6139650725142384,0.5489201394856538,0.6034511128378971,0.7645968017743248,0.417449064236883,0.0,0.4319245832480015,0.538476081239012,0.5033779188066712,0.4524113048534265,0.4792688333805314,0.5915720583831362,0.4626971720055133,0.5945143584622874,0.5595706471872901
SWE,0.7005926758578376,0.4677725193049232,0.4482273558476194,0.4393428818513562,0.3759035754102989,0.41108344397956365,0.5586926316185411,0.48573284408200584,0.4802474107004076,0.4960632392953687,0.79090567495013,0.39920297376057023,0.483266251024408,0.4774920425897321,0.517895932905395,0.5582729624716702,0.625864943278749,0.613190223175904,0.5513924879798185,0.502131676053192,0.5894613106813614,0.3879007944588961,0.3933027195067812,0.46682129576460357,0.5839977209621257,0.4133365207576967,0.45210738724975774,0.38075684088348033,0.42207169966511254,0.4286133948301782,0.4938978432277959,0.6153352566645628,0.48016525486545175,0.38248105008466216,0.5522369816888865,0.5665080143994785,0.5015272439437881,0.5259906673319126,0.5158758331065743,0.4049462990805964,0.5716500387834713,0.437509287828363,0.6280465374443782,0.6769541129529718,0.4416950064391115,0.7326242435588453,0.5162868745645064,0.5438559029403088,0.46729647415015196,0.5259175245942187,0.5090949541365504,0.5174254806382766,0.5986464984498483,0.5502825427961736,0.6970593748700805,0.4340114281402675,0.44178268556051037,0.45041705880471977,0.45207321950936125,0.5461389332091104,0.528779808818416,0.3926509333317173,0.42705773669038033,0.5366834357333932,0.44303612421446603,0.5856452396323355,0.5490530726820366,0.5616530869992498,0.7735337975858589,0.43910740895061956,0.4319245832480015,0.0,0.53264794023432,0.5290564900672876,0.4455734709470326,0.4577909486796944,0.5828175385555467,0.43170114166437906,0.5851581784510629,0.5253666942047183
THA,0.6944027427517538,0.45137939690082396,0.5088746714346095,0.5061691800597298,0.4960820531323934,0.5201924477744789,0.6001130703049492,0.5063251762795408,0.42908761442313015,0.4952294736662827,0.7716398292828416,0.4886006038458413,0.585703630978261,0.5753011888644045,0.5039606719981694,0.5981325092139506,0.6060896805848845,0.6257795929862098,0.5429214400084857,0.5294410692638937,0.5987101637648181,0.508660428575935,0.5286858975355481,0.5270308246063659,0.5655147562448248,0.4654552815901356,0.5482477893470884,0.5286576405130126,0.5168511162491669,0.5066072228521591,0.5383058079417276,0.6599580248890006,0.5098536199879433,0.4830805210365381,0.4703333512701508,0.5479828985060087,0.5823842718730897,0.558219165212863,0.5794692863327651,0.5030496897944212,0.5456279268097115,0.48157853095010406,0.6329353360188364,0.7034242648962614,0.482018230866043,0.7053615898163518,0.5385622294680686,0.5913201750655499,0.5765206932296378,0.5316133898048133,0.5580818063356199,0.5926285189599623,0.5934889815975097,0.52041327426735,0.7040001527022713,0.5083949946692052,0.5245527995380638,0.5435232302926744,0.4932892531988727,0.5529397467381467,0.5150791859106174,0.48046064527562354,0.5044604357558541,0.5206436713466088,0.4712569126488989,0.5791864617707332,0.5986356817332222,0.5918894945585582,0.7686777763691988,0.49469443102490845,0.538476081239012,0.53264794023432,0.0,0.5610384858107271,0.4867301805301762,0.4538360203605021,0.5824644940176696,0.5340329924762601,0.5329093650531361,0.5813413637183307
TUN,0.6893992852175638,0.5447549455446618,0.5077294485932413,0.5210281939691745,0.5104642500113645,0.5243961841767186,0.5632975107600902,0.5311177321585615,0.5086442368084263,0.5255725869629333,0.8044163788706893,0.5109948942148972,0.5812036086262247,0.5930821824158882,0.5220603527160256,0.6259609924704456,0.6064795893337965,0.6018969151106435,0.6031959415949648,0.5819188315843523,0.625742874619076,0.4951987505023887,0.5396500174408633,0.5656442659151862,0.577531943665297,0.5058869153027492,0.5373466950430886,0.5143963393760987,0.5447055918137625,0.509052356870109,0.5828248950002751,0.6854376016825381,0.5296448771302901,0.48929628181346096,0.5695418909515141,0.5767928204016886,0.6039607511935531,0.5544199983734599,0.6092925049667304,0.517320707540749,0.6018647280352708,0.5411690915167982,0.6289300816662432,0.6540634290246353,0.5340693516876237,0.7080877996310044,0.5579714245825558,0.6122807346734526,0.5562244223670264,0.5656175532028324,0.5798611629114295,0.5739176813567791,0.5841629836964758,0.5917623207777477,0.7192402973813127,0.5508288726645313,0.5276138872129351,0.5493296781037486,0.49832285702518414,0.5914560674886093,0.5876035715203884,0.5054099144953537,0.5281894028700447,0.5407940263400568,0.5107354951236296,0.621465277842576,0.5767757991797586,0.655306602338366,0.7537948197842939,0.5141019874373407,0.5033779188066712,0.5290564900672876,0.5610384858107271,0.0,0.49354702268968814,0.5512552318451341,0.5645874198236449,0.5359648222543733,0.5963214665240338,0.5791946500241919
TUR,0.6855515020318245,0.46477537186160317,0.4220844879647407,0.4320761670030507,0.4253817754552435,0.44514576322112953,0.5168901621053797,0.47174334006957597,0.4275840610725899,0.4485789864828054,0.7959418393068867,0.44633085380293147,0.5333645358838911,0.521458842547191,0.4763108242159801,0.5701907636550906,0.6016518551092409,0.5704955930112605,0.5351741687883693,0.5075862653901668,0.5821195063642625,0.4133840923302989,0.46974259618373365,0.5243921404509913,0.5103386447908893,0.4073243681794179,0.4910583949454536,0.4668231673856268,0.4667863715619226,0.43101747978691624,0.5240358775457963,0.6539423274928683,0.4995460993168315,0.416715137544664,0.5201117639483162,0.5296675262151551,0.5376853312004201,0.5195727588727254,0.5582792736146212,0.4287224328782225,0.5715740287117312,0.4494435649967262,0.6005924745634205,0.6405530451468191,0.45981435325950376,0.7088406282847316,0.5123343476956752,0.5532700512235988,0.49801997613281873,0.4793695241584559,0.5151641916239902,0.5370704002632716,0.5636700084855089,0.5480426802513796,0.6809382230766469,0.479625179383645,0.5056513172079949,0.4775190113562091,0.439865377484872,0.5326463670018443,0.5298718416480218,0.4167323136095936,0.43722300586681084,0.4952513059868263,0.4401393999429633,0.5675940461137919,0.5681485779819525,0.5917782689928077,0.7535554178300646,0.42669662564087235,0.4524113048534265,0.4455734709470326,0.4867301805301762,0.49354702268968814,0.0,0.4640067028317109,0.554948708416112,0.49432004440465577,0.5439936494928623,0.5396596581873891
TWN,0.6889146106480434,0.41264850571376377,0.4719715576497651,0.4787988186400852,0.4466816608893622,0.4658456266478188,0.5790211152983327,0.5123110118606128,0.4391744003529981,0.45940185789223725,0.784936095841997,0.43346857277429973,0.5386004100876108,0.5259598769256131,0.47919979043438105,0.5782519259780539,0.6358562795673453,0.6213508737245932,0.5463596730397813,0.4951763423087238,0.597674761729504,0.4487523353745314,0.4457639197559129,0.4983693355233576,0.5406923177158451,0.4281270346780803,0.5012559459207673,0.435459631225966,0.4540168030621343,0.4362853287626714,0.5098446217044242,0.6071239170589543,0.5002406828436538,0.4432929613546148,0.5234200794751709,0.5627817201329535,0.5462007534880953,0.5369797600080299,0.5182576462237486,0.44447676325966773,0.5416323563393972,0.42392595760728435,0.6348366382237426,0.6847872564723465,0.3892700666557391,0.7127705116393506,0.5263830370916837,0.5621518613778935,0.5500255948877972,0.5308857171642943,0.5004957915168493,0.5638892482373423,0.6045220899560482,0.5148402462986613,0.695832397964675,0.4333935234340513,0.4723101284057114,0.50223221459095,0.4787576243925628,0.5359121723605544,0.5290997153742631,0.43269477063369094,0.44719786851753673,0.5268593840146213,0.4451291951717194,0.5620262291421348,0.5733205019227539,0.5430640936626439,0.7659483131718506,0.46211135915256935,0.4792688333805314,0.4577909486796944,0.4538360203605021,0.5512552318451341,0.4640067028317109,0.0,0.5732312711743073,0.4587821356443109,0.5527465945160958,0.5334344719341307
UKR,0.7170981761204854,0.5796485123259948,0.5211213145131383,0.5599527571447028,0.5677492685719283,0.5998311914691258,0.5902520635882226,0.5422102266085648,0.5102998151226367,0.5864071277132323,0.81202823649737,0.5690814217375323,0.646731379046942,0.618573065312144,0.5318417475181101,0.6835879367205175,0.6519927672851282,0.6391284044528065,0.6229822531249588,0.5943167099225485,0.663030305765924,0.5350739258006264,0.6067796662067324,0.6218884523166777,0.5761871293920238,0.580163656787333,0.5856428393316941,0.5823897842324705,0.5999531024731332,0.5905697773371308,0.6328746877579251,0.7150795118673036,0.6036419910053092,0.5446615533030038,0.5839692042719651,0.6102713713576221,0.6670778085457056,0.623815757805171,0.6529320851322231,0.5939584799953089,0.5993394612618774,0.5961054855713837,0.604667898590839,0.6320644159336238,0.5919026332851078,0.6743909572396831,0.5551999056465772,0.6815985844582734,0.5859350756030155,0.5956531036482627,0.5996185346650933,0.6787332405300036,0.5689952728838402,0.6071435486041221,0.7188864399898437,0.5994832376366651,0.6095442127577516,0.597323206744157,0.47161738293137223,0.6142407512869866,0.5946909591951706,0.5301868098668413,0.5944473722748943,0.5541342058910951,0.5478696501786929,0.6173475336863432,0.6363112834382593,0.6662648825425612,0.8026608208283539,0.524012512392394,0.5915720583831362,0.5828175385555467,0.5824644940176696,0.5645874198236449,0.554948708416112,0.5732312711743073,0.0,0.6103558516026607,0.5734044091693355,0.6102436075819511
USA,0.7036541601915037,0.4814819487890959,0.4383917678990531,0.4251111222304006,0.41873393141970383,0.44195209640798455,0.5543622963136031,0.5487891870988227,0.5064231758595713,0.4994309635532853,0.8046442560499396,0.3901991668745805,0.5336612971082577,0.4919921929794432,0.5352703426722011,0.588040255929124,0.6229623659072766,0.593016181013995,0.5360123248335287,0.524744398613341,0.610595294156219,0.4478614330896897,0.40704137625546827,0.48146337416750357,0.5776059072149646,0.4583298655694517,0.5031511940525251,0.4548082876888043,0.42036413701930186,0.3938156325254542,0.50108631665588,0.6060914990171894,0.5058260334761667,0.4257656283611872,0.5737150802782964,0.5822275587363372,0.522856094862657,0.5187514149409324,0.48697549626556025,0.4223617837642795,0.5901330251850508,0.4729914120709523,0.6011165979778019,0.706621232216419,0.462142192731596,0.7488363558031546,0.5562223892497518,0.545062922780297,0.5488835293818077,0.5580518481859663,0.48936855517350325,0.5756651697387066,0.6241944105982776,0.5533875203719886,0.6684432046182973,0.400052503009586,0.4474277419638518,0.44445102881808335,0.47925368222789605,0.5232459967155373,0.5651095933563213,0.44717619254256546,0.45630680956745195,0.5439564028554225,0.4497557931749147,0.5606020791283709,0.5551023829022264,0.5796581164208793,0.7712567489034435,0.4906279877145841,0.4626971720055133,0.43170114166437906,0.5340329924762601,0.5359648222543733,0.49432004440465577,0.4587821356443109,0.6103558516026607,0.0,0.5948078460719276,0.5189853233646985
VNM,0.6775178589509661,0.5477138875015833,0.5164657838320067,0.5710253710480824,0.5784070328852491,0.5953193008299564,0.5488761274325535,0.5551046579372956,0.4868396366953137,0.5718099026720288,0.7966318409019701,0.5743329357558933,0.6350248458438018,0.611637949869678,0.5142450109331979,0.6599128336699406,0.6250264065856657,0.6547172498807659,0.5816341014257511,0.5939908391238363,0.6495497012523411,0.536385229563767,0.594491554385336,0.6177472464094437,0.566873427993494,0.56718126468277,0.5792036992365057,0.5672483129952046,0.6027626627513702,0.5616656620258597,0.6185741988150596,0.7120295883440424,0.5609972106953225,0.5464962382148667,0.5700380290543211,0.5938788656668342,0.6286992164772823,0.5997967752725581,0.6573375851607859,0.5831846260872777,0.5925179593807836,0.5533244209004847,0.6249979563613733,0.6789802197025383,0.5580284728652829,0.6700085890339567,0.5833612950674727,0.671129906765178,0.615358262929036,0.5859267369765434,0.5851717763017755,0.6155219943379849,0.5984476101831436,0.5666483203749354,0.7246502809657095,0.5872765327878483,0.5986128452119498,0.5800464242807462,0.4801156169986292,0.6041367398472343,0.5372264067133652,0.5504744683901588,0.5704289105440796,0.5294030662682525,0.5280413178044074,0.5928242607530461,0.6535305777438827,0.6605751303949324,0.8115520798023425,0.5337104629461218,0.5945143584622874,0.5851581784510629,0.5329093650531361,0.5963214665240338,0.5439936494928623,0.5527465945160958,0.5734044091693355,0.5948078460719276,0.0,0.6357662966749176
ZAF,0.7013231320955707,0.543789845863765,0.5238666708189725,0.5056845066338742,0.5285077693837215,0.553001963379408,0.6357303515115909,0.5688693730490666,0.5524675532648922,0.5325960846437746,0.7661184924423591,0.5026921086130968,0.624609457688522,0.5571229102438248,0.5604202376764854,0.6241476306900504,0.6372977488764449,0.671247479826816,0.571214266964336,0.5669889711627956,0.6409433062545461,0.5172425596837301,0.5585438939930109,0.5956003660949017,0.6016997210505163,0.5213215329110753,0.5853031978806328,0.5376649193504043,0.5496396522246945,0.5520346700008745,0.5945480782772807,0.6620914956931617,0.5687693784730528,0.4919881985340612,0.5764706395570135,0.585542613996469,0.6122908214027641,0.6084326299713252,0.6031679477341279,0.540486191540203,0.5788103921046645,0.5316771397161603,0.6402349529877661,0.6989983198874,0.5504765914750854,0.7041598138531855,0.5609460110770013,0.6155919871142083,0.593077453466857,0.5756924492835458,0.5937017047637402,0.6264242900475373,0.6419551428340481,0.5572165947373606,0.7129312342541834,0.5458765502887694,0.562812442715048,0.5415242410314456,0.5515522775442416,0.5792838726963265,0.5518200289321848,0.5189942414514548,0.5356075261819686,0.5897361849993115,0.5303027919957547,0.5956209038286909,0.5816717429495634,0.6509244758578437,0.7677753907023465,0.5291804091611421,0.5595706471872901,0.5253666942047183,0.5813413637183307,0.5791946500241919,0.5396596581873891,0.5334344719341307,0.6102436075819511,0.5189853233646985,0.6357662966749176,0.0
