,AGO,ARE,ARG,AUS,AUT,BEL,BGD,BGR,BLR,BRA,BRN,CAN,CHE,CHL,CHN,CIV,CMR,COD,COL,CRI,CYP,CZE,DEU,DNK,EGY,ESP,EST,FIN,FRA,GBR,GRC,HKG,HRV,HUN,IDN,IND,IRL,ISL,ISR,ITA,JOR,JPN,KAZ,KHM,KOR,LAO,LTU,LUX,LVA,MAR,MEX,MLT,MMR,MYS,NGA,NLD,NOR,NZL,PAK,PER,PHL,POL,PRT,ROU,RUS,SAU,SEN,SGP,STP,SVK,SVN,SWE,THA,TUN,TUR,TWN,UKR,USA,VNM,ZAF
AGO,0.0,0.5776429015154505,0.6011293245560887,0.6192613791673748,0.6232231442162676,0.6365116920852113,0.6705873413078335,0.6450862547304901,0.597878850615204,0.6011920938095141,0.7765787712193029,0.6177315960221271,0.6583590849976039,0.6367196534638803,0.6463005265924932,0.664104560965696,0.6769412652169252,0.750917942018123,0.6532777103683125,0.660906850067845,0.6855617842592002,0.6299258422715196,0.6527137486449148,0.6369479930274974,0.6638445734804996,0.6460179801613114,0.6338640994785053,0.6557543124718253,0.6347506168657373,0.6044958393679604,0.6453368359109254,0.7284484212022684,0.6144371860772415,0.6136654498434836,0.6339427499953056,0.6611878358966992,0.7063587460756744,0.6647404277166704,0.6668226217361584,0.6259070071945799,0.6586171051674902,0.6606625413199835,0.6537428216420385,0.7618161173835413,0.6522699320369977,0.6910643275646217,0.6497732703063696,0.6973334062376264,0.6964819209054682,0.6512662721590325,0.643234883624847,0.7169912279855256,0.702383293105298,0.6560837123444976,0.7697084109359237,0.5967469958606725,0.6044990002514087,0.6062030732869336,0.6158794251987402,0.6534717611762902,0.5978479100571676,0.6141526685467075,0.6248211760646089,0.6358073798549905,0.5709742906703889,0.6299265704920378,0.6912950239793445,0.6689419545304732,0.8096773490852041,0.6291177359613528,0.6655448076651972,0.6481210189465934,0.6291513605224758,0.652158956683494,0.6286430095633243,0.6240720559818713,0.6743781966152067,0.6248223033210901,0.6641435590782523,0.6490376656283822
ARE,0.5776429015154505,0.0,0.5062382060299653,0.4530984156513351,0.43628489811414234,0.4386110128446683,0.5878999517414608,0.46447020806816924,0.41473645811358517,0.47690661503594983,0.7154340204607044,0.4392910591297052,0.541689427750208,0.5195888964530953,0.5027256452785356,0.5681753834134192,0.6163987490024331,0.670195146370295,0.5527656031967938,0.5453476426534322,0.5620016775463504,0.43456380889272067,0.45652626493409676,0.509654368976245,0.53800707657626,0.4272383794872205,0.5209249793865472,0.44622767144710634,0.44221039298967274,0.4550992476564016,0.49582641344819217,0.6234792788470472,0.47470094202712615,0.4332230364436658,0.4736484608490749,0.5211863284359269,0.5461561181546392,0.5540660219444509,0.5334304375453928,0.4384166013751012,0.5267017681181692,0.462316344289376,0.5880467565516884,0.6794714738806376,0.4775934850482572,0.6806004312332513,0.5337836639526224,0.5753185701997211,0.5516875408286662,0.49395609776178756,0.5401144479787405,0.6224622598051677,0.6165060240121158,0.5252247325285083,0.7519908150456152,0.4536349467750968,0.47339646303887656,0.4635215259856838,0.5229037383798192,0.511711573856656,0.49876206712533677,0.44090981294612963,0.4332941209102447,0.5103165213949293,0.44518996337483485,0.5304031070686067,0.6044797785778765,0.5140417312449426,0.7886372647327754,0.4668950655307366,0.49964381477370323,0.4515200120781612,0.44584626517348286,0.5675216767825152,0.4385127918486478,0.4109606366042253,0.5779305857036549,0.47064663472836427,0.5701332110798538,0.5337876759426352
ARG,0.6011293245560887,0.5062382060299653,0.0,0.4363939027852401,0.4839991307494646,0.472528333745986,0.5153065727465829,0.5052349927922886,0.45706874451095897,0.46450071313268587,0.8053577144424463,0.4585842600576125,0.56030228271376,0.47980761536187233,0.5024033804776714,0.5972657763572736,0.6016950755069002,0.5868006910513058,0.5190870463087158,0.555951718571484,0.601091359116513,0.4634936001469491,0.5053429640540793,0.5175738357928217,0.49298902031691477,0.4704039967999429,0.5087281193841814,0.4968522782732932,0.5050845253326479,0.4543453790931118,0.5302629573008502,0.7070015255458827,0.5102917451636027,0.44487365508546284,0.5723965307074322,0.528145554025225,0.5930120318638553,0.5644783604418733,0.5445653783552916,0.4755288471395576,0.5423016723752494,0.4873163617714751,0.5373111712747523,0.6370342839951524,0.5008201313646184,0.7025092988737401,0.5298877799874361,0.5907877516948649,0.5306218830834991,0.513164858029128,0.48433930752822196,0.661674322353514,0.5625605383229211,0.6007250766871925,0.7158838932002067,0.47983545062297367,0.5069268426485235,0.47658734426006033,0.4278253163281806,0.4807147649923521,0.5308877468322489,0.48595199336281286,0.47154807466047216,0.4861910588679946,0.489389972745348,0.5091340568149512,0.5583632770685563,0.610324293246713,0.7802351529236902,0.459429620448833,0.5146258379592091,0.48510061119705844,0.5336431685327636,0.5346739551911028,0.44216236751859683,0.49669192275174817,0.5236700493579356,0.46280979547621776,0.5542340845084146,0.5437455066373562
AUS,0.6192613791673748,0.4530984156513351,0.4363939027852401,0.0,0.4306581552892701,0.45960879640050817,0.5253699051420687,0.5148744380336124,0.45129088384352106,0.47646715013774965,0.7766583870379608,0.42885643039577775,0.5252105177348544,0.494866759675429,0.5476188684237895,0.575257020733057,0.5770846242991664,0.6014815767931067,0.5084227889033797,0.516032051136332,0.5424394716914595,0.4448932621923332,0.4705433189816498,0.5065378298257044,0.5482799546453798,0.42481118553145225,0.4985786794797656,0.4689967279469452,0.439348102640058,0.4060389930350817,0.5153057382747965,0.6202798585367618,0.512490054832713,0.43109399953476996,0.5259735593273975,0.5412202716943918,0.527134151291517,0.5028579231485881,0.547306564802009,0.4416704086403696,0.5560340455403685,0.46666225984149734,0.5215851373711087,0.6556732692528542,0.5291180146596512,0.7011453468927105,0.5169378498521886,0.5324381526599924,0.5007452827355204,0.5161722588548047,0.5325105475841467,0.6372201879596423,0.5686920058108798,0.5349966094452498,0.6710134201776541,0.43799861913617066,0.463637990820664,0.42483468537086916,0.44037630245685305,0.46157233300059247,0.5076527712335873,0.4369620575283832,0.43817474146277674,0.487997371369243,0.4575205069407199,0.501616220697038,0.5543461553735861,0.5960458857886076,0.7445583116611785,0.4509634297060264,0.46508038073876456,0.4463261420958616,0.5109160633403421,0.5416877922722936,0.43264503869203474,0.4761071515922362,0.5537315802187854,0.4276210205777434,0.6018834374304775,0.49652849279105477
AUT,0.6232231442162676,0.43628489811414234,0.4839991307494646,0.4306581552892701,0.0,0.39396045867316154,0.5392152100973415,0.5073384071132269,0.45690348288784427,0.4656463299638759,0.7938169885304242,0.4157189999650566,0.4611997710774708,0.4793988583860896,0.5461878418274413,0.5584975564491439,0.6138582414495192,0.6476765966949303,0.5297080724376276,0.5050948263118459,0.5522864252057732,0.39334365017518036,0.39042016440617944,0.4615074906439116,0.5753488203102899,0.3801067054156001,0.4937543710955353,0.4148646225444925,0.3805130031101205,0.3675728526160041,0.46057546440879626,0.5732612388996171,0.5026637747191284,0.3810209067671468,0.5482624792847284,0.5517315713234429,0.4993237168121926,0.49633934933980867,0.4906717541634066,0.3784806641408136,0.5721490367883382,0.43885962887295304,0.584278688594639,0.6797291271876128,0.4621849464543345,0.7174336474509493,0.495905500575325,0.5063903070761696,0.4768051125293102,0.5106886423638178,0.5279583465432244,0.624369812226159,0.6340337684293164,0.5425158068774076,0.7088190358716046,0.39766394521688486,0.4370142448432565,0.430910766123141,0.46792575150252536,0.5550967420201218,0.5253085794675254,0.37704809730261535,0.3769400825174092,0.5059443296490879,0.4313782258973782,0.5287660337184962,0.542562988759852,0.5606243713983141,0.7380707589299101,0.393831177250415,0.4113028071362821,0.3856424345428036,0.5084411164373067,0.5378224000715296,0.41324283868369893,0.4512742048261432,0.5683434637866718,0.4128632287562082,0.6171858615033028,0.5212556702282313
BEL,0.6365116920852113,0.4386110128446683,0.472528333745986,0.45960879640050817,0.39396045867316154,0.0,0.5699137509679171,0.5163951589785721,0.4799157599190699,0.47391256842517593,0.800057057605312,0.437745657516098,0.4526222831026815,0.5041804796205378,0.5671370719711499,0.5547206241448138,0.6231181572373116,0.6695015294003412,0.5346728738722843,0.49183973673081294,0.5282389580094253,0.4352588369939007,0.3772222828826091,0.45394601122752876,0.5589554630933241,0.38806330475315404,0.4696163789951095,0.4257144768067247,0.38416625426058026,0.38192033324064567,0.47690079557382553,0.5805055801953777,0.49053963649290455,0.4104080998383698,0.5516507042597568,0.559576080369207,0.5162409215743977,0.4984083106196166,0.46380378415096,0.3826956615555437,0.5786607655429467,0.4586618009899865,0.6002426833228899,0.6556048392541756,0.4664544967046854,0.7371002543165139,0.5168981938604242,0.4950994082099975,0.4699479619649894,0.5107156206794845,0.5319781046761848,0.5980927188886727,0.6529563199745236,0.5695019639512445,0.7265468288564088,0.3652125382415624,0.47280970325923966,0.46634378222600803,0.5111274493966665,0.5339782424763149,0.5534455510802584,0.42984034174439795,0.36416645742798587,0.5406125977009367,0.460832683801689,0.5257415814524169,0.5485869212799632,0.492986351051364,0.7546074881139446,0.43399647449903267,0.4150859139720733,0.41695351891269183,0.5156982024205389,0.5483057844647795,0.43474806412121786,0.45289653874848873,0.6055973827723619,0.4484629999843176,0.6214752311782552,0.5572541966288028
BGD,0.6705873413078335,0.5878999517414608,0.5153065727465829,0.5253699051420687,0.5392152100973415,0.5699137509679171,0.0,0.550979635373565,0.5208445194771715,0.5804592254862811,0.8088725399651268,0.5619260434760852,0.6264715457001971,0.5877033962450057,0.5982583287974333,0.6574654694945161,0.6317143064503549,0.5693589529317341,0.5991825485729436,0.5899335865066189,0.6113909368459788,0.5438897239140369,0.5765525784094429,0.5737229670778567,0.5795289767677635,0.5573666145203495,0.5776217352671301,0.5709840927834859,0.5747412506096972,0.5333725911060097,0.57863061536538,0.6747536734706251,0.5878681583457624,0.5348472825457148,0.6468061557041618,0.6053968810652997,0.62191530178342,0.5539834970262512,0.6290962954578008,0.5520866217464122,0.6169572381628213,0.5674827542466353,0.5750837344457724,0.6063647851535514,0.5825468362742835,0.7239242108761066,0.5958375961722756,0.6205635891466832,0.5544351296071555,0.585800940982128,0.5987237871137858,0.7002764214429935,0.548713936275196,0.6346236685753122,0.7078824584713486,0.560625810437234,0.5204096463633245,0.54724391897609,0.44018816934835947,0.5968876792910607,0.5849963179207099,0.5593100677355675,0.5518673981900194,0.5746612326411685,0.5497603963249219,0.594154325231952,0.6169333343837958,0.6712912731614921,0.7654395433165668,0.5455739872516308,0.5590381706207767,0.5647025787471598,0.6035145984616689,0.5618582911381632,0.5146681858116395,0.5832948298360575,0.6001824411634399,0.5578303105195513,0.599091141547106,0.6447090263502063
BGR,0.6450862547304901,0.46447020806816924,0.5052349927922886,0.5148744380336124,0.5073384071132269,0.5163951589785721,0.550979635373565,0.0,0.4400145608096646,0.5179084542960922,0.7692204206126988,0.527657847864478,0.593939961174238,0.5817900521461362,0.5516278200511765,0.6111848475704715,0.6216607520267997,0.6414873094081216,0.5902100591378182,0.5703061750305796,0.582670066450788,0.48031755241531365,0.5228155652890077,0.5643623445017973,0.5518059324857006,0.4796795891857023,0.5572618385278683,0.5228149649778819,0.5196089269838233,0.5371431759309385,0.516183658833008,0.7020144494611489,0.5199789967354049,0.441154823844943,0.5547367967393987,0.5331180268112318,0.6098520932547272,0.5583889375559432,0.6019865785683809,0.5147691731437545,0.5511055309551993,0.5210686603916524,0.5802931657531224,0.6388867887972298,0.5360545481376673,0.6760882572358541,0.5247008354876278,0.6301658080539999,0.538521487276334,0.5179549361174282,0.5841044229812016,0.6571137019105664,0.5815794949504339,0.5944894741156325,0.7627450522182658,0.547759847709199,0.5629962969318307,0.5464765017109379,0.4458815224156152,0.5656759497793417,0.5366662925301623,0.4907742148712642,0.5095673671264825,0.5167882561681891,0.5287172931728069,0.5914723309911972,0.6086693507474834,0.6199057111997036,0.7795636750006023,0.4496812696965501,0.5288594849695768,0.5131632915251915,0.525581956247041,0.567714830936929,0.4679482470647692,0.531801261748573,0.5411971883065508,0.5657575125024858,0.5979529258274375,0.5894397664382363
BLR,0.597878850615204,0.41473645811358517,0.45706874451095897,0.45129088384352106,0.45690348288784427,0.4799157599190699,0.5208445194771715,0.4400145608096646,0.0,0.45966892400645437,0.7731504485322187,0.4643134621165109,0.5697204476779109,0.5411095832210303,0.4332219976578315,0.5886368666959108,0.6036435366368476,0.6296943412240669,0.5307910642936045,0.5235423580974433,0.5466102258393091,0.4205524676094859,0.4904263471841734,0.5148718054454379,0.4951098108055055,0.4295110453390229,0.49746633401524837,0.4670076655870225,0.4740672770120791,0.46159391180154746,0.4837084938834675,0.6693712332748261,0.46882235873823436,0.39785345603839745,0.49476738958637473,0.5013067973389657,0.5653169504061082,0.5131924469423171,0.5821321094212721,0.45548634243223235,0.4855541566051743,0.4541180598299333,0.5929571207354671,0.6782828669621932,0.45419840293775116,0.6853922455398994,0.4957587994588877,0.5947859801638868,0.5222585201661855,0.4801358596757394,0.5247709947787482,0.6091090894305381,0.532799303122482,0.5499265608678626,0.7080321562206896,0.4728731739118536,0.479602594522563,0.47886167383300077,0.3521571069903719,0.5330487785971416,0.461329841511032,0.43151187991424494,0.4704973405650942,0.43574701559146733,0.4540228224893156,0.5699238711017467,0.5701329989131849,0.5718079988376463,0.774332425315037,0.4231873365135377,0.4941161313268391,0.4766250710875022,0.4329356424803514,0.5114080194619706,0.41102841100823123,0.4166817679851476,0.5014601005315671,0.49559944828086877,0.5206792027065315,0.5529541941382736
BRA,0.6011920938095141,0.47690661503594983,0.46450071313268587,0.47646715013774965,0.4656463299638759,0.47391256842517593,0.5804592254862811,0.5179084542960922,0.45966892400645437,0.0,0.7887798325440117,0.48103996506215585,0.5513735729220498,0.5064947780552311,0.514736450685563,0.5644089520272693,0.6108848713685021,0.6704696172505459,0.5356556560184687,0.5375525093642258,0.5843363403015401,0.4896374501901577,0.4911990592303662,0.5294484387101097,0.5506462791233804,0.44592967516818255,0.5493125133323985,0.4929016588812809,0.4797122369337699,0.46018966909978326,0.5191669407102671,0.6713778728390181,0.5251248235841377,0.45925631718408166,0.534876102543148,0.5366020190667299,0.5847086856363702,0.5612482163862216,0.5471097157162644,0.4647008238471478,0.5586291187424394,0.4880560448960609,0.586976357089572,0.6865608175552704,0.49834202701395003,0.7123796635293644,0.5315455696268387,0.5846803923345598,0.5581681130613882,0.5002042580425218,0.5340523799566741,0.6457881872272568,0.6213131550532333,0.557508197366511,0.7144025299564732,0.4836001549818273,0.5301144537004069,0.5060599144116024,0.4907972494721743,0.5517626566262712,0.5259302207448768,0.4648502309858045,0.47789853358104395,0.5238945090030421,0.5029083883667834,0.5407856805324033,0.5784385811883271,0.5853705403476095,0.7714674329915183,0.4680857482963643,0.49892165176137115,0.4964235652787142,0.5066032658240641,0.5376621756283336,0.441671958302242,0.45854897032096037,0.5867403935915078,0.4912082035951236,0.614467931955286,0.5337227784979975
BRN,0.7765787712193029,0.7154340204607044,0.8053577144424463,0.7766583870379608,0.7938169885304242,0.800057057605312,0.8088725399651268,0.7692204206126988,0.7731504485322187,0.7887798325440117,0.0,0.7791301152743875,0.8194593621214034,0.7601937068043884,0.7989639340036049,0.791899900728381,0.782663332636675,0.7987077187708114,0.7882649130907545,0.7922323929766703,0.8037608972097816,0.7906538554504461,0.8044264883450329,0.7962886148877304,0.797468574683757,0.7971274535662032,0.8092642198684368,0.7943435262397949,0.8000151005766339,0.8028711677773144,0.7728520751826451,0.8335891436963514,0.7608174593225925,0.7821428064846642,0.7663403140562873,0.7973182069700798,0.8344280939797614,0.8316347557364362,0.8039162055900019,0.796786847785661,0.7833957685359296,0.7939217616191281,0.7818122147649886,0.8233712631265475,0.8123535868195848,0.7660984722862113,0.7993922896496444,0.8332408029128027,0.806965616552093,0.7803470119996739,0.8056851857149754,0.8849258405864012,0.7994565737845686,0.7846724298142173,0.8699815798414329,0.8073130603757487,0.7782516091014903,0.7719323940637423,0.8036079989237724,0.7725468279042608,0.7701539575804147,0.7906878569359023,0.7803905052812553,0.8015999814337487,0.7856604338992292,0.7988235450753358,0.8091731879381321,0.7930015078766683,0.8693753025074976,0.7996474732426261,0.8216323636411653,0.7838029767541408,0.7813560102885302,0.8105002323048466,0.7853672732023795,0.7839662852428863,0.8113673129889584,0.8032051593323208,0.8197149343260034,0.7663445325235391
CAN,0.6177315960221271,0.4392910591297052,0.4585842600576125,0.42885643039577775,0.4157189999650566,0.437745657516098,0.5619260434760852,0.527657847864478,0.4643134621165109,0.48103996506215585,0.7791301152743875,0.0,0.521719582647248,0.4847955695056877,0.5292573975102327,0.5425249382578696,0.6072735036464034,0.6423799379473767,0.543867716979602,0.5045762315886758,0.5891926978533696,0.42662912178072426,0.4400001864982062,0.5015195202184384,0.5702926415500406,0.43675324081541667,0.5007159692574983,0.4179217668816465,0.42837737958409683,0.41647289447830516,0.5005725411766496,0.6232500141392154,0.5047682982436034,0.406971469942864,0.553298608707315,0.5527504633412149,0.5570869431202935,0.5301212112838654,0.5195351094922369,0.43596280338511145,0.5659245950405993,0.42857331857265235,0.5770376473812316,0.6719712450107734,0.47098111997922254,0.7173374318986008,0.5271162848605956,0.5526867592516862,0.5170642528484145,0.516721226501106,0.5021251554262105,0.6353667252022328,0.6171100201035391,0.5509681610828511,0.6990232401958978,0.41798929041834476,0.4704158094941291,0.46008625053100144,0.48202338959422747,0.52752624454968,0.5282033815369787,0.4306871774022909,0.4388159558153137,0.5231819891349763,0.45514785279755804,0.5558016227200375,0.5464054652503102,0.5801599671624177,0.7504131759748791,0.45806888902410414,0.453884839439187,0.4016033762489325,0.5110987211367123,0.5346379519742848,0.42500301462061435,0.44379881138416116,0.5854621226589417,0.3987337001184499,0.6093912406020869,0.5067264336099351
CHE,0.6583590849976039,0.541689427750208,0.56030228271376,0.5252105177348544,0.4611997710774708,0.4526222831026815,0.6264715457001971,0.593939961174238,0.5697204476779109,0.5513735729220498,0.8194593621214034,0.521719582647248,0.0,0.5485735133823697,0.6041679329265969,0.6022426106613077,0.6474928064209616,0.7204040668264817,0.5973311065121675,0.5198437340271268,0.5691978786978612,0.5245138108895455,0.4836388974606682,0.5111637799225609,0.6401049112951468,0.4881093540590723,0.5429526451076145,0.5019603424172184,0.475783270428024,0.47078881558833924,0.5335021440218698,0.6102232928199649,0.5402896973380441,0.508321133183191,0.5999546920453986,0.6401439255970868,0.5603813792118307,0.5434562449887704,0.5391886124003885,0.49026319806794405,0.6612577516372599,0.5333612559293518,0.6193419243162748,0.7020183795507907,0.5658345065615659,0.7338319718614719,0.5673006668714452,0.5508971409504279,0.5404852178440644,0.5864705955910927,0.5879170667153495,0.6077238835090008,0.6843437344483478,0.592734424263921,0.7302429277578265,0.47502019700289805,0.5326463036812116,0.5215975749056677,0.5578645384031755,0.6087830197839221,0.5873369157410309,0.4843127007441348,0.44355212059624366,0.5951474976060296,0.5285108805034483,0.5826133643494099,0.582605242653412,0.5395542520369468,0.783360288341077,0.5093367822927439,0.484389916479883,0.48651921230322764,0.5838014163423721,0.5868006793411674,0.5241979055664152,0.531388081721131,0.6390640675724544,0.5271823222688821,0.662879632315168,0.6180106673218382
CHL,0.6367196534638803,0.5195888964530953,0.47980761536187233,0.494866759675429,0.4793988583860896,0.5041804796205378,0.5877033962450057,0.5817900521461362,0.5411095832210303,0.5064947780552311,0.7601937068043884,0.4847955695056877,0.5485735133823697,0.0,0.575560991100876,0.5803469642819925,0.6384458048090135,0.6750492052222273,0.5381519001872505,0.5650579975420484,0.6262592114228729,0.5265868949072834,0.4938355647808419,0.5513801423495248,0.5985846758741142,0.5165778601540435,0.5627752215312403,0.5086267316105341,0.4982033100717395,0.499481003793644,0.517707016206008,0.6610394614373752,0.5412646202806838,0.5036473430480474,0.6028085214377815,0.6273541514426542,0.5834854637732705,0.5806645466948522,0.5234151734233797,0.5050716463296793,0.6185777491634049,0.5234227385555851,0.6027642224968293,0.6988595476070911,0.5285324834778162,0.6899569581133609,0.5864943248273519,0.6098160747715228,0.5628802976415902,0.541397816765806,0.5483516674198661,0.6751546775416538,0.625789928464755,0.6166583259924452,0.7327517048719907,0.4928791519587632,0.5278140833898438,0.45963389695430673,0.5137853322102949,0.5136575599690385,0.5583828340536137,0.4966955272032045,0.483457292177412,0.5570281864213308,0.5124978181587607,0.5956624060205982,0.5696281164592958,0.5926448202435634,0.7899618675858541,0.5260736895411189,0.5392566467998572,0.4707009708324781,0.5766010047209548,0.6016937649709608,0.5095366359854315,0.5186201177271815,0.6147800210459069,0.48925551730543076,0.634599737807426,0.5529276938443141
CHN,0.6463005265924932,0.5027256452785356,0.5024033804776714,0.5476188684237895,0.5461878418274413,0.5671370719711499,0.5982583287974333,0.5516278200511765,0.4332219976578315,0.514736450685563,0.7989639340036049,0.5292573975102327,0.6041679329265969,0.575560991100876,0.0,0.647848400213838,0.6515727987390455,0.6970241661758664,0.5725580340358247,0.6103949734583236,0.649353195295184,0.49838213034104817,0.5403626752181763,0.5903848588905879,0.583189997929196,0.5181039194368969,0.5943320171288777,0.5231562306930979,0.5713714581246586,0.5413472011464073,0.591049784469705,0.7500401642690118,0.5572912318434515,0.49118882210322884,0.5513865060078758,0.5588505181292683,0.6434772555515539,0.6241142504484853,0.6365478280366824,0.5189220941685578,0.5779052988421173,0.5057777546872378,0.6579694955365032,0.6931131148886948,0.5028093990900684,0.7246329011521752,0.6026398329016421,0.6626406595994937,0.6235757322516572,0.5454614877114559,0.5405212851107098,0.6586115409309505,0.589292681778129,0.619064407786557,0.7390684654483752,0.5704696929604909,0.5749374129473448,0.5750537161296284,0.5024251912632135,0.6074256952763061,0.5282956122015069,0.513143704410664,0.5649728390128053,0.5025571040351068,0.5547356268777436,0.6112914024783203,0.6373119880003989,0.6294656317239152,0.8231062306157931,0.5313403999175829,0.5549702279859166,0.5445632702067521,0.5328653040440439,0.5373940343218273,0.48518895587673705,0.49495163658939284,0.5548923767972342,0.5527928512026868,0.5578927903479063,0.5898611093776841
CIV,0.664104560965696,0.5681753834134192,0.5972657763572736,0.575257020733057,0.5584975564491439,0.5547206241448138,0.6574654694945161,0.6111848475704715,0.5886368666959108,0.5644089520272693,0.791899900728381,0.5425249382578696,0.6022426106613077,0.5803469642819925,0.647848400213838,0.0,0.6331904397612866,0.7637847663978666,0.6004443016654376,0.5818758726536377,0.6514288019552097,0.5872516027610172,0.5695396176484956,0.6027820571683079,0.6699084542285503,0.5636377810954823,0.5947893764626476,0.5806017479405703,0.5487787785357375,0.5629356582006546,0.5887970590557189,0.6935076148828979,0.600829920886488,0.5579546487983075,0.6169612649171273,0.6052805378090413,0.6469845550985662,0.630650037732926,0.6172326518557658,0.5629828865879912,0.646899507283478,0.552616706121802,0.6569885413700516,0.7220757467910539,0.6018845208103007,0.7048805524200364,0.6053555328033121,0.6370051210788503,0.6165722366477668,0.5945604073102468,0.6201537681310632,0.6702231661703062,0.691756024972534,0.6482838165773273,0.7615087030733498,0.5794805093025126,0.6069375714535258,0.5716348288023496,0.6008206471837145,0.598489822013672,0.5959171553044831,0.5596477850616306,0.5711943181061936,0.6230544328072152,0.5897011745612712,0.6422540026439063,0.5991698249983589,0.6404601998918809,0.8110367763604307,0.582780967835914,0.5874571447172334,0.5582701265826876,0.6169577377739397,0.6450718084400804,0.5530764659817214,0.5802839158659189,0.6811694172677015,0.5865258474398278,0.6864573985354915,0.6231151480072794
CMR,0.6769412652169252,0.6163987490024331,0.6016950755069002,0.5770846242991664,0.6138582414495192,0.6231181572373116,0.6317143064503549,0.6216607520267997,0.6036435366368476,0.6108848713685021,0.782663332636675,0.6072735036464034,0.6474928064209616,0.6384458048090135,0.6515727987390455,0.6331904397612866,0.0,0.6771580114417379,0.5999526762897572,0.6034444731048437,0.6676595919318411,0.6049258305914933,0.6400937224799318,0.6212244532504024,0.6628792403220554,0.6099182736281509,0.6281782744950364,0.62771805444566,0.6231557527043179,0.5932476241662897,0.6420739088387721,0.7065544874868099,0.6411381594828734,0.6005999420808447,0.5986104889019566,0.619505327855917,0.6826534253673806,0.6618170393721827,0.6607231273635482,0.6145472850097445,0.6547132011858826,0.6122505377706932,0.6266818006124422,0.7139468681188429,0.6760003396744494,0.7230021835438427,0.6247487087090523,0.6677090541426511,0.6389658315263951,0.6501827133122524,0.64122662732623,0.7256804541908325,0.6696301554156319,0.6288378526472036,0.695468055700868,0.6216707773086957,0.6185671206984604,0.615011213334001,0.6114716546618826,0.6316611907616964,0.597357919480329,0.592674095977652,0.6142961923669438,0.6142712991780244,0.6125709271799573,0.6001244613966262,0.6061233477172676,0.6959315755364287,0.7988094316343217,0.6109571974865892,0.6333898448477361,0.6228366226619442,0.6134332306582644,0.6124260539500949,0.5897875909319712,0.6291834026735209,0.6530256112734097,0.623881131522287,0.6510765737493884,0.6408028409946576
COD,0.750917942018123,0.670195146370295,0.5868006910513058,0.6014815767931067,0.6476765966949303,0.6695015294003412,0.5693589529317341,0.6414873094081216,0.6296943412240669,0.6704696172505459,0.7987077187708114,0.6423799379473767,0.7204040668264817,0.6750492052222273,0.6970241661758664,0.7637847663978666,0.6771580114417379,0.0,0.6595098918802862,0.6983412883963517,0.7045237308205212,0.6410385415787431,0.668559804233617,0.665951005278375,0.6286281006049956,0.6361757139279323,0.6726358216674051,0.6312273314607372,0.6786829799757463,0.6340664437868323,0.6857005872037631,0.719177509956371,0.6769342489123286,0.624136796271,0.7027985737621125,0.7014263249467526,0.6487203539355614,0.6265216460040858,0.6936923098334933,0.6588642958080078,0.6572525413470308,0.6605911800788274,0.5956689879215634,0.6882755957574064,0.6887371888293268,0.7481887986734935,0.6548194600498365,0.6930187721656335,0.6278369397285114,0.6774382743533989,0.6565965524834326,0.7820716164088926,0.6736227358959478,0.6736363180988012,0.7659775208116544,0.652223903661261,0.6130334302316114,0.6707289718459308,0.6073047950088055,0.6268988832765173,0.6946628531738498,0.6718242254871615,0.6371732436332574,0.6162048253739294,0.6589213102562449,0.5934796983695579,0.6850300895632223,0.7633021753769715,0.7838894906175907,0.6301188600795067,0.679264157708572,0.6678572097615474,0.6653764094554051,0.6399472232832759,0.6247800703625503,0.6545324979838937,0.6491622955607845,0.6374167455861959,0.6876122228244,0.6834963846783617
COL,0.6532777103683125,0.5527656031967938,0.5190870463087158,0.5084227889033797,0.5297080724376276,0.5346728738722843,0.5991825485729436,0.5902100591378182,0.5307910642936045,0.5356556560184687,0.7882649130907545,0.543867716979602,0.5973311065121675,0.5381519001872505,0.5725580340358247,0.6004443016654376,0.5999526762897572,0.6595098918802862,0.0,0.5851908082335829,0.6317767397568728,0.5339231126231152,0.5487368180925253,0.554182147948648,0.6238767607869924,0.5245890877759192,0.5868939714282616,0.5560631509698832,0.5420285795234363,0.5230583340299263,0.587966063239159,0.6812653672850888,0.580977515762581,0.5088404243406522,0.5758678532207177,0.6042203813037839,0.5988828581284947,0.6017071168956252,0.6138771406244657,0.5297381748800035,0.6119742453954821,0.527666396898116,0.6174714461335655,0.7263107661886473,0.5784989144655994,0.6932399957658884,0.5735182291501599,0.6176354077920467,0.6047422272159368,0.5748882332213948,0.5840521367569559,0.6863899480629087,0.6418035478275919,0.6201244805967836,0.7030333426933774,0.5437585943790684,0.567955768817469,0.5181377854002461,0.5404053791070408,0.5565024376621501,0.5493350242871792,0.5338973905510654,0.5120903360043435,0.5543245997020725,0.5659555456286692,0.5806609820920415,0.5877202759263325,0.6426376891407924,0.7806782505320933,0.5449906042673646,0.5580132898700251,0.5547967584806583,0.5435475302317972,0.6131363214088263,0.5208590955490802,0.5476411173614779,0.6290848480515424,0.5409063938857385,0.6152523965370889,0.5691460612800431
CRI,0.660906850067845,0.5453476426534322,0.555951718571484,0.516032051136332,0.5050948263118459,0.49183973673081294,0.5899335865066189,0.5703061750305796,0.5235423580974433,0.5375525093642258,0.7922323929766703,0.5045762315886758,0.5198437340271268,0.5650579975420484,0.6103949734583236,0.5818758726536377,0.6034444731048437,0.6983412883963517,0.5851908082335829,0.0,0.5407493446338848,0.5101253393981933,0.5244398130449441,0.5149875987207064,0.6095324576562529,0.5138359335998421,0.5320494938116942,0.5246838189694129,0.5060264037553267,0.4883823525582696,0.5231372845171072,0.5838878151996592,0.5494973049353616,0.4960402676350884,0.5660058579239386,0.6229354234756581,0.5924720933644935,0.541350881674148,0.5519065468257072,0.5163571345894026,0.61114813731648,0.5261328548931797,0.5634514483956784,0.6635702100968457,0.5697808683608406,0.6829644245600422,0.5332065635427934,0.5562866333376024,0.5433473675697601,0.5836906016706008,0.5529391251035222,0.6463431322523481,0.6413338060433702,0.5689557509565603,0.6771067705145314,0.4930314805582303,0.5317763250622429,0.533866538215875,0.5277019102820473,0.5865674530788104,0.5470114689826404,0.4778252402043987,0.5049151833449447,0.5781656024066273,0.5396306810666948,0.5564726065153821,0.5388457706873263,0.5807747536654678,0.7522842007433448,0.51663255218616,0.5144025068650744,0.5165208263169132,0.5570557350493659,0.6066597102379261,0.49657157316974965,0.5009604643608798,0.6038381277498531,0.5321974513831713,0.6521938605988227,0.581712871845804
CYP,0.6855617842592002,0.5620016775463504,0.601091359116513,0.5424394716914595,0.5522864252057732,0.5282389580094253,0.6113909368459788,0.582670066450788,0.5466102258393091,0.5843363403015401,0.8037608972097816,0.5891926978533696,0.5691978786978612,0.6262592114228729,0.649353195295184,0.6514288019552097,0.6676595919318411,0.7045237308205212,0.6317767397568728,0.5407493446338848,0.0,0.5549307768048597,0.57861996968624,0.512088938491885,0.5912610098940981,0.5564260084358582,0.5307119300219378,0.578495368100938,0.5496572392869202,0.5515335739584517,0.536497435548128,0.6159993321057404,0.5754988220047864,0.5501516260597102,0.5833378142329324,0.655730711143581,0.6188994533964477,0.5450019986129425,0.6216312549901919,0.5432359363238212,0.6139870084195647,0.5892406368652533,0.6258866723546345,0.6949882886889489,0.5959491681112953,0.72261068926039,0.5941816612308726,0.5646284781398724,0.5507890785774594,0.6066797144845631,0.6558973388452304,0.6482801287199874,0.6723452151833709,0.5981758559075127,0.7495804002526559,0.5474849218105314,0.5369521421080038,0.5647421386199748,0.5628127400014367,0.6215031291681448,0.5944632550838486,0.5479489242176407,0.5291278162609367,0.6245501910055083,0.5714416166219457,0.5915789796302279,0.6411008658754083,0.5925719828325916,0.7586612734338755,0.5739574624340228,0.5672597043715942,0.5632218958949567,0.5955290918766107,0.6308051755156636,0.55598918454839,0.5739448086910224,0.6458401828038478,0.5858527010864094,0.6787483717697487,0.6306686999927448
CZE,0.6299258422715196,0.43456380889272067,0.4634936001469491,0.4448932621923332,0.39334365017518036,0.4352588369939007,0.5438897239140369,0.48031755241531365,0.4205524676094859,0.4896374501901577,0.7906538554504461,0.42662912178072426,0.5245138108895455,0.5265868949072834,0.49838213034104817,0.5872516027610172,0.6049258305914933,0.6410385415787431,0.5339231126231152,0.5101253393981933,0.5549307768048597,0.0,0.4128571573831598,0.5056568406988006,0.5381933229894397,0.3987929688819516,0.46752221606153443,0.43045695787446503,0.43093046094960896,0.41477963339345814,0.5038638127643406,0.6242769222106767,0.499973761004885,0.38393849452039414,0.529639013498358,0.5545422546342543,0.5411361540531231,0.5133393936233441,0.5596408576790839,0.4226131292294757,0.5437440788434178,0.43593893911421505,0.5850250388886874,0.6389782920047673,0.47409972738787665,0.6979564309270145,0.5055063373204892,0.5505935230370238,0.46284719797400276,0.5068553150852938,0.5260741659904099,0.616127215343353,0.6209814684430448,0.52934186928709,0.7218368213940993,0.4396207627015654,0.48673208953324526,0.4624713865636542,0.45600977999617276,0.548194926195183,0.518043377124028,0.3719845891281276,0.42319024377335496,0.46407454324054315,0.4333835930185055,0.552221922853651,0.5535336359923179,0.5829692717738516,0.7630198874028633,0.36398889841617155,0.41798077852427207,0.40636907240351006,0.5087451991463393,0.5288033533686431,0.4158121374785639,0.45562770963479543,0.5404155751938308,0.45728474070181213,0.5670719449913159,0.5211471698735857
DEU,0.6527137486449148,0.45652626493409676,0.5053429640540793,0.4705433189816498,0.39042016440617944,0.3772222828826091,0.5765525784094429,0.5228155652890077,0.4904263471841734,0.4911990592303662,0.8044264883450329,0.4400001864982062,0.4836388974606682,0.4938355647808419,0.5403626752181763,0.5695396176484956,0.6400937224799318,0.668559804233617,0.5487368180925253,0.5244398130449441,0.57861996968624,0.4128571573831598,0.0,0.46522536667938774,0.5898110306468899,0.40380779670239314,0.48923758453965677,0.4192443928676086,0.3728627242538966,0.37359543319107463,0.4748820660302863,0.6175571103695761,0.5105841898597321,0.41654271921953023,0.5810629177585055,0.5864157977059378,0.5292564955333566,0.5066215077744232,0.4911003414279333,0.36746116778319277,0.5991142809186858,0.4360118244710362,0.6204690871655647,0.6952625461562233,0.4563987296138075,0.7483572497056202,0.5372778911809509,0.552122559513855,0.5102858668573892,0.5303735844284101,0.5300213392533045,0.6253332813278851,0.64780203391272,0.5816179545633671,0.7365801152131756,0.38230678490248354,0.4591251409714024,0.45672772259998395,0.506078710888082,0.5519535708641156,0.5763273453807551,0.4144558112993545,0.4391407642837023,0.5390327579677837,0.4700158099819345,0.5627589881619951,0.5705143351000315,0.5364524607327916,0.7869934712058407,0.4366424707443657,0.41789897147339355,0.4016658401847265,0.5227803626808651,0.5581539964519269,0.466648242202468,0.4476108649497884,0.6068794522229852,0.4110220965638583,0.6163787109217866,0.5661038555243227
DNK,0.6369479930274974,0.509654368976245,0.5175738357928217,0.5065378298257044,0.4615074906439116,0.45394601122752876,0.5737229670778567,0.5643623445017973,0.5148718054454379,0.5294484387101097,0.7962886148877304,0.5015195202184384,0.5111637799225609,0.5513801423495248,0.5903848588905879,0.6027820571683079,0.6212244532504024,0.665951005278375,0.554182147948648,0.5149875987207064,0.512088938491885,0.5056568406988006,0.46522536667938774,0.0,0.5844112568755273,0.49099358775243607,0.4824376573236862,0.4896781602561487,0.4843020160169073,0.4440112912579808,0.48383226502917553,0.5803696495729305,0.5322876119149705,0.48276983983304517,0.5623066521384305,0.611714417987434,0.5671230302791697,0.5502957761515718,0.5182208255664055,0.4364215974189538,0.609931119575462,0.5098800353284656,0.6084361337963734,0.702387722520385,0.528197358505827,0.7271281659255013,0.5661955844729853,0.5359534246296319,0.542795349441804,0.5809036853514231,0.5670647004386797,0.6368011612338086,0.638527469193778,0.5820881024613356,0.7077776760444254,0.4296300719462343,0.4409943047324319,0.516501287507555,0.5275028991050319,0.5859234829160938,0.5764115746379471,0.4784604626200222,0.4855659713388779,0.5743489324158554,0.5086156526273999,0.5423355561279848,0.5989112663403255,0.5411025569466467,0.783611405715938,0.5278374127046979,0.5150106027465794,0.4741550453724694,0.5318330177506162,0.5834834173398763,0.5214861119236737,0.49870179398522424,0.6179984056456935,0.4825489809895783,0.6429914755849132,0.5990390137470802
EGY,0.6638445734804996,0.53800707657626,0.49298902031691477,0.5482799546453798,0.5753488203102899,0.5589554630933241,0.5795289767677635,0.5518059324857006,0.4951098108055055,0.5506462791233804,0.797468574683757,0.5702926415500406,0.6401049112951468,0.5985846758741142,0.583189997929196,0.6699084542285503,0.6628792403220554,0.6286281006049956,0.6238767607869924,0.6095324576562529,0.5912610098940981,0.5381933229894397,0.5898110306468899,0.5844112568755273,0.0,0.5418738247223533,0.5714683413850214,0.5714201384084755,0.5830729366481131,0.561075297465296,0.5544834482606059,0.7111509634181348,0.5711228187280534,0.5411301701315564,0.622729110135831,0.6115300232564209,0.6671112662574126,0.6022889209415382,0.6097701437370918,0.5501709088941197,0.5422223373770819,0.5691333596563738,0.6062162598651663,0.6709306897421892,0.5546906967860269,0.7222677766134713,0.5812796007255112,0.6572166583582058,0.5835016806863162,0.604248392928015,0.6153563102146752,0.7186850864942059,0.6273946241237217,0.6209481288773359,0.7704403338904858,0.5608528233139407,0.5514456379199947,0.5803172158407278,0.5221276784123763,0.5568263373063362,0.5996758332097685,0.5678789637718962,0.5664258616779383,0.5388027939275382,0.5764782287050844,0.555267919321816,0.6366788752333233,0.628182649009529,0.7976481160328617,0.5447828254422056,0.5890472253010288,0.5800927843444462,0.5733243439888897,0.584392847784822,0.5110857167440319,0.5264683252176199,0.579512986809473,0.566990124533405,0.6007482558453414,0.5988572922676461
ESP,0.6460179801613114,0.4272383794872205,0.4704039967999429,0.42481118553145225,0.3801067054156001,0.38806330475315404,0.5573666145203495,0.4796795891857023,0.4295110453390229,0.44592967516818255,0.7971274535662032,0.43675324081541667,0.4881093540590723,0.5165778601540435,0.5181039194368969,0.5636377810954823,0.6099182736281509,0.6361757139279323,0.5245890877759192,0.5138359335998421,0.5564260084358582,0.3987929688819516,0.40380779670239314,0.49099358775243607,0.5418738247223533,0.0,0.484981283714413,0.4226358388358524,0.38587046348680565,0.40178757792996733,0.47085480125109075,0.6387953706802957,0.47321942269262285,0.39531686301396385,0.523867530246547,0.5299110663460508,0.5041067985014192,0.49545609302270804,0.5280373827949174,0.36591585724014764,0.5641127499219217,0.43699918501130836,0.5939326501596927,0.667884006285306,0.4529832007375,0.7374809059337734,0.49107490601763226,0.5409435931324296,0.46667460430008745,0.4903968798809048,0.5397107278459655,0.604750752873201,0.6185965382355747,0.5559466480209732,0.7227016519470936,0.425722034652298,0.48664781491115844,0.46207603534170083,0.46925518259236204,0.5215854279861244,0.5336021094577179,0.39821796971757456,0.3936043281250378,0.5062556172743938,0.45950362898079916,0.4761268110679603,0.5400611647373674,0.5666671027697455,0.7601523077110932,0.3978207578317979,0.40989236750505603,0.41658099033072227,0.4690014404591362,0.5318256057313414,0.4020130058906155,0.4235881937536934,0.5715623017542246,0.4582868754459658,0.6001143485733139,0.5272069059847277
EST,0.6338640994785053,0.5209249793865472,0.5087281193841814,0.4985786794797656,0.4937543710955353,0.4696163789951095,0.5776217352671301,0.5572618385278683,0.49746633401524837,0.5493125133323985,0.8092642198684368,0.5007159692574983,0.5429526451076145,0.5627752215312403,0.5943320171288777,0.5947893764626476,0.6281782744950364,0.6726358216674051,0.5868939714282616,0.5320494938116942,0.5307119300219378,0.46752221606153443,0.48923758453965677,0.4824376573236862,0.5714683413850214,0.484981283714413,0.0,0.5128909313736814,0.505225997974388,0.4714685452132838,0.5595084126449149,0.6249823872067092,0.5140354473109412,0.47164187268773194,0.5703610835878556,0.6168580169723412,0.5759185383716757,0.5558374381394368,0.5861842525091869,0.4857712949091146,0.5835329973285363,0.5376202558095422,0.595257927151651,0.674207958490311,0.566206291994548,0.6938705348667864,0.4866193053847949,0.562924183668947,0.44578218924701996,0.5559489428879238,0.5712212093606482,0.5950275049531024,0.6539543813484637,0.5709117596528982,0.7207055622703938,0.47916520562902315,0.47564227372546564,0.5043046206295451,0.5154387242362307,0.5685500040863372,0.558020760083099,0.4637401649270487,0.4892885812218869,0.5260371241683638,0.45261089349294964,0.5702520442879494,0.580062037937003,0.587608647928779,0.7570339816756878,0.48672948755948625,0.48520255987738725,0.4808049244536142,0.557602078661971,0.5618615904170177,0.5081430044268008,0.5133568203596337,0.5887119446876026,0.5247995390803608,0.6265836860984935,0.6030901345741924
FIN,0.6557543124718253,0.44622767144710634,0.4968522782732932,0.4689967279469452,0.4148646225444925,0.4257144768067247,0.5709840927834859,0.5228149649778819,0.4670076655870225,0.4929016588812809,0.7943435262397949,0.4179217668816465,0.5019603424172184,0.5086267316105341,0.5231562306930979,0.5806017479405703,0.62771805444566,0.6312273314607372,0.5560631509698832,0.5246838189694129,0.578495368100938,0.43045695787446503,0.4192443928676086,0.4896781602561487,0.5714201384084755,0.4226358388358524,0.5128909313736814,0.0,0.4182839353127346,0.4228627641605719,0.5087835554990324,0.6107795950115845,0.4984919969965302,0.4127218692310795,0.5584904764492981,0.575251058870649,0.5375565598085402,0.5245035594032658,0.5317779128793678,0.43293093169984986,0.5737520588800793,0.4483141702843581,0.6096505123434238,0.6607367547644915,0.4703864346048707,0.732691244215274,0.5215355513981319,0.5410938760102226,0.4758190685376752,0.5359380519403162,0.5350953458658162,0.6218996494337247,0.6251770570999051,0.5519961505189671,0.7191163845356106,0.42625736495369015,0.4623643152798709,0.47819301631207706,0.4850601089666115,0.5527129717360099,0.5620923068502978,0.41566113470457156,0.4182571953944087,0.5286607340674075,0.48311285074517096,0.5695626643185195,0.5574604907091563,0.5602844719062466,0.7705675657652689,0.4454548128119671,0.4273964827702154,0.3831058634879142,0.5303653054173261,0.5396513325837643,0.45431132366713056,0.42958703434988293,0.5790960099665662,0.45259517587069564,0.5893228042365107,0.5455613924414057
FRA,0.6347506168657373,0.44221039298967274,0.5050845253326479,0.439348102640058,0.3805130031101205,0.38416625426058026,0.5747412506096972,0.5196089269838233,0.4740672770120791,0.4797122369337699,0.8000151005766339,0.42837737958409683,0.475783270428024,0.4982033100717395,0.5713714581246586,0.5487787785357375,0.6231557527043179,0.6786829799757463,0.5420285795234363,0.5060264037553267,0.5496572392869202,0.43093046094960896,0.3728627242538966,0.4843020160169073,0.5830729366481131,0.38587046348680565,0.505225997974388,0.4182839353127346,0.0,0.38052381248017914,0.4722321965861283,0.5956469996900485,0.5197459993656648,0.40360700726301385,0.5648782914326543,0.5743909047481753,0.4981863350474004,0.49666606008748837,0.48853614723322963,0.38399454269222777,0.6034653927048386,0.4511755114606964,0.6012976954733167,0.6910335124717816,0.4718441827124202,0.7344781807294747,0.5199859961846404,0.5143454899145841,0.4911281068374295,0.50258619571811,0.5404436907595502,0.612092116395444,0.6402468729564041,0.5550149552036686,0.7197988985688164,0.3754896128190649,0.4799587259027764,0.4458690286576489,0.48915636003604746,0.5302046943680955,0.5599813379941103,0.41167260567313896,0.40120722037897305,0.5365893635555349,0.4595127511539314,0.559615464529067,0.5496840215249865,0.5459176077909835,0.7668710961415743,0.42589125298506303,0.40260586834438405,0.40834142790997946,0.5095846059492769,0.5570887812895691,0.4408758002625399,0.4443147955598597,0.5905996243448122,0.4148491509404921,0.6192596692834097,0.5430322907779129
GBR,0.6044958393679604,0.4550992476564016,0.4543453790931118,0.4060389930350817,0.3675728526160041,0.38192033324064567,0.5333725911060097,0.5371431759309385,0.46159391180154746,0.46018966909978326,0.8028711677773144,0.41647289447830516,0.47078881558833924,0.499481003793644,0.5413472011464073,0.5629356582006546,0.5932476241662897,0.6340664437868323,0.5230583340299263,0.4883823525582696,0.5515335739584517,0.41477963339345814,0.37359543319107463,0.4440112912579808,0.561075297465296,0.40178757792996733,0.4714685452132838,0.4228627641605719,0.38052381248017914,0.0,0.49304054956762,0.5768519274954117,0.5028531217214791,0.42608822501728816,0.55515143331953,0.5680023596162395,0.4751342226145378,0.46226264927508537,0.4858344537863321,0.3684617831208964,0.5766541056467218,0.45116116857145305,0.5581122743295577,0.6727684404615373,0.48474123831273974,0.7285917678909628,0.5086966304052561,0.5119244091495081,0.49619079260480276,0.5344178748597004,0.505869415126723,0.6123003122327618,0.6226827451422982,0.5372885748384593,0.6890522226853035,0.3418307656398687,0.42479959661647293,0.42904104835455104,0.48152991321911415,0.5114803809802169,0.5330829254477673,0.41043958558522853,0.4145566869683886,0.4941365548269461,0.43191238331923554,0.5190592843053822,0.5468452076644941,0.5374618706378254,0.7434000176713403,0.42512265922431786,0.4138673837789783,0.4291106809907702,0.5060850111176493,0.5338035318212248,0.42945794030000617,0.42898515901152606,0.5865261192486818,0.3930681922375329,0.5945770184122343,0.5510051687981564
GRC,0.6453368359109254,0.49582641344819217,0.5302629573008502,0.5153057382747965,0.46057546440879626,0.47690079557382553,0.57863061536538,0.516183658833008,0.4837084938834675,0.5191669407102671,0.7728520751826451,0.5005725411766496,0.5335021440218698,0.517707016206008,0.591049784469705,0.5887970590557189,0.6420739088387721,0.6857005872037631,0.587966063239159,0.5231372845171072,0.536497435548128,0.5038638127643406,0.4748820660302863,0.48383226502917553,0.5544834482606059,0.47085480125109075,0.5595084126449149,0.5087835554990324,0.4722321965861283,0.49304054956762,0.0,0.6475030923046035,0.5057147962610535,0.47812040921253013,0.5850186335370795,0.5977427015213395,0.5906892495289079,0.5434034056854716,0.5296841586912564,0.4703845997659753,0.5945261967789688,0.5060815650088614,0.6148424709731973,0.7050110264207987,0.5028418072043735,0.7446624173444935,0.5791520460215247,0.5816823628659812,0.5307353338420624,0.5416365826879934,0.585920091822149,0.6542718294364079,0.6398563447623528,0.6005384331336455,0.7400671061465659,0.48749339805731357,0.5165966675204751,0.5277379143321385,0.5064955810614359,0.567760235216684,0.5699328971829986,0.47804274343545256,0.4844549471187179,0.5689239275735523,0.5036612750543901,0.5940500834580552,0.5685300276026817,0.5471815066261678,0.7840472588174846,0.5163297558372966,0.5181189357283638,0.4811966392768723,0.5290552083953066,0.589636030343434,0.4838895157834743,0.4869322344235555,0.6218086332521087,0.49131368443784695,0.633496042437158,0.5871276930958547
HKG,0.7284484212022684,0.6234792788470472,0.7070015255458827,0.6202798585367618,0.5732612388996171,0.5805055801953777,0.6747536734706251,0.7020144494611489,0.6693712332748261,0.6713778728390181,0.8335891436963514,0.6232500141392154,0.6102232928199649,0.6610394614373752,0.7500401642690118,0.6935076148828979,0.7065544874868099,0.719177509956371,0.6812653672850888,0.5838878151996592,0.6159993321057404,0.6242769222106767,0.6175571103695761,0.5803696495729305,0.7111509634181348,0.6387953706802957,0.6249823872067092,0.6107795950115845,0.5956469996900485,0.5768519274954117,0.6475030923046035,0.0,0.6765399694496688,0.6059797759996743,0.6748298837268505,0.7369194465492463,0.6255540761182447,0.6003030382301292,0.6087192011899968,0.6185055988018103,0.679756820651414,0.6255726150029487,0.6764396226328094,0.7562896514291638,0.6671282152039522,0.7374047219280504,0.6429178835964512,0.5960885775201311,0.6187056004615858,0.7207178010379485,0.6760849620693292,0.6973414105983977,0.7860080687329506,0.6021880843934646,0.7449810132214366,0.5599777818549548,0.5964191912844633,0.6338806635562587,0.6742760215558512,0.7068399386112809,0.66309325398844,0.6002413729065634,0.5947252739879828,0.6840656632092482,0.6134836320997525,0.6326601642948784,0.6928711968711864,0.6193627030964886,0.7547223955216281,0.6265689573362604,0.6197108649742968,0.6245001240418,0.6729220224154375,0.7105782902782213,0.6532743885729484,0.6054658660775569,0.7276706590542331,0.6039373334111994,0.7421496254309322,0.6606667894686192
HRV,0.6144371860772415,0.47470094202712615,0.5102917451636027,0.512490054832713,0.5026637747191284,0.49053963649290455,0.5878681583457624,0.5199789967354049,0.46882235873823436,0.5251248235841377,0.7608174593225925,0.5047682982436034,0.5402896973380441,0.5412646202806838,0.5572912318434515,0.600829920886488,0.6411381594828734,0.6769342489123286,0.580977515762581,0.5494973049353616,0.5754988220047864,0.499973761004885,0.5105841898597321,0.5322876119149705,0.5711228187280534,0.47321942269262285,0.5140354473109412,0.4984919969965302,0.5197459993656648,0.5028531217214791,0.5057147962610535,0.6765399694496688,0.0,0.47154214045201187,0.5491499142432299,0.5707555582090513,0.5816635892253662,0.5485503649412622,0.5607256166791952,0.47438867919148536,0.5616450544554888,0.5133731812358263,0.6074581260683103,0.6860423503926812,0.5426720293201467,0.7108583393382941,0.5269434524403679,0.6062980598194306,0.5383850169038484,0.5518804026362957,0.5936844855659505,0.6546799712034017,0.635470313740029,0.5991989089128319,0.735065153657906,0.5019862494420663,0.5042866026936739,0.5039696376844578,0.5015758427128174,0.5711126282357909,0.5509691753337443,0.4775003080850303,0.4984170689688919,0.5265553898763882,0.4976901850972173,0.5750397893376753,0.5834109262804519,0.5797790637150334,0.7734173252468716,0.4917005912869572,0.5020252843863086,0.499927150393475,0.52380531288835,0.5610424395520862,0.5066277948609706,0.49859725082342987,0.6007623736363398,0.5212757343519728,0.5992119458992645,0.5759520875486386
HUN,0.6136654498434836,0.4332230364436658,0.44487365508546284,0.43109399953476996,0.3810209067671468,0.4104080998383698,0.5348472825457148,0.441154823844943,0.39785345603839745,0.45925631718408166,0.7821428064846642,0.406971469942864,0.508321133183191,0.5036473430480474,0.49118882210322884,0.5579546487983075,0.6005999420808447,0.624136796271,0.5088404243406522,0.4960402676350884,0.5501516260597102,0.38393849452039414,0.41654271921953023,0.48276983983304517,0.5411301701315564,0.39531686301396385,0.47164187268773194,0.4127218692310795,0.40360700726301385,0.42608822501728816,0.47812040921253013,0.6059797759996743,0.47154214045201187,0.0,0.5158542166843465,0.5110544892750222,0.5276100077924246,0.5003341315345868,0.5126150687640848,0.4067718082259521,0.5323819671707335,0.4205555783312458,0.5694474141410787,0.6510831261690005,0.4601870229889468,0.6884690747132877,0.4647346950563489,0.5428923063381029,0.4741111674338571,0.4646782898177756,0.5001536739599057,0.6010805179622782,0.5983255238942596,0.5429994577338934,0.7067973435220972,0.43258194888891577,0.47389357142956534,0.46007582619086124,0.4163800131071659,0.5257613125466136,0.5027456501558075,0.38944729353474516,0.4154243602357655,0.48552767853055123,0.4328585944095794,0.5361613114303734,0.534825547001688,0.5665928626387733,0.7376140452869511,0.38924291269883876,0.4239435405300752,0.3957139489669553,0.500617276301836,0.5041298590280281,0.3975338696549362,0.4491950227181471,0.5341927856398134,0.43201606698476536,0.5814047480591981,0.4990549204047192
IDN,0.6339427499953056,0.4736484608490749,0.5723965307074322,0.5259735593273975,0.5482624792847284,0.5516507042597568,0.6468061557041618,0.5547367967393987,0.49476738958637473,0.534876102543148,0.7663403140562873,0.553298608707315,0.5999546920453986,0.6028085214377815,0.5513865060078758,0.6169612649171273,0.5986104889019566,0.7027985737621125,0.5758678532207177,0.5660058579239386,0.5833378142329324,0.529639013498358,0.5810629177585055,0.5623066521384305,0.622729110135831,0.523867530246547,0.5703610835878556,0.5584904764492981,0.5648782914326543,0.55515143331953,0.5850186335370795,0.6748298837268505,0.5491499142432299,0.5158542166843465,0.0,0.5745237241577001,0.605979126176559,0.5990357771045204,0.6223544645206717,0.5483989436309463,0.5775130264581487,0.5519794031124676,0.6098444260288773,0.7063644919754526,0.5996388841251323,0.6680511153135529,0.5770594483832391,0.610245075966857,0.6061670508584931,0.5553672978663198,0.6105374180685071,0.6692012305807704,0.6342727576284332,0.5599622841301498,0.7146704326203136,0.5604169532502005,0.5743187257739937,0.5629898549556617,0.5536765841746667,0.5972057745735838,0.49752660166264145,0.5181464084889265,0.5268650948691516,0.5572752952498998,0.5353426689724944,0.5724096022460012,0.631363854032849,0.6145053201024068,0.7737338882025464,0.5538895650613735,0.5710986745764602,0.5666649309979688,0.495139065682165,0.5962843502375904,0.524242299514794,0.5400453451141306,0.5914427887672761,0.5815635997165693,0.6307013550445456,0.5873538778934464
IND,0.6611878358966992,0.5211863284359269,0.528145554025225,0.5412202716943918,0.5517315713234429,0.559576080369207,0.6053968810652997,0.5331180268112318,0.5013067973389657,0.5366020190667299,0.7973182069700798,0.5527504633412149,0.6401439255970868,0.6273541514426542,0.5588505181292683,0.6052805378090413,0.619505327855917,0.7014263249467526,0.6042203813037839,0.6229354234756581,0.655730711143581,0.5545422546342543,0.5864157977059378,0.611714417987434,0.6115300232564209,0.5299110663460508,0.6168580169723412,0.575251058870649,0.5743909047481753,0.5680023596162395,0.5977427015213395,0.7369194465492463,0.5707555582090513,0.5110544892750222,0.5745237241577001,0.0,0.6431068090600472,0.6115172307419717,0.6172055007324276,0.55479341055514,0.5885668905828287,0.542513105288428,0.6371778576286001,0.69930012024505,0.5772563592406,0.7399850546141139,0.5845772750009051,0.6445975328467125,0.625397257673593,0.5708403967659618,0.5993809422318654,0.6813077526407769,0.6188959656080836,0.6241660944451655,0.7705707087127908,0.5784515442964117,0.5941451103348461,0.5885573551720075,0.5226065973868111,0.6097811835329078,0.5673545635657157,0.5532399926092012,0.5809324701564373,0.5611584925202937,0.5576985056044854,0.615007311620499,0.636166657522065,0.6579563870210087,0.7914810418035765,0.5413068401301417,0.581738129801035,0.567445178354316,0.5637949341536452,0.5865941908891764,0.5148268083884022,0.5678992460774342,0.6124725705997763,0.5833907155990482,0.6305452421712303,0.596474980251736
IRL,0.7063587460756744,0.5461561181546392,0.5930120318638553,0.527134151291517,0.4993237168121926,0.5162409215743977,0.62191530178342,0.6098520932547272,0.5653169504061082,0.5847086856363702,0.8344280939797614,0.5570869431202935,0.5603813792118307,0.5834854637732705,0.6434772555515539,0.6469845550985662,0.6826534253673806,0.6487203539355614,0.5988828581284947,0.5924720933644935,0.6188994533964477,0.5411361540531231,0.5292564955333566,0.5671230302791697,0.6671112662574126,0.5041067985014192,0.5759185383716757,0.5375565598085402,0.4981863350474004,0.4751342226145378,0.5906892495289079,0.6255540761182447,0.5816635892253662,0.5276100077924246,0.605979126176559,0.6431068090600472,0.0,0.5217021331087242,0.5975590279856208,0.5275456572487589,0.6798204072298133,0.5625228321656208,0.6541938012853505,0.7094146839724184,0.6049927568769442,0.7501262161558299,0.5855706594816401,0.5740408075892895,0.5613866618190987,0.601401117822137,0.6273244625522187,0.6452308819523512,0.6778200486880008,0.6255811057259586,0.7373249757775312,0.5162613671334648,0.5591006293843148,0.536172287082608,0.581613090267501,0.5982236279773746,0.6273117197137725,0.5341351582941327,0.5055474142675072,0.5837047140143048,0.5638575577473485,0.6189920579571091,0.6430802718637674,0.6299671223465396,0.7550680487524952,0.5416011868892345,0.5164453422585328,0.5242658948697387,0.5942761669653718,0.628370798304328,0.5513303769551313,0.5545204774950229,0.6703152566156422,0.5311542862134678,0.664580896074977,0.631113117127233
ISL,0.6647404277166704,0.5540660219444509,0.5644783604418733,0.5028579231485881,0.49633934933980867,0.4984083106196166,0.5539834970262512,0.5583889375559432,0.5131924469423171,0.5612482163862216,0.8316347557364362,0.5301212112838654,0.5434562449887704,0.5806645466948522,0.6241142504484853,0.630650037732926,0.6618170393721827,0.6265216460040858,0.6017071168956252,0.541350881674148,0.5450019986129425,0.5133393936233441,0.5066215077744232,0.5502957761515718,0.6022889209415382,0.49545609302270804,0.5558374381394368,0.5245035594032658,0.49666606008748837,0.46226264927508537,0.5434034056854716,0.6003030382301292,0.5485503649412622,0.5003341315345868,0.5990357771045204,0.6115172307419717,0.5217021331087242,0.0,0.5901294461624312,0.5005806458818948,0.612615001835011,0.5331509445603219,0.6014409014857163,0.6883202298431362,0.5640666791081582,0.7386691023002572,0.5684643081474742,0.548177930579522,0.5363096525776894,0.5798665055183299,0.626173896107903,0.6078488422972081,0.6630828356840581,0.5964751217859462,0.7250649626128985,0.502545834363614,0.51876438159291,0.5219704246840556,0.5066781276471191,0.5833241565087568,0.5850820503252988,0.5051508559726828,0.5084099971297091,0.5722846905918464,0.5257682858193317,0.5930192550399871,0.6147185601752244,0.6038686911825,0.7166904152651489,0.49504532430953563,0.5146576102546343,0.5267012193903837,0.5687571761884334,0.5814254604437615,0.5019572099710891,0.5333760991218266,0.6232390474178697,0.5188097108853661,0.6369491968296732,0.6151293086851627
ISR,0.6668226217361584,0.5334304375453928,0.5445653783552916,0.547306564802009,0.4906717541634066,0.46380378415096,0.6290962954578008,0.6019865785683809,0.5821321094212721,0.5471097157162644,0.8039162055900019,0.5195351094922369,0.5391886124003885,0.5234151734233797,0.6365478280366824,0.6172326518557658,0.6607231273635482,0.6936923098334933,0.6138771406244657,0.5519065468257072,0.6216312549901919,0.5596408576790839,0.4911003414279333,0.5182208255664055,0.6097701437370918,0.5280373827949174,0.5861842525091869,0.5317779128793678,0.48853614723322963,0.4858344537863321,0.5296841586912564,0.6087192011899968,0.5607256166791952,0.5126150687640848,0.6223544645206717,0.6172055007324276,0.5975590279856208,0.5901294461624312,0.0,0.49882032652811364,0.6251560740734,0.5535422341906678,0.6334489619443778,0.725798507370252,0.5316083512578558,0.7735132261012648,0.5934763937196077,0.5746342744782021,0.6036613776325422,0.6017748218873818,0.5710455380669025,0.6876947283743069,0.6882887696291319,0.6164914570316317,0.7393921297636225,0.452822880667398,0.535412474492408,0.5394980232898529,0.5862175709630446,0.5851429694532638,0.6302534825213107,0.5345673829852744,0.5037341230567203,0.6187059774145648,0.5552911481778061,0.5706278936570276,0.6051345882815347,0.5274966404071386,0.7800502324550842,0.5597797483109107,0.5436289714635475,0.5193028967833588,0.5894880408029423,0.6293877510648133,0.5525482041222756,0.517016531207968,0.6541944268072163,0.49118639215350335,0.6872612854803976,0.6057534973664577
ITA,0.6259070071945799,0.4384166013751012,0.4755288471395576,0.4416704086403696,0.3784806641408136,0.3826956615555437,0.5520866217464122,0.5147691731437545,0.45548634243223235,0.4647008238471478,0.796786847785661,0.43596280338511145,0.49026319806794405,0.5050716463296793,0.5189220941685578,0.5629828865879912,0.6145472850097445,0.6588642958080078,0.5297381748800035,0.5163571345894026,0.5432359363238212,0.4226131292294757,0.36746116778319277,0.4364215974189538,0.5501709088941197,0.36591585724014764,0.4857712949091146,0.43293093169984986,0.38399454269222777,0.3684617831208964,0.4703845997659753,0.6185055988018103,0.47438867919148536,0.4067718082259521,0.5483989436309463,0.55479341055514,0.5275456572487589,0.5005806458818948,0.49882032652811364,0.0,0.5799046233267563,0.43371164957889763,0.589668291063628,0.686749513750361,0.4625417239265589,0.7465557487086538,0.5196703000132445,0.5182921994619627,0.4964997180061204,0.515006077290472,0.5136542936482679,0.61263750486697,0.6252029793364486,0.5626926481075609,0.7101207170939897,0.398159090470435,0.4606855391135425,0.46030749856773867,0.48795661363468545,0.5337313316511175,0.5459786456086045,0.4106679788477931,0.4159663804804877,0.511534754580534,0.45267635817527746,0.5259623115756011,0.554739336527156,0.5435875218061412,0.7685133745491841,0.4269003428763016,0.4218030382602777,0.4034519804394368,0.4884529597624594,0.5391798111722965,0.4240806226285986,0.4354530638565094,0.5919593758047792,0.42103044021309505,0.614114170748934,0.5445791654843435
JOR,0.6586171051674902,0.5267017681181692,0.5423016723752494,0.5560340455403685,0.5721490367883382,0.5786607655429467,0.6169572381628213,0.5511055309551993,0.4855541566051743,0.5586291187424394,0.7833957685359296,0.5659245950405993,0.6612577516372599,0.6185777491634049,0.5779052988421173,0.646899507283478,0.6547132011858826,0.6572525413470308,0.6119742453954821,0.61114813731648,0.6139870084195647,0.5437440788434178,0.5991142809186858,0.609931119575462,0.5422223373770819,0.5641127499219217,0.5835329973285363,0.5737520588800793,0.6034653927048386,0.5766541056467218,0.5945261967789688,0.679756820651414,0.5616450544554888,0.5323819671707335,0.5775130264581487,0.5885668905828287,0.6798204072298133,0.612615001835011,0.6251560740734,0.5799046233267563,0.0,0.5554353278283004,0.6223174704673186,0.7137505806357834,0.5725240073856491,0.6823970838148606,0.5693383844487593,0.6485670144957314,0.6055821448180282,0.601487071123511,0.6163512361742309,0.6840979690143085,0.6792345698519631,0.5955103887974955,0.7647891568828965,0.5870758457216013,0.5807517296223981,0.5918740112491977,0.5575652239473661,0.5756351882676092,0.5708666991560774,0.5628656152992509,0.587425799513776,0.5416183975203542,0.5583608626837254,0.5862956720137179,0.6185374213355098,0.6447489414289372,0.7882359719779071,0.5353354532938138,0.6044200202043326,0.5763609207510243,0.5641179184582048,0.6181262703936587,0.5452907758997685,0.5348508152594772,0.5883287520640349,0.590794929014347,0.6106579441706479,0.5955366994721271
JPN,0.6606625413199835,0.462316344289376,0.4873163617714751,0.46666225984149734,0.43885962887295304,0.4586618009899865,0.5674827542466353,0.5210686603916524,0.4541180598299333,0.4880560448960609,0.7939217616191281,0.42857331857265235,0.5333612559293518,0.5234227385555851,0.5057777546872378,0.552616706121802,0.6122505377706932,0.6605911800788274,0.527666396898116,0.5261328548931797,0.5892406368652533,0.43593893911421505,0.4360118244710362,0.5098800353284656,0.5691333596563738,0.43699918501130836,0.5376202558095422,0.4483141702843581,0.4511755114606964,0.45116116857145305,0.5060815650088614,0.6255726150029487,0.5133731812358263,0.4205555783312458,0.5519794031124676,0.542513105288428,0.5625228321656208,0.5331509445603219,0.5535422341906678,0.43371164957889763,0.5554353278283004,0.0,0.5917721274900224,0.6643269509439601,0.4472995638917204,0.723135878685965,0.5282684112875142,0.5727487362868064,0.5189720322065735,0.5062286887208903,0.5257234744615076,0.6225239920574912,0.629968435256046,0.577624007772651,0.7344677133481395,0.4711306695373139,0.5068828732161036,0.5142265519176564,0.4903111348087465,0.553185863812242,0.5291910383145869,0.4290824634497755,0.4567559597186727,0.49927148316463255,0.48990969556794656,0.5564640977237124,0.5706393242583138,0.5822019148882704,0.7686528466501888,0.4404898821349605,0.457746992457197,0.43872976944440706,0.4918561967413156,0.5539937795564752,0.4351447120056531,0.42653672158280687,0.5933666821384636,0.46780055001306053,0.5802617999025295,0.5383640861208464
KAZ,0.6537428216420385,0.5880467565516884,0.5373111712747523,0.5215851373711087,0.584278688594639,0.6002426833228899,0.5750837344457724,0.5802931657531224,0.5929571207354671,0.586976357089572,0.7818122147649886,0.5770376473812316,0.6193419243162748,0.6027642224968293,0.6579694955365032,0.6569885413700516,0.6266818006124422,0.5956689879215634,0.6174714461335655,0.5634514483956784,0.6258866723546345,0.5850250388886874,0.6204690871655647,0.6084361337963734,0.6062162598651663,0.5939326501596927,0.595257927151651,0.6096505123434238,0.6012976954733167,0.5581122743295577,0.6148424709731973,0.6764396226328094,0.6074581260683103,0.5694474141410787,0.6098444260288773,0.6371778576286001,0.6541938012853505,0.6014409014857163,0.6334489619443778,0.589668291063628,0.6223174704673186,0.5917721274900224,0.0,0.6865329598818546,0.6594113092391053,0.6681303130734646,0.5995606815613391,0.6376527515308779,0.5854677818951396,0.6188881654968393,0.5775839760508203,0.7187664001678449,0.6386875965084532,0.5942646502653213,0.6971912660684921,0.5790380921239209,0.5706537664014268,0.5749062035482394,0.565103303216638,0.5589780353831554,0.5747278533998558,0.566058567405574,0.5851722227407409,0.6076173034650862,0.5434465779769869,0.5402183044238764,0.6375443447531093,0.6844409882659809,0.7775111620462429,0.5754806440475493,0.6178944499327398,0.6074409734927432,0.615386467344575,0.620477222759321,0.5621361740351046,0.6125223832216179,0.5973116354428548,0.5814693189656247,0.6622421633838608,0.6248272624824717
KHM,0.7618161173835413,0.6794714738806376,0.6370342839951524,0.6556732692528542,0.6797291271876128,0.6556048392541756,0.6063647851535514,0.6388867887972298,0.6782828669621932,0.6865608175552704,0.8233712631265475,0.6719712450107734,0.7020183795507907,0.6988595476070911,0.6931131148886948,0.7220757467910539,0.7139468681188429,0.6882755957574064,0.7263107661886473,0.6635702100968457,0.6949882886889489,0.6389782920047673,0.6952625461562233,0.702387722520385,0.6709306897421892,0.667884006285306,0.674207958490311,0.6607367547644915,0.6910335124717816,0.6727684404615373,0.7050110264207987,0.7562896514291638,0.6860423503926812,0.6510831261690005,0.7063644919754526,0.69930012024505,0.7094146839724184,0.6883202298431362,0.725798507370252,0.686749513750361,0.7137505806357834,0.6643269509439601,0.6865329598818546,0.0,0.7123445143617108,0.7328845720171471,0.6801740683876367,0.7035588088767353,0.6296608194443704,0.6809036624573307,0.7045088332120852,0.7745862859326653,0.6667135280735593,0.701023062154845,0.7894958458855034,0.6870296083251486,0.6918890830773629,0.6856416221575015,0.6310469819453839,0.6807887734536816,0.7024459992203226,0.6632966262586828,0.6564137007270934,0.6589997092620674,0.6827036019955796,0.7002056404435305,0.680852452501693,0.7437430478800224,0.7972149464247057,0.6334459649349485,0.6596632630269071,0.6757351715043639,0.7014728962752824,0.6570355953100753,0.6364897778129994,0.6839619059143806,0.6382817498062066,0.7066659295122729,0.7070525966122592,0.6976697301556678
KOR,0.6522699320369977,0.4775934850482572,0.5008201313646184,0.5291180146596512,0.4621849464543345,0.4664544967046854,0.5825468362742835,0.5360545481376673,0.45419840293775116,0.49834202701395003,0.8123535868195848,0.47098111997922254,0.5658345065615659,0.5285324834778162,0.5028093990900684,0.6018845208103007,0.6760003396744494,0.6887371888293268,0.5784989144655994,0.5697808683608406,0.5959491681112953,0.47409972738787665,0.4563987296138075,0.528197358505827,0.5546906967860269,0.4529832007375,0.566206291994548,0.4703864346048707,0.4718441827124202,0.48474123831273974,0.5028418072043735,0.6671282152039522,0.5426720293201467,0.4601870229889468,0.5996388841251323,0.5772563592406,0.6049927568769442,0.5640666791081582,0.5316083512578558,0.4625417239265589,0.5725240073856491,0.4472995638917204,0.6594113092391053,0.7123445143617108,0.0,0.7652260951629143,0.5741848307459393,0.6017313275705657,0.5569818044017814,0.5421292532274056,0.5331979423339994,0.6356273023269988,0.6444150941338121,0.5984331078157653,0.7674260482504527,0.47940044247361174,0.5096751565050004,0.5244938793520699,0.4978072032027417,0.5854526766262402,0.5678357287105975,0.4857455489204648,0.48754230579730795,0.5428428264444969,0.532268291752763,0.5973466707982495,0.5920410741601777,0.5539850935221354,0.807307930830419,0.4972588006507287,0.4982363867996635,0.46341821851578247,0.5158218362942185,0.5728087694524031,0.45958215450697115,0.4206634965906616,0.6017538951401313,0.4848445953441157,0.6051880280887828,0.5760620877443673
LAO,0.6910643275646217,0.6806004312332513,0.7025092988737401,0.7011453468927105,0.7174336474509493,0.7371002543165139,0.7239242108761066,0.6760882572358541,0.6853922455398994,0.7123796635293644,0.7660984722862113,0.7173374318986008,0.7338319718614719,0.6899569581133609,0.7246329011521752,0.7048805524200364,0.7230021835438427,0.7481887986734935,0.6932399957658884,0.6829644245600422,0.72261068926039,0.6979564309270145,0.7483572497056202,0.7271281659255013,0.7222677766134713,0.7374809059337734,0.6938705348667864,0.732691244215274,0.7344781807294747,0.7285917678909628,0.7446624173444935,0.7374047219280504,0.7108583393382941,0.6884690747132877,0.6680511153135529,0.7399850546141139,0.7501262161558299,0.7386691023002572,0.7735132261012648,0.7465557487086538,0.6823970838148606,0.723135878685965,0.6681303130734646,0.7328845720171471,0.7652260951629143,0.0,0.6893592017788849,0.7457649626764041,0.7369537974650986,0.7124241427369777,0.734892141588061,0.7707674601339639,0.7137663013486608,0.6960519355667713,0.7744613868312995,0.7307617058051626,0.7233902734854138,0.685625488275092,0.6716750661354555,0.6774766896786966,0.6612535452103778,0.6800798067367654,0.7105324386538934,0.6836990569314082,0.6781486370045025,0.7188093655683054,0.7599458057996045,0.7802901155601449,0.8125473555364544,0.6921637176402529,0.7351560067172901,0.7357982876749104,0.709174120761354,0.7147537771138858,0.6932202817820582,0.7136319557596444,0.6727297087211651,0.7417308277026646,0.707864033625408,0.7085866591947413
LTU,0.6497732703063696,0.5337836639526224,0.5298877799874361,0.5169378498521886,0.495905500575325,0.5168981938604242,0.5958375961722756,0.5247008354876278,0.4957587994588877,0.5315455696268387,0.7993922896496444,0.5271162848605956,0.5673006668714452,0.5864943248273519,0.6026398329016421,0.6053555328033121,0.6247487087090523,0.6548194600498365,0.5735182291501599,0.5332065635427934,0.5941816612308726,0.5055063373204892,0.5372778911809509,0.5661955844729853,0.5812796007255112,0.49107490601763226,0.4866193053847949,0.5215355513981319,0.5199859961846404,0.5086966304052561,0.5791520460215247,0.6429178835964512,0.5269434524403679,0.4647346950563489,0.5770594483832391,0.5845772750009051,0.5855706594816401,0.5684643081474742,0.5934763937196077,0.5196703000132445,0.5693383844487593,0.5282684112875142,0.5995606815613391,0.6801740683876367,0.5741848307459393,0.6893592017788849,0.0,0.6059234981280586,0.49166519644815065,0.5730289458539349,0.5944193579860703,0.6467458366906701,0.639937234361464,0.5938349067343768,0.7072227530517647,0.5316853007079745,0.5433744495378064,0.5363806054093948,0.5039585441347728,0.586877201981291,0.5433998898366708,0.4821961719658515,0.5032703582438849,0.5289864686027134,0.5231401257513824,0.5772317390279217,0.5644980785085059,0.6105718850239913,0.7402055610617101,0.46683986472245925,0.5052765709392854,0.5177384485831704,0.5506410867254612,0.5732977728064821,0.5100860317332494,0.52069283730791,0.5498061930286986,0.5540729093207343,0.6219862533164743,0.5756039519991057
LUX,0.6973334062376264,0.5753185701997211,0.5907877516948649,0.5324381526599924,0.5063903070761696,0.4950994082099975,0.6205635891466832,0.6301658080539999,0.5947859801638868,0.5846803923345598,0.8332408029128027,0.5526867592516862,0.5508971409504279,0.6098160747715228,0.6626406595994937,0.6370051210788503,0.6677090541426511,0.6930187721656335,0.6176354077920467,0.5562866333376024,0.5646284781398724,0.5505935230370238,0.552122559513855,0.5359534246296319,0.6572166583582058,0.5409435931324296,0.562924183668947,0.5410938760102226,0.5143454899145841,0.5119244091495081,0.5816823628659812,0.5960885775201311,0.6062980598194306,0.5428923063381029,0.610245075966857,0.6445975328467125,0.5740408075892895,0.548177930579522,0.5746342744782021,0.5182921994619627,0.6485670144957314,0.5727487362868064,0.6376527515308779,0.7035588088767353,0.6017313275705657,0.7457649626764041,0.6059234981280586,0.0,0.5633644074658486,0.6185391886028995,0.6269801426886348,0.6447779674163107,0.6972592781113718,0.6042689029109699,0.7145540031168239,0.5040241971127446,0.5708953722940504,0.5678707625236554,0.6030540829263933,0.617569584300052,0.6309931102469044,0.5294431045222732,0.5088322085894019,0.6180540512156125,0.5488907092150732,0.5975895096570675,0.6317145745704006,0.6224016559198849,0.7282228566787939,0.5690192879978632,0.524193294207537,0.5523442080859674,0.604799890069993,0.6330492182134987,0.5582054345948975,0.5579910190757966,0.6911315735522457,0.5436085325023096,0.7096579989293897,0.6194180126444153
LVA,0.6964819209054682,0.5516875408286662,0.5306218830834991,0.5007452827355204,0.4768051125293102,0.4699479619649894,0.5544351296071555,0.538521487276334,0.5222585201661855,0.5581681130613882,0.806965616552093,0.5170642528484145,0.5404852178440644,0.5628802976415902,0.6235757322516572,0.6165722366477668,0.6389658315263951,0.6278369397285114,0.6047422272159368,0.5433473675697601,0.5507890785774594,0.46284719797400276,0.5102858668573892,0.542795349441804,0.5835016806863162,0.46667460430008745,0.44578218924701996,0.4758190685376752,0.4911281068374295,0.49619079260480276,0.5307353338420624,0.6187056004615858,0.5383850169038484,0.4741111674338571,0.6061670508584931,0.625397257673593,0.5613866618190987,0.5363096525776894,0.6036613776325422,0.4964997180061204,0.6055821448180282,0.5189720322065735,0.5854677818951396,0.6296608194443704,0.5569818044017814,0.7369537974650986,0.49166519644815065,0.5633644074658486,0.0,0.5812690927479344,0.6028740199609463,0.6334107920854085,0.6697161243086623,0.5811327683993924,0.717986123735989,0.5102657560555366,0.5185259856113148,0.5332098832664375,0.5235737402643348,0.6002639801710986,0.5803217323059303,0.4659545355706808,0.47295812191919673,0.537280583762752,0.48307759958417185,0.6054819024361152,0.5623474386735947,0.6002016383397294,0.7337389792648881,0.4469020751353972,0.4621508462413422,0.4710482773581062,0.5728950996322681,0.5804808713797811,0.49359153646672066,0.5430594036487244,0.5930322147101783,0.5484219107131061,0.6550629013900224,0.5991936071297566
MAR,0.6512662721590325,0.49395609776178756,0.513164858029128,0.5161722588548047,0.5106886423638178,0.5107156206794845,0.585800940982128,0.5179549361174282,0.4801358596757394,0.5002042580425218,0.7803470119996739,0.516721226501106,0.5864705955910927,0.541397816765806,0.5454614877114559,0.5945604073102468,0.6501827133122524,0.6774382743533989,0.5748882332213948,0.5836906016706008,0.6066797144845631,0.5068553150852938,0.5303735844284101,0.5809036853514231,0.604248392928015,0.4903968798809048,0.5559489428879238,0.5359380519403162,0.50258619571811,0.5344178748597004,0.5416365826879934,0.7207178010379485,0.5518804026362957,0.4646782898177756,0.5553672978663198,0.5708403967659618,0.601401117822137,0.5798665055183299,0.6017748218873818,0.515006077290472,0.601487071123511,0.5062286887208903,0.6188881654968393,0.6809036624573307,0.5421292532274056,0.7124241427369777,0.5730289458539349,0.6185391886028995,0.5812690927479344,0.0,0.5595510179680179,0.6503805540893892,0.6347560341698346,0.5877775123906355,0.7721374867045588,0.5461668386966062,0.5851176759495551,0.561309773473013,0.5081574662481223,0.5650124336030944,0.5410201391153548,0.4994321171957232,0.5008013047347376,0.5545619938247859,0.5301356784754746,0.5996446090303102,0.5953226073255617,0.6353510363515285,0.7921343008748217,0.5038268881320563,0.5363335374471896,0.5111830821974053,0.5292290280630156,0.5717097264713763,0.465077499680955,0.5266819599791583,0.5961329664303204,0.5403572000984321,0.6190033211548063,0.577715939999244
MEX,0.643234883624847,0.5401144479787405,0.48433930752822196,0.5325105475841467,0.5279583465432244,0.5319781046761848,0.5987237871137858,0.5841044229812016,0.5247709947787482,0.5340523799566741,0.8056851857149754,0.5021251554262105,0.5879170667153495,0.5483516674198661,0.5405212851107098,0.6201537681310632,0.64122662732623,0.6565965524834326,0.5840521367569559,0.5529391251035222,0.6558973388452304,0.5260741659904099,0.5300213392533045,0.5670647004386797,0.6153563102146752,0.5397107278459655,0.5712212093606482,0.5350953458658162,0.5404436907595502,0.505869415126723,0.585920091822149,0.6760849620693292,0.5936844855659505,0.5001536739599057,0.6105374180685071,0.5993809422318654,0.6273244625522187,0.626173896107903,0.5710455380669025,0.5136542936482679,0.6163512361742309,0.5257234744615076,0.5775839760508203,0.7045088332120852,0.5331979423339994,0.734892141588061,0.5944193579860703,0.6269801426886348,0.6028740199609463,0.5595510179680179,0.0,0.6725425183969261,0.6421700625398147,0.6073909596608301,0.7384261638917492,0.5124996760015843,0.5382783987424974,0.5771589868851544,0.5446530760522158,0.5787425718132241,0.5727062831183779,0.5328504401563512,0.5341900404004669,0.57263056218606,0.5461828077316232,0.5719827101003895,0.6041184610368068,0.6254038404214555,0.817305506695599,0.5457592811427844,0.569480785692474,0.5209090946218619,0.5772141704573992,0.5957778287284555,0.5126874800722377,0.5157888150874901,0.6086034969421366,0.503704393217736,0.6277099236228028,0.6095221420963631
MLT,0.7169912279855256,0.6224622598051677,0.661674322353514,0.6372201879596423,0.624369812226159,0.5980927188886727,0.7002764214429935,0.6571137019105664,0.6091090894305381,0.6457881872272568,0.8849258405864012,0.6353667252022328,0.6077238835090008,0.6751546775416538,0.6586115409309505,0.6702231661703062,0.7256804541908325,0.7820716164088926,0.6863899480629087,0.6463431322523481,0.6482801287199874,0.616127215343353,0.6253332813278851,0.6368011612338086,0.7186850864942059,0.604750752873201,0.5950275049531024,0.6218996494337247,0.612092116395444,0.6123003122327618,0.6542718294364079,0.6973414105983977,0.6546799712034017,0.6010805179622782,0.6692012305807704,0.6813077526407769,0.6452308819523512,0.6078488422972081,0.6876947283743069,0.61263750486697,0.6840979690143085,0.6225239920574912,0.7187664001678449,0.7745862859326653,0.6356273023269988,0.7707674601339639,0.6467458366906701,0.6447779674163107,0.6334107920854085,0.6503805540893892,0.6725425183969261,0.0,0.7641171948967543,0.6551229741546216,0.8016660427771956,0.6096603628699202,0.6548266240753741,0.6609093564085904,0.6472939802189134,0.6961533210322987,0.6413850481310609,0.6013862734024146,0.6047155854949545,0.6616593905051474,0.5907804753342263,0.6965753345612158,0.6753627899436319,0.6742526157854789,0.7954210079172369,0.6128836085711851,0.6006431376388209,0.6129031532046816,0.6451092682884811,0.66049425559642,0.6248199199952696,0.6163490090378684,0.7132363171555373,0.6438615758368808,0.6657759760902259,0.7057926051154387
MMR,0.702383293105298,0.6165060240121158,0.5625605383229211,0.5686920058108798,0.6340337684293164,0.6529563199745236,0.548713936275196,0.5815794949504339,0.532799303122482,0.6213131550532333,0.7994565737845686,0.6171100201035391,0.6843437344483478,0.625789928464755,0.589292681778129,0.691756024972534,0.6696301554156319,0.6736227358959478,0.6418035478275919,0.6413338060433702,0.6723452151833709,0.6209814684430448,0.64780203391272,0.638527469193778,0.6273946241237217,0.6185965382355747,0.6539543813484637,0.6251770570999051,0.6402468729564041,0.6226827451422982,0.6398563447623528,0.7860080687329506,0.635470313740029,0.5983255238942596,0.6342727576284332,0.6188959656080836,0.6778200486880008,0.6630828356840581,0.6882887696291319,0.6252029793364486,0.6792345698519631,0.629968435256046,0.6386875965084532,0.6667135280735593,0.6444150941338121,0.7137663013486608,0.639937234361464,0.6972592781113718,0.6697161243086623,0.6347560341698346,0.6421700625398147,0.7641171948967543,0.0,0.6930612356597426,0.7348746220926948,0.6345797814239468,0.6241220254015752,0.6004483505434395,0.3975491663843491,0.6119623469124073,0.6086796883051361,0.6225956429797904,0.6237821479485997,0.6052652084931341,0.6570802543038097,0.6414072040456616,0.674753891657406,0.7194388347374591,0.8283610446817734,0.6332434877434276,0.6360423621163003,0.6307731226243382,0.6270039068669895,0.5793412248919922,0.5875228665494446,0.6230086982603696,0.5915768102047879,0.6385770539044864,0.6471066412073422,0.666364932554216
MYS,0.6560837123444976,0.5252247325285083,0.6007250766871925,0.5349966094452498,0.5425158068774076,0.5695019639512445,0.6346236685753122,0.5944894741156325,0.5499265608678626,0.557508197366511,0.7846724298142173,0.5509681610828511,0.592734424263921,0.6166583259924452,0.619064407786557,0.6482838165773273,0.6288378526472036,0.6736363180988012,0.6201244805967836,0.5689557509565603,0.5981758559075127,0.52934186928709,0.5816179545633671,0.5820881024613356,0.6209481288773359,0.5559466480209732,0.5709117596528982,0.5519961505189671,0.5550149552036686,0.5372885748384593,0.6005384331336455,0.6021880843934646,0.5991989089128319,0.5429994577338934,0.5599622841301498,0.6241660944451655,0.6255811057259586,0.5964751217859462,0.6164914570316317,0.5626926481075609,0.5955103887974955,0.577624007772651,0.5942646502653213,0.701023062154845,0.5984331078157653,0.6960519355667713,0.5938349067343768,0.6042689029109699,0.5811327683993924,0.5877775123906355,0.6073909596608301,0.6551229741546216,0.6930612356597426,0.0,0.7355790142886722,0.5448680384824235,0.5593619286126248,0.602415325199382,0.5895860878125752,0.6210999079017239,0.5579809281174135,0.5223358009267423,0.5547986260760447,0.5723257884924519,0.5278068278959005,0.5807470651249688,0.6309510997147159,0.6372739850142143,0.7658063101010111,0.5448399058342136,0.5859266321316255,0.5696637300360525,0.545374118181105,0.6165506712804674,0.5408751495259233,0.5281548812533564,0.6353593350198878,0.5700561340281247,0.641237253030217,0.579553046991218
NGA,0.7697084109359237,0.7519908150456152,0.7158838932002067,0.6710134201776541,0.7088190358716046,0.7265468288564088,0.7078824584713486,0.7627450522182658,0.7080321562206896,0.7144025299564732,0.8699815798414329,0.6990232401958978,0.7302429277578265,0.7327517048719907,0.7390684654483752,0.7615087030733498,0.695468055700868,0.7659775208116544,0.7030333426933774,0.6771067705145314,0.7495804002526559,0.7218368213940993,0.7365801152131756,0.7077776760444254,0.7704403338904858,0.7227016519470936,0.7207055622703938,0.7191163845356106,0.7197988985688164,0.6890522226853035,0.7400671061465659,0.7449810132214366,0.735065153657906,0.7067973435220972,0.7146704326203136,0.7705707087127908,0.7373249757775312,0.7250649626128985,0.7393921297636225,0.7101207170939897,0.7647891568828965,0.7344677133481395,0.6971912660684921,0.7894958458855034,0.7674260482504527,0.7744613868312995,0.7072227530517647,0.7145540031168239,0.717986123735989,0.7721374867045588,0.7384261638917492,0.8016660427771956,0.7348746220926948,0.7355790142886722,0.0,0.704024873447042,0.7109929706624077,0.685239325852684,0.7070962823278641,0.7381618415942031,0.6921431954821691,0.6875433484744972,0.7149283185744197,0.7051265887856754,0.7264950418684337,0.6936525384953962,0.7236921248741911,0.7753200739950843,0.8229085283967772,0.7254215212371259,0.712817205237984,0.7318738263694747,0.7357282285212563,0.7357246069867853,0.7072964064766458,0.7237942541393674,0.7304685078722808,0.6951474864160996,0.7645051280945186,0.737427711843381
NLD,0.5967469958606725,0.4536349467750968,0.47983545062297367,0.43799861913617066,0.39766394521688486,0.3652125382415624,0.560625810437234,0.547759847709199,0.4728731739118536,0.4836001549818273,0.8073130603757487,0.41798929041834476,0.47502019700289805,0.4928791519587632,0.5704696929604909,0.5794805093025126,0.6216707773086957,0.652223903661261,0.5437585943790684,0.4930314805582303,0.5474849218105314,0.4396207627015654,0.38230678490248354,0.4296300719462343,0.5608528233139407,0.425722034652298,0.47916520562902315,0.42625736495369015,0.3754896128190649,0.3418307656398687,0.48749339805731357,0.5599777818549548,0.5019862494420663,0.43258194888891577,0.5604169532502005,0.5784515442964117,0.5162613671334648,0.502545834363614,0.452822880667398,0.398159090470435,0.5870758457216013,0.4711306695373139,0.5790380921239209,0.6870296083251486,0.47940044247361174,0.7307617058051626,0.5316853007079745,0.5040241971127446,0.5102657560555366,0.5461668386966062,0.5124996760015843,0.6096603628699202,0.6345797814239468,0.5448680384824235,0.704024873447042,0.0,0.41660919797544327,0.4522937085481306,0.49428764015313825,0.5296719094344582,0.5516767916891605,0.41675552788460335,0.40703492909058625,0.5295290658073191,0.43163308742844786,0.506965624018056,0.5626104428191364,0.5273790231225991,0.7572546541693213,0.4459030769424961,0.4361171800093834,0.42741499074474815,0.5093298129997684,0.5660559359365522,0.47327960755448323,0.43330049434137763,0.6042536192015834,0.40116993711281257,0.6162917011502328,0.5501371364544893
NOR,0.6044990002514087,0.47339646303887656,0.5069268426485235,0.463637990820664,0.4370142448432565,0.47280970325923966,0.5204096463633245,0.5629962969318307,0.479602594522563,0.5301144537004069,0.7782516091014903,0.4704158094941291,0.5326463036812116,0.5278140833898438,0.5749374129473448,0.6069375714535258,0.6185671206984604,0.6130334302316114,0.567955768817469,0.5317763250622429,0.5369521421080038,0.48673208953324526,0.4591251409714024,0.4409943047324319,0.5514456379199947,0.48664781491115844,0.47564227372546564,0.4623643152798709,0.4799587259027764,0.42479959661647293,0.5165966675204751,0.5964191912844633,0.5042866026936739,0.47389357142956534,0.5743187257739937,0.5941451103348461,0.5591006293843148,0.51876438159291,0.535412474492408,0.4606855391135425,0.5807517296223981,0.5068828732161036,0.5706537664014268,0.6918890830773629,0.5096751565050004,0.7233902734854138,0.5433744495378064,0.5708953722940504,0.5185259856113148,0.5851176759495551,0.5382783987424974,0.6548266240753741,0.6241220254015752,0.5593619286126248,0.7109929706624077,0.41660919797544327,0.0,0.4741151379731791,0.5043005581333517,0.5588586092299349,0.5685498661437646,0.4735518071212706,0.48179645127141607,0.5535061828835445,0.4596307568110744,0.5297050094915698,0.5999687217876231,0.5512981091801863,0.7691908266278029,0.5186846673497104,0.5034649696335844,0.44900247994257125,0.5329824951746355,0.5409199675894499,0.5087081548592528,0.47880077811592964,0.6018362704671384,0.44336911800552264,0.630270465588055,0.5762365964386333
NZL,0.6062030732869336,0.4635215259856838,0.47658734426006033,0.42483468537086916,0.430910766123141,0.46634378222600803,0.54724391897609,0.5464765017109379,0.47886167383300077,0.5060599144116024,0.7719323940637423,0.46008625053100144,0.5215975749056677,0.45963389695430673,0.5750537161296284,0.5716348288023496,0.615011213334001,0.6707289718459308,0.5181377854002461,0.533866538215875,0.5647421386199748,0.4624713865636542,0.45672772259998395,0.516501287507555,0.5803172158407278,0.46207603534170083,0.5043046206295451,0.47819301631207706,0.4458690286576489,0.42904104835455104,0.5277379143321385,0.6338806635562587,0.5039696376844578,0.46007582619086124,0.5629898549556617,0.5885573551720075,0.536172287082608,0.5219704246840556,0.5394980232898529,0.46030749856773867,0.5918740112491977,0.5142265519176564,0.5749062035482394,0.6856416221575015,0.5244938793520699,0.685625488275092,0.5363806054093948,0.5678707625236554,0.5332098832664375,0.561309773473013,0.5771589868851544,0.6609093564085904,0.6004483505434395,0.602415325199382,0.685239325852684,0.4522937085481306,0.4741151379731791,0.0,0.47336835249481113,0.5126652938934352,0.5296906477677831,0.4614098465894503,0.4413468957850441,0.5282466990374061,0.4754048765691492,0.5693784666971509,0.5671994688822678,0.5785532002091187,0.7722509885279165,0.4797792798386061,0.4811583373170026,0.4548561250907319,0.5451028355598568,0.5702486411807162,0.4794574743788201,0.5056791325584061,0.6006888325987163,0.45751884196527415,0.6169504200309164,0.5512140549223795
PAK,0.6158794251987402,0.5229037383798192,0.4278253163281806,0.44037630245685305,0.46792575150252536,0.5111274493966665,0.44018816934835947,0.4458815224156152,0.3521571069903719,0.4907972494721743,0.8036079989237724,0.48202338959422747,0.5578645384031755,0.5137853322102949,0.5024251912632135,0.6008206471837145,0.6114716546618826,0.6073047950088055,0.5404053791070408,0.5277019102820473,0.5628127400014367,0.45600977999617276,0.506078710888082,0.5275028991050319,0.5221276784123763,0.46925518259236204,0.5154387242362307,0.4850601089666115,0.48915636003604746,0.48152991321911415,0.5064955810614359,0.6742760215558512,0.5015758427128174,0.4163800131071659,0.5536765841746667,0.5226065973868111,0.581613090267501,0.5066781276471191,0.5862175709630446,0.48795661363468545,0.5575652239473661,0.4903111348087465,0.565103303216638,0.6310469819453839,0.4978072032027417,0.6716750661354555,0.5039585441347728,0.6030540829263933,0.5235737402643348,0.5081574662481223,0.5446530760522158,0.6472939802189134,0.3975491663843491,0.5895860878125752,0.7070962823278641,0.49428764015313825,0.5043005581333517,0.47336835249481113,0.0,0.5446036528086793,0.49351605472938853,0.4599250557336469,0.48475777807799586,0.47997443522992334,0.4970546250364064,0.5701728715915463,0.5628196813581657,0.6128738219688048,0.7723631466043506,0.44606977941418047,0.4970847313021912,0.4740322062665242,0.5165157543850929,0.5033412430798035,0.44325193392567297,0.4937602439816315,0.4835541567973028,0.4908278355636612,0.5469292006820186,0.5732013639968672
PER,0.6534717611762902,0.511711573856656,0.4807147649923521,0.46157233300059247,0.5550967420201218,0.5339782424763149,0.5968876792910607,0.5656759497793417,0.5330487785971416,0.5517626566262712,0.7725468279042608,0.52752624454968,0.6087830197839221,0.5136575599690385,0.6074256952763061,0.598489822013672,0.6316611907616964,0.6268988832765173,0.5565024376621501,0.5865674530788104,0.6215031291681448,0.548194926195183,0.5519535708641156,0.5859234829160938,0.5568263373063362,0.5215854279861244,0.5685500040863372,0.5527129717360099,0.5302046943680955,0.5114803809802169,0.567760235216684,0.7068399386112809,0.5711126282357909,0.5257613125466136,0.5972057745735838,0.6097811835329078,0.5982236279773746,0.5833241565087568,0.5851429694532638,0.5337313316511175,0.5756351882676092,0.553185863812242,0.5589780353831554,0.6807887734536816,0.5854526766262402,0.6774766896786966,0.586877201981291,0.617569584300052,0.6002639801710986,0.5650124336030944,0.5787425718132241,0.6961533210322987,0.6119623469124073,0.6210999079017239,0.7381618415942031,0.5296719094344582,0.5588586092299349,0.5126652938934352,0.5446036528086793,0.0,0.5794347173072362,0.5477668766939173,0.5157537432492207,0.5549520394687923,0.5502136723290986,0.5643915531154912,0.5994551933607041,0.6334801224987908,0.7966545960892328,0.5535201958446446,0.5695151995224773,0.548821990675653,0.566730020466586,0.6110826923529714,0.5230954886326566,0.5350556220575884,0.6195057768138696,0.5276536557009757,0.6321641420202699,0.5757642578068427
PHL,0.5978479100571676,0.49876206712533677,0.5308877468322489,0.5076527712335873,0.5253085794675254,0.5534455510802584,0.5849963179207099,0.5366662925301623,0.461329841511032,0.5259302207448768,0.7701539575804147,0.5282033815369787,0.5873369157410309,0.5583828340536137,0.5282956122015069,0.5959171553044831,0.597357919480329,0.6946628531738498,0.5493350242871792,0.5470114689826404,0.5944632550838486,0.518043377124028,0.5763273453807551,0.5764115746379471,0.5996758332097685,0.5336021094577179,0.558020760083099,0.5620923068502978,0.5599813379941103,0.5330829254477673,0.5699328971829986,0.66309325398844,0.5509691753337443,0.5027456501558075,0.49752660166264145,0.5673545635657157,0.6273117197137725,0.5850820503252988,0.6302534825213107,0.5459786456086045,0.5708666991560774,0.5291910383145869,0.5747278533998558,0.7024459992203226,0.5678357287105975,0.6612535452103778,0.5433998898366708,0.6309931102469044,0.5803217323059303,0.5410201391153548,0.5727062831183779,0.6413850481310609,0.6086796883051361,0.5579809281174135,0.6921431954821691,0.5516767916891605,0.5685498661437646,0.5296906477677831,0.49351605472938853,0.5794347173072362,0.0,0.5125146479796115,0.5230370541695588,0.5342677122616679,0.5233903675496708,0.560671282932397,0.6001477284965357,0.6302768846345984,0.7896988741800579,0.5202752501159724,0.5736462442741922,0.544000102872372,0.5204354559433519,0.5967906307740389,0.5033043569486757,0.533100247240605,0.5804263727011357,0.56693831252009,0.579173366677398,0.5633087128158036
POL,0.6141526685467075,0.44090981294612963,0.48595199336281286,0.4369620575283832,0.37704809730261535,0.42984034174439795,0.5593100677355675,0.4907742148712642,0.43151187991424494,0.4648502309858045,0.7906878569359023,0.4306871774022909,0.4843127007441348,0.4966955272032045,0.513143704410664,0.5596477850616306,0.592674095977652,0.6718242254871615,0.5338973905510654,0.4778252402043987,0.5479489242176407,0.3719845891281276,0.4144558112993545,0.4784604626200222,0.5678789637718962,0.39821796971757456,0.4637401649270487,0.41566113470457156,0.41167260567313896,0.41043958558522853,0.47804274343545256,0.6002413729065634,0.4775003080850303,0.38944729353474516,0.5181464084889265,0.5532399926092012,0.5341351582941327,0.5051508559726828,0.5345673829852744,0.4106679788477931,0.5628656152992509,0.4290824634497755,0.566058567405574,0.6632966262586828,0.4857455489204648,0.6800798067367654,0.4821961719658515,0.5294431045222732,0.4659545355706808,0.4994321171957232,0.5328504401563512,0.6013862734024146,0.6225956429797904,0.5223358009267423,0.6875433484744972,0.41675552788460335,0.4735518071212706,0.4614098465894503,0.4599250557336469,0.5477668766939173,0.5125146479796115,0.0,0.4151269557347808,0.4764223409578369,0.41504290303110375,0.5469324188644957,0.5370611122261243,0.5694638889993409,0.7632930151823426,0.38185099191006694,0.3882551099431304,0.40919453400383987,0.5005948759049912,0.5281656667676786,0.41281645482600343,0.4381021227717454,0.5328135728163675,0.45121108675122834,0.5879744744815143,0.5288957629694249
PRT,0.6248211760646089,0.4332941209102447,0.47154807466047216,0.43817474146277674,0.3769400825174092,0.36416645742798587,0.5518673981900194,0.5095673671264825,0.4704973405650942,0.47789853358104395,0.7803905052812553,0.4388159558153137,0.44355212059624366,0.483457292177412,0.5649728390128053,0.5711943181061936,0.6142961923669438,0.6371732436332574,0.5120903360043435,0.5049151833449447,0.5291278162609367,0.42319024377335496,0.4391407642837023,0.4855659713388779,0.5664258616779383,0.3936043281250378,0.4892885812218869,0.4182571953944087,0.40120722037897305,0.4145566869683886,0.4844549471187179,0.5947252739879828,0.4984170689688919,0.4154243602357655,0.5268650948691516,0.5809324701564373,0.5055474142675072,0.5084099971297091,0.5037341230567203,0.4159663804804877,0.587425799513776,0.4567559597186727,0.5851722227407409,0.6564137007270934,0.48754230579730795,0.7105324386538934,0.5032703582438849,0.5088322085894019,0.47295812191919673,0.5008013047347376,0.5341900404004669,0.6047155854949545,0.6237821479485997,0.5547986260760447,0.7149283185744197,0.40703492909058625,0.48179645127141607,0.4413468957850441,0.48475777807799586,0.5157537432492207,0.5230370541695588,0.4151269557347808,0.0,0.5165552006696319,0.46694355537676546,0.5189130761992853,0.5364928728392001,0.5455754142700693,0.7525924176882168,0.41919818804626374,0.4157282517622063,0.42538407314940996,0.5099451571919549,0.5519408613996072,0.4315666713585746,0.4488699395016818,0.5925069053793283,0.4602511859279947,0.6063106703040616,0.5308222267211162
ROU,0.6358073798549905,0.5103165213949293,0.4861910588679946,0.487997371369243,0.5059443296490879,0.5406125977009367,0.5746612326411685,0.5167882561681891,0.43574701559146733,0.5238945090030421,0.8015999814337487,0.5231819891349763,0.5951474976060296,0.5570281864213308,0.5025571040351068,0.6230544328072152,0.6142712991780244,0.6162048253739294,0.5543245997020725,0.5781656024066273,0.6245501910055083,0.46407454324054315,0.5390327579677837,0.5743489324158554,0.5388027939275382,0.5062556172743938,0.5260371241683638,0.5286607340674075,0.5365893635555349,0.4941365548269461,0.5689239275735523,0.6840656632092482,0.5265553898763882,0.48552767853055123,0.5572752952498998,0.5611584925202937,0.5837047140143048,0.5722846905918464,0.6187059774145648,0.511534754580534,0.5416183975203542,0.49927148316463255,0.6076173034650862,0.6589997092620674,0.5428428264444969,0.6836990569314082,0.5289864686027134,0.6180540512156125,0.537280583762752,0.5545619938247859,0.57263056218606,0.6616593905051474,0.6052652084931341,0.5723257884924519,0.7051265887856754,0.5295290658073191,0.5535061828835445,0.5282466990374061,0.47997443522992334,0.5549520394687923,0.5342677122616679,0.4764223409578369,0.5165552006696319,0.0,0.5073380065337545,0.5841442088181277,0.5827433445029573,0.6398631824922059,0.7754149135639965,0.4392199919021489,0.5229947567382721,0.5404841192642655,0.5054936592511745,0.5544372183624369,0.46761659195713373,0.509135379187596,0.5568126676012917,0.531834608946834,0.5639114127114438,0.5781941910498756
RUS,0.5709742906703889,0.44518996337483485,0.489389972745348,0.4575205069407199,0.4313782258973782,0.460832683801689,0.5497603963249219,0.5287172931728069,0.4540228224893156,0.5029083883667834,0.7856604338992292,0.45514785279755804,0.5285108805034483,0.5124978181587607,0.5547356268777436,0.5897011745612712,0.6125709271799573,0.6589213102562449,0.5659555456286692,0.5396306810666948,0.5714416166219457,0.4333835930185055,0.4700158099819345,0.5086156526273999,0.5764782287050844,0.45950362898079916,0.45261089349294964,0.48311285074517096,0.4595127511539314,0.43191238331923554,0.5036612750543901,0.6134836320997525,0.4976901850972173,0.4328585944095794,0.5353426689724944,0.5576985056044854,0.5638575577473485,0.5257682858193317,0.5552911481778061,0.45267635817527746,0.5583608626837254,0.48990969556794656,0.5434465779769869,0.6827036019955796,0.532268291752763,0.6781486370045025,0.5231401257513824,0.5488907092150732,0.48307759958417185,0.5301356784754746,0.5461828077316232,0.5907804753342263,0.6570802543038097,0.5278068278959005,0.7264950418684337,0.43163308742844786,0.4596307568110744,0.4754048765691492,0.4970546250364064,0.5502136723290986,0.5233903675496708,0.41504290303110375,0.46694355537676546,0.5073380065337545,0.0,0.5719865150200021,0.5721559661172418,0.5701911199698436,0.7318498571457377,0.4370004255700808,0.4828057224908637,0.4622052031385789,0.5021648102536914,0.5459075559924516,0.45981034595680054,0.4776383919079986,0.5713732564224342,0.45545086427115844,0.5933109700402321,0.5534180217344828
SAU,0.6299265704920378,0.5304031070686067,0.5091340568149512,0.501616220697038,0.5287660337184962,0.5257415814524169,0.594154325231952,0.5914723309911972,0.5699238711017467,0.5407856805324033,0.7988235450753358,0.5558016227200375,0.5826133643494099,0.5956624060205982,0.6112914024783203,0.6422540026439063,0.6001244613966262,0.5934796983695579,0.5806609820920415,0.5564726065153821,0.5915789796302279,0.552221922853651,0.5627589881619951,0.5423355561279848,0.555267919321816,0.4761268110679603,0.5702520442879494,0.5695626643185195,0.559615464529067,0.5190592843053822,0.5940500834580552,0.6326601642948784,0.5750397893376753,0.5361613114303734,0.5724096022460012,0.615007311620499,0.6189920579571091,0.5930192550399871,0.5706278936570276,0.5259623115756011,0.5862956720137179,0.5564640977237124,0.5402183044238764,0.7002056404435305,0.5973466707982495,0.7188093655683054,0.5772317390279217,0.5975895096570675,0.6054819024361152,0.5996446090303102,0.5719827101003895,0.6965753345612158,0.6414072040456616,0.5807470651249688,0.6936525384953962,0.506965624018056,0.5297050094915698,0.5693784666971509,0.5701728715915463,0.5643915531154912,0.560671282932397,0.5469324188644957,0.5189130761992853,0.5841442088181277,0.5719865150200021,0.0,0.6252834646881689,0.6272294092975901,0.7699987821892967,0.5530068486446096,0.5897149230730658,0.5686103269431537,0.5667607435545258,0.6184811345037539,0.5390958476991374,0.5278748146423952,0.6102039692058335,0.5351686558138044,0.6365050469973214,0.5789619302928083
SEN,0.6912950239793445,0.6044797785778765,0.5583632770685563,0.5543461553735861,0.542562988759852,0.5485869212799632,0.6169333343837958,0.6086693507474834,0.5701329989131849,0.5784385811883271,0.8091731879381321,0.5464054652503102,0.582605242653412,0.5696281164592958,0.6373119880003989,0.5991698249983589,0.6061233477172676,0.6850300895632223,0.5877202759263325,0.5388457706873263,0.6411008658754083,0.5535336359923179,0.5705143351000315,0.5989112663403255,0.6366788752333233,0.5400611647373674,0.580062037937003,0.5574604907091563,0.5496840215249865,0.5468452076644941,0.5685300276026817,0.6928711968711864,0.5834109262804519,0.534825547001688,0.631363854032849,0.636166657522065,0.6430802718637674,0.6147185601752244,0.6051345882815347,0.554739336527156,0.6185374213355098,0.5706393242583138,0.6375443447531093,0.680852452501693,0.5920410741601777,0.7599458057996045,0.5644980785085059,0.6317145745704006,0.5623474386735947,0.5953226073255617,0.6041184610368068,0.6753627899436319,0.674753891657406,0.6309510997147159,0.7236921248741911,0.5626104428191364,0.5999687217876231,0.5671994688822678,0.5628196813581657,0.5994551933607041,0.6001477284965357,0.5370611122261243,0.5364928728392001,0.5827433445029573,0.5721559661172418,0.6252834646881689,0.0,0.643843338101907,0.7688587525254841,0.5528031215819796,0.561742212527731,0.5547848273333869,0.6025416340593196,0.6035126562701153,0.5519180148644052,0.57078483966506,0.6395631336139995,0.5679106680748595,0.6815391765245096,0.5999833705926683
SGP,0.6689419545304732,0.5140417312449426,0.610324293246713,0.5960458857886076,0.5606243713983141,0.492986351051364,0.6712912731614921,0.6199057111997036,0.5718079988376463,0.5853705403476095,0.7930015078766683,0.5801599671624177,0.5395542520369468,0.5926448202435634,0.6294656317239152,0.6404601998918809,0.6959315755364287,0.7633021753769715,0.6426376891407924,0.5807747536654678,0.5925719828325916,0.5829692717738516,0.5364524607327916,0.5411025569466467,0.628182649009529,0.5666671027697455,0.587608647928779,0.5602844719062466,0.5459176077909835,0.5374618706378254,0.5471815066261678,0.6193627030964886,0.5797790637150334,0.5665928626387733,0.6145053201024068,0.6579563870210087,0.6299671223465396,0.6038686911825,0.5274966404071386,0.5435875218061412,0.6447489414289372,0.5822019148882704,0.6844409882659809,0.7437430478800224,0.5539850935221354,0.7802901155601449,0.6105718850239913,0.6224016559198849,0.6002016383397294,0.6353510363515285,0.6254038404214555,0.6742526157854789,0.7194388347374591,0.6372739850142143,0.7753200739950843,0.5273790231225991,0.5512981091801863,0.5785532002091187,0.6128738219688048,0.6334801224987908,0.6302768846345984,0.5694638889993409,0.5455754142700693,0.6398631824922059,0.5701911199698436,0.6272294092975901,0.643843338101907,0.0,0.8072132878997473,0.5910637782936272,0.5907125728140268,0.5512824101267638,0.5888959508392972,0.6674315260982643,0.5707602571358524,0.5302063632127901,0.6583060592432654,0.5644530503558806,0.6926459588266874,0.6454555551365776
STP,0.8096773490852041,0.7886372647327754,0.7802351529236902,0.7445583116611785,0.7380707589299101,0.7546074881139446,0.7654395433165668,0.7795636750006023,0.774332425315037,0.7714674329915183,0.8693753025074976,0.7504131759748791,0.783360288341077,0.7899618675858541,0.8231062306157931,0.8110367763604307,0.7988094316343217,0.7838894906175907,0.7806782505320933,0.7522842007433448,0.7586612734338755,0.7630198874028633,0.7869934712058407,0.783611405715938,0.7976481160328617,0.7601523077110932,0.7570339816756878,0.7705675657652689,0.7668710961415743,0.7434000176713403,0.7840472588174846,0.7547223955216281,0.7734173252468716,0.7376140452869511,0.7737338882025464,0.7914810418035765,0.7550680487524952,0.7166904152651489,0.7800502324550842,0.7685133745491841,0.7882359719779071,0.7686528466501888,0.7775111620462429,0.7972149464247057,0.807307930830419,0.8125473555364544,0.7402055610617101,0.7282228566787939,0.7337389792648881,0.7921343008748217,0.817305506695599,0.7954210079172369,0.8283610446817734,0.7658063101010111,0.8229085283967772,0.7572546541693213,0.7691908266278029,0.7722509885279165,0.7723631466043506,0.7966545960892328,0.7896988741800579,0.7632930151823426,0.7525924176882168,0.7754149135639965,0.7318498571457377,0.7699987821892967,0.7688587525254841,0.8072132878997473,0.0,0.7472873478395238,0.7589217804467576,0.7679952620405289,0.7676053599519146,0.7676667971474459,0.7432833541623508,0.7584043900918409,0.7969635244497378,0.7719276335961158,0.8326065923194075,0.7626191706509161
SVK,0.6291177359613528,0.4668950655307366,0.459429620448833,0.4509634297060264,0.393831177250415,0.43399647449903267,0.5455739872516308,0.4496812696965501,0.4231873365135377,0.4680857482963643,0.7996474732426261,0.45806888902410414,0.5093367822927439,0.5260736895411189,0.5313403999175829,0.582780967835914,0.6109571974865892,0.6301188600795067,0.5449906042673646,0.51663255218616,0.5739574624340228,0.36398889841617155,0.4366424707443657,0.5278374127046979,0.5447828254422056,0.3978207578317979,0.48672948755948625,0.4454548128119671,0.42589125298506303,0.42512265922431786,0.5163297558372966,0.6265689573362604,0.4917005912869572,0.38924291269883876,0.5538895650613735,0.5413068401301417,0.5416011868892345,0.49504532430953563,0.5597797483109107,0.4269003428763016,0.5353354532938138,0.4404898821349605,0.5754806440475493,0.6334459649349485,0.4972588006507287,0.6921637176402529,0.46683986472245925,0.5690192879978632,0.4469020751353972,0.5038268881320563,0.5457592811427844,0.6128836085711851,0.6332434877434276,0.5448399058342136,0.7254215212371259,0.4459030769424961,0.5186846673497104,0.4797792798386061,0.44606977941418047,0.5535201958446446,0.5202752501159724,0.38185099191006694,0.41919818804626374,0.4392199919021489,0.4370004255700808,0.5530068486446096,0.5528031215819796,0.5910637782936272,0.7472873478395238,0.0,0.41510924786618336,0.4435602358602441,0.4952028874541438,0.5316833775693642,0.40409394547404387,0.46120155349591824,0.5235959632932067,0.48781291475815863,0.569201064572529,0.5468446637788478
SVN,0.6655448076651972,0.49964381477370323,0.5146258379592091,0.46508038073876456,0.4113028071362821,0.4150859139720733,0.5590381706207767,0.5288594849695768,0.4941161313268391,0.49892165176137115,0.8216323636411653,0.453884839439187,0.484389916479883,0.5392566467998572,0.5549702279859166,0.5874571447172334,0.6333898448477361,0.679264157708572,0.5580132898700251,0.5144025068650744,0.5672597043715942,0.41798077852427207,0.41789897147339355,0.5150106027465794,0.5890472253010288,0.40989236750505603,0.48520255987738725,0.4273964827702154,0.40260586834438405,0.4138673837789783,0.5181189357283638,0.6197108649742968,0.5020252843863086,0.4239435405300752,0.5710986745764602,0.581738129801035,0.5164453422585328,0.5146576102546343,0.5436289714635475,0.4218030382602777,0.6044200202043326,0.457746992457197,0.6178944499327398,0.6596632630269071,0.4982363867996635,0.7351560067172901,0.5052765709392854,0.524193294207537,0.4621508462413422,0.5363335374471896,0.569480785692474,0.6006431376388209,0.6360423621163003,0.5859266321316255,0.712817205237984,0.4361171800093834,0.5034649696335844,0.4811583373170026,0.4970847313021912,0.5695151995224773,0.5736462442741922,0.3882551099431304,0.4157282517622063,0.5229947567382721,0.4828057224908637,0.5897149230730658,0.561742212527731,0.5907125728140268,0.7589217804467576,0.41510924786618336,0.0,0.43654387963117736,0.5361760901070599,0.5302784336697591,0.447927694490475,0.47604687385171757,0.5928954375503594,0.4688995573086232,0.6233587183032919,0.562708567747242
SWE,0.6481210189465934,0.4515200120781612,0.48510061119705844,0.4463261420958616,0.3856424345428036,0.41695351891269183,0.5647025787471598,0.5131632915251915,0.4766250710875022,0.4964235652787142,0.7838029767541408,0.4016033762489325,0.48651921230322764,0.4707009708324781,0.5445632702067521,0.5582701265826876,0.6228366226619442,0.6678572097615474,0.5547967584806583,0.5165208263169132,0.5632218958949567,0.40636907240351006,0.4016658401847265,0.4741550453724694,0.5800927843444462,0.41658099033072227,0.4808049244536142,0.3831058634879142,0.40834142790997946,0.4291106809907702,0.4811966392768723,0.6245001240418,0.499927150393475,0.3957139489669553,0.5666649309979688,0.567445178354316,0.5242658948697387,0.5267012193903837,0.5193028967833588,0.4034519804394368,0.5763609207510243,0.43872976944440706,0.6074409734927432,0.6757351715043639,0.46341821851578247,0.7357982876749104,0.5177384485831704,0.5523442080859674,0.4710482773581062,0.5111830821974053,0.5209090946218619,0.6129031532046816,0.6307731226243382,0.5696637300360525,0.7318738263694747,0.42741499074474815,0.44900247994257125,0.4548561250907319,0.4740322062665242,0.548821990675653,0.544000102872372,0.40919453400383987,0.42538407314940996,0.5404841192642655,0.4622052031385789,0.5686103269431537,0.5547848273333869,0.5512824101267638,0.7679952620405289,0.4435602358602441,0.43654387963117736,0.0,0.5405298999282435,0.5554575717715157,0.44295999619297477,0.46034138548510206,0.591308549106224,0.4282689363566038,0.621606565535456,0.5264140030723964
THA,0.6291513605224758,0.44584626517348286,0.5336431685327636,0.5109160633403421,0.5084411164373067,0.5156982024205389,0.6035145984616689,0.525581956247041,0.4329356424803514,0.5066032658240641,0.7813560102885302,0.5110987211367123,0.5838014163423721,0.5766010047209548,0.5328653040440439,0.6169577377739397,0.6134332306582644,0.6653764094554051,0.5435475302317972,0.5570557350493659,0.5955290918766107,0.5087451991463393,0.5227803626808651,0.5318330177506162,0.5733243439888897,0.4690014404591362,0.557602078661971,0.5303653054173261,0.5095846059492769,0.5060850111176493,0.5290552083953066,0.6729220224154375,0.52380531288835,0.500617276301836,0.495139065682165,0.5637949341536452,0.5942761669653718,0.5687571761884334,0.5894880408029423,0.4884529597624594,0.5641179184582048,0.4918561967413156,0.615386467344575,0.7014728962752824,0.5158218362942185,0.709174120761354,0.5506410867254612,0.604799890069993,0.5728950996322681,0.5292290280630156,0.5772141704573992,0.6451092682884811,0.6270039068669895,0.545374118181105,0.7357282285212563,0.5093298129997684,0.5329824951746355,0.5451028355598568,0.5165157543850929,0.566730020466586,0.5204354559433519,0.5005948759049912,0.5099451571919549,0.5054936592511745,0.5021648102536914,0.5667607435545258,0.6025416340593196,0.5888959508392972,0.7676053599519146,0.4952028874541438,0.5361760901070599,0.5405298999282435,0.0,0.5825509656083032,0.47341848303151596,0.4585695311583059,0.5898818860787594,0.5288030436506534,0.5753528870802287,0.5943057034050662
TUN,0.652158956683494,0.5675216767825152,0.5346739551911028,0.5416877922722936,0.5378224000715296,0.5483057844647795,0.5618582911381632,0.567714830936929,0.5114080194619706,0.5376621756283336,0.8105002323048466,0.5346379519742848,0.5868006793411674,0.6016937649709608,0.5373940343218273,0.6450718084400804,0.6124260539500949,0.6399472232832759,0.6131363214088263,0.6066597102379261,0.6308051755156636,0.5288033533686431,0.5581539964519269,0.5834834173398763,0.584392847784822,0.5318256057313414,0.5618615904170177,0.5396513325837643,0.5570887812895691,0.5338035318212248,0.589636030343434,0.7105782902782213,0.5610424395520862,0.5041298590280281,0.5962843502375904,0.5865941908891764,0.628370798304328,0.5814254604437615,0.6293877510648133,0.5391798111722965,0.6181262703936587,0.5539937795564752,0.620477222759321,0.6570355953100753,0.5728087694524031,0.7147537771138858,0.5732977728064821,0.6330492182134987,0.5804808713797811,0.5717097264713763,0.5957778287284555,0.66049425559642,0.5793412248919922,0.6165506712804674,0.7357246069867853,0.5660559359365522,0.5409199675894499,0.5702486411807162,0.5033412430798035,0.6110826923529714,0.5967906307740389,0.5281656667676786,0.5519408613996072,0.5544372183624369,0.5459075559924516,0.6184811345037539,0.6035126562701153,0.6674315260982643,0.7676667971474459,0.5316833775693642,0.5302784336697591,0.5554575717715157,0.5825509656083032,0.0,0.5075027035102041,0.5637949417138023,0.5624196044119619,0.5546769895348427,0.6215784039291685,0.6031218653924698
TUR,0.6286430095633243,0.4385127918486478,0.44216236751859683,0.43264503869203474,0.41324283868369893,0.43474806412121786,0.5146681858116395,0.4679482470647692,0.41102841100823123,0.441671958302242,0.7853672732023795,0.42500301462061435,0.5241979055664152,0.5095366359854315,0.48518895587673705,0.5530764659817214,0.5897875909319712,0.6247800703625503,0.5208590955490802,0.49657157316974965,0.55598918454839,0.4158121374785639,0.466648242202468,0.5214861119236737,0.5110857167440319,0.4020130058906155,0.5081430044268008,0.45431132366713056,0.4408758002625399,0.42945794030000617,0.4838895157834743,0.6532743885729484,0.5066277948609706,0.3975338696549362,0.524242299514794,0.5148268083884022,0.5513303769551313,0.5019572099710891,0.5525482041222756,0.4240806226285986,0.5452907758997685,0.4351447120056531,0.5621361740351046,0.6364897778129994,0.45958215450697115,0.6932202817820582,0.5100860317332494,0.5582054345948975,0.49359153646672066,0.465077499680955,0.5126874800722377,0.6248199199952696,0.5875228665494446,0.5408751495259233,0.7072964064766458,0.47327960755448323,0.5087081548592528,0.4794574743788201,0.44325193392567297,0.5230954886326566,0.5033043569486757,0.41281645482600343,0.4315666713585746,0.46761659195713373,0.45981034595680054,0.5390958476991374,0.5519180148644052,0.5707602571358524,0.7432833541623508,0.40409394547404387,0.447927694490475,0.44295999619297477,0.47341848303151596,0.5075027035102041,0.0,0.44733813579277865,0.551597583914174,0.47468319769122463,0.5793468550685132,0.5277600735061083
TWN,0.6240720559818713,0.4109606366042253,0.49669192275174817,0.4761071515922362,0.4512742048261432,0.45289653874848873,0.5832948298360575,0.531801261748573,0.4166817679851476,0.45854897032096037,0.7839662852428863,0.44379881138416116,0.531388081721131,0.5186201177271815,0.49495163658939284,0.5802839158659189,0.6291834026735209,0.6545324979838937,0.5476411173614779,0.5009604643608798,0.5739448086910224,0.45562770963479543,0.4476108649497884,0.49870179398522424,0.5264683252176199,0.4235881937536934,0.5133568203596337,0.42958703434988293,0.4443147955598597,0.42898515901152606,0.4869322344235555,0.6054658660775569,0.49859725082342987,0.4491950227181471,0.5400453451141306,0.5678992460774342,0.5545204774950229,0.5333760991218266,0.517016531207968,0.4354530638565094,0.5348508152594772,0.42653672158280687,0.6125223832216179,0.6839619059143806,0.4206634965906616,0.7136319557596444,0.52069283730791,0.5579910190757966,0.5430594036487244,0.5266819599791583,0.5157888150874901,0.6163490090378684,0.6230086982603696,0.5281548812533564,0.7237942541393674,0.43330049434137763,0.47880077811592964,0.5056791325584061,0.4937602439816315,0.5350556220575884,0.533100247240605,0.4381021227717454,0.4488699395016818,0.509135379187596,0.4776383919079986,0.5278748146423952,0.57078483966506,0.5302063632127901,0.7584043900918409,0.46120155349591824,0.47604687385171757,0.46034138548510206,0.4585695311583059,0.5637949417138023,0.44733813579277865,0.0,0.5703032386926038,0.4544435841744511,0.5832845766314487,0.5329633518245578
UKR,0.6743781966152067,0.5779305857036549,0.5236700493579356,0.5537315802187854,0.5683434637866718,0.6055973827723619,0.6001824411634399,0.5411971883065508,0.5014601005315671,0.5867403935915078,0.8113673129889584,0.5854621226589417,0.6390640675724544,0.6147800210459069,0.5548923767972342,0.6811694172677015,0.6530256112734097,0.6491622955607845,0.6290848480515424,0.6038381277498531,0.6458401828038478,0.5404155751938308,0.6068794522229852,0.6179984056456935,0.579512986809473,0.5715623017542246,0.5887119446876026,0.5790960099665662,0.5905996243448122,0.5865261192486818,0.6218086332521087,0.7276706590542331,0.6007623736363398,0.5341927856398134,0.5914427887672761,0.6124725705997763,0.6703152566156422,0.6232390474178697,0.6541944268072163,0.5919593758047792,0.5883287520640349,0.5933666821384636,0.5973116354428548,0.6382817498062066,0.6017538951401313,0.6727297087211651,0.5498061930286986,0.6911315735522457,0.5930322147101783,0.5961329664303204,0.6086034969421366,0.7132363171555373,0.5915768102047879,0.6353593350198878,0.7304685078722808,0.6042536192015834,0.6018362704671384,0.6006888325987163,0.4835541567973028,0.6195057768138696,0.5804263727011357,0.5328135728163675,0.5925069053793283,0.5568126676012917,0.5713732564224342,0.6102039692058335,0.6395631336139995,0.6583060592432654,0.7969635244497378,0.5235959632932067,0.5928954375503594,0.591308549106224,0.5898818860787594,0.5624196044119619,0.551597583914174,0.5703032386926038,0.0,0.6061514620363989,0.5981642279241075,0.6173430962073916
USA,0.6248223033210901,0.47064663472836427,0.46280979547621776,0.4276210205777434,0.4128632287562082,0.4484629999843176,0.5578303105195513,0.5657575125024858,0.49559944828086877,0.4912082035951236,0.8032051593323208,0.3987337001184499,0.5271823222688821,0.48925551730543076,0.5527928512026868,0.5865258474398278,0.623881131522287,0.6374167455861959,0.5409063938857385,0.5321974513831713,0.5858527010864094,0.45728474070181213,0.4110220965638583,0.4825489809895783,0.566990124533405,0.4582868754459658,0.5247995390803608,0.45259517587069564,0.4148491509404921,0.3930681922375329,0.49131368443784695,0.6039373334111994,0.5212757343519728,0.43201606698476536,0.5815635997165693,0.5833907155990482,0.5311542862134678,0.5188097108853661,0.49118639215350335,0.42103044021309505,0.590794929014347,0.46780055001306053,0.5814693189656247,0.7066659295122729,0.4848445953441157,0.7417308277026646,0.5540729093207343,0.5436085325023096,0.5484219107131061,0.5403572000984321,0.503704393217736,0.6438615758368808,0.6385770539044864,0.5700561340281247,0.6951474864160996,0.40116993711281257,0.44336911800552264,0.45751884196527415,0.4908278355636612,0.5276536557009757,0.56693831252009,0.45121108675122834,0.4602511859279947,0.531834608946834,0.45545086427115844,0.5351686558138044,0.5679106680748595,0.5644530503558806,0.7719276335961158,0.48781291475815863,0.4688995573086232,0.4282689363566038,0.5288030436506534,0.5546769895348427,0.47468319769122463,0.4544435841744511,0.6061514620363989,0.0,0.6173867990730721,0.5155085864337783
VNM,0.6641435590782523,0.5701332110798538,0.5542340845084146,0.6018834374304775,0.6171858615033028,0.6214752311782552,0.599091141547106,0.5979529258274375,0.5206792027065315,0.614467931955286,0.8197149343260034,0.6093912406020869,0.662879632315168,0.634599737807426,0.5578927903479063,0.6864573985354915,0.6510765737493884,0.6876122228244,0.6152523965370889,0.6521938605988227,0.6787483717697487,0.5670719449913159,0.6163787109217866,0.6429914755849132,0.6007482558453414,0.6001143485733139,0.6265836860984935,0.5893228042365107,0.6192596692834097,0.5945770184122343,0.633496042437158,0.7421496254309322,0.5992119458992645,0.5814047480591981,0.6307013550445456,0.6305452421712303,0.664580896074977,0.6369491968296732,0.6872612854803976,0.614114170748934,0.6106579441706479,0.5802617999025295,0.6622421633838608,0.7070525966122592,0.6051880280887828,0.707864033625408,0.6219862533164743,0.7096579989293897,0.6550629013900224,0.6190033211548063,0.6277099236228028,0.6657759760902259,0.6471066412073422,0.641237253030217,0.7645051280945186,0.6162917011502328,0.630270465588055,0.6169504200309164,0.5469292006820186,0.6321641420202699,0.579173366677398,0.5879744744815143,0.6063106703040616,0.5639114127114438,0.5933109700402321,0.6365050469973214,0.6815391765245096,0.6926459588266874,0.8326065923194075,0.569201064572529,0.6233587183032919,0.621606565535456,0.5753528870802287,0.6215784039291685,0.5793468550685132,0.5832845766314487,0.5981642279241075,0.6173867990730721,0.0,0.6636416135538853
ZAF,0.6490376656283822,0.5337876759426352,0.5437455066373562,0.49652849279105477,0.5212556702282313,0.5572541966288028,0.6447090263502063,0.5894397664382363,0.5529541941382736,0.5337227784979975,0.7663445325235391,0.5067264336099351,0.6180106673218382,0.5529276938443141,0.5898611093776841,0.6231151480072794,0.6408028409946576,0.6834963846783617,0.5691460612800431,0.581712871845804,0.6306686999927448,0.5211471698735857,0.5661038555243227,0.5990390137470802,0.5988572922676461,0.5272069059847277,0.6030901345741924,0.5455613924414057,0.5430322907779129,0.5510051687981564,0.5871276930958547,0.6606667894686192,0.5759520875486386,0.4990549204047192,0.5873538778934464,0.596474980251736,0.631113117127233,0.6151293086851627,0.6057534973664577,0.5445791654843435,0.5955366994721271,0.5383640861208464,0.6248272624824717,0.6976697301556678,0.5760620877443673,0.7085866591947413,0.5756039519991057,0.6194180126444153,0.5991936071297566,0.577715939999244,0.6095221420963631,0.7057926051154387,0.666364932554216,0.579553046991218,0.737427711843381,0.5501371364544893,0.5762365964386333,0.5512140549223795,0.5732013639968672,0.5757642578068427,0.5633087128158036,0.5288957629694249,0.5308222267211162,0.5781941910498756,0.5534180217344828,0.5789619302928083,0.5999833705926683,0.6454555551365776,0.7626191706509161,0.5468446637788478,0.562708567747242,0.5264140030723964,0.5943057034050662,0.6031218653924698,0.5277600735061083,0.5329633518245578,0.6173430962073916,0.5155085864337783,0.6636416135538853,0.0
