,AGO,ARE,ARG,AUS,AUT,BEL,BGD,BGR,BLR,BRA,BRN,CAN,CHE,CHL,CHN,CIV,CMR,COD,COL,CRI,CYP,CZE,DEU,DNK,EGY,ESP,EST,FIN,FRA,GBR,GRC,HKG,HRV,HUN,IDN,IND,IRL,ISL,ISR,ITA,JOR,JPN,KAZ,KHM,KOR,LAO,LTU,LUX,LVA,MAR,MEX,MLT,MMR,MYS,NGA,NLD,NOR,NZL,PAK,PER,PHL,POL,PRT,ROU,RUS,SAU,SEN,SGP,STP,SVK,SVN,SWE,THA,TUN,TUR,TWN,UKR,USA,VNM,ZAF
AGO,0.0,0.6299682411076388,0.6084629558487515,0.6085716930886491,0.6205379506220786,0.6463752057983172,0.6359555916590613,0.6420027308021737,0.5892697835879322,0.611248518832653,0.8232399424067888,0.6208781818397534,0.657324625113026,0.6329630271106639,0.6541334608400559,0.6626688767096074,0.6720781598749406,0.68421207062455,0.6482675472588691,0.6482773906103847,0.6945538411170287,0.6292015399456129,0.6492636162310762,0.6582202578283236,0.6943602217090068,0.6445282155456633,0.6374396268713566,0.6496644157371101,0.6337203686127247,0.6019589380277042,0.6675430356115502,0.7171160168777115,0.5721064375182735,0.5874989230758774,0.6261041930081601,0.6566453294537148,0.6565733438108494,0.6567596545694685,0.689718528609517,0.6553360916551336,0.6730422804870297,0.6800378023896647,0.6654856797700107,0.7543602618781692,0.6796754555954765,0.7125329545984457,0.6354890408373691,0.6773840750516031,0.6557461173685367,0.6357423960203346,0.6215293851688322,0.6689444348895669,0.6550394693296614,0.6315310006025666,0.736285986934069,0.6147323814833177,0.6202476222269894,0.6013598953743797,0.5787976464951674,0.6167246394298916,0.6218875558827912,0.6232597123684532,0.6089772010074361,0.6353726950427051,0.5817161809685816,0.6549613404176677,0.6593877666675731,0.7160964454832561,0.8137986130639192,0.5921929546389056,0.6456267569329757,0.6405188770124784,0.6389966211861706,0.6393940152685096,0.6209509992851542,0.6744700812298569,0.6911368797158256,0.6202382986593545,0.6415202679898253,0.6601625923915924
ARE,0.6299682411076388,0.0,0.5255976404640706,0.4591867118519616,0.4528305066432428,0.4753907027818743,0.5702488337872464,0.4591319586925677,0.4278004620605391,0.5232388452618038,0.7587917553222031,0.4567725657583884,0.5480990120941837,0.5531361507627857,0.5102522119857479,0.5957287372010517,0.625083069624976,0.5785486853706676,0.5906148443667552,0.5283413962393032,0.5797955433901032,0.4757182665563311,0.47738875367386324,0.5502819258209631,0.5325849860873338,0.4453030815231426,0.5355044888915602,0.4602339800026308,0.48711869585403234,0.47027694756299676,0.5246280864583628,0.6262083068674431,0.4637205151058676,0.41973628456598483,0.5047498240505242,0.5577126347257936,0.5426375251289297,0.5385596537819183,0.5441711724958771,0.4672021336785619,0.517554106482005,0.4791398748846776,0.5494336098229291,0.69234305004376,0.5069190970315395,0.7081217914729104,0.5537939673525196,0.5700807015210038,0.534108418563265,0.5473584678371148,0.484183433587141,0.5572167506731097,0.587789608454659,0.5401005697592208,0.7020589306136592,0.49903881639714914,0.4887054084458539,0.49630946641510376,0.504241006330395,0.5191545001799344,0.5658892943932814,0.46378209742654836,0.46493796129529014,0.5459218947913154,0.4064316530727171,0.5702862808754413,0.6034221252458334,0.5755582474864592,0.7827948452660299,0.5003104134544936,0.5110621606634391,0.47518154142960817,0.5074658760149987,0.577912649472462,0.4511748508661322,0.45442314155849634,0.5804733488249131,0.46634745619126916,0.5716925079708987,0.5809865665504401
ARG,0.6084629558487515,0.5255976404640706,0.0,0.43393880780274374,0.4538870353485741,0.478555714617186,0.5208759217249733,0.48357218015646314,0.42754621523365255,0.4577701083918156,0.8298264305712015,0.44072606444520945,0.5385003312972458,0.5385124797762235,0.4412489330599677,0.5984166156488508,0.6077710042749841,0.5028363127465442,0.5234255912745018,0.5384342988031492,0.5944843457411458,0.457527155661264,0.4900382232273106,0.5226289947386817,0.5091282420689249,0.46243160340327727,0.49468920243849557,0.4881223540028559,0.5173538477297172,0.45304577115185546,0.5423401613121911,0.6846345534315391,0.47431661269162056,0.44854247061119756,0.5080445637236095,0.5092318607610394,0.5589937069677914,0.5667986755357863,0.5591094391767258,0.4639492300469534,0.5472488882606098,0.481376459800685,0.5386522174648973,0.6699985986856986,0.47073668263638513,0.7234096069876332,0.5090426592101265,0.5695029987644457,0.5110734490063081,0.5136513877060094,0.4368789475042996,0.5868722174729872,0.5235583272752818,0.5304405600527661,0.6722757833512,0.502326970060272,0.5012799377919449,0.4984030344322296,0.3915438635267046,0.446224325746582,0.5453519869464314,0.4540737353524556,0.46620898319483145,0.465293390890523,0.43559249798053074,0.5172741143177072,0.5432715111660726,0.6305089004390526,0.7675445471220883,0.4791692206555451,0.4952455919455212,0.4754804699921273,0.5053777011143414,0.5434664463973108,0.3923702720559723,0.5004483461517939,0.518300005717788,0.4296853800436137,0.49621408986743487,0.5342418297667453
AUS,0.6085716930886491,0.4591867118519616,0.43393880780274374,0.0,0.4239917406483558,0.46581778506930144,0.5249200592305737,0.4444968987438452,0.45012332999570315,0.4762592475136391,0.8011946442136384,0.39225504553635965,0.5256944429478124,0.49095163465952535,0.4990054480552893,0.5758353294569837,0.5707355261905822,0.4919784541332527,0.5121814257827748,0.4999419789401737,0.5625956375052267,0.4365281071478642,0.46356926908813845,0.5127255231511846,0.5407815664656435,0.421775389096026,0.4795728533134726,0.45888211298844034,0.45259582643856217,0.3956904360796567,0.5236213454998532,0.6242741181250611,0.4717999292245067,0.42716714751253976,0.4959279078032147,0.5331903903023609,0.4929430052673779,0.5247716501937135,0.5357511169070478,0.44070187942663147,0.5465116952061633,0.46792767866162455,0.5148783345164766,0.6725058682371456,0.5126435525738625,0.7117943730134144,0.4904598161991648,0.5219900925499664,0.4722605127758738,0.5304627918656614,0.45849571693300845,0.5502783148484066,0.5270821821241722,0.5097552838200532,0.6572312680992726,0.4414074539075937,0.45188067007035476,0.4282015489924748,0.4238537588706916,0.4167380839847226,0.5192742387628446,0.4315136502239959,0.44131092426408086,0.4619263420967586,0.4245251873045841,0.4747957601823741,0.5276431845015292,0.6211056588190326,0.7396274370310736,0.46456320554150393,0.4589403624041966,0.44092673582420777,0.5048775740671878,0.5279808280286449,0.4034189410208084,0.49849239941092033,0.5418560794017514,0.41170406178682023,0.565328676024753,0.49606577072352515
AUT,0.6205379506220786,0.4528305066432428,0.4538870353485741,0.4239917406483558,0.0,0.3792863672067453,0.5465434996626266,0.4082676756066917,0.4446960492173382,0.4835790185318759,0.8110163461435154,0.43348396278972984,0.4464922698547774,0.4728827307662244,0.5023238810894501,0.5547357128506428,0.6147429353049442,0.5622129420728587,0.5284451816927824,0.481433532223955,0.5490954664295018,0.3677003866432764,0.35953510344246753,0.48866547044269776,0.5700725371193384,0.35944826448347805,0.40315161954035045,0.40381687262975147,0.3709515483579357,0.371270069857014,0.4920351060412638,0.6183082506895903,0.42552737558953724,0.3605975859135605,0.5190556536251314,0.5691861842810563,0.47233797146155176,0.5190446816423142,0.49517011375776143,0.3800376542902359,0.5757655425177644,0.4568826711152544,0.5746833929167222,0.6864674801581063,0.46559250663969787,0.7213735950222633,0.4339928722996051,0.5095428524370579,0.40653505452174415,0.5249165430367918,0.46646965798677126,0.4928496907989315,0.5620579280861535,0.5252337335094684,0.667772662590535,0.40819097781913044,0.45432309896266815,0.4319184504885738,0.45075093640927977,0.4951507935695362,0.5206408087371566,0.3607775440861227,0.3417806520391309,0.4552509997695115,0.41544469710459025,0.5187681410959561,0.5124060055372216,0.5855088015974854,0.7484282440367862,0.39577794056957016,0.37664013643789845,0.3707867412625698,0.504209772127632,0.5177522598238579,0.38927922414613897,0.4655532597276315,0.5428645089372511,0.4397538770397523,0.560365961750154,0.528952345949918
BEL,0.6463752057983172,0.4753907027818743,0.478555714617186,0.46581778506930144,0.3792863672067453,0.0,0.5849530912080488,0.4510804957968894,0.48770071042784385,0.4845572613987047,0.7980109390866913,0.4573168780383439,0.4509068744403739,0.5123707686173823,0.5428624106820109,0.5525785412193962,0.6023404297980441,0.5897956967887064,0.5323333714134263,0.4627219222394184,0.5611011685306393,0.4298836998642908,0.38760115779328336,0.4762737375018431,0.5547405079469626,0.395309443076756,0.44500072759914816,0.42203210259787194,0.38979781912561984,0.3862787267711878,0.4992963307177548,0.589799507478622,0.43805129697750544,0.40395155087643075,0.54033855090389,0.5752323439016651,0.5207223054053133,0.5280540076092096,0.4531124146539539,0.3900080113804027,0.5749207655254227,0.4700872417247674,0.5943316120233011,0.6881658392179485,0.4820519366531472,0.7216468963160323,0.47076449040445245,0.5163889431878265,0.4508716419773999,0.5309961747040451,0.4871954798310244,0.5177441694913395,0.5867646489969016,0.5441149897377792,0.6833433821029964,0.3721641980234236,0.47814120029202484,0.4802846047205326,0.48632429005948635,0.49616296149924366,0.5648720962843223,0.417368206642374,0.34883282484666756,0.5086805993005702,0.44637149226450745,0.5163436891130888,0.525431191837493,0.5247278133811151,0.7654711763497604,0.4360751643861049,0.4315061738622863,0.4150284980452051,0.5216160355022019,0.537208179973428,0.4265393804415852,0.47236525065911206,0.5772106194179117,0.43729989396915997,0.5686452075325229,0.5468635243668718
BGD,0.6359555916590613,0.5702488337872464,0.5208759217249733,0.5249200592305737,0.5465434996626266,0.5849530912080488,0.0,0.5383291042352477,0.497190949805717,0.5856567927157773,0.8294613628474331,0.5357813854794449,0.6376271782170033,0.6022009178541,0.5684428675912241,0.6608784806371346,0.6471063903484847,0.5499832493614547,0.6049730762605141,0.6042364324109822,0.6065641567007799,0.5582269259087885,0.5756197180695177,0.557970467621177,0.5757344027171147,0.5638709767524968,0.549284459568847,0.5648041002618656,0.5840041048121726,0.5435769758235104,0.5967155954277696,0.6704602481828394,0.5749280492301172,0.5438459908050712,0.6065534691463119,0.5936204983989897,0.5962717030816103,0.5574111803951268,0.6342810115857896,0.5731171845831644,0.6049992540982935,0.5762232568741333,0.5565148091089652,0.6289463464517543,0.5832387222683351,0.7213509952132907,0.5749892690246361,0.610519901662675,0.5487832579063792,0.5743027103545499,0.5651721018490207,0.6295952702966456,0.5292511779366607,0.5869444197091861,0.7024789161020131,0.5865413010531187,0.5484389478260924,0.5555357492556836,0.3966372029231773,0.5576738726583985,0.5883627513562307,0.5584291421570794,0.5594135480703104,0.5642459345224246,0.5182776800131914,0.5819970973950398,0.6006580573782939,0.680832589213055,0.7509129920877122,0.5730016629265111,0.553520092412651,0.5608922271358017,0.5901121450461387,0.5990544108158887,0.48196671412934716,0.6000343004314911,0.580578634323099,0.5656336811375974,0.5534648077615796,0.6332685690237299
BGR,0.6420027308021737,0.4591319586925677,0.48357218015646314,0.4444968987438452,0.4082676756066917,0.4510804957968894,0.5383291042352477,0.0,0.44038802438362057,0.490930122976971,0.7765072490645919,0.45899486651972987,0.5512619252600633,0.5465894119606497,0.5099232951652501,0.5646891291966559,0.5968637454495618,0.5603237349688401,0.5569038954798259,0.5027333128036152,0.5590641913396283,0.4197523601401604,0.45950167984712925,0.5306575221592308,0.5473175645385372,0.42305735176629117,0.46608568603814066,0.46948302401978986,0.4673099960380094,0.4664119399257532,0.4990613246752806,0.6447485338164097,0.45674986978798293,0.3928923050493244,0.5178926604142284,0.5272464593349896,0.5257215963889014,0.5404822581822825,0.554912577251979,0.44248687340440435,0.5405777166944613,0.472885794677296,0.5610731845438743,0.6449222967199508,0.5110517404095425,0.6814956296074417,0.4523294940484791,0.553283846294796,0.45404675685425366,0.5105866808449103,0.49937059759301927,0.5509781007626122,0.5417336843379952,0.5183430860491519,0.6868396866333398,0.48661257763610977,0.5121624974404294,0.5026463385581459,0.4477918606712018,0.52029766367183,0.5065903570508516,0.3888547810334258,0.42950577712311006,0.4784635418912508,0.4298789434159325,0.5463692734666769,0.5301332643827186,0.628492916974735,0.728226267226851,0.4282077650102336,0.4620987052577581,0.4307775356805344,0.5030725138821961,0.5272152177684178,0.4267979151571598,0.49625387789836,0.528141727195303,0.49267844804479644,0.5503390198865169,0.510109047629163
BLR,0.5892697835879322,0.4278004620605391,0.42754621523365255,0.45012332999570315,0.4446960492173382,0.48770071042784385,0.497190949805717,0.44038802438362057,0.0,0.4645725504547779,0.7945505722941788,0.43840880931774356,0.5533712742185246,0.5266695406477714,0.39564009848323367,0.5750448317926256,0.604155231543455,0.5651196745022564,0.5145634501279772,0.4995529769282231,0.5338440926343541,0.4358151245353592,0.4681925197122342,0.5102168874804381,0.4885610923639892,0.43035052670896295,0.48396108950202205,0.4674921533414088,0.48164694960578874,0.4471863124005062,0.4929725038507007,0.6560007268726633,0.431448298333631,0.41293027142208066,0.44397276069035535,0.4975073960316071,0.5431849435090695,0.49216121392142725,0.5767407050200617,0.45588925676687064,0.4842848203210581,0.45466266492145513,0.5415228208904244,0.6934430350896528,0.43671327441122826,0.6761754862938341,0.4946169014119402,0.5538053370163716,0.5037142219752323,0.47073930000006536,0.4503976002654659,0.5604702144445382,0.4927781742787385,0.5059179232094161,0.6827002339489932,0.4780965974441817,0.46392778486230385,0.4801867801439524,0.3152814815033688,0.45879269592354927,0.49959223912641854,0.41772561113394224,0.446053501774752,0.4434567253443942,0.3784833906803599,0.5536820575530137,0.5454913045612987,0.5887686940181849,0.762953946849312,0.4414294240967205,0.4895537384911601,0.4626721032457668,0.41229261634003694,0.537013880713233,0.38651102956480066,0.43582118420749943,0.5118478149355852,0.4681325374596483,0.4813856714771967,0.5415595019393197
BRA,0.611248518832653,0.5232388452618038,0.4577701083918156,0.4762592475136391,0.4835790185318759,0.4845572613987047,0.5856567927157773,0.490930122976971,0.4645725504547779,0.0,0.7771480458557518,0.47401316583445097,0.5576752677726777,0.5346462778871284,0.4948638960687691,0.5603477749891256,0.5974532355583692,0.5899488453635736,0.5280588364653078,0.509440203339685,0.6090406631948722,0.5040057676695353,0.5056307691533334,0.5584757105161479,0.542206978733513,0.46147592876143756,0.5402026048282049,0.49773639432377104,0.4984660950082357,0.47394364227994207,0.5407009589401031,0.671588108674049,0.5007552191649473,0.4663354758400138,0.49588874313165127,0.5293470714275476,0.5745385709878024,0.570656043794384,0.5573923993308372,0.48141549141285506,0.5468613382896785,0.49601293112353,0.5708914631446228,0.7062510918069168,0.4907946398806405,0.6925720689293237,0.5196964448069249,0.5945691053886449,0.5524467334751219,0.5171103870525768,0.47280126778214243,0.5979109760505201,0.57549506755023,0.5193911316653589,0.6954002292802454,0.5088207154087097,0.5415576279267711,0.5184962277145255,0.45991427835555265,0.4973907726160136,0.5364393653986436,0.47406657116867773,0.46935411480021766,0.5370498613074789,0.4639863056560441,0.5393300319132354,0.560671715654827,0.6249323308062364,0.7637623784693647,0.49388481766422854,0.5358363725854457,0.4982247479642855,0.4863266251172788,0.5418741608914761,0.43498240528485577,0.47378028753350115,0.5625651254994718,0.4794370860933769,0.5465856601029017,0.5227580569214444
BRN,0.8232399424067888,0.7587917553222031,0.8298264305712015,0.8011946442136384,0.8110163461435154,0.7980109390866913,0.8294613628474331,0.7765072490645919,0.7945505722941788,0.7771480458557518,0.0,0.7764926757559504,0.8449904223688856,0.7816549339285589,0.799438720203048,0.8041789376074103,0.7927450656513142,0.8354016903099826,0.782887763128288,0.7665619628225029,0.8507078825233922,0.8184965123794837,0.8259925991147317,0.8095334859873191,0.7926625239177068,0.8209020140198469,0.8209476030211464,0.8063077300179101,0.8153566272132611,0.8203210190041501,0.796808140394285,0.8607750978355887,0.7895606081533055,0.7843926870306505,0.7632466872646404,0.7837844416923123,0.8412239167308041,0.8583509349816925,0.8194368689344642,0.815423542959718,0.7733161821454454,0.8088513972230958,0.7878847680530289,0.8464359212260744,0.8324485325348728,0.7551232615439981,0.8018410236435801,0.8689644474675469,0.8270467328563083,0.7639899178991606,0.7759901001955178,0.8597591748316823,0.801572412480366,0.7848323494152923,0.866532138220179,0.828155831735319,0.8040745181746382,0.7875492464650395,0.7949008141685358,0.7937325781156739,0.7589088442411017,0.7969818763276786,0.797347696309717,0.8228803933005084,0.774416813850079,0.8310469269705957,0.817633188665128,0.8362443865421318,0.8912095733036668,0.8182240842491283,0.8493273542778211,0.8084385363957067,0.7756072793400755,0.808428251675736,0.7938840219044412,0.7959106246697585,0.807962407165909,0.7947158064890169,0.789749176681876,0.7784015882504257
CAN,0.6208781818397534,0.4567725657583884,0.44072606444520945,0.39225504553635965,0.43348396278972984,0.4573168780383439,0.5357813854794449,0.45899486651972987,0.43840880931774356,0.47401316583445097,0.7764926757559504,0.0,0.5351078111743305,0.5043964533265461,0.4922001367563993,0.5379139070534321,0.5868662247938919,0.531419103867076,0.5146466377260958,0.4792721172968524,0.5898315330531895,0.44513329857992645,0.45576552094350353,0.5025767203125934,0.5448611465577481,0.4421378066727671,0.47839988391152055,0.42828496937206567,0.4562650565625588,0.4173519681591264,0.5114610161236351,0.6288904432675645,0.46705385622759993,0.407123802453816,0.49419360078789176,0.531637553032712,0.5275323405620318,0.5321809022982741,0.5255836753243546,0.4452294101803987,0.523223113663809,0.44504617345837116,0.5189555083255819,0.6931920040610432,0.48538504489504813,0.6936756852513913,0.4904735206244069,0.5523576854117845,0.4926754750844987,0.5122360670149133,0.42546924905526934,0.5802934835132613,0.5432690536739753,0.5086312783392425,0.6609691294698147,0.43783631181140104,0.4552865949576066,0.4624839037266646,0.43144205828840737,0.43884858767204266,0.5192184024655817,0.4321965647812061,0.4345850864335942,0.49567812500763486,0.39983322209090094,0.5037374016072259,0.5297245865086126,0.6136343364686015,0.7384125082862558,0.48760309077201563,0.48471551968577115,0.4240789245008448,0.48932849406382783,0.5271587548578666,0.41004086722308103,0.4723796050296087,0.5423636151299153,0.37807572959122854,0.5647950907177439,0.502109893314865
CHE,0.657324625113026,0.5480990120941837,0.5385003312972458,0.5256944429478124,0.4464922698547774,0.4509068744403739,0.6376271782170033,0.5512619252600633,0.5533712742185246,0.5576752677726777,0.8449904223688856,0.5351078111743305,0.0,0.547520542363687,0.58724116119056,0.5995445306336582,0.6432058686747124,0.6454324776497615,0.5984741103417559,0.5093229558715138,0.5933298639147726,0.49718456571117725,0.47598252098383925,0.5287510663341916,0.6316109856016096,0.4858014140531035,0.4999423893191834,0.49525135419375377,0.485308023895806,0.4697133982418869,0.556342479727643,0.5989253443135644,0.5118595679366169,0.49705558176338926,0.5899499212876718,0.6490743485045893,0.5556890921967572,0.5708844609561461,0.5277471654803361,0.495024991475285,0.6509501708860331,0.5271037262493464,0.627491254954005,0.7261674684888526,0.5554637417489974,0.744366298331252,0.5274793441926509,0.5426401335747465,0.5056912005413534,0.5915844212502891,0.540628403532085,0.5293018549137398,0.6372337503295822,0.5972560664228087,0.6943554729332134,0.48479882340284447,0.533159846453555,0.5429947390465685,0.5534836952471267,0.5626301560072273,0.5785699794542735,0.4908776821717986,0.44410725077745933,0.5623360756950686,0.5305236891623532,0.5556831633999072,0.5788072211175548,0.5458877712071687,0.7864858667340778,0.5129919137153662,0.4672527374084584,0.48172719086136795,0.5842509992241803,0.6017516907564876,0.5115100787333764,0.5443894605758288,0.616937200769121,0.524406778842944,0.6084431185875696,0.6173202346257296
CHL,0.6329630271106639,0.5531361507627857,0.5385124797762235,0.49095163465952535,0.4728827307662244,0.5123707686173823,0.6022009178541,0.5465894119606497,0.5266695406477714,0.5346462778871284,0.7816549339285589,0.5043964533265461,0.547520542363687,0.0,0.5761754642021467,0.5774807662732465,0.633189283060768,0.6070911296446204,0.5399944013167178,0.5455003595391009,0.6425050844448871,0.5069464058314115,0.5018015962700961,0.574377521924079,0.6184289140634152,0.5292691159166825,0.5181351299690826,0.5035531404915581,0.4858322980724451,0.4734800197633615,0.5316219455219677,0.6689423212007557,0.4942391215426335,0.4855925176083596,0.5974534813712118,0.632146277948042,0.537311221537165,0.5752044419991108,0.5266575554235945,0.5196042972137325,0.6229828247803841,0.5440844720493769,0.5941451382222848,0.7489776647122651,0.5336982892930145,0.7001073305254775,0.5364070366509672,0.5891267778527365,0.5332625233263709,0.5692572089826342,0.5189579336416683,0.5564086320734535,0.6203183274287458,0.5894701327350979,0.7002499420345144,0.4925019731168793,0.5359143193414416,0.47855765625275426,0.5260835035222095,0.49408852112138746,0.5432214449934564,0.4983276374862152,0.49277309049981943,0.5477300929615833,0.5043956495696088,0.5981509867786484,0.5677070295350007,0.6337621514205628,0.7811178853837113,0.521598588813201,0.5116906374852115,0.48551425082057026,0.5590706956779528,0.5799270132186668,0.5074589188419363,0.5377059527886368,0.6302236329262311,0.48966220451676673,0.5889057593353039,0.5663766080640057
CHN,0.6541334608400559,0.5102522119857479,0.4412489330599677,0.4990054480552893,0.5023238810894501,0.5428624106820109,0.5684428675912241,0.5099232951652501,0.39564009848323367,0.4948638960687691,0.799438720203048,0.4922001367563993,0.58724116119056,0.5761754642021467,0.0,0.6112635700472022,0.6238169749103347,0.5901171844595708,0.5286520212980956,0.5775200441482827,0.6339272909213066,0.483546388591055,0.5074653130129821,0.5772155702742008,0.5364160122554118,0.48128527207848965,0.5717888380940097,0.5024141235759503,0.5581683661449747,0.5129568245071527,0.5775642687532395,0.739739177494521,0.5199127974468363,0.48756771275822375,0.4776294045162795,0.5234421583554282,0.5947329245016514,0.5940174272545908,0.6058119376604771,0.4956662387401222,0.5500294843840332,0.4765546481111137,0.6118803836530847,0.6990526946539883,0.43913181017210073,0.7144350410838397,0.5784773798406603,0.6432406177346105,0.5854256076165146,0.5321435416792921,0.47740474659483106,0.6145336262258815,0.5097135854050389,0.5587167098809047,0.7150247860899729,0.5681872648001463,0.5520003593969901,0.5332181163061862,0.4237395752207293,0.5034103194589188,0.532323009097058,0.47660643656644247,0.5175666891441996,0.4825506690756584,0.4844453296480059,0.5866783900718245,0.6056828044076572,0.6342088864589142,0.8077221370766158,0.5334541263182707,0.5438373983523771,0.5179069378038066,0.48996720971679186,0.5737751401033256,0.4361333420938913,0.46862867429984467,0.5251575931729515,0.5067829780716061,0.4851181203195771,0.548263279342594
CIV,0.6626688767096074,0.5957287372010517,0.5984166156488508,0.5758353294569837,0.5547357128506428,0.5525785412193962,0.6608784806371346,0.5646891291966559,0.5750448317926256,0.5603477749891256,0.8041789376074103,0.5379139070534321,0.5995445306336582,0.5774807662732465,0.6112635700472022,0.0,0.6378841041228899,0.6843015960098129,0.5839092890573069,0.5500998785318532,0.6747458374425457,0.5788719895828562,0.5645795025992155,0.616376467730512,0.6565634244979359,0.5499181887866731,0.5738893501259484,0.5624272024526783,0.5553032354605897,0.5580789630111531,0.6129777968417617,0.702467637146732,0.5766972486434582,0.5382472822524327,0.5866866178372556,0.6033655542173818,0.640069825773851,0.6425584050691635,0.6264779873435419,0.5580585028187314,0.6343801491158843,0.5477711744954724,0.6454430378130684,0.7396692897555145,0.5931210364952579,0.6937500098282362,0.5722798849217274,0.6169055055322136,0.5887632253916906,0.5889664599300254,0.569410727000251,0.6388902725296252,0.6386006024400728,0.6177302166193523,0.7243817138124865,0.5836551960402596,0.606035579533569,0.5828131955491028,0.5790172274931509,0.5593044707041083,0.5874540223751222,0.545266730261448,0.5580658389852823,0.5977080028598153,0.570932613913602,0.6364224376406677,0.5715055125781805,0.669591382280608,0.8142601479852807,0.5879423960658137,0.5867434569156915,0.5514065919181486,0.5963353947176045,0.6164684486896258,0.5540257115675946,0.5939805159285915,0.6599922231700374,0.5726824253922616,0.6264874659423983,0.613720918198371
CMR,0.6720781598749406,0.625083069624976,0.6077710042749841,0.5707355261905822,0.6147429353049442,0.6023404297980441,0.6471063903484847,0.5968637454495618,0.604155231543455,0.5974532355583692,0.7927450656513142,0.5868662247938919,0.6432058686747124,0.633189283060768,0.6238169749103347,0.6378841041228899,0.0,0.6496783949840007,0.6164448985971138,0.5844173672023117,0.6796628853771406,0.5952662128621495,0.6340996385719508,0.6310270086775454,0.6443927542843431,0.6133263486603618,0.6023096548035856,0.6176911983224298,0.6249345683937721,0.5911389801270732,0.6446456525791351,0.6877393164722095,0.620151095682219,0.5997203504385638,0.5922191947133162,0.6380191874485662,0.6634561614393073,0.6665674763935323,0.6515354848470881,0.6172473076613707,0.6387769964591595,0.6110112254208945,0.6204423466774316,0.7274595131481569,0.6564751817214199,0.7097853383013255,0.5912238602810223,0.6753778943000203,0.6164979434044545,0.642095908621944,0.6013755549815228,0.6756243397947169,0.6623573392198158,0.6055980639884647,0.7036311476553551,0.6159234089932125,0.6207496674287409,0.6138371147819639,0.5956272585339618,0.5802180620861034,0.6368807673926069,0.5869232319111283,0.6006888653731738,0.6144864849144431,0.5893116268210337,0.6159504116666572,0.6071903171510934,0.7046258525845209,0.7877894258702741,0.6253871915477148,0.6273365068871218,0.620864319097036,0.6010786106211177,0.59784235878854,0.5725178934980688,0.6427728232401958,0.6303810200334407,0.598290296428919,0.6293896118539144,0.6400642963154485
COD,0.68421207062455,0.5785486853706676,0.5028363127465442,0.4919784541332527,0.5622129420728587,0.5897956967887064,0.5499832493614547,0.5603237349688401,0.5651196745022564,0.5899488453635736,0.8354016903099826,0.531419103867076,0.6454324776497615,0.6070911296446204,0.5901171844595708,0.6843015960098129,0.6496783949840007,0.0,0.5935178933301289,0.6291192859525129,0.6698340325315525,0.5554176362262269,0.5747680133995396,0.5968666325642306,0.5898269347866681,0.5485850444910167,0.5717535135366083,0.5680144129840299,0.5838458289561332,0.5427967469214227,0.6223243882535262,0.7155693113444712,0.5866206748271211,0.5576784409907142,0.6088506528208647,0.6124040761754288,0.5727541423779893,0.6101524810581426,0.6118540456494926,0.5687729941597696,0.638030134233781,0.5782451988964649,0.5676777282040903,0.6467236559143184,0.6067819421201804,0.7280624828598493,0.5809963335762875,0.6485597337614022,0.5625295377707201,0.6145852266896854,0.5412568010759319,0.6481473621186864,0.5812750139904848,0.6122963944727813,0.7159648624417009,0.567763681154621,0.561978643884145,0.5907338341622704,0.5165604627649529,0.5126871073883033,0.6408636713437078,0.5432491810516354,0.5663606104973633,0.5216778854816049,0.5564852870560734,0.5439709075877406,0.5865249295590816,0.7232839337012955,0.7819225535592319,0.5706062370516306,0.5617850763352215,0.5807894782493556,0.5906950683313982,0.5818537892154286,0.4802103955316222,0.5849519431438274,0.5699482612521679,0.5598765198196866,0.6259227280316279,0.6134912106468475
COL,0.6482675472588691,0.5906148443667552,0.5234255912745018,0.5121814257827748,0.5284451816927824,0.5323333714134263,0.6049730762605141,0.5569038954798259,0.5145634501279772,0.5280588364653078,0.782887763128288,0.5146466377260958,0.5984741103417559,0.5399944013167178,0.5286520212980956,0.5839092890573069,0.6164448985971138,0.5935178933301289,0.0,0.5709500351884573,0.652823884833538,0.5383381457183066,0.5467161677237695,0.5800097659050757,0.6065555635172327,0.5319084458836976,0.5755531543007711,0.5583377876429435,0.5470474660649571,0.5255784681143194,0.6057019899357451,0.6913824582539736,0.5569234474284647,0.514052104454664,0.5323642919004169,0.5815129048245072,0.5718762414657776,0.6131873486132801,0.6086777260564705,0.5435379546639211,0.5897621082262332,0.5348514010400987,0.5978737403364627,0.7455915938267613,0.565514522255276,0.6663952621859269,0.5553999248793501,0.6264489425021241,0.5933282080365102,0.5527875542561473,0.5258766748116062,0.6169922627263793,0.5920013074263809,0.5836132877576676,0.6990279982000849,0.5633118663812626,0.5822573171220145,0.5137046076391714,0.5077780570499396,0.5013443641754434,0.5414553821026047,0.5333638191827188,0.5183793944794534,0.5426565830093538,0.5412896634621436,0.5582176703499877,0.5754037118073416,0.6484715218800126,0.7813410365219989,0.5642892157527875,0.5805497808178565,0.5607245800462026,0.5314185802407312,0.6154654839548565,0.5084792585494786,0.5491515994157871,0.6132413471867249,0.5260430176808205,0.5630477136541175,0.5495737822072934
CRI,0.6482773906103847,0.5283413962393032,0.5384342988031492,0.4999419789401737,0.481433532223955,0.4627219222394184,0.6042364324109822,0.5027333128036152,0.4995529769282231,0.509440203339685,0.7665619628225029,0.4792721172968524,0.5093229558715138,0.5455003595391009,0.5775200441482827,0.5500998785318532,0.5844173672023117,0.6291192859525129,0.5709500351884573,0.0,0.5681534705047516,0.5017761061374288,0.5135428221911855,0.5117747096218183,0.5852220904019484,0.48097526810108193,0.48488961762727517,0.5010674053336974,0.4946659921320631,0.46970890508654484,0.5254264117352508,0.5544241131385371,0.49708138958387793,0.4707063658832647,0.5101444962481301,0.5853274282750599,0.5852109106211605,0.5491768479980297,0.5363417149427959,0.4944471181071884,0.5695113575051574,0.5040067640929894,0.5609852774200285,0.6980695806247115,0.5611626122822153,0.6627221930416147,0.4868476941786208,0.5398235591249216,0.5099105723339461,0.54882836879853,0.49686566828534834,0.5754686878695875,0.5862699568490339,0.5171390759479264,0.6587756872061253,0.47914249622363164,0.5151143409371017,0.5263983194170725,0.494138934598756,0.519610058480181,0.5302203830254841,0.4656232340492668,0.4761858238970509,0.5647536598906763,0.48735175515905615,0.5389989877569809,0.528475850921895,0.5891064784911979,0.7505111644615106,0.517868498989694,0.5091010791849664,0.4892293693264312,0.5159117140210149,0.5777151530805247,0.4811860862991882,0.49996508307971466,0.5770154170664145,0.5025299457195284,0.5761507843439235,0.5490118418512815
CYP,0.6945538411170287,0.5797955433901032,0.5944843457411458,0.5625956375052267,0.5490954664295018,0.5611011685306393,0.6065641567007799,0.5590641913396283,0.5338440926343541,0.6090406631948722,0.8507078825233922,0.5898315330531895,0.5933298639147726,0.6425050844448871,0.6339272909213066,0.6747458374425457,0.6796628853771406,0.6698340325315525,0.652823884833538,0.5681534705047516,0.0,0.5910345612662196,0.5933373944867624,0.5417935693384066,0.6090974894365657,0.5659232862778477,0.5295033696350062,0.5992259318691476,0.5793793803158979,0.5583791180773476,0.5714323859709557,0.6167019017758605,0.566491744403227,0.5663359007948592,0.5888148576087414,0.6563262009354114,0.5821310661928156,0.5421534961213668,0.6357034418086915,0.5573992142189947,0.617993548662974,0.5979797175879109,0.6493162813439503,0.7244358058281802,0.6116785520867839,0.7390261711316881,0.5913231048907738,0.5565302959987907,0.5687180002462856,0.6247345987632111,0.6286534412311011,0.5465565828626873,0.6402190516925279,0.6094255709161951,0.7316358852460209,0.5737122183036487,0.5777513811226689,0.6102336712665716,0.5627732968857017,0.6118716200746755,0.6475328775757834,0.5642359594534401,0.5350568495532616,0.6280368866315459,0.5747933814216496,0.5991614231890399,0.636023026676347,0.6422499337687672,0.7385174648173459,0.5890649696096167,0.5606349599348925,0.5820031411258448,0.5946947852866604,0.62794060167703,0.5586629240307719,0.6033956205502548,0.6522610266759741,0.6086887222094507,0.63938782884317,0.6476674752005497
CZE,0.6292015399456129,0.4757182665563311,0.457527155661264,0.4365281071478642,0.3677003866432764,0.4298836998642908,0.5582269259087885,0.4197523601401604,0.4358151245353592,0.5040057676695353,0.8184965123794837,0.44513329857992645,0.49718456571117725,0.5069464058314115,0.483546388591055,0.5788719895828562,0.5952662128621495,0.5554176362262269,0.5383381457183066,0.5017761061374288,0.5910345612662196,0.0,0.4129677648301004,0.5088780407831701,0.5660780750193805,0.4032944242031516,0.42338658003824164,0.4202736649537878,0.43975684466653997,0.40157022148146115,0.5479539808506528,0.6357435597628962,0.4477093421509866,0.3991318564090667,0.522635672518578,0.5650121324837591,0.4920557926158915,0.536287552389234,0.5272819462380178,0.432584475249014,0.5544749177572638,0.4713172596425033,0.5876233287131394,0.6914407179122306,0.4805896149476091,0.7162500875603648,0.4488324628109885,0.5361177348589995,0.43337022823007204,0.5459442342500688,0.48260426704735854,0.5147573015606866,0.5654651843079694,0.5062810717041634,0.6830716949240214,0.42346476656434934,0.4733292015296685,0.47755803346408016,0.46019708361786643,0.4863322721429628,0.5231299039662197,0.3652418429130539,0.38777012014871937,0.4441328529398194,0.4141002575981054,0.5326735993691214,0.5180798214367903,0.594265399466196,0.7523687205941862,0.37562152228455564,0.4098348043174631,0.4030710623190232,0.5145137239991924,0.5198313812084364,0.40593945750219285,0.4702650082583979,0.5410316700722665,0.45969195655950024,0.5242234621715437,0.523573455124052
DEU,0.6492636162310762,0.47738875367386324,0.4900382232273106,0.46356926908813845,0.35953510344246753,0.38760115779328336,0.5756197180695177,0.45950167984712925,0.4681925197122342,0.5056307691533334,0.8259925991147317,0.45576552094350353,0.47598252098383925,0.5018015962700961,0.5074653130129821,0.5645795025992155,0.6340996385719508,0.5747680133995396,0.5467161677237695,0.5135428221911855,0.5933373944867624,0.4129677648301004,0.0,0.4800736626370358,0.5778284076481933,0.3970187794863812,0.42789156498216535,0.41904116249039897,0.39435768223181306,0.38111955349729254,0.5006350796666719,0.6389222082043942,0.4384600695500914,0.39647683395586913,0.5518920186201686,0.5968853146764356,0.5055134526246381,0.5203976002631606,0.4846341610935296,0.37324014039270753,0.5917777634937956,0.4570923381694227,0.6028537870748518,0.7191908231865428,0.43586617615852735,0.742872236360449,0.4976547189475325,0.5490979963788323,0.47956016810334,0.5503993134792856,0.4939958861949288,0.5088679869132133,0.5760025934825276,0.5523255086540706,0.6915679716684394,0.4060232069079669,0.4588928379505734,0.46658958743791723,0.4764679986382567,0.5055323362155936,0.5606888231812468,0.4153026387828787,0.4205096380431627,0.4902669306779675,0.44978527278918545,0.5419619994447751,0.5585858115049729,0.5706837380279611,0.7837587207374791,0.4443171536007923,0.4177248243257995,0.396300529353817,0.5341227296269795,0.5453765815793493,0.42789502422901293,0.45976461364501003,0.5839559456179604,0.4334893581454027,0.584449165975081,0.562533140309252
DNK,0.6582202578283236,0.5502819258209631,0.5226289947386817,0.5127255231511846,0.48866547044269776,0.4762737375018431,0.557970467621177,0.5306575221592308,0.5102168874804381,0.5584757105161479,0.8095334859873191,0.5025767203125934,0.5287510663341916,0.574377521924079,0.5772155702742008,0.616376467730512,0.6310270086775454,0.5968666325642306,0.5800097659050757,0.5117747096218183,0.5417935693384066,0.5088780407831701,0.4800736626370358,0.0,0.5847882067317247,0.516842938458264,0.4741483675759003,0.512156362884934,0.5154156807527136,0.45212389724998436,0.5205644616527471,0.5698082135312218,0.503193743009154,0.49419926571572553,0.5709975491296986,0.638517495433502,0.5660892156067721,0.5641493723431295,0.5443972647560928,0.46594552758076474,0.6063456828149029,0.5354719714560561,0.6041746030887274,0.722559646704858,0.5438255690965256,0.7310267455806203,0.5494021402584159,0.5533316506692528,0.5320269829257132,0.6158336634125459,0.5358524225567421,0.5834015163330177,0.6147318087852819,0.5710197111760812,0.6849957986000663,0.465238544979724,0.43363628364029616,0.5356597715978932,0.5014793543616357,0.5554124620728419,0.5988575363854309,0.5121996977322426,0.48543261813330385,0.5581138958631083,0.5072216109983843,0.5433565729048485,0.5941440523449935,0.5644499616415959,0.7864720824991799,0.5476157293750177,0.5195545947913174,0.4975001985396859,0.5638681146029528,0.5864168584800885,0.5123036683564669,0.5531980159763098,0.6128644238780694,0.4976957662834754,0.6009270359806519,0.6028407288861232
EGY,0.6943602217090068,0.5325849860873338,0.5091282420689249,0.5407815664656435,0.5700725371193384,0.5547405079469626,0.5757344027171147,0.5473175645385372,0.4885610923639892,0.542206978733513,0.7926625239177068,0.5448611465577481,0.6316109856016096,0.6184289140634152,0.5364160122554118,0.6565634244979359,0.6443927542843431,0.5898269347866681,0.6065555635172327,0.5852220904019484,0.6090974894365657,0.5660780750193805,0.5778284076481933,0.5847882067317247,0.0,0.5379772800159194,0.5774370609041387,0.5731951174018094,0.5914006486302994,0.5670310111146423,0.5568898669730713,0.7083970537595079,0.551370527996072,0.5428442020834906,0.5846002037927526,0.5851185699522592,0.6501804405331121,0.6019116925987115,0.6252706238293305,0.5511077837843724,0.5408174666619929,0.551128661724107,0.5843853884341723,0.6711004941281183,0.5465052585680861,0.7148626995243844,0.5840450907714746,0.6548291033595447,0.5946578760203536,0.5760950289075287,0.5483910220144252,0.6439848795611908,0.590342750872561,0.5872391136536701,0.7396646849597625,0.5723317392625907,0.5630969917314479,0.5750554770230089,0.47334333737113965,0.540068050518375,0.6235801510380273,0.5561002872846782,0.5547431387100769,0.5566771312698493,0.5103735043629878,0.58452000200708,0.6084810869654648,0.6634324890762014,0.7978525701847464,0.5663319371643576,0.58882725280428,0.5662596873262636,0.5599539164399557,0.6150902873972929,0.46518793150466203,0.5409885014412774,0.5660913977929058,0.5386580165179582,0.5773220672494875,0.5895840190759386
ESP,0.6445282155456633,0.4453030815231426,0.46243160340327727,0.421775389096026,0.35944826448347805,0.395309443076756,0.5638709767524968,0.42305735176629117,0.43035052670896295,0.46147592876143756,0.8209020140198469,0.4421378066727671,0.4858014140531035,0.5292691159166825,0.48128527207848965,0.5499181887866731,0.6133263486603618,0.5485850444910167,0.5319084458836976,0.48097526810108193,0.5659232862778477,0.4032944242031516,0.3970187794863812,0.516842938458264,0.5379772800159194,0.0,0.43648976063366174,0.4153835229777875,0.4019649709281111,0.40173441872817717,0.49220485819144205,0.6354987715977395,0.4400406008586035,0.3902519885782428,0.5056715032577173,0.5456327771521341,0.5032084975388881,0.5107634232340272,0.526741269114219,0.36548861855716896,0.5593581926061565,0.44083284961408187,0.5797840293578063,0.6885760473634501,0.43764052088712235,0.7284556648992053,0.45378754148638106,0.5216592817682537,0.4435753323969505,0.5259901728648178,0.47026954714475755,0.5178059410273761,0.5525699717358739,0.5246485851558783,0.6771256075405989,0.4274911209825422,0.4821114561910238,0.4763343927543157,0.4497338463986999,0.4783008494468111,0.5443335663923492,0.383121038803383,0.3732621377726582,0.48046078222851835,0.4214084844058591,0.4466113511250214,0.5189532877719039,0.5846996839508803,0.7545854050806177,0.409733328866395,0.41013474560256546,0.40716200727802504,0.4811985388147475,0.5391494094420377,0.37751505832035664,0.4358442217915871,0.5598269803344421,0.4583174051514387,0.5594182897522041,0.5260393696582728
EST,0.6374396268713566,0.5355044888915602,0.49468920243849557,0.4795728533134726,0.40315161954035045,0.44500072759914816,0.549284459568847,0.46608568603814066,0.48396108950202205,0.5402026048282049,0.8209476030211464,0.47839988391152055,0.4999423893191834,0.5181351299690826,0.5717888380940097,0.5738893501259484,0.6023096548035856,0.5717535135366083,0.5755531543007711,0.48488961762727517,0.5295033696350062,0.42338658003824164,0.42789156498216535,0.4741483675759003,0.5774370609041387,0.43648976063366174,0.0,0.46553294206468787,0.4600597979191226,0.4295255852514955,0.5288779584248744,0.6122422610024842,0.4533970820836402,0.4337558961865883,0.5512407697738996,0.6128547395420315,0.5160237772770694,0.5398644244351176,0.5497149665413344,0.4407299757562229,0.588640662116446,0.5123380129447249,0.5810791147619165,0.7009236127355383,0.5390465760727559,0.7163302001712962,0.4103704071798197,0.5343870856479604,0.404485826558446,0.5514481105086796,0.5211179671305222,0.5042627694480806,0.582575747261419,0.5474742675538535,0.6872752662909528,0.452368764512781,0.4568989366057858,0.5104091776843659,0.47860239317374786,0.521799245770671,0.5551087614906723,0.41922753187267336,0.4342535558624055,0.5066713914751212,0.4543063952095238,0.5372996948433464,0.5339705206638417,0.5964974447844352,0.7427630164509117,0.4518417193045954,0.4237185703050648,0.41054165004237736,0.5511306621972737,0.5415209191208135,0.43891242441425704,0.5272513944445427,0.572730786715904,0.5067498124436357,0.5712499906465506,0.5797296199790725
FIN,0.6496644157371101,0.4602339800026308,0.4881223540028559,0.45888211298844034,0.40381687262975147,0.42203210259787194,0.5648041002618656,0.46948302401978986,0.4674921533414088,0.49773639432377104,0.8063077300179101,0.42828496937206567,0.49525135419375377,0.5035531404915581,0.5024141235759503,0.5624272024526783,0.6176911983224298,0.5680144129840299,0.5583377876429435,0.5010674053336974,0.5992259318691476,0.4202736649537878,0.41904116249039897,0.512156362884934,0.5731951174018094,0.4153835229777875,0.46553294206468787,0.0,0.4327021734235851,0.42774031011271574,0.5309837668941182,0.632269802795945,0.4520600475195192,0.40239561357573866,0.5260830211998334,0.5794421310929154,0.5308390704520485,0.5525828283865218,0.5213645071238028,0.4131837828333852,0.5797860051271562,0.45887326652947313,0.5844612413939465,0.6859217102971993,0.45852732532592727,0.72823135947651,0.4917537735010889,0.5427481822259744,0.444590855026208,0.5426822652295329,0.4735793860135306,0.539698680549573,0.5567592370420236,0.5320587375383381,0.6849021124126643,0.4456740851205212,0.4656383474250472,0.49237033215659,0.46656297317198064,0.5037002315822261,0.5471792080699666,0.39885375579730337,0.4068833942045911,0.5028363266939204,0.4517387536478916,0.5538429452148977,0.5454423595890718,0.5691190017592511,0.769019275418088,0.457327958474467,0.43333790363926694,0.38176205210644204,0.5291291773953394,0.5372680147314255,0.42155079586155036,0.4527390143655816,0.569364946551954,0.4457554958412764,0.5597111911580118,0.5423225256038097
FRA,0.6337203686127247,0.48711869585403234,0.5173538477297172,0.45259582643856217,0.3709515483579357,0.38979781912561984,0.5840041048121726,0.4673099960380094,0.48164694960578874,0.4984660950082357,0.8153566272132611,0.4562650565625588,0.485308023895806,0.4858322980724451,0.5581683661449747,0.5553032354605897,0.6249345683937721,0.5838458289561332,0.5470474660649571,0.4946659921320631,0.5793793803158979,0.43975684466653997,0.39435768223181306,0.5154156807527136,0.5914006486302994,0.4019649709281111,0.4600597979191226,0.4327021734235851,0.0,0.3743449083689666,0.5173281866844899,0.6128713737918966,0.4477563474834638,0.40645372471511476,0.5601011186716958,0.6008790146733851,0.48730570600337997,0.5256721710847071,0.48920259998345544,0.4072474636147074,0.6056029018479309,0.48270585710409214,0.5958075935143696,0.71623446456373,0.4851644530402592,0.725092441204545,0.4677808112811741,0.5247394896577092,0.4585958623250757,0.5488234180803159,0.498656224202652,0.5230693903663481,0.5830889293428647,0.5434611043246276,0.6823273072522098,0.38390373189748295,0.4871526797680099,0.46935894207757184,0.4890598243278655,0.49554915613024814,0.563807876851622,0.4244245931711834,0.3915894951777975,0.5010827683932186,0.4678111539753498,0.5290857043659579,0.5320796700872154,0.5753435885931869,0.7690070690665106,0.4386104945264433,0.4114959527524593,0.4303620631147067,0.5237239748359998,0.5465547145007756,0.4484768212378198,0.4739065874780757,0.5904208366678525,0.4399297484666806,0.6058002269357974,0.5490293274499888
GBR,0.6019589380277042,0.47027694756299676,0.45304577115185546,0.3956904360796567,0.371270069857014,0.3862787267711878,0.5435769758235104,0.4664119399257532,0.4471863124005062,0.47394364227994207,0.8203210190041501,0.4173519681591264,0.4697133982418869,0.4734800197633615,0.5129568245071527,0.5580789630111531,0.5911389801270732,0.5427967469214227,0.5255784681143194,0.46970890508654484,0.5583791180773476,0.40157022148146115,0.38111955349729254,0.45212389724998436,0.5670310111146423,0.40173441872817717,0.4295255852514955,0.42774031011271574,0.3743449083689666,0.0,0.5151304925941375,0.5853562762566742,0.43242509750551,0.4051592563511006,0.5213326744014851,0.5756714931547994,0.43262510666576415,0.4796109055680968,0.4723487670580629,0.38061393285563083,0.5627562114779397,0.4692659312327985,0.5599929157127671,0.710038079388156,0.48270178589497276,0.7222072700809818,0.4559395427059064,0.49574120068880567,0.4518732937343219,0.5543684131304755,0.4627653819798812,0.5029816653861179,0.5730899117385245,0.509464965835018,0.6583521680846647,0.3568485318555716,0.4278465502078734,0.43847249402670474,0.45429408259558907,0.45779766362896823,0.5408054302723272,0.4071127284088362,0.39141564696973813,0.46066128282933666,0.42139506262822624,0.5049629180181425,0.5202912169857185,0.5557992813937703,0.7364675005996122,0.4214918602727438,0.3955068285039269,0.4330058873791405,0.4973210370175148,0.5228641315844751,0.4076843110418188,0.46100819189683906,0.5774930230530755,0.4030637900851934,0.5499287257716355,0.5434879894980077
GRC,0.6675430356115502,0.5246280864583628,0.5423401613121911,0.5236213454998532,0.4920351060412638,0.4992963307177548,0.5967155954277696,0.4990613246752806,0.4929725038507007,0.5407009589401031,0.796808140394285,0.5114610161236351,0.556342479727643,0.5316219455219677,0.5775642687532395,0.6129777968417617,0.6446456525791351,0.6223243882535262,0.6057019899357451,0.5254264117352508,0.5714323859709557,0.5479539808506528,0.5006350796666719,0.5205644616527471,0.5568898669730713,0.49220485819144205,0.5288779584248744,0.5309837668941182,0.5173281866844899,0.5151304925941375,0.0,0.6352809154069599,0.4913231615075639,0.47869803871574845,0.5921108713059362,0.6137181056717925,0.6023226888347244,0.5602814142932745,0.5440592968889023,0.5072340522455102,0.5896286624050753,0.5165887923700475,0.5856746322038001,0.7194969714094059,0.5270414621778704,0.7319483538235231,0.5556209991741676,0.6033215203519524,0.5248247536251105,0.5711095612932091,0.5326742318146093,0.6084937272289186,0.6144120745046993,0.5892000801205051,0.6937667098496741,0.5093868436559247,0.5425743075964758,0.550816002566663,0.501425237676128,0.5448730918404123,0.5925014992233999,0.5143532639117776,0.507682082663591,0.5673928221793766,0.49857164786183217,0.5754975820538737,0.5796539726650746,0.6141412005784175,0.7860222353036656,0.5468500029249411,0.5316067250685407,0.4939362999810152,0.5543179343213972,0.6049786054293129,0.4985413979700908,0.5215621867662572,0.6210435935521411,0.49442251657353564,0.6027677020898231,0.5883068245984806
HKG,0.7171160168777115,0.6262083068674431,0.6846345534315391,0.6242741181250611,0.6183082506895903,0.589799507478622,0.6704602481828394,0.6447485338164097,0.6560007268726633,0.671588108674049,0.8607750978355887,0.6288904432675645,0.5989253443135644,0.6689423212007557,0.739739177494521,0.702467637146732,0.6877393164722095,0.7155693113444712,0.6913824582539736,0.5544241131385371,0.6167019017758605,0.6357435597628962,0.6389222082043942,0.5698082135312218,0.7083970537595079,0.6354987715977395,0.6122422610024842,0.632269802795945,0.6128713737918966,0.5853562762566742,0.6352809154069599,0.0,0.6337383348641833,0.6118703709364784,0.6664873016702141,0.732601584749528,0.6511893261015708,0.604580399035819,0.59986630978954,0.6358035792422553,0.6690746770173578,0.6290958615132922,0.6381748791374918,0.7597957554755046,0.6905892557409854,0.7052620779660514,0.6278845148977715,0.5788746891578742,0.602604217688385,0.7241530741922685,0.6485709936759355,0.6415745792772163,0.7480308902600663,0.6327384393977279,0.7008775678270276,0.5707104933372924,0.6131592563388831,0.6513607774346201,0.6582546668008741,0.6930742773223769,0.6574741691735221,0.6202717614841041,0.5954156920168243,0.6855768078548237,0.6227102173040666,0.5847413679901609,0.6750266121106395,0.5803647554399595,0.7525467074013923,0.6394457639743959,0.6146800146416607,0.6345681970192142,0.6712895796307317,0.6957552258919624,0.6555293650840203,0.6518939610208988,0.6962323292836696,0.635400950860953,0.7241365348187939,0.6767357166641869
HRV,0.5721064375182735,0.4637205151058676,0.47431661269162056,0.4717999292245067,0.42552737558953724,0.43805129697750544,0.5749280492301172,0.45674986978798293,0.431448298333631,0.5007552191649473,0.7895606081533055,0.46705385622759993,0.5118595679366169,0.4942391215426335,0.5199127974468363,0.5766972486434582,0.620151095682219,0.5866206748271211,0.5569234474284647,0.49708138958387793,0.566491744403227,0.4477093421509866,0.4384600695500914,0.503193743009154,0.551370527996072,0.4400406008586035,0.4533970820836402,0.4520600475195192,0.4477563474834638,0.43242509750551,0.4913231615075639,0.6337383348641833,0.0,0.3945939178088755,0.5210050431367583,0.5622770907275834,0.5362584524451237,0.5330096085965151,0.53660062963938,0.43002122167497786,0.5516841834633972,0.4768767387629924,0.588337697431548,0.7065641823448023,0.49776134252636034,0.7060649503096708,0.462524577180444,0.5518911383817819,0.47620518400853523,0.5303889120810698,0.49838994296814126,0.5329670731167715,0.5722691859731935,0.5437507164121269,0.6773131013670886,0.4460867270618335,0.45583249728042874,0.46011432601422025,0.46410479642526214,0.4977950388219004,0.5409712538726025,0.4145711143631165,0.43981117152390475,0.4796769666878815,0.40520391676663664,0.5592205257430016,0.5501495273584192,0.5895256529789238,0.7698447889423404,0.4341988661216982,0.4446982466687176,0.44508376995843574,0.4956347556836895,0.5326440957149258,0.4513005289292025,0.47956444897088624,0.5801368025738255,0.4494408142002852,0.5591247787321225,0.5431746158763977
HUN,0.5874989230758774,0.41973628456598483,0.44854247061119756,0.42716714751253976,0.3605975859135605,0.40395155087643075,0.5438459908050712,0.3928923050493244,0.41293027142208066,0.4663354758400138,0.7843926870306505,0.407123802453816,0.49705558176338926,0.4855925176083596,0.48756771275822375,0.5382472822524327,0.5997203504385638,0.5576784409907142,0.514052104454664,0.4707063658832647,0.5663359007948592,0.3991318564090667,0.39647683395586913,0.49419926571572553,0.5428442020834906,0.3902519885782428,0.4337558961865883,0.40239561357573866,0.40645372471511476,0.4051592563511006,0.47869803871574845,0.6118703709364784,0.3945939178088755,0.0,0.5014317521872526,0.5228128383172118,0.5102636391185058,0.5156566081728889,0.492046827204656,0.39806270161427243,0.5334660257983611,0.43553687148281156,0.5487044728465827,0.6840932989784503,0.45405968355091403,0.6865611877347371,0.43277244765640793,0.5294657040570806,0.4500326306466208,0.48587058807980293,0.4390630670542308,0.5231387900210036,0.5459524750141543,0.5179960614357225,0.6700028732645967,0.42200708060861236,0.4691570844073638,0.4479599152887829,0.42717395991304635,0.47429538744619715,0.4913222905504758,0.3746442338232527,0.38336779109113195,0.47193176174018014,0.3919640562481158,0.5201221143647492,0.5143855261064704,0.5905428466618297,0.7378185440187294,0.4017462418006584,0.4242727573437736,0.3833649706127806,0.48649802458263913,0.49605152433302907,0.3992131914615856,0.45501465162688143,0.5531889549056793,0.4099596530944961,0.551757010754758,0.5004439676861661
IDN,0.6261041930081601,0.5047498240505242,0.5080445637236095,0.4959279078032147,0.5190556536251314,0.54033855090389,0.6065534691463119,0.5178926604142284,0.44397276069035535,0.49588874313165127,0.7632466872646404,0.49419360078789176,0.5899499212876718,0.5974534813712118,0.4776294045162795,0.5866866178372556,0.5922191947133162,0.6088506528208647,0.5323642919004169,0.5101444962481301,0.5888148576087414,0.522635672518578,0.5518920186201686,0.5709975491296986,0.5846002037927526,0.5056715032577173,0.5512407697738996,0.5260830211998334,0.5601011186716958,0.5213326744014851,0.5921108713059362,0.6664873016702141,0.5210050431367583,0.5014317521872526,0.0,0.5425543778625542,0.5836050825605072,0.5900494874984065,0.6191841161496597,0.5287415169120109,0.5354486425995856,0.5136704975837144,0.595031921454142,0.7118400881672764,0.5456967643075594,0.6517550076054159,0.5592327079078954,0.5885246323044484,0.5813617647571769,0.5431427143702638,0.5134189674314892,0.5957756167117455,0.5387517105958483,0.5003133994677638,0.6893962290596833,0.5617694262701897,0.5381516784150537,0.5403530399516266,0.4800796499703534,0.5173419596658302,0.5176272349013137,0.48940332346903676,0.506250503900741,0.5244831512651559,0.48733845759809913,0.5533057778805099,0.5976175832208888,0.6180671461659312,0.7725871474985239,0.5375607866280582,0.5588320504055158,0.5413079281523718,0.46013600362681756,0.5708538334468566,0.49500649511283407,0.49038859500057796,0.5583757660984893,0.5287598153796897,0.5333651795954175,0.5577669270645689
IND,0.6566453294537148,0.5577126347257936,0.5092318607610394,0.5331903903023609,0.5691861842810563,0.5752323439016651,0.5936204983989897,0.5272464593349896,0.4975073960316071,0.5293470714275476,0.7837844416923123,0.531637553032712,0.6490743485045893,0.632146277948042,0.5234421583554282,0.6033655542173818,0.6380191874485662,0.6124040761754288,0.5815129048245072,0.5853274282750599,0.6563262009354114,0.5650121324837591,0.5968853146764356,0.638517495433502,0.5851185699522592,0.5456327771521341,0.6128547395420315,0.5794421310929154,0.6008790146733851,0.5756714931547994,0.6137181056717925,0.732601584749528,0.5622770907275834,0.5228128383172118,0.5425543778625542,0.0,0.6479439323519701,0.6136534197781663,0.6300101410674106,0.5681138559798407,0.5475592360897769,0.5566156823978741,0.6024179665326863,0.7045233575973165,0.5793666650151377,0.7075347658530559,0.5787313754679781,0.6557481485672455,0.6089028119446964,0.5352505650692475,0.5208797189698265,0.6701222738440268,0.5775554695278033,0.5680630582118718,0.7435121655846346,0.5988580187585066,0.5968582083987276,0.5851747849460213,0.48787231079786764,0.5547658746050064,0.5661334220980977,0.5422158365041412,0.5683402058761992,0.5521528204518077,0.5099038020324708,0.6132395104477333,0.5877913464255319,0.6983466342788102,0.7834561302207286,0.5659523517194193,0.6064926731227619,0.5814005521340582,0.5318011328986947,0.5872103888089422,0.5112441456996473,0.5723677522191933,0.5827237447635666,0.5567501135083818,0.5818072209604604,0.5674498789721187
IRL,0.6565733438108494,0.5426375251289297,0.5589937069677914,0.4929430052673779,0.47233797146155176,0.5207223054053133,0.5962717030816103,0.5257215963889014,0.5431849435090695,0.5745385709878024,0.8412239167308041,0.5275323405620318,0.5556890921967572,0.537311221537165,0.5947329245016514,0.640069825773851,0.6634561614393073,0.5727541423779893,0.5718762414657776,0.5852109106211605,0.5821310661928156,0.4920557926158915,0.5055134526246381,0.5660892156067721,0.6501804405331121,0.5032084975388881,0.5160237772770694,0.5308390704520485,0.48730570600337997,0.43262510666576415,0.6023226888347244,0.6511893261015708,0.5362584524451237,0.5102636391185058,0.5836050825605072,0.6479439323519701,0.0,0.5202882840376419,0.5733971098419625,0.5029070762974336,0.6523703776395647,0.5603861360162827,0.6475370877523385,0.7337254867227747,0.5830209927422807,0.7387375984865208,0.5397032622758032,0.5628031080024295,0.5252499997358282,0.6111399332278138,0.569917872841188,0.5343975195171617,0.6163784618633787,0.5933404978795052,0.6961055696258941,0.5104699445600416,0.5429737782452545,0.5278055858423655,0.5577316593247437,0.5463597491740139,0.6017630407134384,0.49872538847649817,0.4695288683380467,0.5521190356227818,0.554520372651198,0.5602132819438249,0.5988431557734797,0.6184635642053572,0.7294222475840549,0.5188358007214129,0.4669280706851018,0.5223629074156353,0.5726762154534317,0.5955483087888959,0.5111513048518467,0.5469758606595784,0.6352873128425283,0.5368659357836175,0.6137331446472504,0.5974352082863719
ISL,0.6567596545694685,0.5385596537819183,0.5667986755357863,0.5247716501937135,0.5190446816423142,0.5280540076092096,0.5574111803951268,0.5404822581822825,0.49216121392142725,0.570656043794384,0.8583509349816925,0.5321809022982741,0.5708844609561461,0.5752044419991108,0.5940174272545908,0.6425584050691635,0.6665674763935323,0.6101524810581426,0.6131873486132801,0.5491768479980297,0.5421534961213668,0.536287552389234,0.5203976002631606,0.5641493723431295,0.6019116925987115,0.5107634232340272,0.5398644244351176,0.5525828283865218,0.5256721710847071,0.4796109055680968,0.5602814142932745,0.604580399035819,0.5330096085965151,0.5156566081728889,0.5900494874984065,0.6136534197781663,0.5202882840376419,0.0,0.5768657888318378,0.5292194925279083,0.5935178781356468,0.556690946890578,0.6158865992550202,0.7301467210347331,0.5723135807745693,0.7468773232287246,0.5607548100493044,0.5456148181560734,0.5297045617447363,0.5911324059079246,0.5893744058116344,0.5573118109369637,0.6372058993637791,0.5874618242169733,0.6953329897297457,0.5178994778309327,0.5526911810227896,0.5472239992275935,0.5255263972876025,0.5645065272892117,0.6055454388108391,0.532132887405292,0.5049180313056673,0.5757311871991407,0.5337645078342508,0.5495167671927914,0.5867493414649277,0.6408629433188268,0.6645101789522616,0.5380840008831708,0.5199681930955966,0.5468762105833718,0.5672521538539481,0.581484590447024,0.5145587064760265,0.5662972731283992,0.6313463460564849,0.5480000906443707,0.6340557503701459,0.5931353524259442
ISR,0.689718528609517,0.5441711724958771,0.5591094391767258,0.5357511169070478,0.49517011375776143,0.4531124146539539,0.6342810115857896,0.554912577251979,0.5767407050200617,0.5573923993308372,0.8194368689344642,0.5255836753243546,0.5277471654803361,0.5266575554235945,0.6058119376604771,0.6264779873435419,0.6515354848470881,0.6118540456494926,0.6086777260564705,0.5363417149427959,0.6357034418086915,0.5272819462380178,0.4846341610935296,0.5443972647560928,0.6252706238293305,0.526741269114219,0.5497149665413344,0.5213645071238028,0.48920259998345544,0.4723487670580629,0.5440592968889023,0.59986630978954,0.53660062963938,0.492046827204656,0.6191841161496597,0.6300101410674106,0.5733971098419625,0.5768657888318378,0.0,0.49730885318724455,0.6275482820099716,0.5455938985150747,0.621453713332229,0.7470198465944207,0.5519917327837943,0.7594395185688132,0.563121593624025,0.5774512228612921,0.5710815335669286,0.6174296122860818,0.5274221667920417,0.5873342388943837,0.6423175884803322,0.6018329666278655,0.695899785789825,0.45570078543162845,0.5537340501594329,0.5525792209332363,0.5593618475237521,0.5490305135059665,0.5980629593361518,0.5237576615302333,0.4932462346944748,0.5917800115920243,0.5420154813540342,0.5779007363301127,0.5955345796990503,0.587318003089229,0.7736565136828278,0.5715203698427072,0.5301484004527788,0.5226888971603115,0.5818789407906788,0.6050796956306246,0.5378029955571393,0.52420873284958,0.6403665312121071,0.49052687143158835,0.6310869887365381,0.6042138543281187
ITA,0.6553360916551336,0.4672021336785619,0.4639492300469534,0.44070187942663147,0.3800376542902359,0.3900080113804027,0.5731171845831644,0.44248687340440435,0.45588925676687064,0.48141549141285506,0.815423542959718,0.4452294101803987,0.495024991475285,0.5196042972137325,0.4956662387401222,0.5580585028187314,0.6172473076613707,0.5687729941597696,0.5435379546639211,0.4944471181071884,0.5573992142189947,0.432584475249014,0.37324014039270753,0.46594552758076474,0.5511077837843724,0.36548861855716896,0.4407299757562229,0.4131837828333852,0.4072474636147074,0.38061393285563083,0.5072340522455102,0.6358035792422553,0.43002122167497786,0.39806270161427243,0.5287415169120109,0.5681138559798407,0.5029070762974336,0.5292194925279083,0.49730885318724455,0.0,0.5780022910124823,0.4480644388793157,0.5975768800673156,0.7100206307972232,0.45322709732898386,0.7469732066430029,0.47274348702605984,0.5246203549604349,0.46819868845151014,0.5423578842436411,0.4699898329046971,0.5178421019203875,0.5671150866155675,0.5427163544954717,0.6629916412340143,0.422725893772808,0.4651376183199344,0.4874484266783506,0.474054552537189,0.48948255604966295,0.5518239291713706,0.40872052593479524,0.39791576522380606,0.4942404558912778,0.4382109390331855,0.5199322619387705,0.5419508067738046,0.5795765195740342,0.767173060401694,0.44940780036962774,0.4270087832425713,0.40172052816015597,0.506381991489708,0.5470550522432762,0.4131446693332561,0.45212701308937575,0.577351070672563,0.43869743030292857,0.5797578145787395,0.5343493558767854
JOR,0.6730422804870297,0.517554106482005,0.5472488882606098,0.5465116952061633,0.5757655425177644,0.5749207655254227,0.6049992540982935,0.5405777166944613,0.4842848203210581,0.5468613382896785,0.7733161821454454,0.523223113663809,0.6509501708860331,0.6229828247803841,0.5500294843840332,0.6343801491158843,0.6387769964591595,0.638030134233781,0.5897621082262332,0.5695113575051574,0.617993548662974,0.5544749177572638,0.5917777634937956,0.6063456828149029,0.5408174666619929,0.5593581926061565,0.588640662116446,0.5797860051271562,0.6056029018479309,0.5627562114779397,0.5896286624050753,0.6690746770173578,0.5516841834633972,0.5334660257983611,0.5354486425995856,0.5475592360897769,0.6523703776395647,0.5935178781356468,0.6275482820099716,0.5780022910124823,0.0,0.5397508962463504,0.5757144364650303,0.7249671989923019,0.587165328844101,0.6773881847600807,0.5789881206522177,0.6342179522668516,0.60839170665736,0.5637229051609176,0.5496521396136053,0.6515944153507804,0.6477177147039327,0.5444924636959413,0.7401674723353794,0.5846821092064475,0.58270996218095,0.5813909459520636,0.5263480235517607,0.5515428033734333,0.6046760139996034,0.5569588118405986,0.5603196455161,0.5812443670462907,0.48308609964755644,0.5922728806576469,0.5843626698423635,0.6578412742488596,0.7593840505714917,0.5645290689713699,0.6161098905032832,0.5775589976781826,0.5459272545144254,0.6157891651338541,0.5367417367848725,0.5603225249833507,0.5815734537176043,0.5438720965677498,0.5824307156279724,0.5676381045944383
JPN,0.6800378023896647,0.4791398748846776,0.481376459800685,0.46792767866162455,0.4568826711152544,0.4700872417247674,0.5762232568741333,0.472885794677296,0.45466266492145513,0.49601293112353,0.8088513972230958,0.44504617345837116,0.5271037262493464,0.5440844720493769,0.4765546481111137,0.5477711744954724,0.6110112254208945,0.5782451988964649,0.5348514010400987,0.5040067640929894,0.5979797175879109,0.4713172596425033,0.4570923381694227,0.5354719714560561,0.551128661724107,0.44083284961408187,0.5123380129447249,0.45887326652947313,0.48270585710409214,0.4692659312327985,0.5165887923700475,0.6290958615132922,0.4768767387629924,0.43553687148281156,0.5136704975837144,0.5566156823978741,0.5603861360162827,0.556690946890578,0.5455938985150747,0.4480644388793157,0.5397508962463504,0.0,0.5679060270394973,0.6815828893467633,0.4525396342480601,0.7166043362684998,0.5029901008188551,0.5719564424921905,0.5015893507910837,0.5309704277205639,0.4764562145696285,0.5703692951882976,0.5696356431265792,0.5504455202449476,0.6899018698794739,0.4972152115245919,0.5274387658704491,0.5435976216707814,0.4753345527641894,0.499058465476076,0.5414035745241432,0.444244395720178,0.45277252615726926,0.5125443855619602,0.4566830176336054,0.5381839434383752,0.5551551395088482,0.5922381823070256,0.7681107362321478,0.4854375440262907,0.5025616207654932,0.44817872887337207,0.48411875142173216,0.5831879439266529,0.42913051041477435,0.43939064618991075,0.5640076997804344,0.47929194533895153,0.5319150331694658,0.5398388674086979
KAZ,0.6654856797700107,0.5494336098229291,0.5386522174648973,0.5148783345164766,0.5746833929167222,0.5943316120233011,0.5565148091089652,0.5610731845438743,0.5415228208904244,0.5708914631446228,0.7878847680530289,0.5189555083255819,0.627491254954005,0.5941451382222848,0.6118803836530847,0.6454430378130684,0.6204423466774316,0.5676777282040903,0.5978737403364627,0.5609852774200285,0.6493162813439503,0.5876233287131394,0.6028537870748518,0.6041746030887274,0.5843853884341723,0.5797840293578063,0.5810791147619165,0.5844612413939465,0.5958075935143696,0.5599929157127671,0.5856746322038001,0.6381748791374918,0.588337697431548,0.5487044728465827,0.595031921454142,0.6024179665326863,0.6475370877523385,0.6158865992550202,0.621453713332229,0.5975768800673156,0.5757144364650303,0.5679060270394973,0.0,0.6821161292890698,0.6369591886348441,0.6620043302810478,0.5707749136541275,0.6382141357536545,0.5754690137608807,0.6021107820655199,0.49970683916249997,0.6737338917459431,0.6239419151016584,0.580548453009947,0.6907548368855945,0.5853565738699087,0.5815028820520707,0.5468531613938398,0.49342107984398037,0.5509753464409206,0.5911446811642348,0.5611603105914161,0.5939996202710731,0.5793182979628505,0.48513966877568826,0.5727428453615608,0.5975691530722852,0.7010323823326647,0.7802502855560762,0.5875195488242413,0.6179548711786246,0.5826214077004415,0.5982028318585191,0.6292435921312373,0.5266368208720416,0.6209684470709779,0.5701257370662379,0.5367502646572484,0.6041860338421399,0.6096137065038771
KHM,0.7543602618781692,0.69234305004376,0.6699985986856986,0.6725058682371456,0.6864674801581063,0.6881658392179485,0.6289463464517543,0.6449222967199508,0.6934430350896528,0.7062510918069168,0.8464359212260744,0.6931920040610432,0.7261674684888526,0.7489776647122651,0.6990526946539883,0.7396692897555145,0.7274595131481569,0.6467236559143184,0.7455915938267613,0.6980695806247115,0.7244358058281802,0.6914407179122306,0.7191908231865428,0.722559646704858,0.6711004941281183,0.6885760473634501,0.7009236127355383,0.6859217102971993,0.71623446456373,0.710038079388156,0.7194969714094059,0.7597957554755046,0.7065641823448023,0.6840932989784503,0.7118400881672764,0.7045233575973165,0.7337254867227747,0.7301467210347331,0.7470198465944207,0.7100206307972232,0.7249671989923019,0.6815828893467633,0.6821161292890698,0.0,0.7295553963394864,0.753089906046493,0.7127336828393473,0.7369774463888659,0.6668607298237085,0.6925174814240471,0.7021955950176552,0.7478644919534247,0.6552486822043513,0.7139918370350532,0.7915701332956385,0.7203204986562388,0.7208585297608426,0.7175193315125099,0.6274672915030828,0.7078221223534733,0.7206304291700287,0.671167471182054,0.683976195246301,0.6791419488091862,0.6773611450329747,0.7062480455855441,0.6977147387374232,0.7759193511270386,0.8158643417302773,0.6785847286796842,0.6932722645809892,0.6892479617766224,0.7200550716883793,0.7113259238372841,0.6397567402059351,0.7085379985170794,0.6171812370464062,0.7198302501810848,0.69233648919397,0.7184853192557679
KOR,0.6796754555954765,0.5069190970315395,0.47073668263638513,0.5126435525738625,0.46559250663969787,0.4820519366531472,0.5832387222683351,0.5110517404095425,0.43671327441122826,0.4907946398806405,0.8324485325348728,0.48538504489504813,0.5554637417489974,0.5336982892930145,0.43913181017210073,0.5931210364952579,0.6564751817214199,0.6067819421201804,0.565514522255276,0.5611626122822153,0.6116785520867839,0.4805896149476091,0.43586617615852735,0.5438255690965256,0.5465052585680861,0.43764052088712235,0.5390465760727559,0.45852732532592727,0.4851644530402592,0.48270178589497276,0.5270414621778704,0.6905892557409854,0.49776134252636034,0.45405968355091403,0.5456967643075594,0.5793666650151377,0.5830209927422807,0.5723135807745693,0.5519917327837943,0.45322709732898386,0.587165328844101,0.4525396342480601,0.6369591886348441,0.7295553963394864,0.0,0.7641563037506992,0.5588596076675834,0.5834557241014053,0.5446639080853591,0.5596346900281399,0.48314686726158884,0.573386545284311,0.5686823439974366,0.5635838086326099,0.7144743571630834,0.5139501253088071,0.5315131067749881,0.5443175897752071,0.4662828142884967,0.5203011072225234,0.5627979880812267,0.47556724476968293,0.47700190753219335,0.5245546448261907,0.4755122614795274,0.5735670787684196,0.5851008548951837,0.591278722371883,0.7922776499697125,0.5119425441153586,0.504616941059191,0.47246846902525136,0.5085559897359287,0.579393152980341,0.4408862951057895,0.42638436650745054,0.592080622927184,0.481292258733191,0.5490538521479152,0.5719945880271174
LAO,0.7125329545984457,0.7081217914729104,0.7234096069876332,0.7117943730134144,0.7213735950222633,0.7216468963160323,0.7213509952132907,0.6814956296074417,0.6761754862938341,0.6925720689293237,0.7551232615439981,0.6936756852513913,0.744366298331252,0.7001073305254775,0.7144350410838397,0.6937500098282362,0.7097853383013255,0.7280624828598493,0.6663952621859269,0.6627221930416147,0.7390261711316881,0.7162500875603648,0.742872236360449,0.7310267455806203,0.7148626995243844,0.7284556648992053,0.7163302001712962,0.72823135947651,0.725092441204545,0.7222072700809818,0.7319483538235231,0.7052620779660514,0.7060649503096708,0.6865611877347371,0.6517550076054159,0.7075347658530559,0.7387375984865208,0.7468773232287246,0.7594395185688132,0.7469732066430029,0.6773881847600807,0.7166043362684998,0.6620043302810478,0.753089906046493,0.7641563037506992,0.0,0.679579836282556,0.7495053250743933,0.735096787786272,0.699217163451428,0.6981329589264177,0.7521809935992253,0.7097945688351862,0.6784522111723524,0.7564275113769048,0.7255050306060656,0.733769083759914,0.6827605509506696,0.6674205504975094,0.700127275515936,0.6822771068715635,0.6739768506413928,0.7102677712753444,0.6907401813477657,0.676838775683742,0.7101137228478669,0.7301861041426908,0.7712659420344805,0.8024924026209275,0.6926190870699932,0.7433950421169284,0.7356422133085401,0.6857347777886461,0.7041602980875142,0.6933378074463673,0.7208743280386973,0.6788091778757752,0.7206704407762465,0.6918040828918651,0.6810979713899511
LTU,0.6354890408373691,0.5537939673525196,0.5090426592101265,0.4904598161991648,0.4339928722996051,0.47076449040445245,0.5749892690246361,0.4523294940484791,0.4946169014119402,0.5196964448069249,0.8018410236435801,0.4904735206244069,0.5274793441926509,0.5364070366509672,0.5784773798406603,0.5722798849217274,0.5912238602810223,0.5809963335762875,0.5553999248793501,0.4868476941786208,0.5913231048907738,0.4488324628109885,0.4976547189475325,0.5494021402584159,0.5840450907714746,0.45378754148638106,0.4103704071798197,0.4917537735010889,0.4677808112811741,0.4559395427059064,0.5556209991741676,0.6278845148977715,0.462524577180444,0.43277244765640793,0.5592327079078954,0.5787313754679781,0.5397032622758032,0.5607548100493044,0.563121593624025,0.47274348702605984,0.5789881206522177,0.5029901008188551,0.5707749136541275,0.7127336828393473,0.5588596076675834,0.679579836282556,0.0,0.5699602238138591,0.452757474808457,0.5494309827265546,0.5132243233929809,0.5502156319084411,0.5973004594756001,0.5571646242739998,0.6815714025867181,0.48123212125860326,0.5147775529859449,0.5068585303474136,0.488288347251576,0.521678845003093,0.5405860700876126,0.43366877489989825,0.4482260981142475,0.5060151611620065,0.4668770603948274,0.5382479052612437,0.5063997337184428,0.61845859107037,0.7237323361155715,0.44569698791468026,0.4682765832053658,0.4661077443357336,0.5344318667740058,0.5378496078586421,0.4502083492444216,0.5385688589083021,0.5583087905653137,0.5140155965140883,0.572330590717435,0.538576977493372
LUX,0.6773840750516031,0.5700807015210038,0.5695029987644457,0.5219900925499664,0.5095428524370579,0.5163889431878265,0.610519901662675,0.553283846294796,0.5538053370163716,0.5945691053886449,0.8689644474675469,0.5523576854117845,0.5426401335747465,0.5891267778527365,0.6432406177346105,0.6169055055322136,0.6753778943000203,0.6485597337614022,0.6264489425021241,0.5398235591249216,0.5565302959987907,0.5361177348589995,0.5490979963788323,0.5533316506692528,0.6548291033595447,0.5216592817682537,0.5343870856479604,0.5427481822259744,0.5247394896577092,0.49574120068880567,0.6033215203519524,0.5788746891578742,0.5518911383817819,0.5294657040570806,0.5885246323044484,0.6557481485672455,0.5628031080024295,0.5456148181560734,0.5774512228612921,0.5246203549604349,0.6342179522668516,0.5719564424921905,0.6382141357536545,0.7369774463888659,0.5834557241014053,0.7495053250743933,0.5699602238138591,0.0,0.5265018301774019,0.6388522315662071,0.5909963731892053,0.560223619161844,0.6522450715519525,0.5978932486285801,0.6830746061474404,0.5101037560634825,0.5643683206620046,0.5720009862757062,0.5721898899437204,0.5657089558763381,0.6231546605404449,0.5346881223495855,0.4902585530306966,0.6029897762250642,0.5399177801490804,0.5702158811727532,0.616490192469118,0.612612075160808,0.7469243997883913,0.5635838472307347,0.5150600529196738,0.5429330367932944,0.5847852331533875,0.621156995750134,0.5343150009040579,0.5804722239141726,0.6612150628782167,0.5607618071862306,0.6635580967224346,0.6221920099724702
LVA,0.6557461173685367,0.534108418563265,0.5110734490063081,0.4722605127758738,0.40653505452174415,0.4508716419773999,0.5487832579063792,0.45404675685425366,0.5037142219752323,0.5524467334751219,0.8270467328563083,0.4926754750844987,0.5056912005413534,0.5332625233263709,0.5854256076165146,0.5887632253916906,0.6164979434044545,0.5625295377707201,0.5933282080365102,0.5099105723339461,0.5687180002462856,0.43337022823007204,0.47956016810334,0.5320269829257132,0.5946578760203536,0.4435753323969505,0.404485826558446,0.444590855026208,0.4585958623250757,0.4518732937343219,0.5248247536251105,0.602604217688385,0.47620518400853523,0.4500326306466208,0.5813617647571769,0.6089028119446964,0.5252499997358282,0.5297045617447363,0.5710815335669286,0.46819868845151014,0.60839170665736,0.5015893507910837,0.5754690137608807,0.6668607298237085,0.5446639080853591,0.735096787786272,0.452757474808457,0.5265018301774019,0.0,0.5671366572596704,0.5360371330381791,0.517914876628434,0.602778676620427,0.5616063914604708,0.6703929988559197,0.47296243327714976,0.5011055417605835,0.5177818634850792,0.5052618023860057,0.5328155202053578,0.556675393581239,0.4311851059788505,0.4223558400925238,0.4979081684362848,0.4587298142209764,0.5412099131975269,0.5184644535049068,0.6113722417225087,0.7376028362232816,0.44739079465458526,0.41621276645759214,0.43143996655478367,0.5637496288632732,0.557897074761324,0.44456374691605594,0.5563319445895887,0.5836613280508781,0.5230525584782951,0.5802338287751911,0.569042275735331
MAR,0.6357423960203346,0.5473584678371148,0.5136513877060094,0.5304627918656614,0.5249165430367918,0.5309961747040451,0.5743027103545499,0.5105866808449103,0.47073930000006536,0.5171103870525768,0.7639899178991606,0.5122360670149133,0.5915844212502891,0.5692572089826342,0.5321435416792921,0.5889664599300254,0.642095908621944,0.6145852266896854,0.5527875542561473,0.54882836879853,0.6247345987632111,0.5459442342500688,0.5503993134792856,0.6158336634125459,0.5760950289075287,0.5259901728648178,0.5514481105086796,0.5426822652295329,0.5488234180803159,0.5543684131304755,0.5711095612932091,0.7241530741922685,0.5303889120810698,0.48587058807980293,0.5431427143702638,0.5352505650692475,0.6111399332278138,0.5911324059079246,0.6174296122860818,0.5423578842436411,0.5637229051609176,0.5309704277205639,0.6021107820655199,0.6925174814240471,0.5596346900281399,0.699217163451428,0.5494309827265546,0.6388522315662071,0.5671366572596704,0.0,0.5013755022984222,0.6212025552639354,0.5629702866854494,0.5481213829709446,0.7416374987380973,0.5706283322023877,0.5861913029303425,0.5615971238136839,0.4693771419262644,0.5073483634710868,0.5194987263931017,0.5148784191367297,0.4962887303815703,0.5621727078015697,0.5080795136058776,0.5893177835159621,0.5346999296983219,0.6765192158677504,0.7876974312308158,0.5270790898434822,0.5737091896214075,0.5322711047794129,0.5317052267600001,0.5625147103650143,0.4824883478597226,0.5329261044671898,0.5710713453953702,0.5367684293735855,0.5444615034671829,0.5465396520711905
MEX,0.6215293851688322,0.484183433587141,0.4368789475042996,0.45849571693300845,0.46646965798677126,0.4871954798310244,0.5651721018490207,0.49937059759301927,0.4503976002654659,0.47280126778214243,0.7759901001955178,0.42546924905526934,0.540628403532085,0.5189579336416683,0.47740474659483106,0.569410727000251,0.6013755549815228,0.5412568010759319,0.5258766748116062,0.49686566828534834,0.6286534412311011,0.48260426704735854,0.4939958861949288,0.5358524225567421,0.5483910220144252,0.47026954714475755,0.5211179671305222,0.4735793860135306,0.498656224202652,0.4627653819798812,0.5326742318146093,0.6485709936759355,0.49838994296814126,0.4390630670542308,0.5134189674314892,0.5208797189698265,0.569917872841188,0.5893744058116344,0.5274221667920417,0.4699898329046971,0.5496521396136053,0.4764562145696285,0.49970683916249997,0.7021955950176552,0.48314686726158884,0.6981329589264177,0.5132243233929809,0.5909963731892053,0.5360371330381791,0.5013755022984222,0.0,0.593899833677301,0.5727035307693261,0.5281027603349947,0.6798952691233882,0.49197458403926786,0.5059170011514761,0.5123432000402426,0.44734030709572736,0.4663717280325178,0.48788194199981283,0.46653993662482635,0.4755090109771428,0.4932468455550999,0.43581970513170004,0.543366906253768,0.5471917678812062,0.61595631952429,0.7946024907088441,0.5096568104685409,0.523298342140573,0.4804335182808723,0.5098102313488625,0.569128122912855,0.42318163838214035,0.47955140252327566,0.561443463005518,0.4182246611419826,0.5240149648581108,0.5436406483154035
MLT,0.6689444348895669,0.5572167506731097,0.5868722174729872,0.5502783148484066,0.4928496907989315,0.5177441694913395,0.6295952702966456,0.5509781007626122,0.5604702144445382,0.5979109760505201,0.8597591748316823,0.5802934835132613,0.5293018549137398,0.5564086320734535,0.6145336262258815,0.6388902725296252,0.6756243397947169,0.6481473621186864,0.6169922627263793,0.5754686878695875,0.5465565828626873,0.5147573015606866,0.5088679869132133,0.5834015163330177,0.6439848795611908,0.5178059410273761,0.5042627694480806,0.539698680549573,0.5230693903663481,0.5029816653861179,0.6084937272289186,0.6415745792772163,0.5329670731167715,0.5231387900210036,0.5957756167117455,0.6701222738440268,0.5343975195171617,0.5573118109369637,0.5873342388943837,0.5178421019203875,0.6515944153507804,0.5703692951882976,0.6737338917459431,0.7478644919534247,0.573386545284311,0.7521809935992253,0.5502156319084411,0.560223619161844,0.517914876628434,0.6212025552639354,0.593899833677301,0.0,0.6424989584087601,0.5942246367586066,0.7220305688706817,0.5229006237245273,0.5614788593794396,0.5558516146126676,0.5947109996842114,0.596612755249895,0.5847214617868202,0.526755095703016,0.49247884301622497,0.5816752579639519,0.5532007066536749,0.5887728532133444,0.607075170410174,0.5750237101363453,0.7563454980290839,0.5224981761955005,0.501836835234956,0.5319471539174353,0.5821820963331055,0.6015257579434541,0.5404580924038634,0.5613351063200503,0.6658000962809312,0.5865531739724389,0.594964823746517,0.61340552937599
MMR,0.6550394693296614,0.587789608454659,0.5235583272752818,0.5270821821241722,0.5620579280861535,0.5867646489969016,0.5292511779366607,0.5417336843379952,0.4927781742787385,0.57549506755023,0.801572412480366,0.5432690536739753,0.6372337503295822,0.6203183274287458,0.5097135854050389,0.6386006024400728,0.6623573392198158,0.5812750139904848,0.5920013074263809,0.5862699568490339,0.6402190516925279,0.5654651843079694,0.5760025934825276,0.6147318087852819,0.590342750872561,0.5525699717358739,0.582575747261419,0.5567592370420236,0.5830889293428647,0.5730899117385245,0.6144120745046993,0.7480308902600663,0.5722691859731935,0.5459524750141543,0.5387517105958483,0.5775554695278033,0.6163784618633787,0.6372058993637791,0.6423175884803322,0.5671150866155675,0.6477177147039327,0.5696356431265792,0.6239419151016584,0.6552486822043513,0.5686823439974366,0.7097945688351862,0.5973004594756001,0.6522450715519525,0.602778676620427,0.5629702866854494,0.5727035307693261,0.6424989584087601,0.0,0.6195692691751842,0.7119557824300972,0.6050433393940916,0.5955035460066832,0.5461041795797952,0.37266141042200895,0.5394036854422141,0.5710236183174728,0.5380215861297571,0.5727049549906369,0.5627895100551651,0.5759704401862593,0.603580113947763,0.625347992783372,0.6847684829233418,0.8022827900933109,0.5944218410738077,0.5831959342978842,0.5616915393132479,0.5580738064445662,0.5681823691663132,0.50029900308545,0.5684030171785138,0.5498207384300847,0.5730614061523595,0.5636821380995568,0.6083129576597709
MYS,0.6315310006025666,0.5401005697592208,0.5304405600527661,0.5097552838200532,0.5252337335094684,0.5441149897377792,0.5869444197091861,0.5183430860491519,0.5059179232094161,0.5193911316653589,0.7848323494152923,0.5086312783392425,0.5972560664228087,0.5894701327350979,0.5587167098809047,0.6177302166193523,0.6055980639884647,0.6122963944727813,0.5836132877576676,0.5171390759479264,0.6094255709161951,0.5062810717041634,0.5523255086540706,0.5710197111760812,0.5872391136536701,0.5246485851558783,0.5474742675538535,0.5320587375383381,0.5434611043246276,0.509464965835018,0.5892000801205051,0.6327384393977279,0.5437507164121269,0.5179960614357225,0.5003133994677638,0.5680630582118718,0.5933404978795052,0.5874618242169733,0.6018329666278655,0.5427163544954717,0.5444924636959413,0.5504455202449476,0.580548453009947,0.7139918370350532,0.5635838086326099,0.6784522111723524,0.5571646242739998,0.5978932486285801,0.5616063914604708,0.5481213829709446,0.5281027603349947,0.5942246367586066,0.6195692691751842,0.0,0.7085411680170514,0.5393320323389905,0.5354934123205893,0.5808736723779946,0.5200901028157449,0.5461640623130715,0.5432632225674808,0.5050371419469217,0.5126008189077456,0.5497270655563601,0.48130891205158655,0.5509678611535934,0.5826939629511017,0.6297490328581472,0.7653202126511318,0.5205540772134899,0.5661541720363229,0.5424121435522695,0.5050507030648219,0.5785760793199616,0.5226192313668225,0.5331962100496961,0.5794143170099276,0.5224084460825889,0.5484460341711076,0.5524093445639325
NGA,0.736285986934069,0.7020589306136592,0.6722757833512,0.6572312680992726,0.667772662590535,0.6833433821029964,0.7024789161020131,0.6868396866333398,0.6827002339489932,0.6954002292802454,0.866532138220179,0.6609691294698147,0.6943554729332134,0.7002499420345144,0.7150247860899729,0.7243817138124865,0.7036311476553551,0.7159648624417009,0.6990279982000849,0.6587756872061253,0.7316358852460209,0.6830716949240214,0.6915679716684394,0.6849957986000663,0.7396646849597625,0.6771256075405989,0.6872752662909528,0.6849021124126643,0.6823273072522098,0.6583521680846647,0.6937667098496741,0.7008775678270276,0.6773131013670886,0.6700028732645967,0.6893962290596833,0.7435121655846346,0.6961055696258941,0.6953329897297457,0.695899785789825,0.6629916412340143,0.7401674723353794,0.6899018698794739,0.6907548368855945,0.7915701332956385,0.7144743571630834,0.7564275113769048,0.6815714025867181,0.6830746061474404,0.6703929988559197,0.7416374987380973,0.6798952691233882,0.7220305688706817,0.7119557824300972,0.7085411680170514,0.0,0.679580003008911,0.6784083345721403,0.655108620301563,0.6783559902882912,0.6912553741196873,0.6687584406311371,0.6645620137370922,0.676020774214752,0.6781107129773354,0.6887903149377754,0.641959066050167,0.6994793682160323,0.7526622834078349,0.8207092363942209,0.712016087865223,0.6694711398256331,0.6768543219394337,0.6983740320228875,0.7078171433821184,0.6760617283580501,0.692148119918555,0.7241828722182165,0.6513471144762418,0.7254913765251088,0.6967268404129797
NLD,0.6147323814833177,0.49903881639714914,0.502326970060272,0.4414074539075937,0.40819097781913044,0.3721641980234236,0.5865413010531187,0.48661257763610977,0.4780965974441817,0.5088207154087097,0.828155831735319,0.43783631181140104,0.48479882340284447,0.4925019731168793,0.5681872648001463,0.5836551960402596,0.6159234089932125,0.567763681154621,0.5633118663812626,0.47914249622363164,0.5737122183036487,0.42346476656434934,0.4060232069079669,0.465238544979724,0.5723317392625907,0.4274911209825422,0.452368764512781,0.4456740851205212,0.38390373189748295,0.3568485318555716,0.5093868436559247,0.5707104933372924,0.4460867270618335,0.42200708060861236,0.5617694262701897,0.5988580187585066,0.5104699445600416,0.5178994778309327,0.45570078543162845,0.422725893772808,0.5846821092064475,0.4972152115245919,0.5853565738699087,0.7203204986562388,0.5139501253088071,0.7255050306060656,0.48123212125860326,0.5101037560634825,0.47296243327714976,0.5706283322023877,0.49197458403926786,0.5229006237245273,0.6050433393940916,0.5393320323389905,0.679580003008911,0.0,0.4398582033890164,0.4768768998114913,0.4913944666905612,0.49775169428600025,0.5689330146505431,0.42310935066744537,0.39550671965787715,0.5173896850172409,0.43228325277644375,0.5030065887482431,0.5472787809687362,0.5661633832658454,0.7524763567670912,0.43561158427529234,0.4335531930641677,0.4375023590766467,0.5300465335621285,0.5495166678443738,0.4596352816111504,0.4771612705681444,0.6010748179415802,0.43267561785766534,0.5936447794708919,0.5495309019993908
NOR,0.6202476222269894,0.4887054084458539,0.5012799377919449,0.45188067007035476,0.45432309896266815,0.47814120029202484,0.5484389478260924,0.5121624974404294,0.46392778486230385,0.5415576279267711,0.8040745181746382,0.4552865949576066,0.533159846453555,0.5359143193414416,0.5520003593969901,0.606035579533569,0.6207496674287409,0.561978643884145,0.5822573171220145,0.5151143409371017,0.5777513811226689,0.4733292015296685,0.4588928379505734,0.43363628364029616,0.5630969917314479,0.4821114561910238,0.4568989366057858,0.4656383474250472,0.4871526797680099,0.4278465502078734,0.5425743075964758,0.6131592563388831,0.45583249728042874,0.4691570844073638,0.5381516784150537,0.5968582083987276,0.5429737782452545,0.5526911810227896,0.5537340501594329,0.4651376183199344,0.58270996218095,0.5274387658704491,0.5815028820520707,0.7208585297608426,0.5315131067749881,0.733769083759914,0.5147775529859449,0.5643683206620046,0.5011055417605835,0.5861913029303425,0.5059170011514761,0.5614788593794396,0.5955035460066832,0.5354934123205893,0.6784083345721403,0.4398582033890164,0.0,0.5030917207747829,0.48890578075283336,0.5207645436803557,0.5733755539800528,0.4687964219519787,0.48536147373182126,0.5193854696348058,0.4452096894147699,0.5347719344499555,0.5816428896804312,0.5767679773746082,0.7745326897067919,0.5119837508621791,0.4832686273130243,0.45819018556647323,0.5324230169694193,0.5453088338490385,0.48551147846488324,0.5117966589600255,0.5940772024467065,0.4629006320607621,0.5978875201490941,0.577284139643107
NZL,0.6013598953743797,0.49630946641510376,0.4984030344322296,0.4282015489924748,0.4319184504885738,0.4802846047205326,0.5555357492556836,0.5026463385581459,0.4801867801439524,0.5184962277145255,0.7875492464650395,0.4624839037266646,0.5429947390465685,0.47855765625275426,0.5332181163061862,0.5828131955491028,0.6138371147819639,0.5907338341622704,0.5137046076391714,0.5263983194170725,0.6102336712665716,0.47755803346408016,0.46658958743791723,0.5356597715978932,0.5750554770230089,0.4763343927543157,0.5104091776843659,0.49237033215659,0.46935894207757184,0.43847249402670474,0.550816002566663,0.6513607774346201,0.46011432601422025,0.4479599152887829,0.5403530399516266,0.5851747849460213,0.5278055858423655,0.5472239992275935,0.5525792209332363,0.4874484266783506,0.5813909459520636,0.5435976216707814,0.5468531613938398,0.7175193315125099,0.5443175897752071,0.6827605509506696,0.5068585303474136,0.5720009862757062,0.5177818634850792,0.5615971238136839,0.5123432000402426,0.5558516146126676,0.5461041795797952,0.5808736723779946,0.655108620301563,0.4768768998114913,0.5030917207747829,0.0,0.4656087682141742,0.49204185257286115,0.5423672949742859,0.47378391667932307,0.4663132381877657,0.501807104054054,0.4721415239699187,0.5525843235435698,0.5668695297349418,0.6276158224509074,0.7715045083046045,0.4867903597641166,0.4881104203972656,0.47639341472053337,0.552132098441406,0.55432608139647,0.46781703232883043,0.5410543469671062,0.5914706851463991,0.4544912859851629,0.581526373943126,0.5363582774749555
PAK,0.5787976464951674,0.504241006330395,0.3915438635267046,0.4238537588706916,0.45075093640927977,0.48632429005948635,0.3966372029231773,0.4477918606712018,0.3152814815033688,0.45991427835555265,0.7949008141685358,0.43144205828840737,0.5534836952471267,0.5260835035222095,0.4237395752207293,0.5790172274931509,0.5956272585339618,0.5165604627649529,0.5077780570499396,0.494138934598756,0.5627732968857017,0.46019708361786643,0.4764679986382567,0.5014793543616357,0.47334333737113965,0.4497338463986999,0.47860239317374786,0.46656297317198064,0.4890598243278655,0.45429408259558907,0.501425237676128,0.6582546668008741,0.46410479642526214,0.42717395991304635,0.4800796499703534,0.48787231079786764,0.5577316593247437,0.5255263972876025,0.5593618475237521,0.474054552537189,0.5263480235517607,0.4753345527641894,0.49342107984398037,0.6274672915030828,0.4662828142884967,0.6674205504975094,0.488288347251576,0.5721898899437204,0.5052618023860057,0.4693771419262644,0.44734030709572736,0.5947109996842114,0.37266141042200895,0.5200901028157449,0.6783559902882912,0.4913944666905612,0.48890578075283336,0.4656087682141742,0.0,0.4417066202888127,0.5024348515093214,0.4402767131903076,0.4697181838161898,0.4541077272885684,0.4210033809705297,0.5195395926365138,0.527589255701908,0.613955652660733,0.763732480325058,0.46746910984393614,0.4934994306498412,0.45747138402432236,0.4624424588477644,0.5246809343408767,0.3706653916175341,0.4751670545964127,0.4642504061117369,0.4473428289602532,0.4767288674984651,0.5371512078175548
PER,0.6167246394298916,0.5191545001799344,0.446224325746582,0.4167380839847226,0.4951507935695362,0.49616296149924366,0.5576738726583985,0.52029766367183,0.45879269592354927,0.4973907726160136,0.7937325781156739,0.43884858767204266,0.5626301560072273,0.49408852112138746,0.5034103194589188,0.5593044707041083,0.5802180620861034,0.5126871073883033,0.5013443641754434,0.519610058480181,0.6118716200746755,0.4863322721429628,0.5055323362155936,0.5554124620728419,0.540068050518375,0.4783008494468111,0.521799245770671,0.5037002315822261,0.49554915613024814,0.45779766362896823,0.5448730918404123,0.6930742773223769,0.4977950388219004,0.47429538744619715,0.5173419596658302,0.5547658746050064,0.5463597491740139,0.5645065272892117,0.5490305135059665,0.48948255604966295,0.5515428033734333,0.499058465476076,0.5509753464409206,0.7078221223534733,0.5203011072225234,0.700127275515936,0.521678845003093,0.5657089558763381,0.5328155202053578,0.5073483634710868,0.4663717280325178,0.596612755249895,0.5394036854422141,0.5461640623130715,0.6912553741196873,0.49775169428600025,0.5207645436803557,0.49204185257286115,0.4417066202888127,0.0,0.5504295110671376,0.47937964484447326,0.4715615669852889,0.4993041192989523,0.4646755757142185,0.5341720098649773,0.5255120149246247,0.6448051198902534,0.7676247974624234,0.5213094492459509,0.5250900875182067,0.5080911640961988,0.4917953791658822,0.5625378045247151,0.42535642481824976,0.5063416309435869,0.5698340481298599,0.4509783842593636,0.556085022009445,0.5443813766286534
PHL,0.6218875558827912,0.5658892943932814,0.5453519869464314,0.5192742387628446,0.5206408087371566,0.5648720962843223,0.5883627513562307,0.5065903570508516,0.49959223912641854,0.5364393653986436,0.7589088442411017,0.5192184024655817,0.5785699794542735,0.5432214449934564,0.532323009097058,0.5874540223751222,0.6368807673926069,0.6408636713437078,0.5414553821026047,0.5302203830254841,0.6475328775757834,0.5231299039662197,0.5606888231812468,0.5988575363854309,0.6235801510380273,0.5443335663923492,0.5551087614906723,0.5471792080699666,0.563807876851622,0.5408054302723272,0.5925014992233999,0.6574741691735221,0.5409712538726025,0.4913222905504758,0.5176272349013137,0.5661334220980977,0.6017630407134384,0.6055454388108391,0.5980629593361518,0.5518239291713706,0.6046760139996034,0.5414035745241432,0.5911446811642348,0.7206304291700287,0.5627979880812267,0.6822771068715635,0.5405860700876126,0.6231546605404449,0.556675393581239,0.5194987263931017,0.48788194199981283,0.5847214617868202,0.5710236183174728,0.5432632225674808,0.6687584406311371,0.5689330146505431,0.5733755539800528,0.5423672949742859,0.5024348515093214,0.5504295110671376,0.0,0.5130809848525799,0.5273054413428876,0.5527155901700825,0.5134359353871097,0.5687558276917323,0.566005239557005,0.6477215906871537,0.7832531487900167,0.5340138948746165,0.5750781215288533,0.5328739300932757,0.5355708662393622,0.5809429330733726,0.5248297047910822,0.5591960770756087,0.5976109486031177,0.5539915285140171,0.5492908841808156,0.5537864292331787
POL,0.6232597123684532,0.46378209742654836,0.4540737353524556,0.4315136502239959,0.3607775440861227,0.417368206642374,0.5584291421570794,0.3888547810334258,0.41772561113394224,0.47406657116867773,0.7969818763276786,0.4321965647812061,0.4908776821717986,0.4983276374862152,0.47660643656644247,0.545266730261448,0.5869232319111283,0.5432491810516354,0.5333638191827188,0.4656232340492668,0.5642359594534401,0.3652418429130539,0.4153026387828787,0.5121996977322426,0.5561002872846782,0.383121038803383,0.41922753187267336,0.39885375579730337,0.4244245931711834,0.4071127284088362,0.5143532639117776,0.6202717614841041,0.4145711143631165,0.3746442338232527,0.48940332346903676,0.5422158365041412,0.49872538847649817,0.532132887405292,0.5237576615302333,0.40872052593479524,0.5569588118405986,0.444244395720178,0.5611603105914161,0.671167471182054,0.47556724476968293,0.6739768506413928,0.43366877489989825,0.5346881223495855,0.4311851059788505,0.5148784191367297,0.46653993662482635,0.526755095703016,0.5380215861297571,0.5050371419469217,0.6645620137370922,0.42310935066744537,0.4687964219519787,0.47378391667932307,0.4402767131903076,0.47937964484447326,0.5130809848525799,0.0,0.3897764185158023,0.44126781503586876,0.4110974474708125,0.5322835024131927,0.5182719305216293,0.5920527154990541,0.7622834322973645,0.3682290333269404,0.38797420803592264,0.3900073585587521,0.48460580803815484,0.5076709933483916,0.38689096799376893,0.44656383081668116,0.5168439113610724,0.45988840462241665,0.5290476964969032,0.5165335712744793
PRT,0.6089772010074361,0.46493796129529014,0.46620898319483145,0.44131092426408086,0.3417806520391309,0.34883282484666756,0.5594135480703104,0.42950577712311006,0.446053501774752,0.46935411480021766,0.797347696309717,0.4345850864335942,0.44410725077745933,0.49277309049981943,0.5175666891441996,0.5580658389852823,0.6006888653731738,0.5663606104973633,0.5183793944794534,0.4761858238970509,0.5350568495532616,0.38777012014871937,0.4205096380431627,0.48543261813330385,0.5547431387100769,0.3732621377726582,0.4342535558624055,0.4068833942045911,0.3915894951777975,0.39141564696973813,0.507682082663591,0.5954156920168243,0.43981117152390475,0.38336779109113195,0.506250503900741,0.5683402058761992,0.4695288683380467,0.5049180313056673,0.4932462346944748,0.39791576522380606,0.5603196455161,0.45277252615726926,0.5939996202710731,0.683976195246301,0.47700190753219335,0.7102677712753444,0.4482260981142475,0.4902585530306966,0.4223558400925238,0.4962887303815703,0.4755090109771428,0.49247884301622497,0.5727049549906369,0.5126008189077456,0.676020774214752,0.39550671965787715,0.48536147373182126,0.4663132381877657,0.4697181838161898,0.4715615669852889,0.5273054413428876,0.3897764185158023,0.0,0.5022934810960571,0.43564451434399204,0.4835077465888394,0.5014357315558012,0.5573025270945785,0.7351344641706056,0.4089846750018466,0.39565452424573433,0.42111221822373096,0.4914088151436072,0.5250194619386733,0.397164985194564,0.44990858324006194,0.5725583678922024,0.4583824511790117,0.5499040756471253,0.5180993795885616
ROU,0.6353726950427051,0.5459218947913154,0.465293390890523,0.4619263420967586,0.4552509997695115,0.5086805993005702,0.5642459345224246,0.4784635418912508,0.4434567253443942,0.5370498613074789,0.8228803933005084,0.49567812500763486,0.5623360756950686,0.5477300929615833,0.4825506690756584,0.5977080028598153,0.6144864849144431,0.5216778854816049,0.5426565830093538,0.5647536598906763,0.6280368866315459,0.4441328529398194,0.4902669306779675,0.5581138958631083,0.5566771312698493,0.48046078222851835,0.5066713914751212,0.5028363266939204,0.5010827683932186,0.46066128282933666,0.5673928221793766,0.6855768078548237,0.4796769666878815,0.47193176174018014,0.5244831512651559,0.5521528204518077,0.5521190356227818,0.5757311871991407,0.5917800115920243,0.4942404558912778,0.5812443670462907,0.5125443855619602,0.5793182979628505,0.6791419488091862,0.5245546448261907,0.6907401813477657,0.5060151611620065,0.6029897762250642,0.4979081684362848,0.5621727078015697,0.4932468455550999,0.5816752579639519,0.5627895100551651,0.5497270655563601,0.6781107129773354,0.5173896850172409,0.5193854696348058,0.501807104054054,0.4541077272885684,0.4993041192989523,0.5527155901700825,0.44126781503586876,0.5022934810960571,0.0,0.4668652879943071,0.5692691882075346,0.5569880550747763,0.6486927610299386,0.7861547211169545,0.4431920890446437,0.49166751937965925,0.5034538681370925,0.5131106618419303,0.5605268740168928,0.4530623217770265,0.536057474550593,0.5544180587481765,0.49171913280237545,0.5298689921503492,0.574644247797552
RUS,0.5817161809685816,0.4064316530727171,0.43559249798053074,0.4245251873045841,0.41544469710459025,0.44637149226450745,0.5182776800131914,0.4298789434159325,0.3784833906803599,0.4639863056560441,0.774416813850079,0.39983322209090094,0.5305236891623532,0.5043956495696088,0.4844453296480059,0.570932613913602,0.5893116268210337,0.5564852870560734,0.5412896634621436,0.48735175515905615,0.5747933814216496,0.4141002575981054,0.44978527278918545,0.5072216109983843,0.5103735043629878,0.4214084844058591,0.4543063952095238,0.4517387536478916,0.4678111539753498,0.42139506262822624,0.49857164786183217,0.6227102173040666,0.40520391676663664,0.3919640562481158,0.48733845759809913,0.5099038020324708,0.554520372651198,0.5337645078342508,0.5420154813540342,0.4382109390331855,0.48308609964755644,0.4566830176336054,0.48513966877568826,0.6773611450329747,0.4755122614795274,0.676838775683742,0.4668770603948274,0.5399177801490804,0.4587298142209764,0.5080795136058776,0.43581970513170004,0.5532007066536749,0.5759704401862593,0.48130891205158655,0.6887903149377754,0.43228325277644375,0.4452096894147699,0.4721415239699187,0.4210033809705297,0.4646755757142185,0.5134359353871097,0.4110974474708125,0.43564451434399204,0.4668652879943071,0.0,0.5388431915398914,0.5310426243343845,0.5854475455079254,0.7419770981851014,0.406274152119226,0.4819704143800055,0.433892275908162,0.46016701156780737,0.5489524573323373,0.39262035769156334,0.4619420321497273,0.5159623388778475,0.4267266507092634,0.5167712153041427,0.5253376180351716
SAU,0.6549613404176677,0.5702862808754413,0.5172741143177072,0.4747957601823741,0.5187681410959561,0.5163436891130888,0.5819970973950398,0.5463692734666769,0.5536820575530137,0.5393300319132354,0.8310469269705957,0.5037374016072259,0.5556831633999072,0.5981509867786484,0.5866783900718245,0.6364224376406677,0.6159504116666572,0.5439709075877406,0.5582176703499877,0.5389989877569809,0.5991614231890399,0.5326735993691214,0.5419619994447751,0.5433565729048485,0.58452000200708,0.4466113511250214,0.5372996948433464,0.5538429452148977,0.5290857043659579,0.5049629180181425,0.5754975820538737,0.5847413679901609,0.5592205257430016,0.5201221143647492,0.5533057778805099,0.6132395104477333,0.5602132819438249,0.5495167671927914,0.5779007363301127,0.5199322619387705,0.5922728806576469,0.5381839434383752,0.5727428453615608,0.7062480455855441,0.5735670787684196,0.7101137228478669,0.5382479052612437,0.5702158811727532,0.5412099131975269,0.5893177835159621,0.543366906253768,0.5887728532133444,0.603580113947763,0.5509678611535934,0.641959066050167,0.5030065887482431,0.5347719344499555,0.5525843235435698,0.5195395926365138,0.5341720098649773,0.5687558276917323,0.5322835024131927,0.4835077465888394,0.5692691882075346,0.5388431915398914,0.0,0.5654538837376193,0.6401159137409552,0.7336432521779138,0.554190908692566,0.5515072989865338,0.5386102178110138,0.569117887198316,0.5920051597502226,0.5091063071880467,0.5578139895817796,0.5960956995465231,0.5296869411529166,0.5868225718144268,0.5435047884097898
SEN,0.6593877666675731,0.6034221252458334,0.5432715111660726,0.5276431845015292,0.5124060055372216,0.525431191837493,0.6006580573782939,0.5301332643827186,0.5454913045612987,0.560671715654827,0.817633188665128,0.5297245865086126,0.5788072211175548,0.5677070295350007,0.6056828044076572,0.5715055125781805,0.6071903171510934,0.5865249295590816,0.5754037118073416,0.528475850921895,0.636023026676347,0.5180798214367903,0.5585858115049729,0.5941440523449935,0.6084810869654648,0.5189532877719039,0.5339705206638417,0.5454423595890718,0.5320796700872154,0.5202912169857185,0.5796539726650746,0.6750266121106395,0.5501495273584192,0.5143855261064704,0.5976175832208888,0.5877913464255319,0.5988431557734797,0.5867493414649277,0.5955345796990503,0.5419508067738046,0.5843626698423635,0.5551551395088482,0.5975691530722852,0.6977147387374232,0.5851008548951837,0.7301861041426908,0.5063997337184428,0.616490192469118,0.5184644535049068,0.5346999296983219,0.5471917678812062,0.607075170410174,0.625347992783372,0.5826939629511017,0.6994793682160323,0.5472787809687362,0.5816428896804312,0.5668695297349418,0.527589255701908,0.5255120149246247,0.566005239557005,0.5182719305216293,0.5014357315558012,0.5569880550747763,0.5310426243343845,0.5654538837376193,0.0,0.6600576826998357,0.7503283581306166,0.5411199514677774,0.5494015335802922,0.5340199516817228,0.5813650494277421,0.570253460201193,0.5183336559064203,0.5760425367179777,0.602692378670571,0.5417767635883101,0.6147693689372133,0.5620865262902538
SGP,0.7160964454832561,0.5755582474864592,0.6305089004390526,0.6211056588190326,0.5855088015974854,0.5247278133811151,0.680832589213055,0.628492916974735,0.5887686940181849,0.6249323308062364,0.8362443865421318,0.6136343364686015,0.5458877712071687,0.6337621514205628,0.6342088864589142,0.669591382280608,0.7046258525845209,0.7232839337012955,0.6484715218800126,0.5891064784911979,0.6422499337687672,0.594265399466196,0.5706837380279611,0.5644499616415959,0.6634324890762014,0.5846996839508803,0.5964974447844352,0.5691190017592511,0.5753435885931869,0.5557992813937703,0.6141412005784175,0.5803647554399595,0.5895256529789238,0.5905428466618297,0.6180671461659312,0.6983466342788102,0.6184635642053572,0.6408629433188268,0.587318003089229,0.5795765195740342,0.6578412742488596,0.5922381823070256,0.7010323823326647,0.7759193511270386,0.591278722371883,0.7712659420344805,0.61845859107037,0.612612075160808,0.6113722417225087,0.6765192158677504,0.61595631952429,0.5750237101363453,0.6847684829233418,0.6297490328581472,0.7526622834078349,0.5661633832658454,0.5767679773746082,0.6276158224509074,0.613955652660733,0.6448051198902534,0.6477215906871537,0.5920527154990541,0.5573025270945785,0.6486927610299386,0.5854475455079254,0.6401159137409552,0.6600576826998357,0.0,0.8163413036991093,0.6150031986224792,0.6083769811387262,0.5903033693753722,0.6101613785531369,0.6877728196933452,0.5906189794071416,0.5717367417111759,0.6668957249957883,0.602484746581106,0.6366346119632924,0.6654410591291297
STP,0.8137986130639192,0.7827948452660299,0.7675445471220883,0.7396274370310736,0.7484282440367862,0.7654711763497604,0.7509129920877122,0.728226267226851,0.762953946849312,0.7637623784693647,0.8912095733036668,0.7384125082862558,0.7864858667340778,0.7811178853837113,0.8077221370766158,0.8142601479852807,0.7877894258702741,0.7819225535592319,0.7813410365219989,0.7505111644615106,0.7385174648173459,0.7523687205941862,0.7837587207374791,0.7864720824991799,0.7978525701847464,0.7545854050806177,0.7427630164509117,0.769019275418088,0.7690070690665106,0.7364675005996122,0.7860222353036656,0.7525467074013923,0.7698447889423404,0.7378185440187294,0.7725871474985239,0.7834561302207286,0.7294222475840549,0.6645101789522616,0.7736565136828278,0.767173060401694,0.7593840505714917,0.7681107362321478,0.7802502855560762,0.8158643417302773,0.7922776499697125,0.8024924026209275,0.7237323361155715,0.7469243997883913,0.7376028362232816,0.7876974312308158,0.7946024907088441,0.7563454980290839,0.8022827900933109,0.7653202126511318,0.8207092363942209,0.7524763567670912,0.7745326897067919,0.7715045083046045,0.763732480325058,0.7676247974624234,0.7832531487900167,0.7622834322973645,0.7351344641706056,0.7861547211169545,0.7419770981851014,0.7336432521779138,0.7503283581306166,0.8163413036991093,0.0,0.7605831368416168,0.7592651371438778,0.7668066263029367,0.7568316840596188,0.7478148909317667,0.7422868880877205,0.768964841759167,0.7813590343864674,0.7734337559130112,0.8011682900094925,0.7578421215791779
SVK,0.5921929546389056,0.5003104134544936,0.4791692206555451,0.46456320554150393,0.39577794056957016,0.4360751643861049,0.5730016629265111,0.4282077650102336,0.4414294240967205,0.49388481766422854,0.8182240842491283,0.48760309077201563,0.5129919137153662,0.521598588813201,0.5334541263182707,0.5879423960658137,0.6253871915477148,0.5706062370516306,0.5642892157527875,0.517868498989694,0.5890649696096167,0.37562152228455564,0.4443171536007923,0.5476157293750177,0.5663319371643576,0.409733328866395,0.4518417193045954,0.457327958474467,0.4386104945264433,0.4214918602727438,0.5468500029249411,0.6394457639743959,0.4341988661216982,0.4017462418006584,0.5375607866280582,0.5659523517194193,0.5188358007214129,0.5380840008831708,0.5715203698427072,0.44940780036962774,0.5645290689713699,0.4854375440262907,0.5875195488242413,0.6785847286796842,0.5119425441153586,0.6926190870699932,0.44569698791468026,0.5635838472307347,0.44739079465458526,0.5270790898434822,0.5096568104685409,0.5224981761955005,0.5944218410738077,0.5205540772134899,0.712016087865223,0.43561158427529234,0.5119837508621791,0.4867903597641166,0.46746910984393614,0.5213094492459509,0.5340138948746165,0.3682290333269404,0.4089846750018466,0.4431920890446437,0.406274152119226,0.554190908692566,0.5411199514677774,0.6150031986224792,0.7605831368416168,0.0,0.4327520869700551,0.437989367778676,0.5011003355437956,0.547391894255834,0.4268175066346383,0.49514478945753726,0.5560653272574906,0.5041068351166923,0.5207326203253783,0.5522419814521667
SVN,0.6456267569329757,0.5110621606634391,0.4952455919455212,0.4589403624041966,0.37664013643789845,0.4315061738622863,0.553520092412651,0.4620987052577581,0.4895537384911601,0.5358363725854457,0.8493273542778211,0.48471551968577115,0.4672527374084584,0.5116906374852115,0.5438373983523771,0.5867434569156915,0.6273365068871218,0.5617850763352215,0.5805497808178565,0.5091010791849664,0.5606349599348925,0.4098348043174631,0.4177248243257995,0.5195545947913174,0.58882725280428,0.41013474560256546,0.4237185703050648,0.43333790363926694,0.4114959527524593,0.3955068285039269,0.5316067250685407,0.6146800146416607,0.4446982466687176,0.4242727573437736,0.5588320504055158,0.6064926731227619,0.4669280706851018,0.5199681930955966,0.5301484004527788,0.4270087832425713,0.6161098905032832,0.5025616207654932,0.6179548711786246,0.6932722645809892,0.504616941059191,0.7433950421169284,0.4682765832053658,0.5150600529196738,0.41621276645759214,0.5737091896214075,0.523298342140573,0.501836835234956,0.5831959342978842,0.5661541720363229,0.6694711398256331,0.4335531930641677,0.4832686273130243,0.4881104203972656,0.4934994306498412,0.5250900875182067,0.5750781215288533,0.38797420803592264,0.39565452424573433,0.49166751937965925,0.4819704143800055,0.5515072989865338,0.5494015335802922,0.6083769811387262,0.7592651371438778,0.4327520869700551,0.0,0.42722080392621253,0.552332019773877,0.5288957591694549,0.43254759090930583,0.5071552166971395,0.5961307657048374,0.4854416974186484,0.5983210851147263,0.570899980343029
SWE,0.6405188770124784,0.47518154142960817,0.4754804699921273,0.44092673582420777,0.3707867412625698,0.4150284980452051,0.5608922271358017,0.4307775356805344,0.4626721032457668,0.4982247479642855,0.8084385363957067,0.4240789245008448,0.48172719086136795,0.48551425082057026,0.5179069378038066,0.5514065919181486,0.620864319097036,0.5807894782493556,0.5607245800462026,0.4892293693264312,0.5820031411258448,0.4030710623190232,0.396300529353817,0.4975001985396859,0.5662596873262636,0.40716200727802504,0.41054165004237736,0.38176205210644204,0.4303620631147067,0.4330058873791405,0.4939362999810152,0.6345681970192142,0.44508376995843574,0.3833649706127806,0.5413079281523718,0.5814005521340582,0.5223629074156353,0.5468762105833718,0.5226888971603115,0.40172052816015597,0.5775589976781826,0.44817872887337207,0.5826214077004415,0.6892479617766224,0.47246846902525136,0.7356422133085401,0.4661077443357336,0.5429330367932944,0.43143996655478367,0.5322711047794129,0.4804335182808723,0.5319471539174353,0.5616915393132479,0.5424121435522695,0.6768543219394337,0.4375023590766467,0.45819018556647323,0.47639341472053337,0.45747138402432236,0.5080911640961988,0.5328739300932757,0.3900073585587521,0.42111221822373096,0.5034538681370925,0.433892275908162,0.5386102178110138,0.5340199516817228,0.5903033693753722,0.7668066263029367,0.437989367778676,0.42722080392621253,0.0,0.5402757801125643,0.5471847301546139,0.4146495814481467,0.4775702367053567,0.5686624295741524,0.44462525031545713,0.5768868163126482,0.5326889399965742
THA,0.6389966211861706,0.5074658760149987,0.5053777011143414,0.5048775740671878,0.504209772127632,0.5216160355022019,0.5901121450461387,0.5030725138821961,0.41229261634003694,0.4863266251172788,0.7756072793400755,0.48932849406382783,0.5842509992241803,0.5590706956779528,0.48996720971679186,0.5963353947176045,0.6010786106211177,0.5906950683313982,0.5314185802407312,0.5159117140210149,0.5946947852866604,0.5145137239991924,0.5341227296269795,0.5638681146029528,0.5599539164399557,0.4811985388147475,0.5511306621972737,0.5291291773953394,0.5237239748359998,0.4973210370175148,0.5543179343213972,0.6712895796307317,0.4956347556836895,0.48649802458263913,0.46013600362681756,0.5318011328986947,0.5726762154534317,0.5672521538539481,0.5818789407906788,0.506381991489708,0.5459272545144254,0.48411875142173216,0.5982028318585191,0.7200550716883793,0.5085559897359287,0.6857347777886461,0.5344318667740058,0.5847852331533875,0.5637496288632732,0.5317052267600001,0.5098102313488625,0.5821820963331055,0.5580738064445662,0.5050507030648219,0.6983740320228875,0.5300465335621285,0.5324230169694193,0.552132098441406,0.4624424588477644,0.4917953791658822,0.5355708662393622,0.48460580803815484,0.4914088151436072,0.5131106618419303,0.46016701156780737,0.569117887198316,0.5813650494277421,0.6101613785531369,0.7568316840596188,0.5011003355437956,0.552332019773877,0.5402757801125643,0.0,0.5763345742357597,0.4703165744138817,0.4693451210455202,0.5662567866814507,0.5085062341410259,0.5065414820006858,0.573375093151663
TUN,0.6393940152685096,0.577912649472462,0.5434664463973108,0.5279808280286449,0.5177522598238579,0.537208179973428,0.5990544108158887,0.5272152177684178,0.537013880713233,0.5418741608914761,0.808428251675736,0.5271587548578666,0.6017516907564876,0.5799270132186668,0.5737751401033256,0.6164684486896258,0.59784235878854,0.5818537892154286,0.6154654839548565,0.5777151530805247,0.62794060167703,0.5198313812084364,0.5453765815793493,0.5864168584800885,0.6150902873972929,0.5391494094420377,0.5415209191208135,0.5372680147314255,0.5465547145007756,0.5228641315844751,0.6049786054293129,0.6957552258919624,0.5326440957149258,0.49605152433302907,0.5708538334468566,0.5872103888089422,0.5955483087888959,0.581484590447024,0.6050796956306246,0.5470550522432762,0.6157891651338541,0.5831879439266529,0.6292435921312373,0.7113259238372841,0.579393152980341,0.7041602980875142,0.5378496078586421,0.621156995750134,0.557897074761324,0.5625147103650143,0.569128122912855,0.6015257579434541,0.5681823691663132,0.5785760793199616,0.7078171433821184,0.5495166678443738,0.5453088338490385,0.55432608139647,0.5246809343408767,0.5625378045247151,0.5809429330733726,0.5076709933483916,0.5250194619386733,0.5605268740168928,0.5489524573323373,0.5920051597502226,0.570253460201193,0.6877728196933452,0.7478148909317667,0.547391894255834,0.5288957591694549,0.5471847301546139,0.5763345742357597,0.0,0.5047894096041872,0.6000601859846589,0.5906534582366085,0.5375301451854212,0.6219522072072015,0.5699659029969971
TUR,0.6209509992851542,0.4511748508661322,0.3923702720559723,0.4034189410208084,0.38927922414613897,0.4265393804415852,0.48196671412934716,0.4267979151571598,0.38651102956480066,0.43498240528485577,0.7938840219044412,0.41004086722308103,0.5115100787333764,0.5074589188419363,0.4361333420938913,0.5540257115675946,0.5725178934980688,0.4802103955316222,0.5084792585494786,0.4811860862991882,0.5586629240307719,0.40593945750219285,0.42789502422901293,0.5123036683564669,0.46518793150466203,0.37751505832035664,0.43891242441425704,0.42155079586155036,0.4484768212378198,0.4076843110418188,0.4985413979700908,0.6555293650840203,0.4513005289292025,0.3992131914615856,0.49500649511283407,0.5112441456996473,0.5111513048518467,0.5145587064760265,0.5378029955571393,0.4131446693332561,0.5367417367848725,0.42913051041477435,0.5266368208720416,0.6397567402059351,0.4408862951057895,0.6933378074463673,0.4502083492444216,0.5343150009040579,0.44456374691605594,0.4824883478597226,0.42318163838214035,0.5404580924038634,0.50029900308545,0.5226192313668225,0.6760617283580501,0.4596352816111504,0.48551147846488324,0.46781703232883043,0.3706653916175341,0.42535642481824976,0.5248297047910822,0.38689096799376893,0.397164985194564,0.4530623217770265,0.39262035769156334,0.5091063071880467,0.5183336559064203,0.5906189794071416,0.7422868880877205,0.4268175066346383,0.43254759090930583,0.4146495814481467,0.4703165744138817,0.5047894096041872,0.0,0.44336491977435794,0.49590994383810627,0.4444047763632004,0.5013060913931014,0.5151468301003178
TWN,0.6744700812298569,0.45442314155849634,0.5004483461517939,0.49849239941092033,0.4655532597276315,0.47236525065911206,0.6000343004314911,0.49625387789836,0.43582118420749943,0.47378028753350115,0.7959106246697585,0.4723796050296087,0.5443894605758288,0.5377059527886368,0.46862867429984467,0.5939805159285915,0.6427728232401958,0.5849519431438274,0.5491515994157871,0.49996508307971466,0.6033956205502548,0.4702650082583979,0.45976461364501003,0.5531980159763098,0.5409885014412774,0.4358442217915871,0.5272513944445427,0.4527390143655816,0.4739065874780757,0.46100819189683906,0.5215621867662572,0.6518939610208988,0.47956444897088624,0.45501465162688143,0.49038859500057796,0.5723677522191933,0.5469758606595784,0.5662972731283992,0.52420873284958,0.45212701308937575,0.5603225249833507,0.43939064618991075,0.6209684470709779,0.7085379985170794,0.42638436650745054,0.7208743280386973,0.5385688589083021,0.5804722239141726,0.5563319445895887,0.5329261044671898,0.47955140252327566,0.5613351063200503,0.5684030171785138,0.5331962100496961,0.692148119918555,0.4771612705681444,0.5117966589600255,0.5410543469671062,0.4751670545964127,0.5063416309435869,0.5591960770756087,0.44656383081668116,0.44990858324006194,0.536057474550593,0.4619420321497273,0.5578139895817796,0.5760425367179777,0.5717367417111759,0.768964841759167,0.49514478945753726,0.5071552166971395,0.4775702367053567,0.4693451210455202,0.6000601859846589,0.44336491977435794,0.0,0.5681707329492331,0.4687797868234622,0.5378740872102435,0.5476805253478567
UKR,0.6911368797158256,0.5804733488249131,0.518300005717788,0.5418560794017514,0.5428645089372511,0.5772106194179117,0.580578634323099,0.528141727195303,0.5118478149355852,0.5625651254994718,0.807962407165909,0.5423636151299153,0.616937200769121,0.6302236329262311,0.5251575931729515,0.6599922231700374,0.6303810200334407,0.5699482612521679,0.6132413471867249,0.5770154170664145,0.6522610266759741,0.5410316700722665,0.5839559456179604,0.6128644238780694,0.5660913977929058,0.5598269803344421,0.572730786715904,0.569364946551954,0.5904208366678525,0.5774930230530755,0.6210435935521411,0.6962323292836696,0.5801368025738255,0.5531889549056793,0.5583757660984893,0.5827237447635666,0.6352873128425283,0.6313463460564849,0.6403665312121071,0.577351070672563,0.5815734537176043,0.5640076997804344,0.5701257370662379,0.6171812370464062,0.592080622927184,0.6788091778757752,0.5583087905653137,0.6612150628782167,0.5836613280508781,0.5710713453953702,0.561443463005518,0.6658000962809312,0.5498207384300847,0.5794143170099276,0.7241828722182165,0.6010748179415802,0.5940772024467065,0.5914706851463991,0.4642504061117369,0.5698340481298599,0.5976109486031177,0.5168439113610724,0.5725583678922024,0.5544180587481765,0.5159623388778475,0.5960956995465231,0.602692378670571,0.6668957249957883,0.7813590343864674,0.5560653272574906,0.5961307657048374,0.5686624295741524,0.5662567866814507,0.5906534582366085,0.49590994383810627,0.5681707329492331,0.0,0.5714163129036881,0.5877702845426633,0.5900558272791886
USA,0.6202382986593545,0.46634745619126916,0.4296853800436137,0.41170406178682023,0.4397538770397523,0.43729989396915997,0.5656336811375974,0.49267844804479644,0.4681325374596483,0.4794370860933769,0.7947158064890169,0.37807572959122854,0.524406778842944,0.48966220451676673,0.5067829780716061,0.5726824253922616,0.598290296428919,0.5598765198196866,0.5260430176808205,0.5025299457195284,0.6086887222094507,0.45969195655950024,0.4334893581454027,0.4976957662834754,0.5386580165179582,0.4583174051514387,0.5067498124436357,0.4457554958412764,0.4399297484666806,0.4030637900851934,0.49442251657353564,0.635400950860953,0.4494408142002852,0.4099596530944961,0.5287598153796897,0.5567501135083818,0.5368659357836175,0.5480000906443707,0.49052687143158835,0.43869743030292857,0.5438720965677498,0.47929194533895153,0.5367502646572484,0.7198302501810848,0.481292258733191,0.7206704407762465,0.5140155965140883,0.5607618071862306,0.5230525584782951,0.5367684293735855,0.4182246611419826,0.5865531739724389,0.5730614061523595,0.5224084460825889,0.6513471144762418,0.43267561785766534,0.4629006320607621,0.4544912859851629,0.4473428289602532,0.4509783842593636,0.5539915285140171,0.45988840462241665,0.4583824511790117,0.49171913280237545,0.4267266507092634,0.5296869411529166,0.5417767635883101,0.602484746581106,0.7734337559130112,0.5041068351166923,0.4854416974186484,0.44462525031545713,0.5085062341410259,0.5375301451854212,0.4444047763632004,0.4687797868234622,0.5714163129036881,0.0,0.568466582658358,0.5183960712972323
VNM,0.6415202679898253,0.5716925079708987,0.49621408986743487,0.565328676024753,0.560365961750154,0.5686452075325229,0.5534648077615796,0.5503390198865169,0.4813856714771967,0.5465856601029017,0.789749176681876,0.5647950907177439,0.6084431185875696,0.5889057593353039,0.4851181203195771,0.6264874659423983,0.6293896118539144,0.6259227280316279,0.5630477136541175,0.5761507843439235,0.63938782884317,0.5242234621715437,0.584449165975081,0.6009270359806519,0.5773220672494875,0.5594182897522041,0.5712499906465506,0.5597111911580118,0.6058002269357974,0.5499287257716355,0.6027677020898231,0.7241365348187939,0.5591247787321225,0.551757010754758,0.5333651795954175,0.5818072209604604,0.6137331446472504,0.6340557503701459,0.6310869887365381,0.5797578145787395,0.5824307156279724,0.5319150331694658,0.6041860338421399,0.69233648919397,0.5490538521479152,0.6918040828918651,0.572330590717435,0.6635580967224346,0.5802338287751911,0.5444615034671829,0.5240149648581108,0.594964823746517,0.5636821380995568,0.5484460341711076,0.7254913765251088,0.5936447794708919,0.5978875201490941,0.581526373943126,0.4767288674984651,0.556085022009445,0.5492908841808156,0.5290476964969032,0.5499040756471253,0.5298689921503492,0.5167712153041427,0.5868225718144268,0.6147693689372133,0.6366346119632924,0.8011682900094925,0.5207326203253783,0.5983210851147263,0.5768868163126482,0.5065414820006858,0.6219522072072015,0.5013060913931014,0.5378740872102435,0.5877702845426633,0.568466582658358,0.0,0.6116322308108016
ZAF,0.6601625923915924,0.5809865665504401,0.5342418297667453,0.49606577072352515,0.528952345949918,0.5468635243668718,0.6332685690237299,0.510109047629163,0.5415595019393197,0.5227580569214444,0.7784015882504257,0.502109893314865,0.6173202346257296,0.5663766080640057,0.548263279342594,0.613720918198371,0.6400642963154485,0.6134912106468475,0.5495737822072934,0.5490118418512815,0.6476674752005497,0.523573455124052,0.562533140309252,0.6028407288861232,0.5895840190759386,0.5260393696582728,0.5797296199790725,0.5423225256038097,0.5490293274499888,0.5434879894980077,0.5883068245984806,0.6767357166641869,0.5431746158763977,0.5004439676861661,0.5577669270645689,0.5674498789721187,0.5974352082863719,0.5931353524259442,0.6042138543281187,0.5343493558767854,0.5676381045944383,0.5398388674086979,0.6096137065038771,0.7184853192557679,0.5719945880271174,0.6810979713899511,0.538576977493372,0.6221920099724702,0.569042275735331,0.5465396520711905,0.5436406483154035,0.61340552937599,0.6083129576597709,0.5524093445639325,0.6967268404129797,0.5495309019993908,0.577284139643107,0.5363582774749555,0.5371512078175548,0.5443813766286534,0.5537864292331787,0.5165335712744793,0.5180993795885616,0.574644247797552,0.5253376180351716,0.5435047884097898,0.5620865262902538,0.6654410591291297,0.7578421215791779,0.5522419814521667,0.570899980343029,0.5326889399965742,0.573375093151663,0.5699659029969971,0.5151468301003178,0.5476805253478567,0.5900558272791886,0.5183960712972323,0.6116322308108016,0.0
