,AGO,ARE,ARG,AUS,AUT,BEL,BGD,BGR,BLR,BRA,BRN,CAN,CHE,CHL,CHN,CIV,CMR,COD,COL,CRI,CYP,CZE,DEU,DNK,EGY,ESP,EST,FIN,FRA,GBR,GRC,HKG,HRV,HUN,IDN,IND,IRL,ISL,ISR,ITA,JOR,JPN,KAZ,KHM,KOR,LAO,LTU,LUX,LVA,MAR,MEX,MLT,MMR,MYS,NGA,NLD,NOR,NZL,PAK,PER,PHL,POL,PRT,ROU,RUS,SAU,SEN,SGP,STP,SVK,SVN,SWE,THA,TUN,TUR,TWN,UKR,USA,VNM,ZAF
AGO,0.0,0.6462805814081958,0.6892117236748799,0.6786089518331794,0.7055838381091478,0.7210194556193937,0.6605855065340722,0.7137278731757064,0.6848210886288532,0.697292691792258,0.7776167756045832,0.6695008373083859,0.7337424761804818,0.7049462032200193,0.7240744584968752,0.7391925874230236,0.7155363723105214,0.7699312111425162,0.7133875164826463,0.694412517380081,0.7784909247004125,0.7080654956018964,0.7294406737848995,0.7060230057977261,0.7185239751157713,0.7179577306433308,0.706986925895571,0.7153011924450235,0.7115995657884711,0.6981386322084071,0.7220633209476707,0.7647418689961376,0.7126029283243527,0.6930798930490102,0.7075660435917729,0.7307457802596888,0.7524078574409637,0.7275015415700452,0.7355052955028372,0.7221996605463497,0.7259999170937591,0.7365484704074369,0.7155122094504399,0.7742778671409903,0.7332193228730488,0.6814293661654738,0.7337496002829925,0.7611596132940519,0.7276182533080878,0.7183119695269666,0.6879957048491085,0.7467456040393615,0.7195894281683183,0.7118199342007038,0.7967847730201865,0.6910028963977342,0.6709792572863899,0.6705917307253892,0.6492893822742898,0.6951680997023277,0.7089531011166121,0.7121683258425026,0.6900106928499103,0.6983283696357651,0.6698433270330668,0.6820847427544405,0.7061965180672085,0.749728005751795,0.8365170268375032,0.7205403809909465,0.7397781519581293,0.7075230125889075,0.6937335490057683,0.6895405072231386,0.69270391195191,0.7316373962677035,0.6798414605036871,0.6894302510812161,0.7352842056114013,0.7028615133870614
ARE,0.6462805814081958,0.0,0.5461353623344601,0.49700529056857595,0.47071712320264797,0.4920765987268133,0.6136843832847119,0.4778372244320592,0.4432202170863043,0.4676086356346677,0.7430888398289135,0.46542168964659664,0.492294884618104,0.506427815744835,0.5321351183907719,0.5897561961739446,0.6242729588516434,0.6800334399418372,0.5465734769290131,0.5050582084373596,0.6251923944543878,0.4643559257146309,0.490694169450678,0.5231122074955692,0.5800837556860201,0.4848176713209086,0.5039493664353327,0.4779070589244307,0.48777588551365814,0.46331361690100037,0.5481311138128485,0.604131153331777,0.48580084552642644,0.45038536522394784,0.524665586894409,0.5606080114027892,0.5765182440576928,0.5351502725640553,0.5185653058303495,0.48066201046154217,0.5607741263982444,0.49652734099956475,0.6497246014749345,0.6964699188991131,0.4819811179011742,0.6360933870940971,0.5390430690918445,0.609667233513202,0.5510800926123585,0.5939063626333587,0.4848367061337286,0.5386990759419483,0.6475003965458274,0.5315831696000295,0.7115735196498838,0.4759494227129844,0.48126436998799155,0.49706019407642443,0.5198138087167723,0.5150657107336929,0.550499910408921,0.4440631982229238,0.4568726895288052,0.5301910463107798,0.428964220488852,0.5931785520089264,0.5968799578457036,0.5272981423575672,0.7585166573010993,0.4818534186453517,0.5273676454615124,0.4699851934224851,0.46479910439915195,0.5804617042238734,0.4805060002421772,0.45036054315917395,0.5398280231566464,0.4839027286481871,0.5346367640419689,0.5269556417475194
ARG,0.6892117236748799,0.5461353623344601,0.0,0.48218932708947626,0.47425620929315726,0.4787419691252824,0.5366524524563602,0.49561495483095164,0.4628825635365422,0.4260707213379897,0.8202591445849344,0.46119735196523926,0.5284942548573046,0.5120960406988335,0.45270240746213014,0.5765574318412399,0.5963250052923004,0.6292186047545705,0.5021339294891595,0.5289428112273431,0.6525228022529421,0.4929653148787794,0.5209914914612923,0.5351413980432886,0.5554389234099163,0.48563663987988753,0.5360820467490914,0.519550522655043,0.5320498701825005,0.4925853548062066,0.5358386026642513,0.6572458720773183,0.4958071424862925,0.46802574252985507,0.5372251022763878,0.5371522330071847,0.6224696392416198,0.5511243686780352,0.5348552933527205,0.47266664874076103,0.5621907778334841,0.47333073369824896,0.5988024746634464,0.6775416861751431,0.4604571767064185,0.6847707780642166,0.5459017749139057,0.6239089942943321,0.5820482645047467,0.5454984200578061,0.4622590420126235,0.6390437794426084,0.5609818935185958,0.5468403286902797,0.6796573084298301,0.5056048907522013,0.5338407351396481,0.47834827292944626,0.4262764027502085,0.43406375200550673,0.5627873202499037,0.4879396101548273,0.48946850281425774,0.4850347831702566,0.44492014578191447,0.5378679096787359,0.5350683561307676,0.5966983818011038,0.7546915780382014,0.5352222337694413,0.5208909786428415,0.5040594202921324,0.49739566509614763,0.5148658010453689,0.4189112765084383,0.4932911918064835,0.49522334676056184,0.4492072540372394,0.5549812380123559,0.4907901228033016
AUS,0.6786089518331794,0.49700529056857595,0.48218932708947626,0.0,0.4421817880173341,0.45758050013292534,0.534164540513738,0.4590095690754428,0.50693775402388,0.4367688220808061,0.7963057734484642,0.3999847042656913,0.5051121454933777,0.45537460315378747,0.5258278944373284,0.5475986821263338,0.6069941770021576,0.5840178252244579,0.5183061437291976,0.48092504866133795,0.623586739070191,0.4552095173462613,0.4689797769386787,0.5313049478148782,0.5828415518274438,0.4522805013469266,0.4862162841374334,0.4778897247445362,0.4389508451933451,0.42394332271520946,0.5338824395883469,0.6186450750858622,0.4943119410824549,0.4462816964778085,0.5536583748310161,0.5437872872500717,0.621259196331533,0.5148566679121875,0.5157847803980258,0.44686524167128866,0.5781602719404422,0.48941326217978737,0.5585518847550065,0.6696872604906207,0.505351865185077,0.6685105819881825,0.5292503338478158,0.5874884848960618,0.5157000859344548,0.5521912014159303,0.4944299568842234,0.5723145255424159,0.6072522509473907,0.5632309310006341,0.6673797382100266,0.45335030240165836,0.466442048486969,0.4203649164980638,0.46362102923096615,0.45128720260241795,0.5554743862970891,0.43833651267576673,0.46679252125743154,0.4559120687747831,0.43878828534370473,0.5459663776173665,0.5213593328982981,0.5966197447953633,0.7335420708255997,0.4771324138753221,0.4618487282640055,0.4353947025760229,0.5368241398642121,0.5179132103133,0.4507747099421494,0.5335663566893631,0.5388023895306098,0.4305403178570507,0.5871660218770283,0.4607723452212936
AUT,0.7055838381091478,0.47071712320264797,0.47425620929315726,0.4421817880173341,0.0,0.38525279033033066,0.5404354681197323,0.3851826319847749,0.48189091659077055,0.43481884982693536,0.8166135876141811,0.4122982020770739,0.39667179573535183,0.4671640051729943,0.5030838114153351,0.5623196013840092,0.6279409506091536,0.6501724735320666,0.48265697362963633,0.43532546981499126,0.5984295826724279,0.3504425191239388,0.37684163372830076,0.46818786766908665,0.5727455683441954,0.3496695368774239,0.374387183519407,0.4019247872163822,0.38156800631987353,0.3864281809990398,0.5167762364903247,0.5987860983686827,0.4380851116046101,0.3778140554476064,0.5616056455061017,0.5630213835748658,0.595433022162538,0.4776186518838573,0.46085309310547684,0.3681238665991258,0.5674903887546858,0.4477066969143653,0.6132242069718492,0.66648558372704,0.43800789637909704,0.6789328015639421,0.4613670083914254,0.5646090177051107,0.4121185827158885,0.5462730428664967,0.4665252121417233,0.520208931078489,0.6444363274519436,0.5294138963296933,0.6771077786921831,0.3859798063315869,0.45542153518008766,0.40087998614450987,0.48442020727715984,0.47678282596491084,0.5242141936213207,0.3566492643515853,0.33943349482061713,0.45290027241967123,0.4015265132934304,0.5629185551840203,0.5408044955489092,0.5347519098364054,0.7415517727363166,0.3862381510424479,0.39646739200135406,0.34953968771898525,0.5187627579681134,0.496385511509791,0.39966278646500614,0.4669343674106786,0.5246723147296397,0.4192337602797411,0.5699985154720458,0.4840819572849372
BEL,0.7210194556193937,0.4920765987268133,0.4787419691252824,0.45758050013292534,0.38525279033033066,0.0,0.5625805244332042,0.42905100072245644,0.4828229087812463,0.4308015098753319,0.8076500608591548,0.4287929654043935,0.44063347291376637,0.48432501334323275,0.5224637814198964,0.5621552242767612,0.6278558496654706,0.6488250911427171,0.4932972044143111,0.4446110983912172,0.5908767443726808,0.40501839310252113,0.3562456533501606,0.46024112490257485,0.5649434323442257,0.38042958124023135,0.42946335315620665,0.4161172214823022,0.38642575493646,0.37921774462476,0.49185514553574167,0.5749380109801018,0.4618690659833875,0.381651102831754,0.5975020519723754,0.5859192560218766,0.5771355352655719,0.48720690064235067,0.42560291332626204,0.38096314065047837,0.5756705303706039,0.44248830050139565,0.6381002426225444,0.662384548211726,0.4476244430904691,0.7063331768526321,0.4848631019400108,0.5588928612442723,0.46684371431621025,0.5715164364984964,0.4956989970852781,0.545541649616794,0.6448670098175489,0.5534646094008792,0.6906571786871061,0.3723931971637295,0.47234337558011136,0.4383687763268213,0.5022837014607099,0.4694153276989728,0.5553685241354784,0.4100127742635736,0.3546014138015128,0.493042540352828,0.41493866966626713,0.5777206934661167,0.5429555221934308,0.48350288768995814,0.7502958156898392,0.44339487173467673,0.39585193761399295,0.39877976583817315,0.5332358336802596,0.5563031829849926,0.4247320637498371,0.4640546402189245,0.5586241689692176,0.4252239266401706,0.5898411961246419,0.4990715258851274
BGD,0.6605855065340722,0.6136843832847119,0.5366524524563602,0.534164540513738,0.5404354681197323,0.5625805244332042,0.0,0.5496119178996515,0.47772758283961464,0.5358782385470505,0.8320145217327455,0.5185320995931599,0.6028118131918331,0.5984862591410843,0.5262232266214724,0.6297225305889481,0.6310522942345898,0.6311043953382834,0.5657766223507297,0.5664605615855745,0.6651539252225569,0.5531382159709203,0.5654647522284049,0.576743888915532,0.6095861068930635,0.5356317586270183,0.5404060802854427,0.566305223562526,0.5663725393976358,0.5606940262294731,0.5729885967175068,0.6631118086000665,0.566110190663143,0.5346016456840244,0.6064261613095902,0.5849162963755496,0.6865465980633565,0.5627035585301781,0.5834462405182911,0.5483490274175876,0.5994973613486776,0.5622503676231932,0.580953477251609,0.6253247288558736,0.5607662539160041,0.6584693868023221,0.5944455340221986,0.6406585150849051,0.5921962412812032,0.5325975252065271,0.5671530213020314,0.6292312958669064,0.5093432279751531,0.6224722131404108,0.6854264492140112,0.5717306958346119,0.5492524900909821,0.5251896660951003,0.40897680639961476,0.5411737717896858,0.6035623883637883,0.5576319279823402,0.5435011260087407,0.5499435401732539,0.5147124667586085,0.6140804959237344,0.5968953993627412,0.6558583345615643,0.7499638111302905,0.5590864073936193,0.5399805266938498,0.5537859427907018,0.5759320969105004,0.5552119461654261,0.4665200764441122,0.5805289578252423,0.5298520312737048,0.5630605309518177,0.6041404465179347,0.5603913667812926
BGR,0.7137278731757064,0.4778372244320592,0.49561495483095164,0.4590095690754428,0.3851826319847749,0.42905100072245644,0.5496119178996515,0.0,0.47709530281236634,0.44364842028144424,0.8101866873203277,0.440503649048559,0.480950704685439,0.5216037955824583,0.5121362163110815,0.5453455415059728,0.6249383606050712,0.628180393395427,0.5190828726080253,0.4619128678245971,0.6194884453911211,0.3720692028584216,0.42439988759030417,0.5038824388423357,0.5710540446556781,0.4033835279192558,0.43640687422313057,0.4318982841424231,0.44197466345138225,0.4246661079883382,0.5165662555056395,0.5955178193017522,0.4524273039270455,0.3962285879713523,0.5582817710393482,0.5473099973345077,0.6056201865147881,0.49347040316247487,0.4867168477431156,0.398235991449008,0.5578371637397727,0.4423926215536267,0.6096951992657054,0.6462639994863488,0.46777503300444523,0.6599391397087334,0.45910047640616697,0.5727711649406804,0.4561687654506988,0.5560741722270329,0.4928405354285643,0.5638680792451295,0.6303780438692362,0.5220327115304328,0.6758806741917401,0.4570383436442418,0.5060618903274543,0.46141327822411576,0.4870345999339399,0.488464887604519,0.5361895107931519,0.3693471985000075,0.4041433907377946,0.4703263131410451,0.4100112363792414,0.5853739563822571,0.5403536904253254,0.5705637139697322,0.7370690524962111,0.408267688282421,0.4021618969324785,0.3946880727138973,0.5158973979090942,0.5167624035200957,0.4260107585476162,0.47459957103894373,0.49130047827550555,0.45264391703763773,0.5532497778860815,0.47359452600958934
BLR,0.6848210886288532,0.4432202170863043,0.4628825635365422,0.50693775402388,0.48189091659077055,0.4828229087812463,0.47772758283961464,0.47709530281236634,0.0,0.43238137338227833,0.743696634473265,0.46568941238642997,0.5355815672705305,0.5281107786827461,0.401896597909801,0.5441848124256536,0.5843928220370699,0.6595144948572224,0.49465060913509057,0.5091523470846159,0.629302507029595,0.46436962922545644,0.5025305777012553,0.5202968197487613,0.5361774634392248,0.4466172123605437,0.5008495083448535,0.4863788727629206,0.5067591066824795,0.4939717939522073,0.47046366127730216,0.6464403648598992,0.45676345210491676,0.4255158584667649,0.4910306383745506,0.5145909794310761,0.6011114479706937,0.5160146496042889,0.5193654445286889,0.4646618295816371,0.4915144523050238,0.44034870656634256,0.6020141379314841,0.6641471038677615,0.4199662313167799,0.6110893745999283,0.48400060878195605,0.6386441617702793,0.5622798224209602,0.4945512525218418,0.4481634440363256,0.6073238987855896,0.4943402122809556,0.5201992333741489,0.7059472040831435,0.5202399097442814,0.4975824346609028,0.488510168037713,0.33293572998624016,0.45756360982250704,0.5069570134795891,0.45230869865253737,0.4560230824436235,0.49399860174712107,0.3799744528514129,0.5867127269870146,0.5571225604695048,0.5685490053627166,0.7512190193901648,0.5106897177850858,0.5298925071376371,0.4792378868519482,0.42398335698115186,0.5679069864317465,0.3726105263968057,0.4213247532452441,0.48583661709670645,0.5069311469429694,0.5064063996299459,0.48457253721635496
BRA,0.697292691792258,0.4676086356346677,0.4260707213379897,0.4367688220808061,0.43481884982693536,0.4308015098753319,0.5358782385470505,0.44364842028144424,0.43238137338227833,0.0,0.7838033664560412,0.40467043394199514,0.4713254333893116,0.4627328303893669,0.4555957209380732,0.5184081875231535,0.5845943392787974,0.6060829459277784,0.4667803337132526,0.44441135805823967,0.6327081877874396,0.4537316933774911,0.4510490663310379,0.508738428012252,0.5630574455596441,0.41408403601165034,0.49725749510761424,0.4512373869259381,0.4371300390580473,0.4251988131193251,0.5007734480351345,0.6122561482456275,0.4580316269324096,0.4108907980663843,0.5106390919147531,0.5329417391151869,0.607208663703535,0.5030560946610861,0.5016406542425249,0.41858994285068135,0.5417836345380194,0.4169615173653181,0.5818835010495228,0.661201719335342,0.42735270415509047,0.663476053894045,0.5095538188917238,0.5996551935980684,0.5245876896831424,0.5073017737795258,0.4235967209398122,0.5998225892452912,0.5813743162551699,0.5112222180064535,0.6787398648566968,0.4455515988775677,0.49195814542079513,0.45187382134585585,0.4358164305882365,0.4143610429150451,0.5288437977248758,0.42142442986345674,0.41995376458499295,0.4575418280977768,0.3952746704978194,0.5615543631526722,0.5054754586516433,0.5553382128998919,0.7417110448758946,0.47025126074859386,0.46932738868680857,0.43990821685858983,0.47174123317593425,0.5142528013040008,0.3789816720411998,0.4391189824820248,0.4984096371365061,0.4309081444439327,0.5399199506055156,0.44252158449472645
BRN,0.7776167756045832,0.7430888398289135,0.8202591445849344,0.7963057734484642,0.8166135876141811,0.8076500608591548,0.8320145217327455,0.8101866873203277,0.743696634473265,0.7838033664560412,0.0,0.7774189171388781,0.8309956897695451,0.779641243519373,0.8029789217324333,0.770651210701033,0.7955591011565496,0.8412548135497387,0.7895215845021859,0.7901873247109761,0.8534821776810068,0.8142008077394632,0.8216361968259858,0.8081757711095519,0.7837620375064455,0.7939598599505424,0.8128798829028656,0.8032268806775235,0.8070341675938254,0.8124356266750306,0.772241320633746,0.838952947857555,0.7821032026831427,0.7916110692466695,0.7560969959300928,0.7892075094178711,0.829203310231903,0.8414193507964602,0.802975353910085,0.7974305481564218,0.7648960480863329,0.7946072382239745,0.801882355635814,0.8452998903677367,0.8014745582483123,0.7811813891615798,0.7573774649912298,0.8537721583392459,0.8373026112892187,0.8332421301283754,0.762014232800484,0.8575543849477335,0.7864420234986763,0.7476838781498154,0.8828863401711374,0.821369393385795,0.7923740297165753,0.8012360341081676,0.7800644362136836,0.7936343604935667,0.7702931311849035,0.7946221917497516,0.7913867399500488,0.8123740110004325,0.7722665006574096,0.8226490150557595,0.7801259331819956,0.8252043479552549,0.8758172364305269,0.8357769944650846,0.8473117226842821,0.7909384958230413,0.7753111458513303,0.8357813157160734,0.7885146316755565,0.7890364616974477,0.7975303921700118,0.7898663167261654,0.7995274941259175,0.7637022642248749
CAN,0.6695008373083859,0.46542168964659664,0.46119735196523926,0.3999847042656913,0.4122982020770739,0.4287929654043935,0.5185320995931599,0.440503649048559,0.46568941238642997,0.40467043394199514,0.7774189171388781,0.0,0.47572964126100153,0.4704134909595993,0.4819626303922498,0.5245334792620184,0.5855684114674863,0.5999461782279573,0.4895850462771029,0.45282554577777845,0.6166033035492064,0.42325068389129594,0.4203596992810505,0.4897475650562845,0.5451377481182353,0.4122786886485696,0.4485766393354355,0.42327437801079226,0.4290255431480566,0.41616017577015724,0.5031772865532561,0.6014821203945755,0.4560547602019436,0.39899660037655704,0.530832711659265,0.501658173380099,0.6187810499172194,0.5087774575559331,0.48510252070661913,0.4135974522526427,0.5186460171812808,0.4356703366102659,0.5521726558040579,0.6576059471988965,0.45664785774605643,0.6626278209690077,0.4881636539372031,0.5774309542843244,0.5115646466187683,0.5284805541415265,0.4261022858442186,0.5854258169936903,0.6062724266829744,0.5106931346940209,0.6405770503296201,0.4309215622852678,0.4287318257344256,0.40222527895555266,0.45266924130347763,0.4337214647265123,0.5196269954793417,0.40328408883854167,0.4379452966493973,0.4416504648774141,0.3856358380538628,0.5331840102949681,0.5248962901510104,0.5809440324067017,0.7307105115076092,0.46240221391873304,0.44918989927895003,0.385256464314515,0.498423341624082,0.49846604032914665,0.40851467375444944,0.4644391180836001,0.500854648865848,0.34600051353657824,0.5799105037052973,0.4475503416255609
CHE,0.7337424761804818,0.492294884618104,0.5284942548573046,0.5051121454933777,0.39667179573535183,0.44063347291376637,0.6028118131918331,0.480950704685439,0.5355815672705305,0.4713254333893116,0.8309956897695451,0.47572964126100153,0.0,0.4880336110475406,0.5369107628913677,0.5789516244571633,0.6343885945549995,0.6708252489687669,0.5537838636819328,0.46674016187643047,0.5863692198473243,0.44821861077174235,0.4510178043367169,0.46638980881316844,0.6098914865462941,0.4410306342338227,0.46632090876938403,0.4658521781641347,0.4336054006329523,0.4412406082031332,0.537237822758703,0.5588236714066004,0.49252173342636496,0.4488177056820745,0.5996508679945685,0.6277974384123349,0.610332671403011,0.4966713268140123,0.46522996746792145,0.4381115654143368,0.5991410466070849,0.4837703716520339,0.6423469240377856,0.6998665319359411,0.4857486302159261,0.699171264224411,0.5289368494551414,0.5562622504761452,0.4774772412862468,0.5825772313376082,0.5036998810767281,0.5243681648736094,0.6656667659267876,0.5945636280708253,0.677569439239,0.4305647154384547,0.49460137189304154,0.4849574774390574,0.5361185492740124,0.5334292684738794,0.5496975861336397,0.45623954740244516,0.4414669454408823,0.5148057704011095,0.4848900842594216,0.5769342531715015,0.5886070771368608,0.5042927750936849,0.7688369383719305,0.4720866046769764,0.4549029884810133,0.4266345755986179,0.5696793214698374,0.5392982712257258,0.4706244594403037,0.517683017548049,0.5646345937870761,0.4732225602997653,0.601702414627377,0.5400425894628307
CHL,0.7049462032200193,0.506427815744835,0.5120960406988335,0.45537460315378747,0.4671640051729943,0.48432501334323275,0.5984862591410843,0.5216037955824583,0.5281107786827461,0.4627328303893669,0.779641243519373,0.4704134909595993,0.4880336110475406,0.0,0.5457566565576275,0.5415582110462536,0.6367811530718346,0.6328888749201933,0.5260344485460478,0.5003684740257489,0.6472395701173758,0.48986673295930666,0.48930859652618036,0.5598926278280429,0.615408664630717,0.48041141491647343,0.511713862341219,0.4924506336791184,0.46672184279964923,0.45969470609606267,0.5374512057120686,0.6469771838170264,0.5173215188275077,0.47661699865816853,0.5785787538308405,0.6059136764018802,0.6168379394394631,0.5402623230067282,0.5029877192487328,0.4872844582133855,0.6085814918140954,0.5313622496933114,0.6217472598317625,0.7276650737894166,0.5141954610788663,0.6673529573542184,0.533503690461406,0.6008535651841624,0.528527327682911,0.5682047698215764,0.4933732463403392,0.5711057696308134,0.6425812838129982,0.6087853222900076,0.7085981962361665,0.4950857276791734,0.5190270005478194,0.4548861895937906,0.5251004877279754,0.4711908434526594,0.572812297002377,0.4795806374401247,0.47971864011912696,0.5170212510113672,0.4920630457091352,0.6218859098800831,0.5047997952112798,0.5854886093630632,0.7567018752733171,0.5200114190226139,0.5193930848271262,0.4724790861728145,0.5566670634602162,0.5802189305240445,0.48673594306683376,0.5334361912443528,0.5986067407978214,0.46669971236256697,0.5550828225794101,0.5033724976471899
CHN,0.7240744584968752,0.5321351183907719,0.45270240746213014,0.5258278944373284,0.5030838114153351,0.5224637814198964,0.5262232266214724,0.5121362163110815,0.401896597909801,0.4555957209380732,0.8029789217324333,0.4819626303922498,0.5369107628913677,0.5457566565576275,0.0,0.5819250747330776,0.6039282280497938,0.6559732458832809,0.5231646832942951,0.5681860195189328,0.688402780789555,0.4966473198399579,0.5172079621695932,0.5592683186223294,0.5689087525658759,0.49878341078153804,0.5465771764584871,0.5016874231970466,0.5514279880505079,0.5180462514136426,0.5614997829036606,0.7023049012314966,0.5188541957488458,0.47990053175480696,0.4949195172804971,0.5223727880858798,0.6564341474527653,0.5702404560508298,0.5423844668894481,0.49271889708629896,0.54800895262919,0.4658206251723616,0.6302064585334949,0.6859364341848566,0.41081526861974316,0.6667031739343227,0.5751817434623716,0.677562211302685,0.6079868336059255,0.5416641664494876,0.4614667664979173,0.649651467913724,0.519871351980386,0.558759808910242,0.7128439338377682,0.5489834460964231,0.5440335469481273,0.5205728794888977,0.424165552860305,0.4840296552934858,0.5684994117943283,0.4930596737808476,0.5160787864256196,0.5158974847948052,0.45722969125667534,0.6031428020072117,0.5693369455470656,0.6017152626467868,0.7930513492238359,0.5611376938013307,0.5504568100223614,0.5188276645511014,0.48416617336924883,0.5416971850482175,0.4169983004387618,0.4703157496418071,0.49827587041062066,0.5013968359318814,0.4859253022755862,0.498330771885145
CIV,0.7391925874230236,0.5897561961739446,0.5765574318412399,0.5475986821263338,0.5623196013840092,0.5621552242767612,0.6297225305889481,0.5453455415059728,0.5441848124256536,0.5184081875231535,0.770651210701033,0.5245334792620184,0.5789516244571633,0.5415582110462536,0.5819250747330776,0.0,0.6109320485572566,0.7046251736407273,0.55022764549579,0.5363801536455922,0.6692293464254441,0.5554136177069895,0.5567552882886928,0.6048564080780977,0.6340623221490538,0.537223924842079,0.5638099876868574,0.558983092629452,0.5383950412405315,0.5500292830944571,0.565080880529261,0.6742873895711957,0.5634796499873713,0.5266409639452057,0.5844898099277762,0.6192697535839682,0.6478659195734201,0.5884006355820987,0.5823796494893694,0.5332744794629365,0.6022643879815834,0.5412023568079493,0.6488541226993277,0.7125089722721994,0.5575545436298222,0.6572605999292572,0.5569651042156285,0.6280039316910184,0.5804459274216236,0.5840885775793244,0.5248185439946694,0.6619350056183877,0.6419876382224993,0.6066815197712028,0.7257060715973476,0.5774694782600723,0.5865682510920907,0.560965099952349,0.546896177038784,0.5213006855496701,0.5739336816979504,0.5347157723599636,0.5414991045025631,0.5495319422420366,0.5390835646674049,0.6419192528771593,0.5336771297229358,0.6350401448147841,0.7785301934142554,0.5971604696983581,0.5879841548377923,0.5230694366126332,0.5874418267774982,0.6013926364227499,0.5359315063561645,0.5801946968893349,0.6062477319795702,0.5395061268000307,0.6098966956112684,0.5250818889264076
CMR,0.7155363723105214,0.6242729588516434,0.5963250052923004,0.6069941770021576,0.6279409506091536,0.6278558496654706,0.6310522942345898,0.6249383606050712,0.5843928220370699,0.5845943392787974,0.7955591011565496,0.5855684114674863,0.6343885945549995,0.6367811530718346,0.6039282280497938,0.6109320485572566,0.0,0.695943596460081,0.6095964060564256,0.6058227139031812,0.6945536620421962,0.6173474374180068,0.6610271888909692,0.6289239663017184,0.6475829659005373,0.6209483212268935,0.6121616555286705,0.6417065341759889,0.6324223402444019,0.6191697330944236,0.6177613144812266,0.6868359209252712,0.6194972796147795,0.6107674638514203,0.6154203107938254,0.6584175667709441,0.7026326555636782,0.6548304866558907,0.6629175543254824,0.6251679482477253,0.6225105455005173,0.6075773498019511,0.6451431044552166,0.7026641394363375,0.6363782950622285,0.6610693693457768,0.6167317263899135,0.6976951603894719,0.6455878154210961,0.6659796275203894,0.582431692677403,0.6947378206011514,0.624061411359768,0.6180029733702176,0.7164862820541152,0.6337013883351627,0.6317869953194121,0.6084798262724493,0.5721429922466769,0.5927320997433468,0.6324718944521626,0.5992860201209101,0.611576192139682,0.6122114674243909,0.5875340782900124,0.6517074146005047,0.5992113418321151,0.6807555614924454,0.7790945609690382,0.6585425160765858,0.6483644169785762,0.6121732085483099,0.6101364641087452,0.5961097522235673,0.5757398857945891,0.649865546737462,0.596581776785619,0.6065665883336276,0.6551858498000545,0.6222114479386247
COD,0.7699312111425162,0.6800334399418372,0.6292186047545705,0.5840178252244579,0.6501724735320666,0.6488250911427171,0.6311043953382834,0.628180393395427,0.6595144948572224,0.6060829459277784,0.8412548135497387,0.5999461782279573,0.6708252489687669,0.6328888749201933,0.6559732458832809,0.7046251736407273,0.695943596460081,0.0,0.6800474124533704,0.6614969995051284,0.7342811184664066,0.643385462814317,0.6673715976266175,0.6711635606846821,0.6555689366477151,0.645149615628043,0.6628188300498328,0.642505330758426,0.6459203793187861,0.6395895766869227,0.6578604098604579,0.7221760390767819,0.66864538665218,0.6419668020906021,0.6759518632941404,0.6552525964638634,0.7589868898836857,0.6621759806718244,0.680550321101713,0.6387048331949147,0.677499469151187,0.641757430077145,0.6140008212708061,0.6733375800277691,0.6628549565442767,0.7405230390314581,0.6781758272347866,0.7304926716574737,0.6845658096622664,0.6589013636724105,0.6392276624873845,0.7277389391954934,0.6828117343813167,0.7067587678982852,0.7716930580672032,0.653788299692085,0.6546361332018729,0.6739471060415959,0.6291217241806594,0.6041136612371211,0.7216698374728331,0.6183080535806873,0.6495157464330404,0.6418540681933911,0.6111548163835775,0.704353997088353,0.6224764685442423,0.7289758441655427,0.7948291535421504,0.6310242710294742,0.6232838003022936,0.6404702119594392,0.6884274045038713,0.6424660188288409,0.5875810646441226,0.6695257077283667,0.6111733449395682,0.6402320093527133,0.6393167242772688,0.6071215725868558
COL,0.7133875164826463,0.5465734769290131,0.5021339294891595,0.5183061437291976,0.48265697362963633,0.4932972044143111,0.5657766223507297,0.5190828726080253,0.49465060913509057,0.4667803337132526,0.7895215845021859,0.4895850462771029,0.5537838636819328,0.5260344485460478,0.5231646832942951,0.55022764549579,0.6095964060564256,0.6800474124533704,0.0,0.5432570009961954,0.6648542518967727,0.4979737810852237,0.5223839362277923,0.5599181873588798,0.6051831911951269,0.483447470864949,0.5282169753804707,0.5347222986038236,0.5126069237367241,0.5110662950842554,0.5627234147737309,0.6505002145312058,0.5323439362262115,0.4895506139691644,0.554525987289702,0.592667960485545,0.6334810743092913,0.5678527780908953,0.5449443101115248,0.48387546574672796,0.5877730045894624,0.5181346513588662,0.6397349889317068,0.7093048650962598,0.5229645244584583,0.6538413953432023,0.5446551337078148,0.6459235898578108,0.5741244215265853,0.5829548251615907,0.5071754371889514,0.6221922480360256,0.6312866221449045,0.5529963558687451,0.71083630991514,0.5197035483363242,0.5469410532454355,0.509240405469714,0.5038813969907058,0.4942415277184241,0.5489617861267666,0.5047494099299277,0.4817908701141687,0.5330239365890358,0.4820478939714596,0.5939812650375923,0.5559102198505644,0.5970969101994691,0.7525149246774753,0.5599105482208535,0.5508538249918176,0.5124558584879004,0.5164568329139853,0.5823606488874872,0.475685471694222,0.5354698369426452,0.5707895501520284,0.5141742596310831,0.5829503937652804,0.5173289804258213
CRI,0.694412517380081,0.5050582084373596,0.5289428112273431,0.48092504866133795,0.43532546981499126,0.4446110983912172,0.5664605615855745,0.4619128678245971,0.5091523470846159,0.44441135805823967,0.7901873247109761,0.45282554577777845,0.46674016187643047,0.5003684740257489,0.5681860195189328,0.5363801536455922,0.6058227139031812,0.6614969995051284,0.5432570009961954,0.0,0.5805730124840887,0.458176654662154,0.4638621424326491,0.4948400311905359,0.6011404907613003,0.42973884024096487,0.46384501138376605,0.4644587483835212,0.43267783298528073,0.43695582091145696,0.5158699486365871,0.5727519187564959,0.4854109219577048,0.4497647339258351,0.5847056750769332,0.5947933985711622,0.597833413907925,0.4653549618604679,0.5061367817100138,0.45252514078313005,0.5648415584677662,0.48174037426684835,0.6081415075156428,0.6555728315381996,0.5155328760479194,0.6764038578520741,0.4922334038303409,0.5656671070177609,0.4779344431963316,0.5479540534915505,0.4873074490803148,0.5820334469903699,0.6410254329844176,0.5530004178615529,0.6636294457218873,0.4486234202718723,0.4829088424634417,0.47083403576991467,0.505408835521629,0.4969834693304419,0.5043397091980101,0.43541551278275337,0.43393558563260204,0.4773485239597394,0.471897698766725,0.5633334327289224,0.5267713653487476,0.55275380745604,0.7341543942016829,0.47272664431987804,0.4616835316124637,0.4274672121959195,0.5362019216253492,0.5538133006929766,0.46479466703603545,0.5194426975309395,0.554324138856253,0.46490079774180726,0.6120727888319694,0.5178357987312349
CYP,0.7784909247004125,0.6251923944543878,0.6525228022529421,0.623586739070191,0.5984295826724279,0.5908767443726808,0.6651539252225569,0.6194884453911211,0.629302507029595,0.6327081877874396,0.8534821776810068,0.6166033035492064,0.5863692198473243,0.6472395701173758,0.688402780789555,0.6692293464254441,0.6945536620421962,0.7342811184664066,0.6648542518967727,0.5805730124840887,0.0,0.6058230827616822,0.6090360443167252,0.5382929339639431,0.6299227312423061,0.5947605390230125,0.5756925683581363,0.6246121693682992,0.584570191179074,0.5958705899375162,0.5972587739231154,0.6206153472838923,0.6139104778776007,0.6109472579181456,0.6871146613177762,0.7328781702744233,0.6898235632263837,0.6095910621101064,0.624012687383245,0.6035351820113704,0.673215361682667,0.6275365183761441,0.7144753674288546,0.7479498559915431,0.6400205652828682,0.7496100403199744,0.6166142975268591,0.6421852166590352,0.603558994350958,0.6910764655864845,0.6495021297526031,0.6232036243068161,0.7280940878043126,0.6685629453014824,0.7411673247461447,0.5988139510223057,0.5802703448854226,0.615844820848147,0.6300857027785904,0.6451396934639368,0.6696402970124788,0.617754858071882,0.594256760891037,0.6408982895424943,0.6063600039265319,0.6602806008104528,0.6619457373660511,0.5837600600432806,0.7915587034414524,0.6165572586266086,0.5917332606466543,0.5937932003760953,0.65489111113979,0.667033955588755,0.6074031583986674,0.6376120759940997,0.6596029349122194,0.6188102278516313,0.7147254501836703,0.6650895306759566
CZE,0.7080654956018964,0.4643559257146309,0.4929653148787794,0.4552095173462613,0.3504425191239388,0.40501839310252113,0.5531382159709203,0.3720692028584216,0.46436962922545644,0.4537316933774911,0.8142008077394632,0.42325068389129594,0.44821861077174235,0.48986673295930666,0.4966473198399579,0.5554136177069895,0.6173474374180068,0.643385462814317,0.4979737810852237,0.458176654662154,0.6058230827616822,0.0,0.4024907691925356,0.490503776978507,0.5857541198247368,0.37332798326967664,0.3906764809178512,0.4270135060628657,0.4051973888306727,0.40488989528928565,0.5300525558580368,0.6114480025897454,0.4410771469922795,0.36483451455393623,0.5593614164224266,0.5516091490099847,0.602009483538249,0.4937222238515629,0.4845217156048138,0.39599606785842517,0.5550533177574153,0.4539697674720041,0.6330884820600966,0.6795132770883642,0.4523181248857302,0.6674074971002144,0.4592227469318573,0.5819043167650568,0.4230189382540789,0.549551992074053,0.48342127665590723,0.5458291759646388,0.6243836101376418,0.5132501537023193,0.6851497030265791,0.4231511082273804,0.4781118155279118,0.43784464644031584,0.4763571766042209,0.47266509497670306,0.5280777640193807,0.33506997733314875,0.37566796950907677,0.4675427078917718,0.388116988526427,0.5774818577961015,0.5302628427038971,0.5595027288704979,0.7435087076052145,0.37320067680938046,0.38012977344736054,0.3731025306383158,0.5219148878256857,0.5202273664999154,0.4107768849366181,0.4677499505227849,0.5071492132140799,0.4479839577919374,0.5544775461509126,0.4745978010513479
DEU,0.7294406737848995,0.490694169450678,0.5209914914612923,0.4689797769386787,0.37684163372830076,0.3562456533501606,0.5654647522284049,0.42439988759030417,0.5025305777012553,0.4510490663310379,0.8216361968259858,0.4203596992810505,0.4510178043367169,0.48930859652618036,0.5172079621695932,0.5567552882886928,0.6610271888909692,0.6673715976266175,0.5223839362277923,0.4638621424326491,0.6090360443167252,0.4024907691925356,0.0,0.4671991591712231,0.5870657871378528,0.3826166746045461,0.4277391975898121,0.40862137006833515,0.37358614105965904,0.37768210290485854,0.49722769843367437,0.6174505484769404,0.4698978649039685,0.36943883062790656,0.5927085770703387,0.5908081114919526,0.602238249917935,0.47729312391991285,0.4336462929832739,0.36872999031482145,0.5773108644239218,0.440196711910268,0.6516917583477908,0.6955372466438173,0.42466595119096434,0.7115893613110867,0.5129368751079977,0.5632426209909427,0.48647507664164463,0.5669520807183993,0.5087634058368988,0.5461724299929323,0.6524327675157457,0.563508635363974,0.6850773686712478,0.39129579609679277,0.4655793857860471,0.4432910601537238,0.5063188950534426,0.49416433923932146,0.5743232964155245,0.4009765426781248,0.41117559296395456,0.48606790491696494,0.428001094103595,0.6073638164147558,0.5695613458204342,0.5270103884342942,0.7746302483052735,0.4235962600001946,0.4069670156259538,0.36656885044225995,0.5518089319176244,0.5512163044180735,0.4309387410670198,0.4558940604814144,0.5613707452041151,0.41547133447847906,0.5894379510112856,0.496360816665866
DNK,0.7060230057977261,0.5231122074955692,0.5351413980432886,0.5313049478148782,0.46818786766908665,0.46024112490257485,0.576743888915532,0.5038824388423357,0.5202968197487613,0.508738428012252,0.8081757711095519,0.4897475650562845,0.46638980881316844,0.5598926278280429,0.5592683186223294,0.6048564080780977,0.6289239663017184,0.6711635606846821,0.5599181873588798,0.4948400311905359,0.5382929339639431,0.490503776978507,0.4671991591712231,0.0,0.5783633887394035,0.499983785751437,0.46957339667087805,0.48850912817669795,0.48877340856742707,0.4591940904630299,0.5196864215652353,0.5413210560134464,0.5201964974944545,0.46558917316281895,0.6071311213505921,0.6398422226878799,0.6240103734192411,0.5308943143750237,0.47384798457004573,0.4638835397282852,0.5942258098920777,0.513490717486442,0.6427752467663671,0.6967714336954883,0.5080406931751276,0.7020774695548176,0.5378794085184453,0.5825125139157481,0.538704569883397,0.6162697744838939,0.5384443511306516,0.5856344840687008,0.6565856256236166,0.5814369298300359,0.6898093288138204,0.4412022229410103,0.4311351909997323,0.5038016129612569,0.5234001167693265,0.5477983880702146,0.5923528978305743,0.5048022945589337,0.4806908627190811,0.5476017035976672,0.5108940912538141,0.6033983650324446,0.6076734764635907,0.49971778178272286,0.7819442097078607,0.5271253003532088,0.5080962413969977,0.47558738486185725,0.5759609639267717,0.5549059822573882,0.4918392091609328,0.5296753468457238,0.5658292843096971,0.4875146612108009,0.6239033946883568,0.5662057687239793
EGY,0.7185239751157713,0.5800837556860201,0.5554389234099163,0.5828415518274438,0.5727455683441954,0.5649434323442257,0.6095861068930635,0.5710540446556781,0.5361774634392248,0.5630574455596441,0.7837620375064455,0.5451377481182353,0.6098914865462941,0.615408664630717,0.5689087525658759,0.6340623221490538,0.6475829659005373,0.6555689366477151,0.6051831911951269,0.6011404907613003,0.6299227312423061,0.5857541198247368,0.5870657871378528,0.5783633887394035,0.0,0.5814018636055854,0.5814509570472046,0.5817916679305097,0.5947017298477586,0.587231978164808,0.5673898415841923,0.7022156025847844,0.5788136638901328,0.5616709355983146,0.6069844340486442,0.6199179366920199,0.6823928567703699,0.6252271909274223,0.6148945860626169,0.5840485103970395,0.5903901426468996,0.5614480828633421,0.6279427388787205,0.6915801205458034,0.5589296255848103,0.7131814627579947,0.6009487529563149,0.6909498045096336,0.628135782486148,0.6444441454916561,0.5746793285976666,0.6670982026866599,0.6300777560380565,0.610653285578515,0.7242400725839214,0.5758337885025794,0.5954202582654563,0.5862336538441553,0.5319052233096515,0.5377336832322408,0.6508676130698305,0.5720589204615271,0.5657336253186234,0.5954170132383857,0.5265383933229482,0.6301109476363467,0.6017259418298828,0.649898238756824,0.7988385266555573,0.6051958709011688,0.5969265525067263,0.570675008457608,0.5817760700708751,0.6038705307739759,0.5210105053465377,0.5621180379517563,0.5591299336363004,0.5581752937431254,0.620199683434983,0.5857336380136643
ESP,0.7179577306433308,0.4848176713209086,0.48563663987988753,0.4522805013469266,0.3496695368774239,0.38042958124023135,0.5356317586270183,0.4033835279192558,0.4466172123605437,0.41408403601165034,0.7939598599505424,0.4122786886485696,0.4410306342338227,0.48041141491647343,0.49878341078153804,0.537223924842079,0.6209483212268935,0.645149615628043,0.483447470864949,0.42973884024096487,0.5947605390230125,0.37332798326967664,0.3826166746045461,0.499983785751437,0.5814018636055854,0.0,0.41285452827048147,0.4148201842753186,0.37059662591874326,0.39642339966836593,0.4794938566879557,0.6057271879809263,0.43400094974291814,0.3598535157652786,0.5599650555298626,0.567040624143548,0.5865412721782498,0.47343184863644916,0.4803839979857179,0.3514421696697076,0.5530144693323511,0.4316641327326962,0.6148616583002913,0.6623023963666611,0.42945557575574517,0.6743963282473457,0.4589421587481526,0.5857872421135931,0.4477130711102633,0.525323523061242,0.45534005915318093,0.5375211536300079,0.6189657485645265,0.5294822519692879,0.6822593301125937,0.424077835749263,0.47026583102097136,0.4205851922806307,0.4636771348116469,0.4683845072810543,0.5109483230047144,0.36411307756635486,0.35065219390182994,0.4339767412017433,0.40410498424672925,0.562333813425865,0.5154595197928531,0.5425013474222149,0.7464138340772921,0.4142816449265532,0.40459708483501394,0.36592849369504404,0.5026263035988958,0.5365485400485149,0.4010091051410434,0.446283143271381,0.5380739502898414,0.4324647800416868,0.5744153277442995,0.4630630426691937
EST,0.706986925895571,0.5039493664353327,0.5360820467490914,0.4862162841374334,0.374387183519407,0.42946335315620665,0.5404060802854427,0.43640687422313057,0.5008495083448535,0.49725749510761424,0.8128798829028656,0.4485766393354355,0.46632090876938403,0.511713862341219,0.5465771764584871,0.5638099876868574,0.6121616555286705,0.6628188300498328,0.5282169753804707,0.46384501138376605,0.5756925683581363,0.3906764809178512,0.4277391975898121,0.46957339667087805,0.5814509570472046,0.41285452827048147,0.0,0.44755175403175973,0.43109470104377373,0.4251369703750723,0.5185384454369498,0.6055208470615159,0.4766555563915819,0.41122103352026285,0.572878826535173,0.6168605280101873,0.6065112516361402,0.5022592276586088,0.4997698519540532,0.4341920377090399,0.572837023753764,0.5030042596351001,0.6255816586772274,0.6997433909609723,0.4978892251645107,0.669505401696325,0.4545595789286458,0.589659423389101,0.3893854094363354,0.5630410716843407,0.513040169864448,0.5117933623516285,0.6457815633756281,0.553039279850346,0.6941508694745515,0.4322087240884507,0.4647534039577378,0.4527774043114046,0.5042954417071649,0.5035288927064482,0.5403905760698399,0.40993162588541704,0.3997281737222447,0.4850161320321614,0.44156395587475455,0.5876616177929024,0.5415048266004149,0.5557940258719309,0.7395430843016083,0.44350638602339987,0.4263747939238955,0.40305499651072496,0.5501404721522815,0.5278620747438375,0.44999351016633826,0.5144544207586779,0.5491036692451554,0.4767054177156321,0.5890280186371758,0.5315362072093237
FIN,0.7153011924450235,0.4779070589244307,0.519550522655043,0.4778897247445362,0.4019247872163822,0.4161172214823022,0.566305223562526,0.4318982841424231,0.4863788727629206,0.4512373869259381,0.8032268806775235,0.42327437801079226,0.4658521781641347,0.4924506336791184,0.5016874231970466,0.558983092629452,0.6417065341759889,0.642505330758426,0.5347222986038236,0.4644587483835212,0.6246121693682992,0.4270135060628657,0.40862137006833515,0.48850912817669795,0.5817916679305097,0.4148201842753186,0.44755175403175973,0.0,0.43510109254091667,0.4352425318970565,0.5335867493293149,0.6232421560090996,0.47495517594632514,0.39623578527532816,0.5740912142412862,0.581466379674246,0.6059371152197797,0.5190941222129962,0.4848954992629892,0.4044676310852212,0.5550172388000622,0.45364903737397494,0.641945254943528,0.6771996388020419,0.442412741620192,0.6980407806282354,0.5025827894035872,0.5865945951653726,0.47071100385609854,0.561675000352127,0.4960582647103765,0.5627993980488114,0.6372300633174085,0.5594473549318746,0.7005841292835109,0.4476622414217548,0.4626477435515688,0.4673571775449837,0.49591939367941207,0.4959088020261688,0.5647144777876241,0.39467598325924397,0.4063837150638658,0.49580643411481423,0.4461469833133991,0.6068667604180445,0.5493469919387199,0.5405659400968178,0.7635801107519792,0.45833034552458696,0.4305401325937455,0.3743659019632871,0.553730757119131,0.5346636879017388,0.4283493936064724,0.45734404874611073,0.5421183867885835,0.44671835255363124,0.5506516687356082,0.48207606932650215
FRA,0.7115995657884711,0.48777588551365814,0.5320498701825005,0.4389508451933451,0.38156800631987353,0.38642575493646,0.5663725393976358,0.44197466345138225,0.5067591066824795,0.4371300390580473,0.8070341675938254,0.4290255431480566,0.4336054006329523,0.46672184279964923,0.5514279880505079,0.5383950412405315,0.6324223402444019,0.6459203793187861,0.5126069237367241,0.43267783298528073,0.584570191179074,0.4051973888306727,0.37358614105965904,0.48877340856742707,0.5947017298477586,0.37059662591874326,0.43109470104377373,0.43510109254091667,0.0,0.3678241015665113,0.4988906606179419,0.5875726579669164,0.47060202310136207,0.3970016557589479,0.5991623535255438,0.6018669114308567,0.5983921901984262,0.47676113175729345,0.46511212604068264,0.3861134749347947,0.5987071706314798,0.47495842228284696,0.6348323752815678,0.6918155216029765,0.47157167458564514,0.6946732210741451,0.49424220815127434,0.5705279526797202,0.4551382315334216,0.5668248371987904,0.5124106768701209,0.5380731303859959,0.6598262190961302,0.5692615665195354,0.6834880582814289,0.3970835266662037,0.4602000914072266,0.4191852649844741,0.5151564255105333,0.49222180007370764,0.5604308896050345,0.4092116800392103,0.3840279750300818,0.45733800335556496,0.439916266498583,0.5893176699889072,0.530346097183296,0.5269931646314532,0.7552605267305637,0.4271786385330228,0.42932764227957904,0.39025925413724055,0.5430260988957246,0.5485822499836912,0.43916803213844074,0.4947839151680075,0.5627264720301449,0.42084981539208993,0.6127268149634824,0.48660245661717827
GBR,0.6981386322084071,0.46331361690100037,0.4925853548062066,0.42394332271520946,0.3864281809990398,0.37921774462476,0.5606940262294731,0.4246661079883382,0.4939717939522073,0.4251988131193251,0.8124356266750306,0.41616017577015724,0.4412406082031332,0.45969470609606267,0.5180462514136426,0.5500292830944571,0.6191697330944236,0.6395895766869227,0.5110662950842554,0.43695582091145696,0.5958705899375162,0.40488989528928565,0.37768210290485854,0.4591940904630299,0.587231978164808,0.39642339966836593,0.4251369703750723,0.4352425318970565,0.3678241015665113,0.0,0.5038146497086112,0.5683844500222206,0.4381597112967105,0.39637002677695987,0.5771467812748404,0.5770925028307506,0.5777483741814831,0.4501396716058995,0.44224805538762785,0.3903710283453086,0.5785277919813708,0.46990032714542007,0.6324605305533972,0.6903770099434411,0.4632692771877224,0.6868518726414674,0.5005300404177551,0.546338930559892,0.47506179526747977,0.5717213261514502,0.4910172087576836,0.5422784105898657,0.6515851646598287,0.5461109754941643,0.6698379241199827,0.36964856951476655,0.43463880692986395,0.40290902046451305,0.5062830843711383,0.46432278444406777,0.5478875175227462,0.40169148678438665,0.40597854057548144,0.45705321416774614,0.4284436612840039,0.577080624647141,0.5390620920722607,0.511656203037269,0.7192411871029668,0.41704336888635757,0.42096218696354515,0.41738175974729125,0.5137690861389796,0.5172779120834727,0.4288821183009982,0.47670415660993515,0.5574988619425562,0.4142750103563429,0.5894433339997354,0.4960876927244248
GRC,0.7220633209476707,0.5481311138128485,0.5358386026642513,0.5338824395883469,0.5167762364903247,0.49185514553574167,0.5729885967175068,0.5165662555056395,0.47046366127730216,0.5007734480351345,0.772241320633746,0.5031772865532561,0.537237822758703,0.5374512057120686,0.5614997829036606,0.565080880529261,0.6177613144812266,0.6578604098604579,0.5627234147737309,0.5158699486365871,0.5972587739231154,0.5300525558580368,0.49722769843367437,0.5196864215652353,0.5673898415841923,0.4794938566879557,0.5185384454369498,0.5335867493293149,0.4988906606179419,0.5038146497086112,0.0,0.605022197730136,0.5197609088466038,0.48581421483811355,0.60968259956996,0.6177930538607175,0.6386839886050782,0.5428647291917097,0.5071526889833066,0.4951178390868344,0.5697731557793513,0.5101418338248968,0.619343712713473,0.6867456325414075,0.49799915282312307,0.6637632199066132,0.5314802127365138,0.6226724345799384,0.57687362836604,0.5870667986110183,0.527226664559631,0.6177766076970919,0.613814840658517,0.5831071820354042,0.7114275148610094,0.5249448157679454,0.5208364357087728,0.5232625125385174,0.48205017848871873,0.5301443843651522,0.5708679478259349,0.5251990347134536,0.5103538614633483,0.5367316120097311,0.48261284508828967,0.616499952022495,0.5594777135128892,0.5698844451605856,0.7578794320613591,0.5585769695721188,0.5433227999922796,0.49727532723667295,0.5416521800700291,0.6007720047645182,0.47742671928178587,0.5181075381937964,0.5681030742115398,0.49625186020502404,0.5949194835844426,0.526098494731551
HKG,0.7647418689961376,0.604131153331777,0.6572458720773183,0.6186450750858622,0.5987860983686827,0.5749380109801018,0.6631118086000665,0.5955178193017522,0.6464403648598992,0.6122561482456275,0.838952947857555,0.6014821203945755,0.5588236714066004,0.6469771838170264,0.7023049012314966,0.6742873895711957,0.6868359209252712,0.7221760390767819,0.6505002145312058,0.5727519187564959,0.6206153472838923,0.6114480025897454,0.6174505484769404,0.5413210560134464,0.7022156025847844,0.6057271879809263,0.6055208470615159,0.6232421560090996,0.5875726579669164,0.5683844500222206,0.605022197730136,0.0,0.6262466744293925,0.5975910140638717,0.6942264090369356,0.7124863973830442,0.6996912513745762,0.5973854998033135,0.5699978011463351,0.6043826851143688,0.6845034709446401,0.6195925202913004,0.6587482945631007,0.7316552796248509,0.6547552907718983,0.6991711172199161,0.6291643409881797,0.5864770990192085,0.62027004886641,0.7099179899161531,0.6250586304353282,0.6471766618234971,0.7511176039254319,0.6587949609509496,0.7071314014915047,0.5661331226660674,0.6001399224123956,0.6148675203049694,0.6564596791927771,0.670303733254882,0.6183288209494469,0.6144249999797131,0.586930878706582,0.6494099621405276,0.6118068813850187,0.6352925993176952,0.6915223330068582,0.5204843278101287,0.7633889183255221,0.6210653600196652,0.6066674589044465,0.6075725377276127,0.6655764996360637,0.6881711342256308,0.6379485903843081,0.642420965412567,0.6689886578949892,0.6064669924944422,0.7364934295852602,0.6475075719038407
HRV,0.7126029283243527,0.48580084552642644,0.4958071424862925,0.4943119410824549,0.4380851116046101,0.4618690659833875,0.566110190663143,0.4524273039270455,0.45676345210491676,0.4580316269324096,0.7821032026831427,0.4560547602019436,0.49252173342636496,0.5173215188275077,0.5188541957488458,0.5634796499873713,0.6194972796147795,0.66864538665218,0.5323439362262115,0.4854109219577048,0.6139104778776007,0.4410771469922795,0.4698978649039685,0.5201964974944545,0.5788136638901328,0.43400094974291814,0.4766555563915819,0.47495517594632514,0.47060202310136207,0.4381597112967105,0.5197609088466038,0.6262466744293925,0.0,0.4304999153192536,0.5559164628714304,0.5783475807747592,0.6086910144813992,0.519561712818803,0.5105839754661156,0.44652443042104045,0.5727289267306346,0.478743279653949,0.644725976624856,0.6820840418465886,0.47177208697770595,0.652432687478722,0.502849775057154,0.6002758261530993,0.5263275912448853,0.5724254717855524,0.5031137359455682,0.5882548099888569,0.616626876757559,0.5558695031820631,0.6878900912138586,0.4811218793797536,0.4722254152408141,0.4629698630554171,0.490271418420259,0.48940699263805815,0.5317101551700965,0.42179591431083424,0.4607664275547506,0.4705277035729546,0.42963363834450247,0.5832411899909107,0.5498479744231397,0.5827835866085228,0.7025728775050691,0.45716363361577056,0.46531151474007715,0.4626178347213474,0.5025360519696656,0.5482141934564522,0.4526225299354443,0.49225440215737054,0.5484017408735878,0.47613518900203744,0.5829288570828552,0.5022376816692158
HUN,0.6930798930490102,0.45038536522394784,0.46802574252985507,0.4462816964778085,0.3778140554476064,0.381651102831754,0.5346016456840244,0.3962285879713523,0.4255158584667649,0.4108907980663843,0.7916110692466695,0.39899660037655704,0.4488177056820745,0.47661699865816853,0.47990053175480696,0.5266409639452057,0.6107674638514203,0.6419668020906021,0.4895506139691644,0.4497647339258351,0.6109472579181456,0.36483451455393623,0.36943883062790656,0.46558917316281895,0.5616709355983146,0.3598535157652786,0.41122103352026285,0.39623578527532816,0.3970016557589479,0.39637002677695987,0.48581421483811355,0.5975910140638717,0.4304999153192536,0.0,0.5516428693460254,0.5477214093608658,0.5883983009952567,0.4967578999007842,0.444568819392561,0.3605825092606275,0.5358107628550649,0.42835016185889546,0.6078881402918987,0.6666136856342134,0.4197388706750895,0.6531543092709681,0.4426077241838941,0.5770433569650152,0.46324770952931815,0.5305265715630777,0.43748020590348724,0.5485979365199913,0.6076721366222539,0.5218341342926244,0.6720525051688849,0.41157980601487415,0.45611137796292317,0.4255753013155232,0.44715058680270225,0.4584437082580273,0.5085334182449153,0.35724135817174857,0.3792067619155343,0.441981060505601,0.38559355202306206,0.5699579159717578,0.529992145078149,0.5283634397056974,0.7453590883729989,0.4164817897478217,0.41702960898972236,0.37531827668381235,0.5014836349657162,0.5207839375948109,0.3989791534820603,0.44231871350847646,0.5138329236130461,0.4100303834515729,0.5390348697580375,0.451437244885026
IDN,0.7075660435917729,0.524665586894409,0.5372251022763878,0.5536583748310161,0.5616056455061017,0.5975020519723754,0.6064261613095902,0.5582817710393482,0.4910306383745506,0.5106390919147531,0.7560969959300928,0.530832711659265,0.5996508679945685,0.5785787538308405,0.4949195172804971,0.5844898099277762,0.6154203107938254,0.6759518632941404,0.554525987289702,0.5847056750769332,0.6871146613177762,0.5593614164224266,0.5927085770703387,0.6071311213505921,0.6069844340486442,0.5599650555298626,0.572878826535173,0.5740912142412862,0.5991623535255438,0.5771467812748404,0.60968259956996,0.6942264090369356,0.5559164628714304,0.5516428693460254,0.0,0.5773877972225622,0.675884787178567,0.6169711635839269,0.6238356968518202,0.5633067046908399,0.5655455569471044,0.5473094561868055,0.633706109870625,0.7154486551989431,0.5219125174759973,0.645491411666014,0.5921567326394669,0.6866300576599427,0.6329020095788499,0.5884307664229695,0.5095837784705396,0.667936782519781,0.5551184916379998,0.5214059835464987,0.7148227084758354,0.6020681346131214,0.5881368066176975,0.5730958304133115,0.5021568877339482,0.5337730579902977,0.5818151771378064,0.5380963020715827,0.548497803462541,0.5712415735994516,0.5129223032008199,0.5891863688718659,0.5907017452009504,0.6630086582009296,0.7803223824076273,0.620754420165283,0.6106929317309734,0.565091981534209,0.5013148185567056,0.5994109467778649,0.5137226097905876,0.53567575994948,0.5607953205707358,0.5738600332568984,0.5438201114647501,0.5223878435919752
IND,0.7307457802596888,0.5606080114027892,0.5371522330071847,0.5437872872500717,0.5630213835748658,0.5859192560218766,0.5849162963755496,0.5473099973345077,0.5145909794310761,0.5329417391151869,0.7892075094178711,0.501658173380099,0.6277974384123349,0.6059136764018802,0.5223727880858798,0.6192697535839682,0.6584175667709441,0.6552525964638634,0.592667960485545,0.5947933985711622,0.7328781702744233,0.5516091490099847,0.5908081114919526,0.6398422226878799,0.6199179366920199,0.567040624143548,0.6168605280101873,0.581466379674246,0.6018669114308567,0.5770925028307506,0.6177930538607175,0.7124863973830442,0.5783475807747592,0.5477214093608658,0.5773877972225622,0.0,0.6971468002455138,0.6172574098444068,0.6075076839141469,0.5690282572695793,0.5555875199595038,0.5537622335660389,0.6173200742142506,0.6634972511132122,0.5514602464412933,0.7035330887012392,0.6067487431500065,0.6990405479780082,0.6528357697014902,0.5675893268934019,0.5317151851144575,0.6944359654009044,0.6115671416103846,0.5880439003885519,0.7328359434099092,0.6064145120037857,0.6015515398359973,0.564291482789744,0.5224920481923316,0.5385641824158812,0.5859086813734987,0.5459008449315742,0.5804821993200147,0.5459077987219646,0.5064381165225873,0.6277401431899526,0.6058693293449389,0.6859874136563163,0.7747512031285203,0.5993229524223425,0.5956708399131151,0.5585628923981044,0.5472674031895507,0.5737773630122707,0.5156956635033141,0.5524262867393593,0.5557736284551834,0.5524801319713658,0.6067110615624111,0.5302173146657249
IRL,0.7524078574409637,0.5765182440576928,0.6224696392416198,0.621259196331533,0.595433022162538,0.5771355352655719,0.6865465980633565,0.6056201865147881,0.6011114479706937,0.607208663703535,0.829203310231903,0.6187810499172194,0.610332671403011,0.6168379394394631,0.6564341474527653,0.6478659195734201,0.7026326555636782,0.7589868898836857,0.6334810743092913,0.597833413907925,0.6898235632263837,0.602009483538249,0.602238249917935,0.6240103734192411,0.6823928567703699,0.5865412721782498,0.6065112516361402,0.6059371152197797,0.5983921901984262,0.5777483741814831,0.6386839886050782,0.6996912513745762,0.6086910144813992,0.5883983009952567,0.675884787178567,0.6971468002455138,0.0,0.59983784031128,0.6243350371632582,0.6017003621898477,0.6689378981217091,0.6061840790839567,0.735466133655015,0.7719796203384611,0.6212107606898892,0.733666057427034,0.6231804698843543,0.6808133050456351,0.6272905451483548,0.6648341194432408,0.6129812165772706,0.6389019368538761,0.7305191060028134,0.6696520079755912,0.7784102543743293,0.5969710201447377,0.638749843813581,0.6025946352768691,0.6209860240962762,0.6210682871177831,0.6593259391012163,0.5947047762006108,0.5774453948551669,0.6258019070251156,0.6123739983146503,0.6866151704575955,0.6575771520363717,0.621312596800708,0.7964959532254006,0.6157096146069293,0.6117495579321006,0.5918292659001334,0.641100979525677,0.6668832815588323,0.6087759724483278,0.6269822700904608,0.6668416363799184,0.6046189868816507,0.6700787152189529,0.6378198623039648
ISL,0.7275015415700452,0.5351502725640553,0.5511243686780352,0.5148566679121875,0.4776186518838573,0.48720690064235067,0.5627035585301781,0.49347040316247487,0.5160146496042889,0.5030560946610861,0.8414193507964602,0.5087774575559331,0.4966713268140123,0.5402623230067282,0.5702404560508298,0.5884006355820987,0.6548304866558907,0.6621759806718244,0.5678527780908953,0.4653549618604679,0.6095910621101064,0.4937222238515629,0.47729312391991285,0.5308943143750237,0.6252271909274223,0.47343184863644916,0.5022592276586088,0.5190941222129962,0.47676113175729345,0.4501396716058995,0.5428647291917097,0.5973854998033135,0.519561712818803,0.4967578999007842,0.6169711635839269,0.6172574098444068,0.59983784031128,0.0,0.5266862417468828,0.4940375992511411,0.6060299565720575,0.5286563238751786,0.656320094615031,0.7049710561666737,0.5236760292154945,0.698279952277605,0.5597381127442542,0.5847004120199257,0.5210824428020698,0.559720310142661,0.5658739189878231,0.5673959339189567,0.6616420183303944,0.5833821445180567,0.7090997692426763,0.4882778914125598,0.5208322696554497,0.5046863113389687,0.5285241460490723,0.517955337328678,0.5802094378626447,0.4930901387493082,0.48277913305344355,0.5218449628992138,0.5026896978848492,0.6085155756344027,0.5804261118390814,0.5780435917687999,0.7003469219877448,0.49244516842148867,0.49035843093775583,0.4998666258324566,0.5516126870539602,0.5490087514611316,0.4967307278738739,0.5519725690964575,0.5932683198381201,0.5284455169001528,0.6270393159151678,0.550491425483037
ISR,0.7355052955028372,0.5185653058303495,0.5348552933527205,0.5157847803980258,0.46085309310547684,0.42560291332626204,0.5834462405182911,0.4867168477431156,0.5193654445286889,0.5016406542425249,0.802975353910085,0.48510252070661913,0.46522996746792145,0.5029877192487328,0.5423844668894481,0.5823796494893694,0.6629175543254824,0.680550321101713,0.5449443101115248,0.5061367817100138,0.624012687383245,0.4845217156048138,0.4336462929832739,0.47384798457004573,0.6148945860626169,0.4803839979857179,0.4997698519540532,0.4848954992629892,0.46511212604068264,0.44224805538762785,0.5071526889833066,0.5699978011463351,0.5105839754661156,0.444568819392561,0.6238356968518202,0.6075076839141469,0.6243350371632582,0.5266862417468828,0.0,0.45605622575996124,0.6178797143479465,0.4933575874073175,0.6707372151642286,0.7065782349334119,0.4732678676890825,0.7218054639944911,0.5472874974586084,0.5648146336979734,0.5540758038563341,0.616463209749562,0.5199813224405819,0.5485314810767515,0.6567600084666838,0.597579658556065,0.6899109212842824,0.4353338817394031,0.503710082645467,0.5005639323325602,0.534387951436104,0.5280321227004011,0.5770464777135715,0.4853509865116371,0.4650310612233764,0.5510965002287774,0.4958953092705635,0.6196651769323924,0.6002276997377806,0.5151951909125235,0.7735918674242497,0.525633091314527,0.5028378614137075,0.4722414981687257,0.5586829503203394,0.6014893364460179,0.4744984883323252,0.4839902146407295,0.5866091142004679,0.45956771991644546,0.5997932724123409,0.5394580789377491
ITA,0.7221996605463497,0.48066201046154217,0.47266664874076103,0.44686524167128866,0.3681238665991258,0.38096314065047837,0.5483490274175876,0.398235991449008,0.4646618295816371,0.41858994285068135,0.7974305481564218,0.4135974522526427,0.4381115654143368,0.4872844582133855,0.49271889708629896,0.5332744794629365,0.6251679482477253,0.6387048331949147,0.48387546574672796,0.45252514078313005,0.6035351820113704,0.39599606785842517,0.36872999031482145,0.4638835397282852,0.5840485103970395,0.3514421696697076,0.4341920377090399,0.4044676310852212,0.3861134749347947,0.3903710283453086,0.4951178390868344,0.6043826851143688,0.44652443042104045,0.3605825092606275,0.5633067046908399,0.5690282572695793,0.6017003621898477,0.4940375992511411,0.45605622575996124,0.0,0.5474209574207602,0.41884861623258096,0.6318663213093045,0.6773348110736117,0.4195188973124083,0.6974843373476518,0.4686596960338066,0.5646177868768718,0.48186231855155787,0.5569969540516365,0.4735198954043227,0.556733738193594,0.6323188362978407,0.550557530460519,0.6792337457810155,0.4062009155879791,0.4599669994601986,0.4278243024326503,0.4808461185733777,0.46091747318579324,0.5418603585346367,0.40017889708054444,0.3897288862701139,0.45286434779440204,0.4013630061293512,0.5708359092703159,0.5407354330303844,0.5273155002102682,0.7494560225313321,0.4366293826656125,0.4225254907575972,0.37493927938437205,0.5162948341524135,0.5370692624482037,0.4011034747084349,0.4484765524659237,0.5309960894507868,0.411117511229143,0.582904837597632,0.47268489796457275
JOR,0.7259999170937591,0.5607741263982444,0.5621907778334841,0.5781602719404422,0.5674903887546858,0.5756705303706039,0.5994973613486776,0.5578371637397727,0.4915144523050238,0.5417836345380194,0.7648960480863329,0.5186460171812808,0.5991410466070849,0.6085814918140954,0.54800895262919,0.6022643879815834,0.6225105455005173,0.677499469151187,0.5877730045894624,0.5648415584677662,0.673215361682667,0.5550533177574153,0.5773108644239218,0.5942258098920777,0.5903901426468996,0.5530144693323511,0.572837023753764,0.5550172388000622,0.5987071706314798,0.5785277919813708,0.5697731557793513,0.6845034709446401,0.5727289267306346,0.5358107628550649,0.5655455569471044,0.5555875199595038,0.6689378981217091,0.6060299565720575,0.6178797143479465,0.5474209574207602,0.0,0.5539795832957539,0.6286435278572915,0.7028062038224411,0.5527459378789226,0.692151989196006,0.571790240405453,0.6496853350711959,0.6237049066123714,0.5826243639833036,0.5261282847176091,0.6724351466881863,0.6421689127017224,0.576684780065614,0.7360619291421023,0.5946282026951738,0.5782407954327049,0.567699596079232,0.5392445925683964,0.5533328177019506,0.5825039656324354,0.5493117929784724,0.5610997081708065,0.5769959317533541,0.5134659244966933,0.6148165876421184,0.5911001498282313,0.6461574780522061,0.7536075282963856,0.6089773593425388,0.5805789774286618,0.553246193655265,0.5756473522425394,0.6006860045755521,0.5193903511497348,0.56587047936057,0.5744784232345387,0.5590208013743357,0.6098051042430157,0.5504024503162752
JPN,0.7365484704074369,0.49652734099956475,0.47333073369824896,0.48941326217978737,0.4477066969143653,0.44248830050139565,0.5622503676231932,0.4423926215536267,0.44034870656634256,0.4169615173653181,0.7946072382239745,0.4356703366102659,0.4837703716520339,0.5313622496933114,0.4658206251723616,0.5412023568079493,0.6075773498019511,0.641757430077145,0.5181346513588662,0.48174037426684835,0.6275365183761441,0.4539697674720041,0.440196711910268,0.513490717486442,0.5614480828633421,0.4316641327326962,0.5030042596351001,0.45364903737397494,0.47495842228284696,0.46990032714542007,0.5101418338248968,0.6195925202913004,0.478743279653949,0.42835016185889546,0.5473094561868055,0.5537622335660389,0.6061840790839567,0.5286563238751786,0.4933575874073175,0.41884861623258096,0.5539795832957539,0.0,0.6233864308057954,0.6485368678189453,0.4008157681821682,0.6885733611737812,0.5142216271783301,0.6018546878683888,0.5485673133670083,0.5538029907481626,0.46580243032444396,0.6041241155791887,0.6050387133959161,0.551037749451475,0.6834871312979687,0.49108196783649904,0.5118189026400899,0.5034024917425672,0.47674923854530504,0.48485276772255365,0.5478054667617759,0.44198043393743014,0.45438636718090103,0.47665670388741416,0.4148478095447154,0.5926547298213127,0.5555662933751,0.5442472592492614,0.7645273328138588,0.48960519979811,0.4791601185328617,0.4364951411401559,0.4808487564384446,0.5634770627460566,0.411552958217575,0.4249029297516919,0.509571402779237,0.465277280156022,0.5429506369837123,0.4824470761059043
KAZ,0.7155122094504399,0.6497246014749345,0.5988024746634464,0.5585518847550065,0.6132242069718492,0.6381002426225444,0.580953477251609,0.6096951992657054,0.6020141379314841,0.5818835010495228,0.801882355635814,0.5521726558040579,0.6423469240377856,0.6217472598317625,0.6302064585334949,0.6488541226993277,0.6451431044552166,0.6140008212708061,0.6397349889317068,0.6081415075156428,0.7144753674288546,0.6330884820600966,0.6516917583477908,0.6427752467663671,0.6279427388787205,0.6148616583002913,0.6255816586772274,0.641945254943528,0.6348323752815678,0.6324605305533972,0.619343712713473,0.6587482945631007,0.644725976624856,0.6078881402918987,0.633706109870625,0.6173200742142506,0.735466133655015,0.656320094615031,0.6707372151642286,0.6318663213093045,0.6286435278572915,0.6233864308057954,0.0,0.680743849421839,0.6539996845445576,0.684765725319362,0.6204811120459963,0.6761878431127349,0.6530240394867066,0.6493503696413215,0.5385832452848223,0.7252085227334352,0.6585741240932939,0.6551086009133692,0.7026062820054432,0.6384164911145603,0.631781289818041,0.5976239496005276,0.5682635007323295,0.6022345894085106,0.6136731481371135,0.6086331881455973,0.6465870956749595,0.6246918476554328,0.5496257951725488,0.6282261196174509,0.6215893072025188,0.7107924327971396,0.7646113739467927,0.6431302084264032,0.6315186368238308,0.5987646376476029,0.6596926885947334,0.6423412438188091,0.5904542734512365,0.65415322883137,0.5777499088223553,0.5938061099931204,0.6673520979132554,0.6011611185975626
KHM,0.7742778671409903,0.6964699188991131,0.6775416861751431,0.6696872604906207,0.66648558372704,0.662384548211726,0.6253247288558736,0.6462639994863488,0.6641471038677615,0.661201719335342,0.8452998903677367,0.6576059471988965,0.6998665319359411,0.7276650737894166,0.6859364341848566,0.7125089722721994,0.7026641394363375,0.6733375800277691,0.7093048650962598,0.6555728315381996,0.7479498559915431,0.6795132770883642,0.6955372466438173,0.6967714336954883,0.6915801205458034,0.6623023963666611,0.6997433909609723,0.6771996388020419,0.6918155216029765,0.6903770099434411,0.6867456325414075,0.7316552796248509,0.6820840418465886,0.6666136856342134,0.7154486551989431,0.6634972511132122,0.7719796203384611,0.7049710561666737,0.7065782349334119,0.6773348110736117,0.7028062038224411,0.6485368678189453,0.680743849421839,0.0,0.6804322703146837,0.7446828071666276,0.6963164496813248,0.728637510814955,0.6874356530956112,0.6700728350864733,0.6716686170240498,0.732313340794362,0.6615576665657422,0.7103460399761213,0.7571138994644023,0.6961175857920476,0.7055526616536227,0.6859711296987293,0.6255654736332422,0.6833473486857288,0.700476271451661,0.6542239910192168,0.6607194928084134,0.6690929068106426,0.6545129515889717,0.7138648319178778,0.6861862613517457,0.7325399234274496,0.8038282190877267,0.6590297910941382,0.661364422504128,0.6603007815910686,0.6918205394791536,0.6671735602486112,0.632116315903723,0.6824918455177674,0.6148443246602275,0.6927336918526401,0.6903227227500279,0.6682121391487948
KOR,0.7332193228730488,0.4819811179011742,0.4604571767064185,0.505351865185077,0.43800789637909704,0.4476244430904691,0.5607662539160041,0.46777503300444523,0.4199662313167799,0.42735270415509047,0.8014745582483123,0.45664785774605643,0.4857486302159261,0.5141954610788663,0.41081526861974316,0.5575545436298222,0.6363782950622285,0.6628549565442767,0.5229645244584583,0.5155328760479194,0.6400205652828682,0.4523181248857302,0.42466595119096434,0.5080406931751276,0.5589296255848103,0.42945557575574517,0.4978892251645107,0.442412741620192,0.47157167458564514,0.4632692771877224,0.49799915282312307,0.6547552907718983,0.47177208697770595,0.4197388706750895,0.5219125174759973,0.5514602464412933,0.6212107606898892,0.5236760292154945,0.4732678676890825,0.4195188973124083,0.5527459378789226,0.4008157681821682,0.6539996845445576,0.6804322703146837,0.0,0.7120957395374964,0.535967124725758,0.6148957081072238,0.5587397900894986,0.5589805636873643,0.4627667482653597,0.596782160120851,0.5988530208486003,0.5389382699437945,0.7020963079179426,0.4811589981425048,0.5080417884606204,0.5085495111667254,0.4688645542131632,0.4811618517799746,0.5523825165412636,0.4528590548948246,0.44248555231893727,0.47844002052927403,0.4328314825989474,0.5888669572383619,0.5692769525286248,0.5507299486717624,0.7673916082678776,0.4956813129470705,0.49356549079594164,0.44626806018185206,0.47861956418531143,0.5612533610672359,0.4111395186060957,0.38825532719594474,0.5344885616342343,0.459466848053274,0.5171414105637395,0.4886709397873283
LAO,0.6814293661654738,0.6360933870940971,0.6847707780642166,0.6685105819881825,0.6789328015639421,0.7063331768526321,0.6584693868023221,0.6599391397087334,0.6110893745999283,0.663476053894045,0.7811813891615798,0.6626278209690077,0.699171264224411,0.6673529573542184,0.6667031739343227,0.6572605999292572,0.6610693693457768,0.7405230390314581,0.6538413953432023,0.6764038578520741,0.7496100403199744,0.6674074971002144,0.7115893613110867,0.7020774695548176,0.7131814627579947,0.6743963282473457,0.669505401696325,0.6980407806282354,0.6946732210741451,0.6868518726414674,0.6637632199066132,0.6991711172199161,0.652432687478722,0.6531543092709681,0.645491411666014,0.7035330887012392,0.733666057427034,0.698279952277605,0.7218054639944911,0.6974843373476518,0.692151989196006,0.6885733611737812,0.684765725319362,0.7446828071666276,0.7120957395374964,0.0,0.6669469895274034,0.7412509495427863,0.6818403019558881,0.6736617491309519,0.6587267980258951,0.7428673629264666,0.6497476471650082,0.6695823376049611,0.7594059667174604,0.7030847384995389,0.6800996666565082,0.6663778223353825,0.5996635434114571,0.6724568957057607,0.6522229142984812,0.6455632293407014,0.6676199051702717,0.6695527661995138,0.6414368449859456,0.6812376888658576,0.6836924549033536,0.7358830422059377,0.7943176431787259,0.6786755295017075,0.7029401831815223,0.67126178268138,0.6491020722307753,0.680968698016861,0.6620945359993676,0.7120803048664525,0.6608470296723621,0.6977174566620823,0.6505171897973234,0.6644756184171857
LTU,0.7337496002829925,0.5390430690918445,0.5459017749139057,0.5292503338478158,0.4613670083914254,0.4848631019400108,0.5944455340221986,0.45910047640616697,0.48400060878195605,0.5095538188917238,0.7573774649912298,0.4881636539372031,0.5289368494551414,0.533503690461406,0.5751817434623716,0.5569651042156285,0.6167317263899135,0.6781758272347866,0.5446551337078148,0.4922334038303409,0.6166142975268591,0.4592227469318573,0.5129368751079977,0.5378794085184453,0.6009487529563149,0.4589421587481526,0.4545595789286458,0.5025827894035872,0.49424220815127434,0.5005300404177551,0.5314802127365138,0.6291643409881797,0.502849775057154,0.4426077241838941,0.5921567326394669,0.6067487431500065,0.6231804698843543,0.5597381127442542,0.5472874974586084,0.4686596960338066,0.571790240405453,0.5142216271783301,0.6204811120459963,0.6963164496813248,0.535967124725758,0.6669469895274034,0.0,0.6315674746744968,0.45405683319951873,0.596953355141128,0.5021280823104906,0.5960317303285546,0.6496941370545326,0.5659500019503745,0.7161040013028279,0.5240091540035098,0.5374484430064508,0.5018983700784128,0.5184671182471448,0.5201377700259361,0.5348538737405775,0.43880693765261203,0.46438021761656867,0.5129437505939386,0.46898871244233215,0.6250288037739682,0.5531934245357825,0.5983565784850615,0.7432602171273082,0.5003182710977392,0.4881392796182528,0.4524351506122969,0.547077836614625,0.5739773204653074,0.4664272777753322,0.5494649226676892,0.5642688226297236,0.5204246888501581,0.618752824320249,0.5298516473794594
LUX,0.7611596132940519,0.609667233513202,0.6239089942943321,0.5874884848960618,0.5646090177051107,0.5588928612442723,0.6406585150849051,0.5727711649406804,0.6386441617702793,0.5996551935980684,0.8537721583392459,0.5774309542843244,0.5562622504761452,0.6008535651841624,0.677562211302685,0.6280039316910184,0.6976951603894719,0.7304926716574737,0.6459235898578108,0.5656671070177609,0.6421852166590352,0.5819043167650568,0.5632426209909427,0.5825125139157481,0.6909498045096336,0.5857872421135931,0.589659423389101,0.5865945951653726,0.5705279526797202,0.546338930559892,0.6226724345799384,0.5864770990192085,0.6002758261530993,0.5770433569650152,0.6866300576599427,0.6990405479780082,0.6808133050456351,0.5847004120199257,0.5648146336979734,0.5646177868768718,0.6496853350711959,0.6018546878683888,0.6761878431127349,0.728637510814955,0.6148957081072238,0.7412509495427863,0.6315674746744968,0.0,0.5728415146081408,0.6765580920948414,0.6217309323509793,0.6118592133778404,0.7448476379162143,0.6798510870134529,0.6756751783009125,0.5527405177167981,0.5765656158671195,0.5731823320065171,0.6376585237962633,0.6313325698821725,0.6538683020341467,0.5746863051649597,0.5559634309911486,0.6005519269985888,0.5869700067091084,0.6512987233979977,0.6634592595995553,0.6066264357481367,0.7852971138069694,0.578133060199945,0.5614729367485206,0.5530326485483549,0.6704962584886721,0.6552657241760971,0.6035755851129452,0.6248603612477589,0.6702575574780961,0.5590328845207755,0.7176211611635961,0.6232544626614532
LVA,0.7276182533080878,0.5510800926123585,0.5820482645047467,0.5157000859344548,0.4121185827158885,0.46684371431621025,0.5921962412812032,0.4561687654506988,0.5622798224209602,0.5245876896831424,0.8373026112892187,0.5115646466187683,0.4774772412862468,0.528527327682911,0.6079868336059255,0.5804459274216236,0.6455878154210961,0.6845658096622664,0.5741244215265853,0.4779344431963316,0.603558994350958,0.4230189382540789,0.48647507664164463,0.538704569883397,0.628135782486148,0.4477130711102633,0.3893854094363354,0.47071100385609854,0.4551382315334216,0.47506179526747977,0.57687362836604,0.62027004886641,0.5263275912448853,0.46324770952931815,0.6329020095788499,0.6528357697014902,0.6272905451483548,0.5210824428020698,0.5540758038563341,0.48186231855155787,0.6237049066123714,0.5485673133670083,0.6530240394867066,0.6874356530956112,0.5587397900894986,0.6818403019558881,0.45405683319951873,0.5728415146081408,0.0,0.591808814842887,0.5575219819515855,0.5265528835437279,0.6842315960713656,0.6026583070612411,0.7084412242617811,0.4935817611788771,0.521559355606144,0.4911424501207754,0.5554945341999149,0.5436312572776454,0.5775571271213508,0.430910959879469,0.4115548674004344,0.5276176141562698,0.4940463124076425,0.6223640775929143,0.5597897139284287,0.5897907075376545,0.7518011025033575,0.44545814482151785,0.41741756191168305,0.4253932993984007,0.6010590310764476,0.5422093293532486,0.4933689540192367,0.5741906577336857,0.5874335879221484,0.5285293758026471,0.6321618290508837,0.5714096084617911
MAR,0.7183119695269666,0.5939063626333587,0.5454984200578061,0.5521912014159303,0.5462730428664967,0.5715164364984964,0.5325975252065271,0.5560741722270329,0.4945512525218418,0.5073017737795258,0.8332421301283754,0.5284805541415265,0.5825772313376082,0.5682047698215764,0.5416641664494876,0.5840885775793244,0.6659796275203894,0.6589013636724105,0.5829548251615907,0.5479540534915505,0.6910764655864845,0.549551992074053,0.5669520807183993,0.6162697744838939,0.6444441454916561,0.525323523061242,0.5630410716843407,0.561675000352127,0.5668248371987904,0.5717213261514502,0.5870667986110183,0.7099179899161531,0.5724254717855524,0.5305265715630777,0.5884307664229695,0.5675893268934019,0.6648341194432408,0.559720310142661,0.616463209749562,0.5569969540516365,0.5826243639833036,0.5538029907481626,0.6493503696413215,0.6700728350864733,0.5589805636873643,0.6736617491309519,0.596953355141128,0.6765580920948414,0.591808814842887,0.0,0.5523905164603523,0.6555128938501869,0.5885910637406925,0.6198815822381301,0.7308407970165254,0.5829762209860256,0.5795616937452858,0.5644333978402526,0.48158043689469915,0.5231162934261793,0.5687597924823177,0.5436599258027093,0.5404705070705234,0.5335409179936169,0.5270507933985941,0.6095989838742499,0.5521045532912349,0.6776012185651561,0.7737366667834371,0.5722456137576132,0.5692560829866496,0.5491375572201701,0.5703804313946791,0.528189625109147,0.5117687884800575,0.5739521272581828,0.576026651732352,0.5545862831976431,0.6044623446615495,0.5392608554406202
MEX,0.6879957048491085,0.4848367061337286,0.4622590420126235,0.4944299568842234,0.4665252121417233,0.4956989970852781,0.5671530213020314,0.4928405354285643,0.4481634440363256,0.4235967209398122,0.762014232800484,0.4261022858442186,0.5036998810767281,0.4933732463403392,0.4614667664979173,0.5248185439946694,0.582431692677403,0.6392276624873845,0.5071754371889514,0.4873074490803148,0.6495021297526031,0.48342127665590723,0.5087634058368988,0.5384443511306516,0.5746793285976666,0.45534005915318093,0.513040169864448,0.4960582647103765,0.5124106768701209,0.4910172087576836,0.527226664559631,0.6250586304353282,0.5031137359455682,0.43748020590348724,0.5095837784705396,0.5317151851144575,0.6129812165772706,0.5658739189878231,0.5199813224405819,0.4735198954043227,0.5261282847176091,0.46580243032444396,0.5385832452848223,0.6716686170240498,0.4627667482653597,0.6587267980258951,0.5021280823104906,0.6217309323509793,0.5575219819515855,0.5523905164603523,0.0,0.6131502252403573,0.5865668047830966,0.5250624045744446,0.6860558044974225,0.5069806554081581,0.5265758376424009,0.5021761662304537,0.4656143904661895,0.4606389840997662,0.4841716958722793,0.4573222559127678,0.48120627106237435,0.5035486235824052,0.4387424130375434,0.571469726501462,0.5228959634108373,0.5713675262924122,0.772296458744323,0.5354674662850866,0.5276550904049883,0.47072448977599224,0.5133345185572102,0.5485215943215072,0.43528940942308164,0.48632276058955126,0.49844997269328134,0.43793853464673255,0.5429292789950942,0.47563287566321644
MLT,0.7467456040393615,0.5386990759419483,0.6390437794426084,0.5723145255424159,0.520208931078489,0.545541649616794,0.6292312958669064,0.5638680792451295,0.6073238987855896,0.5998225892452912,0.8575543849477335,0.5854258169936903,0.5243681648736094,0.5711057696308134,0.649651467913724,0.6619350056183877,0.6947378206011514,0.7277389391954934,0.6221922480360256,0.5820334469903699,0.6232036243068161,0.5458291759646388,0.5461724299929323,0.5856344840687008,0.6670982026866599,0.5375211536300079,0.5117933623516285,0.5627993980488114,0.5380731303859959,0.5422784105898657,0.6177766076970919,0.6471766618234971,0.5882548099888569,0.5485979365199913,0.667936782519781,0.6944359654009044,0.6389019368538761,0.5673959339189567,0.5485314810767515,0.556733738193594,0.6724351466881863,0.6041241155791887,0.7252085227334352,0.732313340794362,0.596782160120851,0.7428673629264666,0.5960317303285546,0.6118592133778404,0.5265528835437279,0.6555128938501869,0.6131502252403573,0.0,0.7243014541230869,0.6602350453354482,0.7392341939065497,0.5377603835363568,0.5654593273282558,0.5586254305792836,0.6174585355380595,0.6134243840998088,0.637115672740079,0.552649730771482,0.5195615355477716,0.6101507973336436,0.5736927628347024,0.6514516059551381,0.6506536577180649,0.5698864021260046,0.7909445273174195,0.5360104192231334,0.5564993862007999,0.5516746783186277,0.6270302989215013,0.6310479833430934,0.5779012628849377,0.5971300071645017,0.653406090760135,0.589166810612231,0.6498305162328478,0.6279954409533569
MMR,0.7195894281683183,0.6475003965458274,0.5609818935185958,0.6072522509473907,0.6444363274519436,0.6448670098175489,0.5093432279751531,0.6303780438692362,0.4943402122809556,0.5813743162551699,0.7864420234986763,0.6062724266829744,0.6656667659267876,0.6425812838129982,0.519871351980386,0.6419876382224993,0.624061411359768,0.6828117343813167,0.6312866221449045,0.6410254329844176,0.7280940878043126,0.6243836101376418,0.6524327675157457,0.6565856256236166,0.6300777560380565,0.6189657485645265,0.6457815633756281,0.6372300633174085,0.6598262190961302,0.6515851646598287,0.613814840658517,0.7511176039254319,0.616626876757559,0.6076721366222539,0.5551184916379998,0.6115671416103846,0.7305191060028134,0.6616420183303944,0.6567600084666838,0.6323188362978407,0.6421689127017224,0.6050387133959161,0.6585741240932939,0.6615576665657422,0.5988530208486003,0.6497476471650082,0.6496941370545326,0.7448476379162143,0.6842315960713656,0.5885910637406925,0.5865668047830966,0.7243014541230869,0.0,0.6387579584315258,0.7342818015912178,0.6556265128921117,0.639607289052936,0.6151893717119581,0.34804693570044065,0.585199361139943,0.6343242253512655,0.6176903227693077,0.62918379990644,0.6328950359951379,0.5825443004265972,0.646369048568079,0.6240249404677777,0.7085710067722706,0.8018358578762778,0.6693708063989187,0.6597213302217639,0.6224086627341163,0.5824083652808271,0.6195281404602716,0.5289136445755386,0.6021146771240509,0.5607978891460353,0.6262521605044529,0.5843229488246175,0.5844378523190279
MYS,0.7118199342007038,0.5315831696000295,0.5468403286902797,0.5632309310006341,0.5294138963296933,0.5534646094008792,0.6224722131404108,0.5220327115304328,0.5201992333741489,0.5112222180064535,0.7476838781498154,0.5106931346940209,0.5945636280708253,0.6087853222900076,0.558759808910242,0.6066815197712028,0.6180029733702176,0.7067587678982852,0.5529963558687451,0.5530004178615529,0.6685629453014824,0.5132501537023193,0.563508635363974,0.5814369298300359,0.610653285578515,0.5294822519692879,0.553039279850346,0.5594473549318746,0.5692615665195354,0.5461109754941643,0.5831071820354042,0.6587949609509496,0.5558695031820631,0.5218341342926244,0.5214059835464987,0.5880439003885519,0.6696520079755912,0.5833821445180567,0.597579658556065,0.550557530460519,0.576684780065614,0.551037749451475,0.6551086009133692,0.7103460399761213,0.5389382699437945,0.6695823376049611,0.5659500019503745,0.6798510870134529,0.6026583070612411,0.6198815822381301,0.5250624045744446,0.6602350453354482,0.6387579584315258,0.0,0.7098589823442536,0.5707562395050046,0.5829221257265783,0.552924998043902,0.5395320879632585,0.5571066071019372,0.554085753566371,0.509230009648089,0.5193110165056551,0.5761848507091604,0.5019548990328924,0.5949897784675473,0.5947644779614157,0.6393361030990596,0.7736640671532339,0.5669589510949562,0.5820558651499641,0.539634621860358,0.5147124164904249,0.5757050882547615,0.531480370688259,0.5348789216928962,0.5470103597170013,0.5324139646904276,0.5916778161946045,0.539758517123053
NGA,0.7967847730201865,0.7115735196498838,0.6796573084298301,0.6673797382100266,0.6771077786921831,0.6906571786871061,0.6854264492140112,0.6758806741917401,0.7059472040831435,0.6787398648566968,0.8828863401711374,0.6405770503296201,0.677569439239,0.7085981962361665,0.7128439338377682,0.7257060715973476,0.7164862820541152,0.7716930580672032,0.71083630991514,0.6636294457218873,0.7411673247461447,0.6851497030265791,0.6850773686712478,0.6898093288138204,0.7242400725839214,0.6822593301125937,0.6941508694745515,0.7005841292835109,0.6834880582814289,0.6698379241199827,0.7114275148610094,0.7071314014915047,0.6878900912138586,0.6720525051688849,0.7148227084758354,0.7328359434099092,0.7784102543743293,0.7090997692426763,0.6899109212842824,0.6792337457810155,0.7360619291421023,0.6834871312979687,0.7026062820054432,0.7571138994644023,0.7020963079179426,0.7594059667174604,0.7161040013028279,0.6756751783009125,0.7084412242617811,0.7308407970165254,0.6860558044974225,0.7392341939065497,0.7342818015912178,0.7098589823442536,0.0,0.6806050192607379,0.6881214659887438,0.6491223202399327,0.6880262778031137,0.7006553538032404,0.6998116097444196,0.6867306979733306,0.6861614278571075,0.6581786040225073,0.6773605634987022,0.6929079989117065,0.7203192007059837,0.7416194524430111,0.829507844180749,0.700574090679306,0.6851889178498861,0.6680277046779454,0.7063727642793977,0.7038453102909343,0.6735063739658022,0.7042397284125398,0.7172961449559875,0.640277326517404,0.757897413450671,0.6983325086154166
NLD,0.6910028963977342,0.4759494227129844,0.5056048907522013,0.45335030240165836,0.3859798063315869,0.3723931971637295,0.5717306958346119,0.4570383436442418,0.5202399097442814,0.4455515988775677,0.821369393385795,0.4309215622852678,0.4305647154384547,0.4950857276791734,0.5489834460964231,0.5774694782600723,0.6337013883351627,0.653788299692085,0.5197035483363242,0.4486234202718723,0.5988139510223057,0.4231511082273804,0.39129579609679277,0.4412022229410103,0.5758337885025794,0.424077835749263,0.4322087240884507,0.4476622414217548,0.3970835266662037,0.36964856951476655,0.5249448157679454,0.5661331226660674,0.4811218793797536,0.41157980601487415,0.6020681346131214,0.6064145120037857,0.5969710201447377,0.4882778914125598,0.4353338817394031,0.4062009155879791,0.5946282026951738,0.49108196783649904,0.6384164911145603,0.6961175857920476,0.4811589981425048,0.7030847384995389,0.5240091540035098,0.5527405177167981,0.4935817611788771,0.5829762209860256,0.5069806554081581,0.5377603835363568,0.6556265128921117,0.5707562395050046,0.6806050192607379,0.0,0.44866487845937847,0.4387486903709759,0.506632006061558,0.49001012824872126,0.5703163497708634,0.4304422360214047,0.401186912313526,0.49549745070119466,0.4507230385433123,0.5525852948598876,0.5675789358584924,0.5090751004838253,0.7599118883970954,0.45458722471513247,0.44656302449657787,0.43085340856820303,0.5450757266476529,0.5432345552608392,0.4557912610204895,0.47785632365098935,0.5674087112840923,0.41621638423665286,0.6126147616406005,0.511353661554623
NOR,0.6709792572863899,0.48126436998799155,0.5338407351396481,0.466442048486969,0.45542153518008766,0.47234337558011136,0.5492524900909821,0.5060618903274543,0.4975824346609028,0.49195814542079513,0.7923740297165753,0.4287318257344256,0.49460137189304154,0.5190270005478194,0.5440335469481273,0.5865682510920907,0.6317869953194121,0.6546361332018729,0.5469410532454355,0.4829088424634417,0.5802703448854226,0.4781118155279118,0.4655793857860471,0.4311351909997323,0.5954202582654563,0.47026583102097136,0.4647534039577378,0.4626477435515688,0.4602000914072266,0.43463880692986395,0.5208364357087728,0.6001399224123956,0.4722254152408141,0.45611137796292317,0.5881368066176975,0.6015515398359973,0.638749843813581,0.5208322696554497,0.503710082645467,0.4599669994601986,0.5782407954327049,0.5118189026400899,0.631781289818041,0.7055526616536227,0.5080417884606204,0.6800996666565082,0.5374484430064508,0.5765656158671195,0.521559355606144,0.5795616937452858,0.5265758376424009,0.5654593273282558,0.639607289052936,0.5829221257265783,0.6881214659887438,0.44866487845937847,0.0,0.45244240713902933,0.5108297676378508,0.5154557455346228,0.567939193256211,0.4748136386464679,0.4802632863278357,0.5018060362044872,0.44649141132974934,0.5690590109368496,0.5911110673543785,0.5423145860031287,0.7642400203153313,0.5029227143461146,0.5069667939179738,0.45326622078446327,0.5442775034135785,0.5445089673064147,0.4788006278082611,0.5119562289106221,0.5646968778143842,0.45996426605501584,0.6237190242029943,0.5331342927923063
NZL,0.6705917307253892,0.49706019407642443,0.47834827292944626,0.4203649164980638,0.40087998614450987,0.4383687763268213,0.5251896660951003,0.46141327822411576,0.488510168037713,0.45187382134585585,0.8012360341081676,0.40222527895555266,0.4849574774390574,0.4548861895937906,0.5205728794888977,0.560965099952349,0.6084798262724493,0.6739471060415959,0.509240405469714,0.47083403576991467,0.615844820848147,0.43784464644031584,0.4432910601537238,0.5038016129612569,0.5862336538441553,0.4205851922806307,0.4527774043114046,0.4673571775449837,0.4191852649844741,0.40290902046451305,0.5232625125385174,0.6148675203049694,0.4629698630554171,0.4255753013155232,0.5730958304133115,0.564291482789744,0.6025946352768691,0.5046863113389687,0.5005639323325602,0.4278243024326503,0.567699596079232,0.5034024917425672,0.5976239496005276,0.6859711296987293,0.5085495111667254,0.6663778223353825,0.5018983700784128,0.5731823320065171,0.4911424501207754,0.5644333978402526,0.5021761662304537,0.5586254305792836,0.6151893717119581,0.552924998043902,0.6491223202399327,0.4387486903709759,0.45244240713902933,0.0,0.465364993203475,0.4836283691209939,0.547452487611293,0.4402965927507363,0.4352431148960553,0.4638921893784852,0.43574577237790085,0.5740678763651763,0.5425007462465444,0.5803313284820034,0.7454176142153383,0.454772494167283,0.45330866376090184,0.4278759501303644,0.5304219431959181,0.5279467099530324,0.4478396686473897,0.5204868581649521,0.5553150401543421,0.40900545486682677,0.594754093794293,0.48131380752690517
PAK,0.6492893822742898,0.5198138087167723,0.4262764027502085,0.46362102923096615,0.48442020727715984,0.5022837014607099,0.40897680639961476,0.4870345999339399,0.33293572998624016,0.4358164305882365,0.7800644362136836,0.45266924130347763,0.5361185492740124,0.5251004877279754,0.424165552860305,0.546896177038784,0.5721429922466769,0.6291217241806594,0.5038813969907058,0.505408835521629,0.6300857027785904,0.4763571766042209,0.5063188950534426,0.5234001167693265,0.5319052233096515,0.4636771348116469,0.5042954417071649,0.49591939367941207,0.5151564255105333,0.5062830843711383,0.48205017848871873,0.6564596791927771,0.490271418420259,0.44715058680270225,0.5021568877339482,0.5224920481923316,0.6209860240962762,0.5285241460490723,0.534387951436104,0.4808461185733777,0.5392445925683964,0.47674923854530504,0.5682635007323295,0.6255654736332422,0.4688645542131632,0.5996635434114571,0.5184671182471448,0.6376585237962633,0.5554945341999149,0.48158043689469915,0.4656143904661895,0.6174585355380595,0.34804693570044065,0.5395320879632585,0.6880262778031137,0.506632006061558,0.5108297676378508,0.465364993203475,0.0,0.44941692804585337,0.5379489232524887,0.47736086254016263,0.4826229670411837,0.4928229341387997,0.420885489880202,0.5450402826687828,0.5269445478045505,0.5994552301813191,0.7584248755034512,0.5156592279768195,0.5185411356201048,0.47350480720990973,0.47598122443326546,0.5139610921273338,0.3715545346175507,0.4801334122157432,0.4460062115677416,0.47350186497060537,0.5277986601406308,0.47641651738470825
PER,0.6951680997023277,0.5150657107336929,0.43406375200550673,0.45128720260241795,0.47678282596491084,0.4694153276989728,0.5411737717896858,0.488464887604519,0.45756360982250704,0.4143610429150451,0.7936343604935667,0.4337214647265123,0.5334292684738794,0.4711908434526594,0.4840296552934858,0.5213006855496701,0.5927320997433468,0.6041136612371211,0.4942415277184241,0.4969834693304419,0.6451396934639368,0.47266509497670306,0.49416433923932146,0.5477983880702146,0.5377336832322408,0.4683845072810543,0.5035288927064482,0.4959088020261688,0.49222180007370764,0.46432278444406777,0.5301443843651522,0.670303733254882,0.48940699263805815,0.4584437082580273,0.5337730579902977,0.5385641824158812,0.6210682871177831,0.517955337328678,0.5280321227004011,0.46091747318579324,0.5533328177019506,0.48485276772255365,0.6022345894085106,0.6833473486857288,0.4811618517799746,0.6724568957057607,0.5201377700259361,0.6313325698821725,0.5436312572776454,0.5231162934261793,0.4606389840997662,0.6134243840998088,0.585199361139943,0.5571066071019372,0.7006553538032404,0.49001012824872126,0.5154557455346228,0.4836283691209939,0.44941692804585337,0.0,0.5789672433273211,0.4594811181194219,0.47035602212160926,0.4924571739596114,0.4275241801232365,0.5933619282217089,0.5024953801651851,0.608077804449913,0.7425688126357821,0.5131202754386487,0.5050235177102719,0.477801204377855,0.4885314203902882,0.527983186969324,0.4082255770958622,0.4992472910467743,0.5256143917774113,0.45084834973028975,0.5779576285458843,0.48350583013107623
PHL,0.7089531011166121,0.550499910408921,0.5627873202499037,0.5554743862970891,0.5242141936213207,0.5553685241354784,0.6035623883637883,0.5361895107931519,0.5069570134795891,0.5288437977248758,0.7702931311849035,0.5196269954793417,0.5496975861336397,0.572812297002377,0.5684994117943283,0.5739336816979504,0.6324718944521626,0.7216698374728331,0.5489617861267666,0.5043397091980101,0.6696402970124788,0.5280777640193807,0.5743232964155245,0.5923528978305743,0.6508676130698305,0.5109483230047144,0.5403905760698399,0.5647144777876241,0.5604308896050345,0.5478875175227462,0.5708679478259349,0.6183288209494469,0.5317101551700965,0.5085334182449153,0.5818151771378064,0.5859086813734987,0.6593259391012163,0.5802094378626447,0.5770464777135715,0.5418603585346367,0.5825039656324354,0.5478054667617759,0.6136731481371135,0.700476271451661,0.5523825165412636,0.6522229142984812,0.5348538737405775,0.6538683020341467,0.5775571271213508,0.5687597924823177,0.4841716958722793,0.637115672740079,0.6343242253512655,0.554085753566371,0.6998116097444196,0.5703163497708634,0.567939193256211,0.547452487611293,0.5379489232524887,0.5789672433273211,0.0,0.5330715513326516,0.5345862515362841,0.5481352580649882,0.5125299471754398,0.5742269107155797,0.5798812902089956,0.6095938332312293,0.7359629183747081,0.5861618151082482,0.5875088370153531,0.5314254027912636,0.567124060344092,0.6080068381100804,0.5397350601292232,0.5613204623676062,0.5813287242796584,0.542572984916198,0.6213496356068929,0.5515753088419302
POL,0.7121683258425026,0.4440631982229238,0.4879396101548273,0.43833651267576673,0.3566492643515853,0.4100127742635736,0.5576319279823402,0.3693471985000075,0.45230869865253737,0.42142442986345674,0.7946221917497516,0.40328408883854167,0.45623954740244516,0.4795806374401247,0.4930596737808476,0.5347157723599636,0.5992860201209101,0.6183080535806873,0.5047494099299277,0.43541551278275337,0.617754858071882,0.33506997733314875,0.4009765426781248,0.5048022945589337,0.5720589204615271,0.36411307756635486,0.40993162588541704,0.39467598325924397,0.4092116800392103,0.40169148678438665,0.5251990347134536,0.6144249999797131,0.42179591431083424,0.35724135817174857,0.5380963020715827,0.5459008449315742,0.5947047762006108,0.4930901387493082,0.4853509865116371,0.40017889708054444,0.5493117929784724,0.44198043393743014,0.6086331881455973,0.6542239910192168,0.4528590548948246,0.6455632293407014,0.43880693765261203,0.5746863051649597,0.430910959879469,0.5436599258027093,0.4573222559127678,0.552649730771482,0.6176903227693077,0.509230009648089,0.6867306979733306,0.4304422360214047,0.4748136386464679,0.4402965927507363,0.47736086254016263,0.4594811181194219,0.5330715513326516,0.0,0.3836030796983237,0.4404696438777581,0.3847019197831779,0.586018657675236,0.5247247282011066,0.5793715700085101,0.7514930393444235,0.3754832034427823,0.38800744057512077,0.36244786677668045,0.5047702138703573,0.5046777553890613,0.4013598978951035,0.4647345814885506,0.5014179174151948,0.44083877263545246,0.532457512062098,0.46799591019584774
PRT,0.6900106928499103,0.4568726895288052,0.48946850281425774,0.46679252125743154,0.33943349482061713,0.3546014138015128,0.5435011260087407,0.4041433907377946,0.4560230824436235,0.41995376458499295,0.7913867399500488,0.4379452966493973,0.4414669454408823,0.47971864011912696,0.5160787864256196,0.5414991045025631,0.611576192139682,0.6495157464330404,0.4817908701141687,0.43393558563260204,0.594256760891037,0.37566796950907677,0.41117559296395456,0.4806908627190811,0.5657336253186234,0.35065219390182994,0.3997281737222447,0.4063837150638658,0.3840279750300818,0.40597854057548144,0.5103538614633483,0.586930878706582,0.4607664275547506,0.3792067619155343,0.548497803462541,0.5804821993200147,0.5774453948551669,0.48277913305344355,0.4650310612233764,0.3897288862701139,0.5610997081708065,0.45438636718090103,0.6465870956749595,0.6607194928084134,0.44248555231893727,0.6676199051702717,0.46438021761656867,0.5559634309911486,0.4115548674004344,0.5404705070705234,0.48120627106237435,0.5195615355477716,0.62918379990644,0.5193110165056551,0.6861614278571075,0.401186912313526,0.4802632863278357,0.4352431148960553,0.4826229670411837,0.47035602212160926,0.5345862515362841,0.3836030796983237,0.0,0.4727945533578683,0.4127317224023223,0.5712559002769189,0.521832587397328,0.5158084065961036,0.7503862917281088,0.4122025812090635,0.415878157352476,0.39526252750539226,0.5070907127600226,0.5328591355659505,0.40232747716556033,0.45402618186957805,0.5451181742417776,0.45760173322799064,0.565707550127263,0.47359488252187293
ROU,0.6983283696357651,0.5301910463107798,0.4850347831702566,0.4559120687747831,0.45290027241967123,0.493042540352828,0.5499435401732539,0.4703263131410451,0.49399860174712107,0.4575418280977768,0.8123740110004325,0.4416504648774141,0.5148057704011095,0.5170212510113672,0.5158974847948052,0.5495319422420366,0.6122114674243909,0.6418540681933911,0.5330239365890358,0.4773485239597394,0.6408982895424943,0.4675427078917718,0.48606790491696494,0.5476017035976672,0.5954170132383857,0.4339767412017433,0.4850161320321614,0.49580643411481423,0.45733800335556496,0.45705321416774614,0.5367316120097311,0.6494099621405276,0.4705277035729546,0.441981060505601,0.5712415735994516,0.5459077987219646,0.6258019070251156,0.5218449628992138,0.5510965002287774,0.45286434779440204,0.5769959317533541,0.47665670388741416,0.6246918476554328,0.6690929068106426,0.47844002052927403,0.6695527661995138,0.5129437505939386,0.6005519269985888,0.5276176141562698,0.5335409179936169,0.5035486235824052,0.6101507973336436,0.6328950359951379,0.5761848507091604,0.6581786040225073,0.49549745070119466,0.5018060362044872,0.4638921893784852,0.4928229341387997,0.4924571739596114,0.5481352580649882,0.4404696438777581,0.4727945533578683,0.0,0.4536413758204059,0.5751203250006661,0.5231020521167444,0.6317406364304657,0.7527459197847896,0.48250958815106443,0.47676052580723155,0.4626444122919828,0.5255184063187621,0.5333376249002423,0.462837876987995,0.5345579367493314,0.5514487571332631,0.46981487654325993,0.5976668006535848,0.4966989847343766
RUS,0.6698433270330668,0.428964220488852,0.44492014578191447,0.43878828534370473,0.4015265132934304,0.41493866966626713,0.5147124667586085,0.4100112363792414,0.3799744528514129,0.3952746704978194,0.7722665006574096,0.3856358380538628,0.4848900842594216,0.4920630457091352,0.45722969125667534,0.5390835646674049,0.5875340782900124,0.6111548163835775,0.4820478939714596,0.471897698766725,0.6063600039265319,0.388116988526427,0.428001094103595,0.5108940912538141,0.5265383933229482,0.40410498424672925,0.44156395587475455,0.4461469833133991,0.439916266498583,0.4284436612840039,0.48261284508828967,0.6118068813850187,0.42963363834450247,0.38559355202306206,0.5129223032008199,0.5064381165225873,0.6123739983146503,0.5026896978848492,0.4958953092705635,0.4013630061293512,0.5134659244966933,0.4148478095447154,0.5496257951725488,0.6545129515889717,0.4328314825989474,0.6414368449859456,0.46898871244233215,0.5869700067091084,0.4940463124076425,0.5270507933985941,0.4387424130375434,0.5736927628347024,0.5825443004265972,0.5019548990328924,0.6773605634987022,0.4507230385433123,0.44649141132974934,0.43574577237790085,0.420885489880202,0.4275241801232365,0.5125299471754398,0.3847019197831779,0.4127317224023223,0.4536413758204059,0.0,0.5423722044928834,0.5308778621296766,0.5405525290924207,0.7347197670420367,0.4302686956756928,0.45878768967129546,0.40824877669288023,0.4586626621717707,0.532495022613047,0.3736425290992059,0.4229603283285089,0.44585570673297414,0.41815797410850075,0.5386428579489471,0.4477976463127662
SAU,0.6820847427544405,0.5931785520089264,0.5378679096787359,0.5459663776173665,0.5629185551840203,0.5777206934661167,0.6140804959237344,0.5853739563822571,0.5867127269870146,0.5615543631526722,0.8226490150557595,0.5331840102949681,0.5769342531715015,0.6218859098800831,0.6031428020072117,0.6419192528771593,0.6517074146005047,0.704353997088353,0.5939812650375923,0.5633334327289224,0.6602806008104528,0.5774818577961015,0.6073638164147558,0.6033983650324446,0.6301109476363467,0.562333813425865,0.5876616177929024,0.6068667604180445,0.5893176699889072,0.577080624647141,0.616499952022495,0.6352925993176952,0.5832411899909107,0.5699579159717578,0.5891863688718659,0.6277401431899526,0.6866151704575955,0.6085155756344027,0.6196651769323924,0.5708359092703159,0.6148165876421184,0.5926547298213127,0.6282261196174509,0.7138648319178778,0.5888669572383619,0.6812376888658576,0.6250288037739682,0.6512987233979977,0.6223640775929143,0.6095989838742499,0.571469726501462,0.6514516059551381,0.646369048568079,0.5949897784675473,0.6929079989117065,0.5525852948598876,0.5690590109368496,0.5740678763651763,0.5450402826687828,0.5933619282217089,0.5742269107155797,0.586018657675236,0.5712559002769189,0.5751203250006661,0.5423722044928834,0.0,0.6306042155023533,0.6472026896331584,0.7506506508117243,0.6283207976153511,0.6070585281541864,0.5890608080204431,0.5938560099240178,0.6037558269291041,0.5718337539675333,0.5850165586988185,0.5911240994791835,0.5661339171149431,0.6634278951004277,0.5844256869562431
SEN,0.7061965180672085,0.5968799578457036,0.5350683561307676,0.5213593328982981,0.5408044955489092,0.5429555221934308,0.5968953993627412,0.5403536904253254,0.5571225604695048,0.5054754586516433,0.7801259331819956,0.5248962901510104,0.5886070771368608,0.5047997952112798,0.5693369455470656,0.5336771297229358,0.5992113418321151,0.6224764685442423,0.5559102198505644,0.5267713653487476,0.6619457373660511,0.5302628427038971,0.5695613458204342,0.6076734764635907,0.6017259418298828,0.5154595197928531,0.5415048266004149,0.5493469919387199,0.530346097183296,0.5390620920722607,0.5594777135128892,0.6915223330068582,0.5498479744231397,0.529992145078149,0.5907017452009504,0.6058693293449389,0.6575771520363717,0.5804261118390814,0.6002276997377806,0.5407354330303844,0.5911001498282313,0.5555662933751,0.6215893072025188,0.6861862613517457,0.5692769525286248,0.6836924549033536,0.5531934245357825,0.6634592595995553,0.5597897139284287,0.5521045532912349,0.5228959634108373,0.6506536577180649,0.6240249404677777,0.5947644779614157,0.7203192007059837,0.5675789358584924,0.5911110673543785,0.5425007462465444,0.5269445478045505,0.5024953801651851,0.5798812902089956,0.5247247282011066,0.521832587397328,0.5231020521167444,0.5308778621296766,0.6306042155023533,0.0,0.6543813959197138,0.7442567864636145,0.5705155098125223,0.565400029387166,0.5298746872700583,0.5846422029962833,0.5553338240516382,0.5221705625805355,0.5845790476137592,0.5781605435281805,0.5378845796701323,0.6008707586119423,0.5155065538691003
SGP,0.749728005751795,0.5272981423575672,0.5966983818011038,0.5966197447953633,0.5347519098364054,0.48350288768995814,0.6558583345615643,0.5705637139697322,0.5685490053627166,0.5553382128998919,0.8252043479552549,0.5809440324067017,0.5042927750936849,0.5854886093630632,0.6017152626467868,0.6350401448147841,0.6807555614924454,0.7289758441655427,0.5970969101994691,0.55275380745604,0.5837600600432806,0.5595027288704979,0.5270103884342942,0.49971778178272286,0.649898238756824,0.5425013474222149,0.5557940258719309,0.5405659400968178,0.5269931646314532,0.511656203037269,0.5698844451605856,0.5204843278101287,0.5827835866085228,0.5283634397056974,0.6630086582009296,0.6859874136563163,0.621312596800708,0.5780435917687999,0.5151951909125235,0.5273155002102682,0.6461574780522061,0.5442472592492614,0.7107924327971396,0.7325399234274496,0.5507299486717624,0.7358830422059377,0.5983565784850615,0.6066264357481367,0.5897907075376545,0.6776012185651561,0.5713675262924122,0.5698864021260046,0.7085710067722706,0.6393361030990596,0.7416194524430111,0.5090751004838253,0.5423145860031287,0.5803313284820034,0.5994552301813191,0.608077804449913,0.6095938332312293,0.5793715700085101,0.5158084065961036,0.6317406364304657,0.5405525290924207,0.6472026896331584,0.6543813959197138,0.0,0.7918866183143597,0.5737086115608311,0.5787367107490874,0.5448392080787304,0.6055675592779619,0.6575033719413788,0.5582942324381109,0.5436379073981342,0.6294656666817616,0.5585056111343899,0.6434588584159595,0.613293376281031
STP,0.8365170268375032,0.7585166573010993,0.7546915780382014,0.7335420708255997,0.7415517727363166,0.7502958156898392,0.7499638111302905,0.7370690524962111,0.7512190193901648,0.7417110448758946,0.8758172364305269,0.7307105115076092,0.7688369383719305,0.7567018752733171,0.7930513492238359,0.7785301934142554,0.7790945609690382,0.7948291535421504,0.7525149246774753,0.7341543942016829,0.7915587034414524,0.7435087076052145,0.7746302483052735,0.7819442097078607,0.7988385266555573,0.7464138340772921,0.7395430843016083,0.7635801107519792,0.7552605267305637,0.7192411871029668,0.7578794320613591,0.7633889183255221,0.7025728775050691,0.7453590883729989,0.7803223824076273,0.7747512031285203,0.7964959532254006,0.7003469219877448,0.7735918674242497,0.7494560225313321,0.7536075282963856,0.7645273328138588,0.7646113739467927,0.8038282190877267,0.7673916082678776,0.7943176431787259,0.7432602171273082,0.7852971138069694,0.7518011025033575,0.7737366667834371,0.772296458744323,0.7909445273174195,0.8018358578762778,0.7736640671532339,0.829507844180749,0.7599118883970954,0.7642400203153313,0.7454176142153383,0.7584248755034512,0.7425688126357821,0.7359629183747081,0.7514930393444235,0.7503862917281088,0.7527459197847896,0.7347197670420367,0.7506506508117243,0.7442567864636145,0.7918866183143597,0.0,0.7569154178139227,0.7415820234502345,0.7593887937041628,0.7348617587777672,0.7576189926838149,0.732283998068448,0.7627856955632716,0.7783830316032573,0.7670241004658567,0.8041993930366443,0.752874164220702
SVK,0.7205403809909465,0.4818534186453517,0.5352222337694413,0.4771324138753221,0.3862381510424479,0.44339487173467673,0.5590864073936193,0.408267688282421,0.5106897177850858,0.47025126074859386,0.8357769944650846,0.46240221391873304,0.4720866046769764,0.5200114190226139,0.5611376938013307,0.5971604696983581,0.6585425160765858,0.6310242710294742,0.5599105482208535,0.47272664431987804,0.6165572586266086,0.37320067680938046,0.4235962600001946,0.5271253003532088,0.6051958709011688,0.4142816449265532,0.44350638602339987,0.45833034552458696,0.4271786385330228,0.41704336888635757,0.5585769695721188,0.6210653600196652,0.45716363361577056,0.4164817897478217,0.620754420165283,0.5993229524223425,0.6157096146069293,0.49244516842148867,0.525633091314527,0.4366293826656125,0.6089773593425388,0.48960519979811,0.6431302084264032,0.6590297910941382,0.4956813129470705,0.6786755295017075,0.5003182710977392,0.578133060199945,0.44545814482151785,0.5722456137576132,0.5354674662850866,0.5360104192231334,0.6693708063989187,0.5669589510949562,0.700574090679306,0.45458722471513247,0.5029227143461146,0.454772494167283,0.5156592279768195,0.5131202754386487,0.5861618151082482,0.3754832034427823,0.4122025812090635,0.48250958815106443,0.4302686956756928,0.6283207976153511,0.5705155098125223,0.5737086115608311,0.7569154178139227,0.0,0.39486098284416554,0.42430700808552513,0.551368342045116,0.5497990722694872,0.4553084419446903,0.5141902064402785,0.5481963730274877,0.48385782056866605,0.5944922499593139,0.5281778331010258
SVN,0.7397781519581293,0.5273676454615124,0.5208909786428415,0.4618487282640055,0.39646739200135406,0.39585193761399295,0.5399805266938498,0.4021618969324785,0.5298925071376371,0.46932738868680857,0.8473117226842821,0.44918989927895003,0.4549029884810133,0.5193930848271262,0.5504568100223614,0.5879841548377923,0.6483644169785762,0.6232838003022936,0.5508538249918176,0.4616835316124637,0.5917332606466543,0.38012977344736054,0.4069670156259538,0.5080962413969977,0.5969265525067263,0.40459708483501394,0.4263747939238955,0.4305401325937455,0.42932764227957904,0.42096218696354515,0.5433227999922796,0.6066674589044465,0.46531151474007715,0.41702960898972236,0.6106929317309734,0.5956708399131151,0.6117495579321006,0.49035843093775583,0.5028378614137075,0.4225254907575972,0.5805789774286618,0.4791601185328617,0.6315186368238308,0.661364422504128,0.49356549079594164,0.7029401831815223,0.4881392796182528,0.5614729367485206,0.41741756191168305,0.5692560829866496,0.5276550904049883,0.5564993862007999,0.6597213302217639,0.5820558651499641,0.6851889178498861,0.44656302449657787,0.5069667939179738,0.45330866376090184,0.5185411356201048,0.5050235177102719,0.5875088370153531,0.38800744057512077,0.415878157352476,0.47676052580723155,0.45878768967129546,0.6070585281541864,0.565400029387166,0.5787367107490874,0.7415820234502345,0.39486098284416554,0.0,0.4123749406304519,0.5778545636248192,0.5151691777668996,0.4365295997908948,0.5194071807224021,0.5498247968639484,0.47004171057012406,0.6032455478278668,0.5238381706957405
SWE,0.7075230125889075,0.4699851934224851,0.5040594202921324,0.4353947025760229,0.34953968771898525,0.39877976583817315,0.5537859427907018,0.3946880727138973,0.4792378868519482,0.43990821685858983,0.7909384958230413,0.385256464314515,0.4266345755986179,0.4724790861728145,0.5188276645511014,0.5230694366126332,0.6121732085483099,0.6404702119594392,0.5124558584879004,0.4274672121959195,0.5937932003760953,0.3731025306383158,0.36656885044225995,0.47558738486185725,0.570675008457608,0.36592849369504404,0.40305499651072496,0.3743659019632871,0.39025925413724055,0.41738175974729125,0.49727532723667295,0.6075725377276127,0.4626178347213474,0.37531827668381235,0.565091981534209,0.5585628923981044,0.5918292659001334,0.4998666258324566,0.4722414981687257,0.37493927938437205,0.553246193655265,0.4364951411401559,0.5987646376476029,0.6603007815910686,0.44626806018185206,0.67126178268138,0.4524351506122969,0.5530326485483549,0.4253932993984007,0.5491375572201701,0.47072448977599224,0.5516746783186277,0.6224086627341163,0.539634621860358,0.6680277046779454,0.43085340856820303,0.45326622078446327,0.4278759501303644,0.47350480720990973,0.477801204377855,0.5314254027912636,0.36244786677668045,0.39526252750539226,0.4626444122919828,0.40824877669288023,0.5890608080204431,0.5298746872700583,0.5448392080787304,0.7593887937041628,0.42430700808552513,0.4123749406304519,0.0,0.543019386853493,0.5269402715156868,0.40555119781232946,0.4763826757926485,0.5286652378037006,0.3948059565230555,0.5780999773011317,0.4714388947994829
THA,0.6937335490057683,0.46479910439915195,0.49739566509614763,0.5368241398642121,0.5187627579681134,0.5332358336802596,0.5759320969105004,0.5158973979090942,0.42398335698115186,0.47174123317593425,0.7753111458513303,0.498423341624082,0.5696793214698374,0.5566670634602162,0.48416617336924883,0.5874418267774982,0.6101364641087452,0.6884274045038713,0.5164568329139853,0.5362019216253492,0.65489111113979,0.5219148878256857,0.5518089319176244,0.5759609639267717,0.5817760700708751,0.5026263035988958,0.5501404721522815,0.553730757119131,0.5430260988957246,0.5137690861389796,0.5416521800700291,0.6655764996360637,0.5025360519696656,0.5014836349657162,0.5013148185567056,0.5472674031895507,0.641100979525677,0.5516126870539602,0.5586829503203394,0.5162948341524135,0.5756473522425394,0.4808487564384446,0.6596926885947334,0.6918205394791536,0.47861956418531143,0.6491020722307753,0.547077836614625,0.6704962584886721,0.6010590310764476,0.5703804313946791,0.5133345185572102,0.6270302989215013,0.5824083652808271,0.5147124164904249,0.7063727642793977,0.5450757266476529,0.5442775034135785,0.5304219431959181,0.47598122443326546,0.4885314203902882,0.567124060344092,0.5047702138703573,0.5070907127600226,0.5255184063187621,0.4586626621717707,0.5938560099240178,0.5846422029962833,0.6055675592779619,0.7348617587777672,0.551368342045116,0.5778545636248192,0.543019386853493,0.0,0.5662785321603261,0.46500046087232777,0.4692904533712594,0.5524341057788356,0.5236490391028924,0.5475732714043264,0.5380871118167124
TUN,0.6895405072231386,0.5804617042238734,0.5148658010453689,0.5179132103133,0.496385511509791,0.5563031829849926,0.5552119461654261,0.5167624035200957,0.5679069864317465,0.5142528013040008,0.8357813157160734,0.49846604032914665,0.5392982712257258,0.5802189305240445,0.5416971850482175,0.6013926364227499,0.5961097522235673,0.6424660188288409,0.5823606488874872,0.5538133006929766,0.667033955588755,0.5202273664999154,0.5512163044180735,0.5549059822573882,0.6038705307739759,0.5365485400485149,0.5278620747438375,0.5346636879017388,0.5485822499836912,0.5172779120834727,0.6007720047645182,0.6881711342256308,0.5482141934564522,0.5207839375948109,0.5994109467778649,0.5737773630122707,0.6668832815588323,0.5490087514611316,0.6014893364460179,0.5370692624482037,0.6006860045755521,0.5634770627460566,0.6423412438188091,0.6671735602486112,0.5612533610672359,0.680968698016861,0.5739773204653074,0.6552657241760971,0.5422093293532486,0.528189625109147,0.5485215943215072,0.6310479833430934,0.6195281404602716,0.5757050882547615,0.7038453102909343,0.5432345552608392,0.5445089673064147,0.5279467099530324,0.5139610921273338,0.527983186969324,0.6080068381100804,0.5046777553890613,0.5328591355659505,0.5333376249002423,0.532495022613047,0.6037558269291041,0.5553338240516382,0.6575033719413788,0.7576189926838149,0.5497990722694872,0.5151691777668996,0.5269402715156868,0.5662785321603261,0.0,0.5036487344227603,0.5921611092214489,0.5430982487951398,0.5180650427139176,0.619610759381618,0.5460255934387915
TUR,0.69270391195191,0.4805060002421772,0.4189112765084383,0.4507747099421494,0.39966278646500614,0.4247320637498371,0.4665200764441122,0.4260107585476162,0.3726105263968057,0.3789816720411998,0.7885146316755565,0.40851467375444944,0.4706244594403037,0.48673594306683376,0.4169983004387618,0.5359315063561645,0.5757398857945891,0.5875810646441226,0.475685471694222,0.46479466703603545,0.6074031583986674,0.4107768849366181,0.4309387410670198,0.4918392091609328,0.5210105053465377,0.4010091051410434,0.44999351016633826,0.4283493936064724,0.43916803213844074,0.4288821183009982,0.47742671928178587,0.6379485903843081,0.4526225299354443,0.3989791534820603,0.5137226097905876,0.5156956635033141,0.6087759724483278,0.4967307278738739,0.4744984883323252,0.4011034747084349,0.5193903511497348,0.411552958217575,0.5904542734512365,0.632116315903723,0.4111395186060957,0.6620945359993676,0.4664272777753322,0.6035755851129452,0.4933689540192367,0.5117687884800575,0.43528940942308164,0.5779012628849377,0.5289136445755386,0.531480370688259,0.6735063739658022,0.4557912610204895,0.4788006278082611,0.4478396686473897,0.3715545346175507,0.4082255770958622,0.5397350601292232,0.4013598978951035,0.40232747716556033,0.462837876987995,0.3736425290992059,0.5718337539675333,0.5221705625805355,0.5582942324381109,0.732283998068448,0.4553084419446903,0.4365295997908948,0.40555119781232946,0.46500046087232777,0.5036487344227603,0.0,0.42223604445147306,0.4553137098800607,0.4426949673623028,0.5184782328711844,0.4479713510575152
TWN,0.7316373962677035,0.45036054315917395,0.4932911918064835,0.5335663566893631,0.4669343674106786,0.4640546402189245,0.5805289578252423,0.47459957103894373,0.4213247532452441,0.4391189824820248,0.7890364616974477,0.4644391180836001,0.517683017548049,0.5334361912443528,0.4703157496418071,0.5801946968893349,0.649865546737462,0.6695257077283667,0.5354698369426452,0.5194426975309395,0.6376120759940997,0.4677499505227849,0.4558940604814144,0.5296753468457238,0.5621180379517563,0.446283143271381,0.5144544207586779,0.45734404874611073,0.4947839151680075,0.47670415660993515,0.5181075381937964,0.642420965412567,0.49225440215737054,0.44231871350847646,0.53567575994948,0.5524262867393593,0.6269822700904608,0.5519725690964575,0.4839902146407295,0.4484765524659237,0.56587047936057,0.4249029297516919,0.65415322883137,0.6824918455177674,0.38825532719594474,0.7120803048664525,0.5494649226676892,0.6248603612477589,0.5741906577336857,0.5739521272581828,0.48632276058955126,0.5971300071645017,0.6021146771240509,0.5348789216928962,0.7042397284125398,0.47785632365098935,0.5119562289106221,0.5204868581649521,0.4801334122157432,0.4992472910467743,0.5613204623676062,0.4647345814885506,0.45402618186957805,0.5345579367493314,0.4229603283285089,0.5850165586988185,0.5845790476137592,0.5436379073981342,0.7627856955632716,0.5141902064402785,0.5194071807224021,0.4763826757926485,0.4692904533712594,0.5921611092214489,0.42223604445147306,0.0,0.5397022631742296,0.47646051176454074,0.5389052820849513,0.49773692886283694
UKR,0.6798414605036871,0.5398280231566464,0.49522334676056184,0.5388023895306098,0.5246723147296397,0.5586241689692176,0.5298520312737048,0.49130047827550555,0.48583661709670645,0.4984096371365061,0.7975303921700118,0.500854648865848,0.5646345937870761,0.5986067407978214,0.49827587041062066,0.6062477319795702,0.596581776785619,0.6111733449395682,0.5707895501520284,0.554324138856253,0.6596029349122194,0.5071492132140799,0.5613707452041151,0.5658292843096971,0.5591299336363004,0.5380739502898414,0.5491036692451554,0.5421183867885835,0.5627264720301449,0.5574988619425562,0.5681030742115398,0.6689886578949892,0.5484017408735878,0.5138329236130461,0.5607953205707358,0.5557736284551834,0.6668416363799184,0.5932683198381201,0.5866091142004679,0.5309960894507868,0.5744784232345387,0.509571402779237,0.5777499088223553,0.6148443246602275,0.5344885616342343,0.6608470296723621,0.5642688226297236,0.6702575574780961,0.5874335879221484,0.576026651732352,0.49844997269328134,0.653406090760135,0.5607978891460353,0.5470103597170013,0.7172961449559875,0.5674087112840923,0.5646968778143842,0.5553150401543421,0.4460062115677416,0.5256143917774113,0.5813287242796584,0.5014179174151948,0.5451181742417776,0.5514487571332631,0.44585570673297414,0.5911240994791835,0.5781605435281805,0.6294656666817616,0.7783830316032573,0.5481963730274877,0.5498247968639484,0.5286652378037006,0.5524341057788356,0.5430982487951398,0.4553137098800607,0.5397022631742296,0.0,0.5313125117069984,0.5653145584870328,0.5187837420578053
USA,0.6894302510812161,0.4839027286481871,0.4492072540372394,0.4305403178570507,0.4192337602797411,0.4252239266401706,0.5630605309518177,0.45264391703763773,0.5069311469429694,0.4309081444439327,0.7898663167261654,0.34600051353657824,0.4732225602997653,0.46669971236256697,0.5013968359318814,0.5395061268000307,0.6065665883336276,0.6402320093527133,0.5141742596310831,0.46490079774180726,0.6188102278516313,0.4479839577919374,0.41547133447847906,0.4875146612108009,0.5581752937431254,0.4324647800416868,0.4767054177156321,0.44671835255363124,0.42084981539208993,0.4142750103563429,0.49625186020502404,0.6064669924944422,0.47613518900203744,0.4100303834515729,0.5738600332568984,0.5524801319713658,0.6046189868816507,0.5284455169001528,0.45956771991644546,0.411117511229143,0.5590208013743357,0.465277280156022,0.5938061099931204,0.6927336918526401,0.459466848053274,0.6977174566620823,0.5204246888501581,0.5590328845207755,0.5285293758026471,0.5545862831976431,0.43793853464673255,0.589166810612231,0.6262521605044529,0.5324139646904276,0.640277326517404,0.41621638423665286,0.45996426605501584,0.40900545486682677,0.47350186497060537,0.45084834973028975,0.542572984916198,0.44083877263545246,0.45760173322799064,0.46981487654325993,0.41815797410850075,0.5661339171149431,0.5378845796701323,0.5585056111343899,0.7670241004658567,0.48385782056866605,0.47004171057012406,0.3948059565230555,0.5236490391028924,0.5180650427139176,0.4426949673623028,0.47646051176454074,0.5313125117069984,0.0,0.5985062372085601,0.4684065842398787
VNM,0.7352842056114013,0.5346367640419689,0.5549812380123559,0.5871660218770283,0.5699985154720458,0.5898411961246419,0.6041404465179347,0.5532497778860815,0.5064063996299459,0.5399199506055156,0.7995274941259175,0.5799105037052973,0.601702414627377,0.5550828225794101,0.4859253022755862,0.6098966956112684,0.6551858498000545,0.6393167242772688,0.5829503937652804,0.6120727888319694,0.7147254501836703,0.5544775461509126,0.5894379510112856,0.6239033946883568,0.620199683434983,0.5744153277442995,0.5890280186371758,0.5506516687356082,0.6127268149634824,0.5894433339997354,0.5949194835844426,0.7364934295852602,0.5829288570828552,0.5390348697580375,0.5438201114647501,0.6067110615624111,0.6700787152189529,0.6270393159151678,0.5997932724123409,0.582904837597632,0.6098051042430157,0.5429506369837123,0.6673520979132554,0.6903227227500279,0.5171414105637395,0.6505171897973234,0.618752824320249,0.7176211611635961,0.6321618290508837,0.6044623446615495,0.5429292789950942,0.6498305162328478,0.5843229488246175,0.5916778161946045,0.757897413450671,0.6126147616406005,0.6237190242029943,0.594754093794293,0.5277986601406308,0.5779576285458843,0.6213496356068929,0.532457512062098,0.565707550127263,0.5976668006535848,0.5386428579489471,0.6634278951004277,0.6008707586119423,0.6434588584159595,0.8041993930366443,0.5944922499593139,0.6032455478278668,0.5780999773011317,0.5475732714043264,0.619610759381618,0.5184782328711844,0.5389052820849513,0.5653145584870328,0.5985062372085601,0.0,0.5545678358187666
ZAF,0.7028615133870614,0.5269556417475194,0.4907901228033016,0.4607723452212936,0.4840819572849372,0.4990715258851274,0.5603913667812926,0.47359452600958934,0.48457253721635496,0.44252158449472645,0.7637022642248749,0.4475503416255609,0.5400425894628307,0.5033724976471899,0.498330771885145,0.5250818889264076,0.6222114479386247,0.6071215725868558,0.5173289804258213,0.5178357987312349,0.6650895306759566,0.4745978010513479,0.496360816665866,0.5662057687239793,0.5857336380136643,0.4630630426691937,0.5315362072093237,0.48207606932650215,0.48660245661717827,0.4960876927244248,0.526098494731551,0.6475075719038407,0.5022376816692158,0.451437244885026,0.5223878435919752,0.5302173146657249,0.6378198623039648,0.550491425483037,0.5394580789377491,0.47268489796457275,0.5504024503162752,0.4824470761059043,0.6011611185975626,0.6682121391487948,0.4886709397873283,0.6644756184171857,0.5298516473794594,0.6232544626614532,0.5714096084617911,0.5392608554406202,0.47563287566321644,0.6279954409533569,0.5844378523190279,0.539758517123053,0.6983325086154166,0.511353661554623,0.5331342927923063,0.48131380752690517,0.47641651738470825,0.48350583013107623,0.5515753088419302,0.46799591019584774,0.47359488252187293,0.4966989847343766,0.4477976463127662,0.5844256869562431,0.5155065538691003,0.613293376281031,0.752874164220702,0.5281778331010258,0.5238381706957405,0.4714388947994829,0.5380871118167124,0.5460255934387915,0.4479713510575152,0.49773692886283694,0.5187837420578053,0.4684065842398787,0.5545678358187666,0.0
