,AGO,ARE,ARG,AUS,AUT,BEL,BGD,BGR,BLR,BRA,BRN,CAN,CHE,CHL,CHN,CIV,CMR,COD,COL,CRI,CYP,CZE,DEU,DNK,EGY,ESP,EST,FIN,FRA,GBR,GRC,HKG,HRV,HUN,IDN,IND,IRL,ISL,ISR,ITA,JOR,JPN,KAZ,KHM,KOR,LAO,LTU,LUX,LVA,MAR,MEX,MLT,MMR,MYS,NGA,NLD,NOR,NZL,PAK,PER,PHL,POL,PRT,ROU,RUS,SAU,SEN,SGP,STP,SVK,SVN,SWE,THA,TUN,TUR,TWN,UKR,USA,VNM,ZAF
AGO,0.0,0.6152493432944861,0.6182059933682897,0.6267427099724294,0.6306808744762454,0.650122932397609,0.6531964636143336,0.656638063519052,0.6075429117280743,0.6171184462705196,0.7761902573947465,0.6287370944587338,0.6629953245731903,0.6338908898392731,0.6636398012506278,0.684207834894787,0.6873550189064439,0.6564024063896257,0.6550144015921628,0.6575517378601079,0.7054476054126048,0.6370645687396954,0.6570756426976004,0.6648482056972599,0.701973278611336,0.6520956128783796,0.6482652223282083,0.641477824184081,0.639469183614735,0.6201930001559329,0.6794877968646511,0.720593724366768,0.5906224525690263,0.6091334133898724,0.6387284690642645,0.6731584692526962,0.6762209759229666,0.6644576832979139,0.6812751020401501,0.6613699295570197,0.7094831763744157,0.691135454273641,0.6647898633070224,0.7421025873342892,0.6764961830728611,0.6971937440089179,0.6418254525978502,0.6898366508018838,0.6654567337026417,0.6364677909515968,0.6129982645894285,0.6754280756314852,0.6695455070349468,0.6437383041944241,0.730089939050614,0.6198385522183714,0.6284128001940075,0.6159836525816688,0.5891270920278217,0.6185701197391363,0.6383517013108984,0.6381377486101971,0.6258634897980174,0.6468499289772036,0.595957192473784,0.6597515857063383,0.6897084791256869,0.7241338677139032,0.8246970389793259,0.6155557557299159,0.6629041009234884,0.6515458574471416,0.6539414951328719,0.6566063898606158,0.6281987648857813,0.6714521428968843,0.6912361082203301,0.6256821880803208,0.6374919287273363,0.6757125899296417
ARE,0.6152493432944861,0.0,0.5312126143350823,0.46272370380950295,0.43391234492427055,0.45727402569306874,0.5975434216166411,0.4650186310816479,0.46225971368541646,0.5201949669239563,0.7484832286572599,0.4727562666628335,0.5371815516731242,0.5455963805826947,0.5171730819343542,0.5865297514555775,0.6349778201197417,0.5994264992762274,0.5889528303049683,0.5215475834025102,0.5979591121047466,0.4598931402154032,0.4707507308455916,0.5462813515429856,0.577541119442105,0.4521499803687999,0.5270309732919746,0.4567342343374642,0.46337437258171466,0.45718623066543645,0.5344382905565096,0.5953854912894372,0.4711191660288012,0.42429651286675124,0.502084368787936,0.5762741421876042,0.5232304573963571,0.5622504757509476,0.527856041052044,0.4548585308198465,0.5750866145482177,0.4876458024129873,0.6238533936118169,0.6872469100676892,0.5062331568309857,0.7091795438637687,0.5433306940219883,0.5638577822111147,0.5185230229979922,0.5283925481029877,0.49644698380412783,0.5185909786687541,0.6051922229611064,0.5292688279293486,0.7081773203164088,0.46811418374497604,0.4920779030813459,0.49938539756854033,0.5301567697398372,0.5110912112320761,0.5662933729314557,0.4387446091039244,0.46381126190623273,0.539076292632354,0.41940235044196333,0.5592426658787237,0.6103323609063747,0.5406833537064251,0.7790445798191798,0.48617172568618156,0.497933995108882,0.4653135047056204,0.5021407700831789,0.5703025062011314,0.4690932280829532,0.4520407369226434,0.5767387842987789,0.4715274869715806,0.5646167199899109,0.5760858249901064
ARG,0.6182059933682897,0.5312126143350823,0.0,0.43938710522032887,0.46345426505280285,0.47829387338466717,0.516260273300992,0.49322918725871473,0.44721598611511476,0.458853436196701,0.8085029564960646,0.4295545404606491,0.5434524790114507,0.5406850586190092,0.43699771019716604,0.6048565119177592,0.6123332949770898,0.5051376584127092,0.5231417042780486,0.5432785547281189,0.6067852762085598,0.45758330652421997,0.4964969842647382,0.5201507872750595,0.5065811026385834,0.46826339648159365,0.5007276547060712,0.4784878477462636,0.5262008759273811,0.4553643427621493,0.5543403901571938,0.6829218948478961,0.48654622392644803,0.4529345057799106,0.5156809297846711,0.5134985587680839,0.5600833189802137,0.573659226724919,0.5477653236188952,0.4692971812794486,0.5616424571609345,0.4906351502802596,0.5458877118565187,0.649818174703648,0.4748236104212548,0.714990010629634,0.518179394090234,0.590935690525261,0.5167820143325978,0.504384209753543,0.4317098074562174,0.5876610604901528,0.5161530815763166,0.545609298456636,0.6747564938669528,0.4957794232738844,0.5018365342072868,0.4954282455133376,0.39657822722853164,0.45215505111960264,0.5645495128819492,0.46549498898806796,0.48243447524026406,0.47387366414833965,0.4457762056442756,0.5183834832035451,0.5705098820937929,0.6472030726633358,0.7699074884782076,0.4967820211752435,0.5028879065670084,0.48507591022429797,0.509129096938522,0.5522877992385302,0.4023758998383476,0.5039626929972431,0.5110028342080495,0.4220664223765692,0.4968799799408873,0.5337327382187297
AUS,0.6267427099724294,0.46272370380950295,0.43938710522032887,0.0,0.43383254007638966,0.46144588383993834,0.5199767464388638,0.46736205449241325,0.45253133631739306,0.484433270862856,0.7788228754782931,0.40130017685090646,0.5267961473046807,0.4971426638191008,0.5035535955291072,0.5802903931625151,0.5896139769379843,0.5078536914849743,0.5177724950333354,0.5093224081723181,0.567892507680267,0.44646382588385736,0.4702471118752527,0.5165376723892121,0.536637113833444,0.4276787368830337,0.4935434391432997,0.4634516181949857,0.45867693674154547,0.4017161248301728,0.5231261882867158,0.6168294043429561,0.47763460528895585,0.4254218056693789,0.5090026612948564,0.5376173078513471,0.5053219092429634,0.5197799489652282,0.5348112357671583,0.4473081882369079,0.554435349763585,0.47068945923015254,0.5232828362822805,0.6571059868438677,0.5154371341979419,0.7080257591332385,0.5100246604673605,0.5376925739864774,0.47592635785881243,0.5054119018829744,0.46139453187347773,0.5475561583996974,0.5280368462124115,0.5152828572422522,0.6521413647668489,0.44430998899439983,0.46730340012849336,0.42596824698577823,0.4207299258066404,0.40650921053813666,0.5637717281198177,0.44133697185732446,0.45660269747952015,0.47325299068197063,0.4267556650420695,0.47661235494057497,0.5432580576392683,0.6162160422603461,0.7385326851432324,0.4817887543060902,0.46632179032215854,0.4524268126473871,0.5113245667555828,0.5384743260621226,0.4055984527716445,0.5043442187274823,0.5363040027508645,0.413858661028377,0.5593652987319784,0.4972933471210457
AUT,0.6306808744762454,0.43391234492427055,0.46345426505280285,0.43383254007638966,0.0,0.384526623242435,0.542663704130178,0.43889274857732596,0.4387567910257234,0.4798723538085261,0.7869594703136334,0.43174908384795824,0.45614522448553213,0.4689581704742672,0.4980452560013963,0.5575566133302073,0.6266389803775385,0.5911434912358159,0.5290185370177047,0.4870974616444263,0.5555056691026752,0.3697541707748203,0.36808530669121337,0.4783158952032323,0.5725367058269596,0.372168351026657,0.4104392035757578,0.4022076238427591,0.37808850436432445,0.3737946005833019,0.4878280651844206,0.5988617353868491,0.44755505102080995,0.3652440439260783,0.5233741531671717,0.5732412228993374,0.4637025525345284,0.5252796229288619,0.49320964170118076,0.3837673494215562,0.591950299746503,0.46292427922884477,0.5959778045811779,0.6699129663750912,0.46155794408035883,0.7120717084775467,0.44948253860830784,0.5121028368098891,0.4054995101005111,0.4987512993009682,0.4625940680833251,0.48186288476363626,0.5807958627974823,0.5133571236944954,0.6733612187448826,0.4038913964719239,0.463267322843081,0.4232028469746879,0.44655486193807475,0.48967430521803207,0.5544808743713915,0.3658593735886553,0.36445676519634995,0.47613295734862743,0.4084839254233598,0.5076031347285933,0.5229894887081783,0.5777604492683714,0.7435887534648148,0.4012639736805663,0.3888773817171208,0.37824545564875167,0.5016368233043935,0.5255217704641019,0.4014468449760861,0.46770103284030484,0.5320344837167377,0.4286527432552234,0.5408613264959232,0.529772501498124
BEL,0.650122932397609,0.45727402569306874,0.47829387338466717,0.46144588383993834,0.384526623242435,0.0,0.5696822770712623,0.46101536298474893,0.4683033547146649,0.4858645987328395,0.7786668684676288,0.4463135546190122,0.45335623551484994,0.5105002891185623,0.5340224377311842,0.5614910336875135,0.6195013600349379,0.5977021805275531,0.5352979720564841,0.46493904835904915,0.5592000406669071,0.43400197272354435,0.38266665130735394,0.474464959205799,0.5452051176137844,0.39243837012882,0.4486665872928869,0.41225915429785503,0.3899509971915538,0.38145314274162273,0.4844180649066395,0.5801099098042114,0.44359686379215313,0.3894789636837268,0.5414612919428682,0.5730376696670999,0.5127044044452735,0.5197324190855371,0.4430634357845346,0.3893851500697645,0.5848049672646431,0.46355736074846116,0.5979198057343633,0.662868752151154,0.47348818525696723,0.7206642645704313,0.4873586247660193,0.5213121744671873,0.44381034177685874,0.5149220782730656,0.4761500829857308,0.5141524444725241,0.5964999383680869,0.5450392250925638,0.6824409415934027,0.37326717239300183,0.48822055096114064,0.46841764086102494,0.47510826922743205,0.479784244312157,0.5878960572581173,0.4210751973653791,0.35575089189689185,0.5117459399729913,0.43952957826166394,0.503634208455684,0.5453179327683635,0.5380481883235767,0.7609208867281442,0.44989454179778665,0.4268622863142626,0.4117806569276095,0.5235858351863786,0.5428795389308068,0.4215064966983632,0.46565186750455023,0.5659009282324958,0.42651362887756045,0.5710055727174076,0.5472527144225271
BGD,0.6531964636143336,0.5975434216166411,0.516260273300992,0.5199767464388638,0.542663704130178,0.5696822770712623,0.0,0.5296371021213896,0.5048965956591113,0.582500328679758,0.8043414965462095,0.5327358656970151,0.6287695446085166,0.5968149691633188,0.5616826082413273,0.6615063449287076,0.6636970483240429,0.5289656331481438,0.6031125278204246,0.600220219682256,0.607453232145531,0.5501227699156176,0.5739673058027175,0.5567683998899163,0.5753591261054528,0.5609388653138787,0.5556000083379559,0.564009011833234,0.5832617997885883,0.5330300187279077,0.60018338663996,0.657995223352776,0.5752536226974333,0.5401464222229289,0.6119259547627367,0.5923441291470003,0.5908747588672438,0.5621351561566149,0.6215474789443625,0.5677466658514183,0.6167411019340204,0.5762631498517351,0.5643665032270465,0.6135727735485142,0.5789715029481414,0.7103876371445708,0.5749170707910516,0.6196109730354324,0.5505630627550315,0.5735978703513345,0.5612226131235325,0.6282192550902899,0.5026638240971933,0.5981780594581161,0.6896986317359062,0.5775044329838297,0.5342213745794481,0.5457677838767966,0.3960249864221033,0.5592017635146834,0.6157588397273163,0.5613274267392854,0.5631187832620516,0.5508992572785413,0.5238752204450974,0.5926052848292336,0.6001069906473308,0.6648346940333824,0.7534665322195218,0.5720170117725976,0.5500180479235393,0.5647152221802786,0.5922174661259515,0.600471105284269,0.4793854150252033,0.5973866215885739,0.5766502826570177,0.5516051613705576,0.5399109473328222,0.632318547868221
BGR,0.656638063519052,0.4650186310816479,0.49322918725871473,0.46736205449241325,0.43889274857732596,0.46101536298474893,0.5296371021213896,0.0,0.4211531297161314,0.49018020941360707,0.7431633638519366,0.4798698523144149,0.5608446901395913,0.5720310034514775,0.48562163045782153,0.5734589051776512,0.6093927923112846,0.5827691688281081,0.5609507263815758,0.5052718678248483,0.5763812765892062,0.4400813771745519,0.47965336024846533,0.548642179640519,0.5424159187794639,0.43331805621029773,0.4919868839182414,0.4725109501837494,0.49335139376881204,0.48901832714394833,0.503082933576149,0.650786249830811,0.4774135304191869,0.4040833691674547,0.5120827661589241,0.5166537389781054,0.5448846190043626,0.5631901224602507,0.5665438609119581,0.4693024177869234,0.5408815018480468,0.48301423330679566,0.5681411684427428,0.6260513053999447,0.5113141907737165,0.6628301865246934,0.46970379129845,0.5855874976899944,0.4892319660918338,0.4780658124601247,0.4991413811199059,0.5706458724991983,0.5428200763275233,0.528577252288104,0.7009053852922754,0.5152901966795406,0.5378549271864198,0.5093979178947716,0.4210558955842873,0.5164999658428868,0.5394369844389499,0.4186744493317532,0.45890545346994294,0.48478811503619246,0.4408881087167813,0.5579856013387907,0.5702495871734466,0.6304782630571428,0.7470493350274368,0.431626420373425,0.4927420080460921,0.455581038744393,0.499415128916315,0.5399411671817955,0.4248231639852753,0.49470657612877095,0.5151964262198004,0.5087360545512739,0.5397250867428113,0.5289763239715427
BLR,0.6075429117280743,0.46225971368541646,0.44721598611511476,0.45253133631739306,0.4387567910257234,0.4683033547146649,0.5048965956591113,0.4211531297161314,0.0,0.46208094501217545,0.7723285518315981,0.4527198627137827,0.5375185279423282,0.5244079432488903,0.39296701710042536,0.571326287744244,0.61548991872234,0.5714495277748514,0.5202516707109884,0.4867280139980866,0.5350785348694984,0.42497088355552787,0.4626997277374143,0.5168211705865436,0.5096215464407143,0.4189795245733597,0.48162315602013805,0.4538973216792575,0.4749338519479748,0.44477703714510025,0.4925098040216901,0.6317275138354677,0.43232200002207005,0.4032729910026263,0.4510826331544329,0.5023570740157569,0.5332640732264381,0.48146607590683205,0.5642295040763233,0.4546362297329221,0.5050248899663725,0.45234332328884264,0.5694086207687283,0.6783961688198373,0.4326948952308134,0.6764567799890399,0.4802793214722196,0.567097684680327,0.5002419393818341,0.4483668251229908,0.45270368914066367,0.5528106193286852,0.5016397953977758,0.5254454627574389,0.6661192110879897,0.4747761373665864,0.4759439771295214,0.4682925860369422,0.3211297666136155,0.46677119529643973,0.4895519652954037,0.40774939455612835,0.45022348928714223,0.4352805752021026,0.392703872264533,0.5576806954251885,0.5638655737265438,0.5816643726051,0.76230072305699,0.43082975653582456,0.47940666193850917,0.45025743056703654,0.4247172344504444,0.5342773233993321,0.37594428927421747,0.43327886518142916,0.5118203355944321,0.46702298224310335,0.47783269054023036,0.5370772225003512
BRA,0.6171184462705196,0.5201949669239563,0.458853436196701,0.484433270862856,0.4798723538085261,0.4858645987328395,0.582500328679758,0.49018020941360707,0.46208094501217545,0.0,0.7678624046081869,0.4757962068926317,0.558169248957145,0.5335211781267057,0.4861440815844447,0.5658631324873277,0.6061462132461416,0.5975564792001165,0.526110706175196,0.5133939296607695,0.6131221971111644,0.49804510679087677,0.5035211758742668,0.5529423081591747,0.5516105810822586,0.45699839189173697,0.5364527246942203,0.4980667724876324,0.4960481797751334,0.47485802597283117,0.5453543196895317,0.6691796218011938,0.5086612618481225,0.46639354686310774,0.4994208238580256,0.530404128161112,0.5701320387545115,0.572094962154714,0.5415272156934439,0.4765363749364773,0.5575979665465663,0.49741993770455695,0.5818814253638499,0.6947314486207372,0.4822082662908894,0.688756097772804,0.5233850834814024,0.6000533267820751,0.5541971805430747,0.4971441434193882,0.4649571649642612,0.5955281039717667,0.585200893038923,0.5334481083777896,0.6857882243586401,0.5029942406870112,0.5437255504004438,0.5151231635648694,0.460637895277757,0.49737550589853574,0.5364654121054736,0.4685747233919022,0.47931474562896725,0.5325716612881753,0.4668462243124658,0.5346502790608245,0.5952853541263036,0.6435657793173036,0.7665929487847163,0.49483204852638624,0.5354990114251588,0.4982537206643571,0.4825617757786978,0.5414617362554145,0.43680412658173107,0.47067749197869324,0.5591722155172623,0.4735342581676979,0.5461344892891256,0.5263875249176464
BRN,0.7761902573947465,0.7484832286572599,0.8085029564960646,0.7788228754782931,0.7869594703136334,0.7786668684676288,0.8043414965462095,0.7431633638519366,0.7723285518315981,0.7678624046081869,0.0,0.7661545970107805,0.8251897998310245,0.7647194395589187,0.7787241541901477,0.7940899121033401,0.7824720458663833,0.7984625854141455,0.7637911049776641,0.7521155186536216,0.828553060446844,0.7935045649056415,0.8015384950272426,0.7839235776739225,0.7836231241016726,0.795972051335529,0.8020327019433938,0.7772334870375748,0.7892539269481496,0.7986250674602722,0.7749678230492809,0.83815544033963,0.7696487203269955,0.7560031824094118,0.7511941603696206,0.7739788643674551,0.8264102934373462,0.8349727321327639,0.794252569993677,0.7923068577467282,0.7547549211991076,0.7939650778659934,0.7766011598149908,0.828129282613008,0.8108267271583276,0.7366865247052737,0.7797613899067845,0.8466574730172985,0.8023072978961204,0.7430126311145572,0.7615382177880641,0.8320143693306433,0.7883912761788757,0.7722990902037561,0.8596590534641817,0.8039463686849107,0.785071569879997,0.7662194474584437,0.7691642877282833,0.7676121775371775,0.7522341909147302,0.7766470803260768,0.7726231931305927,0.790623870386462,0.7559742090789205,0.8041140906555702,0.8222670734703349,0.8268940374665583,0.8740529026200695,0.7892387037932587,0.8259880261582294,0.7829771564857237,0.7551599954477362,0.7840147339015828,0.7721683574233017,0.7754793208273657,0.7961997904947369,0.7725144931379997,0.7774015841626681,0.7602247724585081
CAN,0.6287370944587338,0.4727562666628335,0.4295545404606491,0.40130017685090646,0.43174908384795824,0.4463135546190122,0.5327358656970151,0.4798698523144149,0.4527198627137827,0.4757962068926317,0.7661545970107805,0.0,0.5278570975253511,0.49401086909286746,0.492537353003876,0.5415177780942508,0.5927163035128716,0.5425335770915055,0.5248580979176194,0.48156827146033526,0.60335811738583,0.44421616552160725,0.4530844322132362,0.4963175070164814,0.5427242205622412,0.4466739592425743,0.4822898261382094,0.4279603004335997,0.4522511346048436,0.41076625728388083,0.5082789287402785,0.627616116053258,0.4689861949938925,0.4082107840520942,0.5169492118593815,0.5394444646710754,0.5356188688707331,0.5386984030587847,0.5070236319478209,0.43963862438595996,0.5388325818130807,0.4498435470834065,0.5426733244793406,0.6815348129896586,0.4842403250464132,0.6953852872532802,0.5000327059243997,0.5625999559815629,0.4940784500039204,0.5045997789635467,0.4307699411488876,0.5775725449979554,0.5491062216808833,0.5211784284430905,0.6558014901840736,0.42616560823601335,0.46006881702121116,0.4562033425344378,0.428127926291437,0.43065825199036895,0.543993568882742,0.43059426452729144,0.4481129332510215,0.5023230863319542,0.41085990564678,0.5167795778171008,0.545935975836163,0.6222513329100591,0.7447544084264149,0.497954554943142,0.4729589496921038,0.4210919133049682,0.49425572607397095,0.5233865724331074,0.4179800419263043,0.47740650921934347,0.5380120123699915,0.3613600765748198,0.5600111377671714,0.5037909891461746
CHE,0.6629953245731903,0.5371815516731242,0.5434524790114507,0.5267961473046807,0.45614522448553213,0.45335623551484994,0.6287695446085166,0.5608446901395913,0.5375185279423282,0.558169248957145,0.8251897998310245,0.5278570975253511,0.0,0.5502094424278035,0.5883537831786178,0.6044783950335455,0.6540298122780295,0.6641894622178749,0.6015398807679945,0.5092728226941249,0.5920127653957298,0.5027000209866354,0.47708119634057505,0.525546752712989,0.6268147976831328,0.48805713691285557,0.508941957250774,0.48514553153854323,0.4887545097026344,0.46930068544351133,0.5581695948688531,0.594315094448797,0.5192740953563402,0.4938068849534018,0.5914769910713992,0.6486466887573988,0.5540928386859987,0.565891241514317,0.5289043790164644,0.4960772144764025,0.6646479938330874,0.5271592988025612,0.6345345287548828,0.7051228559623061,0.5496056672628636,0.7389401462820127,0.5379709363073718,0.5491150564377096,0.5051090854635678,0.578161590103733,0.540179512963671,0.5238334997047263,0.6500387649944264,0.5849500528030656,0.6899577490284502,0.4904503625796237,0.5440390156750757,0.5335886589502595,0.5463562934978384,0.553383119511196,0.6041669320869444,0.5000540168696123,0.4590890136993268,0.5760698598694541,0.525141790574269,0.5514203529735755,0.5896018950826766,0.5518800779160864,0.7844614750941951,0.5261894627618049,0.4732103520792343,0.4808222376666156,0.5864690412485355,0.6133230241110725,0.5079760856006265,0.5425226723344282,0.6085169682867768,0.5176761558463105,0.6001576335541294,0.6177610367817847
CHL,0.6338908898392731,0.5455963805826947,0.5406850586190092,0.4971426638191008,0.4689581704742672,0.5105002891185623,0.5968149691633188,0.5720310034514775,0.5244079432488903,0.5335211781267057,0.7647194395589187,0.49401086909286746,0.5502094424278035,0.0,0.5725137939122654,0.5783564826653417,0.6458503580534661,0.6188078314116633,0.5424079761663252,0.5541243708826348,0.639329040102809,0.5134547919325296,0.5040071432120875,0.5734680501778872,0.6184923315609663,0.5321113133680746,0.5262150972399358,0.5055819430883879,0.48406011489651973,0.4814639490499421,0.5303741858226692,0.6575479589949196,0.5061008807344021,0.48657456878240746,0.6039949100904156,0.6348898403885044,0.5593090787367428,0.5735976186430758,0.5225414406951754,0.5165880550545685,0.630302393833857,0.5485676793352033,0.6036472080179605,0.7291174990071008,0.5332156611163251,0.6928596165416229,0.5511136928012784,0.5868454634886775,0.5356634273020949,0.5614506888557024,0.5189251650295915,0.5514171955605851,0.6265970883076518,0.5834555744374137,0.6968749361810104,0.4946278769035749,0.5446929675591984,0.4710560219367416,0.5238408633334544,0.4894987490929881,0.5833167211142927,0.49828859049195234,0.5004314217850646,0.5576998468767874,0.5046484585421536,0.5879112478024316,0.5779132161293795,0.6244921050094105,0.7773243279101748,0.5314783284806593,0.5133028678217574,0.4832893773790453,0.563367975254069,0.5755388024529051,0.512182536094281,0.5432872051984895,0.6237874628827426,0.48644987800818384,0.5869573723024584,0.5667513324536602
CHN,0.6636398012506278,0.5171730819343542,0.43699771019716604,0.5035535955291072,0.4980452560013963,0.5340224377311842,0.5616826082413273,0.48562163045782153,0.39296701710042536,0.4861440815844447,0.7787241541901477,0.492537353003876,0.5883537831786178,0.5725137939122654,0.0,0.6116513511785265,0.6271972684843062,0.5867947462220415,0.527174386893565,0.569362236146303,0.6332703915374073,0.48131040733208164,0.5025945846174433,0.5710320866092682,0.5373103171491165,0.4749242660473317,0.5619488537717671,0.4897556779171323,0.5541349845295244,0.5078658039507951,0.5732270246498764,0.7223689727260278,0.5112518776446238,0.47763089893224725,0.4811807276451632,0.5258397342838635,0.5880834547366529,0.5919165367522806,0.5963319390100695,0.4870126254082447,0.5431669443249882,0.47995550870824777,0.6247437776533957,0.6843853003035545,0.44091172430966763,0.6983972008869088,0.5624943390520125,0.6542061346050451,0.5896003808680297,0.5068730483027151,0.47311241841045987,0.603737074998228,0.5181626974066248,0.5692254554568741,0.7101685079671172,0.5543592370451271,0.5447983328654162,0.5290447295603476,0.4157667457994794,0.5101567992080791,0.5254948395710685,0.4688707115176628,0.5300975358990476,0.4724032603659197,0.4823080041628109,0.5837325133702337,0.6228915765638415,0.6459965410343481,0.8044228205557213,0.5247103758258973,0.5373734830959932,0.5099517770468492,0.4879144939149238,0.5622147068104596,0.4340547383028078,0.4645506351525545,0.5143191963664044,0.49401802855884697,0.48804512980526044,0.5377905582608778
CIV,0.684207834894787,0.5865297514555775,0.6048565119177592,0.5802903931625151,0.5575566133302073,0.5614910336875135,0.6615063449287076,0.5734589051776512,0.571326287744244,0.5658631324873277,0.7940899121033401,0.5415177780942508,0.6044783950335455,0.5783564826653417,0.6116513511785265,0.0,0.6406093748722138,0.7083561824003217,0.588151905527926,0.5597031934087396,0.6739831084725756,0.5776044212801895,0.563677652910711,0.6115714409937258,0.665636644066211,0.5489395126267941,0.5713588452197973,0.5617157668796952,0.5535180571933741,0.5610018149279246,0.6134611898955393,0.6926481032861626,0.5845900901409403,0.5425882710517039,0.5916533403352784,0.6116422266129977,0.6337099986992566,0.6445358915767755,0.6207331870748662,0.5556278985459215,0.6529464344619499,0.5456581705115106,0.6614391551752058,0.7316888959406489,0.5892653093323137,0.6916379372388347,0.5758326994391809,0.6128612883957887,0.5855733836199315,0.58251303983704,0.5711719267503806,0.6290986161481977,0.6601235814519295,0.6232697080588251,0.7323695198316548,0.585940636197297,0.6142195875205118,0.5808820498583058,0.5877971852791464,0.5520546685952445,0.6114855752166903,0.5485816078656076,0.5653065813473774,0.6074188322039709,0.5743674141881734,0.6288039007352196,0.5960812091381831,0.6844074141300301,0.8120330455443255,0.5907783479793771,0.588443984537043,0.5500720336856094,0.5986945777847114,0.6171266243201471,0.5575884550781759,0.5960503482583998,0.6627559013620332,0.5760695161889506,0.6269566128695172,0.6187357572906339
CMR,0.6873550189064439,0.6349778201197417,0.6123332949770898,0.5896139769379843,0.6266389803775385,0.6195013600349379,0.6636970483240429,0.6093927923112846,0.61548991872234,0.6061462132461416,0.7824720458663833,0.5927163035128716,0.6540298122780295,0.6458503580534661,0.6271972684843062,0.6406093748722138,0.0,0.6581565040015145,0.6147108097817467,0.5964215882380787,0.6952582741393152,0.6104578453707656,0.6519327409270784,0.6373404339702589,0.659044506508,0.6209681659464517,0.6175854294558101,0.6221151818894846,0.6385725894727611,0.6092495583781944,0.6550244118660468,0.7075833821407871,0.6384271096326349,0.6027186550324427,0.6060918662358963,0.6390521803145544,0.6741016952271466,0.6776509386606329,0.6546260791264102,0.6229146145600855,0.6617308728980651,0.6168704806386957,0.6395996686838512,0.7255979517774652,0.6610329169915244,0.7090782217029362,0.6041815282801851,0.685313943879359,0.629096491967888,0.6348901050996957,0.6088254524895392,0.6860033010740262,0.6675650650984538,0.6205624927863641,0.7065126462200666,0.6345354511099128,0.6388929324659484,0.6267471735159271,0.6068066510585591,0.5831557455219555,0.651246525779902,0.6006283197860804,0.6125077828228991,0.622857312854891,0.6026161936354634,0.618906894803852,0.6248775790015488,0.737040546786653,0.7934236815365178,0.64096596383318,0.6439195257951138,0.6296787511629838,0.6120143072987483,0.6140188823552805,0.5922177002242738,0.6518064863983847,0.6383411018661479,0.6108703991604113,0.6350585084349608,0.6302562320735278
COD,0.6564024063896257,0.5994264992762274,0.5051376584127092,0.5078536914849743,0.5911434912358159,0.5977021805275531,0.5289656331481438,0.5827691688281081,0.5714495277748514,0.5975564792001165,0.7984625854141455,0.5425335770915055,0.6641894622178749,0.6188078314116633,0.5867947462220415,0.7083561824003217,0.6581565040015145,0.0,0.6040958711605391,0.6450136858234772,0.6841871544873284,0.579109857960841,0.5997997624119393,0.6049688131487629,0.5841925922047513,0.5722718856968414,0.5983253730700034,0.5657062477106649,0.6154239557879028,0.5635603164478833,0.6369783809597481,0.7116899516451849,0.6048315204317798,0.5754619682621274,0.6112466834699771,0.6220323512741607,0.6048190621096522,0.6189192806134077,0.6258624555769294,0.5999406931226977,0.635350450758854,0.5952205296632305,0.542696514685685,0.6345013804402289,0.6141688863446604,0.7123084350180465,0.6058963550915555,0.6808882121709022,0.5837621253888773,0.6141861754234554,0.5439291479205726,0.6757563647978068,0.5681618400801925,0.6187507371672853,0.7286262464605835,0.5920108527844553,0.5570357267568801,0.6063679741202922,0.49727185440222005,0.5370841892023892,0.6702577117027865,0.5793655367714586,0.5914022134485872,0.5479420064738111,0.5629529713589922,0.5552813099281803,0.6124280098553369,0.7165995480042638,0.783812162638762,0.6002738446514128,0.5963518033310997,0.6038202327368243,0.5952562372188142,0.5848505085051076,0.49563744316790403,0.6041674033510133,0.5572447354944766,0.5616124440729601,0.6057214042088022,0.6309482432880195
COL,0.6550144015921628,0.5889528303049683,0.5231417042780486,0.5177724950333354,0.5290185370177047,0.5352979720564841,0.6031125278204246,0.5609507263815758,0.5202516707109884,0.526110706175196,0.7637911049776641,0.5248580979176194,0.6015398807679945,0.5424079761663252,0.527174386893565,0.588151905527926,0.6147108097817467,0.6040958711605391,0.0,0.5720893883204851,0.6493396733120019,0.5393665072221269,0.5496758689109242,0.5711495560650602,0.6147564315876856,0.5347025859127973,0.5727342389221117,0.5553329530260515,0.5458913526691729,0.5253602023529553,0.6074943342907322,0.6819724798966075,0.566351244426234,0.5141188734062996,0.5395556539794362,0.5867684749063825,0.5844485567452058,0.6130515944371345,0.6023969942901418,0.541630800981234,0.6001285122056137,0.5362691595798914,0.6094514030565886,0.7333532960168193,0.5642198059733678,0.6642476140660214,0.5576986221008134,0.6295543608909983,0.5936174628090823,0.5509963665930928,0.5271157669788293,0.620424687679534,0.5967752984927469,0.5906846403873881,0.687710378445904,0.5537178607427239,0.5820366846835193,0.518531601976958,0.50648822611032,0.49433687511735114,0.552300103345573,0.5321189645240911,0.5207715561495742,0.5462287017640806,0.5459441145856011,0.5468196172120904,0.6011008102469998,0.6663957584393608,0.7792081386865374,0.5755964355492935,0.5772188138614999,0.5597792208538251,0.5285435956783595,0.6141990839826156,0.5104569749113671,0.5501333459316058,0.6113037706534589,0.5233409486390346,0.5533056938635702,0.5509723063661769
CRI,0.6575517378601079,0.5215475834025102,0.5432785547281189,0.5093224081723181,0.4870974616444263,0.46493904835904915,0.600220219682256,0.5052718678248483,0.4867280139980866,0.5133939296607695,0.7521155186536216,0.48156827146033526,0.5092728226941249,0.5541243708826348,0.569362236146303,0.5597031934087396,0.5964215882380787,0.6450136858234772,0.5720893883204851,0.0,0.567712551594499,0.5000160318086052,0.5143397352756338,0.5075010830570065,0.5795862114791911,0.48253071305375195,0.48903958931655905,0.49260428162049885,0.5003300257328064,0.4752521088038388,0.5259517692362095,0.5620298155657565,0.5123263990623543,0.4656084313160337,0.5079953717664104,0.5851550058831911,0.5769667430696799,0.5448525543440345,0.5286572016234401,0.4952157039718689,0.5783711285665667,0.5042076307211006,0.5637425528320731,0.6843744997070673,0.552821050777808,0.6604217717688696,0.4885737607021447,0.5475002127496041,0.509132715435809,0.5426977156220106,0.4938681800479157,0.5694764817042018,0.5985300790302972,0.5148740719281917,0.6437588634339756,0.4869289945614514,0.5258720152387653,0.5216793468751105,0.49213945726735664,0.5108496478072729,0.5559198637876961,0.4717980408127778,0.4902449281038182,0.5633657406897934,0.4871124921045103,0.5293450093393712,0.555553660255544,0.5988954049375556,0.7497386453579671,0.5248866957036821,0.5165451310208143,0.489752146781115,0.518108663731609,0.5772963488045172,0.4763080004395084,0.4923880439544515,0.569250707418655,0.5008827745196388,0.569644033878407,0.5503756413989412
CYP,0.7054476054126048,0.5979591121047466,0.6067852762085598,0.567892507680267,0.5555056691026752,0.5592000406669071,0.607453232145531,0.5763812765892062,0.5350785348694984,0.6131221971111644,0.828553060446844,0.60335811738583,0.5920127653957298,0.639329040102809,0.6332703915374073,0.6739831084725756,0.6952582741393152,0.6841871544873284,0.6493396733120019,0.567712551594499,0.0,0.5920097944267392,0.5967109266035827,0.5370525845258972,0.60720250752386,0.5721639848246421,0.528835026563145,0.6056649246283561,0.5823380589051314,0.5554446094552503,0.5629308161665624,0.6154464039124958,0.5774516384516405,0.5694844610385575,0.5957787592305328,0.6622500644511963,0.5853565558967305,0.5461702803993085,0.6327151161868101,0.5620071702149637,0.633535610808425,0.6039487110988744,0.660293052577834,0.7144436847995919,0.6180888372495382,0.7345426368926534,0.5876597438894698,0.564060729856609,0.5612071090128141,0.6033595916185942,0.6322017979437227,0.5499641352354093,0.6479643226100814,0.6060219208130633,0.7158812449814945,0.5719885702087899,0.5776444932882412,0.6015053514160796,0.5615229568200865,0.6048618860916836,0.6490070046030061,0.5739408971683082,0.5413676545512293,0.6271583444260396,0.5753779959407661,0.5936939256918964,0.6383094812199653,0.6312993545500238,0.7374849485781807,0.5870352854543825,0.5647084037899627,0.5851661484674927,0.6031792270444893,0.6370159666117717,0.5587894204442657,0.6070894496223317,0.6503606864004594,0.611759095553344,0.6289319622508673,0.6441343381889455
CZE,0.6370645687396954,0.4598931402154032,0.45758330652421997,0.44646382588385736,0.3697541707748203,0.43400197272354435,0.5501227699156176,0.4400813771745519,0.42497088355552787,0.49804510679087677,0.7935045649056415,0.44421616552160725,0.5027000209866354,0.5134547919325296,0.48131040733208164,0.5776044212801895,0.6104578453707656,0.579109857960841,0.5393665072221269,0.5000160318086052,0.5920097944267392,0.0,0.42027471426508173,0.5017617170411459,0.5620162814043855,0.4046498464541551,0.4239359928358318,0.4127086589258146,0.44222967021163145,0.4068509354859606,0.5449834386678646,0.611984054995139,0.45884207377173036,0.3978143191869563,0.5233839646443282,0.5645983641623826,0.4860673768750742,0.5377912466240157,0.5351445138527856,0.43001247101286505,0.5633364169202418,0.4731394524465579,0.5994562150832835,0.6697100537547748,0.4788400950118671,0.6995616952444604,0.4462553686440087,0.5408228712024343,0.42684294019261465,0.5170603830681831,0.48113142725666264,0.5134074576473309,0.5812694288777444,0.5006011370632215,0.6869838960452542,0.4214972535988931,0.48337568951730125,0.4681166941363587,0.4472454352197146,0.483044638403653,0.5516834311095599,0.3626894824065299,0.4115292601811282,0.45232875135435946,0.4094765384400367,0.5258113211627519,0.5311008961390256,0.5946470921571644,0.7516501007331972,0.37267719901452173,0.41844926627917683,0.408775683267349,0.5114932921798644,0.529043812418179,0.4065134630711394,0.4733619120169006,0.5232658026208646,0.4470925501143371,0.511857321714025,0.5238015614652726
DEU,0.6570756426976004,0.4707507308455916,0.4964969842647382,0.4702471118752527,0.36808530669121337,0.38266665130735394,0.5739673058027175,0.47965336024846533,0.4626997277374143,0.5035211758742668,0.8015384950272426,0.4530844322132362,0.47708119634057505,0.5040071432120875,0.5025945846174433,0.563677652910711,0.6519327409270784,0.5997997624119393,0.5496758689109242,0.5143397352756338,0.5967109266035827,0.42027471426508173,0.0,0.47721603760584874,0.5782062860000343,0.4011732978304555,0.4331766014541069,0.42176006476202615,0.39349775076290805,0.37976248136718405,0.5033407521872165,0.621414277626256,0.4568376384267867,0.4054931173337963,0.5578898959291224,0.6001332507174598,0.5030349915367348,0.5234761776310253,0.48870581527572876,0.371970606466973,0.6051889534612492,0.4584838942404544,0.6212270728977761,0.7007986285793243,0.4335302902966873,0.7346563103166942,0.5088938651045372,0.5583568883679733,0.4812168727652906,0.5307227410487164,0.48807287095077195,0.5162349446072334,0.5954986045118013,0.5555075259902538,0.6955453584283143,0.4077888185812758,0.46969199645165705,0.4587966705654454,0.4728809698307342,0.4980874122659902,0.5810930613889363,0.4144500656283071,0.43876295565000273,0.5076225054118737,0.44965351942442333,0.5384200505835347,0.5705295071679165,0.5666526171499964,0.7803529320122368,0.457695763167408,0.42301002203884847,0.3988656368598621,0.5335339231800568,0.5543114847927628,0.435837837071738,0.46101613920045403,0.5707175067447557,0.41959267996587035,0.5799737511921733,0.5626099516261667
DNK,0.6648482056972599,0.5462813515429856,0.5201507872750595,0.5165376723892121,0.4783158952032323,0.474464959205799,0.5567683998899163,0.548642179640519,0.5168211705865436,0.5529423081591747,0.7839235776739225,0.4963175070164814,0.525546752712989,0.5734680501778872,0.5710320866092682,0.6115714409937258,0.6373404339702589,0.6049688131487629,0.5711495560650602,0.5075010830570065,0.5370525845258972,0.5017617170411459,0.47721603760584874,0.0,0.5837039603932566,0.5093848482575271,0.46084437120828503,0.5044139971697931,0.511383519329637,0.45061206539333704,0.5298379682159616,0.5628250930109593,0.5140123378812665,0.4919043517224252,0.5716261336451111,0.6368668988212954,0.5521100234041585,0.5617371461760403,0.5414984985892601,0.46150643082097925,0.6193591693771144,0.5342298342225769,0.6130989839418485,0.7088234504797336,0.544524455485641,0.7216172876812222,0.5411947684952116,0.5482340326455718,0.5166092083553121,0.5963548213609244,0.5314600648668307,0.5679864314346053,0.6052345518256463,0.5674233221831545,0.6842765947535198,0.45394865406968166,0.4311846064494051,0.527009020512232,0.49772678524868047,0.5454821065150856,0.6018120267623864,0.5094876078957898,0.4890609234478255,0.5717806831035168,0.5026962432476297,0.5297804492783533,0.5918166138376215,0.5581130385010259,0.7783046441082802,0.5414315940179343,0.522473529570692,0.49199120804357493,0.5601814833007128,0.5830510173094423,0.5098722600428803,0.550439302838599,0.60059768259521,0.48585579572271753,0.5843307842560092,0.5968640615351436
EGY,0.701973278611336,0.577541119442105,0.5065811026385834,0.536637113833444,0.5725367058269596,0.5452051176137844,0.5753591261054528,0.5424159187794639,0.5096215464407143,0.5516105810822586,0.7836231241016726,0.5427242205622412,0.6268147976831328,0.6184923315609663,0.5373103171491165,0.665636644066211,0.659044506508,0.5841925922047513,0.6147564315876856,0.5795862114791911,0.60720250752386,0.5620162814043855,0.5782062860000343,0.5837039603932566,0.0,0.5401528393685494,0.5759669909606578,0.5671199423275115,0.5943519486925343,0.5642568258886201,0.5594104673188935,0.6993415145056807,0.5634428957030837,0.5434138871812921,0.5968998187834582,0.5950005709838505,0.6510583044321553,0.6072481607388269,0.6060857507289039,0.5528675511721891,0.5608362077614476,0.5595158431639006,0.6006478629960889,0.6589546938237596,0.5525224077833087,0.7219487490967736,0.5828549022294786,0.6677201709491296,0.5950182206226811,0.5793260027294513,0.5502644990588956,0.6433605221185816,0.5834849359919031,0.6059171172613432,0.7353610048447085,0.5658803632718841,0.5652627468310889,0.573629516443263,0.47264899264045745,0.5416455359718984,0.6325364073521288,0.5641105193528894,0.5646472307303952,0.5502026694461406,0.5308772225967087,0.5834550207940531,0.6328252188322898,0.6690700371580139,0.7997677283322718,0.5661781862261295,0.5872348570083719,0.5688377264334585,0.5686903079824551,0.6159175477019535,0.4657141988750261,0.5423013165458864,0.5634288692353031,0.533864796620756,0.5877565974175494,0.5918964645180738
ESP,0.6520956128783796,0.4521499803687999,0.46826339648159365,0.4276787368830337,0.372168351026657,0.39243837012882,0.5609388653138787,0.43331805621029773,0.4189795245733597,0.45699839189173697,0.795972051335529,0.4466739592425743,0.48805713691285557,0.5321113133680746,0.4749242660473317,0.5489395126267941,0.6209681659464517,0.5722718856968414,0.5347025859127973,0.48253071305375195,0.5721639848246421,0.4046498464541551,0.4011732978304555,0.5093848482575271,0.5401528393685494,0.0,0.4392679406149936,0.41578662652401205,0.40809521700552226,0.40131205249536384,0.4953357903808461,0.6255875110009044,0.4479087528633171,0.3965889392756722,0.5077419413732198,0.5456419822946259,0.49179814809303424,0.5116098725521467,0.5239825728965107,0.36669240069400133,0.5789141738721906,0.44436961441074097,0.5978030484171428,0.6739070398616854,0.4321111149980954,0.724421691390394,0.4589702082404608,0.5280695361062696,0.4396739786301915,0.49653116221271343,0.46470159205350137,0.5174573025584771,0.5727750895115064,0.5272575602165773,0.6818811535026652,0.4288462947163343,0.48907473124968015,0.47100818294030217,0.4480020535963287,0.4687380118035474,0.5660031721067623,0.38136367955792827,0.3912762871089135,0.4890481237639299,0.42316916334869487,0.435777445634528,0.5355438105433309,0.5916739969667221,0.7540403115059289,0.4137632732604109,0.4156887909633334,0.4128260547040428,0.4801944204213577,0.5442926526506955,0.38104407014909775,0.4375208752829578,0.5560886946504883,0.45252430684041595,0.544719725342499,0.5246855808738025
EST,0.6482652223282083,0.5270309732919746,0.5007276547060712,0.4935434391432997,0.4104392035757578,0.4486665872928869,0.5556000083379559,0.4919868839182414,0.48162315602013805,0.5364527246942203,0.8020327019433938,0.4822898261382094,0.508941957250774,0.5262150972399358,0.5619488537717671,0.5713588452197973,0.6175854294558101,0.5983253730700034,0.5727342389221117,0.48903958931655905,0.528835026563145,0.4239359928358318,0.4331766014541069,0.46084437120828503,0.5759669909606578,0.4392679406149936,0.0,0.46442359155550333,0.4678286895549914,0.43532054056875696,0.5309532400914708,0.6028659289925146,0.47275911801006837,0.4460711160797834,0.5510494232130542,0.6160046313524119,0.5118252342983001,0.5480466276222735,0.5539369423053104,0.43659066022361276,0.6043311840068427,0.5116889342603131,0.599038045403589,0.6878272381553154,0.5323978837909968,0.7063864528097593,0.41315092502098,0.5286752602701269,0.39182844549724866,0.5334845557739804,0.5160405662043236,0.4892737482645525,0.591397161574853,0.5425264746972193,0.6884171088834437,0.4547819549090092,0.46305160264857287,0.5098959918338402,0.4799021457226204,0.5162500314504703,0.5757047496838809,0.42032663904119727,0.4544642431476243,0.5189515852981424,0.4513640416047283,0.5256818984820849,0.5404037736420294,0.5880786306198067,0.747277595093519,0.45605753816246136,0.43554873565578933,0.4226657199707674,0.5494301419466575,0.548587951207255,0.4423450630804589,0.5207351462792085,0.5593182850794532,0.5004947642492855,0.5479503666421104,0.5811893711980419
FIN,0.641477824184081,0.4567342343374642,0.4784878477462636,0.4634516181949857,0.4022076238427591,0.41225915429785503,0.564009011833234,0.4725109501837494,0.4538973216792575,0.4980667724876324,0.7772334870375748,0.4279603004335997,0.48514553153854323,0.5055819430883879,0.4897556779171323,0.5617157668796952,0.6221151818894846,0.5657062477106649,0.5553329530260515,0.49260428162049885,0.6056649246283561,0.4127086589258146,0.42176006476202615,0.5044139971697931,0.5671199423275115,0.41578662652401205,0.46442359155550333,0.0,0.43950335662620876,0.4239878295224127,0.5296773233578191,0.603705248630574,0.462168921495258,0.4034394543886886,0.5239660006487876,0.5770128814662586,0.5178214837999942,0.547147675007535,0.5172819891377701,0.420832039511901,0.5811575084434956,0.458976699829157,0.5934315720808772,0.6603065179403729,0.4565754852578552,0.7079498926124098,0.49196132674263454,0.5457379461343751,0.4463116833228351,0.5221179302187458,0.47253069922290075,0.5341036266920852,0.5698610801069957,0.5199007333385722,0.6866320273796626,0.44204915106716713,0.47959015782257813,0.4794563764056462,0.4525885266973995,0.49207155050924317,0.551581204112968,0.39638932436513746,0.4109426951066857,0.5112668671931055,0.45128445014813673,0.5350405605801721,0.5434952727662778,0.5666653651449466,0.7659373759362642,0.45507493436606017,0.4374248809400609,0.37730578648167995,0.5272797978249198,0.5303561518059186,0.4177038973172504,0.4543089164616813,0.5481403642074771,0.43355673791062455,0.5469212996827955,0.5333270793510406
FRA,0.639469183614735,0.46337437258171466,0.5262008759273811,0.45867693674154547,0.37808850436432445,0.3899509971915538,0.5832617997885883,0.49335139376881204,0.4749338519479748,0.4960481797751334,0.7892539269481496,0.4522511346048436,0.4887545097026344,0.48406011489651973,0.5541349845295244,0.5535180571933741,0.6385725894727611,0.6154239557879028,0.5458913526691729,0.5003300257328064,0.5823380589051314,0.44222967021163145,0.39349775076290805,0.511383519329637,0.5943519486925343,0.40809521700552226,0.4678286895549914,0.43950335662620876,0.0,0.37957488109549264,0.5127808369202387,0.5980298305276983,0.4631371525804082,0.4079001836220829,0.5611596942767416,0.602198556395903,0.48949563952093,0.5268344158168634,0.48862645116422976,0.4019919386373222,0.6175145021277919,0.4809584022898693,0.6113271810773538,0.700905173509666,0.4798351576269231,0.7247621711752902,0.48657304013995445,0.527879921743569,0.46048086669637933,0.5262514654090792,0.49343490254172523,0.523140118543491,0.6014325399018701,0.5375209772836528,0.6766760608947788,0.3852791097062254,0.49820609331077126,0.4556349865242576,0.487609768263897,0.48565886090770066,0.5977502627103117,0.41761076622325033,0.4068493944537635,0.515794455797013,0.46213984084045745,0.5210472956539186,0.5430881273407598,0.5689491930719234,0.7676606748713235,0.44637151083246007,0.41732413309410077,0.42794929528006426,0.5224101058784903,0.5532760146703826,0.4559036980253676,0.4718567083421796,0.5812669700066049,0.43534591933071265,0.5934021441049719,0.5504890191375769
GBR,0.6201930001559329,0.45718623066543645,0.4553643427621493,0.4017161248301728,0.3737946005833019,0.38145314274162273,0.5330300187279077,0.48901832714394833,0.44477703714510025,0.47485802597283117,0.7986250674602722,0.41076625728388083,0.46930068544351133,0.4814639490499421,0.5078658039507951,0.5610018149279246,0.6092495583781944,0.5635603164478833,0.5253602023529553,0.4752521088038388,0.5554446094552503,0.4068509354859606,0.37976248136718405,0.45061206539333704,0.5642568258886201,0.40131205249536384,0.43532054056875696,0.4239878295224127,0.37957488109549264,0.0,0.5144128065268132,0.571589136438427,0.4457190205728542,0.4038774859633517,0.5275843725411059,0.5754542680575955,0.42943973174634426,0.470911980104853,0.475656011471406,0.378444974237088,0.5738979086761361,0.4657029083468589,0.5689499518855136,0.6862917479913005,0.47622673213020644,0.7191052743779038,0.4720565426769511,0.4993649600224386,0.44878798579009727,0.5276883128628787,0.45977062247492706,0.502265922385785,0.5758263115907898,0.5050564090536896,0.6546791442944226,0.3580159870218836,0.43807981068754537,0.43075893153732736,0.447293467494802,0.4502094941198086,0.5605368949305608,0.40565634505640524,0.4085398387217151,0.4750780157319098,0.4165879197962618,0.495732810494477,0.5313600857853326,0.5491089311580489,0.7335342877726108,0.44003827598957107,0.3931968639915663,0.432832641430529,0.4995192407842718,0.5283232923506106,0.40545272938125,0.4615988095625212,0.5635064663399763,0.3981556773419176,0.5350694847077831,0.5465284744337263
GRC,0.6794877968646511,0.5344382905565096,0.5543403901571938,0.5231261882867158,0.4878280651844206,0.4844180649066395,0.60018338663996,0.503082933576149,0.4925098040216901,0.5453543196895317,0.7749678230492809,0.5082789287402785,0.5581695948688531,0.5303741858226692,0.5732270246498764,0.6134611898955393,0.6550244118660468,0.6369783809597481,0.6074943342907322,0.5259517692362095,0.5629308161665624,0.5449834386678646,0.5033407521872165,0.5298379682159616,0.5594104673188935,0.4953357903808461,0.5309532400914708,0.5296773233578191,0.5127808369202387,0.5144128065268132,0.0,0.6432191758342064,0.498407308780618,0.4685052197147536,0.5893049626163492,0.6085313139121205,0.5975362445436245,0.558763791328791,0.5313788531335606,0.5017534038816713,0.6046472148084434,0.519517678757296,0.6179457189736565,0.7132740663738064,0.5324409482079808,0.7404853629528676,0.5576827025388157,0.6051944587645348,0.5266006467138099,0.559302219702177,0.539165907425152,0.599377728034869,0.6210360233318061,0.5917612130774367,0.6933274305903234,0.5096139308046294,0.5484339242456578,0.5429733306704261,0.5081328427002879,0.5385629263670736,0.6208747375661942,0.5141643461474407,0.5033284743271517,0.564074196155176,0.5020721815413671,0.5713791233358984,0.5978283030925597,0.6187558442000676,0.7756790176089503,0.5442366897484087,0.5317033041115375,0.4896088434118588,0.5481037789617292,0.6028229781585059,0.5084132000990226,0.5164286474384291,0.6227330747976569,0.4963586771096293,0.6040755797240713,0.5884942785933983
HKG,0.720593724366768,0.5953854912894372,0.6829218948478961,0.6168294043429561,0.5988617353868491,0.5801099098042114,0.657995223352776,0.650786249830811,0.6317275138354677,0.6691796218011938,0.83815544033963,0.627616116053258,0.594315094448797,0.6575479589949196,0.7223689727260278,0.6926481032861626,0.7075833821407871,0.7116899516451849,0.6819724798966075,0.5620298155657565,0.6154464039124958,0.611984054995139,0.621414277626256,0.5628250930109593,0.6993415145056807,0.6255875110009044,0.6028659289925146,0.603705248630574,0.5980298305276983,0.571589136438427,0.6432191758342064,0.0,0.6256947329900074,0.5972707216720997,0.6605378481859581,0.7267282315128064,0.626289496046787,0.594064293799031,0.5990317340666913,0.6210555922491678,0.6847435659747741,0.6143838285146879,0.6568672889057384,0.7386981636749216,0.6755834940393366,0.7056646974541643,0.6178689763530666,0.5706809596228303,0.58993839246088,0.7054343239004344,0.6400462874646932,0.6208314519990221,0.747011850636798,0.6036760383668786,0.6819532646762477,0.5570213981639771,0.6084194566681076,0.6347565430026479,0.6494138443068374,0.6747485667168612,0.6513580103063744,0.6012803632260295,0.5889139115806692,0.6759240281619924,0.6101704913350673,0.5847427704633238,0.6611196003130466,0.5576420739288145,0.7560096489786782,0.6243100368901534,0.6043445500706095,0.6229645077989103,0.6613500941326553,0.6898117820792742,0.6401280973727501,0.634005630509878,0.68858520349991,0.6194609162525506,0.6960862089919003,0.671561936235317
HRV,0.5906224525690263,0.4711191660288012,0.48654622392644803,0.47763460528895585,0.44755505102080995,0.44359686379215313,0.5752536226974333,0.4774135304191869,0.43232200002207005,0.5086612618481225,0.7696487203269955,0.4689861949938925,0.5192740953563402,0.5061008807344021,0.5112518776446238,0.5845900901409403,0.6384271096326349,0.6048315204317798,0.566351244426234,0.5123263990623543,0.5774516384516405,0.45884207377173036,0.4568376384267867,0.5140123378812665,0.5634428957030837,0.4479087528633171,0.47275911801006837,0.462168921495258,0.4631371525804082,0.4457190205728542,0.498407308780618,0.6256947329900074,0.0,0.4085833869558333,0.5315551718549928,0.563896731104388,0.5350653397762987,0.5317419882725576,0.5425115980717105,0.43970613526002444,0.5713557347699221,0.48856269395442564,0.6013139540532048,0.6879550697484194,0.508777951679883,0.7012808899186636,0.4809071548934234,0.5624605427265513,0.4847540959062698,0.5184889744904839,0.5064374628859161,0.5377202042346683,0.5923505164112225,0.5545840466671825,0.6835377588760698,0.4541391376296869,0.4825698960925417,0.4594652176933838,0.4667207284510546,0.4968181423079993,0.5659273990433429,0.4290056082007364,0.4628558181896424,0.4949842866323008,0.41015921625675666,0.5536556766542422,0.572227904849389,0.6012395985921298,0.7670035030927129,0.44112403361621433,0.4578418059829834,0.45609114460229205,0.5020290643543612,0.5385158677443705,0.46116221134840296,0.49729662907852556,0.5809901554486661,0.46255421500411764,0.5459501010295449,0.5505799058876106
HUN,0.6091334133898724,0.42429651286675124,0.4529345057799106,0.4254218056693789,0.3652440439260783,0.3894789636837268,0.5401464222229289,0.4040833691674547,0.4032729910026263,0.46639354686310774,0.7560031824094118,0.4082107840520942,0.4938068849534018,0.48657456878240746,0.47763089893224725,0.5425882710517039,0.6027186550324427,0.5754619682621274,0.5141188734062996,0.4656084313160337,0.5694844610385575,0.3978143191869563,0.4054931173337963,0.4919043517224252,0.5434138871812921,0.3965889392756722,0.4460711160797834,0.4034394543886886,0.4079001836220829,0.4038774859633517,0.4685052197147536,0.5972707216720997,0.4085833869558333,0.0,0.4979504261048277,0.5201285051036044,0.495240304675989,0.5163090001952562,0.4839497143098581,0.39869301521905254,0.5449741102724663,0.4381493356353206,0.5663495102066467,0.6611497991810339,0.4600866685846358,0.6845891601876909,0.44359573658067636,0.5385534016306538,0.4493554296841954,0.46014078724888297,0.43819141059132305,0.5213715560938769,0.5562997372266684,0.5098248767220869,0.6610229136615796,0.4154465908727408,0.4778086668623481,0.43857230836719974,0.41872018046571624,0.45785585909072346,0.5405045315947747,0.3802615012729143,0.3928583627410937,0.4797859778149324,0.3879637852592275,0.5119058019758277,0.5251677346852816,0.5872208300897837,0.7309120442011032,0.4173091406591969,0.42824831330857627,0.3850005569853015,0.4868789116920274,0.4987132065433807,0.400157275120052,0.4524294420169322,0.5426861231436353,0.4058979541386448,0.5377077335709289,0.49555560238634566
IDN,0.6387284690642645,0.502084368787936,0.5156809297846711,0.5090026612948564,0.5233741531671717,0.5414612919428682,0.6119259547627367,0.5120827661589241,0.4510826331544329,0.4994208238580256,0.7511941603696206,0.5169492118593815,0.5914769910713992,0.6039949100904156,0.4811807276451632,0.5916533403352784,0.6060918662358963,0.6112466834699771,0.5395556539794362,0.5079953717664104,0.5957787592305328,0.5233839646443282,0.5578898959291224,0.5716261336451111,0.5968998187834582,0.5077419413732198,0.5510494232130542,0.5239660006487876,0.5611596942767416,0.5275843725411059,0.5893049626163492,0.6605378481859581,0.5315551718549928,0.4979504261048277,0.0,0.5504974502178104,0.582133217003288,0.5896197953114262,0.6096818995933435,0.5332142054207997,0.5451246756428328,0.5148627795545859,0.6081106799347299,0.7030114657558323,0.5482331828657462,0.6489273906824737,0.5529293806604139,0.597574856069305,0.5822901661590685,0.5184088430188702,0.5200840388360995,0.5949534280348312,0.5530518703448454,0.5255228562829114,0.6826688102464344,0.5567658220431975,0.5491669246581454,0.5455103768858474,0.48735597910715217,0.5170936831289915,0.5140878540735441,0.49337935029094065,0.5159288936045324,0.5357363241176921,0.4914883713475583,0.5497957055762968,0.625053314984939,0.641462404620844,0.7689613197811611,0.5461159311716501,0.5610404265430814,0.5415087607986009,0.4659320159153336,0.5747283318860844,0.4962495673886977,0.49576234475119063,0.5598008271846107,0.5329960717843862,0.5252808554554945,0.5622892132943657
IND,0.6731584692526962,0.5762741421876042,0.5134985587680839,0.5376173078513471,0.5732412228993374,0.5730376696670999,0.5923441291470003,0.5166537389781054,0.5023570740157569,0.530404128161112,0.7739788643674551,0.5394444646710754,0.6486466887573988,0.6348898403885044,0.5258397342838635,0.6116422266129977,0.6390521803145544,0.6220323512741607,0.5867684749063825,0.5851550058831911,0.6622500644511963,0.5645983641623826,0.6001332507174598,0.6368668988212954,0.5950005709838505,0.5456419822946259,0.6160046313524119,0.5770128814662586,0.602198556395903,0.5754542680575955,0.6085313139121205,0.7267282315128064,0.563896731104388,0.5201285051036044,0.5504974502178104,0.0,0.6427772198827112,0.6171760315163192,0.6135808334693019,0.5716562630633661,0.5532627230056999,0.5602052513145175,0.6076135524997257,0.6966370885059395,0.5793650270248126,0.7046527193354203,0.5791379877473035,0.6694760522382645,0.6181961723275339,0.532091904420394,0.5225249852450461,0.6695636294042024,0.5840403157134948,0.5880685620273236,0.7383576906024033,0.5928784983023311,0.6048683052367687,0.5859250944312038,0.4854008537018151,0.5577640414256954,0.5794432151679404,0.5507033339993866,0.5795073253651911,0.5470641858499093,0.5194425521986129,0.6151816650666979,0.6208784306169404,0.7074754215456355,0.7840975725031191,0.5744745479034754,0.6072842627050038,0.5834879534046754,0.5345957637822674,0.5875128748431764,0.5132219438801361,0.572088628949712,0.5847676204994898,0.5562082007210266,0.5842148285355243,0.5701984459237127
IRL,0.6762209759229666,0.5232304573963571,0.5600833189802137,0.5053219092429634,0.4637025525345284,0.5127044044452735,0.5908747588672438,0.5448846190043626,0.5332640732264381,0.5701320387545115,0.8264102934373462,0.5356188688707331,0.5540928386859987,0.5593090787367428,0.5880834547366529,0.6337099986992566,0.6741016952271466,0.6048190621096522,0.5844485567452058,0.5769667430696799,0.5853565558967305,0.4860673768750742,0.5030349915367348,0.5521100234041585,0.6510583044321553,0.49179814809303424,0.5118252342983001,0.5178214837999942,0.48949563952093,0.42943973174634426,0.5975362445436245,0.626289496046787,0.5350653397762987,0.495240304675989,0.582133217003288,0.6427772198827112,0.0,0.5079178140907978,0.582219029564226,0.5009464009065293,0.6530215035431669,0.5477113353236034,0.6570514077646659,0.7089954940255658,0.5746876603847454,0.7394409421224264,0.5402021066426392,0.5484061775849681,0.5007438975462962,0.5815525199114989,0.576153571405537,0.5284966039340552,0.63090263196922,0.5633843932581168,0.6950198082443425,0.5026192983874749,0.5458277783483276,0.5331845917252487,0.5516852820800414,0.5416566775338943,0.6093955939227892,0.4920912989725799,0.4723887045313849,0.5684446137731364,0.5402215217600991,0.5364277844697052,0.585291913456768,0.6003008573613731,0.7127224988757929,0.5170693605620624,0.4653017304754514,0.5147887821044062,0.5651532981514034,0.5960360376728944,0.5052883020620388,0.5458485035706175,0.6213252940948966,0.5359214461415601,0.583190210487389,0.5976000857708533
ISL,0.6644576832979139,0.5622504757509476,0.573659226724919,0.5197799489652282,0.5252796229288619,0.5197324190855371,0.5621351561566149,0.5631901224602507,0.48146607590683205,0.572094962154714,0.8349727321327639,0.5386984030587847,0.565891241514317,0.5735976186430758,0.5919165367522806,0.6445358915767755,0.6776509386606329,0.6189192806134077,0.6130515944371345,0.5448525543440345,0.5461702803993085,0.5377912466240157,0.5234761776310253,0.5617371461760403,0.6072481607388269,0.5116098725521467,0.5480466276222735,0.547147675007535,0.5268344158168634,0.470911980104853,0.558763791328791,0.594064293799031,0.5317419882725576,0.5163090001952562,0.5896197953114262,0.6171760315163192,0.5079178140907978,0.0,0.5770010164386912,0.5300694870965036,0.6244354479027645,0.5554312869522992,0.6128388879149133,0.7153127939582872,0.5721469750659812,0.7450185489972315,0.566044150658927,0.552938701920315,0.5310375329735785,0.5822716716901482,0.5852059615906219,0.5557505754792486,0.6411896070716595,0.5799231885201327,0.6713976282078847,0.5210572545639491,0.5520011618051964,0.5359182641335958,0.5204929178646455,0.5598830595165594,0.6187303595387854,0.5324562243668802,0.520177515923043,0.5835669342074217,0.5312703821871086,0.5496992912445287,0.5951675058707749,0.6193405576449595,0.673103202461779,0.5415290054670925,0.5203126031903764,0.545541140826761,0.5690761446245522,0.5925868226541813,0.5077799976726879,0.5653849731064513,0.6192694191646907,0.5464040836308778,0.6133923521834985,0.5947618944505407
ISR,0.6812751020401501,0.527856041052044,0.5477653236188952,0.5348112357671583,0.49320964170118076,0.4430634357845346,0.6215474789443625,0.5665438609119581,0.5642295040763233,0.5415272156934439,0.794252569993677,0.5070236319478209,0.5289043790164644,0.5225414406951754,0.5963319390100695,0.6207331870748662,0.6546260791264102,0.6258624555769294,0.6023969942901418,0.5286572016234401,0.6327151161868101,0.5351445138527856,0.48870581527572876,0.5414984985892601,0.6060857507289039,0.5239825728965107,0.5539369423053104,0.5172819891377701,0.48862645116422976,0.475656011471406,0.5313788531335606,0.5990317340666913,0.5425115980717105,0.4839497143098581,0.6096818995933435,0.6135808334693019,0.582219029564226,0.5770010164386912,0.0,0.49461975629054855,0.6225627818344929,0.5384354739019552,0.6271996087748176,0.7207016475111954,0.5413963660211503,0.7518889250725961,0.5776984023503731,0.5782871425624921,0.574619422739126,0.5917519760208718,0.5164175651402603,0.5942583851972921,0.6411132346650951,0.591221210627809,0.6955045651630032,0.45586700076145553,0.5585319194601915,0.5436560959157637,0.545840749014841,0.5346458166554524,0.6258273038512948,0.5227342300657101,0.49288817805504265,0.5970837467944731,0.5329955849292776,0.5615902585942514,0.6109493821614488,0.5899150283848567,0.7734846697104438,0.5797221297635635,0.5347204278548869,0.5176542654637769,0.5726538015320483,0.5988189672232208,0.5272415896648609,0.5169210384203019,0.6207846709538521,0.4810600449880723,0.6252010198072977,0.6010023744951914
ITA,0.6613699295570197,0.4548585308198465,0.4692971812794486,0.4473081882369079,0.3837673494215562,0.3893851500697645,0.5677466658514183,0.4693024177869234,0.4546362297329221,0.4765363749364773,0.7923068577467282,0.43963862438595996,0.4960772144764025,0.5165880550545685,0.4870126254082447,0.5556278985459215,0.6229146145600855,0.5999406931226977,0.541630800981234,0.4952157039718689,0.5620071702149637,0.43001247101286505,0.371970606466973,0.46150643082097925,0.5528675511721891,0.36669240069400133,0.43659066022361276,0.420832039511901,0.4019919386373222,0.378444974237088,0.5017534038816713,0.6210555922491678,0.43970613526002444,0.39869301521905254,0.5332142054207997,0.5716562630633661,0.5009464009065293,0.5300694870965036,0.49461975629054855,0.0,0.5930613285331225,0.4508322523845091,0.6109904916712755,0.696451114411031,0.4505722525987433,0.741000188108925,0.47996403905599905,0.5275067574269874,0.4615714340414778,0.5167229527200019,0.4634397155247139,0.5145621218389835,0.5836557344464571,0.5473433216461322,0.6715511941694424,0.4164722103134988,0.4749395275433768,0.4774576824102677,0.4718144861937687,0.481784539540659,0.569563016672264,0.40238976271902915,0.41433532054452404,0.5034755575174394,0.4329709865134891,0.507325700562743,0.5552238788960989,0.5789619232173822,0.7648919082756936,0.4518989998300838,0.42990391859388377,0.4014473574688426,0.5049285097436674,0.548960505210144,0.42015521043890236,0.454494152360461,0.5662501044065229,0.43139099336664677,0.5733901036113263,0.534750403807218
JOR,0.7094831763744157,0.5750866145482177,0.5616424571609345,0.554435349763585,0.591950299746503,0.5848049672646431,0.6167411019340204,0.5408815018480468,0.5050248899663725,0.5575979665465663,0.7547549211991076,0.5388325818130807,0.6646479938330874,0.630302393833857,0.5431669443249882,0.6529464344619499,0.6617308728980651,0.635350450758854,0.6001285122056137,0.5783711285665667,0.633535610808425,0.5633364169202418,0.6051889534612492,0.6193591693771144,0.5608362077614476,0.5789141738721906,0.6043311840068427,0.5811575084434956,0.6175145021277919,0.5738979086761361,0.6046472148084434,0.6847435659747741,0.5713557347699221,0.5449741102724663,0.5451246756428328,0.5532627230056999,0.6530215035431669,0.6244354479027645,0.6225627818344929,0.5930613285331225,0.0,0.5564349881247017,0.614449000082896,0.7296674905077298,0.5881891355046548,0.6802470544515913,0.5823689976588493,0.6564370310170923,0.6329340305667789,0.5706988481072216,0.5614391484291517,0.671227519450817,0.6432797484514879,0.569705729075396,0.7495756631102592,0.5896730953985247,0.5988428962065244,0.5912992684454669,0.5294602424472017,0.5545193365126453,0.5956101170817235,0.5660405849853347,0.5800425313380951,0.5840771245994107,0.5168422730180741,0.6206706119763876,0.6391619759514843,0.6860532579325459,0.7728005970917414,0.5869650454923211,0.6236473250173062,0.583646495994899,0.5459261666638942,0.6140370389252878,0.5453692885939211,0.557493173731996,0.579315443192497,0.5593794778099598,0.6053924489669675,0.5790985313545153
JPN,0.691135454273641,0.4876458024129873,0.4906351502802596,0.47068945923015254,0.46292427922884477,0.46355736074846116,0.5762631498517351,0.48301423330679566,0.45234332328884264,0.49741993770455695,0.7939650778659934,0.4498435470834065,0.5271592988025612,0.5485676793352033,0.47995550870824777,0.5456581705115106,0.6168704806386957,0.5952205296632305,0.5362691595798914,0.5042076307211006,0.6039487110988744,0.4731394524465579,0.4584838942404544,0.5342298342225769,0.5595158431639006,0.44436961441074097,0.5116889342603131,0.458976699829157,0.4809584022898693,0.4657029083468589,0.519517678757296,0.6143838285146879,0.48856269395442564,0.4381493356353206,0.5148627795545859,0.5602052513145175,0.5477113353236034,0.5554312869522992,0.5384354739019552,0.4508322523845091,0.5564349881247017,0.0,0.589725758254083,0.6707570716016785,0.45586637201141794,0.7124755562101889,0.5073328908434886,0.5832853078029895,0.5093887337343673,0.5124598706965855,0.4749491955969117,0.5697600712627381,0.590191975390507,0.5566885402542158,0.6892940998758449,0.49518882496626393,0.5336209323242859,0.53937521530693,0.4785664718132169,0.4920977623859806,0.5638380492847999,0.4431929672846165,0.4634757537899821,0.518011721092262,0.4643418781098032,0.5323426485642319,0.5728392642786708,0.6006275147081569,0.766790336545931,0.48944736404475225,0.5044327598542738,0.4481674413000553,0.48576843568058775,0.5865666366741644,0.43284587686766407,0.4426067323753782,0.5577378419355414,0.4782972757338104,0.5367349257442895,0.5416114213645091
KAZ,0.6647898633070224,0.6238533936118169,0.5458877118565187,0.5232828362822805,0.5959778045811779,0.5979198057343633,0.5643665032270465,0.5681411684427428,0.5694086207687283,0.5818814253638499,0.7766011598149908,0.5426733244793406,0.6345345287548828,0.6036472080179605,0.6247437776533957,0.6614391551752058,0.6395996686838512,0.542696514685685,0.6094514030565886,0.5637425528320731,0.660293052577834,0.5994562150832835,0.6212270728977761,0.6130989839418485,0.6006478629960889,0.5978030484171428,0.599038045403589,0.5934315720808772,0.6113271810773538,0.5689499518855136,0.6179457189736565,0.6568672889057384,0.6013139540532048,0.5663495102066467,0.6081106799347299,0.6076135524997257,0.6570514077646659,0.6128388879149133,0.6271996087748176,0.6109904916712755,0.614449000082896,0.589725758254083,0.0,0.6734583332538346,0.6493920449767191,0.6534357548968293,0.5749286858461644,0.6556104725217875,0.5886182989857445,0.6051210258280116,0.5241632074419827,0.6748496579774773,0.6097964053574645,0.5889755990699276,0.6844927037954054,0.6045470203446884,0.5934049448758775,0.5699929021959654,0.5057114461528132,0.5605129855371107,0.6262521060598394,0.5783142139479718,0.6062607933778414,0.5813223526463227,0.516802836639122,0.5922407329801673,0.6222131771027829,0.7193210443489223,0.7770496033888896,0.5981839412749653,0.6294333309142431,0.6069987624493134,0.6068738752667727,0.6198722469891659,0.5420233614652809,0.6357371241422451,0.5843240970519312,0.5538655231392317,0.6098654373655494,0.6131952221619913
KHM,0.7421025873342892,0.6872469100676892,0.649818174703648,0.6571059868438677,0.6699129663750912,0.662868752151154,0.6135727735485142,0.6260513053999447,0.6783961688198373,0.6947314486207372,0.828129282613008,0.6815348129896586,0.7051228559623061,0.7291174990071008,0.6843853003035545,0.7316888959406489,0.7255979517774652,0.6345013804402289,0.7333532960168193,0.6843744997070673,0.7144436847995919,0.6697100537547748,0.7007986285793243,0.7088234504797336,0.6589546938237596,0.6739070398616854,0.6878272381553154,0.6603065179403729,0.700905173509666,0.6862917479913005,0.7132740663738064,0.7386981636749216,0.6879550697484194,0.6611497991810339,0.7030114657558323,0.6966370885059395,0.7089954940255658,0.7153127939582872,0.7207016475111954,0.696451114411031,0.7296674905077298,0.6707570716016785,0.6734583332538346,0.0,0.7162474921407526,0.7412307319617134,0.6952438759383183,0.727789956759019,0.643290647156729,0.6732110432771379,0.6881725249141422,0.7257388621229205,0.6592956453038736,0.6961550294418848,0.7754838256075326,0.6990347991857004,0.7079282955952902,0.6972117444406422,0.6153660993817024,0.6851413124535922,0.7448176853409515,0.6598055316017418,0.6668632511335841,0.656250695780334,0.6694369687552546,0.6931264582966051,0.6781579431635781,0.7560312739279711,0.8065358137523446,0.657399392546947,0.675697828286567,0.6808419270415965,0.7124596910291431,0.6959603121937596,0.6235588568867977,0.6958611320307548,0.6060350570141664,0.6975496501261869,0.6793368967614354,0.7061872197151311
KOR,0.6764961830728611,0.5062331568309857,0.4748236104212548,0.5154371341979419,0.46155794408035883,0.47348818525696723,0.5789715029481414,0.5113141907737165,0.4326948952308134,0.4822082662908894,0.8108267271583276,0.4842403250464132,0.5496056672628636,0.5332156611163251,0.44091172430966763,0.5892653093323137,0.6610329169915244,0.6141688863446604,0.5642198059733678,0.552821050777808,0.6180888372495382,0.4788400950118671,0.4335302902966873,0.544524455485641,0.5525224077833087,0.4321111149980954,0.5323978837909968,0.4565754852578552,0.4798351576269231,0.47622673213020644,0.5324409482079808,0.6755834940393366,0.508777951679883,0.4600866685846358,0.5482331828657462,0.5793650270248126,0.5746876603847454,0.5721469750659812,0.5413963660211503,0.4505722525987433,0.5881891355046548,0.45586637201141794,0.6493920449767191,0.7162474921407526,0.0,0.7577336811746467,0.559582131567724,0.5941656187604595,0.5494599476794537,0.5342601653159724,0.4698472280194373,0.57670189396681,0.5870456348721758,0.5760208001945246,0.7170095825575517,0.5061458780420717,0.5303816671411323,0.5334696671049823,0.46312579066097004,0.5210942069632355,0.5620128992477758,0.46820925424615845,0.4912677058444302,0.5283897714398244,0.47786259204826176,0.5691650131725366,0.5928708454200123,0.5933377609249656,0.7929012654702677,0.5192839489137135,0.5076959143756741,0.46404372409601613,0.5080780263500283,0.5819662732980133,0.43832600408476896,0.4287835299095144,0.5811068439423863,0.4703656092290093,0.5568321778993855,0.5701904053916806
LAO,0.6971937440089179,0.7091795438637687,0.714990010629634,0.7080257591332385,0.7120717084775467,0.7206642645704313,0.7103876371445708,0.6628301865246934,0.6764567799890399,0.688756097772804,0.7366865247052737,0.6953852872532802,0.7389401462820127,0.6928596165416229,0.6983972008869088,0.6916379372388347,0.7090782217029362,0.7123084350180465,0.6642476140660214,0.6604217717688696,0.7345426368926534,0.6995616952444604,0.7346563103166942,0.7216172876812222,0.7219487490967736,0.724421691390394,0.7063864528097593,0.7079498926124098,0.7247621711752902,0.7191052743779038,0.7404853629528676,0.7056646974541643,0.7012808899186636,0.6845891601876909,0.6489273906824737,0.7046527193354203,0.7394409421224264,0.7450185489972315,0.7518889250725961,0.741000188108925,0.6802470544515913,0.7124755562101889,0.6534357548968293,0.7412307319617134,0.7577336811746467,0.0,0.655772612759115,0.7476409177553828,0.7264701919227805,0.6895654935768879,0.6936054914975515,0.7490230769844657,0.7150375301207118,0.6697671656763978,0.7444554443057705,0.7251725089760996,0.7238685149327383,0.6838175291998256,0.662974578061655,0.6892707003945368,0.6683514547037683,0.6709096144792516,0.6987185829735045,0.6748985113228761,0.6759487020037545,0.7120684701615917,0.7444887091566702,0.7818408197630446,0.8045987314634682,0.6809336551064339,0.7350135539889617,0.7281659373921147,0.684316972590607,0.6922840777359149,0.6844975735377514,0.714669601635065,0.6804785537626963,0.7151375404479822,0.6759279257148952,0.6761775741541795
LTU,0.6418254525978502,0.5433306940219883,0.518179394090234,0.5100246604673605,0.44948253860830784,0.4873586247660193,0.5749170707910516,0.46970379129845,0.4802793214722196,0.5233850834814024,0.7797613899067845,0.5000327059243997,0.5379709363073718,0.5511136928012784,0.5624943390520125,0.5758326994391809,0.6041815282801851,0.6058963550915555,0.5576986221008134,0.4885737607021447,0.5876597438894698,0.4462553686440087,0.5088938651045372,0.5411947684952116,0.5828549022294786,0.4589702082404608,0.41315092502098,0.49196132674263454,0.48657304013995445,0.4720565426769511,0.5576827025388157,0.6178689763530666,0.4809071548934234,0.44359573658067636,0.5529293806604139,0.5791379877473035,0.5402021066426392,0.566044150658927,0.5776984023503731,0.47996403905599905,0.5823689976588493,0.5073328908434886,0.5749286858461644,0.6952438759383183,0.559582131567724,0.655772612759115,0.0,0.5696316645876778,0.4473836256465603,0.5381812967252297,0.5151931930015397,0.5512388913581886,0.6127359149026417,0.5481374019451191,0.6825190643830462,0.49786644869123353,0.5352110170473884,0.5120128274878745,0.48628412354488093,0.5198118774764039,0.5654066479868498,0.43916547121144667,0.4652829895761733,0.5125194082830397,0.4653892652710731,0.536218240326904,0.5253872476738017,0.6257059613259431,0.7328648871703035,0.4405528541181012,0.4811317737666863,0.4782045568334921,0.5297232537180193,0.5410379784145357,0.45450151092600716,0.5372301792320683,0.5435348207813964,0.5234846241333807,0.5469263789117206,0.5497556544101341
LUX,0.6898366508018838,0.5638577822111147,0.590935690525261,0.5376925739864774,0.5121028368098891,0.5213121744671873,0.6196109730354324,0.5855874976899944,0.567097684680327,0.6000533267820751,0.8466574730172985,0.5625999559815629,0.5491150564377096,0.5868454634886775,0.6542061346050451,0.6128612883957887,0.685313943879359,0.6808882121709022,0.6295543608909983,0.5475002127496041,0.564060729856609,0.5408228712024343,0.5583568883679733,0.5482340326455718,0.6677201709491296,0.5280695361062696,0.5286752602701269,0.5457379461343751,0.527879921743569,0.4993649600224386,0.6051944587645348,0.5706809596228303,0.5624605427265513,0.5385534016306538,0.597574856069305,0.6694760522382645,0.5484061775849681,0.552938701920315,0.5782871425624921,0.5275067574269874,0.6564370310170923,0.5832853078029895,0.6556104725217875,0.727789956759019,0.5941656187604595,0.7476409177553828,0.5696316645876778,0.0,0.5090140129718582,0.6267624448862664,0.5964515852286276,0.5520669766476343,0.6772281374306969,0.589253599083498,0.6728187983512105,0.5095187255273472,0.5772389586274448,0.5671200936581354,0.5919809346280704,0.5719922395732988,0.6483921013489133,0.5360785674211086,0.5088028195149478,0.6163058871865937,0.5402954905287339,0.5625160024217425,0.6085601913126988,0.6149235781468133,0.7472113869023664,0.5669743249917701,0.5202127930724407,0.5482223748419934,0.5975790438119137,0.6266487547587806,0.548979784223571,0.5951079238652126,0.6620419925420157,0.5706764748019778,0.6573372750553566,0.6289629764114388
LVA,0.6654567337026417,0.5185230229979922,0.5167820143325978,0.47592635785881243,0.4054995101005111,0.44381034177685874,0.5505630627550315,0.4892319660918338,0.5002419393818341,0.5541971805430747,0.8023072978961204,0.4940784500039204,0.5051090854635678,0.5356634273020949,0.5896003808680297,0.5855733836199315,0.629096491967888,0.5837621253888773,0.5936174628090823,0.509132715435809,0.5612071090128141,0.42684294019261465,0.4812168727652906,0.5166092083553121,0.5950182206226811,0.4396739786301915,0.39182844549724866,0.4463116833228351,0.46048086669637933,0.44878798579009727,0.5266006467138099,0.58993839246088,0.4847540959062698,0.4493554296841954,0.5822901661590685,0.6181961723275339,0.5007438975462962,0.5310375329735785,0.574619422739126,0.4615714340414778,0.6329340305667789,0.5093887337343673,0.5886182989857445,0.643290647156729,0.5494599476794537,0.7264701919227805,0.4473836256465603,0.5090140129718582,0.0,0.5500412773119061,0.5380323903255149,0.4985060853434238,0.6229951103366087,0.554585131134026,0.6733638537212266,0.4705491299476845,0.5058016312256687,0.510987193821579,0.5116376181422216,0.5332054605931831,0.6058545781337561,0.4320214817210265,0.42751350621491213,0.5144202183514472,0.4562643173859829,0.5282334361942622,0.5013938416025759,0.5961746024634855,0.7251031536506218,0.4468666853944188,0.4125232064943721,0.43436162861687316,0.5712482154470033,0.5571604416056276,0.4490567648885853,0.558106011266033,0.5759251275437035,0.5167477900877077,0.5773903635975711,0.5721670468210338
MAR,0.6364677909515968,0.5283925481029877,0.504384209753543,0.5054119018829744,0.4987512993009682,0.5149220782730656,0.5735978703513345,0.4780658124601247,0.4483668251229908,0.4971441434193882,0.7430126311145572,0.5045997789635467,0.578161590103733,0.5614506888557024,0.5068730483027151,0.58251303983704,0.6348901050996957,0.6141861754234554,0.5509963665930928,0.5426977156220106,0.6033595916185942,0.5170603830681831,0.5307227410487164,0.5963548213609244,0.5793260027294513,0.49653116221271343,0.5334845557739804,0.5221179302187458,0.5262514654090792,0.5276883128628787,0.559302219702177,0.7054343239004344,0.5184889744904839,0.46014078724888297,0.5184088430188702,0.532091904420394,0.5815525199114989,0.5822716716901482,0.5917519760208718,0.5167229527200019,0.5706988481072216,0.5124598706965855,0.6051210258280116,0.6732110432771379,0.5342601653159724,0.6895654935768879,0.5381812967252297,0.6267624448862664,0.5500412773119061,0.0,0.4924185806539106,0.5949837658840534,0.570636074587891,0.5457682710807757,0.7282955468734308,0.546162826487638,0.5755980692074033,0.5442688285757208,0.46440947353106987,0.4977010570403794,0.5429556114613999,0.4904053959653216,0.4791362636692462,0.5324944174045114,0.49392361938383605,0.573726530489241,0.5675299117187093,0.6789167647126364,0.7808093787826436,0.5100281702442557,0.5470818446691795,0.5154340274578773,0.5108821851643687,0.5520420178287756,0.45972535791991903,0.507338281629176,0.5640239508943847,0.5258329140700257,0.5450257642705638,0.5374388762968965
MEX,0.6129982645894285,0.49644698380412783,0.4317098074562174,0.46139453187347773,0.4625940680833251,0.4761500829857308,0.5612226131235325,0.4991413811199059,0.45270368914066367,0.4649571649642612,0.7615382177880641,0.4307699411488876,0.540179512963671,0.5189251650295915,0.47311241841045987,0.5711719267503806,0.6088254524895392,0.5439291479205726,0.5271157669788293,0.4938681800479157,0.6322017979437227,0.48113142725666264,0.48807287095077195,0.5314600648668307,0.5502644990588956,0.46470159205350137,0.5160405662043236,0.47253069922290075,0.49343490254172523,0.45977062247492706,0.539165907425152,0.6400462874646932,0.5064374628859161,0.43819141059132305,0.5200840388360995,0.5225249852450461,0.576153571405537,0.5852059615906219,0.5164175651402603,0.4634397155247139,0.5614391484291517,0.4749491955969117,0.5241632074419827,0.6881725249141422,0.4698472280194373,0.6936054914975515,0.5151931930015397,0.5964515852286276,0.5380323903255149,0.4924185806539106,0.0,0.5945994118677035,0.5733960517123405,0.5433177558047884,0.6876042449767631,0.4820103300306695,0.5042896881732456,0.5126465263987249,0.446752969881831,0.4644357787029691,0.5169494901991459,0.4665967408448836,0.48525751385508276,0.49271112057028266,0.43908773746721336,0.5406757272163192,0.5770216086706292,0.6164608367108118,0.7948239643693088,0.5180242586294924,0.526154093743878,0.47755376664040805,0.5081812237934659,0.567828173979651,0.4210359946483829,0.472736769611119,0.5514995008718836,0.4083415500954701,0.5341660062004498,0.5419710513157792
MLT,0.6754280756314852,0.5185909786687541,0.5876610604901528,0.5475561583996974,0.48186288476363626,0.5141524444725241,0.6282192550902899,0.5706458724991983,0.5528106193286852,0.5955281039717667,0.8320143693306433,0.5775725449979554,0.5238334997047263,0.5514171955605851,0.603737074998228,0.6290986161481977,0.6860033010740262,0.6757563647978068,0.620424687679534,0.5694764817042018,0.5499641352354093,0.5134074576473309,0.5162349446072334,0.5679864314346053,0.6433605221185816,0.5174573025584771,0.4892737482645525,0.5341036266920852,0.523140118543491,0.502265922385785,0.599377728034869,0.6208314519990221,0.5377202042346683,0.5213715560938769,0.5949534280348312,0.6695636294042024,0.5284966039340552,0.5557505754792486,0.5942583851972921,0.5145621218389835,0.671227519450817,0.5697600712627381,0.6748496579774773,0.7257388621229205,0.57670189396681,0.7490230769844657,0.5512388913581886,0.5520669766476343,0.4985060853434238,0.5949837658840534,0.5945994118677035,0.0,0.6581913071785237,0.5800408116461478,0.7177982025371142,0.522095627422919,0.5619716757520367,0.5448615801926174,0.5899244629636083,0.5850172075695933,0.606062033484346,0.5225148088183128,0.500816878664442,0.595972367993809,0.540054725296416,0.5701707154634957,0.5957763859834443,0.5592168200278931,0.7555581598959565,0.5259958640474273,0.49803824626094284,0.5208538404427364,0.5844643807210871,0.6030109410629231,0.5350981605381933,0.569543601279231,0.6568352243444436,0.5819835610095959,0.5776751772750522,0.6166921073037165
MMR,0.6695455070349468,0.6051922229611064,0.5161530815763166,0.5280368462124115,0.5807958627974823,0.5964999383680869,0.5026638240971933,0.5428200763275233,0.5016397953977758,0.585200893038923,0.7883912761788757,0.5491062216808833,0.6500387649944264,0.6265970883076518,0.5181626974066248,0.6601235814519295,0.6675650650984538,0.5681618400801925,0.5967752984927469,0.5985300790302972,0.6479643226100814,0.5812694288777444,0.5954986045118013,0.6052345518256463,0.5834849359919031,0.5727750895115064,0.591397161574853,0.5698610801069957,0.6014325399018701,0.5758263115907898,0.6210360233318061,0.747011850636798,0.5923505164112225,0.5562997372266684,0.5530518703448454,0.5840403157134948,0.63090263196922,0.6411896070716595,0.6411132346650951,0.5836557344464571,0.6432797484514879,0.590191975390507,0.6097964053574645,0.6592956453038736,0.5870456348721758,0.7150375301207118,0.6127359149026417,0.6772281374306969,0.6229951103366087,0.570636074587891,0.5733960517123405,0.6581913071785237,0.0,0.6343686124577279,0.7025799787413674,0.6040586537550301,0.5785604142149767,0.5538775606646419,0.3572136471207409,0.5412740921505909,0.609238488732576,0.5673706193705585,0.5922397033983426,0.5667969310784454,0.5798515960739765,0.5992149656108517,0.6473630611069912,0.7051790352017806,0.8054128420794123,0.6138473132923795,0.5965684646781756,0.5816794997556183,0.5658083690242286,0.5779072481658278,0.5114662434131293,0.5886821637224804,0.5510023493431316,0.5660795391649927,0.5386882906439148,0.6203534452410202
MYS,0.6437383041944241,0.5292688279293486,0.545609298456636,0.5152828572422522,0.5133571236944954,0.5450392250925638,0.5981780594581161,0.528577252288104,0.5254454627574389,0.5334481083777896,0.7722990902037561,0.5211784284430905,0.5849500528030656,0.5834555744374137,0.5692254554568741,0.6232697080588251,0.6205624927863641,0.6187507371672853,0.5906846403873881,0.5148740719281917,0.6060219208130633,0.5006011370632215,0.5555075259902538,0.5674233221831545,0.6059171172613432,0.5272575602165773,0.5425264746972193,0.5199007333385722,0.5375209772836528,0.5050564090536896,0.5917612130774367,0.6036760383668786,0.5545840466671825,0.5098248767220869,0.5255228562829114,0.5880685620273236,0.5633843932581168,0.5799231885201327,0.591221210627809,0.5473433216461322,0.569705729075396,0.5566885402542158,0.5889755990699276,0.6961550294418848,0.5760208001945246,0.6697671656763978,0.5481374019451191,0.589253599083498,0.554585131134026,0.5457682710807757,0.5433177558047884,0.5800408116461478,0.6343686124577279,0.0,0.6989408762149173,0.530335869936688,0.5470024576649587,0.5747214983447733,0.5320474010918506,0.5472251248228277,0.5475953403009778,0.5058714884958747,0.5151943236065738,0.566818206923051,0.49110941655255175,0.540244032548086,0.598190562464247,0.6353074705634055,0.7526993284502126,0.5183431209497537,0.5611152631649922,0.5396032208917304,0.5162715453939765,0.569153383906085,0.5238101966367347,0.5470073444837116,0.5863167410815465,0.5332240388481123,0.558791240763415,0.5553494381840242
NGA,0.730089939050614,0.7081773203164088,0.6747564938669528,0.6521413647668489,0.6733612187448826,0.6824409415934027,0.6896986317359062,0.7009053852922754,0.6661192110879897,0.6857882243586401,0.8596590534641817,0.6558014901840736,0.6899577490284502,0.6968749361810104,0.7101685079671172,0.7323695198316548,0.7065126462200666,0.7286262464605835,0.687710378445904,0.6437588634339756,0.7158812449814945,0.6869838960452542,0.6955453584283143,0.6842765947535198,0.7353610048447085,0.6818811535026652,0.6884171088834437,0.6866320273796626,0.6766760608947788,0.6546791442944226,0.6933274305903234,0.6819532646762477,0.6835377588760698,0.6610229136615796,0.6826688102464344,0.7383576906024033,0.6950198082443425,0.6713976282078847,0.6955045651630032,0.6715511941694424,0.7495756631102592,0.6892940998758449,0.6844927037954054,0.7754838256075326,0.7170095825575517,0.7444554443057705,0.6825190643830462,0.6728187983512105,0.6733638537212266,0.7282955468734308,0.6876042449767631,0.7177982025371142,0.7025799787413674,0.6989408762149173,0.0,0.6760104975843647,0.6918030589779367,0.6542927973668716,0.6626338716754301,0.6752720525829957,0.6885527810297717,0.6715052527198178,0.6789816215608756,0.6884857538081661,0.6882340251563681,0.6306297294712787,0.6888145933093628,0.7509413388906667,0.7984017085203077,0.7175010339157273,0.6665568007775455,0.6852751959533223,0.6967151843273266,0.7110506056340251,0.6744431585439472,0.6982428307169357,0.7119648308136886,0.6553517507845033,0.7121185360574614,0.6899775530334351
NLD,0.6198385522183714,0.46811418374497604,0.4957794232738844,0.44430998899439983,0.4038913964719239,0.37326717239300183,0.5775044329838297,0.5152901966795406,0.4747761373665864,0.5029942406870112,0.8039463686849107,0.42616560823601335,0.4904503625796237,0.4946278769035749,0.5543592370451271,0.585940636197297,0.6345354511099128,0.5920108527844553,0.5537178607427239,0.4869289945614514,0.5719885702087899,0.4214972535988931,0.4077888185812758,0.45394865406968166,0.5658803632718841,0.4288462947163343,0.4547819549090092,0.44204915106716713,0.3852791097062254,0.3580159870218836,0.5096139308046294,0.5570213981639771,0.4541391376296869,0.4154465908727408,0.5567658220431975,0.5928784983023311,0.5026192983874749,0.5210572545639491,0.45586700076145553,0.4164722103134988,0.5896730953985247,0.49518882496626393,0.6045470203446884,0.6990347991857004,0.5061458780420717,0.7251725089760996,0.49786644869123353,0.5095187255273472,0.4705491299476845,0.546162826487638,0.4820103300306695,0.522095627422919,0.6040586537550301,0.530335869936688,0.6760104975843647,0.0,0.44195720684943146,0.46801736177100495,0.47959487276290697,0.48392366583583657,0.5899412175612223,0.4199843960144281,0.4103684984950035,0.5258583198047048,0.41919529086684054,0.4936858691902305,0.5601545659886111,0.5585049606396797,0.748384911151018,0.4442350584260165,0.44172086892086015,0.43857882307757423,0.5185451916351165,0.5540523752157019,0.4633562632220207,0.46793489315306974,0.5806543605212333,0.4138517988501137,0.57809248120761,0.5501498975401122
NOR,0.6284128001940075,0.4920779030813459,0.5018365342072868,0.46730340012849336,0.463267322843081,0.48822055096114064,0.5342213745794481,0.5378549271864198,0.4759439771295214,0.5437255504004438,0.785071569879997,0.46006881702121116,0.5440390156750757,0.5446929675591984,0.5447983328654162,0.6142195875205118,0.6388929324659484,0.5570357267568801,0.5820366846835193,0.5258720152387653,0.5776444932882412,0.48337568951730125,0.46969199645165705,0.4311846064494051,0.5652627468310889,0.48907473124968015,0.46305160264857287,0.47959015782257813,0.49820609331077126,0.43807981068754537,0.5484339242456578,0.6084194566681076,0.4825698960925417,0.4778086668623481,0.5491669246581454,0.6048683052367687,0.5458277783483276,0.5520011618051964,0.5585319194601915,0.4749395275433768,0.5988428962065244,0.5336209323242859,0.5934049448758775,0.7079282955952902,0.5303816671411323,0.7238685149327383,0.5352110170473884,0.5772389586274448,0.5058016312256687,0.5755980692074033,0.5042896881732456,0.5619716757520367,0.5785604142149767,0.5470024576649587,0.6918030589779367,0.44195720684943146,0.0,0.5061590601921818,0.4805919789656944,0.5247101783942978,0.583966875877591,0.47476561898247316,0.5080568841351348,0.5454435655180548,0.4518155247574058,0.5383225678759047,0.5967264914416133,0.5781985036662001,0.7699509500440725,0.5292687659323185,0.5000090954121784,0.46448161083231454,0.5394920728670485,0.5480537796726942,0.4938206404240092,0.5238431350613842,0.5861595892179831,0.46202455421296923,0.5841441494130677,0.5854506346043928
NZL,0.6159836525816688,0.49938539756854033,0.4954282455133376,0.42596824698577823,0.4232028469746879,0.46841764086102494,0.5457677838767966,0.5093979178947716,0.4682925860369422,0.5151231635648694,0.7662194474584437,0.4562033425344378,0.5335886589502595,0.4710560219367416,0.5290447295603476,0.5808820498583058,0.6267471735159271,0.6063679741202922,0.518531601976958,0.5216793468751105,0.6015053514160796,0.4681166941363587,0.4587966705654454,0.527009020512232,0.573629516443263,0.47100818294030217,0.5098959918338402,0.4794563764056462,0.4556349865242576,0.43075893153732736,0.5429733306704261,0.6347565430026479,0.4594652176933838,0.43857230836719974,0.5455103768858474,0.5859250944312038,0.5331845917252487,0.5359182641335958,0.5436560959157637,0.4774576824102677,0.5912992684454669,0.53937521530693,0.5699929021959654,0.6972117444406422,0.5334696671049823,0.6838175291998256,0.5120128274878745,0.5671200936581354,0.510987193821579,0.5442688285757208,0.5126465263987249,0.5448615801926174,0.5538775606646419,0.5747214983447733,0.6542927973668716,0.46801736177100495,0.5061590601921818,0.0,0.45847794270068587,0.4744711684028773,0.5745150285939252,0.46794417996177445,0.465918145877886,0.5019019850609991,0.46976833525756895,0.5475541124543916,0.5695881084980381,0.6202158438474411,0.7655276068093866,0.49449679026701604,0.47448775519478864,0.46897967303508437,0.5489878135601357,0.5508964226911278,0.4648602520714728,0.5375163276501097,0.5859375480904488,0.44185406353218654,0.562783966194203,0.5319445057287808
PAK,0.5891270920278217,0.5301567697398372,0.39657822722853164,0.4207299258066404,0.44655486193807475,0.47510826922743205,0.3960249864221033,0.4210558955842873,0.3211297666136155,0.460637895277757,0.7691642877282833,0.428127926291437,0.5463562934978384,0.5238408633334544,0.4157667457994794,0.5877971852791464,0.6068066510585591,0.49727185440222005,0.50648822611032,0.49213945726735664,0.5615229568200865,0.4472454352197146,0.4728809698307342,0.49772678524868047,0.47264899264045745,0.4480020535963287,0.4799021457226204,0.4525885266973995,0.487609768263897,0.447293467494802,0.5081328427002879,0.6494138443068374,0.4667207284510546,0.41872018046571624,0.48735597910715217,0.4854008537018151,0.5516852820800414,0.5204929178646455,0.545840749014841,0.4718144861937687,0.5294602424472017,0.4785664718132169,0.5057114461528132,0.6153660993817024,0.46312579066097004,0.662974578061655,0.48628412354488093,0.5919809346280704,0.5116376181422216,0.46440947353106987,0.446752969881831,0.5899244629636083,0.3572136471207409,0.5320474010918506,0.6626338716754301,0.47959487276290697,0.4805919789656944,0.45847794270068587,0.0,0.4482637380676828,0.517629733473306,0.44126872227655595,0.4735394386426622,0.4389045401365641,0.43092636703995396,0.5209436316321988,0.5514244192079426,0.6193839727916508,0.764526520572046,0.4620729079010412,0.4906128508721025,0.45533630608998105,0.46306505156696354,0.5186833856615676,0.3658286978334233,0.4736633186943079,0.4580637664940365,0.43385310848282665,0.45656020766796823,0.532213431938806
PER,0.6185701197391363,0.5110912112320761,0.45215505111960264,0.40650921053813666,0.48967430521803207,0.479784244312157,0.5592017635146834,0.5164999658428868,0.46677119529643973,0.49737550589853574,0.7676121775371775,0.43065825199036895,0.553383119511196,0.4894987490929881,0.5101567992080791,0.5520546685952445,0.5831557455219555,0.5370841892023892,0.49433687511735114,0.5108496478072729,0.6048618860916836,0.483044638403653,0.4980874122659902,0.5454821065150856,0.5416455359718984,0.4687380118035474,0.5162500314504703,0.49207155050924317,0.48565886090770066,0.4502094941198086,0.5385629263670736,0.6747485667168612,0.4968181423079993,0.45785585909072346,0.5170936831289915,0.5577640414256954,0.5416566775338943,0.5598830595165594,0.5346458166554524,0.481784539540659,0.5545193365126453,0.4920977623859806,0.5605129855371107,0.6851413124535922,0.5210942069632355,0.6892707003945368,0.5198118774764039,0.5719922395732988,0.5332054605931831,0.4977010570403794,0.4644357787029691,0.5850172075695933,0.5412740921505909,0.5472251248228277,0.6752720525829957,0.48392366583583657,0.5247101783942978,0.4744711684028773,0.4482637380676828,0.0,0.5672171102159909,0.47480421810306095,0.46699648972843866,0.5007895431493868,0.46420074270157236,0.5173865404693826,0.5476700662744661,0.6487574745794705,0.7684838149367317,0.5253672158910283,0.5128611987940987,0.49695123186154055,0.4932340181287618,0.5555508573692641,0.4276658572971306,0.5002540421209068,0.560581289086583,0.4463513539646028,0.5492194734195232,0.5360528126975153
PHL,0.6383517013108984,0.5662933729314557,0.5645495128819492,0.5637717281198177,0.5544808743713915,0.5878960572581173,0.6157588397273163,0.5394369844389499,0.4895519652954037,0.5364654121054736,0.7522341909147302,0.543993568882742,0.6041669320869444,0.5833167211142927,0.5254948395710685,0.6114855752166903,0.651246525779902,0.6702577117027865,0.552300103345573,0.5559198637876961,0.6490070046030061,0.5516834311095599,0.5810930613889363,0.6018120267623864,0.6325364073521288,0.5660031721067623,0.5757047496838809,0.551581204112968,0.5977502627103117,0.5605368949305608,0.6208747375661942,0.6513580103063744,0.5659273990433429,0.5405045315947747,0.5140878540735441,0.5794432151679404,0.6093955939227892,0.6187303595387854,0.6258273038512948,0.569563016672264,0.5956101170817235,0.5638380492847999,0.6262521060598394,0.7448176853409515,0.5620128992477758,0.6683514547037683,0.5654066479868498,0.6483921013489133,0.6058545781337561,0.5429556114613999,0.5169494901991459,0.606062033484346,0.609238488732576,0.5475953403009778,0.6885527810297717,0.5899412175612223,0.583966875877591,0.5745150285939252,0.517629733473306,0.5672171102159909,0.0,0.5361614045603327,0.5574065190369598,0.5747292591866388,0.540884161565084,0.5851357545283977,0.6365946208530949,0.6372248399693491,0.7894862039574568,0.5694867017006663,0.6030487151836932,0.5654114392262795,0.5192848589964995,0.6061567894213239,0.5383914749488705,0.5529607836086209,0.5990913398225661,0.5662682194657227,0.5455447999779381,0.5795987815392023
POL,0.6381377486101971,0.4387446091039244,0.46549498898806796,0.44133697185732446,0.3658593735886553,0.4210751973653791,0.5613274267392854,0.4186744493317532,0.40774939455612835,0.4685747233919022,0.7766470803260768,0.43059426452729144,0.5000540168696123,0.49828859049195234,0.4688707115176628,0.5485816078656076,0.6006283197860804,0.5793655367714586,0.5321189645240911,0.4717980408127778,0.5739408971683082,0.3626894824065299,0.4144500656283071,0.5094876078957898,0.5641105193528894,0.38136367955792827,0.42032663904119727,0.39638932436513746,0.41761076622325033,0.40565634505640524,0.5141643461474407,0.6012803632260295,0.4290056082007364,0.3802615012729143,0.49337935029094065,0.5507033339993866,0.4920912989725799,0.5324562243668802,0.5227342300657101,0.40238976271902915,0.5660405849853347,0.4431929672846165,0.5783142139479718,0.6598055316017418,0.46820925424615845,0.6709096144792516,0.43916547121144667,0.5360785674211086,0.4320214817210265,0.4904053959653216,0.4665967408448836,0.5225148088183128,0.5673706193705585,0.5058714884958747,0.6715052527198178,0.4199843960144281,0.47476561898247316,0.46794417996177445,0.44126872227655595,0.47480421810306095,0.5361614045603327,0.0,0.4106557519433116,0.45692040315396043,0.40236292149168595,0.5237508724050814,0.5371495231286153,0.5905313379482732,0.7617201426065717,0.37195920936950655,0.4017201937844725,0.39486218087993086,0.47934039486035857,0.5171096015097636,0.3959772684693648,0.44266694127802525,0.5032443720391367,0.4426337263678149,0.5224712884743837,0.5215546715371963
PRT,0.6258634897980174,0.46381126190623273,0.48243447524026406,0.45660269747952015,0.36445676519634995,0.35575089189689185,0.5631187832620516,0.45890545346994294,0.45022348928714223,0.47931474562896725,0.7726231931305927,0.4481129332510215,0.4590890136993268,0.5004314217850646,0.5300975358990476,0.5653065813473774,0.6125077828228991,0.5914022134485872,0.5207715561495742,0.4902449281038182,0.5413676545512293,0.4115292601811282,0.43876295565000273,0.4890609234478255,0.5646472307303952,0.3912762871089135,0.4544642431476243,0.4109426951066857,0.4068493944537635,0.4085398387217151,0.5033284743271517,0.5889139115806692,0.4628558181896424,0.3928583627410937,0.5159288936045324,0.5795073253651911,0.4723887045313849,0.520177515923043,0.49288817805504265,0.41433532054452404,0.5800425313380951,0.4634757537899821,0.6062607933778414,0.6668632511335841,0.4912677058444302,0.6987185829735045,0.4652829895761733,0.5088028195149478,0.42751350621491213,0.4791362636692462,0.48525751385508276,0.500816878664442,0.5922397033983426,0.5151943236065738,0.6789816215608756,0.4103684984950035,0.5080568841351348,0.465918145877886,0.4735394386426622,0.46699648972843866,0.5574065190369598,0.4106557519433116,0.0,0.5202937613195224,0.44706735073098514,0.47769544020674476,0.527223813706439,0.5723452133222947,0.7372439795638985,0.43214162384245813,0.41719947143768427,0.43720307778264933,0.4997488322023389,0.5416753499377185,0.4145087204493237,0.4604744374157985,0.5683715437410264,0.46202411147559763,0.5437853043144476,0.5313815574718604
ROU,0.6468499289772036,0.539076292632354,0.47387366414833965,0.47325299068197063,0.47613295734862743,0.5117459399729913,0.5508992572785413,0.48478811503619246,0.4352805752021026,0.5325716612881753,0.790623870386462,0.5023230863319542,0.5760698598694541,0.5576998468767874,0.4724032603659197,0.6074188322039709,0.622857312854891,0.5479420064738111,0.5462287017640806,0.5633657406897934,0.6271583444260396,0.45232875135435946,0.5076225054118737,0.5717806831035168,0.5502026694461406,0.4890481237639299,0.5189515852981424,0.5112668671931055,0.515794455797013,0.4750780157319098,0.564074196155176,0.6759240281619924,0.4949842866323008,0.4797859778149324,0.5357363241176921,0.5470641858499093,0.5684446137731364,0.5835669342074217,0.5970837467944731,0.5034755575174394,0.5840771245994107,0.518011721092262,0.5813223526463227,0.656250695780334,0.5283897714398244,0.6748985113228761,0.5125194082830397,0.6163058871865937,0.5144202183514472,0.5324944174045114,0.49271112057028266,0.595972367993809,0.5667969310784454,0.566818206923051,0.6884857538081661,0.5258583198047048,0.5454435655180548,0.5019019850609991,0.4389045401365641,0.5007895431493868,0.5747292591866388,0.45692040315396043,0.5202937613195224,0.0,0.4700877733752174,0.5776219366675358,0.5741181578268839,0.653378615288888,0.7871554777147941,0.462317609492764,0.5112994539037519,0.5223691887584654,0.5089094660497367,0.5709314632561138,0.45552283606387345,0.5419046104330129,0.546015866927496,0.49367256231799755,0.5132303365083879,0.5768914666027842
RUS,0.595957192473784,0.41940235044196333,0.4457762056442756,0.4267556650420695,0.4084839254233598,0.43952957826166394,0.5238752204450974,0.4408881087167813,0.392703872264533,0.4668462243124658,0.7559742090789205,0.41085990564678,0.525141790574269,0.5046484585421536,0.4823080041628109,0.5743674141881734,0.6026161936354634,0.5629529713589922,0.5459441145856011,0.4871124921045103,0.5753779959407661,0.4094765384400367,0.44965351942442333,0.5026962432476297,0.5308772225967087,0.42316916334869487,0.4513640416047283,0.45128445014813673,0.46213984084045745,0.4165879197962618,0.5020721815413671,0.6101704913350673,0.41015921625675666,0.3879637852592275,0.4914883713475583,0.5194425521986129,0.5402215217600991,0.5312703821871086,0.5329955849292776,0.4329709865134891,0.5168422730180741,0.4643418781098032,0.516802836639122,0.6694369687552546,0.47786259204826176,0.6759487020037545,0.4653892652710731,0.5402954905287339,0.4562643173859829,0.49392361938383605,0.43908773746721336,0.540054725296416,0.5798515960739765,0.49110941655255175,0.6882340251563681,0.41919529086684054,0.4518155247574058,0.46976833525756895,0.43092636703995396,0.46420074270157236,0.540884161565084,0.40236292149168595,0.44706735073098514,0.4700877733752174,0.0,0.5447975828893967,0.5543888152399058,0.5894050223212814,0.7384131832091291,0.41208976834205974,0.4789718865671361,0.43481462203474147,0.46329328413003673,0.5430114736452734,0.4059583660447974,0.4661131875976445,0.5209880497225032,0.4235066442339385,0.5187675174683963,0.5319948867576054
SAU,0.6597515857063383,0.5592426658787237,0.5183834832035451,0.47661235494057497,0.5076031347285933,0.503634208455684,0.5926052848292336,0.5579856013387907,0.5576806954251885,0.5346502790608245,0.8041140906555702,0.5167795778171008,0.5514203529735755,0.5879112478024316,0.5837325133702337,0.6288039007352196,0.618906894803852,0.5552813099281803,0.5468196172120904,0.5293450093393712,0.5936939256918964,0.5258113211627519,0.5384200505835347,0.5297804492783533,0.5834550207940531,0.435777445634528,0.5256818984820849,0.5350405605801721,0.5210472956539186,0.495732810494477,0.5713791233358984,0.5847427704633238,0.5536556766542422,0.5119058019758277,0.5497957055762968,0.6151816650666979,0.5364277844697052,0.5496992912445287,0.5615902585942514,0.507325700562743,0.6206706119763876,0.5323426485642319,0.5922407329801673,0.6931264582966051,0.5691650131725366,0.7120684701615917,0.536218240326904,0.5625160024217425,0.5282334361942622,0.573726530489241,0.5406757272163192,0.5701707154634957,0.5992149656108517,0.540244032548086,0.6306297294712787,0.4936858691902305,0.5383225678759047,0.5475541124543916,0.5209436316321988,0.5173865404693826,0.5851357545283977,0.5237508724050814,0.47769544020674476,0.5776219366675358,0.5447975828893967,0.0,0.5732039178071702,0.6462885816186797,0.7335598868293862,0.5555528269247301,0.5437690359834074,0.5346178888618138,0.5549920822528226,0.5903299358586288,0.501634742203688,0.5500716617542781,0.5890796225981595,0.51869226398747,0.5693126579907322,0.5417245175350941
SEN,0.6897084791256869,0.6103323609063747,0.5705098820937929,0.5432580576392683,0.5229894887081783,0.5453179327683635,0.6001069906473308,0.5702495871734466,0.5638655737265438,0.5952853541263036,0.8222670734703349,0.545935975836163,0.5896018950826766,0.5779132161293795,0.6228915765638415,0.5960812091381831,0.6248775790015488,0.6124280098553369,0.6011008102469998,0.555553660255544,0.6383094812199653,0.5311008961390256,0.5705295071679165,0.5918166138376215,0.6328252188322898,0.5355438105433309,0.5404037736420294,0.5434952727662778,0.5430881273407598,0.5313600857853326,0.5978283030925597,0.6611196003130466,0.572227904849389,0.5251677346852816,0.625053314984939,0.6208784306169404,0.585291913456768,0.5951675058707749,0.6109493821614488,0.5552238788960989,0.6391619759514843,0.5728392642786708,0.6222131771027829,0.6781579431635781,0.5928708454200123,0.7444887091566702,0.5253872476738017,0.6085601913126988,0.5013938416025759,0.5675299117187093,0.5770216086706292,0.5957763859834443,0.6473630611069912,0.598190562464247,0.6888145933093628,0.5601545659886111,0.5967264914416133,0.5695881084980381,0.5514244192079426,0.5476700662744661,0.6365946208530949,0.5371495231286153,0.527223813706439,0.5741181578268839,0.5543888152399058,0.5732039178071702,0.0,0.6658249047068531,0.7377546859944144,0.5652555561133702,0.5442524012676596,0.5462286555401763,0.607814203736066,0.5745329469212384,0.5399940911405295,0.6067006229097128,0.6164709947378383,0.5663556737753344,0.6331457874619645,0.5862319979427916
SGP,0.7241338677139032,0.5406833537064251,0.6472030726633358,0.6162160422603461,0.5777604492683714,0.5380481883235767,0.6648346940333824,0.6304782630571428,0.5816643726051,0.6435657793173036,0.8268940374665583,0.6222513329100591,0.5518800779160864,0.6244921050094105,0.6459965410343481,0.6844074141300301,0.737040546786653,0.7165995480042638,0.6663957584393608,0.5988954049375556,0.6312993545500238,0.5946470921571644,0.5666526171499964,0.5581130385010259,0.6690700371580139,0.5916739969667221,0.5880786306198067,0.5666653651449466,0.5689491930719234,0.5491089311580489,0.6187558442000676,0.5576420739288145,0.6012395985921298,0.5872208300897837,0.641462404620844,0.7074754215456355,0.6003008573613731,0.6193405576449595,0.5899150283848567,0.5789619232173822,0.6860532579325459,0.6006275147081569,0.7193210443489223,0.7560312739279711,0.5933377609249656,0.7818408197630446,0.6257059613259431,0.6149235781468133,0.5961746024634855,0.6789167647126364,0.6164608367108118,0.5592168200278931,0.7051790352017806,0.6353074705634055,0.7509413388906667,0.5585049606396797,0.5781985036662001,0.6202158438474411,0.6193839727916508,0.6487574745794705,0.6372248399693491,0.5905313379482732,0.5723452133222947,0.653378615288888,0.5894050223212814,0.6462885816186797,0.6658249047068531,0.0,0.8122874303273825,0.6235186912948956,0.6004205212311219,0.582071515621471,0.6310018529147341,0.6896941795722022,0.5923754504255972,0.5784960141069919,0.6727004576406087,0.5962069772278195,0.6454228853451378,0.6724377568323915
STP,0.8246970389793259,0.7790445798191798,0.7699074884782076,0.7385326851432324,0.7435887534648148,0.7609208867281442,0.7534665322195218,0.7470493350274368,0.76230072305699,0.7665929487847163,0.8740529026200695,0.7447544084264149,0.7844614750941951,0.7773243279101748,0.8044228205557213,0.8120330455443255,0.7934236815365178,0.783812162638762,0.7792081386865374,0.7497386453579671,0.7374849485781807,0.7516501007331972,0.7803529320122368,0.7783046441082802,0.7997677283322718,0.7540403115059289,0.747277595093519,0.7659373759362642,0.7676606748713235,0.7335342877726108,0.7756790176089503,0.7560096489786782,0.7670035030927129,0.7309120442011032,0.7689613197811611,0.7840975725031191,0.7127224988757929,0.673103202461779,0.7734846697104438,0.7648919082756936,0.7728005970917414,0.766790336545931,0.7770496033888896,0.8065358137523446,0.7929012654702677,0.8045987314634682,0.7328648871703035,0.7472113869023664,0.7251031536506218,0.7808093787826436,0.7948239643693088,0.7555581598959565,0.8054128420794123,0.7526993284502126,0.7984017085203077,0.748384911151018,0.7699509500440725,0.7655276068093866,0.764526520572046,0.7684838149367317,0.7894862039574568,0.7617201426065717,0.7372439795638985,0.7871554777147941,0.7384131832091291,0.7335598868293862,0.7377546859944144,0.8122874303273825,0.0,0.7638909810320178,0.7498858208126542,0.7661230189700308,0.7567654512686982,0.7367942873649574,0.7386985470330883,0.769689609451466,0.7761104901701201,0.7773505146623925,0.7983948484254614,0.7596721480443459
SVK,0.6155557557299159,0.48617172568618156,0.4967820211752435,0.4817887543060902,0.4012639736805663,0.44989454179778665,0.5720170117725976,0.431626420373425,0.43082975653582456,0.49483204852638624,0.7892387037932587,0.497954554943142,0.5261894627618049,0.5314783284806593,0.5247103758258973,0.5907783479793771,0.64096596383318,0.6002738446514128,0.5755964355492935,0.5248866957036821,0.5870352854543825,0.37267719901452173,0.457695763167408,0.5414315940179343,0.5661781862261295,0.4137632732604109,0.45605753816246136,0.45507493436606017,0.44637151083246007,0.44003827598957107,0.5442366897484087,0.6243100368901534,0.44112403361621433,0.4173091406591969,0.5461159311716501,0.5744745479034754,0.5170693605620624,0.5415290054670925,0.5797221297635635,0.4518989998300838,0.5869650454923211,0.48944736404475225,0.5981839412749653,0.657399392546947,0.5192839489137135,0.6809336551064339,0.4405528541181012,0.5669743249917701,0.4468666853944188,0.5100281702442557,0.5180242586294924,0.5259958640474273,0.6138473132923795,0.5183431209497537,0.7175010339157273,0.4442350584260165,0.5292687659323185,0.49449679026701604,0.4620729079010412,0.5253672158910283,0.5694867017006663,0.37195920936950655,0.43214162384245813,0.462317609492764,0.41208976834205974,0.5555528269247301,0.5652555561133702,0.6235186912948956,0.7638909810320178,0.0,0.44746379882669945,0.45067292354694877,0.4985325986857463,0.5579967240738364,0.43549383010250137,0.4978402411094093,0.5465941557096535,0.5074720047852067,0.5067826145428272,0.5600774139854505
SVN,0.6629041009234884,0.497933995108882,0.5028879065670084,0.46632179032215854,0.3888773817171208,0.4268622863142626,0.5500180479235393,0.4927420080460921,0.47940666193850917,0.5354990114251588,0.8259880261582294,0.4729589496921038,0.4732103520792343,0.5133028678217574,0.5373734830959932,0.588443984537043,0.6439195257951138,0.5963518033310997,0.5772188138614999,0.5165451310208143,0.5647084037899627,0.41844926627917683,0.42301002203884847,0.522473529570692,0.5872348570083719,0.4156887909633334,0.43554873565578933,0.4374248809400609,0.41732413309410077,0.3931968639915663,0.5317033041115375,0.6043445500706095,0.4578418059829834,0.42824831330857627,0.5610404265430814,0.6072842627050038,0.4653017304754514,0.5203126031903764,0.5347204278548869,0.42990391859388377,0.6236473250173062,0.5044327598542738,0.6294333309142431,0.675697828286567,0.5076959143756741,0.7350135539889617,0.4811317737666863,0.5202127930724407,0.4125232064943721,0.5470818446691795,0.526154093743878,0.49803824626094284,0.5965684646781756,0.5611152631649922,0.6665568007775455,0.44172086892086015,0.5000090954121784,0.47448775519478864,0.4906128508721025,0.5128611987940987,0.6030487151836932,0.4017201937844725,0.41719947143768427,0.5112994539037519,0.4789718865671361,0.5437690359834074,0.5442524012676596,0.6004205212311219,0.7498858208126542,0.44746379882669945,0.0,0.43738508484506144,0.5518068924490381,0.537486549516406,0.43625059432928603,0.509907022967163,0.5835559897502899,0.47999481370399916,0.5848103233892679,0.570304006625642
SWE,0.6515458574471416,0.4653135047056204,0.48507591022429797,0.4524268126473871,0.37824545564875167,0.4117806569276095,0.5647152221802786,0.455581038744393,0.45025743056703654,0.4982537206643571,0.7829771564857237,0.4210919133049682,0.4808222376666156,0.4832893773790453,0.5099517770468492,0.5500720336856094,0.6296787511629838,0.6038202327368243,0.5597792208538251,0.489752146781115,0.5851661484674927,0.408775683267349,0.3988656368598621,0.49199120804357493,0.5688377264334585,0.4128260547040428,0.4226657199707674,0.37730578648167995,0.42794929528006426,0.432832641430529,0.4896088434118588,0.6229645077989103,0.45609114460229205,0.3850005569853015,0.5415087607986009,0.5834879534046754,0.5147887821044062,0.545541140826761,0.5176542654637769,0.4014473574688426,0.583646495994899,0.4481674413000553,0.6069987624493134,0.6808419270415965,0.46404372409601613,0.7281659373921147,0.4782045568334921,0.5482223748419934,0.43436162861687316,0.5154340274578773,0.47755376664040805,0.5208538404427364,0.5816794997556183,0.5396032208917304,0.6852751959533223,0.43857882307757423,0.46448161083231454,0.46897967303508437,0.45533630608998105,0.49695123186154055,0.5654114392262795,0.39486218087993086,0.43720307778264933,0.5223691887584654,0.43481462203474147,0.5346178888618138,0.5462286555401763,0.582071515621471,0.7661230189700308,0.45067292354694877,0.43738508484506144,0.0,0.5355472234277817,0.5484974181642324,0.4211237209023088,0.4784452766956314,0.5607748357136895,0.4294237593241661,0.5674724601282095,0.5335772502330332
THA,0.6539414951328719,0.5021407700831789,0.509129096938522,0.5113245667555828,0.5016368233043935,0.5235858351863786,0.5922174661259515,0.499415128916315,0.4247172344504444,0.4825617757786978,0.7551599954477362,0.49425572607397095,0.5864690412485355,0.563367975254069,0.4879144939149238,0.5986945777847114,0.6120143072987483,0.5952562372188142,0.5285435956783595,0.518108663731609,0.6031792270444893,0.5114932921798644,0.5335339231800568,0.5601814833007128,0.5686903079824551,0.4801944204213577,0.5494301419466575,0.5272797978249198,0.5224101058784903,0.4995192407842718,0.5481037789617292,0.6613500941326553,0.5020290643543612,0.4868789116920274,0.4659320159153336,0.5345957637822674,0.5651532981514034,0.5690761446245522,0.5726538015320483,0.5049285097436674,0.5459261666638942,0.48576843568058775,0.6068738752667727,0.7124596910291431,0.5080780263500283,0.684316972590607,0.5297232537180193,0.5975790438119137,0.5712482154470033,0.5108821851643687,0.5081812237934659,0.5844643807210871,0.5658083690242286,0.5162715453939765,0.6967151843273266,0.5185451916351165,0.5394920728670485,0.5489878135601357,0.46306505156696354,0.4932340181287618,0.5192848589964995,0.47934039486035857,0.4997488322023389,0.5089094660497367,0.46329328413003673,0.5549920822528226,0.607814203736066,0.6310018529147341,0.7567654512686982,0.4985325986857463,0.5518068924490381,0.5355472234277817,0.0,0.5754759827391582,0.4718965042855919,0.4738449046930217,0.5661256856953018,0.5134090709940187,0.4963421033288108,0.5745385242695572
TUN,0.6566063898606158,0.5703025062011314,0.5522877992385302,0.5384743260621226,0.5255217704641019,0.5428795389308068,0.600471105284269,0.5399411671817955,0.5342773233993321,0.5414617362554145,0.7840147339015828,0.5233865724331074,0.6133230241110725,0.5755388024529051,0.5622147068104596,0.6171266243201471,0.6140188823552805,0.5848505085051076,0.6141990839826156,0.5772963488045172,0.6370159666117717,0.529043812418179,0.5543114847927628,0.5830510173094423,0.6159175477019535,0.5442926526506955,0.548587951207255,0.5303561518059186,0.5532760146703826,0.5283232923506106,0.6028229781585059,0.6898117820792742,0.5385158677443705,0.4987132065433807,0.5747283318860844,0.5875128748431764,0.5960360376728944,0.5925868226541813,0.5988189672232208,0.548960505210144,0.6140370389252878,0.5865666366741644,0.6198722469891659,0.6959603121937596,0.5819662732980133,0.6922840777359149,0.5410379784145357,0.6266487547587806,0.5571604416056276,0.5520420178287756,0.567828173979651,0.6030109410629231,0.5779072481658278,0.569153383906085,0.7110506056340251,0.5540523752157019,0.5480537796726942,0.5508964226911278,0.5186833856615676,0.5555508573692641,0.6061567894213239,0.5171096015097636,0.5416753499377185,0.5709314632561138,0.5430114736452734,0.5903299358586288,0.5745329469212384,0.6896941795722022,0.7367942873649574,0.5579967240738364,0.537486549516406,0.5484974181642324,0.5754759827391582,0.0,0.5029235735423325,0.6050944331640559,0.5750324786627884,0.5434196026454907,0.6141079196611114,0.568283767908449
TUR,0.6281987648857813,0.4690932280829532,0.4023758998383476,0.4055984527716445,0.4014468449760861,0.4215064966983632,0.4793854150252033,0.4248231639852753,0.37594428927421747,0.43680412658173107,0.7721683574233017,0.4179800419263043,0.5079760856006265,0.512182536094281,0.4340547383028078,0.5575884550781759,0.5922177002242738,0.49563744316790403,0.5104569749113671,0.4763080004395084,0.5587894204442657,0.4065134630711394,0.435837837071738,0.5098722600428803,0.4657141988750261,0.38104407014909775,0.4423450630804589,0.4177038973172504,0.4559036980253676,0.40545272938125,0.5084132000990226,0.6401280973727501,0.46116221134840296,0.400157275120052,0.4962495673886977,0.5132219438801361,0.5052883020620388,0.5077799976726879,0.5272415896648609,0.42015521043890236,0.5453692885939211,0.43284587686766407,0.5420233614652809,0.6235588568867977,0.43832600408476896,0.6844975735377514,0.45450151092600716,0.548979784223571,0.4490567648885853,0.45972535791991903,0.4210359946483829,0.5350981605381933,0.5114662434131293,0.5238101966367347,0.6744431585439472,0.4633562632220207,0.4938206404240092,0.4648602520714728,0.3658286978334233,0.4276658572971306,0.5383914749488705,0.3959772684693648,0.4145087204493237,0.45552283606387345,0.4059583660447974,0.501634742203688,0.5399940911405295,0.5923754504255972,0.7386985470330883,0.43549383010250137,0.43625059432928603,0.4211237209023088,0.4718965042855919,0.5029235735423325,0.0,0.4466063001401274,0.48655195990394323,0.4398337311868365,0.4979706397775168,0.513604681336093
TWN,0.6714521428968843,0.4520407369226434,0.5039626929972431,0.5043442187274823,0.46770103284030484,0.46565186750455023,0.5973866215885739,0.49470657612877095,0.43327886518142916,0.47067749197869324,0.7754793208273657,0.47740650921934347,0.5425226723344282,0.5432872051984895,0.4645506351525545,0.5960503482583998,0.6518064863983847,0.6041674033510133,0.5501333459316058,0.4923880439544515,0.6070894496223317,0.4733619120169006,0.46101613920045403,0.550439302838599,0.5423013165458864,0.4375208752829578,0.5207351462792085,0.4543089164616813,0.4718567083421796,0.4615988095625212,0.5164286474384291,0.634005630509878,0.49729662907852556,0.4524294420169322,0.49576234475119063,0.572088628949712,0.5458485035706175,0.5653849731064513,0.5169210384203019,0.454494152360461,0.557493173731996,0.4426067323753782,0.6357371241422451,0.6958611320307548,0.4287835299095144,0.714669601635065,0.5372301792320683,0.5951079238652126,0.558106011266033,0.507338281629176,0.472736769611119,0.569543601279231,0.5886821637224804,0.5470073444837116,0.6982428307169357,0.46793489315306974,0.5238431350613842,0.5375163276501097,0.4736633186943079,0.5002540421209068,0.5529607836086209,0.44266694127802525,0.4604744374157985,0.5419046104330129,0.4661131875976445,0.5500716617542781,0.6067006229097128,0.5784960141069919,0.769689609451466,0.4978402411094093,0.509907022967163,0.4784452766956314,0.4738449046930217,0.6050944331640559,0.4466063001401274,0.0,0.55781811670364,0.4622072641872864,0.545807474790727,0.546014861562391
UKR,0.6912361082203301,0.5767387842987789,0.5110028342080495,0.5363040027508645,0.5320344837167377,0.5659009282324958,0.5766502826570177,0.5151964262198004,0.5118203355944321,0.5591722155172623,0.7961997904947369,0.5380120123699915,0.6085169682867768,0.6237874628827426,0.5143191963664044,0.6627559013620332,0.6383411018661479,0.5572447354944766,0.6113037706534589,0.569250707418655,0.6503606864004594,0.5232658026208646,0.5707175067447557,0.60059768259521,0.5634288692353031,0.5560886946504883,0.5593182850794532,0.5481403642074771,0.5812669700066049,0.5635064663399763,0.6227330747976569,0.68858520349991,0.5809901554486661,0.5426861231436353,0.5598008271846107,0.5847676204994898,0.6213252940948966,0.6192694191646907,0.6207846709538521,0.5662501044065229,0.579315443192497,0.5577378419355414,0.5843240970519312,0.6060350570141664,0.5811068439423863,0.6804785537626963,0.5435348207813964,0.6620419925420157,0.5759251275437035,0.5640239508943847,0.5514995008718836,0.6568352243444436,0.5510023493431316,0.5863167410815465,0.7119648308136886,0.5806543605212333,0.5861595892179831,0.5859375480904488,0.4580637664940365,0.560581289086583,0.5990913398225661,0.5032443720391367,0.5683715437410264,0.546015866927496,0.5209880497225032,0.5890796225981595,0.6164709947378383,0.6727004576406087,0.7761104901701201,0.5465941557096535,0.5835559897502899,0.5607748357136895,0.5661256856953018,0.5750324786627884,0.48655195990394323,0.55781811670364,0.0,0.5565405940780351,0.5825845785050539,0.5862587657232016
USA,0.6256821880803208,0.4715274869715806,0.4220664223765692,0.413858661028377,0.4286527432552234,0.42651362887756045,0.5516051613705576,0.5087360545512739,0.46702298224310335,0.4735342581676979,0.7725144931379997,0.3613600765748198,0.5176761558463105,0.48644987800818384,0.49401802855884697,0.5760695161889506,0.6108703991604113,0.5616124440729601,0.5233409486390346,0.5008827745196388,0.611759095553344,0.4470925501143371,0.41959267996587035,0.48585579572271753,0.533864796620756,0.45252430684041595,0.5004947642492855,0.43355673791062455,0.43534591933071265,0.3981556773419176,0.4963586771096293,0.6194609162525506,0.46255421500411764,0.4058979541386448,0.5329960717843862,0.5562082007210266,0.5359214461415601,0.5464040836308778,0.4810600449880723,0.43139099336664677,0.5593794778099598,0.4782972757338104,0.5538655231392317,0.6975496501261869,0.4703656092290093,0.7151375404479822,0.5234846241333807,0.5706764748019778,0.5167477900877077,0.5258329140700257,0.4083415500954701,0.5819835610095959,0.5660795391649927,0.5332240388481123,0.6553517507845033,0.4138517988501137,0.46202455421296923,0.44185406353218654,0.43385310848282665,0.4463513539646028,0.5662682194657227,0.4426337263678149,0.46202411147559763,0.49367256231799755,0.4235066442339385,0.51869226398747,0.5663556737753344,0.5962069772278195,0.7773505146623925,0.5074720047852067,0.47999481370399916,0.4294237593241661,0.5134090709940187,0.5434196026454907,0.4398337311868365,0.4622072641872864,0.5565405940780351,0.0,0.5613755274567918,0.5094311534698482
VNM,0.6374919287273363,0.5646167199899109,0.4968799799408873,0.5593652987319784,0.5408613264959232,0.5710055727174076,0.5399109473328222,0.5397250867428113,0.47783269054023036,0.5461344892891256,0.7774015841626681,0.5600111377671714,0.6001576335541294,0.5869573723024584,0.48804512980526044,0.6269566128695172,0.6350585084349608,0.6057214042088022,0.5533056938635702,0.569644033878407,0.6289319622508673,0.511857321714025,0.5799737511921733,0.5843307842560092,0.5877565974175494,0.544719725342499,0.5479503666421104,0.5469212996827955,0.5934021441049719,0.5350694847077831,0.6040755797240713,0.6960862089919003,0.5459501010295449,0.5377077335709289,0.5252808554554945,0.5842148285355243,0.583190210487389,0.6133923521834985,0.6252010198072977,0.5733901036113263,0.6053924489669675,0.5367349257442895,0.6098654373655494,0.6793368967614354,0.5568321778993855,0.6759279257148952,0.5469263789117206,0.6573372750553566,0.5773903635975711,0.5450257642705638,0.5341660062004498,0.5776751772750522,0.5386882906439148,0.558791240763415,0.7121185360574614,0.57809248120761,0.5841441494130677,0.562783966194203,0.45656020766796823,0.5492194734195232,0.5455447999779381,0.5224712884743837,0.5437853043144476,0.5132303365083879,0.5187675174683963,0.5693126579907322,0.6331457874619645,0.6454228853451378,0.7983948484254614,0.5067826145428272,0.5848103233892679,0.5674724601282095,0.4963421033288108,0.6141079196611114,0.4979706397775168,0.545807474790727,0.5825845785050539,0.5613755274567918,0.0,0.6194259707353909
ZAF,0.6757125899296417,0.5760858249901064,0.5337327382187297,0.4972933471210457,0.529772501498124,0.5472527144225271,0.632318547868221,0.5289763239715427,0.5370772225003512,0.5263875249176464,0.7602247724585081,0.5037909891461746,0.6177610367817847,0.5667513324536602,0.5377905582608778,0.6187357572906339,0.6302562320735278,0.6309482432880195,0.5509723063661769,0.5503756413989412,0.6441343381889455,0.5238015614652726,0.5626099516261667,0.5968640615351436,0.5918964645180738,0.5246855808738025,0.5811893711980419,0.5333270793510406,0.5504890191375769,0.5465284744337263,0.5884942785933983,0.671561936235317,0.5505799058876106,0.49555560238634566,0.5622892132943657,0.5701984459237127,0.5976000857708533,0.5947618944505407,0.6010023744951914,0.534750403807218,0.5790985313545153,0.5416114213645091,0.6131952221619913,0.7061872197151311,0.5701904053916806,0.6761775741541795,0.5497556544101341,0.6289629764114388,0.5721670468210338,0.5374388762968965,0.5419710513157792,0.6166921073037165,0.6203534452410202,0.5553494381840242,0.6899775530334351,0.5501498975401122,0.5854506346043928,0.5319445057287808,0.532213431938806,0.5360528126975153,0.5795987815392023,0.5215546715371963,0.5313815574718604,0.5768914666027842,0.5319948867576054,0.5417245175350941,0.5862319979427916,0.6724377568323915,0.7596721480443459,0.5600774139854505,0.570304006625642,0.5335772502330332,0.5745385242695572,0.568283767908449,0.513604681336093,0.546014861562391,0.5862587657232016,0.5094311534698482,0.6194259707353909,0.0
