,AGO,ARE,ARG,AUS,AUT,BEL,BGD,BGR,BLR,BRA,BRN,CAN,CHE,CHL,CHN,CIV,CMR,COD,COL,CRI,CYP,CZE,DEU,DNK,EGY,ESP,EST,FIN,FRA,GBR,GRC,HKG,HRV,HUN,IDN,IND,IRL,ISL,ISR,ITA,JOR,JPN,KAZ,KHM,KOR,LAO,LTU,LUX,LVA,MAR,MEX,MLT,MMR,MYS,NGA,NLD,NOR,NZL,PAK,PER,PHL,POL,PRT,ROU,RUS,SAU,SEN,SGP,STP,SVK,SVN,SWE,THA,TUN,TUR,TWN,UKR,USA,VNM,ZAF
AGO,0.0,0.6115581143505568,0.6203212929990461,0.6052956624607243,0.6106414304355895,0.6221194229074597,0.6804877712593973,0.6741695662382527,0.6729521672745157,0.6192248783594253,0.8304160460108614,0.6128426051848351,0.6208405523031172,0.6123019287293308,0.6887878425313106,0.6944890015457302,0.6952691196382149,0.6872039869264024,0.6848272005803535,0.6572918447582121,0.7059121088215894,0.6348173590094778,0.6294392138402614,0.619453122614941,0.695851389864648,0.648563802044926,0.6085363166109397,0.6576885978510657,0.607193428404653,0.5806624458505978,0.6405298656230358,0.6663060402942143,0.6391971200330634,0.6280130255161388,0.676608397136774,0.7256326167243385,0.6842363938254191,0.6333715560075265,0.645793845869868,0.6165698456682916,0.7187483345840828,0.6563808280338478,0.6657283008586214,0.7809424901214781,0.6588793965716511,0.7464282087852206,0.6584768527891549,0.6523777531036316,0.6843792886778363,0.6776377322913235,0.6294839316992104,0.7053212227509438,0.7348961626316711,0.6694010959365813,0.7533243059805157,0.5787478267890431,0.5858548577149502,0.6115394722855297,0.6445912863202378,0.6615030871719136,0.6380360985449828,0.619375129994111,0.6170906281971714,0.6516673880764231,0.5737627292548642,0.6807602672794019,0.6871357372613021,0.6646103272301278,0.817923906249208,0.6364624894458374,0.6340752283776466,0.6291922563265936,0.65974474525343,0.6572516732389176,0.6400273259415035,0.6319509774578141,0.7044591563955731,0.5980803742429691,0.7169384916273476,0.6827740865302736
ARE,0.6115581143505568,0.0,0.5090237497138161,0.45261531979608594,0.45506747594015456,0.4589581582331786,0.5816682043595761,0.47693678570435744,0.39544944740107973,0.4738019305046936,0.7121463258926878,0.4484718428298087,0.5458197107520024,0.5219041672060373,0.4988924572791064,0.5758525479271316,0.6083900943635742,0.5550447473831213,0.5607650487306429,0.5651771001729912,0.5990849743569339,0.4418187458880066,0.4726700194998913,0.4937242719333295,0.5277835532614582,0.4538376115259151,0.5234055345773897,0.4913970097879024,0.45210957672349145,0.455666189072483,0.49884350543272094,0.6132188231777597,0.4885002325324361,0.4388342865345281,0.44993645767932544,0.5297873129640184,0.5554710097354049,0.5600241408690599,0.5273360458789792,0.4509607413357386,0.5191228200962378,0.469928334919052,0.6028628786839387,0.7239299706395648,0.476199254365918,0.7045625532490398,0.542891717277871,0.5708306695604446,0.5602183315838695,0.4953035667660597,0.5457239298423243,0.6272992369967443,0.6031679783965775,0.5261412177170368,0.7292194890985472,0.47531853543698477,0.46326215785496133,0.46328033641072636,0.5250815220901887,0.5104651549083277,0.48949231985404945,0.4501253454319588,0.47731626440986713,0.505516369936706,0.43680395652724674,0.5912830688560825,0.629583285898962,0.5143868811368061,0.7949949130995523,0.48286394292688495,0.5128355412559226,0.46872442480367504,0.4457543387963702,0.5579676629718328,0.45777157353517434,0.418323304895705,0.5757657185870907,0.4726922146287934,0.5484947380853722,0.5335201124847571
ARG,0.6203212929990461,0.5090237497138161,0.0,0.4482063271977534,0.49670100385488813,0.49829311612600174,0.5264580993067207,0.517493508287435,0.4763898675255189,0.4696141353670859,0.8058670023284539,0.47316468499830766,0.5631847023272836,0.49474337872705954,0.5093416094194927,0.5996675138135253,0.6032071746408271,0.5691896424835703,0.5460138731454315,0.5824641532906873,0.6383698321449701,0.46634767643671277,0.5327933090191624,0.5224300924279885,0.4997792728660756,0.4778053603883982,0.5312759339352854,0.5139289770792369,0.5138168738919343,0.46669014638284795,0.5321124933186244,0.7070336861568205,0.5118315779095582,0.4666692039734999,0.58133434636988,0.536920562206599,0.6096629145444545,0.5708055104228339,0.5468211049300424,0.48720134690216044,0.5540664329211216,0.4987053759785472,0.5585981526456973,0.6775480363870225,0.510006440082955,0.7195662157594764,0.5322685178004565,0.5831632706999208,0.5562643360858095,0.5196923733437302,0.4889953378819448,0.6597643811994841,0.5573962905223949,0.6039701527928591,0.7006587174905645,0.5060042891866521,0.5268140965494069,0.4897703660565094,0.4380845390648623,0.4957789089661721,0.5369340864904095,0.4915582366661781,0.4951071940243836,0.5100137972247587,0.5016755908383904,0.5650583109906142,0.5672954892722789,0.6181691960332566,0.789360055123378,0.49611265893286793,0.5271589986897518,0.48186543182837904,0.5491608967382188,0.5463238814473359,0.4667174052526806,0.49637947142381683,0.5329166538323514,0.47597174277104937,0.5458681864050212,0.5527005109577086
AUS,0.6052956624607243,0.45261531979608594,0.4482063271977534,0.0,0.44002392629242304,0.46923709707905814,0.5213312190198834,0.5013561033213529,0.4540801979788561,0.47953238055102404,0.7893636409338652,0.4271442630257267,0.520282568256935,0.5166207027864318,0.5434546561474375,0.5788268787207008,0.5889101736572699,0.5354211716319534,0.5283526073105896,0.5418031156716806,0.5861507914282439,0.44020352069990076,0.48088861854187753,0.484644252497704,0.553215615732342,0.42325703459605984,0.4919481931589221,0.4889289338563714,0.4428848776479016,0.4027905973171597,0.5007107771445457,0.615071720321806,0.49750359915236236,0.456174105537743,0.529215718036206,0.5454350404954322,0.5238062487063889,0.5127000433876608,0.5449946783647776,0.44082829661653156,0.5688806532966045,0.4669740232446664,0.5570046841390952,0.7028296106566824,0.5227169727184223,0.733645818476859,0.5118454470974029,0.5200747793699925,0.5208857197632106,0.5226383964392799,0.5340719443724616,0.6325789695288621,0.5685582983342817,0.564396856026005,0.6579654606667829,0.4346840401584553,0.44850567946507636,0.4300898120945263,0.449428945371299,0.4828085239034342,0.5128687829171644,0.4437270808828076,0.4550682662147014,0.4874360997655457,0.4577783905368887,0.5797971995355643,0.5588265736957098,0.5876409162831064,0.7518125900235773,0.4679317279366865,0.46112750901641253,0.44620859119973205,0.5187879933079762,0.5329108725185606,0.4437813691626619,0.4731338750430908,0.5692039514079233,0.429334394296547,0.5886576995404419,0.5105258928702215
AUT,0.6106414304355895,0.45506747594015456,0.49670100385488813,0.44002392629242304,0.0,0.41380409150646025,0.5271197219542632,0.48338586441857745,0.4652298249802646,0.4666831240865581,0.8011840185602106,0.4166387794695607,0.4502575118265079,0.49328213084694206,0.5360647764684843,0.5686472502633226,0.6239571372397585,0.5807169572036422,0.552998651833104,0.5305240307596109,0.5834537780786762,0.38240595225878726,0.41123088839553595,0.4459719571572803,0.5830039971108679,0.3755773777170538,0.49350509266619635,0.4363284454071419,0.3852840555834076,0.381902045292204,0.43956402953010504,0.5761384644180909,0.4913418825232208,0.4064762897188303,0.5459000217905883,0.5516145727728908,0.5079030413156159,0.49924609745717846,0.49746510997163035,0.39745398329652704,0.5842085401403785,0.4462456759797873,0.6205282306321398,0.7136309863958503,0.45032224153379974,0.7345799493771874,0.4884703069916822,0.5007282494855899,0.4924419900540163,0.5187998148414015,0.5316659795716365,0.6236545401419804,0.6183093530028438,0.5790437135852919,0.6805696859640407,0.4130211248697525,0.4225737122793398,0.424325203213355,0.4661266054809406,0.5705756915142025,0.5125900575085505,0.4083492786119578,0.40038713410331095,0.5028436106343738,0.4353616013804873,0.6254359765965081,0.5473419745539005,0.5604485566830424,0.7417667490664622,0.40854854739177965,0.41463472035885757,0.3941411988403926,0.5216382638371901,0.5130881234698886,0.41685318532843085,0.4458184966985787,0.5743011624452229,0.42726782919982526,0.5974526874319357,0.5206063159787004
BEL,0.6221194229074597,0.4589581582331786,0.49829311612600174,0.46923709707905814,0.41380409150646025,0.0,0.5740191415712865,0.5200373902452049,0.4870359973730973,0.48020310823857754,0.8112404823244455,0.44427301488277443,0.47352635060700554,0.533560361409852,0.5629869350407715,0.5723183834457465,0.6381491434141626,0.6100627661022107,0.5472496920322762,0.5246960262543019,0.5681976514367933,0.4334757617081321,0.4213158941015125,0.44698127160983625,0.5712256155471146,0.40835449867282175,0.49023715077644736,0.46541801138236694,0.40134970559830274,0.401581078568899,0.4751736056452282,0.576080326069676,0.5005364323750302,0.43419567921250735,0.5584493870214478,0.5708524450327933,0.5375923882049692,0.5110104914759732,0.4847865151067338,0.4060670800512219,0.5989421671498489,0.4720192301825417,0.6205465401056742,0.7120095882806896,0.4707317083884111,0.7555752632177406,0.5248097485659134,0.5095001295719149,0.4852698944492636,0.5270412206083025,0.5487743810036357,0.5880418079153407,0.64917224002782,0.5828641084306873,0.7008790178465856,0.38937136470151285,0.4716812508177253,0.4722401994101165,0.5202623939163677,0.5544646192429222,0.5425857483017266,0.461537776565001,0.4171415469934161,0.5450769038886477,0.4772448395135437,0.6184556251370463,0.5681075282905568,0.51273518131673,0.7660108712243852,0.44633915430940907,0.4190303891781469,0.44060542885709447,0.5288384138045439,0.5467095084782708,0.4617955747818872,0.46725001538934147,0.6064984127845213,0.45516647361082696,0.5998224752075064,0.5613741264178977
BGD,0.6804877712593973,0.5816682043595761,0.5264580993067207,0.5213312190198834,0.5271197219542632,0.5740191415712865,0.0,0.5350120005460756,0.5336265178786712,0.5775024781463302,0.8098330730079809,0.5528005212962419,0.6222721087678623,0.594972177677021,0.5918343902231084,0.6508427810723351,0.6325046100055055,0.5719015026511868,0.6220712375965015,0.5991388946524099,0.6452534328815112,0.5362359417622556,0.5859076581672386,0.5687428217221059,0.5852314463979236,0.5541572562797833,0.583619860697754,0.5877904879615555,0.5566664075245737,0.5321989509043737,0.5758127318018019,0.6733260206052875,0.5751826216276928,0.5591795907191939,0.6500587447555403,0.603252645339648,0.6284800460965281,0.5554968856702198,0.6269303652146687,0.5491045265753501,0.6207211005988991,0.5668572113327222,0.5950836965293158,0.6486618076284685,0.5710464602074188,0.7373787766133364,0.5848165946389852,0.6108370998234507,0.5716147087133321,0.5859088183830079,0.596015465949299,0.6917943539469757,0.5384769333990482,0.6591294143551594,0.6753079520857634,0.5678241691946952,0.5370424724011329,0.5443787969056518,0.4466062180953174,0.6035177290793233,0.5791898605218181,0.5415171500529613,0.5576293669297219,0.5917670362453518,0.556289774076155,0.6439300805717073,0.6090786258728311,0.6691336810264691,0.7744267395988259,0.5623043202475595,0.5642026793606284,0.5595433503822894,0.6141872721734324,0.5707058214578755,0.5284009996672828,0.567559287684212,0.6168333015560766,0.5548719561182966,0.5947254173451689,0.6482105089161214
BGR,0.6741695662382527,0.47693678570435744,0.517493508287435,0.5013561033213529,0.48338586441857745,0.5200373902452049,0.5350120005460756,0.0,0.4573082743659347,0.521920608257391,0.773440969690888,0.5124566386077813,0.581890104877417,0.5785967640840047,0.5568755670492402,0.612141795049171,0.6216436240633599,0.5609872589712601,0.5854696637428071,0.5823982673172144,0.6075375537061508,0.4634679719110082,0.5246410934739448,0.5349628142322291,0.5647894057398481,0.4601270180571652,0.5442346225588256,0.5249830709973994,0.5019565062925164,0.5210484081391,0.5038227835827069,0.6786718246299973,0.5231282699891856,0.44373037939482146,0.5438509162148683,0.5417366241680098,0.5979793474558496,0.5428928252655234,0.595441020458367,0.5120789268374236,0.5708840455323219,0.5201731602739297,0.5980686288378434,0.6687183332106913,0.5364597696085067,0.6898748205617538,0.5271470130622782,0.5933624517959438,0.5337700956679473,0.5178552448486553,0.5896838318176035,0.6513778145872008,0.5597875919564396,0.5873240541320804,0.7205747055635608,0.5426274608015558,0.5379152029004314,0.5392052771139022,0.4394215006957926,0.5735779910355534,0.536602905204012,0.4628788076529061,0.5146149555128628,0.5138823706298594,0.5117724010887743,0.6482441037103631,0.6117896598324022,0.6274576271811324,0.7740642775186777,0.4721492911761919,0.5087442096005369,0.4983783678820874,0.5319163181334959,0.5449435846437156,0.47169137834946817,0.5306668656487274,0.5497426859411786,0.5477587171187909,0.591490091615441,0.588146465619835
BLR,0.6729521672745157,0.39544944740107973,0.4763898675255189,0.4540801979788561,0.4652298249802646,0.4870359973730973,0.5336265178786712,0.4573082743659347,0.0,0.45554606065883474,0.7557116198592151,0.45969553759296494,0.5680252032651584,0.5501856102636226,0.4505666611902687,0.5759504841251808,0.5989176098833607,0.5771777688049768,0.5582460840216562,0.5276294557892314,0.5819423724704973,0.4267916359888883,0.5041465241807324,0.5066297950984612,0.49603300249650023,0.43667244387452003,0.5185370288685874,0.48503573841789255,0.4729962351865523,0.46375009372176174,0.4842546003769434,0.6656585514304184,0.46383531634846914,0.3965811939997917,0.48669090637065404,0.49437663849887603,0.5854600355412237,0.5291127028050505,0.5700137453283389,0.4639308575162318,0.4810347263538588,0.4582807921389677,0.6211318849527963,0.7250403102940389,0.44830855387514784,0.7062707247159508,0.4881768350411572,0.5763490400138799,0.5453994346934811,0.48048511892258144,0.5361120477206606,0.6254601341183051,0.5232261723656462,0.5441362144756613,0.6873062476684888,0.484687850719977,0.47241233446610525,0.480894331307021,0.3732528272823255,0.5359141893519864,0.4708095518123327,0.43897940690530973,0.4931782777135163,0.4487896073068595,0.46884542959537945,0.6397425371531913,0.5889796365870074,0.56547318331053,0.7832322241316755,0.45824386897704367,0.5087581694627061,0.4802388675501086,0.4350324185858611,0.5199333262694573,0.43682445971138445,0.4054429262850134,0.5231054135403935,0.4983719053092694,0.5194196592013781,0.5430122595540231
BRA,0.6192248783594253,0.4738019305046936,0.4696141353670859,0.47953238055102404,0.4666831240865581,0.48020310823857754,0.5775024781463302,0.521920608257391,0.45554606065883474,0.0,0.7908116873809112,0.4779503078955112,0.54557595506011,0.5131968893134127,0.510607579750066,0.568324131365273,0.6141700425759916,0.6144872969553103,0.5432594595428021,0.561978905668246,0.6138162083781568,0.4768857871193337,0.5018566321227873,0.5102177106883671,0.5528998047394775,0.45124177844332486,0.5570445459916106,0.5126528902479445,0.4763748518324494,0.45117255893442165,0.5095955167914695,0.6662412408792769,0.520487483020603,0.46135816320119566,0.5351202196707325,0.5399021454578372,0.5794163336254305,0.5590377427509021,0.5370801570136121,0.4707503551633958,0.567631264736658,0.4838108661165234,0.614388685428016,0.7254634628318102,0.4816845772139144,0.736492321579644,0.5252049404594353,0.5738138364148413,0.5711008727135956,0.5005365951379602,0.5331394084755763,0.6416556145042522,0.6099852752335366,0.5640866426495649,0.6956971734664361,0.4875452316912511,0.5145279906519206,0.5031597477531113,0.49272964529478164,0.5517899369999427,0.5170621119121493,0.4709147842674285,0.47991349832957153,0.5215917893397519,0.49797605140933016,0.6090735425426942,0.5844209590715082,0.5830800437616851,0.7799512302329833,0.48377897473581416,0.4962967052296235,0.4828337932480125,0.5124508837815815,0.5304523147778701,0.4610359267546366,0.45217044852667476,0.5841312113392055,0.4906630926120556,0.5943184270945147,0.5386323708377755
BRN,0.8304160460108614,0.7121463258926878,0.8058670023284539,0.7893636409338652,0.8011840185602106,0.8112404823244455,0.8098330730079809,0.773440969690888,0.7557116198592151,0.7908116873809112,0.0,0.7854649609666176,0.8262532937403284,0.7623527948608283,0.7968137725442761,0.7960550834841363,0.7754153957307981,0.7985871585025807,0.8025384701820856,0.7946942335039052,0.8165388397228487,0.7975226317975266,0.816446340050045,0.7939785750973374,0.7955675308844045,0.8092140167425985,0.8017158295330471,0.8041099962208038,0.7994369472965347,0.8060067429582185,0.7929340288313154,0.8335491557149052,0.7763343273770551,0.7872463976135644,0.7683283972199058,0.8024738755387268,0.8369334040831194,0.8381193523395419,0.8040561881199141,0.8047380305476837,0.7815958650178817,0.7979316264522593,0.789203573434893,0.8424914195230435,0.8168401006935219,0.7661020495155266,0.8155870875722405,0.8352105798846328,0.816846284826059,0.7751874576166735,0.8081224253141752,0.882434905513309,0.7939787073629354,0.7728424505156946,0.8577340014793096,0.8138854940771053,0.784784310767418,0.7764601299956676,0.8042159346530036,0.7741673395446739,0.7702877393375812,0.7814635894794094,0.7969360884945457,0.8023613453452184,0.7847233380657087,0.8152930840482325,0.8218948898624837,0.8049115624701789,0.8787535809388627,0.8182234312329201,0.8256756284025927,0.7925800378351372,0.7777353631891855,0.8085711109914286,0.7911419771497912,0.788019311541036,0.8112118509447507,0.8057397045053294,0.8076565153165253,0.7669021928800073
CAN,0.6128426051848351,0.4484718428298087,0.47316468499830766,0.4271442630257267,0.4166387794695607,0.44427301488277443,0.5528005212962419,0.5124566386077813,0.45969553759296494,0.4779503078955112,0.7854649609666176,0.0,0.5212936671905847,0.504344047913093,0.5304015252194059,0.5494482231289216,0.6082709077887748,0.5692902783052024,0.5618218034943441,0.5223756431551839,0.6114650283682487,0.4129404676041073,0.4484677521314735,0.4707204161495388,0.5800881382924451,0.42571941082059456,0.49527253809590044,0.4467521176326472,0.41320276671076545,0.4144704525720369,0.4806339080314348,0.6134453422832902,0.49262231321487865,0.4130128617634131,0.5375522664475283,0.5556893625687849,0.5532100545898092,0.5288653828905273,0.5220620293240756,0.4402996770104188,0.5780664023554904,0.4274154277441529,0.605051363539514,0.7159766443697063,0.4651187871309166,0.7361795551010002,0.5174149690781185,0.5419473742732153,0.5280714826580959,0.5180636328044701,0.51624927284106,0.6274134657429703,0.615744107385226,0.574401471275148,0.668683023968303,0.4280864021874303,0.44785935724361636,0.46168723725178806,0.48299519620144715,0.5441274388598477,0.5037278767286735,0.4333715478027746,0.4627546107055494,0.517585356704611,0.44872478574857527,0.6304214455670138,0.5503394787411994,0.5750238835375368,0.7483917166087796,0.4673898459349553,0.44913817322880223,0.3990013494098967,0.509421996113932,0.5232076904091437,0.4206857887411192,0.4459211074235893,0.5903086392265858,0.3962430137757226,0.5952602860236511,0.5074086638583225
CHE,0.6208405523031172,0.5458197107520024,0.5631847023272836,0.520282568256935,0.4502575118265079,0.47352635060700554,0.6222721087678623,0.581890104877417,0.5680252032651584,0.54557595506011,0.8262532937403284,0.5212936671905847,0.0,0.5573597843688771,0.5919146659950366,0.6055845206164948,0.6560973116398416,0.6744843059057948,0.6092903607308703,0.5447016920101454,0.5961400150808213,0.5131762937185813,0.4861156129903291,0.5008567738290314,0.6387213213828316,0.4973698429969852,0.5407822439067972,0.5275932610533175,0.4724522541932967,0.4642789901657836,0.5153939277985016,0.6087963233853431,0.5314063398894987,0.5076725857365962,0.6028104690488781,0.6372767883692485,0.5439019254515386,0.5414402178588005,0.5397054436407234,0.4885112112554975,0.6616364833362082,0.5246440398053843,0.648042023604193,0.7456742066851394,0.5578378173992675,0.7587517828242899,0.5543223055200054,0.5344197078181143,0.5563994344956591,0.5930266447705961,0.5822075444805026,0.5975525895563345,0.6771556058492236,0.620149524794818,0.7124329171312411,0.48348175092295426,0.5132624877758168,0.5145745629026085,0.5578937691740489,0.612238481303975,0.575371797475271,0.5118600216924537,0.47586940021144253,0.5930428856770298,0.5277626215145073,0.6461826873547685,0.587060887313091,0.5286058120577044,0.7942681127150661,0.5156361807186527,0.48578123056938044,0.48874942533851856,0.5879685052847442,0.5751581376778677,0.5325503237992499,0.5261634137296399,0.6387517634193289,0.521868782768714,0.6405120234642963,0.6219037570196201
CHL,0.6123019287293308,0.5219041672060373,0.49474337872705954,0.5166207027864318,0.49328213084694206,0.533560361409852,0.594972177677021,0.5785967640840047,0.5501856102636226,0.5131968893134127,0.7623527948608283,0.504344047913093,0.5573597843688771,0.0,0.5779262493192535,0.5862088570189546,0.6440012523305332,0.634858432528412,0.5574825634272471,0.5947240566693154,0.6602606091909856,0.5248277957517126,0.5124906760500814,0.5421524098910978,0.6123067531579316,0.5305939998879291,0.568508377930516,0.5197957795092975,0.4980976896717242,0.5091707968169873,0.5156795932908207,0.6643403423685458,0.5472180841337277,0.5147494044983366,0.6103153700094999,0.6355520179294387,0.5984753296535222,0.5940870742498637,0.5325661407152626,0.5189678998470174,0.6367965555174298,0.5293155097243442,0.6346052361344906,0.7355215445352751,0.5278180525467403,0.7033812517192208,0.5908769891724795,0.6081033369839436,0.5869860495669589,0.5555379636760662,0.5606719634502997,0.6784685779485676,0.6198411819567026,0.6477103917059932,0.7215168689527431,0.507312729347362,0.5296934480894989,0.4672812542900482,0.5247130126343279,0.520930923123184,0.5500386507432555,0.5051043685411262,0.4934936017524676,0.5659181222726305,0.5185607981738141,0.6589710488725906,0.5750184147862907,0.5966236404348974,0.8013030605065643,0.5435937981250529,0.5394735992749193,0.47319597219076154,0.5937959344143426,0.5968615056443857,0.5278240754203197,0.5274346115620163,0.6279623872811412,0.5013585724065817,0.6225925393235244,0.5589510553598491
CHN,0.6887878425313106,0.4988924572791064,0.5093416094194927,0.5434546561474375,0.5360647764684843,0.5629869350407715,0.5918343902231084,0.5568755670492402,0.4505666611902687,0.510607579750066,0.7968137725442761,0.5304015252194059,0.5919146659950366,0.5779262493192535,0.0,0.6443151861119493,0.6522346920957889,0.6368192928909191,0.5863768797903345,0.6162320015651588,0.6582021416731294,0.4824476301375243,0.541771018527353,0.5745925892332249,0.5814414665608856,0.5236781787978022,0.6055405452472182,0.539462676038145,0.557395701142584,0.530855798328526,0.5805956501590744,0.7413746056370114,0.5484876253548252,0.48829566239423555,0.5201538076031694,0.5581523666651735,0.6437993379539422,0.6237533429900449,0.6280351149496645,0.5122224640377699,0.5770763261435055,0.5024645318941584,0.6715873590942921,0.7279972819457046,0.49605819254676664,0.7376153398674903,0.5842149253757649,0.6437029858236627,0.6249489681935504,0.5495972821751344,0.5390205707569956,0.6588905897542741,0.5749576714085017,0.6151926918226333,0.7079080574673188,0.5806122995802442,0.5620469912577154,0.573001153274158,0.5102953613985801,0.6078178501996689,0.5304363036044868,0.49637939618041393,0.5739447207191519,0.508798215786497,0.5497497841166548,0.6617890058602326,0.6423477696327227,0.6183630242962805,0.8279648623702651,0.5387957327851249,0.5569187727588742,0.5349057716687408,0.5269800038228218,0.537562118361537,0.49876961975791984,0.4899872858622213,0.5426649261509914,0.5470611469191978,0.5439947838532638,0.5863358777707893
CIV,0.6944890015457302,0.5758525479271316,0.5996675138135253,0.5788268787207008,0.5686472502633226,0.5723183834457465,0.6508427810723351,0.612141795049171,0.5759504841251808,0.568324131365273,0.7960550834841363,0.5494482231289216,0.6055845206164948,0.5862088570189546,0.6443151861119493,0.0,0.6290770722677325,0.7265372022395546,0.6040678243902078,0.5996245159678875,0.6742157744202678,0.5839875878321236,0.5804944709410623,0.5909697084182176,0.6721747608921378,0.5611627881202943,0.5961747211786543,0.5897424441886024,0.5483529654963193,0.566458122602111,0.5883875568604131,0.6896489146202914,0.6017018672877504,0.5522636924611665,0.6117116343173357,0.6079036416303073,0.6365640979837474,0.6354229117142629,0.6143550594551381,0.5673683673850881,0.6471610842245803,0.5507557470038772,0.6876180554016391,0.7656354249438067,0.5980208683906886,0.7149089432067572,0.6017345412069212,0.6274590085657391,0.6267358897431518,0.5975734588703147,0.624005882153347,0.6632526668676766,0.6866112402167319,0.6673868988444738,0.7401835652838707,0.582131125565151,0.5936023579143167,0.5688914316908501,0.5983175237484684,0.607167156409397,0.5788569192691693,0.5606044614175212,0.5809272040724817,0.628578770401716,0.589360549628224,0.6952627719160268,0.5970010772291733,0.6469010178965044,0.8150428025495072,0.598789801653802,0.5847288542224977,0.5515443529232847,0.6194022465212634,0.635701954509577,0.5511185560695925,0.5784652545226824,0.684236456176803,0.5865000711301106,0.6652290355826488,0.6231229280346721
CMR,0.6952691196382149,0.6083900943635742,0.6032071746408271,0.5889101736572699,0.6239571372397585,0.6381491434141626,0.6325046100055055,0.6216436240633599,0.5989176098833607,0.6141700425759916,0.7754153957307981,0.6082709077887748,0.6560973116398416,0.6440012523305332,0.6522346920957889,0.6290770722677325,0.0,0.6786744475578069,0.6297342391673227,0.6191301442905726,0.6981335052706132,0.6162547735630679,0.65260111175049,0.6231574340491585,0.6543155525329979,0.619251001351702,0.6291147110572504,0.6611806063198777,0.627966127137383,0.5995621768153393,0.6382076643373233,0.7126753571962292,0.6401907745575887,0.6196190952722659,0.6155677503234531,0.6279169563397496,0.6864254434996959,0.6765509948224435,0.6537861359268677,0.6214606434027374,0.6549255743930859,0.6204564367456008,0.6483284942964828,0.7573254527084224,0.6683210580144413,0.7345017069110689,0.6275060284125523,0.662404069233603,0.6607527026042258,0.652564427216676,0.6426591959580872,0.7292413090197091,0.6757118469138371,0.640268011608512,0.6870429868937149,0.6245918516466319,0.6276034568435965,0.6144706239416633,0.6213175655732208,0.6341661475275248,0.5987355676397029,0.6006970590815199,0.6241152464063255,0.6239596080813062,0.6130462739004492,0.6416135381173999,0.6125284827225363,0.7044655780543377,0.8134503975550956,0.6341865550696699,0.6355551850667615,0.6262154446283941,0.6104658136894275,0.6140890974368294,0.6081800254317693,0.6278743747148069,0.671320419114144,0.6218210190037183,0.637756653968516,0.6459599332638185
COD,0.6872039869264024,0.5550447473831213,0.5691896424835703,0.5354211716319534,0.5807169572036422,0.6100627661022107,0.5719015026511868,0.5609872589712601,0.5771777688049768,0.6144872969553103,0.7985871585025807,0.5692902783052024,0.6744843059057948,0.634858432528412,0.6368192928909191,0.7265372022395546,0.6786744475578069,0.0,0.6524266116906222,0.6841282330749031,0.7013689308614212,0.559905679044798,0.605669213509575,0.6114191370740809,0.6183867316502197,0.5512587564349365,0.6086111739725645,0.5898335121978389,0.6056048275174747,0.5733434655542268,0.6129323584904371,0.7063079780875345,0.6246208961052169,0.5998117315557923,0.6233406454467177,0.648932688938194,0.6093593123177208,0.6062556646012784,0.6528543361696411,0.5883275287852374,0.6513025566562017,0.6003973235890677,0.6013589554854922,0.6881419817550052,0.6337514902464924,0.7693329679819058,0.6365498102194223,0.6251263272711655,0.6064862887853624,0.6105828343046387,0.6177741654260154,0.7491361154564944,0.6328308123859777,0.6593474602781972,0.7421752591016669,0.5905444843314722,0.5721387981966115,0.6123897053845608,0.5951823513607155,0.5810238349281529,0.664262273377304,0.5848475037694477,0.5957186606727903,0.5704943308774753,0.5869909895502632,0.6592861726579013,0.6651890728828168,0.7113585766322262,0.8002571586521271,0.585996703669205,0.6013381862378211,0.5965569862233036,0.6086947914968157,0.6093277309225694,0.5678454117763289,0.5930642777828886,0.6484391022657358,0.586045254554557,0.6779890988776038,0.6569923050514679
COL,0.6848272005803535,0.5607650487306429,0.5460138731454315,0.5283526073105896,0.552998651833104,0.5472496920322762,0.6220712375965015,0.5854696637428071,0.5582460840216562,0.5432594595428021,0.8025384701820856,0.5618218034943441,0.6092903607308703,0.5574825634272471,0.5863768797903345,0.6040678243902078,0.6297342391673227,0.6524266116906222,0.0,0.6175953661361955,0.6595595431404209,0.5538499681198186,0.5524803661225897,0.5655385495242073,0.6382926738348165,0.5351474631894222,0.5985189921860276,0.5847567281063248,0.5517214835228806,0.5323414888472489,0.5838108188795659,0.6852511792066658,0.5871263201371257,0.5300120413950341,0.5975757766041826,0.6174627845061739,0.6157534926735811,0.6192224706113746,0.6163553121493968,0.5326584251885428,0.6288959868471322,0.5494624262562825,0.6620123316900665,0.7819453616990671,0.5708869918827545,0.7194602692201242,0.569220704499865,0.6231891724053011,0.6359000395588258,0.5963851746084212,0.5950314131892377,0.6706653938582483,0.6537613787302954,0.6079548801479158,0.709568680101418,0.5475585735059298,0.5846337967969615,0.5454519254571579,0.5550233350468141,0.5690289680443686,0.5656460476894206,0.5438037043143462,0.5414216114713152,0.561931876611492,0.5794210460225944,0.6595815323178482,0.6107842307671724,0.6612338004992331,0.8023807173328948,0.554412035687062,0.5632456538025551,0.5723595780660319,0.567831275736566,0.6143114475488523,0.5490876717742731,0.5543951518275309,0.6447231433551524,0.5438610535782205,0.6103383844178781,0.5910842507675028
CRI,0.6572918447582121,0.5651771001729912,0.5824641532906873,0.5418031156716806,0.5305240307596109,0.5246960262543019,0.5991388946524099,0.5823982673172144,0.5276294557892314,0.561978905668246,0.7946942335039052,0.5223756431551839,0.5447016920101454,0.5947240566693154,0.6162320015651588,0.5996245159678875,0.6191301442905726,0.6841282330749031,0.6175953661361955,0.0,0.5712199724022701,0.5218740403113652,0.5582798504503165,0.5203691453669802,0.6215953028918147,0.5364162273380542,0.544751724971882,0.5550370331072023,0.5368622605770192,0.5159198085793149,0.5380588214172358,0.5920138572997297,0.5684765729877312,0.5286734957846011,0.5887919850786463,0.6389984456267482,0.6148219531272583,0.5689146328826724,0.5784452320691311,0.5452566586286536,0.6270949685062751,0.5413560138301327,0.610084332229463,0.7164569545742133,0.5793978391855,0.7016049680273346,0.5385103751068692,0.5657244443005495,0.5859476233328478,0.603305880058175,0.5720928603743878,0.6535009907932854,0.6425028207685042,0.5797164744648001,0.6550531382143125,0.5223564039005704,0.5374141461214434,0.5522831846758808,0.5378443428399174,0.6144122171150028,0.5399728838678749,0.5110384486052417,0.5473228659955133,0.5968956009186306,0.5589750666457244,0.6405047139531415,0.5642016201225575,0.591444745244856,0.7654018094166455,0.5542977971588635,0.5354249260588814,0.5362428769624324,0.5595652182513894,0.6156397111658429,0.525826064696576,0.5188163213819513,0.6176827552801234,0.5555997440394113,0.6338377546628065,0.60013329901161
CYP,0.7059121088215894,0.5990849743569339,0.6383698321449701,0.5861507914282439,0.5834537780786762,0.5681976514367933,0.6452534328815112,0.6075375537061508,0.5819423724704973,0.6138162083781568,0.8165388397228487,0.6114650283682487,0.5961400150808213,0.6602606091909856,0.6582021416731294,0.6742157744202678,0.6981335052706132,0.7013689308614212,0.6595595431404209,0.5712199724022701,0.0,0.5880171690069396,0.6048562386781886,0.5227150920646844,0.6211864948736551,0.5789688591926714,0.5546841628947405,0.6079091087947578,0.5930714102443951,0.5846143872431329,0.5554726075779493,0.6315250834425682,0.6069535315796895,0.6035928965926891,0.6242371616346678,0.6863657566904585,0.6482226539666931,0.5850533036759842,0.6474900638496455,0.5725406218208745,0.6379713158370256,0.6076863401028346,0.6912633400239827,0.7637273875907751,0.597378694607791,0.7601955950853323,0.6176431638315409,0.5787243455361735,0.5896732910624397,0.6407585796252282,0.6648205817011004,0.6542680831995824,0.6883514482292523,0.6322461974568689,0.7551762495649316,0.584434971090844,0.5594608943994975,0.5983953695143369,0.6034294639129882,0.6598358279991273,0.6262680669749245,0.5967813610783791,0.5841530430592933,0.6450399491959996,0.606599681997366,0.6850719030652594,0.6594942142457645,0.5980418426889669,0.7868562401048269,0.6110105161723649,0.6047825249605263,0.5954586324660537,0.6148609847713594,0.6395195676396216,0.5954013662876007,0.588600548224933,0.671106913231002,0.6124223012195841,0.6763607460970789,0.654393368820114
CZE,0.6348173590094778,0.4418187458880066,0.46634767643671277,0.44020352069990076,0.38240595225878726,0.4334757617081321,0.5362359417622556,0.4634679719110082,0.4267916359888883,0.4768857871193337,0.7975226317975266,0.4129404676041073,0.5131762937185813,0.5248277957517126,0.4824476301375243,0.5839875878321236,0.6162547735630679,0.559905679044798,0.5538499681198186,0.5218740403113652,0.5880171690069396,0.0,0.42275802940551555,0.47800497950591736,0.5451891196981706,0.3849907252903161,0.4649297726959539,0.44124367777300677,0.4060498480877879,0.403682546112324,0.48159412813771635,0.6147820195171314,0.4857199267188939,0.38538723023448124,0.5213868500796307,0.5499718829736826,0.5427393170032409,0.5063934036880343,0.5515996450033869,0.41422198529897303,0.5504604785153474,0.42838702547087837,0.614039144267016,0.6826585997121708,0.4526862325609652,0.7191709933845593,0.4878664573915594,0.5220290794456758,0.4681811189416943,0.5037209875813444,0.5267883730390285,0.6024568965264445,0.6115441547210398,0.5531460343083028,0.6920937580947025,0.441851898422081,0.4583551059217396,0.45396499707443105,0.4495314363770712,0.5557031594799564,0.5063563901968755,0.36987712224698255,0.44240803716578675,0.4547880480587806,0.431131319107554,0.6311981595558632,0.5572376683999153,0.5721284287725528,0.759328477716473,0.3690695856011289,0.4062706807698026,0.3908604842023833,0.5107222457003102,0.5040103083711933,0.4140181609505982,0.4437388326331195,0.5405492863810536,0.44672559881513424,0.5505028432264762,0.5212258309856945
DEU,0.6294392138402614,0.4726700194998913,0.5327933090191624,0.48088861854187753,0.41123088839553595,0.4213158941015125,0.5859076581672386,0.5246410934739448,0.5041465241807324,0.5018566321227873,0.816446340050045,0.4484677521314735,0.4861156129903291,0.5124906760500814,0.541771018527353,0.5804944709410623,0.65260111175049,0.605669213509575,0.5524803661225897,0.5582798504503165,0.6048562386781886,0.42275802940551555,0.0,0.44818074913639516,0.6005409131937153,0.4119628027163241,0.4976640615013502,0.4526649522931234,0.36834284658732075,0.39485677304391575,0.4680179257507015,0.6123993410030409,0.5153643882542402,0.4520269054046074,0.5567551425541145,0.5920319953048696,0.5382027930124786,0.5181812569888696,0.4939774133870116,0.38760575368378863,0.6208708413367908,0.4479619756501866,0.6607992509937766,0.7524030905174777,0.46083648501730967,0.7742036250917887,0.5353627552617073,0.545629250132624,0.521501014532962,0.5446315330051968,0.5480059109082253,0.6292196381516775,0.651325927167765,0.61458237209446,0.7176453785271256,0.39544352936336097,0.44267067327541254,0.4650878537622014,0.5247395376099568,0.571178309879053,0.5694886260036541,0.46069814156692895,0.4717272779943533,0.546485152684296,0.4784884303366963,0.6464916440619433,0.5908304842432562,0.533311318444635,0.7817339840598441,0.45411062683364795,0.4206690932363565,0.4178787803437989,0.5347074081224412,0.5515225191680363,0.48281307612392543,0.45184970279672765,0.6184947591587494,0.4179542077340342,0.6110650519600869,0.5691991148179653
DNK,0.619453122614941,0.4937242719333295,0.5224300924279885,0.484644252497704,0.4459719571572803,0.44698127160983625,0.5687428217221059,0.5349628142322291,0.5066297950984612,0.5102177106883671,0.7939785750973374,0.4707204161495388,0.5008567738290314,0.5421524098910978,0.5745925892332249,0.5909697084182176,0.6231574340491585,0.6114191370740809,0.5655385495242073,0.5203691453669802,0.5227150920646844,0.47800497950591736,0.44818074913639516,0.0,0.5838611848718926,0.4586493015826692,0.46496519623624116,0.47758516543923,0.4579184172938509,0.4234431575326664,0.4622520733539676,0.5577575619906435,0.5140654722706142,0.4764355458230772,0.5474987020042712,0.6075869232574411,0.5472789487700955,0.5381489376201101,0.498126462786459,0.41290801525791776,0.6099828196649848,0.48175101680444476,0.6336840951900131,0.7396563810311625,0.5043628651683122,0.7398613516626772,0.5402850888293209,0.5116372465311255,0.5387062219170925,0.5741947479454484,0.5637293165089149,0.6158607823876674,0.638292786771382,0.5874844404125869,0.6912505726608551,0.40140723010622903,0.4262443890648031,0.4951630272771149,0.5218913220119419,0.5866771552275322,0.5460395612641173,0.475222349359339,0.47552539679028655,0.5520079432421481,0.49421670670078166,0.6149966678303591,0.5937752658540313,0.5210602623738059,0.7668310035755191,0.5114766311962176,0.4754741121175597,0.4504821586492679,0.528323177202163,0.5591295608570578,0.5040076712957302,0.4677077498054332,0.6237930472766636,0.46451153940608647,0.6235132275632551,0.5813493452933846
EGY,0.695851389864648,0.5277835532614582,0.4997792728660756,0.553215615732342,0.5830039971108679,0.5712256155471146,0.5852314463979236,0.5647894057398481,0.49603300249650023,0.5528998047394775,0.7955675308844045,0.5800881382924451,0.6387213213828316,0.6123067531579316,0.5814414665608856,0.6721747608921378,0.6543155525329979,0.6183867316502197,0.6382926738348165,0.6215953028918147,0.6211864948736551,0.5451891196981706,0.6005409131937153,0.5838611848718926,0.0,0.5519183755212136,0.5852757163649733,0.5943321927044588,0.600829209242071,0.5681744068553668,0.5762042695608361,0.7119007155452725,0.57802346359045,0.5531964841399893,0.6154980416607353,0.6145677695158978,0.684004058520428,0.6052589443302477,0.6110920602652387,0.5649846791795474,0.5476931626845594,0.5737631358794943,0.6129976661877792,0.7023519870399478,0.5607225300050867,0.7359060772594114,0.5933954706373047,0.6552651928069628,0.5875842651723397,0.6012250584711241,0.6174793834081801,0.7133295224854475,0.6110564351016138,0.5963432747219257,0.753344328107539,0.5806961820000668,0.571784944591197,0.5879605004600282,0.526193383436387,0.5628915890122688,0.6043447828879841,0.575038979462135,0.5887011641686021,0.5572916473100871,0.5841548809505157,0.5971115148537662,0.6535943188518518,0.633502136679559,0.8077507457573581,0.5603630721140935,0.5982941207778824,0.5843528648648539,0.5807040123497532,0.5889850352444003,0.5366513657174918,0.5241817017431655,0.5809370019785173,0.5774489086929129,0.5890742278714133,0.6021689788138579
ESP,0.648563802044926,0.4538376115259151,0.4778053603883982,0.42325703459605984,0.3755773777170538,0.40835449867282175,0.5541572562797833,0.4601270180571652,0.43667244387452003,0.45124177844332486,0.8092140167425985,0.42571941082059456,0.4973698429969852,0.5305939998879291,0.5236781787978022,0.5611627881202943,0.619251001351702,0.5512587564349365,0.5351474631894222,0.5364162273380542,0.5789688591926714,0.3849907252903161,0.4119628027163241,0.4586493015826692,0.5519183755212136,0.0,0.48023585002784686,0.46042225597175174,0.3928559112243934,0.4019826292321997,0.4463543407233837,0.6282312873864613,0.4808627215565158,0.40654215835908586,0.5147990361356739,0.5315853211380913,0.5031320121818892,0.49784144343652165,0.530825405690425,0.39062890431104924,0.5682471840179437,0.43704384614007874,0.624792817379316,0.7174533045279996,0.4489197070583408,0.7556576970950057,0.4828330572087812,0.5162937506932335,0.48408765007130167,0.48384748145705847,0.549269354497463,0.6026676296687608,0.6139273554385812,0.5723459560881891,0.69607970284559,0.4316364313577744,0.45814834751161393,0.4620293709857294,0.4718950771213699,0.5298095483441899,0.5217758497132979,0.41928496033913665,0.420172940498808,0.5031353733587448,0.46947125099652354,0.5934334460533004,0.5482231109959598,0.5748358150708055,0.7531512557015883,0.42095005516028444,0.3973978908128826,0.42487201443202754,0.4883241030274255,0.5126528632194814,0.4113521613447392,0.42298973335974893,0.5843854479994268,0.4476244672833749,0.5923384919757158,0.519308124055898
EST,0.6085363166109397,0.5234055345773897,0.5312759339352854,0.4919481931589221,0.49350509266619635,0.49023715077644736,0.583619860697754,0.5442346225588256,0.5185370288685874,0.5570445459916106,0.8017158295330471,0.49527253809590044,0.5407822439067972,0.568508377930516,0.6055405452472182,0.5961747211786543,0.6291147110572504,0.6086111739725645,0.5985189921860276,0.544751724971882,0.5546841628947405,0.4649297726959539,0.4976640615013502,0.46496519623624116,0.5852757163649733,0.48023585002784686,0.0,0.5105893713297447,0.49889639148055526,0.4699329034114081,0.5298140254771979,0.5985993671227783,0.5064349337534146,0.48131778639890266,0.5651067046449156,0.6234366679239572,0.5732535122091211,0.5539230135241244,0.5839469536148906,0.49082524644016595,0.5903755080288767,0.5331580996625197,0.6211368516767309,0.7275870332835106,0.5711755628249737,0.7041291321600243,0.47448737365098154,0.5370748815580662,0.44613956065708166,0.5607585883748393,0.5802109943906537,0.5941733769684981,0.6651248470245887,0.5738625265336974,0.7048614427846147,0.47135956148606284,0.4503236629472338,0.4968076743214782,0.5277428944562502,0.58405580184446,0.5452248147305317,0.46839817629693314,0.5178008723759461,0.5229432345484492,0.43502909681365864,0.6470303090239581,0.5767008361856251,0.5743941524327367,0.7547543434882941,0.48945858988984936,0.4821451516483478,0.4827308108321356,0.5573289658719061,0.5551954838992866,0.516178794520359,0.5130134572265784,0.6039575871786381,0.521875792035068,0.6180065958919525,0.6033319311331495
FIN,0.6576885978510657,0.4913970097879024,0.5139289770792369,0.4889289338563714,0.4363284454071419,0.46541801138236694,0.5877904879615555,0.5249830709973994,0.48503573841789255,0.5126528902479445,0.8041099962208038,0.4467521176326472,0.5275932610533175,0.5197957795092975,0.539462676038145,0.5897424441886024,0.6611806063198777,0.5898335121978389,0.5847567281063248,0.5550370331072023,0.6079091087947578,0.44124367777300677,0.4526649522931234,0.47758516543923,0.5943321927044588,0.46042225597175174,0.5105893713297447,0.0,0.4443575645607323,0.4630668367687505,0.5222643587307796,0.6196660289184371,0.5140524713581152,0.44616616260084513,0.5630446439013758,0.5835832201237396,0.5661211823772819,0.5506431419690955,0.5544616134055679,0.47403761590881033,0.5903911954656562,0.46203600625011926,0.6493858096490888,0.7124400589325801,0.4797204492342575,0.7476814852057031,0.5266120043824336,0.5480007338808577,0.5028455000198068,0.5434803954856414,0.5439698056597198,0.6307973706418093,0.6296382302746293,0.6020525765251242,0.7010649804589439,0.4657391250304966,0.45614572042603824,0.5049832352859388,0.5006583051555857,0.5770921877326447,0.5579654760290138,0.45009437241840483,0.4675247335445023,0.536406959852229,0.5049334929280886,0.660133567728667,0.580452667821936,0.5697106156497171,0.7796398953148569,0.4744248414139185,0.44452369492595745,0.3987965854563636,0.5577222841050509,0.5495703203362808,0.4916105131452835,0.4535903056919659,0.5859119376732208,0.47383573859688516,0.5962493803407104,0.5522506100127691
FRA,0.607193428404653,0.45210957672349145,0.5138168738919343,0.4428848776479016,0.3852840555834076,0.40134970559830274,0.5566664075245737,0.5019565062925164,0.4729962351865523,0.4763748518324494,0.7994369472965347,0.41320276671076545,0.4724522541932967,0.4980976896717242,0.557395701142584,0.5483529654963193,0.627966127137383,0.6056048275174747,0.5517214835228806,0.5368622605770192,0.5930714102443951,0.4060498480877879,0.36834284658732075,0.4579184172938509,0.600829209242071,0.3928559112243934,0.49889639148055526,0.4443575645607323,0.0,0.3727693763221372,0.46262766282098594,0.5915236237421438,0.5006899500939349,0.4208063400279643,0.5528385211258564,0.5804560691033944,0.5005744301521559,0.49717819329898716,0.4968033798635295,0.38244530860229003,0.6153930356270507,0.43944539431265695,0.6355132637937644,0.7285439941811956,0.45510727296027986,0.7560192866199237,0.5093600314148644,0.5144875031939968,0.49340955918208645,0.49146301289480726,0.540695194841802,0.6030954179013612,0.6414697870333128,0.590167803829926,0.7016069161797566,0.3759496300521259,0.43899705839602365,0.43111966228049636,0.4853374617867997,0.5509961674365301,0.5282515650288929,0.42812858516834035,0.41443296325659806,0.5232605159313922,0.4492304299301281,0.6482677211188529,0.5487491480667779,0.5431964931537787,0.7737104044503573,0.41858679590986564,0.3897146883329601,0.3894570998936624,0.5206169687417864,0.5274698508081805,0.44913702322196936,0.4431753931590463,0.5926307169882983,0.4037835293821769,0.5951547614542317,0.5453648158770052
GBR,0.5806624458505978,0.455666189072483,0.46669014638284795,0.4027905973171597,0.381902045292204,0.401581078568899,0.5321989509043737,0.5210484081391,0.46375009372176174,0.45117255893442165,0.8060067429582185,0.4144704525720369,0.4642789901657836,0.5091707968169873,0.530855798328526,0.566458122602111,0.5995621768153393,0.5733434655542268,0.5323414888472489,0.5159198085793149,0.5846143872431329,0.403682546112324,0.39485677304391575,0.4234431575326664,0.5681744068553668,0.4019826292321997,0.4699329034114081,0.4630668367687505,0.3727693763221372,0.0,0.47387666700228825,0.5728100276311398,0.4892062806699964,0.44782747475667756,0.5455223836488026,0.5745712357270987,0.4746098672409163,0.47291951068550175,0.48559657584841304,0.3713484277822617,0.5844211546325064,0.4485776688826929,0.5928341725262655,0.7201629115298787,0.47321974418021084,0.7520745353254701,0.5013272165377862,0.5060906439839894,0.5129542799298202,0.5419177056783329,0.5117689058743591,0.6085293629328357,0.6187741778754959,0.5627413900717328,0.6681231862574002,0.3507178980817433,0.415349465458142,0.42725949273134345,0.48529591746391915,0.5228416318458489,0.5243457203029959,0.4389794424595608,0.4385854113876916,0.48533777912847925,0.4361027787527836,0.6036312838132437,0.5467470311062687,0.53228939172978,0.7464399172105199,0.43900825349856365,0.4111884731249238,0.4258343075169644,0.5152077782846832,0.5142065489802524,0.44236664857454594,0.42286991877910374,0.5916062531307493,0.3927669572886248,0.5766216916063578,0.5522744721941705
GRC,0.6405298656230358,0.49884350543272094,0.5321124933186244,0.5007107771445457,0.43956402953010504,0.4751736056452282,0.5758127318018019,0.5038227835827069,0.4842546003769434,0.5095955167914695,0.7929340288313154,0.4806339080314348,0.5153939277985016,0.5156795932908207,0.5805956501590744,0.5883875568604131,0.6382076643373233,0.6129323584904371,0.5838108188795659,0.5380588214172358,0.5554726075779493,0.48159412813771635,0.4680179257507015,0.4622520733539676,0.5762042695608361,0.4463543407233837,0.5298140254771979,0.5222643587307796,0.46262766282098594,0.47387666700228825,0.0,0.6318474590316551,0.4941205541714914,0.4790714440940984,0.5737371243011601,0.5936963775501897,0.5781045410031107,0.5339649016738083,0.525765222088479,0.4622879337918617,0.6082906594531391,0.4939862499350904,0.6426518966864508,0.7391239378919927,0.4952562314704518,0.7630684392878542,0.5635574887851362,0.5492725006841122,0.518286749588442,0.53433066003904,0.5835169872135983,0.6283630102542088,0.6371812617491289,0.6098222653056186,0.7150347423019556,0.4717250405668157,0.5006918636724373,0.5101683213626016,0.5062481939090794,0.5761621629320369,0.5454171184363392,0.480540595893819,0.4699854800112861,0.5574596412207674,0.4765746164699107,0.6572626910251053,0.5657151565345399,0.551274255398913,0.7729233937071883,0.5061129876864994,0.4881581356162831,0.4625304369286444,0.5300456007209798,0.5565995607511326,0.46757651143395346,0.4777757062710541,0.6285587298234265,0.4712882323059656,0.616349466017623,0.577902295462885
HKG,0.6663060402942143,0.6132188231777597,0.7070336861568205,0.615071720321806,0.5761384644180909,0.576080326069676,0.6733260206052875,0.6786718246299973,0.6656585514304184,0.6662412408792769,0.8335491557149052,0.6134453422832902,0.6087963233853431,0.6643403423685458,0.7413746056370114,0.6896489146202914,0.7126753571962292,0.7063079780875345,0.6852511792066658,0.5920138572997297,0.6315250834425682,0.6147820195171314,0.6123993410030409,0.5577575619906435,0.7119007155452725,0.6282312873864613,0.5985993671227783,0.6196660289184371,0.5915236237421438,0.5728100276311398,0.6318474590316551,0.0,0.6695482133855584,0.6141383667404963,0.6816182331509456,0.7324477202957234,0.6279880438421857,0.6091621206525459,0.6045752915679801,0.6132912363779727,0.6857748259283657,0.6170053425362058,0.7033306694294317,0.7908921390874877,0.6449584925644757,0.758010092787638,0.6319243192207702,0.5893787631456149,0.6360506049289173,0.7131117477299395,0.670998436329548,0.6843089531487694,0.780677358488036,0.6275952789769947,0.7398663361091331,0.5538188373130586,0.5772214011396181,0.6267124826970474,0.670822214743162,0.7068070519989136,0.6373007511440236,0.609475568292798,0.6004641195171927,0.6690588786433571,0.6115042153154862,0.6879595100550713,0.6901926363683973,0.602139610847702,0.7643651061692887,0.6150893607428607,0.6072243393216318,0.6155348752209874,0.6683508892937544,0.691813327103973,0.6499766217531734,0.5984146062172931,0.7305619095313807,0.597842346641196,0.7208302214262584,0.6606819795080763
HRV,0.6391971200330634,0.4885002325324361,0.5118315779095582,0.49750359915236236,0.4913418825232208,0.5005364323750302,0.5751826216276928,0.5231282699891856,0.46383531634846914,0.520487483020603,0.7763343273770551,0.49262231321487865,0.5314063398894987,0.5472180841337277,0.5484876253548252,0.6017018672877504,0.6401907745575887,0.6246208961052169,0.5871263201371257,0.5684765729877312,0.6069535315796895,0.4857199267188939,0.5153643882542402,0.5140654722706142,0.57802346359045,0.4808627215565158,0.5064349337534146,0.5140524713581152,0.5006899500939349,0.4892062806699964,0.4941205541714914,0.6695482133855584,0.0,0.46951646179097717,0.5444236634052768,0.5674348921799784,0.5809251966835906,0.5449201370820644,0.5589432461367124,0.47282293761333277,0.5763459418993263,0.5070437000134641,0.6316663676951242,0.7279112840743746,0.5345339135780545,0.730483055515257,0.5194555522633171,0.5788425627531673,0.5450509729419983,0.5521295924876081,0.5940917337118451,0.6469398784106976,0.621820464921409,0.6077798625542516,0.7043055084426815,0.5031928570242624,0.4875780350254052,0.4972436516463891,0.4913068753805831,0.5823341493368382,0.537113369365187,0.47992065304804815,0.5120273923278255,0.5164055484186393,0.48748681367917446,0.6404929144396899,0.5961858263628842,0.5812402465211535,0.7660826096267014,0.48941869644584,0.49127606941897534,0.49436755720599745,0.5243608866886276,0.5440744931232834,0.5055566268634414,0.49520911837510667,0.6037375149210578,0.5113467573810069,0.5857964631820395,0.5770648488811714
HUN,0.6280130255161388,0.4388342865345281,0.4666692039734999,0.456174105537743,0.4064762897188303,0.43419567921250735,0.5591795907191939,0.44373037939482146,0.3965811939997917,0.46135816320119566,0.7872463976135644,0.4130128617634131,0.5076725857365962,0.5147494044983366,0.48829566239423555,0.5522636924611665,0.6196190952722659,0.5998117315557923,0.5300120413950341,0.5286734957846011,0.6035928965926891,0.38538723023448124,0.4520269054046074,0.4764355458230772,0.5531964841399893,0.40654215835908586,0.48131778639890266,0.44616616260084513,0.4208063400279643,0.44782747475667756,0.4790714440940984,0.6141383667404963,0.46951646179097717,0.0,0.520783697945893,0.5139082063324696,0.5492978436457042,0.5250547670365125,0.5282721006545901,0.42433657466777824,0.5408869059594319,0.42979628367995504,0.6116485560331261,0.7153133930272796,0.45933715008664794,0.7001525605754513,0.446083112489121,0.5485788715617446,0.5065662515669254,0.47597023886951634,0.5064273640950643,0.5830431362450362,0.6042874427228423,0.5548460867157587,0.6850245566756693,0.46445285610737364,0.4837962159062059,0.4720737250586656,0.43177000407726457,0.5455105645613582,0.48014208726917595,0.4102757068566858,0.45314222722067443,0.48467454624314804,0.44198576254276933,0.6362514608541011,0.5593712800498358,0.5717917458034047,0.752133518788987,0.408735956907377,0.435096648993433,0.4093438724090879,0.4995318971922692,0.5040229780553356,0.423447392148983,0.45174954170255005,0.5512532191742879,0.4547617241836015,0.5509024793925515,0.5130706537545084
IDN,0.676608397136774,0.44993645767932544,0.58133434636988,0.529215718036206,0.5459000217905883,0.5584493870214478,0.6500587447555403,0.5438509162148683,0.48669090637065404,0.5351202196707325,0.7683283972199058,0.5375522664475283,0.6028104690488781,0.6103153700094999,0.5201538076031694,0.6117116343173357,0.6155677503234531,0.6233406454467177,0.5975757766041826,0.5887919850786463,0.6242371616346678,0.5213868500796307,0.5567551425541145,0.5474987020042712,0.6154980416607353,0.5147990361356739,0.5651067046449156,0.5630446439013758,0.5528385211258564,0.5455223836488026,0.5737371243011601,0.6816182331509456,0.5444236634052768,0.520783697945893,0.0,0.5657593747247959,0.6162130244591287,0.6085354931107408,0.6258844830516586,0.5306982487350155,0.5742380556309716,0.5296484332059187,0.6373629677194579,0.754029928374698,0.5635333512917258,0.7021770268493706,0.5879507603468619,0.6031215558759857,0.6189792026361393,0.5508062012165992,0.5952549179332522,0.668700313071,0.6319159046341535,0.5617211132182763,0.7230889153217218,0.5598870072389059,0.544204087358772,0.5612754434634435,0.5646435443885419,0.5960817798303619,0.5095087291172068,0.5076885406576288,0.5529996026923661,0.5470603097537015,0.5233053317059474,0.6437187104087241,0.6540072271584597,0.6015501025150172,0.7948430890823321,0.5506703997567599,0.568084294240321,0.5449173610175021,0.4663043203196023,0.5779523108383908,0.5243091889485493,0.5144710029584854,0.6037709814237736,0.5699448207162154,0.6082634990694412,0.5935990899624879
IND,0.7256326167243385,0.5297873129640184,0.536920562206599,0.5454350404954322,0.5516145727728908,0.5708524450327933,0.603252645339648,0.5417366241680098,0.49437663849887603,0.5399021454578372,0.8024738755387268,0.5556893625687849,0.6372767883692485,0.6355520179294387,0.5581523666651735,0.6079036416303073,0.6279169563397496,0.648932688938194,0.6174627845061739,0.6389984456267482,0.6863657566904585,0.5499718829736826,0.5920319953048696,0.6075869232574411,0.6145677695158978,0.5315853211380913,0.6234366679239572,0.5835832201237396,0.5804560691033944,0.5745712357270987,0.5936963775501897,0.7324477202957234,0.5674348921799784,0.5139082063324696,0.5657593747247959,0.0,0.6412546339027496,0.6140458718448082,0.6185255212169367,0.5641762625568234,0.5929546901366303,0.5500440487617434,0.659169297930717,0.7333544649286964,0.5765223037080872,0.7567872646042877,0.5836290219469336,0.6379148918402816,0.6344552030577667,0.5697586391415197,0.6080346525275889,0.6859202798712859,0.5996290473893048,0.6373023259930558,0.7452808518173407,0.5957311523825799,0.5922371861791333,0.594684580753455,0.5170239699174546,0.619184072283742,0.5665506875637059,0.5555094137562311,0.5873615603142364,0.5692298965253413,0.5626299001230745,0.6709139791451577,0.6436668194836184,0.6599700153150362,0.7960312789358922,0.5664638195283448,0.5885969224281239,0.5667209766329749,0.5698246903850038,0.5833642482270917,0.5171654053728351,0.5674408064022674,0.615592458204697,0.5890623792347222,0.6218905980533745,0.5988115798590362
IRL,0.6842363938254191,0.5554710097354049,0.6096629145444545,0.5238062487063889,0.5079030413156159,0.5375923882049692,0.6284800460965281,0.5979793474558496,0.5854600355412237,0.5794163336254305,0.8369334040831194,0.5532100545898092,0.5439019254515386,0.5984753296535222,0.6437993379539422,0.6365640979837474,0.6864254434996959,0.6093593123177208,0.6157534926735811,0.6148219531272583,0.6482226539666931,0.5427393170032409,0.5382027930124786,0.5472789487700955,0.684004058520428,0.5031320121818892,0.5732535122091211,0.5661211823772819,0.5005744301521559,0.4746098672409163,0.5781045410031107,0.6279880438421857,0.5809251966835906,0.5492978436457042,0.6162130244591287,0.6412546339027496,0.0,0.5344471859348587,0.5905643195871697,0.5325869102312637,0.6904620503717772,0.5592957565728838,0.6906190698980634,0.7642439859382332,0.6049278928898388,0.773061487616917,0.5763788224257796,0.5593675331121407,0.5998707487445453,0.6127446330473124,0.6399994850339632,0.6330901262808082,0.6830575672270629,0.6565645830787226,0.7140085707497427,0.5163583064469657,0.5415574769966354,0.5350352437724435,0.5987739159805386,0.6066927964240059,0.6156957054331903,0.5456377096355406,0.5231106623067787,0.590926114094247,0.5740242201973387,0.6882153925336552,0.6416268488731376,0.6200464672951164,0.7479578869381828,0.5630540418123977,0.5153806513875309,0.5273299447260393,0.61285376313921,0.6087016539192451,0.5591037961578255,0.5616399897939558,0.6876770562151123,0.5287162421550474,0.6643347463221705,0.631371528850339
ISL,0.6333715560075265,0.5600241408690599,0.5708055104228339,0.5127000433876608,0.49924609745717846,0.5110104914759732,0.5554968856702198,0.5428928252655234,0.5291127028050505,0.5590377427509021,0.8381193523395419,0.5288653828905273,0.5414402178588005,0.5940870742498637,0.6237533429900449,0.6354229117142629,0.6765509948224435,0.6062556646012784,0.6192224706113746,0.5689146328826724,0.5850533036759842,0.5063934036880343,0.5181812569888696,0.5381489376201101,0.6052589443302477,0.49784144343652165,0.5539230135241244,0.5506431419690955,0.49717819329898716,0.47291951068550175,0.5339649016738083,0.6091621206525459,0.5449201370820644,0.5250547670365125,0.6085354931107408,0.6140458718448082,0.5344471859348587,0.0,0.5987045246828413,0.5096127100326371,0.6205907943463022,0.537423790501908,0.6231272351150159,0.7376332571250483,0.5604839215571438,0.7526826676071343,0.5593740687313261,0.5541352133977951,0.5615291389849182,0.5892200076980386,0.6315090185938426,0.6086753586428124,0.6497440208913716,0.6304023806794632,0.7072028951466077,0.5171283664222028,0.5154922768123099,0.5239904568644101,0.5076508483533141,0.5911410530011555,0.5857011833690438,0.53210720380737,0.5365408765087667,0.5732862070489964,0.5411520002577848,0.6649400994489573,0.6138899026366776,0.6030544727480106,0.7375497721274501,0.5064179302393282,0.5225198903651413,0.5305186133670643,0.583558281411406,0.5678780440735461,0.5143616754739821,0.5350783263733052,0.6359603244697475,0.5244085884358907,0.6235707303992019,0.6257480444115817
ISR,0.645793845869868,0.5273360458789792,0.5468211049300424,0.5449946783647776,0.49746510997163035,0.4847865151067338,0.6269303652146687,0.595441020458367,0.5700137453283389,0.5370801570136121,0.8040561881199141,0.5220620293240756,0.5397054436407234,0.5325661407152626,0.6280351149496645,0.6143550594551381,0.6537861359268677,0.6528543361696411,0.6163553121493968,0.5784452320691311,0.6474900638496455,0.5515996450033869,0.4939774133870116,0.498126462786459,0.6110920602652387,0.530825405690425,0.5839469536148906,0.5544616134055679,0.4968033798635295,0.48559657584841304,0.525765222088479,0.6045752915679801,0.5589432461367124,0.5282721006545901,0.6258844830516586,0.6185255212169367,0.5905643195871697,0.5987045246828413,0.0,0.4984878861803528,0.6330893017220084,0.5499214689196708,0.6569917324396796,0.7587619678291155,0.5292085127345482,0.795283208893462,0.5977772974539575,0.5708992714420392,0.6155363610982656,0.6044175014569511,0.5708403900820106,0.6807232845361347,0.6801360384743645,0.6205462986521303,0.7210059658520294,0.4580980903121565,0.5294673296238475,0.535235412511173,0.5864859258865612,0.588911062889197,0.6113080299935357,0.5580065231154637,0.5208048289350733,0.6190961746261702,0.5571535106415719,0.6308337100072178,0.6166705404888125,0.5317885354299026,0.7894046265685178,0.5728218477360573,0.5405730695800923,0.5173301438181113,0.5952581192626349,0.6178694382402473,0.5548976003890959,0.5167382006959853,0.6559288040989476,0.4934383999534791,0.6684042799697796,0.6051908998823601
ITA,0.6165698456682916,0.4509607413357386,0.48720134690216044,0.44082829661653156,0.39745398329652704,0.4060670800512219,0.5491045265753501,0.5120789268374236,0.4639308575162318,0.4707503551633958,0.8047380305476837,0.4402996770104188,0.4885112112554975,0.5189678998470174,0.5122224640377699,0.5673683673850881,0.6214606434027374,0.5883275287852374,0.5326584251885428,0.5452566586286536,0.5725406218208745,0.41422198529897303,0.38760575368378863,0.41290801525791776,0.5649846791795474,0.39062890431104924,0.49082524644016595,0.47403761590881033,0.38244530860229003,0.3713484277822617,0.4622879337918617,0.6132912363779727,0.47282293761333277,0.42433657466777824,0.5306982487350155,0.5641762625568234,0.5325869102312637,0.5096127100326371,0.4984878861803528,0.0,0.5934939325690761,0.4399816855042629,0.6232215695831549,0.7363760201984659,0.4601615523150875,0.7665076428915119,0.5129083557165248,0.5140817821061914,0.5119815754651482,0.517591609700931,0.5154229775687647,0.6105045393817646,0.6193305781204895,0.5899314110872939,0.6856969531085214,0.4043776564329514,0.44430414376778815,0.4604961168215795,0.4951228223737317,0.550341965404678,0.5394692978403649,0.44622312835110445,0.44951231346695436,0.514949625043416,0.45744581886826885,0.6100472952747207,0.566401465910725,0.5402365936547312,0.7762853965459473,0.42818381582023174,0.4204183643689552,0.40469695479792483,0.5003613877374442,0.5253642694075299,0.44128545677154996,0.4403643833373897,0.596489324713988,0.4226813581843603,0.6008406211610863,0.5513001705176558
JOR,0.7187483345840828,0.5191228200962378,0.5540664329211216,0.5688806532966045,0.5842085401403785,0.5989421671498489,0.6207211005988991,0.5708840455323219,0.4810347263538588,0.567631264736658,0.7815958650178817,0.5780664023554904,0.6616364833362082,0.6367965555174298,0.5770763261435055,0.6471610842245803,0.6549255743930859,0.6513025566562017,0.6288959868471322,0.6270949685062751,0.6379713158370256,0.5504604785153474,0.6208708413367908,0.6099828196649848,0.5476931626845594,0.5682471840179437,0.5903755080288767,0.5903911954656562,0.6153930356270507,0.5844211546325064,0.6082906594531391,0.6857748259283657,0.5763459418993263,0.5408869059594319,0.5742380556309716,0.5929546901366303,0.6904620503717772,0.6205907943463022,0.6330893017220084,0.5934939325690761,0.0,0.5647221597796854,0.647565743510691,0.7516053164447819,0.5839537926347987,0.6974182111546996,0.5858118316568603,0.6448833425580809,0.616274859678648,0.5961525425199086,0.6284610534489734,0.6775210119230213,0.670689227671273,0.5733194750361217,0.7417007574984733,0.6098480617133004,0.5882312954447066,0.6009522770740513,0.5644294043907474,0.5893194734269989,0.5679850760906845,0.5580685542629308,0.6121250607564219,0.5527730148572051,0.5641863530366603,0.6447242550136797,0.6425017898733573,0.6583465388954104,0.8028598573435388,0.5585911376779165,0.6140699664286681,0.593360482978365,0.562465350035032,0.6149276041468285,0.5555986507175389,0.5374642894815469,0.5959044426356369,0.6066654997917726,0.601657677078179,0.6036895648252583
JPN,0.6563808280338478,0.469928334919052,0.4987053759785472,0.4669740232446664,0.4462456759797873,0.4720192301825417,0.5668572113327222,0.5201731602739297,0.4582807921389677,0.4838108661165234,0.7979316264522593,0.4274154277441529,0.5246440398053843,0.5293155097243442,0.5024645318941584,0.5507557470038772,0.6204564367456008,0.6003973235890677,0.5494624262562825,0.5413560138301327,0.6076863401028346,0.42838702547087837,0.4479619756501866,0.48175101680444476,0.5737631358794943,0.43704384614007874,0.5331580996625197,0.46203600625011926,0.43944539431265695,0.4485776688826929,0.4939862499350904,0.6170053425362058,0.5070437000134641,0.42979628367995504,0.5296484332059187,0.5500440487617434,0.5592957565728838,0.537423790501908,0.5499214689196708,0.4399816855042629,0.5647221597796854,0.0,0.6226231540060531,0.7144788625052525,0.440307770295128,0.7365862205754222,0.5139646400922973,0.5630495813530051,0.531409979698459,0.5121003910024188,0.5292849483266772,0.615675201923391,0.6233882155279351,0.6002707073946241,0.7113880056564099,0.4791472230245794,0.48412034153628614,0.5116995332567531,0.4944637641516903,0.5613534849073782,0.5132546133427919,0.44141735807325805,0.4699259275534529,0.5048811584802866,0.48723224637734214,0.6341729099951927,0.5794682827380049,0.5711555396598604,0.7758297246549207,0.4618716303739449,0.45162429889002326,0.4299691799290959,0.49672169633871166,0.53812851587162,0.4433673725632464,0.42710030705066254,0.5938775408702432,0.4697705729941357,0.5623101203148867,0.5438072292697579
KAZ,0.6657283008586214,0.6028628786839387,0.5585981526456973,0.5570046841390952,0.6205282306321398,0.6205465401056742,0.5950836965293158,0.5980686288378434,0.6211318849527963,0.614388685428016,0.789203573434893,0.605051363539514,0.648042023604193,0.6346052361344906,0.6715873590942921,0.6876180554016391,0.6483284942964828,0.6013589554854922,0.6620123316900665,0.610084332229463,0.6912633400239827,0.614039144267016,0.6607992509937766,0.6336840951900131,0.6129976661877792,0.624792817379316,0.6211368516767309,0.6493858096490888,0.6355132637937644,0.5928341725262655,0.6426518966864508,0.7033306694294317,0.6316663676951242,0.6116485560331261,0.6373629677194579,0.659169297930717,0.6906190698980634,0.6231272351150159,0.6569917324396796,0.6232215695831549,0.647565743510691,0.6226231540060531,0.0,0.7267437814391341,0.6847141804491171,0.7041978488510527,0.6333380493225158,0.6549828554057785,0.638587793236717,0.6503275329539175,0.594905523200001,0.7400197756803962,0.6392892250688929,0.6289377061170165,0.6964850733815015,0.6174445556329191,0.6236019454918209,0.608991770242261,0.598498113747636,0.5750019100026941,0.6139077513872708,0.5989588203963351,0.6283496996088386,0.6425064622249294,0.5798203763688552,0.5697085658062842,0.6715630451134564,0.7115854265183692,0.8045705170379663,0.620975942964045,0.649143226291419,0.6320549622926066,0.6469650333164495,0.6494877082277918,0.6039413520162606,0.6332925485401212,0.6232096561593934,0.6140922126903384,0.6641527304338593,0.6474342456789786
KHM,0.7809424901214781,0.7239299706395648,0.6775480363870225,0.7028296106566824,0.7136309863958503,0.7120095882806896,0.6486618076284685,0.6687183332106913,0.7250403102940389,0.7254634628318102,0.8424914195230435,0.7159766443697063,0.7456742066851394,0.7355215445352751,0.7279972819457046,0.7656354249438067,0.7573254527084224,0.6881419817550052,0.7819453616990671,0.7164569545742133,0.7637273875907751,0.6826585997121708,0.7524030905174777,0.7396563810311625,0.7023519870399478,0.7174533045279996,0.7275870332835106,0.7124400589325801,0.7285439941811956,0.7201629115298787,0.7391239378919927,0.7908921390874877,0.7279112840743746,0.7153133930272796,0.754029928374698,0.7333544649286964,0.7642439859382332,0.7376332571250483,0.7587619678291155,0.7363760201984659,0.7516053164447819,0.7144788625052525,0.7267437814391341,0.0,0.7416672116634155,0.7724158763366525,0.7268425124433903,0.7474211802976166,0.6910422868863239,0.7173964318547755,0.7472207049032412,0.8052293908138479,0.6786949214842017,0.7437216346099808,0.7950478534707105,0.737364769772358,0.7321727682513487,0.7314483196941967,0.6656442362188029,0.7229850363863681,0.7301999663863178,0.6902005230478335,0.7106311733798266,0.7100845513575118,0.7244490210202613,0.7594462800113163,0.7143483416272576,0.778759038119843,0.8359873804295814,0.6813157373086162,0.7139828869941456,0.7224606503033479,0.7420870272319557,0.7010934565615128,0.6944276417377955,0.7240640954218677,0.6643729869378994,0.7454738670042462,0.7235946613767261,0.7388967436516459
KOR,0.6588793965716511,0.476199254365918,0.510006440082955,0.5227169727184223,0.45032224153379974,0.4707317083884111,0.5710464602074188,0.5364597696085067,0.44830855387514784,0.4816845772139144,0.8168401006935219,0.4651187871309166,0.5578378173992675,0.5278180525467403,0.49605819254676664,0.5980208683906886,0.6683210580144413,0.6337514902464924,0.5708869918827545,0.5793978391855,0.597378694607791,0.4526862325609652,0.46083648501730967,0.5043628651683122,0.5607225300050867,0.4489197070583408,0.5711755628249737,0.4797204492342575,0.45510727296027986,0.47321974418021084,0.4952562314704518,0.6449584925644757,0.5345339135780545,0.45933715008664794,0.5635333512917258,0.5765223037080872,0.6049278928898388,0.5604839215571438,0.5292085127345482,0.4601615523150875,0.5839537926347987,0.440307770295128,0.6847141804491171,0.7416672116634155,0.0,0.7839314211683737,0.5581362650516684,0.57935185005157,0.5499267163200452,0.5313651445021094,0.530432897284638,0.6294217747579115,0.6269107839733411,0.6126203519233029,0.7332608698261179,0.4852503644950887,0.4851744060069212,0.5183494939253461,0.4952696897757402,0.5886395982617937,0.5533278803788706,0.48349088379785105,0.4887711051194368,0.5259635277688244,0.5269845901240797,0.653448196871616,0.5920345675408106,0.5488621083484818,0.7982304708748711,0.4929072478159865,0.4881024151553211,0.4609018292457918,0.5059684907767468,0.5484818832822439,0.4587336294525546,0.4079870105234423,0.5979757154185611,0.4780937887807984,0.5897672364506175,0.5648439395597733
LAO,0.7464282087852206,0.7045625532490398,0.7195662157594764,0.733645818476859,0.7345799493771874,0.7555752632177406,0.7373787766133364,0.6898748205617538,0.7062707247159508,0.736492321579644,0.7661020495155266,0.7361795551010002,0.7587517828242899,0.7033812517192208,0.7376153398674903,0.7149089432067572,0.7345017069110689,0.7693329679819058,0.7194602692201242,0.7016049680273346,0.7601955950853323,0.7191709933845593,0.7742036250917887,0.7398613516626772,0.7359060772594114,0.7556576970950057,0.7041291321600243,0.7476814852057031,0.7560192866199237,0.7520745353254701,0.7630684392878542,0.758010092787638,0.730483055515257,0.7001525605754513,0.7021770268493706,0.7567872646042877,0.773061487616917,0.7526826676071343,0.795283208893462,0.7665076428915119,0.6974182111546996,0.7365862205754222,0.7041978488510527,0.7724158763366525,0.7839314211683737,0.0,0.7033194318332022,0.7519688789530603,0.7675916299244946,0.7310701156553606,0.7499930411486091,0.7737058529440435,0.716410370044827,0.7051569288905524,0.7727088566136318,0.7576406294220148,0.7493051729041955,0.7110096932460032,0.6809959775546315,0.6988952350084613,0.6748994364598492,0.6710591468210731,0.7460527952828906,0.7025127012615708,0.6994972569253834,0.7744486559025099,0.7735392093022367,0.8053990796261085,0.8314034436354041,0.7175331566564095,0.7518610378549242,0.7460019291752615,0.7244289777358932,0.7304660325030098,0.7226846490096137,0.7335596286851682,0.6906454327643695,0.7632403840517852,0.7021688557557918,0.7269287190210135
LTU,0.6584768527891549,0.542891717277871,0.5322685178004565,0.5118454470974029,0.4884703069916822,0.5248097485659134,0.5848165946389852,0.5271470130622782,0.4881768350411572,0.5252049404594353,0.8155870875722405,0.5174149690781185,0.5543223055200054,0.5908769891724795,0.5842149253757649,0.6017345412069212,0.6275060284125523,0.6365498102194223,0.569220704499865,0.5385103751068692,0.6176431638315409,0.4878664573915594,0.5353627552617073,0.5402850888293209,0.5933954706373047,0.4828330572087812,0.47448737365098154,0.5266120043824336,0.5093600314148644,0.5013272165377862,0.5635574887851362,0.6319243192207702,0.5194555522633171,0.446083112489121,0.5879507603468619,0.5836290219469336,0.5763788224257796,0.5593740687313261,0.5977772974539575,0.5129083557165248,0.5858118316568603,0.5139646400922973,0.6333380493225158,0.7268425124433903,0.5581362650516684,0.7033194318332022,0.0,0.5830970217586631,0.5185987333764603,0.5696783536870857,0.5851788802554108,0.6218101684445372,0.6263722901659244,0.5927540186539797,0.6717349439760216,0.5223597301910867,0.5194262559601716,0.5296027622773509,0.4836544272573878,0.5934549250864498,0.5156743682924758,0.4668768052555613,0.5164957606005026,0.5142907951588592,0.5167179043315792,0.6458317869088708,0.5688337814643142,0.6134797865622625,0.7493943306943737,0.47706902310059734,0.4798427056241503,0.5154575667690321,0.5487087095343084,0.5561034731099204,0.505695010443279,0.5093865001294701,0.5545959171330573,0.5490096330063248,0.6001336116517193,0.5837008517127322
LUX,0.6523777531036316,0.5708306695604446,0.5831632706999208,0.5200747793699925,0.5007282494855899,0.5095001295719149,0.6108370998234507,0.5933624517959438,0.5763490400138799,0.5738138364148413,0.8352105798846328,0.5419473742732153,0.5344197078181143,0.6081033369839436,0.6437029858236627,0.6274590085657391,0.662404069233603,0.6251263272711655,0.6231891724053011,0.5657244443005495,0.5787243455361735,0.5220290794456758,0.545629250132624,0.5116372465311255,0.6552651928069628,0.5162937506932335,0.5370748815580662,0.5480007338808577,0.5144875031939968,0.5060906439839894,0.5492725006841122,0.5893787631456149,0.5788425627531673,0.5485788715617446,0.6031215558759857,0.6379148918402816,0.5593675331121407,0.5541352133977951,0.5708992714420392,0.5140817821061914,0.6448833425580809,0.5630495813530051,0.6549828554057785,0.7474211802976166,0.57935185005157,0.7519688789530603,0.5830970217586631,0.0,0.5615030192638455,0.6084163565622684,0.6085781104681077,0.6279775979259438,0.6774103240433658,0.6172234795814522,0.6930836007090703,0.49867149843443315,0.5449692916151182,0.5472411761275244,0.5839987736261835,0.617887154526069,0.6001134153792664,0.5351979748915039,0.5216620306917817,0.5978351691140885,0.544678230277027,0.6580702138672696,0.6167006299846034,0.6073765291687191,0.76152695852305,0.5597447505561074,0.5146695825471727,0.5354279834694947,0.6011922716628195,0.6039921702743049,0.5565876968753732,0.5452655440062723,0.6820462562953231,0.5360140123771386,0.6778145100552472,0.6272632586947281
LVA,0.6843792886778363,0.5602183315838695,0.5562643360858095,0.5208857197632106,0.4924419900540163,0.4852698944492636,0.5716147087133321,0.5337700956679473,0.5453994346934811,0.5711008727135956,0.816846284826059,0.5280714826580959,0.5563994344956591,0.5869860495669589,0.6249489681935504,0.6267358897431518,0.6607527026042258,0.6064862887853624,0.6359000395588258,0.5859476233328478,0.5896732910624397,0.4681811189416943,0.521501014532962,0.5387062219170925,0.5875842651723397,0.48408765007130167,0.44613956065708166,0.5028455000198068,0.49340955918208645,0.5129542799298202,0.518286749588442,0.6360506049289173,0.5450509729419983,0.5065662515669254,0.6189792026361393,0.6344552030577667,0.5998707487445453,0.5615291389849182,0.6155363610982656,0.5119815754651482,0.616274859678648,0.531409979698459,0.638587793236717,0.6910422868863239,0.5499267163200452,0.7675916299244946,0.5185987333764603,0.5615030192638455,0.0,0.5808263130615164,0.6223139255142668,0.6243444271135454,0.6782168540433351,0.6220925638965162,0.7274350775377327,0.5203581865048025,0.5163832084200755,0.5482435659834521,0.5464335115795428,0.6186684888811986,0.589304671016729,0.48712381683447364,0.5166565325643393,0.5590681159043828,0.49708820084700267,0.6811495801179862,0.5577114484598259,0.6032499204686624,0.7481062871427773,0.47879794537149056,0.4742083377662214,0.47966706639166257,0.5904365446745369,0.5731212808400755,0.5132317407529792,0.549420798918801,0.6167525640262436,0.5609811062472024,0.6472240022255501,0.6110390079838305
MAR,0.6776377322913235,0.4953035667660597,0.5196923733437302,0.5226383964392799,0.5187998148414015,0.5270412206083025,0.5859088183830079,0.5178552448486553,0.48048511892258144,0.5005365951379602,0.7751874576166735,0.5180636328044701,0.5930266447705961,0.5555379636760662,0.5495972821751344,0.5975734588703147,0.652564427216676,0.6105828343046387,0.5963851746084212,0.603305880058175,0.6407585796252282,0.5037209875813444,0.5446315330051968,0.5741947479454484,0.6012250584711241,0.48384748145705847,0.5607585883748393,0.5434803954856414,0.49146301289480726,0.5419177056783329,0.53433066003904,0.7131117477299395,0.5521295924876081,0.47597023886951634,0.5508062012165992,0.5697586391415197,0.6127446330473124,0.5892200076980386,0.6044175014569511,0.517591609700931,0.5961525425199086,0.5121003910024188,0.6503275329539175,0.7173964318547755,0.5313651445021094,0.7310701156553606,0.5696783536870857,0.6084163565622684,0.5808263130615164,0.0,0.574980414605804,0.6594809957696985,0.6305743397783719,0.5900167178119596,0.7486389722365419,0.554209114653715,0.5743953940091279,0.5571369531225586,0.5109398320120007,0.5806179356157827,0.5353902467530498,0.495024234701331,0.5137782780753068,0.5610952230360651,0.5257153178230849,0.6546538775041775,0.5997541571425342,0.6313993245818498,0.7980629044303261,0.5223454452787233,0.5448501340397902,0.5116228710985985,0.5254527279123329,0.5664360130467558,0.4840404378642019,0.5157187245166347,0.5972955880482221,0.5443491432509665,0.6045209887035429,0.5786394624361562
MEX,0.6294839316992104,0.5457239298423243,0.4889953378819448,0.5340719443724616,0.5316659795716365,0.5487743810036357,0.596015465949299,0.5896838318176035,0.5361120477206606,0.5331394084755763,0.8081224253141752,0.51624927284106,0.5822075444805026,0.5606719634502997,0.5390205707569956,0.624005882153347,0.6426591959580872,0.6177741654260154,0.5950314131892377,0.5720928603743878,0.6648205817011004,0.5267883730390285,0.5480059109082253,0.5637293165089149,0.6174793834081801,0.549269354497463,0.5802109943906537,0.5439698056597198,0.540695194841802,0.5117689058743591,0.5835169872135983,0.670998436329548,0.5940917337118451,0.5064273640950643,0.5952549179332522,0.6080346525275889,0.6399994850339632,0.6315090185938426,0.5708403900820106,0.5154229775687647,0.6284610534489734,0.5292849483266772,0.594905523200001,0.7472207049032412,0.530432897284638,0.7499930411486091,0.5851788802554108,0.6085781104681077,0.6223139255142668,0.574980414605804,0.0,0.6663806549508934,0.6296948627611221,0.6191790076033225,0.7082238616928621,0.5313387089690137,0.5410604195018354,0.57973597467856,0.5496622585419448,0.589409530944347,0.5650525566434625,0.5353366469871672,0.5543373041298653,0.5842374456744107,0.5517503947859752,0.5985721386987587,0.604906760391632,0.6241509035788956,0.8238204361065788,0.577508161890368,0.5730029589780827,0.517216170218281,0.5827826697542844,0.6008482827155894,0.5313266648149638,0.5154294310664368,0.6073610999539948,0.5053734397830673,0.6125138923047708,0.6140032728499042
MLT,0.7053212227509438,0.6272992369967443,0.6597643811994841,0.6325789695288621,0.6236545401419804,0.5880418079153407,0.6917943539469757,0.6513778145872008,0.6254601341183051,0.6416556145042522,0.882434905513309,0.6274134657429703,0.5975525895563345,0.6784685779485676,0.6588905897542741,0.6632526668676766,0.7292413090197091,0.7491361154564944,0.6706653938582483,0.6535009907932854,0.6542680831995824,0.6024568965264445,0.6292196381516775,0.6158607823876674,0.7133295224854475,0.6026676296687608,0.5941733769684981,0.6307973706418093,0.6030954179013612,0.6085293629328357,0.6283630102542088,0.6843089531487694,0.6469398784106976,0.5830431362450362,0.668700313071,0.6859202798712859,0.6330901262808082,0.6086753586428124,0.6807232845361347,0.6105045393817646,0.6775210119230213,0.615675201923391,0.7400197756803962,0.8052293908138479,0.6294217747579115,0.7737058529440435,0.6218101684445372,0.6279775979259438,0.6243444271135454,0.6594809957696985,0.6663806549508934,0.0,0.7580492761232113,0.6708687933059656,0.785004634519073,0.6038022157094672,0.6349050887243961,0.6491055725251751,0.6456936069873976,0.6992935679357943,0.6297870576150039,0.5985739161612376,0.6128669751252503,0.6511312384977118,0.5933369247086763,0.7397655744421707,0.6640138438924067,0.6635860489138375,0.8063353187688211,0.6075570076412835,0.5946653464399624,0.6135061547604979,0.6430569229179424,0.646955522674058,0.622129690272532,0.608311153289055,0.7107610196644704,0.6418157962436211,0.6509005784724442,0.70750113910399
MMR,0.7348961626316711,0.6031679783965775,0.5573962905223949,0.5685582983342817,0.6183093530028438,0.64917224002782,0.5384769333990482,0.5597875919564396,0.5232261723656462,0.6099852752335366,0.7939787073629354,0.615744107385226,0.6771556058492236,0.6198411819567026,0.5749576714085017,0.6866112402167319,0.6757118469138371,0.6328308123859777,0.6537613787302954,0.6425028207685042,0.6883514482292523,0.6115441547210398,0.651325927167765,0.638292786771382,0.6110564351016138,0.6139273554385812,0.6651248470245887,0.6296382302746293,0.6414697870333128,0.6187741778754959,0.6371812617491289,0.780677358488036,0.621820464921409,0.6042874427228423,0.6319159046341535,0.5996290473893048,0.6830575672270629,0.6497440208913716,0.6801360384743645,0.6193305781204895,0.670689227671273,0.6233882155279351,0.6392892250688929,0.6786949214842017,0.6269107839733411,0.716410370044827,0.6263722901659244,0.6774103240433658,0.6782168540433351,0.6305743397783719,0.6296948627611221,0.7580492761232113,0.0,0.6942508772083451,0.7213768010863902,0.6437308802498782,0.6282021377469308,0.60282608448266,0.3840107778681896,0.602529285912073,0.6174995882629747,0.6039958170688751,0.6310884202055491,0.6136579446519675,0.65503546556775,0.6826591336484813,0.6775370350167919,0.7125833841265236,0.8387716999021583,0.6405341314320192,0.638549585494439,0.626602461825898,0.6303441926116492,0.5941542078812243,0.5955199970117451,0.6076945374310982,0.5863861436566178,0.6304679846961566,0.6263231378156141,0.6617976131368447
MYS,0.6694010959365813,0.5261412177170368,0.6039701527928591,0.564396856026005,0.5790437135852919,0.5828641084306873,0.6591294143551594,0.5873240541320804,0.5441362144756613,0.5640866426495649,0.7728424505156946,0.574401471275148,0.620149524794818,0.6477103917059932,0.6151926918226333,0.6673868988444738,0.640268011608512,0.6593474602781972,0.6079548801479158,0.5797164744648001,0.6322461974568689,0.5531460343083028,0.61458237209446,0.5874844404125869,0.5963432747219257,0.5723459560881891,0.5738625265336974,0.6020525765251242,0.590167803829926,0.5627413900717328,0.6098222653056186,0.6275952789769947,0.6077798625542516,0.5548460867157587,0.5617211132182763,0.6373023259930558,0.6565645830787226,0.6304023806794632,0.6205462986521303,0.5899314110872939,0.5733194750361217,0.6002707073946241,0.6289377061170165,0.7437216346099808,0.6126203519233029,0.7051569288905524,0.5927540186539797,0.6172234795814522,0.6220925638965162,0.5900167178119596,0.6191790076033225,0.6708687933059656,0.6942508772083451,0.0,0.7437943044305242,0.567876490863426,0.5858939394584661,0.6285446125219625,0.6010172217712827,0.6285485172279165,0.5425874533165325,0.5540155696988016,0.6044754138111772,0.5735285173771032,0.5533292314560249,0.6228473737919649,0.654163247162337,0.6334839737246084,0.7861252668559401,0.5636476950253206,0.6086771936979051,0.5966341411935545,0.5326535146085305,0.6326939238298043,0.5739686004969572,0.533024558071891,0.6200889931067592,0.599467560296676,0.619438477344995,0.5901698782580729
NGA,0.7533243059805157,0.7292194890985472,0.7006587174905645,0.6579654606667829,0.6805696859640407,0.7008790178465856,0.6753079520857634,0.7205747055635608,0.6873062476684888,0.6956971734664361,0.8577340014793096,0.668683023968303,0.7124329171312411,0.7215168689527431,0.7079080574673188,0.7401835652838707,0.6870429868937149,0.7421752591016669,0.709568680101418,0.6550531382143125,0.7551762495649316,0.6920937580947025,0.7176453785271256,0.6912505726608551,0.753344328107539,0.69607970284559,0.7048614427846147,0.7010649804589439,0.7016069161797566,0.6681231862574002,0.7150347423019556,0.7398663361091331,0.7043055084426815,0.6850245566756693,0.7230889153217218,0.7452808518173407,0.7140085707497427,0.7072028951466077,0.7210059658520294,0.6856969531085214,0.7417007574984733,0.7113880056564099,0.6964850733815015,0.7950478534707105,0.7332608698261179,0.7727088566136318,0.6717349439760216,0.6930836007090703,0.7274350775377327,0.7486389722365419,0.7082238616928621,0.785004634519073,0.7213768010863902,0.7437943044305242,0.0,0.6892444158371609,0.6953339445061916,0.6661595554230942,0.6791418710531213,0.7275050187743187,0.6722413573566828,0.6574882585721618,0.7016952405629054,0.6935776027568215,0.7121703482909055,0.7243981152547335,0.712787427006361,0.7634875583949328,0.8228110777839469,0.7097941885818739,0.6935962444470504,0.700232308126216,0.7202966876674364,0.7179728716354224,0.6836615950944817,0.7004166429485373,0.7171863067325186,0.6719628670893668,0.7383820560928078,0.7242697468801191
NLD,0.5787478267890431,0.47531853543698477,0.5060042891866521,0.4346840401584553,0.4130211248697525,0.38937136470151285,0.5678241691946952,0.5426274608015558,0.484687850719977,0.4875452316912511,0.8138854940771053,0.4280864021874303,0.48348175092295426,0.507312729347362,0.5806122995802442,0.582131125565151,0.6245918516466319,0.5905444843314722,0.5475585735059298,0.5223564039005704,0.584434971090844,0.441851898422081,0.39544352936336097,0.40140723010622903,0.5806961820000668,0.4316364313577744,0.47135956148606284,0.4657391250304966,0.3759496300521259,0.3507178980817433,0.4717250405668157,0.5538188373130586,0.5031928570242624,0.46445285610737364,0.5598870072389059,0.5957311523825799,0.5163583064469657,0.5171283664222028,0.4580980903121565,0.4043776564329514,0.6098480617133004,0.4791472230245794,0.6174445556329191,0.737364769772358,0.4852503644950887,0.7576406294220148,0.5223597301910867,0.49867149843443315,0.5203581865048025,0.554209114653715,0.5313387089690137,0.6038022157094672,0.6437308802498782,0.567876490863426,0.6892444158371609,0.0,0.4097233425177802,0.45362686693140164,0.5079452312454793,0.549257819727156,0.5482317706243917,0.4504840359696114,0.4318434658773136,0.5294370304534001,0.43883983791386827,0.5989088532785035,0.563735460031926,0.5266148452206673,0.755073341442813,0.45961151086319296,0.4236789992493858,0.4417207196768312,0.5232392250607228,0.5585377263069026,0.4859087442214934,0.4419924496086325,0.617378880958848,0.41142779210547337,0.6136018049134997,0.5560818033582898
NOR,0.5858548577149502,0.46326215785496133,0.5268140965494069,0.44850567946507636,0.4225737122793398,0.4716812508177253,0.5370424724011329,0.5379152029004314,0.47241233446610525,0.5145279906519206,0.784784310767418,0.44785935724361636,0.5132624877758168,0.5296934480894989,0.5620469912577154,0.5936023579143167,0.6276034568435965,0.5721387981966115,0.5846337967969615,0.5374141461214434,0.5594608943994975,0.4583551059217396,0.44267067327541254,0.4262443890648031,0.571784944591197,0.45814834751161393,0.4503236629472338,0.45614572042603824,0.43899705839602365,0.415349465458142,0.5006918636724373,0.5772214011396181,0.4875780350254052,0.4837962159062059,0.544204087358772,0.5922371861791333,0.5415574769966354,0.5154922768123099,0.5294673296238475,0.44430414376778815,0.5882312954447066,0.48412034153628614,0.6236019454918209,0.7321727682513487,0.4851744060069212,0.7493051729041955,0.5194262559601716,0.5449692916151182,0.5163832084200755,0.5743953940091279,0.5410604195018354,0.6349050887243961,0.6282021377469308,0.5858939394584661,0.6953339445061916,0.4097233425177802,0.0,0.46444806195654087,0.5009435648274796,0.5642665531886399,0.5495398774421892,0.4608638068467395,0.47109783061693006,0.530836707309412,0.4550204585527204,0.6331172376185447,0.586432255656336,0.530403371107667,0.7715850534460557,0.4999509336569522,0.47534857708638384,0.42490747764370407,0.5319533198169588,0.5330403656534215,0.5003764724207704,0.45179852098213075,0.6101834174911633,0.4449601586794011,0.6248071873045141,0.5672255774759762
NZL,0.6115394722855297,0.46328033641072636,0.4897703660565094,0.4300898120945263,0.424325203213355,0.4722401994101165,0.5443787969056518,0.5392052771139022,0.480894331307021,0.5031597477531113,0.7764601299956676,0.46168723725178806,0.5145745629026085,0.4672812542900482,0.573001153274158,0.5688914316908501,0.6144706239416633,0.6123897053845608,0.5454519254571579,0.5522831846758808,0.5983953695143369,0.45396499707443105,0.4650878537622014,0.4951630272771149,0.5879605004600282,0.4620293709857294,0.4968076743214782,0.5049832352859388,0.43111966228049636,0.42725949273134345,0.5101683213626016,0.6267124826970474,0.4972436516463891,0.4720737250586656,0.5612754434634435,0.594684580753455,0.5350352437724435,0.5239904568644101,0.535235412511173,0.4604961168215795,0.6009522770740513,0.5116995332567531,0.608991770242261,0.7314483196941967,0.5183494939253461,0.7110096932460032,0.5296027622773509,0.5472411761275244,0.5482435659834521,0.5571369531225586,0.57973597467856,0.6491055725251751,0.60282608448266,0.6285446125219625,0.6661595554230942,0.45362686693140164,0.46444806195654087,0.0,0.4824522689905797,0.5258848420307454,0.5314255756587009,0.4659399874343122,0.4647076949455928,0.5292756651812547,0.4739588917271105,0.6404418772764754,0.5708006930706928,0.5756492831331906,0.7784760096096407,0.47705312881608475,0.47409831205636493,0.45336783244012846,0.5524061605860278,0.5570216847368825,0.4916420365806529,0.4992916460562294,0.6126848304783075,0.4539543431087237,0.6043090860836087,0.5518274363428376
PAK,0.6445912863202378,0.5250815220901887,0.4380845390648623,0.449428945371299,0.4661266054809406,0.5202623939163677,0.4466062180953174,0.4394215006957926,0.3732528272823255,0.49272964529478164,0.8042159346530036,0.48299519620144715,0.5578937691740489,0.5247130126343279,0.5102953613985801,0.5983175237484684,0.6213175655732208,0.5951823513607155,0.5550233350468141,0.5378443428399174,0.6034294639129882,0.4495314363770712,0.5247395376099568,0.5218913220119419,0.526193383436387,0.4718950771213699,0.5277428944562502,0.5006583051555857,0.4853374617867997,0.48529591746391915,0.5062481939090794,0.670822214743162,0.4913068753805831,0.43177000407726457,0.5646435443885419,0.5170239699174546,0.5987739159805386,0.5076508483533141,0.5864859258865612,0.4951228223737317,0.5644294043907474,0.4944637641516903,0.598498113747636,0.6656442362188029,0.4952696897757402,0.6809959775546315,0.4836544272573878,0.5839987736261835,0.5464335115795428,0.5109398320120007,0.5496622585419448,0.6456936069873976,0.3840107778681896,0.6010172217712827,0.6791418710531213,0.5079452312454793,0.5009435648274796,0.4824522689905797,0.0,0.5555708772038533,0.4941558354695207,0.4575166135317155,0.5006847170805988,0.4889485605449599,0.5048674074113239,0.6395900653950474,0.5690221599812625,0.611699824891875,0.7799734055854504,0.4651270806678546,0.5036195400818789,0.47123936727931454,0.5295323568135486,0.5103221840976246,0.46376584751533173,0.4869483049436696,0.49498026037020215,0.49263070440601575,0.5392369022273852,0.5755857326366477
PER,0.6615030871719136,0.5104651549083277,0.4957789089661721,0.4828085239034342,0.5705756915142025,0.5544646192429222,0.6035177290793233,0.5735779910355534,0.5359141893519864,0.5517899369999427,0.7741673395446739,0.5441274388598477,0.612238481303975,0.520930923123184,0.6078178501996689,0.607167156409397,0.6341661475275248,0.5810238349281529,0.5690289680443686,0.6144122171150028,0.6598358279991273,0.5557031594799564,0.571178309879053,0.5866771552275322,0.5628915890122688,0.5298095483441899,0.58405580184446,0.5770921877326447,0.5509961674365301,0.5228416318458489,0.5761621629320369,0.7068070519989136,0.5823341493368382,0.5455105645613582,0.5960817798303619,0.619184072283742,0.6066927964240059,0.5911410530011555,0.588911062889197,0.550341965404678,0.5893194734269989,0.5613534849073782,0.5750019100026941,0.7229850363863681,0.5886395982617937,0.6988952350084613,0.5934549250864498,0.617887154526069,0.6186684888811986,0.5806179356157827,0.589409530944347,0.6992935679357943,0.602529285912073,0.6285485172279165,0.7275050187743187,0.549257819727156,0.5642665531886399,0.5258848420307454,0.5555708772038533,0.0,0.5914032571756288,0.5484929321905263,0.5387821183087907,0.5745009068420605,0.5629859157065784,0.6115460559930095,0.6135930381741131,0.6415928343432244,0.8057020073977909,0.5833846595543494,0.5723211864014345,0.557433712837144,0.5836862363390851,0.6108403578410267,0.541470062186996,0.5400315555794404,0.628407015102926,0.5385675626153931,0.6194978902568415,0.5745127154968308
PHL,0.6380360985449828,0.48949231985404945,0.5369340864904095,0.5128687829171644,0.5125900575085505,0.5425857483017266,0.5791898605218181,0.536602905204012,0.4708095518123327,0.5170621119121493,0.7702877393375812,0.5037278767286735,0.575371797475271,0.5500386507432555,0.5304363036044868,0.5788569192691693,0.5987355676397029,0.664262273377304,0.5656460476894206,0.5399728838678749,0.6262680669749245,0.5063563901968755,0.5694886260036541,0.5460395612641173,0.6043447828879841,0.5217758497132979,0.5452248147305317,0.5579654760290138,0.5282515650288929,0.5243457203029959,0.5454171184363392,0.6373007511440236,0.537113369365187,0.48014208726917595,0.5095087291172068,0.5665506875637059,0.6156957054331903,0.5857011833690438,0.6113080299935357,0.5394692978403649,0.5679850760906845,0.5132546133427919,0.6139077513872708,0.7301999663863178,0.5533278803788706,0.6748994364598492,0.5156743682924758,0.6001134153792664,0.589304671016729,0.5353902467530498,0.5650525566434625,0.6297870576150039,0.6174995882629747,0.5425874533165325,0.6722413573566828,0.5482317706243917,0.5495398774421892,0.5314255756587009,0.4941558354695207,0.5914032571756288,0.0,0.4778955372530194,0.528439910021502,0.5268445395181316,0.5049030816921086,0.620735506527389,0.595673159307092,0.6139392966638423,0.7894458750396044,0.5087817403321362,0.5631490026275823,0.5210582422066435,0.5137186937477924,0.5853640835954464,0.5028656526634927,0.5112979209411681,0.5806682231892818,0.5543776718917646,0.5558666832006933,0.5547257968923149
POL,0.619375129994111,0.4501253454319588,0.4915582366661781,0.4437270808828076,0.4083492786119578,0.461537776565001,0.5415171500529613,0.4628788076529061,0.43897940690530973,0.4709147842674285,0.7814635894794094,0.4333715478027746,0.5118600216924537,0.5051043685411262,0.49637939618041393,0.5606044614175212,0.6006970590815199,0.5848475037694477,0.5438037043143462,0.5110384486052417,0.5967813610783791,0.36987712224698255,0.46069814156692895,0.475222349359339,0.575038979462135,0.41928496033913665,0.46839817629693314,0.45009437241840483,0.42812858516834035,0.4389794424595608,0.480540595893819,0.609475568292798,0.47992065304804815,0.4102757068566858,0.5076885406576288,0.5555094137562311,0.5456377096355406,0.53210720380737,0.5580065231154637,0.44622312835110445,0.5580685542629308,0.44141735807325805,0.5989588203963351,0.6902005230478335,0.48349088379785105,0.6710591468210731,0.4668768052555613,0.5351979748915039,0.48712381683447364,0.495024234701331,0.5353366469871672,0.5985739161612376,0.6039958170688751,0.5540155696988016,0.6574882585721618,0.4504840359696114,0.4608638068467395,0.4659399874343122,0.4575166135317155,0.5484929321905263,0.4778955372530194,0.0,0.45034338965120435,0.46050556491043265,0.42759315842681783,0.6308039004380545,0.5497383966821011,0.5764082290537768,0.7732850358794761,0.40453940238074954,0.4211105990066836,0.41988009267572995,0.5011779170196983,0.5233902260419192,0.43599083228254293,0.44755011190241967,0.5297025227125615,0.4693420973079595,0.5649973534221362,0.5372912383772862
PRT,0.6170906281971714,0.47731626440986713,0.4951071940243836,0.4550682662147014,0.40038713410331095,0.4171415469934161,0.5576293669297219,0.5146149555128628,0.4931782777135163,0.47991349832957153,0.7969360884945457,0.4627546107055494,0.47586940021144253,0.4934936017524676,0.5739447207191519,0.5809272040724817,0.6241152464063255,0.5957186606727903,0.5414216114713152,0.5473228659955133,0.5841530430592933,0.44240803716578675,0.4717272779943533,0.47552539679028655,0.5887011641686021,0.420172940498808,0.5178008723759461,0.4675247335445023,0.41443296325659806,0.4385854113876916,0.4699854800112861,0.6004641195171927,0.5120273923278255,0.45314222722067443,0.5529996026923661,0.5873615603142364,0.5231106623067787,0.5365408765087667,0.5208048289350733,0.44951231346695436,0.6121250607564219,0.4699259275534529,0.6283496996088386,0.7106311733798266,0.4887711051194368,0.7460527952828906,0.5164957606005026,0.5216620306917817,0.5166565325643393,0.5137782780753068,0.5543373041298653,0.6128669751252503,0.6310884202055491,0.6044754138111772,0.7016952405629054,0.4318434658773136,0.47109783061693006,0.4647076949455928,0.5006847170805988,0.5387821183087907,0.528439910021502,0.45034338965120435,0.0,0.5369154968512496,0.48459330805633827,0.6173402882458048,0.5572093156802945,0.5653133518433804,0.757651663344799,0.469723941897592,0.4220736063687313,0.44310819113846933,0.5332588594011741,0.5444827154741145,0.46162638342594864,0.4597198542517246,0.614362021879174,0.47542968758166554,0.6081985007113514,0.5325088785831604
ROU,0.6516673880764231,0.505516369936706,0.5100137972247587,0.4874360997655457,0.5028436106343738,0.5450769038886477,0.5917670362453518,0.5138823706298594,0.4487896073068595,0.5215917893397519,0.8023613453452184,0.517585356704611,0.5930428856770298,0.5659181222726305,0.508798215786497,0.628578770401716,0.6239596080813062,0.5704943308774753,0.561931876611492,0.5968956009186306,0.6450399491959996,0.4547880480587806,0.546485152684296,0.5520079432421481,0.5572916473100871,0.5031353733587448,0.5229432345484492,0.536406959852229,0.5232605159313922,0.48533777912847925,0.5574596412207674,0.6690588786433571,0.5164055484186393,0.48467454624314804,0.5470603097537015,0.5692298965253413,0.590926114094247,0.5732862070489964,0.6190961746261702,0.514949625043416,0.5527730148572051,0.5048811584802866,0.6425064622249294,0.7100845513575118,0.5259635277688244,0.7025127012615708,0.5142907951588592,0.5978351691140885,0.5590681159043828,0.5610952230360651,0.5842374456744107,0.6511312384977118,0.6136579446519675,0.5735285173771032,0.6935776027568215,0.5294370304534001,0.530836707309412,0.5292756651812547,0.4889485605449599,0.5745009068420605,0.5268445395181316,0.46050556491043265,0.5369154968512496,0.0,0.4958805389935975,0.6596929295065223,0.5998752978006149,0.6298146938067353,0.7659820419440401,0.4468431746360157,0.51554299550618,0.5279321793814855,0.5033985389911902,0.5417379264982255,0.481500255807233,0.4969520815488434,0.5668840454417773,0.5313260606004562,0.5573044267824394,0.5793934097103952
RUS,0.5737627292548642,0.43680395652724674,0.5016755908383904,0.4577783905368887,0.4353616013804873,0.4772448395135437,0.556289774076155,0.5117724010887743,0.46884542959537945,0.49797605140933016,0.7847233380657087,0.44872478574857527,0.5277626215145073,0.5185607981738141,0.5497497841166548,0.589360549628224,0.6130462739004492,0.5869909895502632,0.5794210460225944,0.5589750666457244,0.606599681997366,0.431131319107554,0.4784884303366963,0.49421670670078166,0.5841548809505157,0.46947125099652354,0.43502909681365864,0.5049334929280886,0.4492304299301281,0.4361027787527836,0.4765746164699107,0.6115042153154862,0.48748681367917446,0.44198576254276933,0.5233053317059474,0.5626299001230745,0.5740242201973387,0.5411520002577848,0.5571535106415719,0.45744581886826885,0.5641863530366603,0.48723224637734214,0.5798203763688552,0.7244490210202613,0.5269845901240797,0.6994972569253834,0.5167179043315792,0.544678230277027,0.49708820084700267,0.5257153178230849,0.5517503947859752,0.5933369247086763,0.65503546556775,0.5533292314560249,0.7121703482909055,0.43883983791386827,0.4550204585527204,0.4739588917271105,0.5048674074113239,0.5629859157065784,0.5049030816921086,0.42759315842681783,0.48459330805633827,0.4958805389935975,0.0,0.6405073043674817,0.5720063505286479,0.5617157023198723,0.7466821281832641,0.43600661743987346,0.47853517533953105,0.4593833755614461,0.5015156883370786,0.5333654741363136,0.4633120632291738,0.47075322285519283,0.580035846040495,0.4642117421389563,0.5832458811150455,0.5570367932933612
SAU,0.6807602672794019,0.5912830688560825,0.5650583109906142,0.5797971995355643,0.6254359765965081,0.6184556251370463,0.6439300805717073,0.6482441037103631,0.6397425371531913,0.6090735425426942,0.8152930840482325,0.6304214455670138,0.6461826873547685,0.6589710488725906,0.6617890058602326,0.6952627719160268,0.6416135381173999,0.6592861726579013,0.6595815323178482,0.6405047139531415,0.6850719030652594,0.6311981595558632,0.6464916440619433,0.6149966678303591,0.5971115148537662,0.5934334460533004,0.6470303090239581,0.660133567728667,0.6482677211188529,0.6036312838132437,0.6572626910251053,0.6879595100550713,0.6404929144396899,0.6362514608541011,0.6437187104087241,0.6709139791451577,0.6882153925336552,0.6649400994489573,0.6308337100072178,0.6100472952747207,0.6447242550136797,0.6341729099951927,0.5697085658062842,0.7594462800113163,0.653448196871616,0.7744486559025099,0.6458317869088708,0.6580702138672696,0.6811495801179862,0.6546538775041775,0.5985721386987587,0.7397655744421707,0.6826591336484813,0.6228473737919649,0.7243981152547335,0.5989088532785035,0.6331172376185447,0.6404418772764754,0.6395900653950474,0.6115460559930095,0.620735506527389,0.6308039004380545,0.6173402882458048,0.6596929295065223,0.6405073043674817,0.0,0.6954213323480584,0.6753254743560996,0.8112477325893472,0.6415332060474421,0.6598375475859154,0.6461141709091194,0.6372794390006838,0.6773030286017522,0.6246076401106393,0.6023703773057619,0.6586198221382997,0.6140833512747159,0.6610515882953903,0.6376059248724886
SEN,0.6871357372613021,0.629583285898962,0.5672954892722789,0.5588265736957098,0.5473419745539005,0.5681075282905568,0.6090786258728311,0.6117896598324022,0.5889796365870074,0.5844209590715082,0.8218948898624837,0.5503394787411994,0.587060887313091,0.5750184147862907,0.6423477696327227,0.5970010772291733,0.6125284827225363,0.6651890728828168,0.6107842307671724,0.5642016201225575,0.6594942142457645,0.5572376683999153,0.5908304842432562,0.5937752658540313,0.6535943188518518,0.5482231109959598,0.5767008361856251,0.580452667821936,0.5487491480667779,0.5467470311062687,0.5657151565345399,0.6901926363683973,0.5961858263628842,0.5593712800498358,0.6540072271584597,0.6436668194836184,0.6416268488731376,0.6138899026366776,0.6166705404888125,0.566401465910725,0.6425017898733573,0.5794682827380049,0.6715630451134564,0.7143483416272576,0.5920345675408106,0.7735392093022367,0.5688337814643142,0.6167006299846034,0.5577114484598259,0.5997541571425342,0.604906760391632,0.6640138438924067,0.6775370350167919,0.654163247162337,0.712787427006361,0.563735460031926,0.586432255656336,0.5708006930706928,0.5690221599812625,0.6135930381741131,0.595673159307092,0.5497383966821011,0.5572093156802945,0.5998752978006149,0.5720063505286479,0.6954213323480584,0.0,0.6545324319931497,0.7687748715490957,0.5708934461338284,0.5571893972405346,0.560606481968369,0.6187352237805718,0.5782764879414747,0.5545498412930407,0.5789412678315764,0.652976250372375,0.5684290433898401,0.6748760847670198,0.6080945222432167
SGP,0.6646103272301278,0.5143868811368061,0.6181691960332566,0.5876409162831064,0.5604485566830424,0.51273518131673,0.6691336810264691,0.6274576271811324,0.56547318331053,0.5830800437616851,0.8049115624701789,0.5750238835375368,0.5286058120577044,0.5966236404348974,0.6183630242962805,0.6469010178965044,0.7044655780543377,0.7113585766322262,0.6612338004992331,0.591444745244856,0.5980418426889669,0.5721284287725528,0.533311318444635,0.5210602623738059,0.633502136679559,0.5748358150708055,0.5743941524327367,0.5697106156497171,0.5431964931537787,0.53228939172978,0.551274255398913,0.602139610847702,0.5812402465211535,0.5717917458034047,0.6015501025150172,0.6599700153150362,0.6200464672951164,0.6030544727480106,0.5317885354299026,0.5402365936547312,0.6583465388954104,0.5711555396598604,0.7115854265183692,0.778759038119843,0.5488621083484818,0.8053990796261085,0.6134797865622625,0.6073765291687191,0.6032499204686624,0.6313993245818498,0.6241509035788956,0.6635860489138375,0.7125833841265236,0.6334839737246084,0.7634875583949328,0.5266148452206673,0.530403371107667,0.5756492831331906,0.611699824891875,0.6415928343432244,0.6139392966638423,0.5764082290537768,0.5653133518433804,0.6298146938067353,0.5617157023198723,0.6753254743560996,0.6545324319931497,0.0,0.8094326790312606,0.5919761615217148,0.5903417490449333,0.546661297333069,0.5840281447098706,0.6536800298040142,0.5758284636655678,0.5280737537754046,0.6552666526318766,0.5604685772750444,0.6760258038910475,0.642640194969063
STP,0.817923906249208,0.7949949130995523,0.789360055123378,0.7518125900235773,0.7417667490664622,0.7660108712243852,0.7744267395988259,0.7740642775186777,0.7832322241316755,0.7799512302329833,0.8787535809388627,0.7483917166087796,0.7942681127150661,0.8013030605065643,0.8279648623702651,0.8150428025495072,0.8134503975550956,0.8002571586521271,0.8023807173328948,0.7654018094166455,0.7868562401048269,0.759328477716473,0.7817339840598441,0.7668310035755191,0.8077507457573581,0.7531512557015883,0.7547543434882941,0.7796398953148569,0.7737104044503573,0.7464399172105199,0.7729233937071883,0.7643651061692887,0.7660826096267014,0.752133518788987,0.7948430890823321,0.7960312789358922,0.7479578869381828,0.7375497721274501,0.7894046265685178,0.7762853965459473,0.8028598573435388,0.7758297246549207,0.8045705170379663,0.8359873804295814,0.7982304708748711,0.8314034436354041,0.7493943306943737,0.76152695852305,0.7481062871427773,0.7980629044303261,0.8238204361065788,0.8063353187688211,0.8387716999021583,0.7861252668559401,0.8228110777839469,0.755073341442813,0.7715850534460557,0.7784760096096407,0.7799734055854504,0.8057020073977909,0.7894458750396044,0.7732850358794761,0.757651663344799,0.7659820419440401,0.7466821281832641,0.8112477325893472,0.7687748715490957,0.8094326790312606,0.0,0.758687620631227,0.7619629525059647,0.7674160240779508,0.7748210527232293,0.7595243068252059,0.7380871491089208,0.7626836708600508,0.8141535240951344,0.7785001812444013,0.8292283736504459,0.7702229817121474
SVK,0.6364624894458374,0.48286394292688495,0.49611265893286793,0.4679317279366865,0.40854854739177965,0.44633915430940907,0.5623043202475595,0.4721492911761919,0.45824386897704367,0.48377897473581416,0.8182234312329201,0.4673898459349553,0.5156361807186527,0.5435937981250529,0.5387957327851249,0.598789801653802,0.6341865550696699,0.585996703669205,0.554412035687062,0.5542977971588635,0.6110105161723649,0.3690695856011289,0.45411062683364795,0.5114766311962176,0.5603630721140935,0.42095005516028444,0.48945858988984936,0.4744248414139185,0.41858679590986564,0.43900825349856365,0.5061129876864994,0.6150893607428607,0.48941869644584,0.408735956907377,0.5506703997567599,0.5664638195283448,0.5630540418123977,0.5064179302393282,0.5728218477360573,0.42818381582023174,0.5585911376779165,0.4618716303739449,0.620975942964045,0.6813157373086162,0.4929072478159865,0.7175331566564095,0.47706902310059734,0.5597447505561074,0.47879794537149056,0.5223454452787233,0.577508161890368,0.6075570076412835,0.6405341314320192,0.5636476950253206,0.7097941885818739,0.45961151086319296,0.4999509336569522,0.47705312881608475,0.4651270806678546,0.5833846595543494,0.5087817403321362,0.40453940238074954,0.469723941897592,0.4468431746360157,0.43600661743987346,0.6415332060474421,0.5708934461338284,0.5919761615217148,0.758687620631227,0.0,0.4287443914328678,0.4492896194846607,0.4976924376712766,0.5312240926844639,0.44048287867653146,0.47382548243705025,0.5348120111617276,0.4961450420681027,0.5614803229391322,0.5605101580517946
SVN,0.6340752283776466,0.5128355412559226,0.5271589986897518,0.46112750901641253,0.41463472035885757,0.4190303891781469,0.5642026793606284,0.5087442096005369,0.5087581694627061,0.4962967052296235,0.8256756284025927,0.44913817322880223,0.48578123056938044,0.5394735992749193,0.5569187727588742,0.5847288542224977,0.6355551850667615,0.6013381862378211,0.5632456538025551,0.5354249260588814,0.6047825249605263,0.4062706807698026,0.4206690932363565,0.4754741121175597,0.5982941207778824,0.3973978908128826,0.4821451516483478,0.44452369492595745,0.3897146883329601,0.4111884731249238,0.4881581356162831,0.6072243393216318,0.49127606941897534,0.435096648993433,0.568084294240321,0.5885969224281239,0.5153806513875309,0.5225198903651413,0.5405730695800923,0.4204183643689552,0.6140699664286681,0.45162429889002326,0.649143226291419,0.7139828869941456,0.4881024151553211,0.7518610378549242,0.4798427056241503,0.5146695825471727,0.4742083377662214,0.5448501340397902,0.5730029589780827,0.5946653464399624,0.638549585494439,0.6086771936979051,0.6935962444470504,0.4236789992493858,0.47534857708638384,0.47409831205636493,0.5036195400818789,0.5723211864014345,0.5631490026275823,0.4211105990066836,0.4220736063687313,0.51554299550618,0.47853517533953105,0.6598375475859154,0.5571893972405346,0.5903417490449333,0.7619629525059647,0.4287443914328678,0.0,0.43238701679850305,0.5418166323780383,0.5144786981090483,0.4559918725453209,0.4689057384964627,0.6084430329129469,0.4598119686222856,0.6110784960310116,0.5578358660320505
SWE,0.6291922563265936,0.46872442480367504,0.48186543182837904,0.44620859119973205,0.3941411988403926,0.44060542885709447,0.5595433503822894,0.4983783678820874,0.4802388675501086,0.4828337932480125,0.7925800378351372,0.3990013494098967,0.48874942533851856,0.47319597219076154,0.5349057716687408,0.5515443529232847,0.6262154446283941,0.5965569862233036,0.5723595780660319,0.5362428769624324,0.5954586324660537,0.3908604842023833,0.4178787803437989,0.4504821586492679,0.5843528648648539,0.42487201443202754,0.4827308108321356,0.3987965854563636,0.3894570998936624,0.4258343075169644,0.4625304369286444,0.6155348752209874,0.49436755720599745,0.4093438724090879,0.5449173610175021,0.5667209766329749,0.5273299447260393,0.5305186133670643,0.5173301438181113,0.40469695479792483,0.593360482978365,0.4299691799290959,0.6320549622926066,0.7224606503033479,0.4609018292457918,0.7460019291752615,0.5154575667690321,0.5354279834694947,0.47966706639166257,0.5116228710985985,0.517216170218281,0.6135061547604979,0.626602461825898,0.5966341411935545,0.700232308126216,0.4417207196768312,0.42490747764370407,0.45336783244012846,0.47123936727931454,0.557433712837144,0.5210582422066435,0.41988009267572995,0.44310819113846933,0.5279321793814855,0.4593833755614461,0.6461141709091194,0.560606481968369,0.546661297333069,0.7674160240779508,0.4492896194846607,0.43238701679850305,0.0,0.542932691861836,0.5396682521208941,0.44948081949033897,0.4563111997166466,0.5900337690380417,0.4286247567632126,0.6062765168739432,0.5334936603787584
THA,0.65974474525343,0.4457543387963702,0.5491608967382188,0.5187879933079762,0.5216382638371901,0.5288384138045439,0.6141872721734324,0.5319163181334959,0.4350324185858611,0.5124508837815815,0.7777353631891855,0.509421996113932,0.5879685052847442,0.5937959344143426,0.5269800038228218,0.6194022465212634,0.6104658136894275,0.6086947914968157,0.567831275736566,0.5595652182513894,0.6148609847713594,0.5107222457003102,0.5347074081224412,0.528323177202163,0.5807040123497532,0.4883241030274255,0.5573289658719061,0.5577222841050509,0.5206169687417864,0.5152077782846832,0.5300456007209798,0.6683508892937544,0.5243608866886276,0.4995318971922692,0.4663043203196023,0.5698246903850038,0.61285376313921,0.583558281411406,0.5952581192626349,0.5003613877374442,0.562465350035032,0.49672169633871166,0.6469650333164495,0.7420870272319557,0.5059684907767468,0.7244289777358932,0.5487087095343084,0.6011922716628195,0.5904365446745369,0.5254527279123329,0.5827826697542844,0.6430569229179424,0.6303441926116492,0.5326535146085305,0.7202966876674364,0.5232392250607228,0.5319533198169588,0.5524061605860278,0.5295323568135486,0.5836862363390851,0.5137186937477924,0.5011779170196983,0.5332588594011741,0.5033985389911902,0.5015156883370786,0.6372794390006838,0.6187352237805718,0.5840281447098706,0.7748210527232293,0.4976924376712766,0.5418166323780383,0.542932691861836,0.0,0.5768294634082438,0.48882381914748996,0.4590281505577769,0.5931145417373501,0.5421955726636517,0.5644993890058608,0.5989087676814457
TUN,0.6572516732389176,0.5579676629718328,0.5463238814473359,0.5329108725185606,0.5130881234698886,0.5467095084782708,0.5707058214578755,0.5449435846437156,0.5199333262694573,0.5304523147778701,0.8085711109914286,0.5232076904091437,0.5751581376778677,0.5968615056443857,0.537562118361537,0.635701954509577,0.6140890974368294,0.6093277309225694,0.6143114475488523,0.6156397111658429,0.6395195676396216,0.5040103083711933,0.5515225191680363,0.5591295608570578,0.5889850352444003,0.5126528632194814,0.5551954838992866,0.5495703203362808,0.5274698508081805,0.5142065489802524,0.5565995607511326,0.691813327103973,0.5440744931232834,0.5040229780553356,0.5779523108383908,0.5833642482270917,0.6087016539192451,0.5678780440735461,0.6178694382402473,0.5253642694075299,0.6149276041468285,0.53812851587162,0.6494877082277918,0.7010934565615128,0.5484818832822439,0.7304660325030098,0.5561034731099204,0.6039921702743049,0.5731212808400755,0.5664360130467558,0.6008482827155894,0.646955522674058,0.5941542078812243,0.6326939238298043,0.7179728716354224,0.5585377263069026,0.5330403656534215,0.5570216847368825,0.5103221840976246,0.6108403578410267,0.5853640835954464,0.5233902260419192,0.5444827154741145,0.5417379264982255,0.5333654741363136,0.6773030286017522,0.5782764879414747,0.6536800298040142,0.7595243068252059,0.5312240926844639,0.5144786981090483,0.5396682521208941,0.5768294634082438,0.0,0.5046198058471547,0.5472342019268039,0.5782935389818288,0.5373304550827432,0.6110767149724877,0.5938924448724128
TUR,0.6400273259415035,0.45777157353517434,0.4667174052526806,0.4437813691626619,0.41685318532843085,0.4617955747818872,0.5284009996672828,0.47169137834946817,0.43682445971138445,0.4610359267546366,0.7911419771497912,0.4206857887411192,0.5325503237992499,0.5278240754203197,0.49876961975791984,0.5511185560695925,0.6081800254317693,0.5678454117763289,0.5490876717742731,0.525826064696576,0.5954013662876007,0.4140181609505982,0.48281307612392543,0.5040076712957302,0.5366513657174918,0.4113521613447392,0.516178794520359,0.4916105131452835,0.44913702322196936,0.44236664857454594,0.46757651143395346,0.6499766217531734,0.5055566268634414,0.423447392148983,0.5243091889485493,0.5171654053728351,0.5591037961578255,0.5143616754739821,0.5548976003890959,0.44128545677154996,0.5555986507175389,0.4433673725632464,0.6039413520162606,0.6944276417377955,0.4587336294525546,0.7226846490096137,0.505695010443279,0.5565876968753732,0.5132317407529792,0.4840404378642019,0.5313266648149638,0.622129690272532,0.5955199970117451,0.5739686004969572,0.6836615950944817,0.4859087442214934,0.5003764724207704,0.4916420365806529,0.46376584751533173,0.541470062186996,0.5028656526634927,0.43599083228254293,0.46162638342594864,0.481500255807233,0.4633120632291738,0.6246076401106393,0.5545498412930407,0.5758284636655678,0.7380871491089208,0.44048287867653146,0.4559918725453209,0.44948081949033897,0.48882381914748996,0.5046198058471547,0.0,0.4524546510800422,0.5747752237019504,0.47568364131180174,0.5749990373534195,0.5289209984858573
TWN,0.6319509774578141,0.418323304895705,0.49637947142381683,0.4731338750430908,0.4458184966985787,0.46725001538934147,0.567559287684212,0.5306668656487274,0.4054429262850134,0.45217044852667476,0.788019311541036,0.4459211074235893,0.5261634137296399,0.5274346115620163,0.4899872858622213,0.5784652545226824,0.6278743747148069,0.5930642777828886,0.5543951518275309,0.5188163213819513,0.588600548224933,0.4437388326331195,0.45184970279672765,0.4677077498054332,0.5241817017431655,0.42298973335974893,0.5130134572265784,0.4535903056919659,0.4431753931590463,0.42286991877910374,0.4777757062710541,0.5984146062172931,0.49520911837510667,0.45174954170255005,0.5144710029584854,0.5674408064022674,0.5616399897939558,0.5350783263733052,0.5167382006959853,0.4403643833373897,0.5374642894815469,0.42710030705066254,0.6332925485401212,0.7240640954218677,0.4079870105234423,0.7335596286851682,0.5093865001294701,0.5452655440062723,0.549420798918801,0.5157187245166347,0.5154294310664368,0.608311153289055,0.6076945374310982,0.533024558071891,0.7004166429485373,0.4419924496086325,0.45179852098213075,0.4992916460562294,0.4869483049436696,0.5400315555794404,0.5112979209411681,0.44755011190241967,0.4597198542517246,0.4969520815488434,0.47075322285519283,0.6023703773057619,0.5789412678315764,0.5280737537754046,0.7626836708600508,0.47382548243705025,0.4689057384964627,0.4563111997166466,0.4590281505577769,0.5472342019268039,0.4524546510800422,0.0,0.5653028647023985,0.4520623326312696,0.5613246380795416,0.5329317707416836
UKR,0.7044591563955731,0.5757657185870907,0.5329166538323514,0.5692039514079233,0.5743011624452229,0.6064984127845213,0.6168333015560766,0.5497426859411786,0.5231054135403935,0.5841312113392055,0.8112118509447507,0.5903086392265858,0.6387517634193289,0.6279623872811412,0.5426649261509914,0.684236456176803,0.671320419114144,0.6484391022657358,0.6447231433551524,0.6176827552801234,0.671106913231002,0.5405492863810536,0.6184947591587494,0.6237930472766636,0.5809370019785173,0.5843854479994268,0.6039575871786381,0.5859119376732208,0.5926307169882983,0.5916062531307493,0.6285587298234265,0.7305619095313807,0.6037375149210578,0.5512532191742879,0.6037709814237736,0.615592458204697,0.6876770562151123,0.6359603244697475,0.6559288040989476,0.596489324713988,0.5959044426356369,0.5938775408702432,0.6232096561593934,0.6643729869378994,0.5979757154185611,0.6906454327643695,0.5545959171330573,0.6820462562953231,0.6167525640262436,0.5972955880482221,0.6073610999539948,0.7107610196644704,0.5863861436566178,0.6200889931067592,0.7171863067325186,0.617378880958848,0.6101834174911633,0.6126848304783075,0.49498026037020215,0.628407015102926,0.5806682231892818,0.5297025227125615,0.614362021879174,0.5668840454417773,0.580035846040495,0.6586198221382997,0.652976250372375,0.6552666526318766,0.8141535240951344,0.5348120111617276,0.6084430329129469,0.5900337690380417,0.5931145417373501,0.5782935389818288,0.5747752237019504,0.5653028647023985,0.0,0.6110043535520163,0.5892711451477594,0.6240529993095423
USA,0.5980803742429691,0.4726922146287934,0.47597174277104937,0.429334394296547,0.42726782919982526,0.45516647361082696,0.5548719561182966,0.5477587171187909,0.4983719053092694,0.4906630926120556,0.8057397045053294,0.3962430137757226,0.521868782768714,0.5013585724065817,0.5470611469191978,0.5865000711301106,0.6218210190037183,0.586045254554557,0.5438610535782205,0.5555997440394113,0.6124223012195841,0.44672559881513424,0.4179542077340342,0.46451153940608647,0.5774489086929129,0.4476244672833749,0.521875792035068,0.47383573859688516,0.4037835293821769,0.3927669572886248,0.4712882323059656,0.597842346641196,0.5113467573810069,0.4547617241836015,0.5699448207162154,0.5890623792347222,0.5287162421550474,0.5244085884358907,0.4934383999534791,0.4226813581843603,0.6066654997917726,0.4697705729941357,0.6140922126903384,0.7454738670042462,0.4780937887807984,0.7632403840517852,0.5490096330063248,0.5360140123771386,0.5609811062472024,0.5443491432509665,0.5053734397830673,0.6418157962436211,0.6304679846961566,0.599467560296676,0.6719628670893668,0.41142779210547337,0.4449601586794011,0.4539543431087237,0.49263070440601575,0.5385675626153931,0.5543776718917646,0.4693420973079595,0.47542968758166554,0.5313260606004562,0.4642117421389563,0.6140833512747159,0.5684290433898401,0.5604685772750444,0.7785001812444013,0.4961450420681027,0.4598119686222856,0.4286247567632126,0.5421955726636517,0.5373304550827432,0.47568364131180174,0.4520623326312696,0.6110043535520163,0.0,0.6097906465619366,0.51899021523252
VNM,0.7169384916273476,0.5484947380853722,0.5458681864050212,0.5886576995404419,0.5974526874319357,0.5998224752075064,0.5947254173451689,0.591490091615441,0.5194196592013781,0.5943184270945147,0.8076565153165253,0.5952602860236511,0.6405120234642963,0.6225925393235244,0.5439947838532638,0.6652290355826488,0.637756653968516,0.6779890988776038,0.6103383844178781,0.6338377546628065,0.6763607460970789,0.5505028432264762,0.6110650519600869,0.6235132275632551,0.5890742278714133,0.5923384919757158,0.6180065958919525,0.5962493803407104,0.5951547614542317,0.5766216916063578,0.616349466017623,0.7208302214262584,0.5857964631820395,0.5509024793925515,0.6082634990694412,0.6218905980533745,0.6643347463221705,0.6235707303992019,0.6684042799697796,0.6008406211610863,0.601657677078179,0.5623101203148867,0.6641527304338593,0.7235946613767261,0.5897672364506175,0.7021688557557918,0.6001336116517193,0.6778145100552472,0.6472240022255501,0.6045209887035429,0.6125138923047708,0.6509005784724442,0.6263231378156141,0.619438477344995,0.7383820560928078,0.6136018049134997,0.6248071873045141,0.6043090860836087,0.5392369022273852,0.6194978902568415,0.5558666832006933,0.5649973534221362,0.6081985007113514,0.5573044267824394,0.5832458811150455,0.6610515882953903,0.6748760847670198,0.6760258038910475,0.8292283736504459,0.5614803229391322,0.6110784960310116,0.6062765168739432,0.5644993890058608,0.6110767149724877,0.5749990373534195,0.5613246380795416,0.5892711451477594,0.6097906465619366,0.0,0.6506897258009635
ZAF,0.6827740865302736,0.5335201124847571,0.5527005109577086,0.5105258928702215,0.5206063159787004,0.5613741264178977,0.6482105089161214,0.588146465619835,0.5430122595540231,0.5386323708377755,0.7669021928800073,0.5074086638583225,0.6219037570196201,0.5589510553598491,0.5863358777707893,0.6231229280346721,0.6459599332638185,0.6569923050514679,0.5910842507675028,0.60013329901161,0.654393368820114,0.5212258309856945,0.5691991148179653,0.5813493452933846,0.6021689788138579,0.519308124055898,0.6033319311331495,0.5522506100127691,0.5453648158770052,0.5522744721941705,0.577902295462885,0.6606819795080763,0.5770648488811714,0.5130706537545084,0.5935990899624879,0.5988115798590362,0.631371528850339,0.6257480444115817,0.6051908998823601,0.5513001705176558,0.6036895648252583,0.5438072292697579,0.6474342456789786,0.7388967436516459,0.5648439395597733,0.7269287190210135,0.5837008517127322,0.6272632586947281,0.6110390079838305,0.5786394624361562,0.6140032728499042,0.70750113910399,0.6617976131368447,0.5901698782580729,0.7242697468801191,0.5560818033582898,0.5672255774759762,0.5518274363428376,0.5755857326366477,0.5745127154968308,0.5547257968923149,0.5372912383772862,0.5325088785831604,0.5793934097103952,0.5570367932933612,0.6376059248724886,0.6080945222432167,0.642640194969063,0.7702229817121474,0.5605101580517946,0.5578358660320505,0.5334936603787584,0.5989087676814457,0.5938924448724128,0.5289209984858573,0.5329317707416836,0.6240529993095423,0.51899021523252,0.6506897258009635,0.0
