,AGO,ARE,ARG,AUS,AUT,BEL,BGD,BGR,BLR,BRA,BRN,CAN,CHE,CHL,CHN,CIV,CMR,COD,COL,CRI,CYP,CZE,DEU,DNK,EGY,ESP,EST,FIN,FRA,GBR,GRC,HKG,HRV,HUN,IDN,IND,IRL,ISL,ISR,ITA,JOR,JPN,KAZ,KHM,KOR,LAO,LTU,LUX,LVA,MAR,MEX,MLT,MMR,MYS,NGA,NLD,NOR,NZL,PAK,PER,PHL,POL,PRT,ROU,RUS,SAU,SEN,SGP,STP,SVK,SVN,SWE,THA,TUN,TUR,TWN,UKR,USA,VNM,ZAF
AGO,0.0,0.5667235011363297,0.6329502588192297,0.6065144236810814,0.6002319334122075,0.6159096482846266,0.6572644891928199,0.6175202818097347,0.6100721631591657,0.5914042456475249,0.7786088091027852,0.5923137549542776,0.6202847183293163,0.6067599120247164,0.637506345919295,0.6493026542034734,0.6718500270174139,0.6724561494433599,0.6629375565816101,0.6411613898002795,0.7041549192011315,0.6042836959871624,0.6395728264222527,0.6262228902893217,0.6780485100466637,0.6247313898551017,0.6242509317378405,0.6350797521178807,0.5976635217097139,0.5869495226250661,0.6224025689898209,0.7002783305201057,0.6069770423523481,0.5784417316428319,0.6093832863879832,0.6660754105560933,0.6662614580783367,0.6370577452359677,0.6558931631410997,0.6113823467212479,0.6739985199376826,0.6404917614811801,0.68783075431082,0.7672498257882818,0.6428738045493202,0.6925578286710691,0.6419476422787083,0.667091492599425,0.6985675676174529,0.6293193977283061,0.627949917806117,0.7000045689031337,0.6846851067929721,0.63563356645716,0.7401159360985182,0.584116950277179,0.6046797232296834,0.5901916615837837,0.5990990918344904,0.654900652354017,0.5750210483614329,0.5981410743111661,0.6003621463307636,0.626445389130925,0.5691300992526697,0.6541695626225235,0.6589681995966665,0.6638331640388475,0.8268693605284726,0.610804600306983,0.6243308922062567,0.6194416545548023,0.6204665592504476,0.6293229397986728,0.6329813361139386,0.6101227311506058,0.6798020547380955,0.6134797063860531,0.6645137623655679,0.6509336046176366
ARE,0.5667235011363297,0.0,0.5591474343336942,0.456241117929701,0.44115648450702416,0.4559721153636711,0.5556006622008228,0.5202645724363876,0.39521241486873626,0.47848730373581333,0.7270076522177569,0.4393460406072893,0.5370690659814453,0.5250940679830918,0.4914508719962179,0.583469457823871,0.6173967396180209,0.5408795699054532,0.5799106691038565,0.5597131798547443,0.6105445693550964,0.4290521953088395,0.4618120957329552,0.4927489082496527,0.5359442136185416,0.43073246506448054,0.5369193397155099,0.47563024993647784,0.44101735953409776,0.4455477093311305,0.4883064744208997,0.6039955700000609,0.4905895196594755,0.43992273195568204,0.4684592902148492,0.5341571151063244,0.5584174098676407,0.5390657258324828,0.5298612993337101,0.44084638256885195,0.5204025559071582,0.4577595131177533,0.6093831014776566,0.7396470654873772,0.47225474423002695,0.6981110093845965,0.5788634571223787,0.5644046512104443,0.5473882648367256,0.48421001354338966,0.5308941813223591,0.6136087929043694,0.5928494289809942,0.5157103862081494,0.7149827310178309,0.47678050618188383,0.45474376738592787,0.46468770077953814,0.5144278064387706,0.5273103924897857,0.5060066009208708,0.4446722870448861,0.4626975437806216,0.5190899604180793,0.4312937609249151,0.5522223570262825,0.6057506938005436,0.5208055683406831,0.7975322839895074,0.48348192891330233,0.5067298692341515,0.4548349077848857,0.4574980786347866,0.5491903185363551,0.49372447558841526,0.4227684279650481,0.5861729427020734,0.4580860586315768,0.5551131263731784,0.5481658899314665
ARG,0.6329502588192297,0.5591474343336942,0.0,0.510391605548447,0.5434829058980054,0.5496773248153358,0.558817007914395,0.5588162637034964,0.5214827533573975,0.5295565401941095,0.8226632199710937,0.5165597124242367,0.6065410657839329,0.542683931104025,0.552371898915084,0.6372137163714047,0.6468520450927359,0.5859250448679797,0.567199502130813,0.6087763844862015,0.6744121989927283,0.5042851525113912,0.5574094989090336,0.5657430602950396,0.5494275702761622,0.5153540812148389,0.5917186216855219,0.5430548235744044,0.5487460554371985,0.513638476836479,0.5692457602184647,0.7254441103889054,0.5620087596557731,0.508587053094638,0.5733914507859353,0.5834127799416582,0.6498186359937057,0.6117219963692715,0.6019383707062894,0.5313686496483372,0.5909857059886234,0.5382448633247284,0.6096531140260935,0.7175650097381276,0.5643187219963226,0.7302239166831784,0.5925587905241954,0.6308358874049816,0.5868928974350389,0.55933563035756,0.5333453006709651,0.69713568863501,0.5945374337671422,0.58421322460011,0.716490866238017,0.5519701230085392,0.5639019886001015,0.5439129200766296,0.4899780435966447,0.5528012203463386,0.5877320722417977,0.5399156949330416,0.5414701460354822,0.5432006944538648,0.5292554945514882,0.5782086494236245,0.5931529787206768,0.6545397298695945,0.8180446431489119,0.5532400713899068,0.574493595089829,0.5313858966480716,0.5691071111239706,0.5907060565957516,0.5248068231840333,0.5438231661974927,0.5742297900563192,0.521874371827288,0.5860940818937675,0.5972508922286848
AUS,0.6065144236810814,0.456241117929701,0.510391605548447,0.0,0.44764113076955825,0.48584231145291007,0.5152747579069902,0.5098543235517775,0.45407600924036995,0.488981894528506,0.7990228540058603,0.4405380565269732,0.5283466124499174,0.5289014548912636,0.5502844153713541,0.5913495210189391,0.6013317084485884,0.5338323757596536,0.5474927979992381,0.5393837725341231,0.606471659928101,0.44172446605299504,0.49321671928700733,0.4975238707831386,0.5652431426238544,0.4249022521805529,0.5194184662716252,0.49067895208967505,0.4451915255218271,0.4136762120112897,0.503272825339048,0.6116017286322973,0.5164830132705703,0.46406774593369693,0.5075643318992753,0.5586641201077731,0.5477138897365239,0.5256408195867769,0.5601127538661325,0.45373515282384475,0.5797382430783861,0.47435810738258577,0.581653349567474,0.7207695839213335,0.5368592767335569,0.7263853422731552,0.5625287294376572,0.5343858249258964,0.5230317521577165,0.5312979573276275,0.5455802879222447,0.6392733322099396,0.5689548083145288,0.5376728867782748,0.6404612417624668,0.45358364213663094,0.45831160975885477,0.45089337846493743,0.4599929109287836,0.5084868077764594,0.5342682176070597,0.4558018752983778,0.4602244026526354,0.4939404831813262,0.4949465707211962,0.54185360263729,0.551487936086001,0.594856068131907,0.7655878342506967,0.46843166724905605,0.48017435744929776,0.45446038760017154,0.5222585739729613,0.5422801605564382,0.4925815304424703,0.49578136528031147,0.5773802960416723,0.4374149207684146,0.5985426170137647,0.523476749504844
AUT,0.6002319334122075,0.44115648450702416,0.5434829058980054,0.44764113076955825,0.0,0.42141206214426935,0.5190254286324956,0.47494552327024625,0.44693606445844186,0.46388225461059496,0.8003570139869868,0.42659119757582403,0.4454631533279555,0.49848916473598964,0.5207266377938141,0.5734029655170385,0.6403066740364719,0.5927487320023227,0.5669735934439609,0.5256849085073653,0.5860057346933173,0.3903213221291515,0.41770459029637347,0.450258676233728,0.5799346463722528,0.3694417084713053,0.513985120765189,0.43456030199213075,0.3986038227385449,0.39328308672158446,0.4364024572751917,0.5745120970162645,0.5026187792855371,0.40761912971219477,0.5354974120793313,0.5528193882224791,0.5377029636894198,0.510156820277028,0.49726331802213003,0.40382480414387034,0.5881128568485187,0.44161536907899024,0.6373164996053754,0.7288584439416855,0.45652193557147175,0.7212196326290681,0.5337846729979125,0.5166693901757435,0.5148022165982657,0.5118784152856676,0.5326124083721231,0.6233278776383504,0.6099009007985431,0.5488400026191491,0.676585850204075,0.4226428265635607,0.42884896824482077,0.44122430982667094,0.46416775181846004,0.5814708209389661,0.5063632963682598,0.427316972293743,0.40289212671736685,0.5113453918870884,0.4803044505387017,0.5713246753193719,0.5384607374423787,0.565130404754985,0.7500173057121411,0.4214815526535834,0.4376427985357177,0.4002476109044519,0.5092925683677662,0.5091168564701196,0.4664103040666538,0.4515656358436761,0.5780133292880715,0.4319045261729477,0.5990951050906365,0.5224626117461434
BEL,0.6159096482846266,0.4559721153636711,0.5496773248153358,0.48584231145291007,0.42141206214426935,0.0,0.5731147745327747,0.5192247825641761,0.4749133101971248,0.48543685037492007,0.811831465137402,0.45772818795055664,0.4793661983029642,0.534319293386758,0.5518848151685017,0.57528857111207,0.6495121441928369,0.6231841072794444,0.5594362001540617,0.5186872902102633,0.5751234572810859,0.43865324505870595,0.42526260488695034,0.4592235176603587,0.5650226992993987,0.407599751170339,0.5216658339153948,0.466982953964647,0.4096303712158647,0.4110230636902378,0.4702062506793805,0.578826371748311,0.507463320886565,0.43767675965925806,0.5449439721875504,0.5742975065090856,0.5663848525823593,0.5286056255914781,0.4913258748096012,0.41173963308005396,0.5970673152742944,0.47367267478329084,0.6392215498162325,0.7401212309845061,0.4728339938012634,0.7501686866181632,0.5551507620757439,0.5324770665607894,0.4997639708436305,0.5256160230830046,0.5481888706728218,0.5929728139750989,0.6423212832111717,0.5582105034360979,0.6968682143281366,0.3975513581209164,0.4833811279065212,0.4860321528152694,0.5198620190554842,0.5691261531314631,0.5359040973775179,0.4794989650476367,0.4216381006134052,0.5455181061760067,0.49640020921412537,0.5779942466932008,0.5534114213912364,0.5133323425374984,0.7722674906783037,0.4598510852251165,0.44577338416800644,0.44279021436563426,0.520085844524779,0.5514985453808912,0.4982444654239789,0.4719734483459322,0.6107347333690893,0.46358482572406784,0.6032895270217103,0.5649425975043055
BGD,0.6572644891928199,0.5556006622008228,0.558817007914395,0.5152747579069902,0.5190254286324956,0.5731147745327747,0.0,0.5163148736784321,0.5161716308395684,0.5756803771942488,0.8108748959819732,0.5382351121021319,0.625596979483779,0.5970973396731157,0.5915477543707653,0.6512259568946652,0.6449725047900033,0.5562102461121972,0.617184255437686,0.6005919251998006,0.6417095107751055,0.5325495938340321,0.575997951085779,0.5697005289607907,0.5832256413563831,0.5469782191058702,0.5982551122987424,0.5745433454740347,0.5607432256322257,0.5271244128288963,0.5720270576454872,0.6673785017315865,0.5725439698249372,0.552776352861419,0.6129794470602676,0.6001132076568854,0.6445438710828904,0.5548758207617746,0.6289923860950332,0.5389917861492313,0.6240690477691426,0.558732969454302,0.5972636244585081,0.6588243794757473,0.5751699255089043,0.7231923214621953,0.6245372169415875,0.6126449962205015,0.5707013507732079,0.5896286470508583,0.6005509841161222,0.6951912938973936,0.5325316281623046,0.6040639025889832,0.684475904469208,0.5631476935376023,0.5236892665771127,0.5427577585088587,0.44316530358162887,0.6124451286783982,0.5746132052797276,0.5408003819509151,0.5564542467955592,0.5781907015959964,0.5531622827915506,0.610354407118117,0.607124933026105,0.6705368518975087,0.7828787909860395,0.5496017995446874,0.5758410270990084,0.5517910815906292,0.6008556468094431,0.5717786548729802,0.551085881501993,0.5695760114473056,0.6133901452618606,0.5459968655076821,0.5943634690273776,0.6530016284526242
BGR,0.6175202818097347,0.5202645724363876,0.5588162637034964,0.5098543235517775,0.47494552327024625,0.5192247825641761,0.5163148736784321,0.0,0.47471305577717376,0.521866011589726,0.7897267062721905,0.5071911509030229,0.5809142967067149,0.5468437526875233,0.5568018510441943,0.5955668350351383,0.6540727593072193,0.5919712703375409,0.5858960043156858,0.5866317245915903,0.6385201571199504,0.4875018679362723,0.5098219121686977,0.5464067367097782,0.5974218227654072,0.46528343791295534,0.5955267684532903,0.5229770806728692,0.48401413619817646,0.5111093298938977,0.49241273866120755,0.6836624148546581,0.5515190657340107,0.4436959752405017,0.5704491736710703,0.5505595698094601,0.6070947624054818,0.5537051230024104,0.5806113654927493,0.5109076640324544,0.6163680841727724,0.519287755134509,0.6413997679418024,0.6790224786392078,0.5208425652429564,0.7068522490741694,0.5625705169549047,0.6082684471347414,0.5606621100583044,0.5260900966637466,0.5750896161410319,0.6721393041214996,0.5457526391148894,0.5925249031439377,0.7122905520961128,0.5348834560792111,0.5499260079361404,0.5401235289108037,0.42202733641923446,0.5889457089046103,0.5562086649440897,0.4899301568509023,0.5097986775764417,0.5197839008059489,0.5306598988919701,0.6452213064522738,0.5811661323242583,0.6426415127347349,0.7880633821503477,0.4981084519580933,0.5112182693938205,0.5010539792194294,0.5556003101043208,0.5393932708207028,0.5044279621922265,0.5369220110048709,0.5777607230206112,0.525191963767725,0.6089186711990033,0.5835445508655926
BLR,0.6100721631591657,0.39521241486873626,0.5214827533573975,0.45407600924036995,0.44693606445844186,0.4749133101971248,0.5161716308395684,0.47471305577717376,0.0,0.45900106949654024,0.7769165865941188,0.44298374811105656,0.5603955885396219,0.5529113692948346,0.44535575257996207,0.5767454582862167,0.6196522434435657,0.5768314347109611,0.5591264046713538,0.5172800032361472,0.5848680760623042,0.41216076406866464,0.4835230113869765,0.48664830015717575,0.5074343623256717,0.4124838574401225,0.520116833482818,0.46700041855859364,0.4572444189069046,0.4399323529171727,0.48259516281834725,0.6456984116456924,0.48528684430444113,0.39086583195771635,0.45514715668146416,0.5040265061195989,0.6052638144993049,0.5120741437733316,0.5739814185533398,0.43735782203158513,0.48296658276906324,0.43175771346946973,0.6343027354650908,0.7376088290119106,0.4314153402514543,0.7050490304693455,0.4996627266294713,0.570172350908074,0.5197867582686906,0.49244475274687216,0.5194148107500948,0.6189481139482459,0.5270809005895786,0.5072682695536348,0.679544211172814,0.47779478976794443,0.45765008933369594,0.4856320186391749,0.3665927831327239,0.5577190876320595,0.4955080756764248,0.43368757778190486,0.488700635469923,0.43956411371955073,0.4530142779637691,0.603153330045216,0.5719223263567849,0.5715397962971565,0.792439269913372,0.4488200947168528,0.49684080095511646,0.4649381936204577,0.4161927760218025,0.5103671884577483,0.46015244464046906,0.39616938887723324,0.5260433867277509,0.48296891916348295,0.5226183002248689,0.5580147552096073
BRA,0.5914042456475249,0.47848730373581333,0.5295565401941095,0.488981894528506,0.46388225461059496,0.48543685037492007,0.5756803771942488,0.521866011589726,0.45900106949654024,0.0,0.7989571610480488,0.4833424599300125,0.5409077965695998,0.5142407237215687,0.5165654282827558,0.5732605580566754,0.6326273360845901,0.6167106616282597,0.5548981524555496,0.5573933804541308,0.6267434646367822,0.4792819713975437,0.5051539121463093,0.5184667532392586,0.5607456508126689,0.446852799190702,0.581345174410535,0.5084797810873796,0.48221575714667086,0.45529689583053723,0.5039250921274603,0.6591797080975305,0.5358848036189563,0.4615332907230448,0.5174172958007555,0.5514839638968463,0.5897448339519221,0.5679451510821293,0.5374709770439275,0.4730928417027058,0.5740576090906148,0.4846400872877162,0.6298903869336884,0.7466254547186874,0.4792533699040366,0.7358853555804531,0.5520888017681213,0.586673898587722,0.5787050643635536,0.5026934795119428,0.53657185766243,0.6488434634981084,0.6099791861094689,0.5437965417850454,0.6845735417989327,0.4943269082308225,0.5238974934474507,0.5108506633210081,0.49365665463626096,0.566430441305634,0.5224223413316628,0.48488247258271183,0.48110231620264643,0.537642564489119,0.495495624869041,0.5698750474813351,0.5750639855346875,0.5793471007406431,0.78836570770374,0.5014439153295934,0.5053156056461764,0.48512694770333614,0.5097054991920088,0.536644959439525,0.5099887931823401,0.4648424188967247,0.5888633315725251,0.4905883792377334,0.6026384208929129,0.5501451480779527
BRN,0.7786088091027852,0.7270076522177569,0.8226632199710937,0.7990228540058603,0.8003570139869868,0.811831465137402,0.8108748959819732,0.7897267062721905,0.7769165865941188,0.7989571610480488,0.0,0.7940536267426532,0.8284421797270553,0.7646838309823939,0.7993918565884848,0.7991558982023871,0.7798302599240838,0.8022655835501186,0.807749266994149,0.7937730171055707,0.8152972069875581,0.7995588465912021,0.8215582154162626,0.7982411074623263,0.7958277285422324,0.8068407113966929,0.8142013126070091,0.8000793997136687,0.8101042822059672,0.811517448567773,0.7935405959797577,0.8320451803482486,0.7811048528231698,0.7950992408841141,0.7522326616570106,0.8060799971730589,0.8432958214221302,0.8385555940575118,0.8102631636165952,0.8072699591210819,0.7793193425329333,0.8005343480295027,0.7994922929399005,0.8464283835971669,0.8205850268233584,0.7606492804192289,0.805546088833247,0.8448876015507165,0.8315880481266983,0.7756807511015418,0.8111483390237406,0.8817759158937173,0.8004977816516567,0.767660555263678,0.8592045584978042,0.8159301613011887,0.7879174955215489,0.7808160514422888,0.8057794294950876,0.7832956578250398,0.7762603518007414,0.7829985054199651,0.800525899667638,0.805829183810656,0.7676487244564166,0.8068186327475111,0.8231529764713312,0.803511437934699,0.878702687926981,0.8168103784044185,0.8209271032305251,0.7924696845436808,0.7734524596613175,0.8115075773148587,0.8012409263571104,0.7850874071122308,0.8105435185059617,0.8055219283620907,0.8066114252260879,0.7685447926231473
CAN,0.5923137549542776,0.4393460406072893,0.5165597124242367,0.4405380565269732,0.42659119757582403,0.45772818795055664,0.5382351121021319,0.5071911509030229,0.44298374811105656,0.4833424599300125,0.7940536267426532,0.0,0.53103697513764,0.522044216522408,0.5216849493952612,0.5695903135111868,0.6219602513862671,0.563727705278682,0.5789677693855001,0.5274095657617519,0.6237361150527387,0.4324844181256519,0.45659244249379005,0.477478333076212,0.5743869589331881,0.4274995646123105,0.5351105844729606,0.45412725504644375,0.4331249167246958,0.40909300266534016,0.48400004507917105,0.611589323321161,0.5121467551136621,0.4305147108541636,0.5285803224525927,0.5608409663907905,0.5822707496362661,0.5420953066208885,0.5328350288800285,0.44057252627204607,0.5782619186427638,0.442154913333115,0.6155895153387303,0.7370466369540016,0.47314605804397325,0.7292371305903393,0.5664474329031538,0.5546346143879194,0.5498338062767291,0.5244129872635822,0.5033236403944411,0.6363626585881031,0.6071015046957593,0.543156832470915,0.6620245335837038,0.44106480633468964,0.4476517257494239,0.48507565237235156,0.4819464549202401,0.5574141797089153,0.5032556394574202,0.45687373199815406,0.48162671438638444,0.5171415202104073,0.47310033476545976,0.5848021948377466,0.543568185155938,0.5820733161379303,0.7622206966734477,0.47772201212601517,0.47256702522656396,0.4190640431442801,0.4933244708064702,0.5301756333958,0.4675605522218923,0.45573759565306293,0.5850087127487765,0.3899910969584093,0.5968153310571446,0.5245671178751012
CHE,0.6202847183293163,0.5370690659814453,0.6065410657839329,0.5283466124499174,0.4454631533279555,0.4793661983029642,0.625596979483779,0.5809142967067149,0.5603955885396219,0.5409077965695998,0.8284421797270553,0.53103697513764,0.0,0.5502723817507965,0.5849199746507233,0.6040134895531227,0.6726827182938796,0.681175249077916,0.6183403470022057,0.5397700895112418,0.6072428836012285,0.5057573967900404,0.48679544638113265,0.502910732500945,0.6418982888429361,0.4946986477287376,0.5535081860745491,0.5246088356976226,0.4725134618190802,0.46951400251757636,0.5179521003957785,0.5981194816697409,0.5284714554584866,0.5091280487635367,0.5878082534188612,0.6392804562722675,0.5709159611106542,0.5538183701916473,0.5370826641323839,0.4839630686981917,0.6632872915973949,0.5235271669480501,0.6671310393492356,0.7639946380475318,0.561640127466931,0.7528136329873583,0.5851716826441606,0.537752649492073,0.571802468127942,0.5914151302181611,0.5828286598480438,0.5935485261114595,0.6782740793627482,0.6083947333869167,0.7033426621134997,0.4853955608647585,0.5205691717573345,0.5225514030563759,0.5624734927249214,0.6261445538617114,0.5739841443821727,0.5176677794054122,0.4675717729142561,0.6000449520753739,0.5617038781301329,0.6104327607466734,0.5697263405179432,0.5317272807593106,0.8021209208457422,0.519642574060081,0.49047495239349015,0.49183871057893397,0.5762283654636978,0.5760888751021086,0.5668536379252519,0.5292546425988133,0.6423159405505541,0.5233625656734845,0.6446009793581097,0.625130907105243
CHL,0.6067599120247164,0.5250940679830918,0.542683931104025,0.5289014548912636,0.49848916473598964,0.534319293386758,0.5970973396731157,0.5468437526875233,0.5529113692948346,0.5142407237215687,0.7646838309823939,0.522044216522408,0.5502723817507965,0.0,0.5783294568862964,0.5874767360841154,0.6632888609712396,0.6430684399650545,0.5664730913896538,0.5854782061758834,0.6684160194731116,0.5232407917018431,0.5126864950555398,0.5506024314196541,0.6101793195209735,0.5251144860143201,0.6004986973986216,0.5248887837369239,0.5139686051011648,0.5153179905524846,0.5154176430165559,0.6580612451463353,0.561828745954466,0.5128285938689511,0.5752426241509662,0.6387239576359824,0.6159798045184125,0.6097248164222618,0.536088208226348,0.5157937299612045,0.638596743962795,0.5253886696417855,0.6472948506104571,0.7533365147234146,0.5295685793964119,0.6931020580907679,0.6029529776923856,0.624941892010361,0.6158725190473302,0.5533140093241249,0.5530340103267032,0.6790457523682529,0.6144625604558742,0.6171885828825864,0.7121701765232579,0.5123307926427015,0.5503014111349341,0.48415529472152136,0.5314666274043518,0.5275261429161289,0.5651107854806403,0.5192805463508259,0.49861755484891124,0.5781397736653138,0.5313199329481888,0.6195989948975082,0.5739523209490276,0.5969460366179874,0.8137773001610167,0.5509053566391273,0.5484452410813205,0.47438333759351775,0.5860175279136454,0.6018485148045628,0.550454779523584,0.5325329736298983,0.6299185704264211,0.5081648895371129,0.6222183584274329,0.5655549361169914
CHN,0.637506345919295,0.4914508719962179,0.552371898915084,0.5502844153713541,0.5207266377938141,0.5518848151685017,0.5915477543707653,0.5568018510441943,0.44535575257996207,0.5165654282827558,0.7993918565884848,0.5216849493952612,0.5849199746507233,0.5783294568862964,0.0,0.6537142718756626,0.6612478085910123,0.6373834263010429,0.5825171547711111,0.6129400255035663,0.6739475908152662,0.4591353100669509,0.5322994372762343,0.5773178326529166,0.5845199552984647,0.5105283427136819,0.6036690589489158,0.5414207970596137,0.5574204297091392,0.511428694075344,0.5809674690906736,0.7367348735838041,0.5696626366455168,0.4799070975025506,0.5287947486224691,0.5593208512765557,0.6515028146641916,0.6220761006579838,0.6243553702186743,0.5054180597143753,0.5761390933341339,0.5005290400703263,0.6780043061441012,0.7476171208266879,0.5006238190524845,0.7309263790524387,0.6016003747667467,0.6472831265417796,0.6123599503356878,0.5512856632152814,0.5292660409679301,0.6614423947192225,0.588406833475535,0.565073214066113,0.7107620629051237,0.5849979990293879,0.5617393825293663,0.5720489557248251,0.5040835303465543,0.6177179476878331,0.5628809822292046,0.4883142505144597,0.5565184220051512,0.5088794146314061,0.5380776642726077,0.6323451937920366,0.6192037028887591,0.6252311702077414,0.8349905285203824,0.5429827688365518,0.5548762111979142,0.5353682405375989,0.5200367700153226,0.5410814102689576,0.5309206378706939,0.49304536616350786,0.5519912004229742,0.5409562187635093,0.5469006178669256,0.5991103239131498
CIV,0.6493026542034734,0.583469457823871,0.6372137163714047,0.5913495210189391,0.5734029655170385,0.57528857111207,0.6512259568946652,0.5955668350351383,0.5767454582862167,0.5732605580566754,0.7991558982023871,0.5695903135111868,0.6040134895531227,0.5874767360841154,0.6537142718756626,0.0,0.64703100538195,0.7300829809085958,0.6128184200054815,0.5883684306532323,0.6726051101794578,0.5870879316145262,0.5875873788273911,0.60041543306006,0.6757835296047414,0.5647237577951965,0.6280626865265946,0.5945733376378477,0.5534193953757612,0.5749951823934877,0.5817017680141541,0.6868590223319241,0.6197753459278788,0.555644219290471,0.5830366008558342,0.6137888980862436,0.659347407001983,0.6477973819007019,0.6156906338891368,0.5732993780707236,0.6473899743686082,0.5568960837368597,0.7036991968748981,0.7843429922255374,0.6094533265835674,0.7114145443479587,0.6247733031267347,0.6416211873979615,0.6297941359748487,0.5931052542818791,0.6203478856972737,0.6704797967058498,0.6909027956462113,0.6415220427387777,0.7370332591785093,0.5904952559245751,0.6092789146304397,0.5790123207265147,0.6005648695885333,0.6210577886410543,0.5879220572580107,0.5762361257544483,0.5853655709376857,0.6359909293957886,0.5969642026520539,0.6671926963631208,0.5814096007498881,0.6436333324491722,0.8270743067740866,0.5993002759199157,0.5879972380191331,0.5618413464722884,0.6149587507205425,0.6432366321478811,0.5744341702674454,0.5838567128169817,0.6865996347505956,0.595253728789865,0.6677171660228484,0.6283678701825204
CMR,0.6718500270174139,0.6173967396180209,0.6468520450927359,0.6013317084485884,0.6403066740364719,0.6495121441928369,0.6449725047900033,0.6540727593072193,0.6196522434435657,0.6326273360845901,0.7798302599240838,0.6219602513862671,0.6726827182938796,0.6632888609712396,0.6612478085910123,0.64703100538195,0.0,0.6778558974158755,0.6309902083369097,0.6334504650223572,0.7072941160547956,0.6265400899604429,0.6681430308906803,0.6373339704473802,0.6596386438343681,0.6339968956599978,0.6528869915082688,0.6705054069841934,0.6487069675053542,0.6085821127588243,0.6509593363643329,0.709359681444702,0.6582870983304012,0.6375168247960589,0.5790775561926,0.6470163870734388,0.7208163566919511,0.7017514499051244,0.6726689431570271,0.6370947862991038,0.6489585743656171,0.6367969817062696,0.6572103944855098,0.7771360117282765,0.6668387092050149,0.7345551784054549,0.6553115471590341,0.6847688478956817,0.6751051821071972,0.6676645173455834,0.6552365587215989,0.7419764798581201,0.696502155026643,0.6124175346698459,0.692342475106082,0.6366137209653416,0.6252442707288745,0.6318868344640204,0.645879853516967,0.6530248883978143,0.6149537862423708,0.6191220580627398,0.645203161397228,0.632315569870253,0.6040148950294237,0.6089024564459631,0.6328068860621635,0.703246086100139,0.8203116822511182,0.650181729168771,0.6510828227318065,0.6441871251242943,0.6117555324405309,0.6289439809981051,0.6435341395032557,0.6446825265860857,0.6767274465272546,0.630342701123114,0.6417694306950957,0.6592026334593809
COD,0.6724561494433599,0.5408795699054532,0.5859250448679797,0.5338323757596536,0.5927487320023227,0.6231841072794444,0.5562102461121972,0.5919712703375409,0.5768314347109611,0.6167106616282597,0.8022655835501186,0.563727705278682,0.681175249077916,0.6430684399650545,0.6373834263010429,0.7300829809085958,0.6778558974158755,0.0,0.6505766715089784,0.6701431806426981,0.7204482148013686,0.5602833149034518,0.6096619651220548,0.6118375584602261,0.6181887083339979,0.55198256345575,0.6285366940769465,0.590948169348247,0.6210450307792633,0.5691889305886348,0.6167316316266845,0.705691526074884,0.6327676866155271,0.5998222876584973,0.6226647459503684,0.658716015414781,0.6366721927234653,0.6173500418712093,0.6615020282220949,0.5886071745372243,0.6525369016262633,0.6012923865209325,0.5984051489086365,0.7068092019111826,0.6308501632608615,0.7486270765623128,0.6811329609068738,0.6326269409395546,0.6131138807514149,0.6124290076611962,0.6169565310111766,0.7517287360486996,0.6275996225573035,0.6385423299462305,0.7403589712839154,0.5911310656333763,0.5653400198351419,0.6180165044998921,0.5994283999951477,0.6002724164296768,0.6509538347470483,0.5902980402223684,0.6017458439842747,0.575560382985527,0.5898754340370839,0.6114404283896911,0.6706535376404916,0.7251404810459953,0.8061973180244029,0.5969781856233681,0.6316682110421841,0.6018439039631621,0.6052622541204287,0.6093367823745377,0.5958859261595372,0.6037721523747459,0.642734708832808,0.5853221651620926,0.6732306906615223,0.6606491120687612
COL,0.6629375565816101,0.5799106691038565,0.567199502130813,0.5474927979992381,0.5669735934439609,0.5594362001540617,0.617184255437686,0.5858960043156858,0.5591264046713538,0.5548981524555496,0.807749266994149,0.5789677693855001,0.6183403470022057,0.5664730913896538,0.5825171547711111,0.6128184200054815,0.6309902083369097,0.6505766715089784,0.0,0.6176093893149018,0.6716797350498047,0.5615884518294233,0.5676580136235416,0.579008512781429,0.630289523771814,0.5433416232820861,0.6110213322431521,0.5965219667270532,0.5662696793935139,0.5417372604174097,0.5920121473883775,0.6889784615511582,0.6116049513232291,0.5391686097627456,0.5579077809837909,0.6293454852559751,0.6315741078927153,0.6362783348689733,0.6260772570172856,0.55177954750784,0.6228462157422393,0.563706106081168,0.6683514342309821,0.8016007957384593,0.5780568345190672,0.706913077782567,0.5892209378255913,0.6426864641029039,0.651175562184328,0.6056467095033865,0.5966313658029722,0.6862245745496968,0.651089733942742,0.5723537443633454,0.7072317679253122,0.5618560133366272,0.5930811019665261,0.561683105200364,0.5589875345561702,0.5838239366922423,0.5910951205126171,0.5640951583440563,0.5610469798983351,0.57741917013194,0.5875160858788373,0.6063657607911902,0.6122444976938197,0.6698583493648637,0.8139021525046406,0.5679331770809135,0.5884484519091532,0.587622670487243,0.5649557704887677,0.625812004285646,0.5754099039743398,0.5675117043212848,0.6408317642692942,0.5500192451051974,0.6069997516671709,0.6005771470840904
CRI,0.6411613898002795,0.5597131798547443,0.6087763844862015,0.5393837725341231,0.5256849085073653,0.5186872902102633,0.6005919251998006,0.5866317245915903,0.5172800032361472,0.5573933804541308,0.7937730171055707,0.5274095657617519,0.5397700895112418,0.5854782061758834,0.6129400255035663,0.5883684306532323,0.6334504650223572,0.6701431806426981,0.6176093893149018,0.0,0.5787384308092146,0.5121008874720593,0.5523337857328628,0.5154846740993797,0.6165760201536417,0.5242856790057808,0.5510793557677525,0.543022942825032,0.5244307483185888,0.5159596634386885,0.5387803442533742,0.5861401187123166,0.5537719731189303,0.5223124854534225,0.5310945932063,0.6386355967238475,0.6279718495988824,0.5609570912572022,0.5805979644396871,0.5372328058105952,0.616578414595716,0.5294434417333317,0.6220332993787909,0.7330890043719076,0.5676601884992732,0.7001902084507802,0.539216113632325,0.5604026148772779,0.5855054110837259,0.5884781030758596,0.5645524299626489,0.6562264796992573,0.6415693327804767,0.5618657502486375,0.641490708859608,0.5228753603104492,0.5273107176813547,0.5565615736747687,0.5328438216136806,0.6107427683403547,0.5171875602361925,0.5069781839560894,0.5458415999194224,0.58014324745224,0.5526688569157512,0.5970013266947595,0.5475875348554273,0.5872329433939266,0.7807409895527255,0.5462953748144166,0.5168364605443958,0.529210398825229,0.539288685419568,0.6116329787456469,0.5351813963468476,0.5130211779132652,0.6063596524538902,0.5474966914864304,0.6388849696847825,0.6018704629837044
CYP,0.7041549192011315,0.6105445693550964,0.6744121989927283,0.606471659928101,0.5860057346933173,0.5751234572810859,0.6417095107751055,0.6385201571199504,0.5848680760623042,0.6267434646367822,0.8152972069875581,0.6237361150527387,0.6072428836012285,0.6684160194731116,0.6739475908152662,0.6726051101794578,0.7072941160547956,0.7204482148013686,0.6716797350498047,0.5787384308092146,0.0,0.6124940047967369,0.6142516539872664,0.5312141460740493,0.6290441047039295,0.594887144868401,0.5808047877138954,0.6189796198342168,0.5960255610362631,0.5984805143303422,0.5718088051209668,0.633030798334432,0.6016203572660086,0.6163652901154398,0.6247436117634626,0.7013033528387751,0.6551087130504187,0.5878945054497141,0.6537037691675138,0.5878326786276364,0.6488356735698994,0.6188367224481444,0.7173304321000371,0.791314357248681,0.6047626382833429,0.7588095273611302,0.6371825471629609,0.6034050936944214,0.5796747573145399,0.6508958762876682,0.68171360920058,0.6516992570146662,0.6976232584557734,0.6381065472523575,0.7420260583282928,0.5942214524340463,0.5636316957371875,0.6083806534238889,0.6154277990331141,0.6806347938424425,0.6331314956268566,0.6147550854190347,0.5958304692582883,0.6600469275172819,0.6300390078781315,0.6653504101839479,0.652116252816928,0.6095512767554437,0.7757398238365588,0.6287293558774067,0.6255238078012941,0.6035869690327879,0.6324038232018434,0.6443697971962473,0.6130024854157804,0.5958376645434404,0.6924013157547678,0.6206376567001863,0.6883456757672008,0.6640734927277328
CZE,0.6042836959871624,0.4290521953088395,0.5042851525113912,0.44172446605299504,0.3903213221291515,0.43865324505870595,0.5325495938340321,0.4875018679362723,0.41216076406866464,0.4792819713975437,0.7995588465912021,0.4324844181256519,0.5057573967900404,0.5232407917018431,0.4591353100669509,0.5870879316145262,0.6265400899604429,0.5602833149034518,0.5615884518294233,0.5121008874720593,0.6124940047967369,0.0,0.42416197668480793,0.4820722963781125,0.5430238532709619,0.3799119258392863,0.48655668852828726,0.43227748119149917,0.41822168201407545,0.402052823291503,0.4836756003192968,0.6208867503343715,0.4917836672941894,0.37404661735006933,0.5084947694008078,0.5456824416243883,0.5735354637453204,0.5184208338113355,0.5561910987004633,0.40491206227184445,0.5443199282036315,0.42405733260061496,0.6265999466476946,0.6946982431553779,0.46681803880842887,0.7017584062274451,0.5204946815407336,0.5307389798959518,0.47314217483641874,0.5064177873352161,0.5189036805455818,0.6060522802991286,0.6007488537535808,0.5231704561161227,0.6869952325270443,0.45023348785420036,0.4643543217363752,0.45768716361339795,0.44254006434024173,0.5644414056036481,0.516831763161957,0.3655111626841534,0.44680912456840016,0.44428203193292143,0.4601072206856399,0.5856016926528456,0.5363343753597611,0.5831361490592305,0.7782751103644123,0.3679996984251793,0.43737313449677273,0.38642486983094465,0.5048721335078088,0.49719803187893125,0.4541241949906467,0.45036538646261387,0.5324121623832747,0.44798925474202583,0.5535700053604974,0.5303989113259338
DEU,0.6395728264222527,0.4618120957329552,0.5574094989090336,0.49321671928700733,0.41770459029637347,0.42526260488695034,0.575997951085779,0.5098219121686977,0.4835230113869765,0.5051539121463093,0.8215582154162626,0.45659244249379005,0.48679544638113265,0.5126864950555398,0.5322994372762343,0.5875873788273911,0.6681430308906803,0.6096619651220548,0.5676580136235416,0.5523337857328628,0.6142516539872664,0.42416197668480793,0.0,0.45291050851485976,0.595588956365115,0.41460088265689826,0.5246412433264797,0.45066737866459033,0.39230543794670486,0.39775872368597004,0.46628732553932967,0.611652735630715,0.5267551754333334,0.45471712209862436,0.565759754218058,0.5949654722639077,0.5829485899707074,0.5354105333224086,0.49537186367521513,0.3922109043118168,0.625466439412304,0.4459944373945166,0.675176226813221,0.7680036711639004,0.4671277853736893,0.7663355668816165,0.5828801409761865,0.564359137549986,0.5417569394481958,0.5483470458102064,0.5453308379600027,0.635528927901891,0.6386268548430368,0.5827772394303116,0.7079004883901774,0.4075292802357514,0.45381689837580497,0.47852878692243384,0.5224009241490165,0.5823886213062643,0.5755582099782879,0.47448600052202483,0.4759462362361244,0.544195143636456,0.5168838631518039,0.6054214559745474,0.5770698791908851,0.5444516770265923,0.7914833937433029,0.46682683015852666,0.4511434548500242,0.42303329379265087,0.5281422333743967,0.552434597835742,0.5149548940679398,0.4603539684562467,0.6239039977860774,0.42430562062201915,0.6156093173493993,0.5755996485134116
DNK,0.6262228902893217,0.4927489082496527,0.5657430602950396,0.4975238707831386,0.450258676233728,0.4592235176603587,0.5697005289607907,0.5464067367097782,0.48664830015717575,0.5184667532392586,0.7982411074623263,0.477478333076212,0.502910732500945,0.5506024314196541,0.5773178326529166,0.60041543306006,0.6373339704473802,0.6118375584602261,0.579008512781429,0.5154846740993797,0.5312141460740493,0.4820722963781125,0.45291050851485976,0.0,0.5857481122400384,0.45829798911225905,0.5017402377645163,0.49020689324824485,0.4604049526658351,0.4305788215186084,0.47569000519539495,0.551487094552924,0.5122801946027733,0.47714792826638586,0.5395623679935819,0.6131589802851455,0.5754528829400332,0.5440904162604239,0.5059333110544704,0.4260478728293531,0.6100686346186874,0.48767603636647033,0.6592695377340813,0.7598557251257282,0.5047587970313643,0.7346052805914483,0.5776643319790719,0.5267077556362729,0.5468825088204153,0.5693869698338418,0.5813702047997791,0.6200576475160514,0.6345473431448753,0.5696195713264791,0.6761178329508186,0.40917615292558857,0.419528451019164,0.5077577947997687,0.5280015855962951,0.6067040665437788,0.5396629377255046,0.496035618112977,0.4808760007567206,0.5559028557124364,0.5357802079841824,0.5722266206288268,0.5840776878214522,0.5353464488369196,0.7721755117181354,0.5210414981485759,0.4859949532170723,0.46311641886633786,0.5305968534699127,0.5671523429429275,0.535573400728801,0.4716354821779939,0.6278930867224455,0.47194224940921115,0.6313308066151595,0.5803261495222181
EGY,0.6780485100466637,0.5359442136185416,0.5494275702761622,0.5652431426238544,0.5799346463722528,0.5650226992993987,0.5832256413563831,0.5974218227654072,0.5074343623256717,0.5607456508126689,0.7958277285422324,0.5743869589331881,0.6418982888429361,0.6101793195209735,0.5845199552984647,0.6757835296047414,0.6596386438343681,0.6181887083339979,0.630289523771814,0.6165760201536417,0.6290441047039295,0.5430238532709619,0.595588956365115,0.5857481122400384,0.0,0.54589300770975,0.609925831110769,0.5860018968419846,0.5954062084243682,0.5675654110771803,0.5793411073252104,0.7058979560048116,0.5891749503830681,0.5477322500526571,0.5828162413865521,0.6282138282165641,0.6950997451558296,0.6107117908776468,0.6239233315760744,0.5650780726617548,0.55747496328496,0.5724767683110167,0.624231157144477,0.7261986480297585,0.5564924304787093,0.7365471727150822,0.613190835598399,0.6794102803793469,0.5667178089932234,0.6027417598327813,0.616757909424256,0.7189757174853108,0.627320888962391,0.5597490676714849,0.7422106524590725,0.582472712067564,0.5585141330574066,0.5965830091225841,0.5344661207039095,0.5738511722198284,0.6178537989543753,0.5749663002497759,0.5888761202601284,0.5515570375526843,0.5388849106426475,0.5748903744207202,0.6476872214853802,0.6335116001008824,0.819739381893135,0.577820846583736,0.6075749824016604,0.575759106549847,0.571743136982105,0.5973473386358659,0.5807658252370682,0.5219310370812966,0.5878168252806635,0.5693318866268069,0.599811105837697,0.6115766684271988
ESP,0.6247313898551017,0.43073246506448054,0.5153540812148389,0.4249022521805529,0.3694417084713053,0.407599751170339,0.5469782191058702,0.46528343791295534,0.4124838574401225,0.446852799190702,0.8068407113966929,0.4274995646123105,0.4946986477287376,0.5251144860143201,0.5105283427136819,0.5647237577951965,0.6339968956599978,0.55198256345575,0.5433416232820861,0.5242856790057808,0.594887144868401,0.3799119258392863,0.41460088265689826,0.45829798911225905,0.54589300770975,0.0,0.5091169436777429,0.454812421745811,0.3942317557918896,0.4091846988887551,0.4338616487182135,0.6201690453295333,0.4899492846733802,0.39350095320436806,0.4979796521322538,0.5316547701184393,0.5268708431527389,0.4978338096582684,0.5270438254745984,0.3921895361025262,0.5616611946505682,0.42373764881264875,0.6404399790792535,0.7363132932789099,0.44162955296767953,0.7433240441519525,0.5239069757598517,0.5289517162612702,0.4925011111935231,0.4751218488462304,0.544728972062878,0.607139889349484,0.6068570992771296,0.5375317502538384,0.68035181552773,0.4395503423740642,0.4652029549659023,0.4680677826619201,0.4674119679958854,0.542985670218883,0.5160918552392976,0.426164702615163,0.41398529933505923,0.49977250803349216,0.49771139836813105,0.534102897486512,0.5368221329837456,0.5800063270941506,0.7567425706058946,0.42509445387135447,0.415481062156588,0.42421067664164164,0.47383200472114917,0.5090861505992325,0.45093425387917574,0.4200027844174099,0.5829182008229848,0.44745160585474375,0.591073952483903,0.516537580086635
EST,0.6242509317378405,0.5369193397155099,0.5917186216855219,0.5194184662716252,0.513985120765189,0.5216658339153948,0.5982551122987424,0.5955267684532903,0.520116833482818,0.581345174410535,0.8142013126070091,0.5351105844729606,0.5535081860745491,0.6004986973986216,0.6036690589489158,0.6280626865265946,0.6528869915082688,0.6285366940769465,0.6110213322431521,0.5510793557677525,0.5808047877138954,0.48655668852828726,0.5246412433264797,0.5017402377645163,0.609925831110769,0.5091169436777429,0.0,0.529921238900565,0.5343577527246837,0.4915440176484397,0.5700575565915146,0.6271289072982764,0.5219454102735891,0.500975813289227,0.5526711162258727,0.6267333646480335,0.59205364194205,0.5669828503924402,0.6083462117672304,0.5160200384536576,0.6059226330611076,0.556705215324679,0.6639012632712733,0.7575169974542842,0.591812196815796,0.7017520455056885,0.5113066145707089,0.5676997377764924,0.4969431422295438,0.5765172922419965,0.6108174210804392,0.6031512607948455,0.6638172743700803,0.5831726632772731,0.7091484310651519,0.49471414264474406,0.484894312831281,0.5283263003165386,0.5460203162745808,0.6288818434594482,0.5569635191666912,0.4989850989831551,0.5421338713220323,0.5434378943750505,0.5178930299760486,0.6156001256385573,0.5972580937377818,0.5904612353131092,0.7639362417129025,0.5035199858918865,0.5335161584500537,0.5198772617175221,0.5634823908667451,0.5721569471795614,0.542969747408417,0.5430376782154556,0.615818162321818,0.5596132041642091,0.6310802291888564,0.6336027738735405
FIN,0.6350797521178807,0.47563024993647784,0.5430548235744044,0.49067895208967505,0.43456030199213075,0.466982953964647,0.5745433454740347,0.5229770806728692,0.46700041855859364,0.5084797810873796,0.8000793997136687,0.45412725504644375,0.5246088356976226,0.5248887837369239,0.5414207970596137,0.5945733376378477,0.6705054069841934,0.590948169348247,0.5965219667270532,0.543022942825032,0.6189796198342168,0.43227748119149917,0.45066737866459033,0.49020689324824485,0.5860018968419846,0.454812421745811,0.529921238900565,0.0,0.45705638136357246,0.4634577521068795,0.5153001812590688,0.6224034514179626,0.5195366233648254,0.4473378690386847,0.5471763841944569,0.5800020792583191,0.595712229008527,0.5454698932030202,0.5617518544680161,0.47061941664908524,0.5898418057342052,0.4605067349394493,0.6596773516019179,0.72298601082735,0.4849158958184436,0.729902954290086,0.5570806383147268,0.5591433443587357,0.5092128893671477,0.5375472723774968,0.542364429344441,0.6352716588871506,0.6135549208056672,0.5774025474799516,0.6951893842879994,0.4717692289465059,0.4583048271147312,0.5115418380444544,0.490018658851527,0.5818569456736405,0.5620787207833378,0.45257069954427115,0.4629548980523238,0.5300524186515573,0.521966396804815,0.6174765550898059,0.5648193438479368,0.5777452113673914,0.7853464916120202,0.4757538157244486,0.46422844300703137,0.39989691835850205,0.5419731814705415,0.546522894687673,0.5080948805283562,0.4638903452383797,0.5847748782668375,0.47374180988131964,0.5953172306215787,0.558343311391558
FRA,0.5976635217097139,0.44101735953409776,0.5487460554371985,0.4451915255218271,0.3986038227385449,0.4096303712158647,0.5607432256322257,0.48401413619817646,0.4572444189069046,0.48221575714667086,0.8101042822059672,0.4331249167246958,0.4725134618190802,0.5139686051011648,0.5574204297091392,0.5534193953757612,0.6487069675053542,0.6210450307792633,0.5662696793935139,0.5244307483185888,0.5960255610362631,0.41822168201407545,0.39230543794670486,0.4604049526658351,0.5954062084243682,0.3942317557918896,0.5343577527246837,0.45705638136357246,0.0,0.3929067732165302,0.4451458038358222,0.5851349793003978,0.517695610398151,0.4232221596731041,0.5474180771839425,0.576879949825185,0.5417803068990813,0.5128380199471043,0.49317848467352327,0.3867626263087634,0.6128646819581711,0.4435509784342156,0.6537008995500252,0.7463668755171369,0.4734394697960773,0.7409802598427075,0.5521737310017952,0.5148335511967808,0.5132325107092773,0.4965404217999679,0.5494182100410814,0.5989145720044133,0.62050629489243,0.558689178279321,0.684772549639065,0.3930194078936418,0.46843532013614636,0.4465389678199063,0.4873222148909841,0.5572471282428295,0.5324363522850016,0.45519356489905355,0.43217083812408386,0.5301384981807484,0.4993656984231983,0.5970773864116673,0.5354110613678862,0.5493152735143684,0.7823082031027173,0.4302822507566668,0.4188058065914235,0.40514328070922057,0.5154021222037111,0.5322837071985673,0.4894476176961685,0.4545067262822924,0.5957933826363135,0.41681941145923146,0.6006050891340153,0.5513947849104751
GBR,0.5869495226250661,0.4455477093311305,0.513638476836479,0.4136762120112897,0.39328308672158446,0.4110230636902378,0.5271244128288963,0.5111093298938977,0.4399323529171727,0.45529689583053723,0.811517448567773,0.40909300266534016,0.46951400251757636,0.5153179905524846,0.511428694075344,0.5749951823934877,0.6085821127588243,0.5691889305886348,0.5417372604174097,0.5159596634386885,0.5984805143303422,0.402052823291503,0.39775872368597004,0.4305788215186084,0.5675654110771803,0.4091846988887551,0.4915440176484397,0.4634577521068795,0.3929067732165302,0.0,0.47636781718203314,0.5746677385807131,0.5032031111194797,0.45151221087198534,0.5271232781556294,0.578251129001126,0.5173661057795461,0.4937094148410691,0.4920693564762403,0.37891692775898644,0.5842369628522192,0.446744600828399,0.6087080049389461,0.7428518499594225,0.4724138824307339,0.7433033578685532,0.5540378252659282,0.5164035360052714,0.5342820037564728,0.5381725031053712,0.5081782207545794,0.6091231030053837,0.6084692390254337,0.5306668195736689,0.660599791087944,0.360435093590156,0.4201462823562046,0.4425872679036758,0.4860892363651924,0.5397935896801088,0.5277202782762587,0.4544143861105789,0.4491557465047726,0.4839316145755555,0.46890368409098543,0.5542726431511109,0.533071545247243,0.5397305413770435,0.7633795241753976,0.4456081486499506,0.4397740411672966,0.43355425573472084,0.5061626844678342,0.5145509774182767,0.4941182844724179,0.4385702419111187,0.5965555867618633,0.39349420927845913,0.5771159731585528,0.5591014444093941
GRC,0.6224025689898209,0.4883064744208997,0.5692457602184647,0.503272825339048,0.4364024572751917,0.4702062506793805,0.5720270576454872,0.49241273866120755,0.48259516281834725,0.5039250921274603,0.7935405959797577,0.48400004507917105,0.5179521003957785,0.5154176430165559,0.5809674690906736,0.5817017680141541,0.6509593363643329,0.6167316316266845,0.5920121473883775,0.5387803442533742,0.5718088051209668,0.4836756003192968,0.46628732553932967,0.47569000519539495,0.5793411073252104,0.4338616487182135,0.5700575565915146,0.5153001812590688,0.4451458038358222,0.47636781718203314,0.0,0.6282397987401954,0.4951225457500539,0.4755375138461808,0.5639178917837182,0.590911473260796,0.5846967610312089,0.5397479251447602,0.5206668412283636,0.45523467422859765,0.608308406131973,0.48830660993041974,0.6570496652550448,0.7543689844358299,0.4969219080976083,0.7584743028527412,0.5895228745140184,0.5620397881440334,0.5354401771266906,0.5300361830381729,0.5823028545525624,0.637915779061696,0.6343641663957347,0.5939008861877524,0.6918073643637037,0.47492391326686095,0.5105596857863357,0.5152851698222929,0.512914244252281,0.5825966408389432,0.5397866289128547,0.49612446328040444,0.469949619389543,0.5584756706453802,0.5015676050289285,0.6075033506556666,0.5560857435114493,0.5632937461568128,0.7724292477132702,0.504551698342787,0.5055360469336472,0.45970595843784834,0.5240359236284454,0.5540662710280251,0.48820866200099,0.4795759933064905,0.6353322614657733,0.46556272247085745,0.6213723812702759,0.5735189236186883
HKG,0.7002783305201057,0.6039955700000609,0.7254441103889054,0.6116017286322973,0.5745120970162645,0.578826371748311,0.6673785017315865,0.6836624148546581,0.6456984116456924,0.6591797080975305,0.8320451803482486,0.611589323321161,0.5981194816697409,0.6580612451463353,0.7367348735838041,0.6868590223319241,0.709359681444702,0.705691526074884,0.6889784615511582,0.5861401187123166,0.633030798334432,0.6208867503343715,0.611652735630715,0.551487094552924,0.7058979560048116,0.6201690453295333,0.6271289072982764,0.6224034514179626,0.5851349793003978,0.5746677385807131,0.6282397987401954,0.0,0.6640185428732301,0.6254175626043252,0.6531912920173111,0.7295381901315687,0.6471051788756828,0.6076978606350601,0.5931133405750255,0.6122492891591917,0.6902447061481675,0.6161507220168717,0.7112299510000796,0.806191374409423,0.6375550843426421,0.7475378566303296,0.657290303618961,0.5904632324145224,0.6483666564893652,0.6962304331710925,0.6660334269339462,0.6750577195270501,0.7660560824647282,0.6430294028215942,0.7320038160459695,0.5540570084831135,0.5740523860876777,0.6251568944800673,0.6661358910932578,0.7025832673445992,0.6148979828862198,0.624937016115217,0.597919323745238,0.6868235765159012,0.6415564421779079,0.6423136331230674,0.6813109828651651,0.5965011994219755,0.7706637410617899,0.6136645896366661,0.6113138075411525,0.6130818337433472,0.6514302034433002,0.6873282531922575,0.6646305479946718,0.6059473618042359,0.7274634020798852,0.588521179918411,0.726948140101524,0.6552101738254463
HRV,0.6069770423523481,0.4905895196594755,0.5620087596557731,0.5164830132705703,0.5026187792855371,0.507463320886565,0.5725439698249372,0.5515190657340107,0.48528684430444113,0.5358848036189563,0.7811048528231698,0.5121467551136621,0.5284714554584866,0.561828745954466,0.5696626366455168,0.6197753459278788,0.6582870983304012,0.6327676866155271,0.6116049513232291,0.5537719731189303,0.6016203572660086,0.4917836672941894,0.5267551754333334,0.5122801946027733,0.5891749503830681,0.4899492846733802,0.5219454102735891,0.5195366233648254,0.517695610398151,0.5032031111194797,0.4951225457500539,0.6640185428732301,0.0,0.47937606168525443,0.5435695822063846,0.5854454171916428,0.6056371595407765,0.5489608949767536,0.5712779314702956,0.4804885109971878,0.5903121716046926,0.5187354216620778,0.6494898798040477,0.7419116111714485,0.5471074750943741,0.7304203294613846,0.5610081811954686,0.588369173412038,0.5391486965613458,0.5657326869494078,0.6017862855889436,0.6501984895434703,0.6266661191835058,0.5903086184661073,0.7002224675603747,0.5187360150675674,0.4945796341474668,0.5175066397585297,0.5082505407510505,0.6057712866351551,0.5512212922201101,0.4939553230920906,0.5147278521158242,0.5435522495203132,0.5178200470877607,0.6090867704079,0.5947401381858038,0.579807943460364,0.7877499013320269,0.5044505079958516,0.511924272487302,0.5021073860503252,0.5295343015789011,0.5557368386099397,0.5461241358370778,0.5185589993679155,0.6169536417581979,0.525200346413498,0.606939577678385,0.609942587636263
HUN,0.5784417316428319,0.43992273195568204,0.508587053094638,0.46406774593369693,0.40761912971219477,0.43767675965925806,0.552776352861419,0.4436959752405017,0.39086583195771635,0.4615332907230448,0.7950992408841141,0.4305147108541636,0.5091280487635367,0.5128285938689511,0.4799070975025506,0.555644219290471,0.6375168247960589,0.5998222876584973,0.5391686097627456,0.5223124854534225,0.6163652901154398,0.37404661735006933,0.45471712209862436,0.47714792826638586,0.5477322500526571,0.39350095320436806,0.500975813289227,0.4473378690386847,0.4232221596731041,0.45151221087198534,0.4755375138461808,0.6254175626043252,0.47937606168525443,0.0,0.4898275177016979,0.5126207813810179,0.5753973643420818,0.5328047588061658,0.5316111552411666,0.42289410935558414,0.5433901192862052,0.43058946334971965,0.6283698143184531,0.7273468690582339,0.45638160238140435,0.6943777425564491,0.4766877523764403,0.5567630037816144,0.5047874188773592,0.4759511442278183,0.5048725945518783,0.602479571094708,0.5923924542291957,0.5318845500077107,0.6735146965074389,0.4749957758845682,0.48739357532961247,0.4791971416022414,0.4212601223858942,0.5526779440927622,0.49677566728260586,0.41967830997195477,0.4473567391220951,0.4828016317228979,0.46498949995086114,0.5891533790181672,0.548707663969652,0.5728120330191775,0.7710258360735605,0.41366624370637073,0.43505831878930773,0.41538792684182174,0.480386001805518,0.4977224362299535,0.44957181624402465,0.45598655867496923,0.5479943152291772,0.45312618294374774,0.5621045807979608,0.5273629941139146
IDN,0.6093832863879832,0.4684592902148492,0.5733914507859353,0.5075643318992753,0.5354974120793313,0.5449439721875504,0.6129794470602676,0.5704491736710703,0.45514715668146416,0.5174172958007555,0.7522326616570106,0.5285803224525927,0.5878082534188612,0.5752426241509662,0.5287947486224691,0.5830366008558342,0.5790775561926,0.6226647459503684,0.5579077809837909,0.5310945932063,0.6247436117634626,0.5084947694008078,0.565759754218058,0.5395623679935819,0.5828162413865521,0.4979796521322538,0.5526711162258727,0.5471763841944569,0.5474180771839425,0.5271232781556294,0.5639178917837182,0.6531912920173111,0.5435695822063846,0.4898275177016979,0.0,0.5607377428286693,0.6054852010978056,0.5788057368925579,0.6030330538960118,0.5382376558669544,0.5203593195325744,0.5214689879777376,0.6262901024430766,0.747842026949819,0.5585625466437525,0.6572139005792663,0.5515202048823122,0.5917744138029886,0.602255051534205,0.5417191579973638,0.5734218313517702,0.6579559549051973,0.5922742229174268,0.5008572923595994,0.6793977832388153,0.5534606760689404,0.5439020121055396,0.5383430441771521,0.5075398232919492,0.5697947895826291,0.4883788081761885,0.5013450607611744,0.5262573405182437,0.5445827744820954,0.5184058592455245,0.5627649455127895,0.6035096355340377,0.6018237735737046,0.7941221204122196,0.5435157492601217,0.5522720306270991,0.5388564557212968,0.472992292271307,0.5688130393163977,0.5286269565576317,0.49473842182426836,0.568120709719215,0.5499440526597332,0.565566643428903,0.5709068411329089
IND,0.6660754105560933,0.5341571151063244,0.5834127799416582,0.5586641201077731,0.5528193882224791,0.5742975065090856,0.6001132076568854,0.5505595698094601,0.5040265061195989,0.5514839638968463,0.8060799971730589,0.5608409663907905,0.6392804562722675,0.6387239576359824,0.5593208512765557,0.6137888980862436,0.6470163870734388,0.658716015414781,0.6293454852559751,0.6386355967238475,0.7013033528387751,0.5456824416243883,0.5949654722639077,0.6131589802851455,0.6282138282165641,0.5316547701184393,0.6267333646480335,0.5800020792583191,0.576879949825185,0.578251129001126,0.590911473260796,0.7295381901315687,0.5854454171916428,0.5126207813810179,0.5607377428286693,0.0,0.6448582712952371,0.6198827007694805,0.6217447082811636,0.5683899584365918,0.5949788801120459,0.5536280752788699,0.6758232139668879,0.7362093029939593,0.5800465333703873,0.7483974254015869,0.5940682314858732,0.6488971678610055,0.6271550668183017,0.5797284966404986,0.6061961332588436,0.6937820230356192,0.5972266138141605,0.6061896106764709,0.7410051224981442,0.6094938459163844,0.6039605898440313,0.6044838950626149,0.5133575916836413,0.6356679286045511,0.5851274899816937,0.560388856643275,0.5894791199369133,0.5693890438893714,0.55806913673146,0.6472799992736161,0.6318881482110692,0.6598292761231761,0.8096471708098973,0.5723393670635872,0.586198893719828,0.5725475252544114,0.5663947128714085,0.5848587685983375,0.5430992152482406,0.5723395651561708,0.6211746865737585,0.5897452784835753,0.6287555766672642,0.6140046477938145
IRL,0.6662614580783367,0.5584174098676407,0.6498186359937057,0.5477138897365239,0.5377029636894198,0.5663848525823593,0.6445438710828904,0.6070947624054818,0.6052638144993049,0.5897448339519221,0.8432958214221302,0.5822707496362661,0.5709159611106542,0.6159798045184125,0.6515028146641916,0.659347407001983,0.7208163566919511,0.6366721927234653,0.6315741078927153,0.6279718495988824,0.6551087130504187,0.5735354637453204,0.5829485899707074,0.5754528829400332,0.6950997451558296,0.5268708431527389,0.59205364194205,0.595712229008527,0.5417803068990813,0.5173661057795461,0.5846967610312089,0.6471051788756828,0.6056371595407765,0.5753973643420818,0.6054852010978056,0.6448582712952371,0.0,0.5642597928533497,0.6015954585632333,0.575093661036492,0.6996975385596341,0.591384274209752,0.7112734915139203,0.7849588310494588,0.6194754362282928,0.7591737936088468,0.6370392468741227,0.5819243620742383,0.6272530384763112,0.622594559303928,0.6684482386292224,0.6493671194472597,0.6751911516624598,0.6611681360771356,0.7210019763278763,0.5505466772243947,0.576954514923098,0.5570300280136512,0.6133377219609213,0.6186270387535804,0.6305651868906335,0.5784455924119971,0.5406205006621111,0.6263543250555103,0.6365535922386251,0.6603279747612736,0.6515803811337845,0.6393569671364405,0.7374727501018472,0.5894075541381336,0.558729882888567,0.5707784246838169,0.6264873133359719,0.6249705045598329,0.5990900638433575,0.5950718819116355,0.7078413808347727,0.5654306445982095,0.6932674941272837,0.6314004098152508
ISL,0.6370577452359677,0.5390657258324828,0.6117219963692715,0.5256408195867769,0.510156820277028,0.5286056255914781,0.5548758207617746,0.5537051230024104,0.5120741437733316,0.5679451510821293,0.8385555940575118,0.5420953066208885,0.5538183701916473,0.6097248164222618,0.6220761006579838,0.6477973819007019,0.7017514499051244,0.6173500418712093,0.6362783348689733,0.5609570912572022,0.5878945054497141,0.5184208338113355,0.5354105333224086,0.5440904162604239,0.6107117908776468,0.4978338096582684,0.5669828503924402,0.5454698932030202,0.5128380199471043,0.4937094148410691,0.5397479251447602,0.6076978606350601,0.5489608949767536,0.5328047588061658,0.5788057368925579,0.6198827007694805,0.5642597928533497,0.0,0.6158818415825102,0.5249416918144364,0.6263093524154607,0.5457010398864154,0.6406560137542944,0.7571300494169616,0.5673172912908624,0.7394198796788011,0.586237837279314,0.5671015900975783,0.5566161987622695,0.5929614441883663,0.6342427922308315,0.6149823160700476,0.6467862107252446,0.6032420628022552,0.7135478396603551,0.5371924008566353,0.5217472622139645,0.5442058336416805,0.510354487593095,0.6063351524045125,0.5861277331713555,0.5461090606168569,0.547306405240503,0.5884477098511415,0.5661949888905335,0.6389802522553854,0.6139339962580008,0.6016248489864502,0.7510696063125496,0.523247583417928,0.5532780980762573,0.5383154907213414,0.5733774202341593,0.5771174158062343,0.5440197068297323,0.5420949794631206,0.640904452838004,0.5421411947470035,0.629814380701798,0.6449937075946882
ISR,0.6558931631410997,0.5298612993337101,0.6019383707062894,0.5601127538661325,0.49726331802213003,0.4913258748096012,0.6289923860950332,0.5806113654927493,0.5739814185533398,0.5374709770439275,0.8102631636165952,0.5328350288800285,0.5370826641323839,0.536088208226348,0.6243553702186743,0.6156906338891368,0.6726689431570271,0.6615020282220949,0.6260772570172856,0.5805979644396871,0.6537037691675138,0.5561910987004633,0.49537186367521513,0.5059333110544704,0.6239233315760744,0.5270438254745984,0.6083462117672304,0.5617518544680161,0.49317848467352327,0.4920693564762403,0.5206668412283636,0.5931133405750255,0.5712779314702956,0.5316111552411666,0.6030330538960118,0.6217447082811636,0.6015954585632333,0.6158818415825102,0.0,0.49906358449232596,0.6414766016010031,0.5463458136137549,0.6793141808299589,0.7794862919482073,0.5356344221022435,0.7944496239124091,0.6347562271373223,0.5815449519677808,0.6310867053794095,0.5979382213020851,0.5770021564800755,0.6732221854529804,0.6802576439657866,0.6016739650940304,0.7143342055660887,0.4663469341200888,0.5398295376657479,0.5397190967576417,0.5993417585263899,0.604566172559112,0.6023748188750414,0.5715260143935726,0.5208555347099196,0.6183078869752773,0.5650388847567903,0.5976268005886335,0.6173482981934395,0.5300776909384215,0.7941478937577735,0.5770444040109401,0.543681839545739,0.5242683436442704,0.5793160636921897,0.6224077217200509,0.5908877453127115,0.5249120777112899,0.6632811686380928,0.49401804462980203,0.6745981271814359,0.6064137001650018
ITA,0.6113823467212479,0.44084638256885195,0.5313686496483372,0.45373515282384475,0.40382480414387034,0.41173963308005396,0.5389917861492313,0.5109076640324544,0.43735782203158513,0.4730928417027058,0.8072699591210819,0.44057252627204607,0.4839630686981917,0.5157937299612045,0.5054180597143753,0.5732993780707236,0.6370947862991038,0.5886071745372243,0.55177954750784,0.5372328058105952,0.5878326786276364,0.40491206227184445,0.3922109043118168,0.4260478728293531,0.5650780726617548,0.3921895361025262,0.5160200384536576,0.47061941664908524,0.3867626263087634,0.37891692775898644,0.45523467422859765,0.6122492891591917,0.4804885109971878,0.42289410935558414,0.5382376558669544,0.5683899584365918,0.575093661036492,0.5249416918144364,0.49906358449232596,0.0,0.5936391503305749,0.43951203500837455,0.638139096848664,0.7542430098219935,0.462843598605447,0.7595567235026647,0.5593186883907121,0.5253676075669231,0.5191763299684121,0.5160410007804733,0.5149480218395279,0.6137723535388676,0.6086240775231571,0.5602062782818465,0.6762617281414531,0.41465935141579174,0.4502476594500151,0.4664032808630298,0.49116007232381526,0.5676965608167779,0.5396055599677194,0.4554247401613356,0.4466444389355087,0.5178477956877817,0.48924232519627747,0.5641991986814111,0.5465190670815662,0.5461843038380813,0.7928948768515753,0.4392453955947174,0.4434873268986038,0.4071458318964024,0.5040544467863274,0.5268178141857653,0.48415078845789733,0.44943704633228404,0.6003337515728573,0.4279928371117346,0.6014417243318944,0.5608674057059857
JOR,0.6739985199376826,0.5204025559071582,0.5909857059886234,0.5797382430783861,0.5881128568485187,0.5970673152742944,0.6240690477691426,0.6163680841727724,0.48296658276906324,0.5740576090906148,0.7793193425329333,0.5782619186427638,0.6632872915973949,0.638596743962795,0.5761390933341339,0.6473899743686082,0.6489585743656171,0.6525369016262633,0.6228462157422393,0.616578414595716,0.6488356735698994,0.5443199282036315,0.625466439412304,0.6100686346186874,0.55747496328496,0.5616611946505682,0.6059226330611076,0.5898418057342052,0.6128646819581711,0.5842369628522192,0.608308406131973,0.6902447061481675,0.5903121716046926,0.5433901192862052,0.5203593195325744,0.5949788801120459,0.6996975385596341,0.6263093524154607,0.6414766016010031,0.5936391503305749,0.0,0.5673603459546761,0.6590850498081208,0.7724018613537483,0.5857407884957043,0.6853943300833579,0.5843428504750167,0.6520079771302447,0.6004238184030606,0.5906931664594044,0.6238402778913217,0.6801911254839567,0.674646652641258,0.550231573360591,0.7443084191386548,0.6119731739650415,0.5906063394945777,0.606769812530607,0.5705660600147536,0.6048091213159036,0.570448962691624,0.5553006733043523,0.6132368135917249,0.560561666235293,0.5281428025242336,0.6229268927561226,0.6373077707661513,0.6559378085282652,0.819962943272369,0.5713498970780466,0.6172861202811052,0.5943336780620594,0.5416801316951481,0.6229303612894043,0.5646047803066594,0.5355650424239953,0.6002068035666644,0.6088996450512955,0.6071653239414649,0.6223775327713802
JPN,0.6404917614811801,0.4577595131177533,0.5382448633247284,0.47435810738258577,0.44161536907899024,0.47367267478329084,0.558732969454302,0.519287755134509,0.43175771346946973,0.4846400872877162,0.8005343480295027,0.442154913333115,0.5235271669480501,0.5253886696417855,0.5005290400703263,0.5568960837368597,0.6367969817062696,0.6012923865209325,0.563706106081168,0.5294434417333317,0.6188367224481444,0.42405733260061496,0.4459944373945166,0.48767603636647033,0.5724767683110167,0.42373764881264875,0.556705215324679,0.4605067349394493,0.4435509784342156,0.446744600828399,0.48830660993041974,0.6161507220168717,0.5187354216620778,0.43058946334971965,0.5214689879777376,0.5536280752788699,0.591384274209752,0.5457010398864154,0.5463458136137549,0.43951203500837455,0.5673603459546761,0.0,0.6399778700024935,0.731322808442852,0.4394554291414098,0.7338964524308011,0.554290542713327,0.5720260687383222,0.5309413538349964,0.5133030210282772,0.5242753205748003,0.6207765376382726,0.6186109175512448,0.5670802437229389,0.7033618595131895,0.483448893626302,0.48799558587951053,0.5195509368328731,0.48814428666753346,0.5723789328742257,0.5292188847102637,0.4502072366411555,0.4674869642504301,0.5019284255201435,0.5020928029369061,0.5897180703316656,0.558761250551778,0.5716538245076801,0.7857655815162247,0.4581238749588009,0.46049939299866594,0.4315347148206929,0.48848305116253704,0.539130162303021,0.48223035834469496,0.42414956124261644,0.5940978775762977,0.46903011799375477,0.5658445722265222,0.5483755695610114
KAZ,0.68783075431082,0.6093831014776566,0.6096531140260935,0.581653349567474,0.6373164996053754,0.6392215498162325,0.5972636244585081,0.6413997679418024,0.6343027354650908,0.6298903869336884,0.7994922929399005,0.6155895153387303,0.6671310393492356,0.6472948506104571,0.6780043061441012,0.7036991968748981,0.6572103944855098,0.5984051489086365,0.6683514342309821,0.6220332993787909,0.7173304321000371,0.6265999466476946,0.675176226813221,0.6592695377340813,0.624231157144477,0.6404399790792535,0.6639012632712733,0.6596773516019179,0.6537008995500252,0.6087080049389461,0.6570496652550448,0.7112299510000796,0.6494898798040477,0.6283698143184531,0.6262901024430766,0.6758232139668879,0.7112734915139203,0.6406560137542944,0.6793141808299589,0.638139096848664,0.6590850498081208,0.6399778700024935,0.0,0.7462916653216309,0.6941271580413741,0.7145257329520718,0.6680552283461086,0.6831954491164833,0.6581953857500535,0.6609045987775323,0.6121600808684369,0.7555696999713084,0.6555681717694805,0.626453162133588,0.704221716432149,0.6350699453160398,0.6265181630723308,0.6344074469579459,0.6165510515886687,0.5903635595186326,0.6300208653437902,0.6190008732517084,0.6466657873701278,0.6660962452766305,0.5507015818127924,0.5660577797514807,0.6791155058406009,0.7179403419814203,0.8213618785917519,0.6419305386640716,0.6663028485496276,0.646506967993164,0.6537750331306288,0.6690679210350795,0.6422185426150443,0.655486942370931,0.6391157863538589,0.6245868939773179,0.6764221234876395,0.6694755494421157
KHM,0.7672498257882818,0.7396470654873772,0.7175650097381276,0.7207695839213335,0.7288584439416855,0.7401212309845061,0.6588243794757473,0.6790224786392078,0.7376088290119106,0.7466254547186874,0.8464283835971669,0.7370466369540016,0.7639946380475318,0.7533365147234146,0.7476171208266879,0.7843429922255374,0.7771360117282765,0.7068092019111826,0.8016007957384593,0.7330890043719076,0.791314357248681,0.6946982431553779,0.7680036711639004,0.7598557251257282,0.7261986480297585,0.7363132932789099,0.7575169974542842,0.72298601082735,0.7463668755171369,0.7428518499594225,0.7543689844358299,0.806191374409423,0.7419116111714485,0.7273468690582339,0.747842026949819,0.7362093029939593,0.7849588310494588,0.7571300494169616,0.7794862919482073,0.7542430098219935,0.7724018613537483,0.731322808442852,0.7462916653216309,0.0,0.7590604971656076,0.7692739751719824,0.7479350294357906,0.769428826649403,0.710181991736121,0.7321611726093853,0.7597336882709411,0.825633089893538,0.6593739482529175,0.751791403043161,0.8142761446374988,0.7544956875981688,0.7494499769006177,0.7483619109743715,0.6519752166245477,0.7475181770794324,0.7364323209842286,0.6965781817703737,0.7294934591374359,0.7046810291697027,0.7308331493148073,0.768953736578095,0.7346497565430187,0.8018217190776651,0.858775795822862,0.6925568464915784,0.7326418238678005,0.7355248868278602,0.7530043614642601,0.7166460549315012,0.7296683267380852,0.7460890502822718,0.6643712485501098,0.7626528751297724,0.7383523703006892,0.7537046185982469
KOR,0.6428738045493202,0.47225474423002695,0.5643187219963226,0.5368592767335569,0.45652193557147175,0.4728339938012634,0.5751699255089043,0.5208425652429564,0.4314153402514543,0.4792533699040366,0.8205850268233584,0.47314605804397325,0.561640127466931,0.5295685793964119,0.5006238190524845,0.6094533265835674,0.6668387092050149,0.6308501632608615,0.5780568345190672,0.5676601884992732,0.6047626382833429,0.46681803880842887,0.4671277853736893,0.5047587970313643,0.5564924304787093,0.44162955296767953,0.591812196815796,0.4849158958184436,0.4734394697960773,0.4724138824307339,0.4969219080976083,0.6375550843426421,0.5471074750943741,0.45638160238140435,0.5585625466437525,0.5800465333703873,0.6194754362282928,0.5673172912908624,0.5356344221022435,0.462843598605447,0.5857407884957043,0.4394554291414098,0.6941271580413741,0.7590604971656076,0.0,0.7715482356103279,0.5803990949581816,0.5985084918195123,0.5635200619757758,0.5387548482956668,0.5254745071449314,0.6372094777225008,0.6149616325992735,0.5697179737299192,0.7167656693256126,0.49766031471245775,0.49606173273134313,0.5333814337839213,0.4925344213748826,0.5955980129592057,0.55833094867657,0.4949278286458631,0.49311880925314483,0.5105145994316775,0.536383357793363,0.609262045308524,0.5729524349625679,0.5570251625695334,0.7953068041720434,0.5040294075723292,0.5036247956212556,0.47093658481961853,0.4793840045550307,0.5408158626217732,0.5001116203310078,0.4021106379150198,0.5979598587745498,0.4818669233163723,0.5978190855258773,0.5693194395234394
LAO,0.6925578286710691,0.6981110093845965,0.7302239166831784,0.7263853422731552,0.7212196326290681,0.7501686866181632,0.7231923214621953,0.7068522490741694,0.7050490304693455,0.7358853555804531,0.7606492804192289,0.7292371305903393,0.7528136329873583,0.6931020580907679,0.7309263790524387,0.7114145443479587,0.7345551784054549,0.7486270765623128,0.706913077782567,0.7001902084507802,0.7588095273611302,0.7017584062274451,0.7663355668816165,0.7346052805914483,0.7365471727150822,0.7433240441519525,0.7017520455056885,0.729902954290086,0.7409802598427075,0.7433033578685532,0.7584743028527412,0.7475378566303296,0.7304203294613846,0.6943777425564491,0.6572139005792663,0.7483974254015869,0.7591737936088468,0.7394198796788011,0.7944496239124091,0.7595567235026647,0.6853943300833579,0.7338964524308011,0.7145257329520718,0.7692739751719824,0.7715482356103279,0.0,0.6779826203963866,0.7491246116917939,0.7494744452195446,0.7197569734769962,0.7428417025275222,0.7713741554541853,0.7150234405805925,0.7046654902737018,0.7692994028528458,0.7477832288897042,0.7316344344989123,0.7039141693471088,0.6720825022182493,0.6936204926751689,0.6747196646754854,0.6581496835904959,0.7415019050725928,0.7080050137033975,0.6762592720490651,0.7561656658903821,0.7623624740982067,0.7977441088316614,0.8363340403994606,0.710204235189748,0.7402176230747505,0.7332480783672732,0.7109088255654205,0.7234172553478693,0.709252215659904,0.7316178068163912,0.687853356179783,0.751991844950297,0.6965722891689313,0.7289824186953037
LTU,0.6419476422787083,0.5788634571223787,0.5925587905241954,0.5625287294376572,0.5337846729979125,0.5551507620757439,0.6245372169415875,0.5625705169549047,0.4996627266294713,0.5520888017681213,0.805546088833247,0.5664474329031538,0.5851716826441606,0.6029529776923856,0.6016003747667467,0.6247733031267347,0.6553115471590341,0.6811329609068738,0.5892209378255913,0.539216113632325,0.6371825471629609,0.5204946815407336,0.5828801409761865,0.5776643319790719,0.613190835598399,0.5239069757598517,0.5113066145707089,0.5570806383147268,0.5521737310017952,0.5540378252659282,0.5895228745140184,0.657290303618961,0.5610081811954686,0.4766877523764403,0.5515202048823122,0.5940682314858732,0.6370392468741227,0.586237837279314,0.6347562271373223,0.5593186883907121,0.5843428504750167,0.554290542713327,0.6680552283461086,0.7479350294357906,0.5803990949581816,0.6779826203963866,0.0,0.6200310340222224,0.5430224128331661,0.5814318058986113,0.6205219768101605,0.6471337272770861,0.6333930083663868,0.586650424816345,0.6960752257310124,0.5648510111189701,0.565377443170864,0.5681762668445672,0.4929346095615107,0.6335566959959271,0.5282592285596371,0.5058389582665999,0.5606851909724877,0.5507299339111863,0.5429164703949126,0.635531071051065,0.5913211074088761,0.6281053652401386,0.7637732205585445,0.5057074336342671,0.5369987723067905,0.5516393538874497,0.5533867402055381,0.5873081139811354,0.5456865720355903,0.5486466758252774,0.561626238641297,0.5973575787545092,0.6123959484961513,0.6091427019669835
LUX,0.667091492599425,0.5644046512104443,0.6308358874049816,0.5343858249258964,0.5166693901757435,0.5324770665607894,0.6126449962205015,0.6082684471347414,0.570172350908074,0.586673898587722,0.8448876015507165,0.5546346143879194,0.537752649492073,0.624941892010361,0.6472831265417796,0.6416211873979615,0.6847688478956817,0.6326269409395546,0.6426864641029039,0.5604026148772779,0.6034050936944214,0.5307389798959518,0.564359137549986,0.5267077556362729,0.6794102803793469,0.5289517162612702,0.5676997377764924,0.5591433443587357,0.5148335511967808,0.5164035360052714,0.5620397881440334,0.5904632324145224,0.588369173412038,0.5567630037816144,0.5917744138029886,0.6488971678610055,0.5819243620742383,0.5671015900975783,0.5815449519677808,0.5253676075669231,0.6520079771302447,0.5720260687383222,0.6831954491164833,0.769428826649403,0.5985084918195123,0.7491246116917939,0.6200310340222224,0.0,0.5872646301521548,0.6138143182647263,0.6146955287352431,0.6269023573044363,0.6745292959996283,0.6202500626809135,0.6707411454649166,0.5180023928887528,0.559229927518461,0.5532040416903109,0.5906581456666637,0.6456061554156757,0.5939205319701045,0.5505353912599626,0.533331770774582,0.6205184483089751,0.600571828072144,0.6322228512981152,0.615722740987844,0.614969306399894,0.7906321403467275,0.5700915917105368,0.5509450050019568,0.5517337200140402,0.6054509202495815,0.6170657408017749,0.5913477219202767,0.5676136347109006,0.6858199946325282,0.549603233981039,0.6820994392580476,0.6506677834106508
LVA,0.6985675676174529,0.5473882648367256,0.5868928974350389,0.5230317521577165,0.5148022165982657,0.4997639708436305,0.5707013507732079,0.5606621100583044,0.5197867582686906,0.5787050643635536,0.8315880481266983,0.5498338062767291,0.571802468127942,0.6158725190473302,0.6123599503356878,0.6297941359748487,0.6751051821071972,0.6131138807514149,0.651175562184328,0.5855054110837259,0.5796747573145399,0.47314217483641874,0.5417569394481958,0.5468825088204153,0.5667178089932234,0.4925011111935231,0.4969431422295438,0.5092128893671477,0.5132325107092773,0.5342820037564728,0.5354401771266906,0.6483666564893652,0.5391486965613458,0.5047874188773592,0.602255051534205,0.6271550668183017,0.6272530384763112,0.5566161987622695,0.6310867053794095,0.5191763299684121,0.6004238184030606,0.5309413538349964,0.6581953857500535,0.710181991736121,0.5635200619757758,0.7494744452195446,0.5430224128331661,0.5872646301521548,0.0,0.5882528530976928,0.6406701351975045,0.6118571888165067,0.6635850156532601,0.6012234978625435,0.7227632846123779,0.5407757817275026,0.531253049336191,0.5647736105070127,0.5394617988741265,0.6206852313415216,0.5867271760981955,0.49813330158772057,0.5342880583988374,0.5540827637976513,0.5258712732543895,0.6403450464106873,0.5673885434883704,0.6257885947521193,0.7624042078612197,0.47507917882401335,0.5269661624452222,0.4908032864379942,0.589098405915498,0.5697157511383594,0.5390972023827467,0.546443318703977,0.6022232713362431,0.578587376040123,0.6281334852339058,0.615835538489088
MAR,0.6293193977283061,0.48421001354338966,0.55933563035756,0.5312979573276275,0.5118784152856676,0.5256160230830046,0.5896286470508583,0.5260900966637466,0.49244475274687216,0.5026934795119428,0.7756807511015418,0.5244129872635822,0.5914151302181611,0.5533140093241249,0.5512856632152814,0.5931052542818791,0.6676645173455834,0.6124290076611962,0.6056467095033865,0.5884781030758596,0.6508958762876682,0.5064177873352161,0.5483470458102064,0.5693869698338418,0.6027417598327813,0.4751218488462304,0.5765172922419965,0.5375472723774968,0.4965404217999679,0.5381725031053712,0.5300361830381729,0.6962304331710925,0.5657326869494078,0.4759511442278183,0.5417191579973638,0.5797284966404986,0.622594559303928,0.5929614441883663,0.5979382213020851,0.5160410007804733,0.5906931664594044,0.5133030210282772,0.6609045987775323,0.7321611726093853,0.5387548482956668,0.7197569734769962,0.5814318058986113,0.6138143182647263,0.5882528530976928,0.0,0.5713622392461813,0.6706424779156756,0.6330676748256359,0.5510975153698718,0.7420970247611106,0.5543091427602546,0.5763646957000632,0.5624581530617914,0.522593716727511,0.5887451913521353,0.530936009267279,0.5007479510892183,0.5106132525941373,0.574169050384329,0.5301505656524148,0.6133147807466459,0.587976358126153,0.6255925693655355,0.8070757756310907,0.52732360986197,0.5501629287428472,0.5119201576339356,0.5239870955148905,0.5702194168001111,0.5084937209648499,0.51340671955454,0.6014827813279063,0.5384192062418842,0.6106441810838588,0.5782453434158427
MEX,0.627949917806117,0.5308941813223591,0.5333453006709651,0.5455802879222447,0.5326124083721231,0.5481888706728218,0.6005509841161222,0.5750896161410319,0.5194148107500948,0.53657185766243,0.8111483390237406,0.5033236403944411,0.5828286598480438,0.5530340103267032,0.5292660409679301,0.6203478856972737,0.6552365587215989,0.6169565310111766,0.5966313658029722,0.5645524299626489,0.68171360920058,0.5189036805455818,0.5453308379600027,0.5813702047997791,0.616757909424256,0.544728972062878,0.6108174210804392,0.542364429344441,0.5494182100410814,0.5081782207545794,0.5823028545525624,0.6660334269339462,0.6017862855889436,0.5048725945518783,0.5734218313517702,0.6061961332588436,0.6684482386292224,0.6342427922308315,0.5770021564800755,0.5149480218395279,0.6238402778913217,0.5242753205748003,0.6121600808684369,0.7597336882709411,0.5254745071449314,0.7428417025275222,0.6205219768101605,0.6146955287352431,0.6406701351975045,0.5713622392461813,0.0,0.6674755705837514,0.6278207544164705,0.5922158988393218,0.7097680039785262,0.5441821282160765,0.5491822241396764,0.5819298628091111,0.5438249809086007,0.5952421973428945,0.5721341278136044,0.5320676317737657,0.5492394602931326,0.5822631131764958,0.5452326706185598,0.585529934697627,0.5960574410833435,0.6298625690163634,0.8380787272899515,0.5878156676576873,0.5780679440679671,0.5186888391980773,0.5643330305946558,0.6080245193886552,0.5433824083447023,0.5226893157334424,0.6118906460805509,0.5039348538726154,0.6109705614072748,0.6164081827506501
MLT,0.7000045689031337,0.6136087929043694,0.69713568863501,0.6392733322099396,0.6233278776383504,0.5929728139750989,0.6951912938973936,0.6721393041214996,0.6189481139482459,0.6488434634981084,0.8817759158937173,0.6363626585881031,0.5935485261114595,0.6790457523682529,0.6614423947192225,0.6704797967058498,0.7419764798581201,0.7517287360486996,0.6862245745496968,0.6562264796992573,0.6516992570146662,0.6060522802991286,0.635528927901891,0.6200576475160514,0.7189757174853108,0.607139889349484,0.6031512607948455,0.6352716588871506,0.5989145720044133,0.6091231030053837,0.637915779061696,0.6750577195270501,0.6501984895434703,0.602479571094708,0.6579559549051973,0.6937820230356192,0.6493671194472597,0.6149823160700476,0.6732221854529804,0.6137723535388676,0.6801911254839567,0.6207765376382726,0.7555696999713084,0.825633089893538,0.6372094777225008,0.7713741554541853,0.6471337272770861,0.6269023573044363,0.6118571888165067,0.6706424779156756,0.6674755705837514,0.0,0.7558132037304854,0.6708128394281547,0.7818827506798142,0.6154204064135602,0.6395259845141377,0.6530483016455778,0.6572620085277016,0.7119183952855622,0.6322301905753107,0.6138053774441702,0.6146438238764771,0.6730566131025095,0.6323240846460676,0.715109640008048,0.6581738642307692,0.6633336695778974,0.8123380765753613,0.6113549483971835,0.618793607941899,0.6167769992076112,0.6526281840930895,0.6526369950060296,0.6217776196019459,0.618141596411895,0.7228602601540854,0.6493135918814958,0.6591013548800866,0.7140041474571714
MMR,0.6846851067929721,0.5928494289809942,0.5945374337671422,0.5689548083145288,0.6099009007985431,0.6423212832111717,0.5325316281623046,0.5457526391148894,0.5270809005895786,0.6099791861094689,0.8004977816516567,0.6071015046957593,0.6782740793627482,0.6144625604558742,0.588406833475535,0.6909027956462113,0.696502155026643,0.6275996225573035,0.651089733942742,0.6415693327804767,0.6976232584557734,0.6007488537535808,0.6386268548430368,0.6345473431448753,0.627320888962391,0.6068570992771296,0.6638172743700803,0.6135549208056672,0.62050629489243,0.6084692390254337,0.6343641663957347,0.7660560824647282,0.6266661191835058,0.5923924542291957,0.5922742229174268,0.5972266138141605,0.6751911516624598,0.6467862107252446,0.6802576439657866,0.6086240775231571,0.674646652641258,0.6186109175512448,0.6555681717694805,0.6593739482529175,0.6149616325992735,0.7150234405805925,0.6333930083663868,0.6745292959996283,0.6635850156532601,0.6330676748256359,0.6278207544164705,0.7558132037304854,0.0,0.6593752825629631,0.7125828396005497,0.6349241595496043,0.6123680739556343,0.6025927440450897,0.3647634608196625,0.6175735243040499,0.650751446196199,0.5914206166600446,0.6237020917853334,0.5991683119729443,0.6355463680292898,0.6630727643026866,0.662235843139429,0.7043385820622673,0.840116315244752,0.6409062438649045,0.6256002063605227,0.6182878706337525,0.6153862960454078,0.5994365665604168,0.6080908108912698,0.60578684059374,0.5895646005553994,0.6169802905069849,0.6372994508830744,0.673608411850163
MYS,0.63563356645716,0.5157103862081494,0.58421322460011,0.5376728867782748,0.5488400026191491,0.5582105034360979,0.6040639025889832,0.5925249031439377,0.5072682695536348,0.5437965417850454,0.767660555263678,0.543156832470915,0.6083947333869167,0.6171885828825864,0.565073214066113,0.6415220427387777,0.6124175346698459,0.6385423299462305,0.5723537443633454,0.5618657502486375,0.6381065472523575,0.5231704561161227,0.5827772394303116,0.5696195713264791,0.5597490676714849,0.5375317502538384,0.5831726632772731,0.5774025474799516,0.558689178279321,0.5306668195736689,0.5939008861877524,0.6430294028215942,0.5903086184661073,0.5318845500077107,0.5008572923595994,0.6061896106764709,0.6611681360771356,0.6032420628022552,0.6016739650940304,0.5602062782818465,0.550231573360591,0.5670802437229389,0.626453162133588,0.751791403043161,0.5697179737299192,0.7046654902737018,0.586650424816345,0.6202500626809135,0.6012234978625435,0.5510975153698718,0.5922158988393218,0.6708128394281547,0.6593752825629631,0.0,0.7174491510562011,0.5556971327603284,0.5485165722078165,0.5860124082336824,0.5509727768292784,0.6111589515669461,0.5139647472580194,0.5365559452460207,0.5775600507692206,0.5681822333469072,0.5078054699792992,0.5443522405100957,0.6292537196408755,0.6110995509360401,0.7988400562442376,0.5442692278499011,0.5934484624126082,0.5640899556211653,0.5064959865921256,0.6140135535364916,0.5645550001383266,0.5064314903546399,0.590741630652256,0.5503685622789354,0.5739241247886293,0.568941685779159
NGA,0.7401159360985182,0.7149827310178309,0.716490866238017,0.6404612417624668,0.676585850204075,0.6968682143281366,0.684475904469208,0.7122905520961128,0.679544211172814,0.6845735417989327,0.8592045584978042,0.6620245335837038,0.7033426621134997,0.7121701765232579,0.7107620629051237,0.7370332591785093,0.692342475106082,0.7403589712839154,0.7072317679253122,0.641490708859608,0.7420260583282928,0.6869952325270443,0.7079004883901774,0.6761178329508186,0.7422106524590725,0.68035181552773,0.7091484310651519,0.6951893842879994,0.684772549639065,0.660599791087944,0.6918073643637037,0.7320038160459695,0.7002224675603747,0.6735146965074389,0.6793977832388153,0.7410051224981442,0.7210019763278763,0.7135478396603551,0.7143342055660887,0.6762617281414531,0.7443084191386548,0.7033618595131895,0.704221716432149,0.8142761446374988,0.7167656693256126,0.7692994028528458,0.6960752257310124,0.6707411454649166,0.7227632846123779,0.7420970247611106,0.7097680039785262,0.7818827506798142,0.7125828396005497,0.7174491510562011,0.0,0.684315940538512,0.6895061737268169,0.6622595305744738,0.6731631212089988,0.7180201042834427,0.6721650350507303,0.6581063053785794,0.6915320005694452,0.6851981529474135,0.7198737334267241,0.6873718608146457,0.7049063567292038,0.7525626428110169,0.829145671887207,0.7051376224498797,0.6876608531267598,0.6987370997795854,0.7000251084751329,0.7172020233337076,0.6951907147152641,0.6976144209942847,0.7140781360310976,0.6546347803106535,0.7330842443283555,0.7187385562600969
NLD,0.584116950277179,0.47678050618188383,0.5519701230085392,0.45358364213663094,0.4226428265635607,0.3975513581209164,0.5631476935376023,0.5348834560792111,0.47779478976794443,0.4943269082308225,0.8159301613011887,0.44106480633468964,0.4853955608647585,0.5123307926427015,0.5849979990293879,0.5904952559245751,0.6366137209653416,0.5911310656333763,0.5618560133366272,0.5228753603104492,0.5942214524340463,0.45023348785420036,0.4075292802357514,0.40917615292558857,0.582472712067564,0.4395503423740642,0.49471414264474406,0.4717692289465059,0.3930194078936418,0.360435093590156,0.47492391326686095,0.5540570084831135,0.5187360150675674,0.4749957758845682,0.5534606760689404,0.6094938459163844,0.5505466772243947,0.5371924008566353,0.4663469341200888,0.41465935141579174,0.6119731739650415,0.483448893626302,0.6350699453160398,0.7544956875981688,0.49766031471245775,0.7477832288897042,0.5648510111189701,0.5180023928887528,0.5407757817275026,0.5543091427602546,0.5441821282160765,0.6154204064135602,0.6349241595496043,0.5556971327603284,0.684315940538512,0.0,0.41294301097310787,0.4629249114728895,0.5177381297816122,0.566479208121585,0.5464796437139035,0.47243243602513757,0.4421305766278162,0.5316113343509944,0.48447430743155073,0.554517776690535,0.5543569214354089,0.5358328890123382,0.7664894867842601,0.4616050553802102,0.44907150780561284,0.4490370137428286,0.5220780879283559,0.5629586829711318,0.5331609187322354,0.4617616919320165,0.6217981555140906,0.4192295008997884,0.6198060003483783,0.5612982409746969
NOR,0.6046797232296834,0.45474376738592787,0.5639019886001015,0.45831160975885477,0.42884896824482077,0.4833811279065212,0.5236892665771127,0.5499260079361404,0.45765008933369594,0.5238974934474507,0.7879174955215489,0.4476517257494239,0.5205691717573345,0.5503014111349341,0.5617393825293663,0.6092789146304397,0.6252442707288745,0.5653400198351419,0.5930811019665261,0.5273107176813547,0.5636316957371875,0.4643543217363752,0.45381689837580497,0.419528451019164,0.5585141330574066,0.4652029549659023,0.484894312831281,0.4583048271147312,0.46843532013614636,0.4201462823562046,0.5105596857863357,0.5740523860876777,0.4945796341474668,0.48739357532961247,0.5439020121055396,0.6039605898440313,0.576954514923098,0.5217472622139645,0.5398295376657479,0.4502476594500151,0.5906063394945777,0.48799558587951053,0.6265181630723308,0.7494499769006177,0.49606173273134313,0.7316344344989123,0.565377443170864,0.559229927518461,0.531253049336191,0.5763646957000632,0.5491822241396764,0.6395259845141377,0.6123680739556343,0.5485165722078165,0.6895061737268169,0.41294301097310787,0.0,0.4800109815516987,0.5039060775894161,0.5773160940112061,0.542083191814107,0.47670682347316407,0.4807182860516653,0.5372138078475155,0.4880882116571476,0.5763314435778922,0.5830841398392245,0.5432020959229447,0.7803494459467005,0.5088717252499938,0.4938898070543787,0.4322448950419242,0.5225596844283438,0.5378970505100197,0.5341259671475183,0.46071882463747793,0.6080540231026418,0.44408042890424215,0.6187921382770822,0.5773834303633629
NZL,0.5901916615837837,0.46468770077953814,0.5439129200766296,0.45089337846493743,0.44122430982667094,0.4860321528152694,0.5427577585088587,0.5401235289108037,0.4856320186391749,0.5108506633210081,0.7808160514422888,0.48507565237235156,0.5225514030563759,0.48415529472152136,0.5720489557248251,0.5790123207265147,0.6318868344640204,0.6180165044998921,0.561683105200364,0.5565615736747687,0.6083806534238889,0.45768716361339795,0.47852878692243384,0.5077577947997687,0.5965830091225841,0.4680677826619201,0.5283263003165386,0.5115418380444544,0.4465389678199063,0.4425872679036758,0.5152851698222929,0.6251568944800673,0.5175066397585297,0.4791971416022414,0.5383430441771521,0.6044838950626149,0.5570300280136512,0.5442058336416805,0.5397190967576417,0.4664032808630298,0.606769812530607,0.5195509368328731,0.6344074469579459,0.7483619109743715,0.5333814337839213,0.7039141693471088,0.5681762668445672,0.5532040416903109,0.5647736105070127,0.5624581530617914,0.5819298628091111,0.6530483016455778,0.6025927440450897,0.5860124082336824,0.6622595305744738,0.4629249114728895,0.4800109815516987,0.0,0.49731717752236043,0.548074855131938,0.5561533354516088,0.4879374088641452,0.47581938024103293,0.5362881294672398,0.5135355822001579,0.60276988623617,0.5677519926390495,0.5819632632412132,0.7912681746810973,0.4917046189541692,0.5038026000136278,0.4627889543371839,0.5501530884517986,0.565758677363036,0.5299528268748152,0.512399189599404,0.6219381153103113,0.4682441984115287,0.6101770168455842,0.5706021336472861
PAK,0.5990990918344904,0.5144278064387706,0.4899780435966447,0.4599929109287836,0.46416775181846004,0.5198620190554842,0.44316530358162887,0.42202733641923446,0.3665927831327239,0.49365665463626096,0.8057794294950876,0.4819464549202401,0.5624734927249214,0.5314666274043518,0.5040835303465543,0.6005648695885333,0.645879853516967,0.5994283999951477,0.5589875345561702,0.5328438216136806,0.6154277990331141,0.44254006434024173,0.5224009241490165,0.5280015855962951,0.5344661207039095,0.4674119679958854,0.5460203162745808,0.490018658851527,0.4873222148909841,0.4860892363651924,0.512914244252281,0.6661358910932578,0.5082505407510505,0.4212601223858942,0.5075398232919492,0.5133575916836413,0.6133377219609213,0.510354487593095,0.5993417585263899,0.49116007232381526,0.5705660600147536,0.48814428666753346,0.6165510515886687,0.6519752166245477,0.4925344213748826,0.6720825022182493,0.4929346095615107,0.5906581456666637,0.5394617988741265,0.522593716727511,0.5438249809086007,0.6572620085277016,0.3647634608196625,0.5509727768292784,0.6731631212089988,0.5177381297816122,0.5039060775894161,0.49731717752236043,0.0,0.5708090546779461,0.517093122987832,0.4562666463423499,0.5045289465710567,0.48104503821866834,0.5095480159247058,0.6072521360762742,0.5657419223850325,0.6138743160100852,0.7954051247598284,0.47132759412052017,0.5048690244329124,0.4679048202688501,0.5071900170038324,0.515605484333557,0.47691306766841074,0.4876980156721485,0.5004570700447293,0.4939408845979735,0.5475838653496043,0.5885241038557637
PER,0.654900652354017,0.5273103924897857,0.5528012203463386,0.5084868077764594,0.5814708209389661,0.5691261531314631,0.6124451286783982,0.5889457089046103,0.5577190876320595,0.566430441305634,0.7832956578250398,0.5574141797089153,0.6261445538617114,0.5275261429161289,0.6177179476878331,0.6210577886410543,0.6530248883978143,0.6002724164296768,0.5838239366922423,0.6107427683403547,0.6806347938424425,0.5644414056036481,0.5823886213062643,0.6067040665437788,0.5738511722198284,0.542985670218883,0.6288818434594482,0.5818569456736405,0.5572471282428295,0.5397935896801088,0.5825966408389432,0.7025832673445992,0.6057712866351551,0.5526779440927622,0.5697947895826291,0.6356679286045511,0.6186270387535804,0.6063351524045125,0.604566172559112,0.5676965608167779,0.6048091213159036,0.5723789328742257,0.5903635595186326,0.7475181770794324,0.5955980129592057,0.6936204926751689,0.6335566959959271,0.6456061554156757,0.6206852313415216,0.5887451913521353,0.5952421973428945,0.7119183952855622,0.6175735243040499,0.6111589515669461,0.7180201042834427,0.566479208121585,0.5773160940112061,0.548074855131938,0.5708090546779461,0.0,0.6270756389092289,0.5629195220000134,0.5514989152313186,0.5932710989032828,0.5589543228080109,0.5944482858363016,0.6139687806671823,0.6458672869425938,0.8160374167155913,0.6018913208450827,0.5868582677807923,0.5654798591494026,0.5884263477655153,0.6251884141877848,0.5773479736060256,0.55806781910914,0.6365055669465668,0.5509262790542445,0.6314117301733468,0.5902321922153412
PHL,0.5750210483614329,0.5060066009208708,0.5877320722417977,0.5342682176070597,0.5063632963682598,0.5359040973775179,0.5746132052797276,0.5562086649440897,0.4955080756764248,0.5224223413316628,0.7762603518007414,0.5032556394574202,0.5739841443821727,0.5651107854806403,0.5628809822292046,0.5879220572580107,0.6149537862423708,0.6509538347470483,0.5910951205126171,0.5171875602361925,0.6331314956268566,0.516831763161957,0.5755582099782879,0.5396629377255046,0.6178537989543753,0.5160918552392976,0.5569635191666912,0.5620787207833378,0.5324363522850016,0.5277202782762587,0.5397866289128547,0.6148979828862198,0.5512212922201101,0.49677566728260586,0.4883788081761885,0.5851274899816937,0.6305651868906335,0.5861277331713555,0.6023748188750414,0.5396055599677194,0.570448962691624,0.5292188847102637,0.6300208653437902,0.7364323209842286,0.55833094867657,0.6747196646754854,0.5282592285596371,0.5939205319701045,0.5867271760981955,0.530936009267279,0.5721341278136044,0.6322301905753107,0.650751446196199,0.5139647472580194,0.6721650350507303,0.5464796437139035,0.542083191814107,0.5561533354516088,0.517093122987832,0.6270756389092289,0.0,0.49746315298276433,0.5418839023842339,0.570518166193086,0.49062356572751986,0.5783994843490395,0.5902032388333394,0.5999706712575166,0.7863512559586949,0.5050015691904529,0.5609143057280728,0.5256525396428537,0.5040370648496018,0.594348528910323,0.531049572090482,0.5174858997503031,0.5910142152049698,0.5521689911965681,0.5748679938723206,0.5710800514218723
POL,0.5981410743111661,0.4446722870448861,0.5399156949330416,0.4558018752983778,0.427316972293743,0.4794989650476367,0.5408003819509151,0.4899301568509023,0.43368757778190486,0.48488247258271183,0.7829985054199651,0.45687373199815406,0.5176677794054122,0.5192805463508259,0.4883142505144597,0.5762361257544483,0.6191220580627398,0.5902980402223684,0.5640951583440563,0.5069781839560894,0.6147550854190347,0.3655111626841534,0.47448600052202483,0.496035618112977,0.5749663002497759,0.426164702615163,0.4989850989831551,0.45257069954427115,0.45519356489905355,0.4544143861105789,0.49612446328040444,0.624937016115217,0.4939553230920906,0.41967830997195477,0.5013450607611744,0.560388856643275,0.5784455924119971,0.5461090606168569,0.5715260143935726,0.4554247401613356,0.5553006733043523,0.4502072366411555,0.6190008732517084,0.6965781817703737,0.4949278286458631,0.6581496835904959,0.5058389582665999,0.5505353912599626,0.49813330158772057,0.5007479510892183,0.5320676317737657,0.6138053774441702,0.5914206166600446,0.5365559452460207,0.6581063053785794,0.47243243602513757,0.47670682347316407,0.4879374088641452,0.4562666463423499,0.5629195220000134,0.49746315298276433,0.0,0.46612368679535404,0.4690415541882027,0.46602078856982077,0.590213763697719,0.5380806249346698,0.5912604308666323,0.7935350745328844,0.41231638886260874,0.45651848253834215,0.43744269134275193,0.5058520839121828,0.5287126161451051,0.4782994928339215,0.4602595986794699,0.515528487129177,0.48264271278224863,0.5647697997633921,0.550781675891384
PRT,0.6003621463307636,0.4626975437806216,0.5414701460354822,0.4602244026526354,0.40289212671736685,0.4216381006134052,0.5564542467955592,0.5097986775764417,0.488700635469923,0.48110231620264643,0.800525899667638,0.48162671438638444,0.4675717729142561,0.49861755484891124,0.5565184220051512,0.5853655709376857,0.645203161397228,0.6017458439842747,0.5610469798983351,0.5458415999194224,0.5958304692582883,0.44680912456840016,0.4759462362361244,0.4808760007567206,0.5888761202601284,0.41398529933505923,0.5421338713220323,0.4629548980523238,0.43217083812408386,0.4491557465047726,0.469949619389543,0.597919323745238,0.5147278521158242,0.4473567391220951,0.5262573405182437,0.5894791199369133,0.5406205006621111,0.547306405240503,0.5208555347099196,0.4466444389355087,0.6132368135917249,0.4674869642504301,0.6466657873701278,0.7294934591374359,0.49311880925314483,0.7415019050725928,0.5606851909724877,0.533331770774582,0.5342880583988374,0.5106132525941373,0.5492394602931326,0.6146438238764771,0.6237020917853334,0.5775600507692206,0.6915320005694452,0.4421305766278162,0.4807182860516653,0.47581938024103293,0.5045289465710567,0.5514989152313186,0.5418839023842339,0.46612368679535404,0.0,0.5530780871265429,0.5301536079041553,0.5661970196370015,0.5561219557480236,0.5688203048758503,0.7713249568993638,0.47191106687843887,0.43757095441084864,0.4430800633348215,0.5217925506202575,0.5467299797281845,0.5024250830903964,0.46617586452744425,0.615838899928408,0.48069018154535953,0.6104612384469886,0.5430252448970421
ROU,0.626445389130925,0.5190899604180793,0.5432006944538648,0.4939404831813262,0.5113453918870884,0.5455181061760067,0.5781907015959964,0.5197839008059489,0.43956411371955073,0.537642564489119,0.805829183810656,0.5171415202104073,0.6000449520753739,0.5781397736653138,0.5088794146314061,0.6359909293957886,0.632315569870253,0.575560382985527,0.57741917013194,0.58014324745224,0.6600469275172819,0.44428203193292143,0.544195143636456,0.5559028557124364,0.5515570375526843,0.49977250803349216,0.5434378943750505,0.5300524186515573,0.5301384981807484,0.4839316145755555,0.5584756706453802,0.6868235765159012,0.5435522495203132,0.4828016317228979,0.5445827744820954,0.5693890438893714,0.6263543250555103,0.5884477098511415,0.6183078869752773,0.5178477956877817,0.560561666235293,0.5019284255201435,0.6660962452766305,0.7046810291697027,0.5105145994316775,0.7080050137033975,0.5507299339111863,0.6205184483089751,0.5540827637976513,0.574169050384329,0.5822631131764958,0.6730566131025095,0.5991683119729443,0.5681822333469072,0.6851981529474135,0.5316113343509944,0.5372138078475155,0.5362881294672398,0.48104503821866834,0.5932710989032828,0.570518166193086,0.4690415541882027,0.5530780871265429,0.0,0.5216230556009008,0.6336719379515171,0.5884956490907423,0.6418998082237102,0.7881707701409955,0.46024891571822957,0.5360099398374567,0.5308299413230609,0.5080135681037247,0.5481092566950353,0.5024000428778843,0.4998417098047618,0.5535208242398589,0.5343127256697625,0.5603048886675136,0.5885225763704236
RUS,0.5691300992526697,0.4312937609249151,0.5292554945514882,0.4949465707211962,0.4803044505387017,0.49640020921412537,0.5531622827915506,0.5306598988919701,0.4530142779637691,0.495495624869041,0.7676487244564166,0.47310033476545976,0.5617038781301329,0.5313199329481888,0.5380776642726077,0.5969642026520539,0.6040148950294237,0.5898754340370839,0.5875160858788373,0.5526688569157512,0.6300390078781315,0.4601072206856399,0.5168838631518039,0.5357802079841824,0.5388849106426475,0.49771139836813105,0.5178930299760486,0.521966396804815,0.4993656984231983,0.46890368409098543,0.5015676050289285,0.6415564421779079,0.5178200470877607,0.46498949995086114,0.5184058592455245,0.55806913673146,0.6365535922386251,0.5661949888905335,0.5650388847567903,0.48924232519627747,0.5281428025242336,0.5020928029369061,0.5507015818127924,0.7308331493148073,0.536383357793363,0.6762592720490651,0.5429164703949126,0.600571828072144,0.5258712732543895,0.5301505656524148,0.5452326706185598,0.6323240846460676,0.6355463680292898,0.5078054699792992,0.7198737334267241,0.48447430743155073,0.4880882116571476,0.5135355822001579,0.5095480159247058,0.5589543228080109,0.49062356572751986,0.46602078856982077,0.5301536079041553,0.5216230556009008,0.0,0.5710444458991176,0.5814958050552201,0.5715703311783618,0.7824921595766378,0.46379621007100696,0.5407786005803099,0.48962537391867406,0.5000184884320205,0.555586437798197,0.5040577039734173,0.47871944103887565,0.5581355682502517,0.4857329484796596,0.5632746059734299,0.5611246145756651
SAU,0.6541695626225235,0.5522223570262825,0.5782086494236245,0.54185360263729,0.5713246753193719,0.5779942466932008,0.610354407118117,0.6452213064522738,0.603153330045216,0.5698750474813351,0.8068186327475111,0.5848021948377466,0.6104327607466734,0.6195989948975082,0.6323451937920366,0.6671926963631208,0.6089024564459631,0.6114404283896911,0.6063657607911902,0.5970013266947595,0.6653504101839479,0.5856016926528456,0.6054214559745474,0.5722266206288268,0.5748903744207202,0.534102897486512,0.6156001256385573,0.6174765550898059,0.5970773864116673,0.5542726431511109,0.6075033506556666,0.6423136331230674,0.6090867704079,0.5891533790181672,0.5627649455127895,0.6472799992736161,0.6603279747612736,0.6389802522553854,0.5976268005886335,0.5641991986814111,0.6229268927561226,0.5897180703316656,0.5660577797514807,0.768953736578095,0.609262045308524,0.7561656658903821,0.635531071051065,0.6322228512981152,0.6403450464106873,0.6133147807466459,0.585529934697627,0.715109640008048,0.6630727643026866,0.5443522405100957,0.6873718608146457,0.554517776690535,0.5763314435778922,0.60276988623617,0.6072521360762742,0.5944482858363016,0.5783994843490395,0.590213763697719,0.5661970196370015,0.6336719379515171,0.5710444458991176,0.0,0.6586831870022046,0.630806996442899,0.800230376080813,0.6083088647517996,0.6162224474167622,0.6029672675799898,0.5820216123023682,0.6470993380771936,0.614922835771595,0.5576393834798418,0.6339654869911175,0.5654595368150854,0.6396329526725223,0.6094081798730729
SEN,0.6589681995966665,0.6057506938005436,0.5931529787206768,0.551487936086001,0.5384607374423787,0.5534114213912364,0.607124933026105,0.5811661323242583,0.5719223263567849,0.5750639855346875,0.8231529764713312,0.543568185155938,0.5697263405179432,0.5739523209490276,0.6192037028887591,0.5814096007498881,0.6328068860621635,0.6706535376404916,0.6122444976938197,0.5475875348554273,0.652116252816928,0.5363343753597611,0.5770698791908851,0.5840776878214522,0.6476872214853802,0.5368221329837456,0.5972580937377818,0.5648193438479368,0.5354110613678862,0.533071545247243,0.5560857435114493,0.6813109828651651,0.5947401381858038,0.548707663969652,0.6035096355340377,0.6318881482110692,0.6515803811337845,0.6139339962580008,0.6173482981934395,0.5465190670815662,0.6373077707661513,0.558761250551778,0.6791155058406009,0.7346497565430187,0.5729524349625679,0.7623624740982067,0.5913211074088761,0.615722740987844,0.5673885434883704,0.587976358126153,0.5960574410833435,0.6581738642307692,0.662235843139429,0.6292537196408755,0.7049063567292038,0.5543569214354089,0.5830841398392245,0.5677519926390495,0.5657419223850325,0.6139687806671823,0.5902032388333394,0.5380806249346698,0.5561219557480236,0.5884956490907423,0.5814958050552201,0.6586831870022046,0.0,0.649898751160688,0.7845312541723571,0.5682162364959471,0.5559736078752466,0.5451772104277001,0.5965213931574028,0.5730978638232395,0.5527207977408536,0.5659802057036994,0.6448935093720398,0.5634221208759359,0.6716026057630518,0.6057552660900891
SGP,0.6638331640388475,0.5208055683406831,0.6545397298695945,0.594856068131907,0.565130404754985,0.5133323425374984,0.6705368518975087,0.6426415127347349,0.5715397962971565,0.5793471007406431,0.803511437934699,0.5820733161379303,0.5317272807593106,0.5969460366179874,0.6252311702077414,0.6436333324491722,0.703246086100139,0.7251404810459953,0.6698583493648637,0.5872329433939266,0.6095512767554437,0.5831361490592305,0.5444516770265923,0.5353464488369196,0.6335116001008824,0.5800063270941506,0.5904612353131092,0.5777452113673914,0.5493152735143684,0.5397305413770435,0.5632937461568128,0.5965011994219755,0.579807943460364,0.5728120330191775,0.6018237735737046,0.6598292761231761,0.6393569671364405,0.6016248489864502,0.5300776909384215,0.5461843038380813,0.6559378085282652,0.5716538245076801,0.7179403419814203,0.8018217190776651,0.5570251625695334,0.7977441088316614,0.6281053652401386,0.614969306399894,0.6257885947521193,0.6255925693655355,0.6298625690163634,0.6633336695778974,0.7043385820622673,0.6110995509360401,0.7525626428110169,0.5358328890123382,0.5432020959229447,0.5819632632412132,0.6138743160100852,0.6458672869425938,0.5999706712575166,0.5912604308666323,0.5688203048758503,0.6418998082237102,0.5715703311783618,0.630806996442899,0.649898751160688,0.0,0.8177501953940072,0.6014451749837093,0.5995626248415961,0.5490894953272117,0.5875289861660968,0.6602109470958023,0.6079912555894647,0.5330481495127883,0.6613890439506371,0.5595175100006511,0.676797732434391,0.6436390708192419
STP,0.8268693605284726,0.7975322839895074,0.8180446431489119,0.7655878342506967,0.7500173057121411,0.7722674906783037,0.7828787909860395,0.7880633821503477,0.792439269913372,0.78836570770374,0.878702687926981,0.7622206966734477,0.8021209208457422,0.8137773001610167,0.8349905285203824,0.8270743067740866,0.8203116822511182,0.8061973180244029,0.8139021525046406,0.7807409895527255,0.7757398238365588,0.7782751103644123,0.7914833937433029,0.7721755117181354,0.819739381893135,0.7567425706058946,0.7639362417129025,0.7853464916120202,0.7823082031027173,0.7633795241753976,0.7724292477132702,0.7706637410617899,0.7877499013320269,0.7710258360735605,0.7941221204122196,0.8096471708098973,0.7374727501018472,0.7510696063125496,0.7941478937577735,0.7928948768515753,0.819962943272369,0.7857655815162247,0.8213618785917519,0.858775795822862,0.7953068041720434,0.8363340403994606,0.7637732205585445,0.7906321403467275,0.7624042078612197,0.8070757756310907,0.8380787272899515,0.8123380765753613,0.840116315244752,0.7988400562442376,0.829145671887207,0.7664894867842601,0.7803494459467005,0.7912681746810973,0.7954051247598284,0.8160374167155913,0.7863512559586949,0.7935350745328844,0.7713249568993638,0.7881707701409955,0.7824921595766378,0.800230376080813,0.7845312541723571,0.8177501953940072,0.0,0.7619981259330171,0.7780855069826489,0.7770631191710797,0.7744805680497399,0.7706297580084552,0.767768379815775,0.7753521961815292,0.8273686716601046,0.7881924843979655,0.8413212696519206,0.7786344588088083
SVK,0.610804600306983,0.48348192891330233,0.5532400713899068,0.46843166724905605,0.4214815526535834,0.4598510852251165,0.5496017995446874,0.4981084519580933,0.4488200947168528,0.5014439153295934,0.8168103784044185,0.47772201212601517,0.519642574060081,0.5509053566391273,0.5429827688365518,0.5993002759199157,0.650181729168771,0.5969781856233681,0.5679331770809135,0.5462953748144166,0.6287293558774067,0.3679996984251793,0.46682683015852666,0.5210414981485759,0.577820846583736,0.42509445387135447,0.5035199858918865,0.4757538157244486,0.4302822507566668,0.4456081486499506,0.504551698342787,0.6136645896366661,0.5044505079958516,0.41366624370637073,0.5435157492601217,0.5723393670635872,0.5894075541381336,0.523247583417928,0.5770444040109401,0.4392453955947174,0.5713498970780466,0.4581238749588009,0.6419305386640716,0.6925568464915784,0.5040294075723292,0.710204235189748,0.5057074336342671,0.5700915917105368,0.47507917882401335,0.52732360986197,0.5878156676576873,0.6113549483971835,0.6409062438649045,0.5442692278499011,0.7051376224498797,0.4616050553802102,0.5088717252499938,0.4917046189541692,0.47132759412052017,0.6018913208450827,0.5050015691904529,0.41231638886260874,0.47191106687843887,0.46024891571822957,0.46379621007100696,0.6083088647517996,0.5682162364959471,0.6014451749837093,0.7619981259330171,0.0,0.46078253671495695,0.45303292856691885,0.5029809384865257,0.5378169433770578,0.4755504201761509,0.4859800874132095,0.550224273703481,0.49980161107785126,0.5677823743556683,0.564898860372531
SVN,0.6243308922062567,0.5067298692341515,0.574493595089829,0.48017435744929776,0.4376427985357177,0.44577338416800644,0.5758410270990084,0.5112182693938205,0.49684080095511646,0.5053156056461764,0.8209271032305251,0.47256702522656396,0.49047495239349015,0.5484452410813205,0.5548762111979142,0.5879972380191331,0.6510828227318065,0.6316682110421841,0.5884484519091532,0.5168364605443958,0.6255238078012941,0.43737313449677273,0.4511434548500242,0.4859949532170723,0.6075749824016604,0.415481062156588,0.5335161584500537,0.46422844300703137,0.4188058065914235,0.4397740411672966,0.5055360469336472,0.6113138075411525,0.511924272487302,0.43505831878930773,0.5522720306270991,0.586198893719828,0.558729882888567,0.5532780980762573,0.543681839545739,0.4434873268986038,0.6172861202811052,0.46049939299866594,0.6663028485496276,0.7326418238678005,0.5036247956212556,0.7402176230747505,0.5369987723067905,0.5509450050019568,0.5269661624452222,0.5501629287428472,0.5780679440679671,0.618793607941899,0.6256002063605227,0.5934484624126082,0.6876608531267598,0.44907150780561284,0.4938898070543787,0.5038026000136278,0.5048690244329124,0.5868582677807923,0.5609143057280728,0.45651848253834215,0.43757095441084864,0.5360099398374567,0.5407786005803099,0.6162224474167622,0.5559736078752466,0.5995626248415961,0.7780855069826489,0.46078253671495695,0.0,0.45520223386494924,0.5409700365550272,0.5255783557089073,0.5135501389325605,0.48620335174563967,0.6128255524640986,0.485705631996529,0.6176123568570343,0.5556170734831789
SWE,0.6194416545548023,0.4548349077848857,0.5313858966480716,0.45446038760017154,0.4002476109044519,0.44279021436563426,0.5517910815906292,0.5010539792194294,0.4649381936204577,0.48512694770333614,0.7924696845436808,0.4190640431442801,0.49183871057893397,0.47438333759351775,0.5353682405375989,0.5618413464722884,0.6441871251242943,0.6018439039631621,0.587622670487243,0.529210398825229,0.6035869690327879,0.38642486983094465,0.42303329379265087,0.46311641886633786,0.575759106549847,0.42421067664164164,0.5198772617175221,0.39989691835850205,0.40514328070922057,0.43355425573472084,0.45970595843784834,0.6130818337433472,0.5021073860503252,0.41538792684182174,0.5388564557212968,0.5725475252544114,0.5707784246838169,0.5383154907213414,0.5242683436442704,0.4071458318964024,0.5943336780620594,0.4315347148206929,0.646506967993164,0.7355248868278602,0.47093658481961853,0.7332480783672732,0.5516393538874497,0.5517337200140402,0.4908032864379942,0.5119201576339356,0.5186888391980773,0.6167769992076112,0.6182878706337525,0.5640899556211653,0.6987370997795854,0.4490370137428286,0.4322448950419242,0.4627889543371839,0.4679048202688501,0.5654798591494026,0.5256525396428537,0.43744269134275193,0.4430800633348215,0.5308299413230609,0.48962537391867406,0.6029672675799898,0.5451772104277001,0.5490894953272117,0.7770631191710797,0.45303292856691885,0.45520223386494924,0.0,0.5382244276523629,0.5432561199236752,0.48269956641601824,0.4618169600454398,0.5934138575052529,0.43622938158061525,0.6073480857951675,0.5362285914464808
THA,0.6204665592504476,0.4574980786347866,0.5691071111239706,0.5222585739729613,0.5092925683677662,0.520085844524779,0.6008556468094431,0.5556003101043208,0.4161927760218025,0.5097054991920088,0.7734524596613175,0.4933244708064702,0.5762283654636978,0.5860175279136454,0.5200367700153226,0.6149587507205425,0.6117555324405309,0.6052622541204287,0.5649557704887677,0.539288685419568,0.6324038232018434,0.5048721335078088,0.5281422333743967,0.5305968534699127,0.571743136982105,0.47383200472114917,0.5634823908667451,0.5419731814705415,0.5154021222037111,0.5061626844678342,0.5240359236284454,0.6514302034433002,0.5295343015789011,0.480386001805518,0.472992292271307,0.5663947128714085,0.6264873133359719,0.5733774202341593,0.5793160636921897,0.5040544467863274,0.5416801316951481,0.48848305116253704,0.6537750331306288,0.7530043614642601,0.4793840045550307,0.7109088255654205,0.5533867402055381,0.6054509202495815,0.589098405915498,0.5239870955148905,0.5643330305946558,0.6526281840930895,0.6153862960454078,0.5064959865921256,0.7000251084751329,0.5220780879283559,0.5225596844283438,0.5501530884517986,0.5071900170038324,0.5884263477655153,0.5040370648496018,0.5058520839121828,0.5217925506202575,0.5080135681037247,0.5000184884320205,0.5820216123023682,0.5965213931574028,0.5875289861660968,0.7744805680497399,0.5029809384865257,0.5409700365550272,0.5382244276523629,0.0,0.5724014504430832,0.505510581512296,0.4472989758987296,0.5853632014269352,0.5223271454631268,0.5585760338861138,0.5908668741515075
TUN,0.6293229397986728,0.5491903185363551,0.5907060565957516,0.5422801605564382,0.5091168564701196,0.5514985453808912,0.5717786548729802,0.5393932708207028,0.5103671884577483,0.536644959439525,0.8115075773148587,0.5301756333958,0.5760888751021086,0.6018485148045628,0.5410814102689576,0.6432366321478811,0.6289439809981051,0.6093367823745377,0.625812004285646,0.6116329787456469,0.6443697971962473,0.49719803187893125,0.552434597835742,0.5671523429429275,0.5973473386358659,0.5090861505992325,0.5721569471795614,0.546522894687673,0.5322837071985673,0.5145509774182767,0.5540662710280251,0.6873282531922575,0.5557368386099397,0.4977224362299535,0.5688130393163977,0.5848587685983375,0.6249705045598329,0.5771174158062343,0.6224077217200509,0.5268178141857653,0.6229303612894043,0.539130162303021,0.6690679210350795,0.7166460549315012,0.5408158626217732,0.7234172553478693,0.5873081139811354,0.6170657408017749,0.5697157511383594,0.5702194168001111,0.6080245193886552,0.6526369950060296,0.5994365665604168,0.6140135535364916,0.7172020233337076,0.5629586829711318,0.5378970505100197,0.565758677363036,0.515605484333557,0.6251884141877848,0.594348528910323,0.5287126161451051,0.5467299797281845,0.5481092566950353,0.555586437798197,0.6470993380771936,0.5730978638232395,0.6602109470958023,0.7706297580084552,0.5378169433770578,0.5255783557089073,0.5432561199236752,0.5724014504430832,0.0,0.5426909731989472,0.5552847085003721,0.5879058270800291,0.5388154283292151,0.6166079878485181,0.6051001030539402
TUR,0.6329813361139386,0.49372447558841526,0.5248068231840333,0.4925815304424703,0.4664103040666538,0.4982444654239789,0.551085881501993,0.5044279621922265,0.46015244464046906,0.5099887931823401,0.8012409263571104,0.4675605522218923,0.5668536379252519,0.550454779523584,0.5309206378706939,0.5744341702674454,0.6435341395032557,0.5958859261595372,0.5754099039743398,0.5351813963468476,0.6130024854157804,0.4541241949906467,0.5149548940679398,0.535573400728801,0.5807658252370682,0.45093425387917574,0.542969747408417,0.5080948805283562,0.4894476176961685,0.4941182844724179,0.48820866200099,0.6646305479946718,0.5461241358370778,0.44957181624402465,0.5286269565576317,0.5430992152482406,0.5990900638433575,0.5440197068297323,0.5908877453127115,0.48415078845789733,0.5646047803066594,0.48223035834469496,0.6422185426150443,0.7296683267380852,0.5001116203310078,0.709252215659904,0.5456865720355903,0.5913477219202767,0.5390972023827467,0.5084937209648499,0.5433824083447023,0.6217776196019459,0.6080908108912698,0.5645550001383266,0.6951907147152641,0.5331609187322354,0.5341259671475183,0.5299528268748152,0.47691306766841074,0.5773479736060256,0.531049572090482,0.4782994928339215,0.5024250830903964,0.5024000428778843,0.5040577039734173,0.614922835771595,0.5527207977408536,0.6079912555894647,0.767768379815775,0.4755504201761509,0.5135501389325605,0.48269956641601824,0.505510581512296,0.5426909731989472,0.0,0.4938497094178307,0.5870035745910174,0.5132829404266873,0.5895543413621523,0.5707801458052134
TWN,0.6101227311506058,0.4227684279650481,0.5438231661974927,0.49578136528031147,0.4515656358436761,0.4719734483459322,0.5695760114473056,0.5369220110048709,0.39616938887723324,0.4648424188967247,0.7850874071122308,0.45573759565306293,0.5292546425988133,0.5325329736298983,0.49304536616350786,0.5838567128169817,0.6446825265860857,0.6037721523747459,0.5675117043212848,0.5130211779132652,0.5958376645434404,0.45036538646261387,0.4603539684562467,0.4716354821779939,0.5219310370812966,0.4200027844174099,0.5430376782154556,0.4638903452383797,0.4545067262822924,0.4385702419111187,0.4795759933064905,0.6059473618042359,0.5185589993679155,0.45598655867496923,0.49473842182426836,0.5723395651561708,0.5950718819116355,0.5420949794631206,0.5249120777112899,0.44943704633228404,0.5355650424239953,0.42414956124261644,0.655486942370931,0.7460890502822718,0.4021106379150198,0.7316178068163912,0.5486466758252774,0.5676136347109006,0.546443318703977,0.51340671955454,0.5226893157334424,0.618141596411895,0.60578684059374,0.5064314903546399,0.6976144209942847,0.4617616919320165,0.46071882463747793,0.512399189599404,0.4876980156721485,0.55806781910914,0.5174858997503031,0.4602595986794699,0.46617586452744425,0.4998417098047618,0.47871944103887565,0.5576393834798418,0.5659802057036994,0.5330481495127883,0.7753521961815292,0.4859800874132095,0.48620335174563967,0.4618169600454398,0.4472989758987296,0.5552847085003721,0.4938497094178307,0.0,0.5698419614560097,0.46130344613749735,0.5681319451743748,0.5383193949165513
UKR,0.6798020547380955,0.5861729427020734,0.5742297900563192,0.5773802960416723,0.5780133292880715,0.6107347333690893,0.6133901452618606,0.5777607230206112,0.5260433867277509,0.5888633315725251,0.8105435185059617,0.5850087127487765,0.6423159405505541,0.6299185704264211,0.5519912004229742,0.6865996347505956,0.6767274465272546,0.642734708832808,0.6408317642692942,0.6063596524538902,0.6924013157547678,0.5324121623832747,0.6239039977860774,0.6278930867224455,0.5878168252806635,0.5829182008229848,0.615818162321818,0.5847748782668375,0.5957933826363135,0.5965555867618633,0.6353322614657733,0.7274634020798852,0.6169536417581979,0.5479943152291772,0.568120709719215,0.6211746865737585,0.7078413808347727,0.640904452838004,0.6632811686380928,0.6003337515728573,0.6002068035666644,0.5940978775762977,0.6391157863538589,0.6643712485501098,0.5979598587745498,0.687853356179783,0.561626238641297,0.6858199946325282,0.6022232713362431,0.6014827813279063,0.6118906460805509,0.7228602601540854,0.5895646005553994,0.590741630652256,0.7140781360310976,0.6217981555140906,0.6080540231026418,0.6219381153103113,0.5004570700447293,0.6365055669465668,0.5910142152049698,0.515528487129177,0.615838899928408,0.5535208242398589,0.5581355682502517,0.6339654869911175,0.6448935093720398,0.6613890439506371,0.8273686716601046,0.550224273703481,0.6128255524640986,0.5934138575052529,0.5853632014269352,0.5879058270800291,0.5870035745910174,0.5698419614560097,0.0,0.6104768509720863,0.5946904278484896,0.6294844095528106
USA,0.6134797063860531,0.4580860586315768,0.521874371827288,0.4374149207684146,0.4319045261729477,0.46358482572406784,0.5459968655076821,0.525191963767725,0.48296891916348295,0.4905883792377334,0.8055219283620907,0.3899910969584093,0.5233625656734845,0.5081648895371129,0.5409562187635093,0.595253728789865,0.630342701123114,0.5853221651620926,0.5500192451051974,0.5474966914864304,0.6206376567001863,0.44798925474202583,0.42430562062201915,0.47194224940921115,0.5693318866268069,0.44745160585474375,0.5596132041642091,0.47374180988131964,0.41681941145923146,0.39349420927845913,0.46556272247085745,0.588521179918411,0.525200346413498,0.45312618294374774,0.5499440526597332,0.5897452784835753,0.5654306445982095,0.5421411947470035,0.49401804462980203,0.4279928371117346,0.6088996450512955,0.46903011799375477,0.6245868939773179,0.7626528751297724,0.4818669233163723,0.751991844950297,0.5973575787545092,0.549603233981039,0.578587376040123,0.5384192062418842,0.5039348538726154,0.6493135918814958,0.6169802905069849,0.5503685622789354,0.6546347803106535,0.4192295008997884,0.44408042890424215,0.4682441984115287,0.4939408845979735,0.5509262790542445,0.5521689911965681,0.48264271278224863,0.48069018154535953,0.5343127256697625,0.4857329484796596,0.5654595368150854,0.5634221208759359,0.5595175100006511,0.7881924843979655,0.49980161107785126,0.485705631996529,0.43622938158061525,0.5223271454631268,0.5388154283292151,0.5132829404266873,0.46130344613749735,0.6104768509720863,0.0,0.6118594601032266,0.5242808925279162
VNM,0.6645137623655679,0.5551131263731784,0.5860940818937675,0.5985426170137647,0.5990951050906365,0.6032895270217103,0.5943634690273776,0.6089186711990033,0.5226183002248689,0.6026384208929129,0.8066114252260879,0.5968153310571446,0.6446009793581097,0.6222183584274329,0.5469006178669256,0.6677171660228484,0.6417694306950957,0.6732306906615223,0.6069997516671709,0.6388849696847825,0.6883456757672008,0.5535700053604974,0.6156093173493993,0.6313308066151595,0.599811105837697,0.591073952483903,0.6310802291888564,0.5953172306215787,0.6006050891340153,0.5771159731585528,0.6213723812702759,0.726948140101524,0.606939577678385,0.5621045807979608,0.565566643428903,0.6287555766672642,0.6932674941272837,0.629814380701798,0.6745981271814359,0.6014417243318944,0.6071653239414649,0.5658445722265222,0.6764221234876395,0.7383523703006892,0.5978190855258773,0.6965722891689313,0.6123959484961513,0.6820994392580476,0.6281334852339058,0.6106441810838588,0.6109705614072748,0.6591013548800866,0.6372994508830744,0.5739241247886293,0.7330842443283555,0.6198060003483783,0.6187921382770822,0.6101770168455842,0.5475838653496043,0.6314117301733468,0.5748679938723206,0.5647697997633921,0.6104612384469886,0.5603048886675136,0.5632746059734299,0.6396329526725223,0.6716026057630518,0.676797732434391,0.8413212696519206,0.5677823743556683,0.6176123568570343,0.6073480857951675,0.5585760338861138,0.6166079878485181,0.5895543413621523,0.5681319451743748,0.5946904278484896,0.6118594601032266,0.0,0.6606584173393788
ZAF,0.6509336046176366,0.5481658899314665,0.5972508922286848,0.523476749504844,0.5224626117461434,0.5649425975043055,0.6530016284526242,0.5835445508655926,0.5580147552096073,0.5501451480779527,0.7685447926231473,0.5245671178751012,0.625130907105243,0.5655549361169914,0.5991103239131498,0.6283678701825204,0.6592026334593809,0.6606491120687612,0.6005771470840904,0.6018704629837044,0.6640734927277328,0.5303989113259338,0.5755996485134116,0.5803261495222181,0.6115766684271988,0.516537580086635,0.6336027738735405,0.558343311391558,0.5513947849104751,0.5591014444093941,0.5735189236186883,0.6552101738254463,0.609942587636263,0.5273629941139146,0.5709068411329089,0.6140046477938145,0.6314004098152508,0.6449937075946882,0.6064137001650018,0.5608674057059857,0.6223775327713802,0.5483755695610114,0.6694755494421157,0.7537046185982469,0.5693194395234394,0.7289824186953037,0.6091427019669835,0.6506677834106508,0.615835538489088,0.5782453434158427,0.6164081827506501,0.7140041474571714,0.673608411850163,0.568941685779159,0.7187385562600969,0.5612982409746969,0.5773834303633629,0.5706021336472861,0.5885241038557637,0.5902321922153412,0.5710800514218723,0.550781675891384,0.5430252448970421,0.5885225763704236,0.5611246145756651,0.6094081798730729,0.6057552660900891,0.6436390708192419,0.7786344588088083,0.564898860372531,0.5556170734831789,0.5362285914464808,0.5908668741515075,0.6051001030539402,0.5707801458052134,0.5383193949165513,0.6294844095528106,0.5242808925279162,0.6606584173393788,0.0
