,AGO,ARE,ARG,AUS,AUT,BEL,BGD,BGR,BLR,BRA,BRN,CAN,CHE,CHL,CHN,CIV,CMR,COD,COL,CRI,CYP,CZE,DEU,DNK,EGY,ESP,EST,FIN,FRA,GBR,GRC,HKG,HRV,HUN,IDN,IND,IRL,ISL,ISR,ITA,JOR,JPN,KAZ,KHM,KOR,LAO,LTU,LUX,LVA,MAR,MEX,MLT,MMR,MYS,NGA,NLD,NOR,NZL,PAK,PER,PHL,POL,PRT,ROU,RUS,SAU,SEN,SGP,STP,SVK,SVN,SWE,THA,TUN,TUR,TWN,UKR,USA,VNM,ZAF
AGO,0.0,0.6334253497440596,0.6150546463495334,0.6157762782540657,0.6243095388460469,0.6397608138954584,0.6442725983337868,0.6473376446209064,0.6011170062968099,0.6242690043323433,0.7832770291446345,0.6242178123225807,0.6528189705131892,0.6149262361912576,0.6713205841832589,0.688971261995473,0.6790610882916491,0.678152098009559,0.6552033523149042,0.6494349431610814,0.69565073023156,0.6351572816029832,0.6492538523607266,0.6558976870851686,0.703513978550538,0.6469871010658267,0.6272180402310044,0.6425164123628208,0.6293940207602483,0.6215396059488018,0.6596949958827016,0.7061107181384039,0.5956795654811494,0.6094442846860514,0.6466220170954352,0.6784187139253747,0.6738558058632395,0.6386217778612342,0.6810990345303257,0.6535970957919514,0.7124222558824646,0.6814903337514207,0.6616454787507098,0.7478762696011434,0.6682116622708263,0.6992728751339319,0.634561528371013,0.6876011243664413,0.6573581081492958,0.6566020951218101,0.6120482931556144,0.6613001389460246,0.6757869173275451,0.6523769341814644,0.7356973948239413,0.6103216746949749,0.6204007593269231,0.6066136538705833,0.5807096770342159,0.6311677237756846,0.6365486349975971,0.6286672502760029,0.6229354404600322,0.6460721418684524,0.5952843505502404,0.6568335141481874,0.6703174312654431,0.7155307016829234,0.8162855972938011,0.6108589859689223,0.6497039380351937,0.6458118559856136,0.6560205792244306,0.6445717675502874,0.6202444139904013,0.6638731443324809,0.6921756273433283,0.6291863817511679,0.6384404041600051,0.6771850474380683
ARE,0.6334253497440596,0.0,0.520803970892178,0.44138104921922033,0.4392180076653444,0.46774001333670356,0.5477754328757379,0.45757619016757534,0.42511080538976087,0.5290724839812285,0.7544261974581097,0.4607425286466128,0.5556915035651323,0.5507164321708917,0.5207481045057658,0.613557069825303,0.6407058285315401,0.5566986164854849,0.5937783952260726,0.5298849822016186,0.5898432519038277,0.4715658766063315,0.4665849396846826,0.5487366007864574,0.5442514008037599,0.4432955043267984,0.5115194191238444,0.471990428422916,0.47795105231772134,0.4554037998265486,0.5305687432166276,0.6168382290620972,0.49208232985871464,0.43356180118120374,0.535549892518692,0.5555187286533346,0.5262005596066075,0.5064233106219359,0.5480428997159453,0.4584762269167023,0.5579768325273186,0.48845199426738284,0.5707179920342192,0.6901266614412991,0.49814794044703276,0.735018568784012,0.5598380128134502,0.5864542551507916,0.5339310083931116,0.5428388888659642,0.4920084821132649,0.5417225094867316,0.5974292668782073,0.546304187922653,0.7207576579673324,0.48462710333084064,0.4850327032129939,0.4827407332810656,0.4976088476793275,0.4942859908740057,0.5713470887326945,0.4589402099812976,0.4817980418714039,0.5327742337626615,0.4009169498099155,0.5446041954719355,0.6208756179567116,0.560509487764442,0.7867346844090397,0.4879281369896809,0.5018938357194499,0.46877192012396546,0.5157406957220385,0.553951295866244,0.46120445208022043,0.4621828289710174,0.5775845912076503,0.4640069361582031,0.5735653203450817,0.5859889842606761
ARG,0.6150546463495334,0.520803970892178,0.0,0.43729515189182416,0.4580344599938294,0.46932148912467214,0.5183275144705848,0.4822037779372642,0.4428609474769649,0.4547698954213679,0.7870409542208165,0.4255426310559592,0.5512628577107095,0.5106771277025381,0.45480326511489994,0.6046505036365325,0.6043841586675568,0.5379807995797508,0.5115132950490952,0.5335719922236076,0.6164895865537204,0.44840850250442216,0.4960635757564107,0.5193831532779272,0.509250468735757,0.4667610279476538,0.4965579579916654,0.4840387058144879,0.5149387518381728,0.45692665671778254,0.5453097892156223,0.6901674763414405,0.5014567365024697,0.4457922936550678,0.5379214564588831,0.5076455814174292,0.5595717922371155,0.5621618582053116,0.5479281244934833,0.4667450333660479,0.5513151164128011,0.4754057667497294,0.5389060394532038,0.6616954903303767,0.47038630728592923,0.7182403846979242,0.518046048817507,0.5891382523273826,0.5183589707937396,0.510446501798798,0.4320995174644807,0.5827073809822317,0.5375128098637663,0.5462056090022879,0.6768402019690943,0.49279494466809665,0.5104589837474925,0.485525803214229,0.39982970741891694,0.46126883320599527,0.5550010334177559,0.46221409854715195,0.47471628456148457,0.4747503824221159,0.4500340008811055,0.501403837051683,0.5490899796482657,0.6427612056182259,0.7745807467713369,0.48406090002867613,0.49874817232804686,0.48101966302689425,0.5113351611393724,0.519485681543556,0.39653244422480954,0.4926484555074875,0.5020200601462028,0.4237861246646734,0.494551226295581,0.5270394086244947
AUS,0.6157762782540657,0.44138104921922033,0.43729515189182416,0.0,0.4244076757365092,0.4610616089165492,0.5261724728417597,0.46369791713981273,0.4504428082550064,0.4812193427484514,0.7468817609743332,0.40695702714730947,0.5375123966304948,0.479913752263441,0.5176379494914685,0.5790154484066776,0.5768871395556676,0.5174762172965045,0.5094680730756194,0.4993660285383966,0.5700303299833269,0.43231029203963417,0.4638932091168362,0.5073430665055622,0.5483602823759406,0.42130921471198157,0.47769659437724005,0.46248994114844616,0.45076285054858745,0.4056676569074918,0.52129662350317,0.6222680640364767,0.48660487010143744,0.4202700693166781,0.5213443240258686,0.5325184968699662,0.4910554450416187,0.5135306579130741,0.5409314902901066,0.440643213115478,0.5485959874438884,0.4667213540843461,0.5256468042237128,0.6718003725740865,0.5085459169596324,0.7067335274724608,0.5082689438247358,0.5422828695453181,0.4750306891439698,0.5237388457418409,0.46328427732271815,0.5372007344534631,0.5371876025323766,0.512123370239155,0.6735284097064006,0.44197320104938304,0.4658349879080703,0.41599212687113335,0.42933083436565844,0.4070695829220647,0.5442861888568101,0.43442283793208786,0.4516762309636312,0.4718391586984978,0.42732010711167145,0.46728967963175183,0.5408547179101718,0.6149976313875638,0.748991511636693,0.4616593973856186,0.4640173582929255,0.4435452502676277,0.5088359140740233,0.526980207137269,0.4039632054930177,0.4994012364627315,0.5257300021362762,0.41518181924357583,0.5573278831419276,0.4966058067849924
AUT,0.6243095388460469,0.4392180076653444,0.4580344599938294,0.4244076757365092,0.0,0.38559248353947195,0.5380106484859154,0.4413502652693967,0.4397247013479095,0.4803301186976561,0.7658284106118943,0.4153814519162475,0.4734827425979274,0.4539827970151356,0.5100719344666015,0.5646652731559003,0.6240830220969871,0.579299295492281,0.5187366127439507,0.4797889703981449,0.5607276642399625,0.36519632874767305,0.36176543258135013,0.47126120968606966,0.5739473513712832,0.37017603483505584,0.426903102954061,0.4008064324987576,0.3715158111464953,0.3789817231717879,0.48362954526377055,0.6009055941166938,0.463781044467548,0.35280762926206166,0.5408362822499865,0.561670389728769,0.4673901678702274,0.5087105937174494,0.4988907677688452,0.38019011728373187,0.5789409893695192,0.4526273066064161,0.5823509099281221,0.68234719288544,0.4546931872835419,0.718145560394844,0.45425168096292357,0.5234155174402825,0.41861805745453623,0.5171095370286657,0.4495934373712165,0.4841988327392995,0.591783718072321,0.5178623998317669,0.6935207064271125,0.40291117864555615,0.4495375998971049,0.40736889772803114,0.44325628438401005,0.4997308092178938,0.5454028579946446,0.36769290231871227,0.3690870631224601,0.47980033631881214,0.4021379200981197,0.5031666436763659,0.5224525203888695,0.5743390431881812,0.7531413393841287,0.40305701385962733,0.3963492261150587,0.37694394141837817,0.5017104233621962,0.5231962451162415,0.39123682355002515,0.4645662103108758,0.5206593470511185,0.4157170755016256,0.5407443226589084,0.5288089746394393
BEL,0.6397608138954584,0.46774001333670356,0.46932148912467214,0.4610616089165492,0.38559248353947195,0.0,0.5671135015287663,0.46565821509586763,0.4774757386974749,0.4882625618818217,0.775624680558542,0.4382367391992326,0.45969649511023747,0.501518818816401,0.5483679223581358,0.5629292057057974,0.6155092816511607,0.5970490884350472,0.5295274835854141,0.46166382144317186,0.562293302023479,0.42415645097809335,0.3788311581984293,0.46450539663218743,0.5535762309334933,0.39518978939782756,0.4553667641733676,0.418960559376226,0.3893478694104527,0.3896233061048804,0.4886446144363707,0.579104930903158,0.4636867738097829,0.39578241085088256,0.5533704135949717,0.5670747051164144,0.5187806651960664,0.5142241879938013,0.44750056370138164,0.3916394223215981,0.581689893239569,0.4630472640406249,0.5939806113215799,0.670196259677977,0.4705323537321745,0.732654714134245,0.4915746435104345,0.5387124319481346,0.4494717324063282,0.5347892663120566,0.4700529457438244,0.5087326585879577,0.6078604769586939,0.5498890973641805,0.6988030120589503,0.3749291505811982,0.47952532645731233,0.46353075224883994,0.4879070459578519,0.4926868980725565,0.5801441168150091,0.4253899285674741,0.3582021267278645,0.5213801059353543,0.44348403087973587,0.4953955628509955,0.5319849129901801,0.5315055103321911,0.7709718781397689,0.4513104800946899,0.4342766555362967,0.4151415820585918,0.5237533624366492,0.5426106627537383,0.41542281261051606,0.4588582912222731,0.5578852245399253,0.4312889537144222,0.5727138986148558,0.5543865691416958
BGD,0.6442725983337868,0.5477754328757379,0.5183275144705848,0.5261724728417597,0.5380106484859154,0.5671135015287663,0.0,0.5273039859389659,0.5060337636949781,0.586323518731794,0.7784649525264181,0.5287258174067218,0.6320743836529282,0.5823084967564831,0.5628641948203554,0.6556557467528894,0.6548369168292432,0.5727381231527672,0.597989365467741,0.5932158177529161,0.6111059806914896,0.5458784618235842,0.576752633660659,0.5590048360041441,0.5831356365008282,0.5611893323678678,0.5623804877594164,0.5693860992398448,0.5788418163685654,0.5320577232566692,0.5932264756304392,0.6641161941792496,0.5856881440450262,0.5404214808910216,0.6281892512368744,0.5912687982689706,0.5916261844157491,0.5613012957479828,0.6298449932134559,0.5619475905603756,0.6172235393258846,0.5717780745586891,0.5621459209117627,0.6283695729047036,0.574165111123866,0.7148368197445967,0.5775821266849427,0.6169708421106775,0.548146308925269,0.5911217234444888,0.5619802813339829,0.6214747022922731,0.5092907746064579,0.5990148479007448,0.6834996406726266,0.5765062967310453,0.5321609512190095,0.541676773861473,0.4142555795560095,0.5663813747375182,0.603024666268497,0.5617907512524112,0.5604776191152382,0.551805114218857,0.5258939405846443,0.576916316610932,0.609399936911075,0.665692370191151,0.7642055200506449,0.5663276086193406,0.5463173483514425,0.5669684163507143,0.5958746405132972,0.5586323299476484,0.48722938934335064,0.5972394261288053,0.5744334260379986,0.5518608874427628,0.544420258210415,0.6349117782686411
BGR,0.6473376446209064,0.45757619016757534,0.4822037779372642,0.46369791713981273,0.4413502652693967,0.46565821509586763,0.5273039859389659,0.0,0.4215734349653785,0.48634100733690955,0.7383098398540658,0.4722667576046391,0.5696298068902483,0.5529742638972287,0.4896715471590536,0.5813287973780328,0.6112177176040106,0.5751888550015284,0.5536099354256513,0.5086495549225953,0.5813381651259387,0.4376310591216687,0.48030973325334464,0.5443965187170111,0.539170295045789,0.4392518778375329,0.5002610163827648,0.4746493895512079,0.48605547732824395,0.4938349206362733,0.5096326882993395,0.6582442921144434,0.4914813444279318,0.4028615518151383,0.5209844775996443,0.5123649933751776,0.5551170770658277,0.5528002842907046,0.5711625996779955,0.4731780749626959,0.5413385135571132,0.48125573738286487,0.5517137329315653,0.6420794712005994,0.507261675704797,0.6623677223964426,0.4715793448474973,0.5861265746701146,0.49366191291003586,0.49004074328980973,0.5022066349789008,0.5700171140249335,0.546420016311917,0.5282388574182775,0.7152494268437747,0.5153754379601506,0.5342768818463884,0.4998208073522688,0.4144339169014333,0.517475474656222,0.520609491918153,0.42176786841838754,0.4586048477093443,0.4780747622041694,0.44705333132702585,0.5438885482938455,0.5616536627154813,0.6385612550708348,0.7568963173441025,0.42305166860065735,0.4898305778653043,0.4623203224195636,0.49791985858667914,0.512752239992277,0.42533538558660366,0.49554560533621705,0.51107418809976,0.5080538363111138,0.53751980461905,0.5356605979678034
BLR,0.6011170062968099,0.42511080538976087,0.4428609474769649,0.4504428082550064,0.4397247013479095,0.4774757386974749,0.5060337636949781,0.4215734349653785,0.0,0.4691452687964165,0.7635671726915618,0.4503317976816106,0.5628969027910959,0.5177631142013511,0.4109918208956976,0.5797580008659362,0.6162376634072928,0.5787681384406191,0.5215867869115667,0.49489717315143594,0.5518026158561623,0.43107787469549635,0.47471291534989907,0.5146128722255878,0.5138475904479197,0.423320770421577,0.4846556113461066,0.47035897982016417,0.4781188369667215,0.4559933314640364,0.4979199288078382,0.6436511451277832,0.4626766816788351,0.41350235869549734,0.47185247229522076,0.5040842019219317,0.5403548407848862,0.475771495947278,0.582810290718627,0.46172202588428735,0.5064799715783471,0.44137990605159744,0.570255254476662,0.6902785844015528,0.4336791981545642,0.6727374073649315,0.4771623868214639,0.5631947010311453,0.5099374355519205,0.4748120076939753,0.46315544385612206,0.5650129384267444,0.5098649628176396,0.525977273837525,0.6838907425112394,0.4865377710223343,0.4839740468330038,0.4651147036547883,0.31420903365524994,0.4837710790799369,0.49126879079812397,0.41029286268567516,0.4612598207944846,0.4249589229850201,0.3993319283889118,0.5403870324382914,0.5617126519304382,0.5885499727999967,0.7709281990283721,0.4209060750953553,0.48376425440661736,0.4641583772997118,0.43009616404763,0.4914711455645949,0.3934681626821625,0.43245946667545676,0.5066247111994675,0.4773656148417123,0.47861713648863186,0.5465235496794325
BRA,0.6242690043323433,0.5290724839812285,0.4547698954213679,0.4812193427484514,0.4803301186976561,0.4882625618818217,0.586323518731794,0.48634100733690955,0.4691452687964165,0.0,0.7615936682809444,0.4726767110646034,0.5702450270954267,0.5130970042416748,0.5021703692861164,0.5687002132066088,0.6089142228436587,0.61327159229763,0.5219565260935646,0.5166742688087859,0.6224588059637326,0.4944822904601566,0.5036810020110202,0.5496503406105046,0.5539368185532895,0.4592047748402345,0.5431414134841335,0.4964629877964425,0.49672686401797633,0.47949063021320676,0.5377698519095433,0.6776068816118954,0.5242038715388029,0.4657025602716417,0.5166648186519868,0.5267117514575389,0.5760049106022875,0.5719458033223708,0.5453115820045942,0.4774763986398361,0.5544956565395793,0.50180301731391,0.5736202692472552,0.7019929934204403,0.48171049759194196,0.6973577763130541,0.5233576705849983,0.607697015302308,0.5609892118447866,0.5044761788009324,0.4698295954498387,0.5982599324844975,0.5945989591824177,0.5384520947325775,0.7019255349455972,0.5064658204594458,0.5449604005208243,0.507797545071981,0.46763749963153256,0.5086220412301911,0.5356958195106801,0.47062294386473913,0.4830431962869296,0.5330652026577833,0.47327769906707623,0.5367251742248765,0.5753144279306436,0.6508983519035246,0.7800817082304865,0.48469201047290866,0.5380313043223662,0.49731494843942936,0.49325270903683066,0.5413038541691327,0.4353420951004254,0.46655317566460947,0.5607582579434064,0.4748847821608704,0.5492519565174764,0.5311733282414997
BRN,0.7832770291446345,0.7544261974581097,0.7870409542208165,0.7468817609743332,0.7658284106118943,0.775624680558542,0.7784649525264181,0.7383098398540658,0.7635671726915618,0.7615936682809444,0.0,0.7494620787247432,0.8076791419687804,0.7455024183198578,0.7661449301750075,0.7859134603289555,0.7738947127596282,0.7825125023802609,0.7474570314102392,0.766454470628589,0.7995733928929156,0.7714946601197435,0.7826219153392169,0.7680061107097427,0.7812069833198596,0.7774871856971318,0.7842105290550878,0.7671299191714099,0.7713173276732904,0.77305357743671,0.7656130976141632,0.8126620239320831,0.7515558417528223,0.7458907415178906,0.7456482835211393,0.7753281643926369,0.799169336972116,0.8132947399624361,0.7927777598144456,0.7774837199064061,0.7602036389164563,0.7816075801451157,0.7575533666720133,0.8195953866928135,0.7974649260446725,0.7327798697617802,0.7731471516883993,0.8300558138441624,0.7819772046919042,0.7459609136230809,0.7600718834378183,0.80736683668449,0.7798080590400809,0.7461091221957981,0.8444222966037982,0.7787257116270736,0.7635307900548608,0.7431283052465485,0.753794419126561,0.7464606200142214,0.7388481058204601,0.7655794583465803,0.7546362397172063,0.7726598422627468,0.7437101944691633,0.785115609423543,0.7904195961919417,0.8177042660769244,0.8663654025762821,0.7702854891356999,0.7998513221970512,0.7676927474966408,0.7466931196044194,0.7885905898447977,0.7595391103095405,0.7677267004550097,0.7888716771756037,0.7550855345376556,0.7573619331049083,0.7466057328742637
CAN,0.6242178123225807,0.4607425286466128,0.4255426310559592,0.40695702714730947,0.4153814519162475,0.4382367391992326,0.5287258174067218,0.4722667576046391,0.4503317976816106,0.4726767110646034,0.7494620787247432,0.0,0.5411372851600583,0.4799230156242458,0.49638380642977153,0.5445121139706496,0.5858726331295463,0.5567170218827944,0.5152707339324953,0.4744281287153156,0.6067738660357236,0.42655023163965455,0.44182559163528695,0.48616815234299837,0.5478138743487246,0.43744113395195855,0.4739892005914624,0.4259737771409145,0.4402991205621189,0.4038686267334299,0.49836897890660226,0.6377721546394685,0.4804170961064095,0.40268159766595735,0.5360333131800763,0.5313890323262029,0.5252751983941814,0.529563966326785,0.508514163882133,0.4298637361436381,0.531407054152279,0.43776332177248134,0.5392658149521471,0.6884737724431413,0.4721950491923568,0.7083933371947291,0.5024125878577368,0.5764615680204042,0.4917093525921352,0.5263353109403429,0.433186086028933,0.5713930844667335,0.5634094615631923,0.5222037819487497,0.6668816769239572,0.4198730535147708,0.4531703731009462,0.4459172769322509,0.4329270539092418,0.4520426871400252,0.5453158388713726,0.4211124913151492,0.44359677909612083,0.5045512187465939,0.40756180466713565,0.5183996623407772,0.5332635772391556,0.6202882111062428,0.7564312659685402,0.4744265051479172,0.4683335282519573,0.4119918892073004,0.4935633881260319,0.5236411175151853,0.41410949861194946,0.4617459964511467,0.5285094233483487,0.35732687922415,0.5504315808779313,0.5076233845225605
CHE,0.6528189705131892,0.5556915035651323,0.5512628577107095,0.5375123966304948,0.4734827425979274,0.45969649511023747,0.6320743836529282,0.5696298068902483,0.5628969027910959,0.5702450270954267,0.8076791419687804,0.5411372851600583,0.0,0.5510902506094231,0.6133597353027381,0.6157680620326271,0.6541901973416848,0.6733547881806178,0.6039946436788611,0.5114226899452452,0.6078717636967524,0.5191449761493775,0.4912320760660526,0.5368615828600626,0.641665804705074,0.5029895238467698,0.528824111014558,0.5027392992504345,0.49987617591650535,0.48977450568302366,0.5624988851456837,0.5996968575509884,0.538464613533167,0.5054341196188569,0.6128126302613011,0.6484611208700543,0.5725319513996586,0.5700716805796213,0.5404969653886663,0.5120349168468963,0.6726382672629715,0.544653246068418,0.6320263151048483,0.7169548226408188,0.566190500227052,0.743930736955929,0.5547921523919059,0.5669405534255902,0.5257472628554034,0.6188729308175636,0.5528634540412158,0.5299643438661885,0.6611214067631639,0.597649281056807,0.7099824612466075,0.5041077566906889,0.5492861656731781,0.5290652359179208,0.5607949970823979,0.5759412017118547,0.6067879964258295,0.5092515283076723,0.47295135276907896,0.592546978552121,0.5367899801825174,0.5559689843202633,0.5961707211028904,0.556911189940896,0.7941235114346475,0.5369029319474482,0.49265660493990165,0.49152397967099104,0.600466258862903,0.5911844710945198,0.5214182193579462,0.5533754396166392,0.6149120664010226,0.5352331071837635,0.6123131903515727,0.6309246259226179
CHL,0.6149262361912576,0.5507164321708917,0.5106771277025381,0.479913752263441,0.4539827970151356,0.501518818816401,0.5823084967564831,0.5529742638972287,0.5177631142013511,0.5130970042416748,0.7455024183198578,0.4799230156242458,0.5510902506094231,0.0,0.5620360577201491,0.5699292567622088,0.6267084762565002,0.617191945249263,0.5226632611860311,0.5419288072285876,0.6321375620717702,0.4917318816515716,0.4927086619768781,0.5517584999608263,0.6083698337760938,0.5158558077728964,0.5245393865017919,0.4932557370244449,0.47895577089997116,0.4794412996182031,0.5217793592291999,0.6541464326605456,0.5126839589264929,0.47132470888146244,0.5979423216472044,0.616438128035902,0.5507364845911371,0.569638799283832,0.5140781624514651,0.5016060395255083,0.6119338202608267,0.5336807253136199,0.5920545134574415,0.7229374354134105,0.5132467329476106,0.68558790825449,0.5458912613378565,0.5949928777546952,0.5318080461956591,0.5586079407507475,0.501427135773093,0.5471015104337991,0.612882191150138,0.5805909279715107,0.7147601325761475,0.4845853070350613,0.5258889954135115,0.4505492773746493,0.49981551362146787,0.4786061550803168,0.5616157691796484,0.48636860716746944,0.4851030631734511,0.5461784409630683,0.49575474896161864,0.5800513185362437,0.5543607702031708,0.6201805058047067,0.7817078879227635,0.5196071261677392,0.5097058788734379,0.4712101429492282,0.5526585417404494,0.5960550278180561,0.48568777668558843,0.5245056991258882,0.5944517930608623,0.4741478256758047,0.5769458277529043,0.5542337708630625
CHN,0.6713205841832589,0.5207481045057658,0.45480326511489994,0.5176379494914685,0.5100719344666015,0.5483679223581358,0.5628641948203554,0.4896715471590536,0.4109918208956976,0.5021703692861164,0.7661449301750075,0.49638380642977153,0.6133597353027381,0.5620360577201491,0.0,0.6350019833779382,0.6311376013423815,0.5980433847767704,0.5395304042265674,0.5783216572692736,0.6521361077468644,0.4990929486562594,0.5195550882143423,0.5739503014844295,0.5531790026242978,0.4947377290898248,0.5695927675015134,0.5106156769005292,0.5632861594779406,0.5254727651357487,0.5768603636461336,0.7362954914413068,0.5320798075905119,0.4912770366619835,0.5187290387141602,0.534152694603043,0.595252446638751,0.5972732564274016,0.6181112744579489,0.4985366667079509,0.5507817793461823,0.4859936093537831,0.6154017865001407,0.6948437183868879,0.46858461503302834,0.6983783381848248,0.5644108012476818,0.656547981325343,0.5969382398108625,0.5345487250575515,0.48848772329169315,0.6201821409194094,0.5375399264894606,0.5733943754622545,0.7157638166875099,0.5681040215556481,0.5527178018729598,0.5424761832408952,0.43254374820003355,0.5354919760436828,0.5410937731140842,0.48467315457112375,0.5482429356398943,0.47641624926056736,0.4931818038361289,0.581513158172393,0.6100168576992425,0.6582797961418396,0.8085457209605088,0.5177866451721092,0.5466645687572399,0.5214552728897603,0.5063480779182715,0.5153382738802271,0.4562461802821912,0.4806023088752162,0.5211882881297534,0.5093536566203861,0.49971087348834325,0.5501872330648603
CIV,0.688971261995473,0.613557069825303,0.6046505036365325,0.5790154484066776,0.5646652731559003,0.5629292057057974,0.6556557467528894,0.5813287973780328,0.5797580008659362,0.5687002132066088,0.7859134603289555,0.5445121139706496,0.6157680620326271,0.5699292567622088,0.6350019833779382,0.0,0.6299100284100382,0.7149420269169964,0.5861991641187446,0.5555068069630736,0.676044185617907,0.5779075291117342,0.5727344813784138,0.6130477603450639,0.6674452499291633,0.5570441122575197,0.5806056246743654,0.5737989713874897,0.555699898720141,0.567625347709055,0.6106382387637045,0.6921652498226377,0.600011562172962,0.5398241070515565,0.6068878627199659,0.6092769161665247,0.6426153739842478,0.6454657252752568,0.617907406732776,0.5665509987233238,0.6505941122177482,0.5586885863598399,0.6543579889577111,0.7259061859832469,0.5994789591689812,0.6966347596271949,0.5734024078731634,0.6259858641344042,0.587072196356147,0.5934073682448544,0.5754501945986232,0.6257927955931419,0.6728173664837431,0.6230361803242996,0.7400101336408053,0.5866085686296503,0.6174693522174038,0.5792923552823558,0.5912882727762354,0.5595685371567825,0.6072982899311635,0.553468650742038,0.5674100367658526,0.6169703831638538,0.5808526080939665,0.63668696655884,0.5864254977645974,0.6964734551532119,0.82124039697166,0.5852023617374813,0.5936741022134181,0.5580452448593917,0.6042655391047866,0.6321116433812661,0.5631991899493974,0.595800032101923,0.6616349155757935,0.57862763164496,0.6272827248055902,0.6245165158104905
CMR,0.6790610882916491,0.6407058285315401,0.6043841586675568,0.5768871395556676,0.6240830220969871,0.6155092816511607,0.6548369168292432,0.6112177176040106,0.6162376634072928,0.6089142228436587,0.7738947127596282,0.5858726331295463,0.6541901973416848,0.6267084762565002,0.6311376013423815,0.6299100284100382,0.0,0.667316770342124,0.6097194739888276,0.5922874902406485,0.6957311685792043,0.6079921561997538,0.6457583455840581,0.6395600475911536,0.6610746732229357,0.6148442611570432,0.6159240833247666,0.6242553644200128,0.6300180713989725,0.6026227875345052,0.6521003941769916,0.7094647136459473,0.6360085944355667,0.5999037300241703,0.6061840956972174,0.6282712214353134,0.6716669805997916,0.6698886255490862,0.6563676946691018,0.6226856219278915,0.660050199325267,0.6141488722159857,0.6294547026388133,0.7347684907924057,0.6569891270266452,0.7217760226794311,0.6072115033848657,0.6905820427689526,0.6256212239429222,0.6527662401341674,0.6091811823055104,0.6823109390142408,0.6727654737550985,0.6215108859773003,0.7015477168277655,0.6292484655699934,0.6354130954209452,0.6114477226266973,0.6106024602762233,0.5848434851417192,0.6318528752025477,0.5982058554044216,0.6148928395484159,0.6198715940853654,0.601188724786752,0.6285324606698398,0.608182387088931,0.7399960788185115,0.8115975012498516,0.6253280982053605,0.6426867879413517,0.6263743183634419,0.6135301865175644,0.6135792122939424,0.5860403955575622,0.6474674753030598,0.6466496724237321,0.6050147866280968,0.6278651469776475,0.6342997920373317
COD,0.678152098009559,0.5566986164854849,0.5379807995797508,0.5174762172965045,0.579299295492281,0.5970490884350472,0.5727381231527672,0.5751888550015284,0.5787681384406191,0.61327159229763,0.7825125023802609,0.5567170218827944,0.6733547881806178,0.617191945249263,0.5980433847767704,0.7149420269169964,0.667316770342124,0.0,0.627372234816331,0.6448025775787535,0.6792044151782941,0.5745456578899191,0.5974356212795832,0.6202348115869368,0.6032378907972052,0.5592130780925324,0.5941130602222855,0.5674765246176696,0.6097595548336248,0.5671646690549618,0.6285653001673355,0.7167531345342656,0.6141615342749238,0.5722556311137361,0.6255560709030402,0.6307786142042747,0.5929469788323384,0.6171157852521866,0.6377093437710658,0.5848894255825036,0.6328728291793777,0.5957153903788794,0.5680411790303999,0.6545728273118122,0.617531501193812,0.7438230351060071,0.6163722491135107,0.6652983115977092,0.5659854852066933,0.6200121117915199,0.5620075539631059,0.6636349414052529,0.6062877217134423,0.6255894745784589,0.7477542647028821,0.5891607163499221,0.5764205838291049,0.6133101409890283,0.5567290847158932,0.5496575409851584,0.6784093884625012,0.5797239989828684,0.5852469668830954,0.556411928815462,0.5664204274475151,0.5590717565427581,0.6305188094613521,0.7219501112455582,0.7932398421753151,0.5763097780685302,0.588885966184057,0.6034630817268722,0.6019280064360618,0.5947859744255114,0.5147350564783384,0.6012079118894554,0.584369798921804,0.5796166343356615,0.6348417165779603,0.6346785121088535
COL,0.6552033523149042,0.5937783952260726,0.5115132950490952,0.5094680730756194,0.5187366127439507,0.5295274835854141,0.597989365467741,0.5536099354256513,0.5215867869115667,0.5219565260935646,0.7474570314102392,0.5152707339324953,0.6039946436788611,0.5226632611860311,0.5395304042265674,0.5861991641187446,0.6097194739888276,0.627372234816331,0.0,0.5655208102976002,0.6472226532649026,0.5274481128038169,0.5429945853075411,0.5551675328764074,0.6141867460626136,0.5207113496067515,0.569588521122689,0.5514161940705556,0.5320135788911773,0.5187787496434461,0.5938732526376654,0.6842124944340374,0.5673980294514414,0.5043303857398765,0.5502408289668813,0.5812424792657924,0.5689199153112102,0.6069904961296961,0.599762305277608,0.5289396887763984,0.5904874750112339,0.5275416845988986,0.6048410328516539,0.7429666641522359,0.5575827568969938,0.680723346669255,0.5543976672521834,0.6251693135583043,0.58816003598246,0.5657613637100802,0.5250862359700696,0.6192584589428483,0.6118521741786256,0.5862939090615095,0.6962706883813011,0.5400455017990946,0.5666757867848234,0.5105394717776331,0.5097201550802601,0.5014945735114563,0.5402388847942629,0.530033611091291,0.5151980693358881,0.5503048996642299,0.5401875883625141,0.549159165481845,0.5689817049781554,0.6703673215915593,0.7835663755515297,0.5575430533978188,0.5708743577332143,0.5501902455805061,0.5225401563152839,0.6120740679289369,0.504107158179537,0.5376820232822828,0.6018661337603863,0.5144956070072388,0.5487151968836906,0.5548971957586133
CRI,0.6494349431610814,0.5298849822016186,0.5335719922236076,0.4993660285383966,0.4797889703981449,0.46166382144317186,0.5932158177529161,0.5086495549225953,0.49489717315143594,0.5166742688087859,0.766454470628589,0.4744281287153156,0.5114226899452452,0.5419288072285876,0.5783216572692736,0.5555068069630736,0.5922874902406485,0.6448025775787535,0.5655208102976002,0.0,0.5735324391685371,0.4876970287703294,0.5059167110378515,0.5026205369153514,0.5816072513117941,0.48013480160159666,0.4965981527547958,0.4860664841658252,0.488777323264437,0.47292542880608657,0.5194019794314385,0.562104216401318,0.5278064152259873,0.4640219694922756,0.5262632071618849,0.5825427979177041,0.5679536876641954,0.5381492263594124,0.5307760522940329,0.4891889525357252,0.5856341368470981,0.5014053662278528,0.5603252624834243,0.6783813237183971,0.5478009238123912,0.6769492609413452,0.4940567409494948,0.5533403458227066,0.49796176890237154,0.5701106759113584,0.4911434360790218,0.561111101597348,0.6082496272966015,0.5196872452117401,0.6668297593689765,0.4812293899265764,0.5166211583177978,0.5094273008314838,0.5070085163352953,0.519003799274436,0.5459667011619858,0.45730299764252724,0.48968190912211174,0.5604712385840969,0.48848404296084996,0.5302718045284018,0.5382034911580303,0.600247705491799,0.7618348878561054,0.5031416096166839,0.5136556865837557,0.47993249454907827,0.5231348012792139,0.5744639873613873,0.46805659549941364,0.48531293470544556,0.5638192980993033,0.49642135242615915,0.5665417700311512,0.5563973240700913
CYP,0.69565073023156,0.5898432519038277,0.6164895865537204,0.5700303299833269,0.5607276642399625,0.562293302023479,0.6111059806914896,0.5813381651259387,0.5518026158561623,0.6224588059637326,0.7995733928929156,0.6067738660357236,0.6078717636967524,0.6321375620717702,0.6521361077468644,0.676044185617907,0.6957311685792043,0.6792044151782941,0.6472226532649026,0.5735324391685371,0.0,0.5962824568421908,0.6057398595091671,0.5406858523474835,0.6119757459407417,0.5821800845159784,0.5402461720929034,0.6123679789549415,0.5822337499837269,0.5583287562290943,0.5685515779401799,0.6221897835928646,0.593664706670039,0.5760342027738876,0.6165764056465559,0.6705333566420869,0.5900762059270461,0.5485041902154794,0.6398612215231171,0.5645307713940866,0.6345799268590957,0.6093480157332929,0.6635507379989658,0.72109363038087,0.6250028353187125,0.7398154457320847,0.6033698527582623,0.5798780713621433,0.5744296124335966,0.6187907869562151,0.6386948554709094,0.5598509267609586,0.6642479093529589,0.6113758249441272,0.744905964024962,0.5745015002207984,0.5739824594028874,0.5946687580782961,0.576789011505583,0.6165175149537157,0.6378123732297102,0.576644643484673,0.5503091761721048,0.6336715512945975,0.5824577822500079,0.5861642611088421,0.6528932094503895,0.6416442096177636,0.7410184905732641,0.5954363361974814,0.575911067178399,0.5903071174868375,0.6078635651007667,0.6307483301636158,0.5627174197006806,0.6145123195606971,0.6559420495891525,0.6168265453122571,0.6400914532618677,0.6508615688807196
CZE,0.6351572816029832,0.4715658766063315,0.44840850250442216,0.43231029203963417,0.36519632874767305,0.42415645097809335,0.5458784618235842,0.4376310591216687,0.43107787469549635,0.4944822904601566,0.7714946601197435,0.42655023163965455,0.5191449761493775,0.4917318816515716,0.4990929486562594,0.5779075291117342,0.6079921561997538,0.5745456578899191,0.5274481128038169,0.4876970287703294,0.5962824568421908,0.0,0.4167610046671166,0.4962143706690825,0.5597790564142853,0.4037042709947452,0.42455039477184914,0.40887823579218224,0.42982282419583445,0.4183171130628555,0.5366189620554955,0.6190210656086157,0.48642867782323473,0.3861851645174306,0.5308242191955318,0.5597369382249165,0.4976451973311504,0.5294468575456649,0.532922782493823,0.42623182309688173,0.5546349382962614,0.46329003945721836,0.592750665312952,0.6702516625589936,0.4764985196709463,0.7060396406327738,0.4520724918450442,0.5469050151101514,0.42712342238908296,0.526299415623651,0.474831759347078,0.5152040645942553,0.5888341725494888,0.5044850049090953,0.6987524235775388,0.4217102451434423,0.48014464054670186,0.45086063932849113,0.4418951556123303,0.4930414433750241,0.5385295830137116,0.35219960364033176,0.40289802401360825,0.4546445650094966,0.41675642591428824,0.5278725069667582,0.5211914244904321,0.598702150461637,0.7612690521897876,0.36948151201173857,0.4122065008460412,0.40015065938078237,0.5163463735942377,0.5212775241801021,0.39561006662095066,0.4682395917995723,0.5053631226651645,0.43835615615813606,0.5158547415066462,0.5147014769691565
DEU,0.6492538523607266,0.4665849396846826,0.4960635757564107,0.4638932091168362,0.36176543258135013,0.3788311581984293,0.576752633660659,0.48030973325334464,0.47471291534989907,0.5036810020110202,0.7826219153392169,0.44182559163528695,0.4912320760660526,0.4927086619768781,0.5195550882143423,0.5727344813784138,0.6457583455840581,0.5974356212795832,0.5429945853075411,0.5059167110378515,0.6057398595091671,0.4167610046671166,0.0,0.4671704222763384,0.5859709594464522,0.4028989027990068,0.45090436526289707,0.4200091505530074,0.3897981872607427,0.3884254037179196,0.5056102372823474,0.6239726062567191,0.48049555858783194,0.3992417969737446,0.573509694975143,0.5922219648899607,0.5017436926614749,0.519043984141329,0.48833140119623064,0.3718905753286646,0.599518748318766,0.4491602917645764,0.6214641327543612,0.7090614973675783,0.43300434530608295,0.7434268164791933,0.5093198957986749,0.5700329544648808,0.4843314034633747,0.5508343310860637,0.4819693363827585,0.5178953311580722,0.6047416852494722,0.5585202636887616,0.7167304056492888,0.4058910167798579,0.4670810366963021,0.45684333161701063,0.48063555385285683,0.5108990946388621,0.5817709775615006,0.4146349470922568,0.435674046495038,0.5157911660118868,0.44994925281713527,0.5300965417290917,0.5677021641920708,0.5662865857916939,0.7899553209530457,0.45778332429172486,0.4236746610540799,0.39692231737408673,0.5331800809887489,0.5501937016442231,0.4325346161524416,0.4523893857139951,0.5602040557975827,0.4153684856433404,0.5783473606018558,0.5646094160934686
DNK,0.6558976870851686,0.5487366007864574,0.5193831532779272,0.5073430665055622,0.47126120968606966,0.46450539663218743,0.5590048360041441,0.5443965187170111,0.5146128722255878,0.5496503406105046,0.7680061107097427,0.48616815234299837,0.5368615828600626,0.5517584999608263,0.5739503014844295,0.6130477603450639,0.6395600475911536,0.6202348115869368,0.5551675328764074,0.5026205369153514,0.5406858523474835,0.4962143706690825,0.4671704222763384,0.0,0.584116830493109,0.5048366684373538,0.46821270385543484,0.4937883390701265,0.4992825150741605,0.44613738509630535,0.5195048631090704,0.57171023540712,0.5213662738460415,0.4841841952266149,0.5771410115707344,0.629583378200628,0.5407901939632932,0.5595880292848853,0.5359578440494319,0.4507326775023661,0.6071329678864784,0.5263921941990403,0.6145257703881006,0.7179052077081906,0.5343398616846068,0.7275661767309546,0.5388212852754756,0.5602677225332594,0.5144590475065651,0.6093451588523962,0.5243675423782906,0.5631601905917355,0.6149085699689762,0.5683081408752225,0.6923492818956799,0.44064951244516964,0.4125498509252735,0.5092332011399517,0.5006230668847901,0.5516031281857252,0.5992769417855831,0.5008307389642505,0.4821698099201609,0.5724583147216553,0.5013204171751093,0.5358907335692024,0.5920886809866519,0.5635229492692985,0.7858486502626691,0.5359005209457031,0.516567180313228,0.48008727814683055,0.5541954461029174,0.5783828863888575,0.5029231026660819,0.5357930435684707,0.5944680698216553,0.47536981699860975,0.5812525090763697,0.5942320648860823
EGY,0.703513978550538,0.5442514008037599,0.509250468735757,0.5483602823759406,0.5739473513712832,0.5535762309334933,0.5831356365008282,0.539170295045789,0.5138475904479197,0.5539368185532895,0.7812069833198596,0.5478138743487246,0.641665804705074,0.6083698337760938,0.5531790026242978,0.6674452499291633,0.6610746732229357,0.6032378907972052,0.6141867460626136,0.5816072513117941,0.6119757459407417,0.5597790564142853,0.5859709594464522,0.584116830493109,0.0,0.5473518763636945,0.5724144387421694,0.5777587233917628,0.5972995244755324,0.5677240778161685,0.5632845070065613,0.7098664035275974,0.5815197803213351,0.5559949490545129,0.6106165934089852,0.5997645456861436,0.6518536130697814,0.611012386048199,0.6189115679157315,0.558171546106418,0.5582569834367623,0.5652217028587401,0.5988955238248259,0.6646247563392681,0.5585681370751501,0.7267804535512451,0.5896908723350621,0.6723774829842568,0.5961755926218504,0.6002281060686258,0.5607639427583267,0.6462504869614328,0.6002679067271586,0.606489887279683,0.7522990789785512,0.5752458640855275,0.5713559062083814,0.5758006370623957,0.4896902609598476,0.5461479152987898,0.6235937451188134,0.5642631297175354,0.5703248503667019,0.5518963236479076,0.5409179397776736,0.5693430505818788,0.6261208036047753,0.6706942009900472,0.8082348927743194,0.5590523108967909,0.5932643559664441,0.5741202292811989,0.5711870882066167,0.5833464091372143,0.4673268597415252,0.5402499497276833,0.55886274984151,0.5490629731277232,0.582374422502993,0.5955851519907681
ESP,0.6469871010658267,0.4432955043267984,0.4667610279476538,0.42130921471198157,0.37017603483505584,0.39518978939782756,0.5611893323678678,0.4392518778375329,0.423320770421577,0.4592047748402345,0.7774871856971318,0.43744113395195855,0.5029895238467698,0.5158558077728964,0.4947377290898248,0.5570441122575197,0.6148442611570432,0.5592130780925324,0.5207113496067515,0.48013480160159666,0.5821800845159784,0.4037042709947452,0.4028989027990068,0.5048366684373538,0.5473518763636945,0.0,0.45856000087550275,0.41728909856581364,0.4008034798687042,0.4110312382055709,0.4963518515275785,0.6345302767865522,0.46430703123452755,0.39489127098064863,0.5170547217114106,0.5382714358945105,0.48981212996307594,0.5039271609928226,0.5308124302976902,0.37077641338383965,0.5733670573122197,0.447632176308377,0.5913161909057625,0.6892713143234266,0.4352907176934779,0.730039949844989,0.46542989457912415,0.5389725374693038,0.44822271309992984,0.5130193363776995,0.4709730153021529,0.5182176699703911,0.5810132342203888,0.5300776829056449,0.7027132141219248,0.43486476819785147,0.49112694891237113,0.4586112564051277,0.4531209433667049,0.4775004980271915,0.5590845523079156,0.38627055829532847,0.39148518891522605,0.4915850111264735,0.4255259582227141,0.4219154277113389,0.5315024539176019,0.5934876660819216,0.7663486083465711,0.4060750373497652,0.422748001721942,0.41843440301454216,0.47851615619367693,0.5237212498425847,0.3817719654491323,0.43650641738221374,0.5438958994435472,0.4523472138629116,0.5434363261141909,0.5273861352878623
EST,0.6272180402310044,0.5115194191238444,0.4965579579916654,0.47769659437724005,0.426903102954061,0.4553667641733676,0.5623804877594164,0.5002610163827648,0.4846556113461066,0.5431414134841335,0.7842105290550878,0.4739892005914624,0.528824111014558,0.5245393865017919,0.5695927675015134,0.5806056246743654,0.6159240833247666,0.5941130602222855,0.569588521122689,0.4965981527547958,0.5402461720929034,0.42455039477184914,0.45090436526289707,0.46821270385543484,0.5724144387421694,0.45856000087550275,0.0,0.4694544483351105,0.4742363996714954,0.44057902024773105,0.5473956170116707,0.6045513018957738,0.4838779973438949,0.4409402923784631,0.5586066388806892,0.6074845939979895,0.5201963492507476,0.5492940274269478,0.5605637647631552,0.45165580203342126,0.5885651843251059,0.5156936564483936,0.5964756576717458,0.6829876077070849,0.5429073470892017,0.7127194011555578,0.43906512999491515,0.5437563802126836,0.40943363954487094,0.5493665830767199,0.5085361598197257,0.4878653382300592,0.6122250174503779,0.5375836940516384,0.7043043936542277,0.4404097088871293,0.4515244652193005,0.4899541467573171,0.4912801312284536,0.5175754480573076,0.5628557062381893,0.42689134606111484,0.4608432513763523,0.5110036879280108,0.4377731585233297,0.5274158224753943,0.5578498829793542,0.6048982707007428,0.7635370840081513,0.4584813871756004,0.4538628819158538,0.43816077271482073,0.5477569793825159,0.5465796009238496,0.44767061356609267,0.5181598776063743,0.5593670627192353,0.4938185270956196,0.5412390821921653,0.5906309818670415
FIN,0.6425164123628208,0.471990428422916,0.4840387058144879,0.46248994114844616,0.4008064324987576,0.418960559376226,0.5693860992398448,0.4746493895512079,0.47035897982016417,0.4964629877964425,0.7671299191714099,0.4259737771409145,0.5027392992504345,0.4932557370244449,0.5106156769005292,0.5737989713874897,0.6242553644200128,0.5674765246176696,0.5514161940705556,0.4860664841658252,0.6123679789549415,0.40887823579218224,0.4200091505530074,0.4937883390701265,0.5777587233917628,0.41728909856581364,0.4694544483351105,0.0,0.4277782894588115,0.43508887900048243,0.5296431925007237,0.6054040109894602,0.4875197144933904,0.40861477537730645,0.5328029343956083,0.5770129828597395,0.5167318188529296,0.5484080447601465,0.518520749227772,0.4198495494827207,0.5844346263269505,0.4610313139852088,0.6001693517779342,0.6698108513528497,0.4607117152605511,0.7215171500814418,0.49048354627702456,0.5520954648990226,0.4434262597525774,0.5428673229530079,0.48245337803449245,0.5335529262815136,0.5835728192237852,0.523347526677404,0.7063413571759637,0.4363148077272184,0.4643378024194916,0.4806075530232112,0.4662276463220863,0.5085589526404681,0.5625165013993941,0.3903488562664069,0.4068156667937204,0.5149302214862383,0.45425976882199337,0.5331909235896015,0.5342945821910116,0.5679013966089548,0.7687818344693116,0.45025167277536965,0.4359519197228187,0.3813668024552869,0.5275617795014833,0.5274693467366226,0.4243045828027599,0.44389730255903176,0.5417939725907769,0.44232918288856027,0.5483298603660522,0.5370181098632993
FRA,0.6293940207602483,0.47795105231772134,0.5149387518381728,0.45076285054858745,0.3715158111464953,0.3893478694104527,0.5788418163685654,0.48605547732824395,0.4781188369667215,0.49672686401797633,0.7713173276732904,0.4402991205621189,0.49987617591650535,0.47895577089997116,0.5632861594779406,0.555699898720141,0.6300180713989725,0.6097595548336248,0.5320135788911773,0.488777323264437,0.5822337499837269,0.42982282419583445,0.3897981872607427,0.4992825150741605,0.5972995244755324,0.4008034798687042,0.4742363996714954,0.4277782894588115,0.0,0.3872621020171447,0.5015171282349327,0.6019144153988255,0.4838069525340847,0.39904374778054386,0.5687334494165257,0.5930101539330299,0.4854754735990421,0.5232162411378608,0.4892963156208919,0.39805807989448444,0.6072672165560794,0.4714371275345452,0.6046222407220749,0.7081459669596148,0.47950716701795487,0.7281835104279542,0.48540089684816184,0.5353379101559064,0.4623676846774341,0.5445444813337258,0.49043259685429075,0.5149360761660096,0.6036893855376869,0.5394609321240946,0.7073480034486538,0.38710293491546954,0.4957905401087173,0.4461647101566644,0.4871817458259952,0.4956956865269317,0.5864432497927676,0.41692074484465774,0.4027878655452021,0.5193073632193748,0.45959912079097043,0.5278087628314874,0.5370290224929386,0.5750852748076428,0.7738765440422917,0.4395827709328135,0.4164673526741135,0.4244393394503564,0.5204254072188306,0.5614253546744162,0.44264923556329455,0.4652184631182841,0.5665059573937526,0.43028915206750523,0.5871691982511958,0.5518005057645898
GBR,0.6215396059488018,0.4554037998265486,0.45692665671778254,0.4056676569074918,0.3789817231717879,0.3896233061048804,0.5320577232566692,0.4938349206362733,0.4559933314640364,0.47949063021320676,0.77305357743671,0.4038686267334299,0.48977450568302366,0.4794412996182031,0.5254727651357487,0.567625347709055,0.6026227875345052,0.5671646690549618,0.5187787496434461,0.47292542880608657,0.5583287562290943,0.4183171130628555,0.3884254037179196,0.44613738509630535,0.5677240778161685,0.4110312382055709,0.44057902024773105,0.43508887900048243,0.3872621020171447,0.0,0.5130911619881283,0.5809306685526534,0.47540690239663874,0.41098315205809455,0.5507259941392894,0.5670899231321198,0.4288820297607236,0.4631381968309535,0.48109172285195456,0.38105684228449516,0.5628166164131233,0.4632626353963339,0.5673714551057812,0.6948996803579777,0.47972006199709133,0.7292647225844208,0.4878083421214925,0.5288690236437463,0.4702576281488353,0.551713207515281,0.4599797505802685,0.5016453953881161,0.589664367617164,0.5122151253075301,0.6790517788343358,0.36292349555515435,0.4319037932495151,0.42346986826581173,0.46036685464413424,0.4663213089078385,0.5567011924431278,0.4155058014894245,0.4138577570495341,0.49567088324543146,0.41847653503448756,0.5022055527818121,0.5393319335053055,0.5623497103697896,0.7351646968689726,0.43766195434098676,0.4056937219566515,0.43642977603642447,0.5045710752249275,0.5359820864908115,0.4067862206880673,0.45692102781990307,0.5567228868974724,0.3993567444900276,0.544604101783865,0.5526202732878317
GRC,0.6596949958827016,0.5305687432166276,0.5453097892156223,0.52129662350317,0.48362954526377055,0.4886446144363707,0.5932264756304392,0.5096326882993395,0.4979199288078382,0.5377698519095433,0.7656130976141632,0.49836897890660226,0.5624988851456837,0.5217793592291999,0.5768603636461336,0.6106382387637045,0.6521003941769916,0.6285653001673355,0.5938732526376654,0.5194019794314385,0.5685515779401799,0.5366189620554955,0.5056102372823474,0.5195048631090704,0.5632845070065613,0.4963518515275785,0.5473956170116707,0.5296431925007237,0.5015171282349327,0.5130911619881283,0.0,0.6495556562409728,0.5071202825087681,0.47006380730122965,0.6005953113079782,0.608977359502354,0.5964904926170549,0.5583368401772202,0.5376858350755519,0.5015692580277431,0.5978066677352744,0.5197662447188349,0.6082009593597567,0.7213627765203089,0.5208472922604384,0.7400570903841451,0.5594312611001583,0.617022497154788,0.5261370012167522,0.572877608182491,0.5334407513034625,0.5970295308713347,0.6243309046294105,0.5925871398957989,0.7217694375903421,0.5060362587485715,0.5416006695471512,0.5325894154278058,0.5030589639939721,0.5435706917552333,0.6034141466881493,0.5114332508455299,0.5028171381166843,0.55535118767752,0.5018937094878257,0.5725029382996435,0.581173301391498,0.6125486871104892,0.7823016123848364,0.538715098044681,0.5350423525658475,0.49831895728724257,0.5476153785452466,0.5915331567343837,0.5034809857276508,0.5153167257193523,0.6206308438746434,0.4956899452172488,0.6028056106039443,0.5886738075192279
HKG,0.7061107181384039,0.6168382290620972,0.6901674763414405,0.6222680640364767,0.6009055941166938,0.579104930903158,0.6641161941792496,0.6582442921144434,0.6436511451277832,0.6776068816118954,0.8126620239320831,0.6377721546394685,0.5996968575509884,0.6541464326605456,0.7362954914413068,0.6921652498226377,0.7094647136459473,0.7167531345342656,0.6842124944340374,0.562104216401318,0.6221897835928646,0.6190210656086157,0.6239726062567191,0.57171023540712,0.7098664035275974,0.6345302767865522,0.6045513018957738,0.6054040109894602,0.6019144153988255,0.5809306685526534,0.6495556562409728,0.0,0.6466095399676993,0.6074858207590111,0.6718730395189496,0.7338533786917774,0.6277210047310751,0.607111885928828,0.6048992083120618,0.6255073357643515,0.6772946281395659,0.6282239423808653,0.660441888998396,0.7461351028557526,0.6785838922364028,0.713839275055034,0.6210579545112895,0.6000170812434903,0.6021927649263914,0.7256361752928384,0.6375703555301822,0.6305751483392706,0.7589415006204309,0.6116142539401803,0.7245400621234395,0.5655052427873501,0.6031621565853352,0.6324677922451645,0.6644575024987747,0.6874994266583537,0.6474273061785575,0.6040224077358706,0.5950452220745182,0.6904984221292878,0.6156222802949662,0.5988667001338986,0.6845904093123197,0.5736375190782131,0.7739020899138629,0.6182366509312233,0.6165527660039991,0.6200465181869339,0.6708304013395067,0.6982179145383824,0.6484690480068543,0.6351729526888408,0.6929947578041488,0.625946409869847,0.6975470910367152,0.6817419067752687
HRV,0.5956795654811494,0.49208232985871464,0.5014567365024697,0.48660487010143744,0.463781044467548,0.4636867738097829,0.5856881440450262,0.4914813444279318,0.4626766816788351,0.5242038715388029,0.7515558417528223,0.4804170961064095,0.538464613533167,0.5126839589264929,0.5320798075905119,0.600011562172962,0.6360085944355667,0.6141615342749238,0.5673980294514414,0.5278064152259873,0.593664706670039,0.48642867782323473,0.48049555858783194,0.5213662738460415,0.5815197803213351,0.46430703123452755,0.4838779973438949,0.4875197144933904,0.4838069525340847,0.47540690239663874,0.5071202825087681,0.6466095399676993,0.0,0.43278529534927246,0.560471536463775,0.571118630099973,0.5478178451711702,0.5336083218638569,0.5586121647938862,0.45754043613763495,0.5766782042577416,0.4981422831601755,0.6084668480038474,0.7019564300985789,0.5301644824866628,0.7096190179691734,0.49312238171199557,0.5916931686518658,0.5080626323627099,0.5620044899487692,0.5239230512614084,0.5465345161614734,0.6136616808165394,0.5725372847901381,0.7110072791510805,0.4792306219612472,0.49914882380926745,0.4719334551240325,0.47956444611047866,0.5283622715127154,0.5651866884837389,0.4516960010861651,0.4782311824524445,0.5153138952768769,0.43761857199078324,0.554544228562863,0.574619191108431,0.6176526201188215,0.7734535218410771,0.46364760614137834,0.4804003869647029,0.4767988259889784,0.5178274176286001,0.5450544246523388,0.4718121833012382,0.5152861909303431,0.5916016623385991,0.48765974907437093,0.5497149444333799,0.5648893532212592
HUN,0.6094442846860514,0.43356180118120374,0.4457922936550678,0.4202700693166781,0.35280762926206166,0.39578241085088256,0.5404214808910216,0.4028615518151383,0.41350235869549734,0.4657025602716417,0.7458907415178906,0.40268159766595735,0.5054341196188569,0.47132470888146244,0.4912770366619835,0.5398241070515565,0.5999037300241703,0.5722556311137361,0.5043303857398765,0.4640219694922756,0.5760342027738876,0.3861851645174306,0.3992417969737446,0.4841841952266149,0.5559949490545129,0.39489127098064863,0.4409402923784631,0.40861477537730645,0.39904374778054386,0.41098315205809455,0.47006380730122965,0.6074858207590111,0.43278529534927246,0.0,0.5195296518390715,0.5205050440510997,0.49824186432827305,0.5092385278646409,0.49400626191038427,0.3953725013129478,0.550095644334209,0.4263270872435451,0.5648026992472747,0.6739937782973316,0.4564407552670802,0.6941030831362117,0.4419246157243257,0.5411472195468316,0.4458707101682891,0.4896114729262991,0.43745834785206733,0.5147346954479183,0.5682845499367045,0.5173471270695295,0.6800634499651884,0.4219030580142094,0.4769514108642555,0.42587300410408757,0.4204712618187772,0.47387536783434925,0.5253361930814282,0.36036218235605855,0.3929178565894155,0.4745503267102868,0.3951691317966448,0.5141309105133206,0.5151691455028946,0.5942382520433461,0.742288501008105,0.4040691881847565,0.42325604627746455,0.38107591730893453,0.49354302310739,0.4999278174145111,0.3962456401083811,0.45517279684514855,0.5359364302223483,0.4103673104156541,0.5355175684943138,0.5042230701155167
IDN,0.6466220170954352,0.535549892518692,0.5379214564588831,0.5213443240258686,0.5408362822499865,0.5533704135949717,0.6281892512368744,0.5209844775996443,0.47185247229522076,0.5166648186519868,0.7456482835211393,0.5360333131800763,0.6128126302613011,0.5979423216472044,0.5187290387141602,0.6068878627199659,0.6061840956972174,0.6255560709030402,0.5502408289668813,0.5262632071618849,0.6165764056465559,0.5308242191955318,0.573509694975143,0.5771410115707344,0.6106165934089852,0.5170547217114106,0.5586066388806892,0.5328029343956083,0.5687334494165257,0.5507259941392894,0.6005953113079782,0.6718730395189496,0.560471536463775,0.5195296518390715,0.0,0.5691893496230995,0.5909694063601508,0.5963191374826333,0.6249379918038509,0.5498524475109231,0.5642782884695797,0.5337321117331413,0.6166201927830011,0.7145545127097406,0.5671421101054439,0.6593295064064553,0.5622135369274116,0.6150161748165182,0.5941105771479159,0.5441850593166936,0.5481636244863904,0.6116913113898478,0.5863722072714476,0.5344814156383068,0.6994255508179832,0.5677775755487382,0.560394060113394,0.5620524413977525,0.5141504643890517,0.5466094915338124,0.5188421129859303,0.5092941173407949,0.5287896812208254,0.5509002006295195,0.5127292320136121,0.5640092036613676,0.6184329514457365,0.6641958680977301,0.7802825359060623,0.5447908459443359,0.574087016601623,0.5546795231150434,0.4793599067469949,0.5663666594223685,0.5176652884969752,0.5128405239735173,0.5708322440703205,0.551518158737709,0.5350326979563408,0.58117883525118
IND,0.6784187139253747,0.5555187286533346,0.5076455814174292,0.5325184968699662,0.561670389728769,0.5670747051164144,0.5912687982689706,0.5123649933751776,0.5040842019219317,0.5267117514575389,0.7753281643926369,0.5313890323262029,0.6484611208700543,0.616438128035902,0.534152694603043,0.6092769161665247,0.6282712214353134,0.6307786142042747,0.5812424792657924,0.5825427979177041,0.6705333566420869,0.5597369382249165,0.5922219648899607,0.629583378200628,0.5997645456861436,0.5382714358945105,0.6074845939979895,0.5770129828597395,0.5930101539330299,0.5670899231321198,0.608977359502354,0.7338533786917774,0.571118630099973,0.5205050440510997,0.5691893496230995,0.0,0.6377044187995169,0.6071607011089948,0.6123894171840047,0.564909630836245,0.5599515342786123,0.5435196845455941,0.6041285944973848,0.705528132480839,0.5679734258408602,0.7127679213089329,0.5767137989499624,0.6610919915610631,0.6178247045073709,0.5497138644160875,0.5291557956515153,0.659628306887132,0.5884719366020433,0.5864275781344017,0.7445345726111687,0.5907566550337872,0.6040434337519885,0.5784822636643627,0.48886373470822003,0.562688317661687,0.571531825154241,0.5459682081931009,0.577159428972724,0.5484807273501886,0.5207071415623247,0.6008096116942807,0.606109692649739,0.7043914524934943,0.7904556480950776,0.5604480578016288,0.5986880240104626,0.5749499768302173,0.5413239382301117,0.5684695468166766,0.5126464797746002,0.5640948969227355,0.5814254294965153,0.5560257748626679,0.5797675418652771,0.5727627123135911
IRL,0.6738558058632395,0.5262005596066075,0.5595717922371155,0.4910554450416187,0.4673901678702274,0.5187806651960664,0.5916261844157491,0.5551170770658277,0.5403548407848862,0.5760049106022875,0.799169336972116,0.5252751983941814,0.5725319513996586,0.5507364845911371,0.595252446638751,0.6426153739842478,0.6716669805997916,0.5929469788323384,0.5689199153112102,0.5679536876641954,0.5900762059270461,0.4976451973311504,0.5017436926614749,0.5407901939632932,0.6518536130697814,0.48981212996307594,0.5201963492507476,0.5167318188529296,0.4854754735990421,0.4288820297607236,0.5964904926170549,0.6277210047310751,0.5478178451711702,0.49824186432827305,0.5909694063601508,0.6377044187995169,0.0,0.4992388129239555,0.5862813878285904,0.4940764630397709,0.6378624827373676,0.5413852657935917,0.6492509354392163,0.72353015177242,0.5756097820828733,0.7418280165626951,0.5556193385534722,0.5665369561705089,0.5185044941535697,0.603495634891656,0.5648006877586416,0.5236343265090121,0.640084926470088,0.5690097250815279,0.7117020740693797,0.49740746539782704,0.5367254214000983,0.5220457381279525,0.5553433079864087,0.547526042230259,0.5964802866246379,0.5010083465690769,0.4844775581601161,0.577492964206203,0.5353250608312684,0.5384386992232295,0.6132088479233805,0.6051358666565279,0.7158940600663418,0.5187124255160427,0.48305678422776976,0.5070018843275159,0.5645863456104202,0.6074731093834442,0.49927477414058985,0.5465638763967255,0.618698927515055,0.5208865342479095,0.5889922693237338,0.595922735369822
ISL,0.6386217778612342,0.5064233106219359,0.5621618582053116,0.5135306579130741,0.5087105937174494,0.5142241879938013,0.5613012957479828,0.5528002842907046,0.475771495947278,0.5719458033223708,0.8132947399624361,0.529563966326785,0.5700716805796213,0.569638799283832,0.5972732564274016,0.6454657252752568,0.6698886255490862,0.6171157852521866,0.6069904961296961,0.5381492263594124,0.5485041902154794,0.5294468575456649,0.519043984141329,0.5595880292848853,0.611012386048199,0.5039271609928226,0.5492940274269478,0.5484080447601465,0.5232162411378608,0.4631381968309535,0.5583368401772202,0.607111885928828,0.5336083218638569,0.5092385278646409,0.5963191374826333,0.6071607011089948,0.4992388129239555,0.0,0.5870009542298706,0.5209786622084611,0.6089747970258524,0.5487100829563255,0.601499939302525,0.7191129852715847,0.5674688116647725,0.741275033402965,0.5662241314941876,0.5642358174781245,0.5461706127767678,0.5946975718756048,0.5755876877673858,0.5396386873284933,0.6419942680746055,0.5856357227538252,0.704875173064742,0.5176929686351516,0.5493516425028431,0.5170038440741778,0.51302797845607,0.5647286399070484,0.6082815502989147,0.5186755719003994,0.5197752816591314,0.5804896060873022,0.523988326743155,0.5384895749368125,0.6079639844665534,0.6173769339818789,0.6960504611451964,0.5175965610739388,0.5212071194584327,0.5402323381816122,0.5678532797259613,0.5751022142535236,0.5023789686114839,0.5590902408423978,0.6095166044076232,0.540134370099628,0.6082280596389357,0.6043307930822234
ISR,0.6810990345303257,0.5480428997159453,0.5479281244934833,0.5409314902901066,0.4988907677688452,0.44750056370138164,0.6298449932134559,0.5711625996779955,0.582810290718627,0.5453115820045942,0.7927777598144456,0.508514163882133,0.5404969653886663,0.5140781624514651,0.6181112744579489,0.617907406732776,0.6563676946691018,0.6377093437710658,0.599762305277608,0.5307760522940329,0.6398612215231171,0.532922782493823,0.48833140119623064,0.5359578440494319,0.6189115679157315,0.5308124302976902,0.5605637647631552,0.518520749227772,0.4892963156208919,0.48109172285195456,0.5376858350755519,0.6048992083120618,0.5586121647938862,0.49400626191038427,0.6249379918038509,0.6123894171840047,0.5862813878285904,0.5870009542298706,0.0,0.49672425333843884,0.620549697592233,0.5485322758356227,0.6271607689438448,0.7329581270322137,0.5456519720031047,0.766221049355307,0.5876244685472819,0.598117202023598,0.5840798846797081,0.6129935521930006,0.5215012406850875,0.5906072361487815,0.6579869017360045,0.6003220714251689,0.7183693577399858,0.45394216135500165,0.5496808934052072,0.5401044863623778,0.5682982059724241,0.5529059241188786,0.6207570706308843,0.5280692547890853,0.49520267821846975,0.6066226227575813,0.5396808716447941,0.5703223222919743,0.6013703337219235,0.5934708479056928,0.7825260968708239,0.5712603599910941,0.5436938097561863,0.5163286942779586,0.5793030333859537,0.6184979949396505,0.5345289982875905,0.521845670561312,0.6175020879313102,0.48550300725149537,0.6345756278402277,0.6079993663085136
ITA,0.6535970957919514,0.4584762269167023,0.4667450333660479,0.440643213115478,0.38019011728373187,0.3916394223215981,0.5619475905603756,0.4731780749626959,0.46172202588428735,0.4774763986398361,0.7774837199064061,0.4298637361436381,0.5120349168468963,0.5016060395255083,0.4985366667079509,0.5665509987233238,0.6226856219278915,0.5848894255825036,0.5289396887763984,0.4891889525357252,0.5645307713940866,0.42623182309688173,0.3718905753286646,0.4507326775023661,0.558171546106418,0.37077641338383965,0.45165580203342126,0.4198495494827207,0.39805807989448444,0.38105684228449516,0.5015692580277431,0.6255073357643515,0.45754043613763495,0.3953725013129478,0.5498524475109231,0.564909630836245,0.4940764630397709,0.5209786622084611,0.49672425333843884,0.0,0.5862791913070772,0.4499859643553139,0.6037312987235084,0.7023042830648231,0.45516844140642915,0.7492847413816086,0.48377409668458016,0.5362822683396558,0.4656933871937676,0.5354246787486083,0.4584914098796444,0.5111080788391832,0.5894660097266914,0.5485446083886727,0.6910115247764932,0.4186976937543507,0.4685876977359057,0.4668898627012255,0.47780765140652803,0.4907295947890752,0.5689800971291165,0.4073605654123909,0.4153705299059703,0.5068124879884727,0.43438310506928035,0.5043781136556793,0.5532242098121066,0.584675011435521,0.7740866721844968,0.4461143295279637,0.43248857848984845,0.404128921914846,0.5087635192295987,0.5358750643984102,0.412092959289385,0.4535045405507605,0.5569914920860778,0.427941688318209,0.5738908998562608,0.5378622330089055
JOR,0.7124222558824646,0.5579768325273186,0.5513151164128011,0.5485959874438884,0.5789409893695192,0.581689893239569,0.6172235393258846,0.5413385135571132,0.5064799715783471,0.5544956565395793,0.7602036389164563,0.531407054152279,0.6726382672629715,0.6119338202608267,0.5507817793461823,0.6505941122177482,0.660050199325267,0.6328728291793777,0.5904874750112339,0.5856341368470981,0.6345799268590957,0.5546349382962614,0.599518748318766,0.6071329678864784,0.5582569834367623,0.5733670573122197,0.5885651843251059,0.5844346263269505,0.6072672165560794,0.5628166164131233,0.5978066677352744,0.6772946281395659,0.5766782042577416,0.550095644334209,0.5642782884695797,0.5599515342786123,0.6378624827373676,0.6089747970258524,0.620549697592233,0.5862791913070772,0.0,0.5548483480206947,0.600133146449143,0.7285496199110995,0.5889690181561457,0.6883418306441789,0.5804268381698074,0.6531321569563165,0.6192385394255547,0.583480833661912,0.564477589083736,0.6626032917797836,0.6636251227134241,0.560390538399064,0.753713633647283,0.5834007630594454,0.5885415506202188,0.5810509182198604,0.5400598340058622,0.5536949556348821,0.5907526497398808,0.5625325834651379,0.576402087970548,0.5787970271794991,0.5165525215429062,0.6008766154656199,0.6125785262572904,0.6832786848927386,0.7783559142853056,0.554019345189362,0.6198866354993684,0.5759956870951524,0.548325493365522,0.6091396395655794,0.5504366818503,0.5505900496263676,0.5805449699987112,0.5576165783343119,0.5966859067266065,0.575578685982261
JPN,0.6814903337514207,0.48845199426738284,0.4754057667497294,0.4667213540843461,0.4526273066064161,0.4630472640406249,0.5717780745586891,0.48125573738286487,0.44137990605159744,0.50180301731391,0.7816075801451157,0.43776332177248134,0.544653246068418,0.5336807253136199,0.4859936093537831,0.5586885863598399,0.6141488722159857,0.5957153903788794,0.5275416845988986,0.5014053662278528,0.6093480157332929,0.46329003945721836,0.4491602917645764,0.5263921941990403,0.5652217028587401,0.447632176308377,0.5156936564483936,0.4610313139852088,0.4714371275345452,0.4632626353963339,0.5197662447188349,0.6282239423808653,0.4981422831601755,0.4263270872435451,0.5337321117331413,0.5435196845455941,0.5413852657935917,0.5487100829563255,0.5485322758356227,0.4499859643553139,0.5548483480206947,0.0,0.5876615340377813,0.6766009162789192,0.45172185691848804,0.7217968947694132,0.5082014414347045,0.581207265195556,0.5112847858512988,0.5221125045836269,0.475044873173255,0.568368467486712,0.5927814224509617,0.5616778873550584,0.7117586752684409,0.492333655075386,0.5261209281722399,0.5222515395120892,0.4716265002403936,0.5105877399165223,0.5584260060264786,0.4361947560880126,0.4617191902728019,0.5105833233970742,0.46966761180289224,0.5301504959452054,0.558366374319838,0.6127652496116359,0.7752778722760493,0.4760745572144679,0.49185548278778396,0.4415339675956945,0.49542137196654845,0.5476341534257617,0.43499347014577755,0.4380727787075518,0.5545700330676341,0.47161990041869734,0.5384364523331763,0.5357918036203154
KAZ,0.6616454787507098,0.5707179920342192,0.5389060394532038,0.5256468042237128,0.5823509099281221,0.5939806113215799,0.5621459209117627,0.5517137329315653,0.570255254476662,0.5736202692472552,0.7575533666720133,0.5392658149521471,0.6320263151048483,0.5920545134574415,0.6154017865001407,0.6543579889577111,0.6294547026388133,0.5680411790303999,0.6048410328516539,0.5603252624834243,0.6635507379989658,0.592750665312952,0.6214641327543612,0.6145257703881006,0.5988955238248259,0.5913161909057625,0.5964756576717458,0.6001693517779342,0.6046222407220749,0.5673714551057812,0.6082009593597567,0.660441888998396,0.6084668480038474,0.5648026992472747,0.6166201927830011,0.6041285944973848,0.6492509354392163,0.601499939302525,0.6271607689438448,0.6037312987235084,0.600133146449143,0.5876615340377813,0.0,0.6824045191606531,0.6441358359548575,0.659240720537713,0.5765067589190184,0.6556054917512488,0.586358616157897,0.6086125687680238,0.5266588076347565,0.6759881818284849,0.6134821311631632,0.5918982649334064,0.6863210812263837,0.5989723946398678,0.5930585962159285,0.5662751085236795,0.5132090513761276,0.545156016840573,0.6077501037038439,0.576799569006606,0.6011000898079037,0.5834821727951527,0.5172705812696757,0.5782968984962482,0.6153819018347941,0.7184460832114318,0.7924403280634995,0.5789347179950995,0.6279208044170336,0.6003014267892317,0.6077509159411866,0.6116010948522184,0.5460091421975357,0.6241471183659051,0.5781719446365241,0.55139466663456,0.6042475451720473,0.610523405615339
KHM,0.7478762696011434,0.6901266614412991,0.6616954903303767,0.6718003725740865,0.68234719288544,0.670196259677977,0.6283695729047036,0.6420794712005994,0.6902785844015528,0.7019929934204403,0.8195953866928135,0.6884737724431413,0.7169548226408188,0.7229374354134105,0.6948437183868879,0.7259061859832469,0.7347684907924057,0.6545728273118122,0.7429666641522359,0.6783813237183971,0.72109363038087,0.6702516625589936,0.7090614973675783,0.7179052077081906,0.6646247563392681,0.6892713143234266,0.6829876077070849,0.6698108513528497,0.7081459669596148,0.6948996803579777,0.7213627765203089,0.7461351028557526,0.7019564300985789,0.6739937782973316,0.7145545127097406,0.705528132480839,0.72353015177242,0.7191129852715847,0.7329581270322137,0.7023042830648231,0.7285496199110995,0.6766009162789192,0.6824045191606531,0.0,0.7237954400851376,0.7491990610155993,0.7034071876072376,0.7190379589310189,0.6400342985651819,0.6949530299055132,0.6913270195353858,0.730207981137511,0.6930174241187325,0.6977179239702762,0.7877078828481154,0.7076405978718333,0.7128517502436175,0.7058603876275941,0.6490351946160332,0.6888396557574655,0.7341611202288797,0.6743742171976045,0.6768168013934351,0.661063064501085,0.675508666399874,0.6967561038674787,0.693850483322014,0.7599783607611598,0.8124037286756817,0.6547781634630672,0.6871459163752434,0.6889860174349808,0.7219464657269979,0.66096692700247,0.6320793404356906,0.7024748887738287,0.6207774772998805,0.7096515204701392,0.6903540546401019,0.7042098887083332
KOR,0.6682116622708263,0.49814794044703276,0.47038630728592923,0.5085459169596324,0.4546931872835419,0.4705323537321745,0.574165111123866,0.507261675704797,0.4336791981545642,0.48171049759194196,0.7974649260446725,0.4721950491923568,0.566190500227052,0.5132467329476106,0.46858461503302834,0.5994789591689812,0.6569891270266452,0.617531501193812,0.5575827568969938,0.5478009238123912,0.6250028353187125,0.4764985196709463,0.43300434530608295,0.5343398616846068,0.5585681370751501,0.4352907176934779,0.5429073470892017,0.4607117152605511,0.47950716701795487,0.47972006199709133,0.5208472922604384,0.6785838922364028,0.5301644824866628,0.4564407552670802,0.5671421101054439,0.5679734258408602,0.5756097820828733,0.5674688116647725,0.5456519720031047,0.45516844140642915,0.5889690181561457,0.45172185691848804,0.6441358359548575,0.7237954400851376,0.0,0.7628792398506439,0.5620736982505181,0.5963559372751529,0.5517717171519018,0.5456907043882194,0.4657714954295523,0.579546235206693,0.5916535089752265,0.5764675406967316,0.7344469008816975,0.5073708896361548,0.5244547865612621,0.5257801902733835,0.46499705659900903,0.5312325250495771,0.5702553894017369,0.4707087642066774,0.49114076794262745,0.527439506612338,0.47955638076635015,0.5539082339493545,0.5755861286338408,0.5877670031234054,0.7996926101958336,0.5173826115173942,0.5028715398217709,0.4620718301586926,0.5119491993613517,0.5470110132380384,0.43833513515179356,0.4196480550184955,0.5734719498503058,0.46889562054793005,0.5589779213917793,0.5704690663588502
LAO,0.6992728751339319,0.735018568784012,0.7182403846979242,0.7067335274724608,0.718145560394844,0.732654714134245,0.7148368197445967,0.6623677223964426,0.6727374073649315,0.6973577763130541,0.7327798697617802,0.7083933371947291,0.743930736955929,0.68558790825449,0.6983783381848248,0.6966347596271949,0.7217760226794311,0.7438230351060071,0.680723346669255,0.6769492609413452,0.7398154457320847,0.7060396406327738,0.7434268164791933,0.7275661767309546,0.7267804535512451,0.730039949844989,0.7127194011555578,0.7215171500814418,0.7281835104279542,0.7292647225844208,0.7400570903841451,0.713839275055034,0.7096190179691734,0.6941030831362117,0.6593295064064553,0.7127679213089329,0.7418280165626951,0.741275033402965,0.766221049355307,0.7492847413816086,0.6883418306441789,0.7217968947694132,0.659240720537713,0.7491990610155993,0.7628792398506439,0.0,0.6590108581369211,0.75391423786662,0.7320998919163653,0.6970406861321008,0.7076425210632772,0.7548888746375795,0.7222712886145755,0.6771591972357677,0.7619719942739944,0.7284914361044579,0.7294879217569491,0.6887540170850129,0.6591109565763081,0.6915070801097765,0.6617977794415393,0.6792978868419868,0.708753226266695,0.6836065913609615,0.6803366622895545,0.727041992520325,0.7454377308761502,0.7950651892961794,0.8097099547810693,0.6759630461887751,0.739915244804369,0.7300383269118652,0.6899345927709899,0.7001028183865975,0.69394279360739,0.7186456331276423,0.6905620706941866,0.7265791843096825,0.6689693002228377,0.6863127341139713
LTU,0.634561528371013,0.5598380128134502,0.518046048817507,0.5082689438247358,0.45425168096292357,0.4915746435104345,0.5775821266849427,0.4715793448474973,0.4771623868214639,0.5233576705849983,0.7731471516883993,0.5024125878577368,0.5547921523919059,0.5458912613378565,0.5644108012476818,0.5734024078731634,0.6072115033848657,0.6163722491135107,0.5543976672521834,0.4940567409494948,0.6033698527582623,0.4520724918450442,0.5093198957986749,0.5388212852754756,0.5896908723350621,0.46542989457912415,0.43906512999491515,0.49048354627702456,0.48540089684816184,0.4878083421214925,0.5594312611001583,0.6210579545112895,0.49312238171199557,0.4419246157243257,0.5622135369274116,0.5767137989499624,0.5556193385534722,0.5662241314941876,0.5876244685472819,0.48377409668458016,0.5804268381698074,0.5082014414347045,0.5765067589190184,0.7034071876072376,0.5620736982505181,0.6590108581369211,0.0,0.5898169640249922,0.44177667508875207,0.5598142108652606,0.5170548525917554,0.5508388605803857,0.6231460116937425,0.5555660510434208,0.6973491129392088,0.5007133496421733,0.5321463431391675,0.5027909413492749,0.4882853731193748,0.540883700301061,0.5454908342312981,0.42993264842783574,0.4766515154990079,0.5038061189268901,0.470569197122161,0.563640345868548,0.5322787692658586,0.6371036985848056,0.7529215517990463,0.43393350598982916,0.491325642947526,0.4835757791553424,0.5311789416549836,0.5413713165611818,0.45451870433480696,0.5279854350897348,0.5448255765394432,0.5254582610282978,0.54707197695432,0.5635367346351479
LUX,0.6876011243664413,0.5864542551507916,0.5891382523273826,0.5422828695453181,0.5234155174402825,0.5387124319481346,0.6169708421106775,0.5861265746701146,0.5631947010311453,0.607697015302308,0.8300558138441624,0.5764615680204042,0.5669405534255902,0.5949928777546952,0.656547981325343,0.6259858641344042,0.6905820427689526,0.6652983115977092,0.6251693135583043,0.5533403458227066,0.5798780713621433,0.5469050151101514,0.5700329544648808,0.5602677225332594,0.6723774829842568,0.5389725374693038,0.5437563802126836,0.5520954648990226,0.5353379101559064,0.5288690236437463,0.617022497154788,0.6000170812434903,0.5916931686518658,0.5411472195468316,0.6150161748165182,0.6610919915610631,0.5665369561705089,0.5642358174781245,0.598117202023598,0.5362822683396558,0.6531321569563165,0.581207265195556,0.6556054917512488,0.7190379589310189,0.5963559372751529,0.75391423786662,0.5898169640249922,0.0,0.5362602452169307,0.6305665119669708,0.5919265053247318,0.5607061493123615,0.6833512807007555,0.5948260458780334,0.7089879415505039,0.5256850922111101,0.5853316833404671,0.567000306473089,0.5909871883628431,0.586615714374053,0.6470821385183405,0.5433789522463268,0.5187107756243677,0.6186407996170744,0.5519668220529309,0.5700082877442104,0.6296639265946049,0.6356831039994357,0.7665128422618469,0.5635150829768044,0.5426935835352884,0.5566925297468972,0.6048781895980546,0.6323236386952346,0.5504670881248925,0.5994210767966512,0.6520811733155635,0.5806878025409868,0.6517397205252609,0.6355755609707986
LVA,0.6573581081492958,0.5339310083931116,0.5183589707937396,0.4750306891439698,0.41861805745453623,0.4494717324063282,0.548146308925269,0.49366191291003586,0.5099374355519205,0.5609892118447866,0.7819772046919042,0.4917093525921352,0.5257472628554034,0.5318080461956591,0.5969382398108625,0.587072196356147,0.6256212239429222,0.5659854852066933,0.58816003598246,0.49796176890237154,0.5744296124335966,0.42712342238908296,0.4843314034633747,0.5144590475065651,0.5961755926218504,0.44822271309992984,0.40943363954487094,0.4434262597525774,0.4623676846774341,0.4702576281488353,0.5261370012167522,0.6021927649263914,0.5080626323627099,0.4458707101682891,0.5941105771479159,0.6178247045073709,0.5185044941535697,0.5461706127767678,0.5840798846797081,0.4656933871937676,0.6192385394255547,0.5112847858512988,0.586358616157897,0.6400342985651819,0.5517717171519018,0.7320998919163653,0.44177667508875207,0.5362602452169307,0.0,0.569986951937243,0.5288937185886986,0.511730729405621,0.625474124896265,0.5635562620595416,0.7018252125060859,0.48129672195920065,0.5021827380031743,0.5066519540512991,0.5103167556912911,0.5472947682795466,0.593255754481313,0.43923691914477314,0.4402868373449939,0.5136701530497393,0.4598206904407513,0.5418867314101176,0.5207924335801406,0.6053615571536387,0.7386141964879401,0.4467376038466452,0.44240063048654504,0.4402863291360655,0.5716585188383785,0.5579843114021917,0.4415127824256948,0.5554829033272256,0.5609419657675948,0.516974948540287,0.5842375023555775,0.5772113877251351
MAR,0.6566020951218101,0.5428388888659642,0.510446501798798,0.5237388457418409,0.5171095370286657,0.5347892663120566,0.5911217234444888,0.49004074328980973,0.4748120076939753,0.5044761788009324,0.7459609136230809,0.5263353109403429,0.6188729308175636,0.5586079407507475,0.5345487250575515,0.5934073682448544,0.6527662401341674,0.6200121117915199,0.5657613637100802,0.5701106759113584,0.6187907869562151,0.526299415623651,0.5508343310860637,0.6093451588523962,0.6002281060686258,0.5130193363776995,0.5493665830767199,0.5428673229530079,0.5445444813337258,0.551713207515281,0.572877608182491,0.7256361752928384,0.5620044899487692,0.4896114729262991,0.5441850593166936,0.5497138644160875,0.603495634891656,0.5946975718756048,0.6129935521930006,0.5354246787486083,0.583480833661912,0.5221125045836269,0.6086125687680238,0.6949530299055132,0.5456907043882194,0.6970406861321008,0.5598142108652606,0.6305665119669708,0.569986951937243,0.0,0.519724161437639,0.6084790220801021,0.6032250414613856,0.5643477797002253,0.7549602937079837,0.5672422381261172,0.5916644263685988,0.5676152911635131,0.493803581993905,0.5269145277765395,0.542274671445636,0.5045799515061145,0.5124035456360834,0.5427913110942538,0.5186401256491199,0.5808466061692888,0.5772014264594423,0.6909433272128053,0.7943451804595851,0.5164262563142749,0.5617718938339531,0.534478516805314,0.5307570354374551,0.5645783811991204,0.4764343221386524,0.5296898716313281,0.5791944905487577,0.5475517210299815,0.5630182679165788,0.5678227857460397
MEX,0.6120482931556144,0.4920084821132649,0.4320995174644807,0.46328427732271815,0.4495934373712165,0.4700529457438244,0.5619802813339829,0.5022066349789008,0.46315544385612206,0.4698295954498387,0.7600718834378183,0.433186086028933,0.5528634540412158,0.501427135773093,0.48848772329169315,0.5754501945986232,0.6091811823055104,0.5620075539631059,0.5250862359700696,0.4911434360790218,0.6386948554709094,0.474831759347078,0.4819693363827585,0.5243675423782906,0.5607639427583267,0.4709730153021529,0.5085361598197257,0.48245337803449245,0.49043259685429075,0.4599797505802685,0.5334407513034625,0.6375703555301822,0.5239230512614084,0.43745834785206733,0.5481636244863904,0.5291557956515153,0.5648006877586416,0.5755876877673858,0.5215012406850875,0.4584914098796444,0.564477589083736,0.475044873173255,0.5266588076347565,0.6913270195353858,0.4657714954295523,0.7076425210632772,0.5170548525917554,0.5919265053247318,0.5288937185886986,0.519724161437639,0.0,0.5919630808563081,0.5875070359756266,0.547141957043404,0.6890017249007611,0.4792374974602404,0.5011937328805935,0.512752105690455,0.46118764147789587,0.4792397073690689,0.5230638238244413,0.46528400045823964,0.48106202293898054,0.49861424891337247,0.4459960028146174,0.5280543691382127,0.555311055165041,0.6163631740487824,0.802602970284181,0.5025125995199143,0.5197629097280623,0.4729317344883047,0.5189052996777214,0.5514378760681202,0.42972811341276285,0.46705879962428093,0.5486475110153057,0.41257935340687907,0.5382468777401505,0.5456608317172016
MLT,0.6613001389460246,0.5417225094867316,0.5827073809822317,0.5372007344534631,0.4841988327392995,0.5087326585879577,0.6214747022922731,0.5700171140249335,0.5650129384267444,0.5982599324844975,0.80736683668449,0.5713930844667335,0.5299643438661885,0.5471015104337991,0.6201821409194094,0.6257927955931419,0.6823109390142408,0.6636349414052529,0.6192584589428483,0.561111101597348,0.5598509267609586,0.5152040645942553,0.5178953311580722,0.5631601905917355,0.6462504869614328,0.5182176699703911,0.4878653382300592,0.5335529262815136,0.5149360761660096,0.5016453953881161,0.5970295308713347,0.6305751483392706,0.5465345161614734,0.5147346954479183,0.6116913113898478,0.659628306887132,0.5236343265090121,0.5396386873284933,0.5906072361487815,0.5111080788391832,0.6626032917797836,0.568368467486712,0.6759881818284849,0.730207981137511,0.579546235206693,0.7548888746375795,0.5508388605803857,0.5607061493123615,0.511730729405621,0.6084790220801021,0.5919630808563081,0.0,0.6701249540356962,0.5848372902340018,0.7433134961238664,0.5166235413790579,0.5594063100014426,0.5329335500899971,0.5889747564093086,0.5900098475713721,0.6071053306433886,0.5161369081304864,0.49313619362338224,0.6029597844190002,0.5373564471050227,0.5659141152811991,0.5991892742600765,0.580528826565745,0.7549299248909959,0.5232003096333552,0.4956645828172896,0.5201237430849124,0.5906660824489448,0.5943850506015754,0.5232489230177039,0.5708556948457162,0.6528871844542161,0.5729088697666086,0.5830444058797096,0.6189339208033314
MMR,0.6757869173275451,0.5974292668782073,0.5375128098637663,0.5371876025323766,0.591783718072321,0.6078604769586939,0.5092907746064579,0.546420016311917,0.5098649628176396,0.5945989591824177,0.7798080590400809,0.5634094615631923,0.6611214067631639,0.612882191150138,0.5375399264894606,0.6728173664837431,0.6727654737550985,0.6062877217134423,0.6118521741786256,0.6082496272966015,0.6642479093529589,0.5888341725494888,0.6047416852494722,0.6149085699689762,0.6002679067271586,0.5810132342203888,0.6122250174503779,0.5835728192237852,0.6036893855376869,0.589664367617164,0.6243309046294105,0.7589415006204309,0.6136616808165394,0.5682845499367045,0.5863722072714476,0.5884719366020433,0.640084926470088,0.6419942680746055,0.6579869017360045,0.5894660097266914,0.6636251227134241,0.5927814224509617,0.6134821311631632,0.6930174241187325,0.5916535089752265,0.7222712886145755,0.6231460116937425,0.6833512807007555,0.625474124896265,0.6032250414613856,0.5875070359756266,0.6701249540356962,0.0,0.6487686032851334,0.705349788676371,0.6134939994796658,0.5869581335583426,0.5655836692295664,0.38903946122797567,0.5607115317858123,0.6148148948924897,0.5822554682833161,0.6050508170648374,0.574091967515118,0.591107006183838,0.6043101311909594,0.6491585293635597,0.7087233065736208,0.8136399207280341,0.6173043362886427,0.6060609752297759,0.5896311447680169,0.5794575576616711,0.5541418319839964,0.529776971690234,0.5922266961462006,0.5605036295464291,0.5786021078503026,0.5643374995656588,0.6326562537085739
MYS,0.6523769341814644,0.546304187922653,0.5462056090022879,0.512123370239155,0.5178623998317669,0.5498890973641805,0.5990148479007448,0.5282388574182775,0.525977273837525,0.5384520947325775,0.7461091221957981,0.5222037819487497,0.597649281056807,0.5805909279715107,0.5733943754622545,0.6230361803242996,0.6215108859773003,0.6255894745784589,0.5862939090615095,0.5196872452117401,0.6113758249441272,0.5044850049090953,0.5585202636887616,0.5683081408752225,0.606489887279683,0.5300776829056449,0.5375836940516384,0.523347526677404,0.5394609321240946,0.5122151253075301,0.5925871398957989,0.6116142539401803,0.5725372847901381,0.5173471270695295,0.5344814156383068,0.5864275781344017,0.5690097250815279,0.5856357227538252,0.6003220714251689,0.5485446083886727,0.560390538399064,0.5616778873550584,0.5918982649334064,0.6977179239702762,0.5764675406967316,0.6771591972357677,0.5555660510434208,0.5948260458780334,0.5635562620595416,0.5643477797002253,0.547141957043404,0.5848372902340018,0.6487686032851334,0.0,0.7217852316793492,0.5346953985453685,0.5492824437256559,0.5681428919708175,0.5384591481433701,0.5606873823936792,0.5357489105740161,0.5069181868304661,0.521251001996362,0.5677744732496932,0.49459149166624333,0.5569786988420239,0.5994354732432581,0.6468685452122218,0.7638704954939667,0.5051150222858855,0.5654663863340228,0.5400348763859388,0.5202410411965841,0.5904151098477185,0.5215446626693461,0.5418648716137902,0.5867128274234725,0.5381030739053392,0.549789066440732,0.5584041444480353
NGA,0.7356973948239413,0.7207576579673324,0.6768402019690943,0.6735284097064006,0.6935207064271125,0.6988030120589503,0.6834996406726266,0.7152494268437747,0.6838907425112394,0.7019255349455972,0.8444222966037982,0.6668816769239572,0.7099824612466075,0.7147601325761475,0.7157638166875099,0.7400101336408053,0.7015477168277655,0.7477542647028821,0.6962706883813011,0.6668297593689765,0.744905964024962,0.6987524235775388,0.7167304056492888,0.6923492818956799,0.7522990789785512,0.7027132141219248,0.7043043936542277,0.7063413571759637,0.7073480034486538,0.6790517788343358,0.7217694375903421,0.7245400621234395,0.7110072791510805,0.6800634499651884,0.6994255508179832,0.7445345726111687,0.7117020740693797,0.704875173064742,0.7183693577399858,0.6910115247764932,0.753713633647283,0.7117586752684409,0.6863210812263837,0.7877078828481154,0.7344469008816975,0.7619719942739944,0.6973491129392088,0.7089879415505039,0.7018252125060859,0.7549602937079837,0.6890017249007611,0.7433134961238664,0.705349788676371,0.7217852316793492,0.0,0.6952121113305691,0.694113978487888,0.6651522351982257,0.6723455308167998,0.7072048300656422,0.675435714457812,0.684144051581949,0.7061998354772414,0.6966622626096833,0.6989420617879354,0.6601771245243622,0.7177424781469456,0.7730417412972777,0.8313095567734563,0.7248541242548115,0.698779637995255,0.704953450733,0.7093306790943169,0.7229906661020539,0.6888696136130115,0.7151325353142552,0.7077019268822238,0.6677374304707275,0.7091925414450756,0.7247616493974879
NLD,0.6103216746949749,0.48462710333084064,0.49279494466809665,0.44197320104938304,0.40291117864555615,0.3749291505811982,0.5765062967310453,0.5153754379601506,0.4865377710223343,0.5064658204594458,0.7787257116270736,0.4198730535147708,0.5041077566906889,0.4845853070350613,0.5681040215556481,0.5866085686296503,0.6292484655699934,0.5891607163499221,0.5400455017990946,0.4812293899265764,0.5745015002207984,0.4217102451434423,0.4058910167798579,0.44064951244516964,0.5752458640855275,0.43486476819785147,0.4404097088871293,0.4363148077272184,0.38710293491546954,0.36292349555515435,0.5060362587485715,0.5655052427873501,0.4792306219612472,0.4219030580142094,0.5677775755487382,0.5907566550337872,0.49740746539782704,0.5176929686351516,0.45394216135500165,0.4186976937543507,0.5834007630594454,0.492333655075386,0.5989723946398678,0.7076405978718333,0.5073708896361548,0.7284914361044579,0.5007133496421733,0.5256850922111101,0.48129672195920065,0.5672422381261172,0.4792374974602404,0.5166235413790579,0.6134939994796658,0.5346953985453685,0.6952121113305691,0.0,0.43300010952318035,0.4591310004310564,0.48666321590401984,0.497513216309118,0.5821487671415471,0.4201211136693565,0.4067230697898225,0.5335193715911191,0.4232293366798809,0.4988539594119185,0.5533308976620434,0.5669053710597103,0.7525766936854719,0.4481883826673559,0.44467187605644837,0.43978576475799275,0.5180413094265685,0.5800332325673091,0.4576534368915016,0.46160947803940816,0.5744072265749525,0.4134291259843422,0.574490307140319,0.5542325134621988
NOR,0.6204007593269231,0.4850327032129939,0.5104589837474925,0.4658349879080703,0.4495375998971049,0.47952532645731233,0.5321609512190095,0.5342768818463884,0.4839740468330038,0.5449604005208243,0.7635307900548608,0.4531703731009462,0.5492861656731781,0.5258889954135115,0.5527178018729598,0.6174693522174038,0.6354130954209452,0.5764205838291049,0.5666757867848234,0.5166211583177978,0.5739824594028874,0.48014464054670186,0.4670810366963021,0.4125498509252735,0.5713559062083814,0.49112694891237113,0.4515244652193005,0.4643378024194916,0.4957905401087173,0.4319037932495151,0.5416006695471512,0.6031621565853352,0.49914882380926745,0.4769514108642555,0.560394060113394,0.6040434337519885,0.5367254214000983,0.5493516425028431,0.5496808934052072,0.4685876977359057,0.5885415506202188,0.5261209281722399,0.5930585962159285,0.7128517502436175,0.5244547865612621,0.7294879217569491,0.5321463431391675,0.5853316833404671,0.5021827380031743,0.5916644263685988,0.5011937328805935,0.5594063100014426,0.5869581335583426,0.5492824437256559,0.694113978487888,0.43300010952318035,0.0,0.48796001685132684,0.4858017628512028,0.5322089184828788,0.5724064090526725,0.47396262118734256,0.4951217214420213,0.5459116753268667,0.45359941848027424,0.5328878673819963,0.5937990376038099,0.5811309750261945,0.776763528743857,0.5246310614024136,0.5007280139896197,0.4565682244088347,0.5322023970308443,0.5575704319184003,0.4871970594764282,0.5129625176895753,0.5797928794190046,0.4556793839360858,0.5760159825069994,0.5861502486271093
NZL,0.6066136538705833,0.4827407332810656,0.485525803214229,0.41599212687113335,0.40736889772803114,0.46353075224883994,0.541676773861473,0.4998208073522688,0.4651147036547883,0.507797545071981,0.7431283052465485,0.4459172769322509,0.5290652359179208,0.4505492773746493,0.5424761832408952,0.5792923552823558,0.6114477226266973,0.6133101409890283,0.5105394717776331,0.5094273008314838,0.5946687580782961,0.45086063932849113,0.45684333161701063,0.5092332011399517,0.5758006370623957,0.4586112564051277,0.4899541467573171,0.4806075530232112,0.4461647101566644,0.42346986826581173,0.5325894154278058,0.6324677922451645,0.4719334551240325,0.42587300410408757,0.5620524413977525,0.5784822636643627,0.5220457381279525,0.5170038440741778,0.5401044863623778,0.4668898627012255,0.5810509182198604,0.5222515395120892,0.5662751085236795,0.7058603876275941,0.5257801902733835,0.6887540170850129,0.5027909413492749,0.567000306473089,0.5066519540512991,0.5676152911635131,0.512752105690455,0.5329335500899971,0.5655836692295664,0.5681428919708175,0.6651522351982257,0.4591310004310564,0.48796001685132684,0.0,0.4563158451395741,0.46724846853936575,0.5565604128494643,0.4574221594817466,0.4587061442994106,0.5032940156971729,0.4613946094561252,0.5348931733269998,0.5550015197559184,0.6121019609992445,0.7687860018248012,0.4838334227436674,0.4728858694015343,0.4578586174952723,0.5433834430876235,0.5489410058640691,0.4524126827193981,0.5229930450326276,0.5682799541958293,0.4382651814486888,0.5616902270169396,0.5319851342270522
PAK,0.5807096770342159,0.4976088476793275,0.39982970741891694,0.42933083436565844,0.44325628438401005,0.4879070459578519,0.4142555795560095,0.4144339169014333,0.31420903365524994,0.46763749963153256,0.753794419126561,0.4329270539092418,0.5607949970823979,0.49981551362146787,0.43254374820003355,0.5912882727762354,0.6106024602762233,0.5567290847158932,0.5097201550802601,0.5070085163352953,0.576789011505583,0.4418951556123303,0.48063555385285683,0.5006230668847901,0.4896902609598476,0.4531209433667049,0.4912801312284536,0.4662276463220863,0.4871817458259952,0.46036685464413424,0.5030589639939721,0.6644575024987747,0.47956444611047866,0.4204712618187772,0.5141504643890517,0.48886373470822003,0.5553433079864087,0.51302797845607,0.5682982059724241,0.47780765140652803,0.5400598340058622,0.4716265002403936,0.5132090513761276,0.6490351946160332,0.46499705659900903,0.6591109565763081,0.4882853731193748,0.5909871883628431,0.5103167556912911,0.493803581993905,0.46118764147789587,0.5889747564093086,0.38903946122797567,0.5384591481433701,0.6723455308167998,0.48666321590401984,0.4858017628512028,0.4563158451395741,0.0,0.4745336327126018,0.5092468614590931,0.44048926042159087,0.4759825113200357,0.43166963183406964,0.43700114807673046,0.5173023156998281,0.5421683928301185,0.6236223952618293,0.7753316410551735,0.44879160122494094,0.48910895907045193,0.457058910444513,0.4709193061351411,0.4843813491745835,0.38877111028983186,0.4797058404235734,0.466563234727942,0.4447984262337858,0.4513737553138947,0.5434479539345486
PER,0.6311677237756846,0.4942859908740057,0.46126883320599527,0.4070695829220647,0.4997308092178938,0.4926868980725565,0.5663813747375182,0.517475474656222,0.4837710790799369,0.5086220412301911,0.7464606200142214,0.4520426871400252,0.5759412017118547,0.4786061550803168,0.5354919760436828,0.5595685371567825,0.5848434851417192,0.5496575409851584,0.5014945735114563,0.519003799274436,0.6165175149537157,0.4930414433750241,0.5108990946388621,0.5516031281857252,0.5461479152987898,0.4775004980271915,0.5175754480573076,0.5085589526404681,0.4956956865269317,0.4663213089078385,0.5435706917552333,0.6874994266583537,0.5283622715127154,0.47387536783434925,0.5466094915338124,0.562688317661687,0.547526042230259,0.5647286399070484,0.5529059241188786,0.4907295947890752,0.5536949556348821,0.5105877399165223,0.545156016840573,0.6888396557574655,0.5312325250495771,0.6915070801097765,0.540883700301061,0.586615714374053,0.5472947682795466,0.5269145277765395,0.4792397073690689,0.5900098475713721,0.5607115317858123,0.5606873823936792,0.7072048300656422,0.497513216309118,0.5322089184828788,0.46724846853936575,0.4745336327126018,0.0,0.5692675087351916,0.4886905548759132,0.47902272551997277,0.5140336297107618,0.4756401755766268,0.5255344170169645,0.549836029985514,0.6593526908471926,0.7847512637333782,0.5236112286021806,0.5267400233199443,0.5055820890295138,0.5116454307681301,0.5654423997716977,0.4431863931619419,0.5073609807384243,0.5614754753966832,0.4625670698339596,0.5627981189561172,0.5434090522045177
PHL,0.6365486349975971,0.5713470887326945,0.5550010334177559,0.5442861888568101,0.5454028579946446,0.5801441168150091,0.603024666268497,0.520609491918153,0.49126879079812397,0.5356958195106801,0.7388481058204601,0.5453158388713726,0.6067879964258295,0.5616157691796484,0.5410937731140842,0.6072982899311635,0.6318528752025477,0.6784093884625012,0.5402388847942629,0.5459667011619858,0.6378123732297102,0.5385295830137116,0.5817709775615006,0.5992769417855831,0.6235937451188134,0.5590845523079156,0.5628557062381893,0.5625165013993941,0.5864432497927676,0.5567011924431278,0.6034141466881493,0.6474273061785575,0.5651866884837389,0.5253361930814282,0.5188421129859303,0.571531825154241,0.5964802866246379,0.6082815502989147,0.6207570706308843,0.5689800971291165,0.5907526497398808,0.5584260060264786,0.6077501037038439,0.7341611202288797,0.5702553894017369,0.6617977794415393,0.5454908342312981,0.6470821385183405,0.593255754481313,0.542274671445636,0.5230638238244413,0.6071053306433886,0.6148148948924897,0.5357489105740161,0.675435714457812,0.5821487671415471,0.5724064090526725,0.5565604128494643,0.5092468614590931,0.5692675087351916,0.0,0.5251061777190431,0.5535420243564236,0.5593293254379738,0.5288791055577051,0.572027591925751,0.6060426935816544,0.6562710315220651,0.787384203624003,0.5465939995775253,0.5940435347269706,0.5545632516402117,0.5147529860894455,0.6046334897390182,0.5330553611693938,0.5540877415619652,0.5974211989836373,0.5642171927261574,0.5303006699322329,0.5741659731062551
POL,0.6286672502760029,0.4589402099812976,0.46221409854715195,0.43442283793208786,0.36769290231871227,0.4253899285674741,0.5617907512524112,0.42176786841838754,0.41029286268567516,0.47062294386473913,0.7655794583465803,0.4211124913151492,0.5092515283076723,0.48636860716746944,0.48467315457112375,0.553468650742038,0.5982058554044216,0.5797239989828684,0.530033611091291,0.45730299764252724,0.576644643484673,0.35219960364033176,0.4146349470922568,0.5008307389642505,0.5642631297175354,0.38627055829532847,0.42689134606111484,0.3903488562664069,0.41692074484465774,0.4155058014894245,0.5114332508455299,0.6040224077358706,0.4516960010861651,0.36036218235605855,0.5092941173407949,0.5459682081931009,0.5010083465690769,0.5186755719003994,0.5280692547890853,0.4073605654123909,0.5625325834651379,0.4361947560880126,0.576799569006606,0.6743742171976045,0.4707087642066774,0.6792978868419868,0.42993264842783574,0.5433789522463268,0.43923691914477314,0.5045799515061145,0.46528400045823964,0.5161369081304864,0.5822554682833161,0.5069181868304661,0.684144051581949,0.4201211136693565,0.47396262118734256,0.4574221594817466,0.44048926042159087,0.4886905548759132,0.5251061777190431,0.0,0.4050280544451115,0.4657630136668377,0.4058102302163784,0.5275254582904177,0.5355932956209571,0.5985766383934242,0.7698029107430081,0.36396275791442184,0.39113429473953093,0.3919055408988407,0.4831604127633853,0.5089730564193996,0.3876613902897268,0.4429197227791437,0.5046668122008117,0.44200072211908836,0.5140815536365572,0.5227228405030694
PRT,0.6229354404600322,0.4817980418714039,0.47471628456148457,0.4516762309636312,0.3690870631224601,0.3582021267278645,0.5604776191152382,0.4586048477093443,0.4612598207944846,0.4830431962869296,0.7546362397172063,0.44359677909612083,0.47295135276907896,0.4851030631734511,0.5482429356398943,0.5674100367658526,0.6148928395484159,0.5852469668830954,0.5151980693358881,0.48968190912211174,0.5503091761721048,0.40289802401360825,0.435674046495038,0.4821698099201609,0.5703248503667019,0.39148518891522605,0.4608432513763523,0.4068156667937204,0.4027878655452021,0.4138577570495341,0.5028171381166843,0.5950452220745182,0.4782311824524445,0.3929178565894155,0.5287896812208254,0.577159428972724,0.4844775581601161,0.5197752816591314,0.49520267821846975,0.4153705299059703,0.576402087970548,0.4617191902728019,0.6011000898079037,0.6768168013934351,0.49114076794262745,0.708753226266695,0.4766515154990079,0.5187107756243677,0.4402868373449939,0.5124035456360834,0.48106202293898054,0.49313619362338224,0.6050508170648374,0.521251001996362,0.7061998354772414,0.4067230697898225,0.4951217214420213,0.4587061442994106,0.4759825113200357,0.47902272551997277,0.5535420243564236,0.4050280544451115,0.0,0.5214018331928845,0.45058383735370394,0.48815372176762456,0.5200818471692066,0.5814967772097119,0.7491133026174591,0.42296471862767804,0.4174161314952664,0.4355769860622149,0.5033674073157226,0.5378141509155009,0.4083812746924433,0.45839081368759943,0.5613123597251779,0.46061469034583474,0.5430186445686125,0.5375644461642927
ROU,0.6460721418684524,0.5327742337626615,0.4747503824221159,0.4718391586984978,0.47980033631881214,0.5213801059353543,0.551805114218857,0.4780747622041694,0.4249589229850201,0.5330652026577833,0.7726598422627468,0.5045512187465939,0.592546978552121,0.5461784409630683,0.47641624926056736,0.6169703831638538,0.6198715940853654,0.556411928815462,0.5503048996642299,0.5604712385840969,0.6336715512945975,0.4546445650094966,0.5157911660118868,0.5724583147216553,0.5518963236479076,0.4915850111264735,0.5110036879280108,0.5149302214862383,0.5193073632193748,0.49567088324543146,0.55535118767752,0.6904984221292878,0.5153138952768769,0.4745503267102868,0.5509002006295195,0.5484807273501886,0.577492964206203,0.5804896060873022,0.6066226227575813,0.5068124879884727,0.5787970271794991,0.5105833233970742,0.5834821727951527,0.661063064501085,0.527439506612338,0.6836065913609615,0.5038061189268901,0.6186407996170744,0.5136701530497393,0.5427913110942538,0.49861424891337247,0.6029597844190002,0.574091967515118,0.5677744732496932,0.6966622626096833,0.5335193715911191,0.5459116753268667,0.5032940156971729,0.43166963183406964,0.5140336297107618,0.5593293254379738,0.4657630136668377,0.5214018331928845,0.0,0.4679403086029901,0.5748463888885933,0.5704552588764774,0.6607301103430694,0.7921547786010551,0.44442832322986964,0.5147340472674985,0.5240966652483944,0.5114744113955517,0.5349500091273648,0.4556967952245516,0.5370777928836039,0.5433299047140446,0.5051471315692406,0.5124547287496296,0.5747477383599954
RUS,0.5952843505502404,0.4009169498099155,0.4500340008811055,0.42732010711167145,0.4021379200981197,0.44348403087973587,0.5258939405846443,0.44705333132702585,0.3993319283889118,0.47327769906707623,0.7437101944691633,0.40756180466713565,0.5367899801825174,0.49575474896161864,0.4931818038361289,0.5808526080939665,0.601188724786752,0.5664204274475151,0.5401875883625141,0.48848404296084996,0.5824577822500079,0.41675642591428824,0.44994925281713527,0.5013204171751093,0.5409179397776736,0.4255259582227141,0.4377731585233297,0.45425976882199337,0.45959912079097043,0.41847653503448756,0.5018937094878257,0.6156222802949662,0.43761857199078324,0.3951691317966448,0.5127292320136121,0.5207071415623247,0.5353250608312684,0.523988326743155,0.5396808716447941,0.43438310506928035,0.5165525215429062,0.46966761180289224,0.5172705812696757,0.675508666399874,0.47955638076635015,0.6803366622895545,0.470569197122161,0.5519668220529309,0.4598206904407513,0.5186401256491199,0.4459960028146174,0.5373564471050227,0.591107006183838,0.49459149166624333,0.6989420617879354,0.4232293366798809,0.45359941848027424,0.4613946094561252,0.43700114807673046,0.4756401755766268,0.5288791055577051,0.4058102302163784,0.45058383735370394,0.4679403086029901,0.0,0.542763174062055,0.5501085288186769,0.591019745453125,0.7488965993148354,0.404898822222582,0.47953337046991945,0.4403577321288528,0.47168097041105533,0.5255235230641594,0.4122878802175868,0.46045448313203863,0.5215110868911067,0.4273083227905198,0.5175062643466503,0.5386747958011309
SAU,0.6568335141481874,0.5446041954719355,0.501403837051683,0.46728967963175183,0.5031666436763659,0.4953955628509955,0.576916316610932,0.5438885482938455,0.5403870324382914,0.5367251742248765,0.785115609423543,0.5183996623407772,0.5559689843202633,0.5800513185362437,0.581513158172393,0.63668696655884,0.6285324606698398,0.5590717565427581,0.549159165481845,0.5302718045284018,0.5861642611088421,0.5278725069667582,0.5300965417290917,0.5358907335692024,0.5693430505818788,0.4219154277113389,0.5274158224753943,0.5331909235896015,0.5278087628314874,0.5022055527818121,0.5725029382996435,0.5988667001338986,0.554544228562863,0.5141309105133206,0.5640092036613676,0.6008096116942807,0.5384386992232295,0.5384895749368125,0.5703223222919743,0.5043781136556793,0.6008766154656199,0.5301504959452054,0.5782968984962482,0.6967561038674787,0.5539082339493545,0.727041992520325,0.563640345868548,0.5700082877442104,0.5418867314101176,0.5808466061692888,0.5280543691382127,0.5659141152811991,0.6043101311909594,0.5569786988420239,0.6601771245243622,0.4988539594119185,0.5328878673819963,0.5348931733269998,0.5173023156998281,0.5255344170169645,0.572027591925751,0.5275254582904177,0.48815372176762456,0.5748463888885933,0.542763174062055,0.0,0.5816155684541215,0.6537628499240478,0.7531556291343628,0.546722456665648,0.5436117062732828,0.5282562174339009,0.5619725623660444,0.5861236942093346,0.4923542129927838,0.5403542879170702,0.575726631670342,0.5142009359493156,0.5745230993571709,0.5531196732615739
SEN,0.6703174312654431,0.6208756179567116,0.5490899796482657,0.5408547179101718,0.5224525203888695,0.5319849129901801,0.609399936911075,0.5616536627154813,0.5617126519304382,0.5753144279306436,0.7904195961919417,0.5332635772391556,0.5961707211028904,0.5543607702031708,0.6100168576992425,0.5864254977645974,0.608182387088931,0.6305188094613521,0.5689817049781554,0.5382034911580303,0.6528932094503895,0.5211914244904321,0.5677021641920708,0.5920886809866519,0.6261208036047753,0.5315024539176019,0.5578498829793542,0.5342945821910116,0.5370290224929386,0.5393319335053055,0.581173301391498,0.6845904093123197,0.574619191108431,0.5151691455028946,0.6184329514457365,0.606109692649739,0.6132088479233805,0.6079639844665534,0.6013703337219235,0.5532242098121066,0.6125785262572904,0.558366374319838,0.6153819018347941,0.693850483322014,0.5755861286338408,0.7454377308761502,0.5322787692658586,0.6296639265946049,0.5207924335801406,0.5772014264594423,0.555311055165041,0.5991892742600765,0.6491585293635597,0.5994354732432581,0.7177424781469456,0.5533308976620434,0.5937990376038099,0.5550015197559184,0.5421683928301185,0.549836029985514,0.6060426935816544,0.5355932956209571,0.5200818471692066,0.5704552588764774,0.5501085288186769,0.5816155684541215,0.0,0.675773758439384,0.7519621519298664,0.5490511132628667,0.5589139312490599,0.5405022100456552,0.5938084416248174,0.571990343730669,0.5282040539624624,0.5820937740595287,0.6056538608261096,0.5503407004345839,0.6171120096480063,0.573172489167143
SGP,0.7155307016829234,0.560509487764442,0.6427612056182259,0.6149976313875638,0.5743390431881812,0.5315055103321911,0.665692370191151,0.6385612550708348,0.5885499727999967,0.6508983519035246,0.8177042660769244,0.6202882111062428,0.556911189940896,0.6201805058047067,0.6582797961418396,0.6964734551532119,0.7399960788185115,0.7219501112455582,0.6703673215915593,0.600247705491799,0.6416442096177636,0.598702150461637,0.5662865857916939,0.5635229492692985,0.6706942009900472,0.5934876660819216,0.6048982707007428,0.5679013966089548,0.5750852748076428,0.5623497103697896,0.6125486871104892,0.5736375190782131,0.6176526201188215,0.5942382520433461,0.6641958680977301,0.7043914524934943,0.6051358666565279,0.6173769339818789,0.5934708479056928,0.584675011435521,0.6832786848927386,0.6127652496116359,0.7184460832114318,0.7599783607611598,0.5877670031234054,0.7950651892961794,0.6371036985848056,0.6356831039994357,0.6053615571536387,0.6909433272128053,0.6163631740487824,0.580528826565745,0.7087233065736208,0.6468685452122218,0.7730417412972777,0.5669053710597103,0.5811309750261945,0.6121019609992445,0.6236223952618293,0.6593526908471926,0.6562710315220651,0.5985766383934242,0.5814967772097119,0.6607301103430694,0.591019745453125,0.6537628499240478,0.675773758439384,0.0,0.8236945716776342,0.6223063330373495,0.6063728023981575,0.5766659940148917,0.6401319015536756,0.66895685718639,0.5934702015889496,0.5794641134133331,0.6704872148250168,0.593374318451896,0.6563325702405123,0.6832205461158567
STP,0.8162855972938011,0.7867346844090397,0.7745807467713369,0.748991511636693,0.7531413393841287,0.7709718781397689,0.7642055200506449,0.7568963173441025,0.7709281990283721,0.7800817082304865,0.8663654025762821,0.7564312659685402,0.7941235114346475,0.7817078879227635,0.8085457209605088,0.82124039697166,0.8115975012498516,0.7932398421753151,0.7835663755515297,0.7618348878561054,0.7410184905732641,0.7612690521897876,0.7899553209530457,0.7858486502626691,0.8082348927743194,0.7663486083465711,0.7635370840081513,0.7687818344693116,0.7738765440422917,0.7351646968689726,0.7823016123848364,0.7739020899138629,0.7734535218410771,0.742288501008105,0.7802825359060623,0.7904556480950776,0.7158940600663418,0.6960504611451964,0.7825260968708239,0.7740866721844968,0.7783559142853056,0.7752778722760493,0.7924403280634995,0.8124037286756817,0.7996926101958336,0.8097099547810693,0.7529215517990463,0.7665128422618469,0.7386141964879401,0.7943451804595851,0.802602970284181,0.7549299248909959,0.8136399207280341,0.7638704954939667,0.8313095567734563,0.7525766936854719,0.776763528743857,0.7687860018248012,0.7753316410551735,0.7847512637333782,0.787384203624003,0.7698029107430081,0.7491133026174591,0.7921547786010551,0.7488965993148354,0.7531556291343628,0.7519621519298664,0.8236945716776342,0.0,0.7571537238959578,0.7662890382663751,0.773926702620494,0.7625157935820293,0.7668893824383506,0.7446286776361366,0.7792933768626568,0.7857696345288827,0.7842877802358178,0.8027316557272597,0.7717380056113472
SVK,0.6108589859689223,0.4879281369896809,0.48406090002867613,0.4616593973856186,0.40305701385962733,0.4513104800946899,0.5663276086193406,0.42305166860065735,0.4209060750953553,0.48469201047290866,0.7702854891356999,0.4744265051479172,0.5369029319474482,0.5196071261677392,0.5177866451721092,0.5852023617374813,0.6253280982053605,0.5763097780685302,0.5575430533978188,0.5031416096166839,0.5954363361974814,0.36948151201173857,0.45778332429172486,0.5359005209457031,0.5590523108967909,0.4060750373497652,0.4584813871756004,0.45025167277536965,0.4395827709328135,0.43766195434098676,0.538715098044681,0.6182366509312233,0.46364760614137834,0.4040691881847565,0.5447908459443359,0.5604480578016288,0.5187124255160427,0.5175965610739388,0.5712603599910941,0.4461143295279637,0.554019345189362,0.4760745572144679,0.5789347179950995,0.6547781634630672,0.5173826115173942,0.6759630461887751,0.43393350598982916,0.5635150829768044,0.4467376038466452,0.5164262563142749,0.5025125995199143,0.5232003096333552,0.6173043362886427,0.5051150222858855,0.7248541242548115,0.4481883826673559,0.5246310614024136,0.4838334227436674,0.44879160122494094,0.5236112286021806,0.5465939995775253,0.36396275791442184,0.42296471862767804,0.44442832322986964,0.404898822222582,0.546722456665648,0.5490511132628667,0.6223063330373495,0.7571537238959578,0.0,0.4450234947678544,0.4535224340289037,0.48955455613796567,0.5359108067153568,0.4094990295120555,0.4819630423972522,0.5245258604531594,0.5003400005578348,0.49359928289454263,0.5427120323181926
SVN,0.6497039380351937,0.5018938357194499,0.49874817232804686,0.4640173582929255,0.3963492261150587,0.4342766555362967,0.5463173483514425,0.4898305778653043,0.48376425440661736,0.5380313043223662,0.7998513221970512,0.4683335282519573,0.49265660493990165,0.5097058788734379,0.5466645687572399,0.5936741022134181,0.6426867879413517,0.588885966184057,0.5708743577332143,0.5136556865837557,0.575911067178399,0.4122065008460412,0.4236746610540799,0.516567180313228,0.5932643559664441,0.422748001721942,0.4538628819158538,0.4359519197228187,0.4164673526741135,0.4056937219566515,0.5350423525658475,0.6165527660039991,0.4804003869647029,0.42325604627746455,0.574087016601623,0.5986880240104626,0.48305678422776976,0.5212071194584327,0.5436938097561863,0.43248857848984845,0.6198866354993684,0.49185548278778396,0.6279208044170336,0.6871459163752434,0.5028715398217709,0.739915244804369,0.491325642947526,0.5426935835352884,0.44240063048654504,0.5617718938339531,0.5197629097280623,0.4956645828172896,0.6060609752297759,0.5654663863340228,0.698779637995255,0.44467187605644837,0.5007280139896197,0.4728858694015343,0.48910895907045193,0.5267400233199443,0.5940435347269706,0.39113429473953093,0.4174161314952664,0.5147340472674985,0.47953337046991945,0.5436117062732828,0.5589139312490599,0.6063728023981575,0.7662890382663751,0.4450234947678544,0.0,0.4391487845021832,0.5508458553708712,0.5282420737725341,0.42917918199059907,0.5078777911186655,0.5725299294347423,0.4801155050039223,0.5788557672751444,0.5768055158192527
SWE,0.6458118559856136,0.46877192012396546,0.48101966302689425,0.4435452502676277,0.37694394141837817,0.4151415820585918,0.5669684163507143,0.4623203224195636,0.4641583772997118,0.49731494843942936,0.7676927474966408,0.4119918892073004,0.49152397967099104,0.4712101429492282,0.5214552728897603,0.5580452448593917,0.6263743183634419,0.6034630817268722,0.5501902455805061,0.47993249454907827,0.5903071174868375,0.40015065938078237,0.39692231737408673,0.48008727814683055,0.5741202292811989,0.41843440301454216,0.43816077271482073,0.3813668024552869,0.4244393394503564,0.43642977603642447,0.49831895728724257,0.6200465181869339,0.4767988259889784,0.38107591730893453,0.5546795231150434,0.5749499768302173,0.5070018843275159,0.5402323381816122,0.5163286942779586,0.404128921914846,0.5759956870951524,0.4415339675956945,0.6003014267892317,0.6889860174349808,0.4620718301586926,0.7300383269118652,0.4835757791553424,0.5566925297468972,0.4402863291360655,0.534478516805314,0.4729317344883047,0.5201237430849124,0.5896311447680169,0.5400348763859388,0.704953450733,0.43978576475799275,0.4565682244088347,0.4578586174952723,0.457058910444513,0.5055820890295138,0.5545632516402117,0.3919055408988407,0.4355769860622149,0.5240966652483944,0.4403577321288528,0.5282562174339009,0.5405022100456552,0.5766659940148917,0.773926702620494,0.4535224340289037,0.4391487845021832,0.0,0.5346313059772486,0.5377436260699439,0.41695525289561025,0.4714377345104248,0.5488373685016819,0.4262252420414232,0.5692697776371842,0.5302371051552774
THA,0.6560205792244306,0.5157406957220385,0.5113351611393724,0.5088359140740233,0.5017104233621962,0.5237533624366492,0.5958746405132972,0.49791985858667914,0.43009616404763,0.49325270903683066,0.7466931196044194,0.4935633881260319,0.600466258862903,0.5526585417404494,0.5063480779182715,0.6042655391047866,0.6135301865175644,0.6019280064360618,0.5225401563152839,0.5231348012792139,0.6078635651007667,0.5163463735942377,0.5331800809887489,0.5541954461029174,0.5711870882066167,0.47851615619367693,0.5477569793825159,0.5275617795014833,0.5204254072188306,0.5045710752249275,0.5476153785452466,0.6708304013395067,0.5178274176286001,0.49354302310739,0.4793599067469949,0.5413239382301117,0.5645863456104202,0.5678532797259613,0.5793030333859537,0.5087635192295987,0.548325493365522,0.49542137196654845,0.6077509159411866,0.7219464657269979,0.5119491993613517,0.6899345927709899,0.5311789416549836,0.6048781895980546,0.5716585188383785,0.5307570354374551,0.5189052996777214,0.5906660824489448,0.5794575576616711,0.5202410411965841,0.7093306790943169,0.5180413094265685,0.5322023970308443,0.5433834430876235,0.4709193061351411,0.5116454307681301,0.5147529860894455,0.4831604127633853,0.5033674073157226,0.5114744113955517,0.47168097041105533,0.5619725623660444,0.5938084416248174,0.6401319015536756,0.7625157935820293,0.48955455613796567,0.5508458553708712,0.5346313059772486,0.0,0.5655821523882332,0.4750363877749351,0.47099480625153617,0.5681483477488635,0.5160315748517977,0.4977202430389663,0.5829217710198379
TUN,0.6445717675502874,0.553951295866244,0.519485681543556,0.526980207137269,0.5231962451162415,0.5426106627537383,0.5586323299476484,0.512752239992277,0.4914711455645949,0.5413038541691327,0.7885905898447977,0.5236411175151853,0.5911844710945198,0.5960550278180561,0.5153382738802271,0.6321116433812661,0.6135792122939424,0.5947859744255114,0.6120740679289369,0.5744639873613873,0.6307483301636158,0.5212775241801021,0.5501937016442231,0.5783828863888575,0.5833464091372143,0.5237212498425847,0.5465796009238496,0.5274693467366226,0.5614253546744162,0.5359820864908115,0.5915331567343837,0.6982179145383824,0.5450544246523388,0.4999278174145111,0.5663666594223685,0.5684695468166766,0.6074731093834442,0.5751022142535236,0.6184979949396505,0.5358750643984102,0.6091396395655794,0.5476341534257617,0.6116010948522184,0.66096692700247,0.5470110132380384,0.7001028183865975,0.5413713165611818,0.6323236386952346,0.5579843114021917,0.5645783811991204,0.5514378760681202,0.5943850506015754,0.5541418319839964,0.5904151098477185,0.7229906661020539,0.5800332325673091,0.5575704319184003,0.5489410058640691,0.4843813491745835,0.5654423997716977,0.6046334897390182,0.5089730564193996,0.5378141509155009,0.5349500091273648,0.5255235230641594,0.5861236942093346,0.571990343730669,0.66895685718639,0.7668893824383506,0.5359108067153568,0.5282420737725341,0.5377436260699439,0.5655821523882332,0.0,0.4714678494717482,0.5732967083235971,0.5399816675045166,0.5498516004421536,0.5883802607379057,0.5889203510488655
TUR,0.6202444139904013,0.46120445208022043,0.39653244422480954,0.4039632054930177,0.39123682355002515,0.41542281261051606,0.48722938934335064,0.42533538558660366,0.3934681626821625,0.4353420951004254,0.7595391103095405,0.41410949861194946,0.5214182193579462,0.48568777668558843,0.4562461802821912,0.5631991899493974,0.5860403955575622,0.5147350564783384,0.504107158179537,0.46805659549941364,0.5627174197006806,0.39561006662095066,0.4325346161524416,0.5029231026660819,0.4673268597415252,0.3817719654491323,0.44767061356609267,0.4243045828027599,0.44264923556329455,0.4067862206880673,0.5034809857276508,0.6484690480068543,0.4718121833012382,0.3962456401083811,0.5176652884969752,0.5126464797746002,0.49927477414058985,0.5023789686114839,0.5345289982875905,0.412092959289385,0.5504366818503,0.43499347014577755,0.5460091421975357,0.6320793404356906,0.43833513515179356,0.69394279360739,0.45451870433480696,0.5504670881248925,0.4415127824256948,0.4764343221386524,0.42972811341276285,0.5232489230177039,0.529776971690234,0.5215446626693461,0.6888696136130115,0.4576534368915016,0.4871970594764282,0.4524126827193981,0.38877111028983186,0.4431863931619419,0.5330553611693938,0.3876613902897268,0.4083812746924433,0.4556967952245516,0.4122878802175868,0.4923542129927838,0.5282040539624624,0.5934702015889496,0.7446286776361366,0.4094990295120555,0.42917918199059907,0.41695525289561025,0.4750363877749351,0.4714678494717482,0.0,0.44262905576330863,0.4810832828752573,0.44335240764956707,0.5015593826010191,0.5105247738306649
TWN,0.6638731443324809,0.4621828289710174,0.4926484555074875,0.4994012364627315,0.4645662103108758,0.4588582912222731,0.5972394261288053,0.49554560533621705,0.43245946667545676,0.46655317566460947,0.7677267004550097,0.4617459964511467,0.5533754396166392,0.5245056991258882,0.4806023088752162,0.595800032101923,0.6474674753030598,0.6012079118894554,0.5376820232822828,0.48531293470544556,0.6145123195606971,0.4682395917995723,0.4523893857139951,0.5357930435684707,0.5402499497276833,0.43650641738221374,0.5181598776063743,0.44389730255903176,0.4652184631182841,0.45692102781990307,0.5153167257193523,0.6351729526888408,0.5152861909303431,0.45517279684514855,0.5128405239735173,0.5640948969227355,0.5465638763967255,0.5590902408423978,0.521845670561312,0.4535045405507605,0.5505900496263676,0.4380727787075518,0.6241471183659051,0.7024748887738287,0.4196480550184955,0.7186456331276423,0.5279854350897348,0.5994210767966512,0.5554829033272256,0.5296898716313281,0.46705879962428093,0.5708556948457162,0.5922266961462006,0.5418648716137902,0.7151325353142552,0.46160947803940816,0.5129625176895753,0.5229930450326276,0.4797058404235734,0.5073609807384243,0.5540877415619652,0.4429197227791437,0.45839081368759943,0.5370777928836039,0.46045448313203863,0.5403542879170702,0.5820937740595287,0.5794641134133331,0.7792933768626568,0.4819630423972522,0.5078777911186655,0.4714377345104248,0.47099480625153617,0.5732967083235971,0.44262905576330863,0.0,0.5461398599695135,0.45754998899777416,0.5406740358320272,0.5431721224964345
UKR,0.6921756273433283,0.5775845912076503,0.5020200601462028,0.5257300021362762,0.5206593470511185,0.5578852245399253,0.5744334260379986,0.51107418809976,0.5066247111994675,0.5607582579434064,0.7888716771756037,0.5285094233483487,0.6149120664010226,0.5944517930608623,0.5211882881297534,0.6616349155757935,0.6466496724237321,0.584369798921804,0.6018661337603863,0.5638192980993033,0.6559420495891525,0.5053631226651645,0.5602040557975827,0.5944680698216553,0.55886274984151,0.5438958994435472,0.5593670627192353,0.5417939725907769,0.5665059573937526,0.5567228868974724,0.6206308438746434,0.6929947578041488,0.5916016623385991,0.5359364302223483,0.5708322440703205,0.5814254294965153,0.618698927515055,0.6095166044076232,0.6175020879313102,0.5569914920860778,0.5805449699987112,0.5545700330676341,0.5781719446365241,0.6207774772998805,0.5734719498503058,0.6905620706941866,0.5448255765394432,0.6520811733155635,0.5609419657675948,0.5791944905487577,0.5486475110153057,0.6528871844542161,0.5605036295464291,0.5867128274234725,0.7077019268822238,0.5744072265749525,0.5797928794190046,0.5682799541958293,0.466563234727942,0.5614754753966832,0.5974211989836373,0.5046668122008117,0.5613123597251779,0.5433299047140446,0.5215110868911067,0.575726631670342,0.6056538608261096,0.6704872148250168,0.7857696345288827,0.5245258604531594,0.5725299294347423,0.5488373685016819,0.5681483477488635,0.5399816675045166,0.4810832828752573,0.5461398599695135,0.0,0.5500281266975287,0.5745115575062526,0.5800791082103703
USA,0.6291863817511679,0.4640069361582031,0.4237861246646734,0.41518181924357583,0.4157170755016256,0.4312889537144222,0.5518608874427628,0.5080538363111138,0.4773656148417123,0.4748847821608704,0.7550855345376556,0.35732687922415,0.5352331071837635,0.4741478256758047,0.5093536566203861,0.57862763164496,0.6050147866280968,0.5796166343356615,0.5144956070072388,0.49642135242615915,0.6168265453122571,0.43835615615813606,0.4153684856433404,0.47536981699860975,0.5490629731277232,0.4523472138629116,0.4938185270956196,0.44232918288856027,0.43028915206750523,0.3993567444900276,0.4956899452172488,0.625946409869847,0.48765974907437093,0.4103673104156541,0.551518158737709,0.5560257748626679,0.5208865342479095,0.540134370099628,0.48550300725149537,0.427941688318209,0.5576165783343119,0.47161990041869734,0.55139466663456,0.7096515204701392,0.46889562054793005,0.7265791843096825,0.5254582610282978,0.5806878025409868,0.516974948540287,0.5475517210299815,0.41257935340687907,0.5729088697666086,0.5786021078503026,0.5381030739053392,0.6677374304707275,0.4134291259843422,0.4556793839360858,0.4382651814486888,0.4447984262337858,0.4625670698339596,0.5642171927261574,0.44200072211908836,0.46061469034583474,0.5051471315692406,0.4273083227905198,0.5142009359493156,0.5503407004345839,0.593374318451896,0.7842877802358178,0.5003400005578348,0.4801155050039223,0.4262252420414232,0.5160315748517977,0.5498516004421536,0.44335240764956707,0.45754998899777416,0.5500281266975287,0.0,0.558037339506494,0.5118294880581926
VNM,0.6384404041600051,0.5735653203450817,0.494551226295581,0.5573278831419276,0.5407443226589084,0.5727138986148558,0.544420258210415,0.53751980461905,0.47861713648863186,0.5492519565174764,0.7573619331049083,0.5504315808779313,0.6123131903515727,0.5769458277529043,0.49971087348834325,0.6272827248055902,0.6278651469776475,0.6348417165779603,0.5487151968836906,0.5665417700311512,0.6400914532618677,0.5158547415066462,0.5783473606018558,0.5812525090763697,0.582374422502993,0.5434363261141909,0.5412390821921653,0.5483298603660522,0.5871691982511958,0.544604101783865,0.6028056106039443,0.6975470910367152,0.5497149444333799,0.5355175684943138,0.5350326979563408,0.5797675418652771,0.5889922693237338,0.6082280596389357,0.6345756278402277,0.5738908998562608,0.5966859067266065,0.5384364523331763,0.6042475451720473,0.6903540546401019,0.5589779213917793,0.6689693002228377,0.54707197695432,0.6517397205252609,0.5842375023555775,0.5630182679165788,0.5382468777401505,0.5830444058797096,0.5643374995656588,0.549789066440732,0.7091925414450756,0.574490307140319,0.5760159825069994,0.5616902270169396,0.4513737553138947,0.5627981189561172,0.5303006699322329,0.5140815536365572,0.5430186445686125,0.5124547287496296,0.5175062643466503,0.5745230993571709,0.6171120096480063,0.6563325702405123,0.8027316557272597,0.49359928289454263,0.5788557672751444,0.5692697776371842,0.4977202430389663,0.5883802607379057,0.5015593826010191,0.5406740358320272,0.5745115575062526,0.558037339506494,0.0,0.6185590253104306
ZAF,0.6771850474380683,0.5859889842606761,0.5270394086244947,0.4966058067849924,0.5288089746394393,0.5543865691416958,0.6349117782686411,0.5356605979678034,0.5465235496794325,0.5311733282414997,0.7466057328742637,0.5076233845225605,0.6309246259226179,0.5542337708630625,0.5501872330648603,0.6245165158104905,0.6342997920373317,0.6346785121088535,0.5548971957586133,0.5563973240700913,0.6508615688807196,0.5147014769691565,0.5646094160934686,0.5942320648860823,0.5955851519907681,0.5273861352878623,0.5906309818670415,0.5370181098632993,0.5518005057645898,0.5526202732878317,0.5886738075192279,0.6817419067752687,0.5648893532212592,0.5042230701155167,0.58117883525118,0.5727627123135911,0.595922735369822,0.6043307930822234,0.6079993663085136,0.5378622330089055,0.575578685982261,0.5357918036203154,0.610523405615339,0.7042098887083332,0.5704690663588502,0.6863127341139713,0.5635367346351479,0.6355755609707986,0.5772113877251351,0.5678227857460397,0.5456608317172016,0.6189339208033314,0.6326562537085739,0.5584041444480353,0.7247616493974879,0.5542325134621988,0.5861502486271093,0.5319851342270522,0.5434479539345486,0.5434090522045177,0.5741659731062551,0.5227228405030694,0.5375644461642927,0.5747477383599954,0.5386747958011309,0.5531196732615739,0.573172489167143,0.6832205461158567,0.7717380056113472,0.5427120323181926,0.5768055158192527,0.5302371051552774,0.5829217710198379,0.5889203510488655,0.5105247738306649,0.5431721224964345,0.5800791082103703,0.5118294880581926,0.6185590253104306,0.0
