,AGO,ARE,ARG,AUS,AUT,BEL,BGD,BGR,BLR,BRA,BRN,CAN,CHE,CHL,CHN,CIV,CMR,COD,COL,CRI,CYP,CZE,DEU,DNK,EGY,ESP,EST,FIN,FRA,GBR,GRC,HKG,HRV,HUN,IDN,IND,IRL,ISL,ISR,ITA,JOR,JPN,KAZ,KHM,KOR,LAO,LTU,LUX,LVA,MAR,MEX,MLT,MMR,MYS,NGA,NLD,NOR,NZL,PAK,PER,PHL,POL,PRT,ROU,RUS,SAU,SEN,SGP,STP,SVK,SVN,SWE,THA,TUN,TUR,TWN,UKR,USA,VNM,ZAF
AGO,0.0,0.6257009036150442,0.67558095786714,0.6741321758416076,0.6790182975117259,0.6974444637781776,0.6924446538218356,0.6906101619740999,0.65921586824219,0.6667918299411291,0.7025106624006505,0.6646479373819959,0.6902714799547136,0.6818276071470487,0.6946515417917002,0.7237383386243199,0.7146048100555843,0.7485956586514295,0.7077488890863355,0.6931322960575054,0.7454934686025572,0.6818377375315289,0.7055103950239795,0.6993808824124702,0.7362974206006905,0.6825629084283384,0.6938785238343874,0.682337053436855,0.6795854830436929,0.6743637458819902,0.7159290881955302,0.7545973888786178,0.6792429374266096,0.663582147410196,0.6759280932644255,0.6920185392851614,0.7241322469500416,0.7049405591547697,0.7110506349836132,0.6986104360088234,0.7001946405787258,0.7045049727995996,0.7206517835799751,0.7572924896463348,0.6987231848815698,0.6665016594162938,0.7059176518272419,0.7406296788058419,0.7070899469163612,0.6768751612471523,0.6651432262604995,0.7377656627996142,0.7062664730568964,0.6782233562005058,0.7714887610203277,0.6775141558463538,0.678798541920634,0.6603066686987152,0.6396952616932751,0.6791548481142531,0.6792156797810465,0.6810120216245623,0.6588584411872662,0.6741610214734374,0.6513615584262105,0.7123487024393157,0.6829101809237641,0.7458314897077627,0.8251266413111232,0.6833955273416119,0.7242084985542535,0.6748546057602317,0.6833232120757317,0.687001012823438,0.6609461830513084,0.7121291759491742,0.6815200937631344,0.6685767393215419,0.7045203471254617,0.671343529667293
ARE,0.6257009036150442,0.0,0.5349515538958745,0.4473701676679774,0.4429005511187496,0.46516262664636526,0.6040594342862872,0.47284833923419506,0.4654590422211929,0.4836870678032715,0.7364531409664004,0.44172740986173026,0.47426090498436646,0.4930104731729489,0.5466772209292219,0.6144062515969086,0.6167079282843162,0.5826395133310794,0.5406641300216398,0.4906372262545517,0.5461535044679617,0.4459886795457462,0.4685477127822602,0.5038609245245488,0.6549531626313359,0.4497369781370892,0.4916100551427444,0.4733000309385184,0.4483872047561696,0.41387884167935657,0.5371837062235976,0.5654750175561983,0.4526541701810294,0.42415393360741144,0.5303699184639924,0.573291836492513,0.5238084741366887,0.5034415185383002,0.4633680861406008,0.4561510923100795,0.5313766558961869,0.4803578145822096,0.6453331339113644,0.7216620755391254,0.477473135588493,0.6646714113249287,0.5403097425299105,0.5645782997307252,0.5393641692753107,0.5827262037646606,0.4943177031372105,0.5224836963967333,0.6676310479916705,0.5268598581769005,0.665185549283112,0.4478593854411025,0.45891777478966617,0.4716682837392805,0.5317492321867006,0.5162023366704556,0.5438367810643877,0.43844554751235504,0.43542471315798537,0.49073944277139203,0.41905957842247493,0.6019687841599987,0.5770453534546728,0.5425417733403901,0.719503137778661,0.45224677245993766,0.506797385557516,0.4466424442077253,0.47246803538326115,0.5583333267316883,0.47388462813390064,0.45307423054958634,0.5758046353141202,0.45056341352173274,0.5736420835693599,0.5053383347422
ARG,0.67558095786714,0.5349515538958745,0.0,0.4576252545967272,0.47084411902212225,0.47978972577389983,0.5348564534408184,0.5158119988785472,0.4401142020086117,0.4058143411374763,0.785078924547802,0.4535360859069496,0.5208860322311328,0.4878256375024603,0.4456951893444358,0.6146859841723541,0.620741537148878,0.5250091733121146,0.5024586520737534,0.53889194161313,0.6270300918181,0.48727536711308383,0.5114732774390525,0.5395732948527243,0.5908476080517907,0.4782398726917017,0.5396892712402738,0.49878004573838747,0.53326710457124,0.47743874915650264,0.5818176915551194,0.6793553444303205,0.4947075388075759,0.4456885130377865,0.5113442739337255,0.49828533325695024,0.6001620006022328,0.5660560704340589,0.5194079828579722,0.4568519824990813,0.539414409002651,0.4718592909400138,0.5918233454388361,0.6894752621887325,0.45903555137155677,0.6909357995403318,0.5302714615515999,0.6252022748446527,0.5914136086545588,0.5282820298253631,0.44929442084568594,0.6296319941656363,0.5561105007703336,0.5362854090424285,0.6715826834674927,0.48893119398739515,0.5442946720700637,0.4736277566303782,0.4175659395139653,0.42551490253956226,0.5612551152618875,0.4853770332806021,0.486824877081613,0.4982840039205928,0.4501322790120997,0.5602571796727889,0.5282766307173254,0.6172512167720194,0.7575916776396532,0.5162321932001215,0.515876805511928,0.5016449362361742,0.4911759041545536,0.5081082198531374,0.4052108701477225,0.493485388055584,0.49738654739133914,0.42596039073034203,0.5304890092012328,0.4720334150959171
AUS,0.6741321758416076,0.4473701676679774,0.4576252545967272,0.0,0.4131822280310422,0.43980441509411855,0.5389690961991386,0.4710238888030922,0.46485356612192236,0.41187499568251623,0.7771499002940012,0.39064396518545574,0.48712591922556325,0.4363333945867721,0.5226490009585083,0.5964403431668275,0.5988706131009603,0.4859021472593577,0.4945838998343062,0.46252069601345946,0.5720364766403512,0.444843106450003,0.4508584728473686,0.5179543756947038,0.6279647714372685,0.4192281446004632,0.4890276178343349,0.4622041520136291,0.42119049736171144,0.3958173038375579,0.5497723641043879,0.6178515416853438,0.47882950876962915,0.41527887570472194,0.524161728522507,0.5277574187770552,0.5306399650340166,0.5090089365369822,0.4918898961872759,0.4253583019713726,0.5560396756835598,0.4719226398416336,0.5751785209699102,0.6844317246107562,0.49105893517040106,0.6728120292554761,0.5072876540099902,0.5684508224208614,0.514680642047081,0.5390251713054955,0.476535491606068,0.5571647878532711,0.5953606331722833,0.5256006630370866,0.6505123619845312,0.4288309763588827,0.46766323129218973,0.4023966130787081,0.4466676252099855,0.43360053863383025,0.5207290621217363,0.43239709941890764,0.44129489135552064,0.4431643869430157,0.43346395519641595,0.564602354669035,0.5084335180387142,0.5962057144678405,0.7201430856176944,0.4360482513747634,0.4496372240224508,0.4244772521042375,0.50695993059695,0.4948541510727504,0.4255868923824964,0.5105194115368111,0.5241177812156863,0.4120590131901159,0.5767494484683532,0.4509320697627187
AUT,0.6790182975117259,0.4429005511187496,0.47084411902212225,0.4131822280310422,0.0,0.3802714043819995,0.5393713831757618,0.4294631062459668,0.43942662627232254,0.42197444289929475,0.7847458655847612,0.41485242921585774,0.43108337016732295,0.4510118118057271,0.5078508650105577,0.5951321827192537,0.6278329879765362,0.5641808582703276,0.48091646908880514,0.445816773835363,0.546415927365616,0.35794318607436226,0.3740647146293411,0.46761098299890747,0.6461375677332125,0.3278971645230142,0.40297505716933174,0.39301540109057304,0.3733939925964188,0.3726093416351686,0.5426319628901017,0.6106660818894045,0.43931656585436796,0.3638144027540478,0.5409970542278144,0.550278309993922,0.5300959992655487,0.47981228316155144,0.4462446506942497,0.36429944789080515,0.547239991771012,0.4473855963004417,0.6125099560449497,0.6950348823868853,0.44564799371048086,0.6868924439000177,0.44652989764203727,0.5543029377897812,0.41461266201639335,0.5420748930146605,0.4556880220106766,0.504704792081811,0.6388348274860012,0.5108211155710087,0.6626217859483389,0.3816014080262075,0.475746282021295,0.395264098268712,0.4675817429104966,0.4798066967251979,0.5161712898537818,0.3511787712674175,0.3405119432799806,0.46050874864486996,0.3983215558429632,0.6001910977554473,0.514274077024011,0.5660086729390084,0.7295321573293547,0.37295120606687115,0.39328685441249395,0.3602632070054071,0.5066332684857128,0.4985384267723806,0.3893763807337238,0.4591768479171271,0.524289876487509,0.4115407967885441,0.5679951085445281,0.46274947215362566
BEL,0.6974444637781776,0.46516262664636526,0.47978972577389983,0.43980441509411855,0.3802714043819995,0.0,0.5670563191713578,0.44644525191645673,0.4648797535311877,0.43626196655808136,0.7825192914345196,0.430180570948981,0.4394660353615982,0.48591169997591444,0.5323872525997709,0.5964446424780353,0.6268789686511045,0.5753534168482793,0.4912300791745566,0.45414162592179147,0.5488539332704326,0.39789301626831775,0.3517040341758539,0.47190985873242,0.631017523297894,0.3607525177921794,0.44984354119647985,0.4207290514959502,0.38993365268525576,0.3737085262870277,0.5365317310465637,0.5903374310186349,0.46831140231575424,0.37813194480677575,0.5745308966006492,0.5490938155700082,0.5493687025215331,0.48872209852604287,0.425024831633885,0.38676417306700533,0.5455492720814429,0.4485692152070244,0.624806491444501,0.6892553038070317,0.4546152484244453,0.7081355017709371,0.47628005482947805,0.5493725154071577,0.4769524354963311,0.5470423314243643,0.4784839087310687,0.5326206047818443,0.6497985342113165,0.5227214811690857,0.6717235231695894,0.36848821424195427,0.48753398936224474,0.4492419501165742,0.49965901420122705,0.48151920856275876,0.5561909559036187,0.41175566851784834,0.35062715818272605,0.4995627693206693,0.4297622448669653,0.5997627563433953,0.5272786334393934,0.5191504975368667,0.7385947292863574,0.43622276785031294,0.40324075494314804,0.39380797581667737,0.531790190260923,0.5415360529372538,0.42240020217004365,0.469786413845005,0.5533006560529273,0.4246391498138458,0.578366896211805,0.4747740280504497
BGD,0.6924446538218356,0.6040594342862872,0.5348564534408184,0.5389690961991386,0.5393713831757618,0.5670563191713578,0.0,0.5460037865785817,0.46519309796984804,0.5253709726545108,0.8029086740880224,0.5137833536977953,0.6022683530321374,0.5889093309439356,0.5380814070844157,0.6534319802421964,0.6542711503815799,0.5372974585977884,0.5676547287063983,0.5917808278746116,0.6383188144814158,0.5636131044993032,0.5665997024318137,0.5741264733363088,0.6191515690788015,0.5393013176494517,0.5551182522204564,0.5431646272372882,0.5713735347321303,0.5569668792489872,0.6177067630286058,0.6700792572555055,0.5696815392190826,0.5391692082478496,0.6059698067936108,0.5845663478325339,0.6356910374234434,0.5700291072202719,0.5843406567963387,0.5554447103843017,0.5952788112074213,0.564641613443564,0.5777662480015395,0.6312366959254234,0.565191412995747,0.6549284023854369,0.5956859730743309,0.6352485245561259,0.5924155993287904,0.559351082205169,0.566566586751081,0.6559957926754673,0.5277759730852681,0.6126303976072134,0.6914013717313312,0.5773363873215073,0.5711069725467154,0.5256006992080476,0.4429142277975698,0.5521718048262526,0.599308482715023,0.5632756068807497,0.5413524398670323,0.5755141042214609,0.5284639816093865,0.6315796577266198,0.5837617501128962,0.6716193489631554,0.7512623421682858,0.5611644771879604,0.5525382655978606,0.5593466679325789,0.5847909487108757,0.5633531835337224,0.47136154080544257,0.5835979902084475,0.5348688819734526,0.5527135425498405,0.5899111909325194,0.56391638410769
BGR,0.6906101619740999,0.47284833923419506,0.5158119988785472,0.4710238888030922,0.4294631062459668,0.44644525191645673,0.5460037865785817,0.0,0.4533775879950552,0.47467009299774304,0.7722766464484208,0.45423327808346387,0.4962701892061198,0.5395087962312205,0.5368632510527785,0.6083504834869071,0.621344604682919,0.5422926072846103,0.5300224636378733,0.5003951624009004,0.5797018227863665,0.4222032977576084,0.4570650815845267,0.5205997489418386,0.6364818041188727,0.42361216397651924,0.4673234843834739,0.4603584113263974,0.46653712130822533,0.45323321065103234,0.5423787930378556,0.6318776441482028,0.4636673251365508,0.4208421515294042,0.5545800940060653,0.5515847418926607,0.5768593220047775,0.5186296013100707,0.514327781099002,0.4327536386796161,0.5120767795960955,0.4610556437831706,0.6038571519081154,0.6661604878819584,0.5018242689571039,0.6728813674311954,0.4739509782727946,0.5819504848231791,0.5034092938567607,0.5307804484489937,0.5126338490369685,0.5682209054379249,0.6328807127416063,0.5230452404328245,0.6637463386031177,0.4799539847267568,0.5389452422959053,0.48331645934006595,0.48509858445119663,0.5142292340408638,0.5399445724440263,0.4173044368804139,0.4280556306483415,0.46310481092619643,0.4411293153495776,0.6097301616221691,0.5413597962406624,0.6116149078308001,0.7210673820322626,0.42350580057302945,0.44824332287505136,0.43433656583042846,0.5218597030876779,0.542496843011747,0.4418216198940811,0.5014752296300774,0.5234402192614137,0.48383011101436735,0.5666268632692881,0.5030149976281556
BLR,0.65921586824219,0.4654590422211929,0.4401142020086117,0.46485356612192236,0.43942662627232254,0.4648797535311877,0.46519309796984804,0.4533775879950552,0.0,0.4251067830188935,0.7597076671577602,0.4525225802130669,0.4875281110812913,0.5012638096523787,0.3892553968164324,0.5675180382876643,0.6081109680218153,0.549136104369138,0.49542385494172825,0.4971283540471652,0.5817805881638795,0.4334922320856336,0.46355810194355335,0.5126210610110579,0.5865803825604602,0.4049245011222656,0.4754006715621884,0.44208733707809406,0.47654142714294934,0.4574626757536814,0.5009625618828248,0.6527620928179323,0.43584595928865594,0.38315467641617185,0.47389767201445354,0.4804867709263601,0.563169092206539,0.4748950986152695,0.48852715960016563,0.43817415843387203,0.458791112431348,0.4163758513677943,0.5980857427293848,0.6722224321102797,0.38650699857464726,0.637352025789675,0.47411589227543316,0.6060963755560967,0.533005470145115,0.44472533587906443,0.4544693349206563,0.5980399057776495,0.5033607372612894,0.5127169574272571,0.6734485402385492,0.48233934385194754,0.49440631004163094,0.47101259943543633,0.2930389240390768,0.45443888399867194,0.5059584488447723,0.41066162914016857,0.42448559240457845,0.4655949865117396,0.3937723969226903,0.6038425962237092,0.5256559075605065,0.5825359657550989,0.7377656179459657,0.44179919745228735,0.4906997406558423,0.4465577282982791,0.4277978291085059,0.5344051562706481,0.33329364865307337,0.422695062849396,0.47627522842103975,0.4696496470319119,0.4901851250699499,0.45879092835117846
BRA,0.6667918299411291,0.4836870678032715,0.4058143411374763,0.41187499568251623,0.42197444289929475,0.43626196655808136,0.5253709726545108,0.47467009299774304,0.4251067830188935,0.0,0.7516538260972797,0.39587309695147854,0.4866805007180386,0.4523973869204609,0.4584761474193767,0.5812754154323173,0.5920576250566163,0.5057475233115724,0.4584045632543368,0.47302301504524447,0.600183275350706,0.45023296435503407,0.4470003136044407,0.5078889192587536,0.6094673244226246,0.40892248653505686,0.5019643940740216,0.447426912340701,0.43480030140228626,0.4106709896235458,0.5407191396319644,0.6295785099618671,0.4637348904167388,0.40010874141346414,0.481205892851829,0.49459315166832907,0.5607768551876663,0.5234341091116722,0.49380565852050273,0.4163030480959018,0.5350523016870253,0.4247303741000287,0.5728632615112343,0.6854433922947144,0.4335704779285767,0.6607210903404999,0.5007040118835745,0.5923485819863039,0.5380700488531976,0.4825512839685957,0.4038439776048378,0.5903220626454015,0.5804494668917438,0.4830721794958675,0.6652432450248434,0.4203546728252414,0.4917228379623309,0.43621435261060326,0.4208722786115162,0.405981250323003,0.5262969496041622,0.4204919075848085,0.4125722266225989,0.4644516641324874,0.39966246343762446,0.5571168268402402,0.49389688990817265,0.5937354326928452,0.7400277360280274,0.44464538025000633,0.47332650488753564,0.44437691608809227,0.4636847442965454,0.4964468981380794,0.3720752882337519,0.4458948983418215,0.49598214395236406,0.3989389733693459,0.5340434508225643,0.430704022874321
BRN,0.7025106624006505,0.7364531409664004,0.785078924547802,0.7771499002940012,0.7847458655847612,0.7825192914345196,0.8029086740880224,0.7722766464484208,0.7597076671577602,0.7516538260972797,0.0,0.7452797757493491,0.8122055349422335,0.7619070814784228,0.7805922343174968,0.7758261944670091,0.7772553505545676,0.8279696193396571,0.7615232275208015,0.7808375965603983,0.8219205562134293,0.7804307546482935,0.791941900371418,0.7870796376896035,0.77163487250782,0.7794576987336671,0.7860823235854112,0.7874090458257669,0.7772819045429471,0.783825385968247,0.7553546506875431,0.8274962854971695,0.761972123350802,0.7533782831872938,0.7225390633995074,0.7482634258318689,0.8321171517241058,0.8283678312788239,0.7835504074420547,0.772110366496431,0.7685238772081131,0.765146303520796,0.7854362286918317,0.8297270422074986,0.7789476405835429,0.7625749572955277,0.7466585026291435,0.835634562444088,0.8182651576613131,0.7532030329531689,0.7258711708868184,0.8383312976723217,0.7682656576963284,0.7307732039413132,0.8535146648836706,0.7800339070183108,0.761185027732383,0.76946054256328,0.7486557728405279,0.7619530440874552,0.7459629215667997,0.7611587476423723,0.76340427304459,0.7659588074914392,0.7417050269821542,0.7537460223756894,0.7764895063299277,0.8034744444818498,0.8707444423247823,0.7850733055773389,0.8235018549044468,0.7682967476263922,0.7550000853808218,0.8104044345369087,0.7641500038620535,0.7780217090970419,0.7699861269599069,0.7550659141639793,0.7736516129717224,0.7425762833586524
CAN,0.6646479373819959,0.44172740986173026,0.4535360859069496,0.39064396518545574,0.41485242921585774,0.430180570948981,0.5137833536977953,0.45423327808346387,0.4525225802130669,0.39587309695147854,0.7452797757493491,0.0,0.4900050877689063,0.46322494618814725,0.49891260799899073,0.5844689427085883,0.5986927910745528,0.5119319179906086,0.48368735498282195,0.473076787687998,0.5763267229428664,0.43846664147179987,0.42783180506622925,0.4915938986913044,0.5983198117452297,0.42490314768585075,0.4769032395198775,0.43370464902384726,0.4379601327924419,0.40761100328619254,0.5367406573858565,0.6134248979702637,0.4636051160554315,0.4011377027944422,0.5031895230991426,0.5113455929777531,0.5635048168647764,0.5242727719890747,0.48744662114061965,0.4204138101001373,0.5116689157103672,0.43885318203473767,0.542994632448802,0.68512198256854,0.4618790995123925,0.6614487860212613,0.49059836569507037,0.5761328775606182,0.5331311392724232,0.5239615877727577,0.41494916177595803,0.593974371262062,0.6038363420377886,0.49651409252654655,0.6417818876665041,0.4233244917111779,0.4362491307160127,0.4041797742968085,0.4490424509991669,0.43749154095867276,0.5207214331657812,0.4231653756085484,0.4400795420388295,0.46440724158797997,0.3914581181787054,0.5276538325188238,0.517965027200989,0.5962349561125552,0.7268195465267574,0.4582828543885263,0.4665827581497677,0.39853323515447336,0.49267017392184576,0.4964992912204429,0.4129713697204112,0.478442169485322,0.5024057859676323,0.3378574499684819,0.5766668174120503,0.4462132333294678
CHE,0.6902714799547136,0.47426090498436646,0.5208860322311328,0.48712591922556325,0.43108337016732295,0.4394660353615982,0.6022683530321374,0.4962701892061198,0.4875281110812913,0.4866805007180386,0.8122055349422335,0.4900050877689063,0.0,0.505167723751791,0.5454514781650625,0.6303416867819465,0.6454571734864057,0.6036818612782051,0.5595489631711165,0.47617379357126793,0.5372000640541005,0.46413795659589324,0.44301239776877177,0.48704384433869363,0.6833030807178618,0.44436973651999123,0.48131782037803467,0.4769634654173748,0.46022875740296404,0.4467052330415309,0.5529120554660967,0.5836736985129605,0.49564830040121743,0.45022431821564,0.5728771482624058,0.59999411636781,0.540705608780444,0.4906709174667508,0.4724948972203225,0.4633333452129123,0.572222767327317,0.4868503064331596,0.6661731510853157,0.7176303878264394,0.49729620901912536,0.7063526843152116,0.5138508116174788,0.5483956203944012,0.49319909108407956,0.5684474803751445,0.5147188655666417,0.531071534873826,0.6638597756950853,0.5630843534692033,0.6711654285353157,0.44668579368716077,0.512693936626867,0.4950630338531482,0.5214025136942934,0.5338595352336897,0.5532682252074316,0.4689055861980356,0.4402024345941136,0.5228131232128497,0.487257015439541,0.6101132344398388,0.5609690792297318,0.5434985244132408,0.7399888844817747,0.48641348641493154,0.4646861225118936,0.4388853207662044,0.5567437515647983,0.544239816480655,0.46905742215096846,0.5076122566151375,0.5628378787271762,0.4831749041012961,0.588197425024958,0.5280531063825474
CHL,0.6818276071470487,0.4930104731729489,0.4878256375024603,0.4363333945867721,0.4510118118057271,0.48591169997591444,0.5889093309439356,0.5395087962312205,0.5012638096523787,0.4523973869204609,0.7619070814784228,0.46322494618814725,0.505167723751791,0.0,0.5407949042117043,0.5894155436511318,0.633190107432629,0.580452217114334,0.5106922095832332,0.5033254856807285,0.5954043128358661,0.487151738270785,0.4867507913779205,0.5586702384666852,0.6767318205531945,0.4746381117091985,0.5126870815882854,0.48888933791080114,0.46829892240320453,0.44412898255446276,0.557965654171086,0.6531293424335213,0.5129063026336557,0.46326587471622666,0.5620419697560547,0.5795528776386267,0.5617833198924184,0.5520200541656048,0.48594921969729005,0.4739423655172938,0.586959677047943,0.5223685421176547,0.6346546431023323,0.7487757574620894,0.4954348476205959,0.6916925862978143,0.5282398371514537,0.6062617615055929,0.5385367577726645,0.5537591328829415,0.4751346239632466,0.5651247784034468,0.6312729468850673,0.5866548643613139,0.6881479281260793,0.4675048822013601,0.5302903617250756,0.439086219166426,0.4955843388116769,0.44960766365046995,0.5579423868303496,0.4781022607174277,0.4716989474196373,0.513867698709466,0.4840325739051214,0.6253055560459283,0.5171635706668993,0.6093329356145978,0.7508428920448824,0.49848708961147065,0.5083320819478077,0.4761642262287794,0.5336800366461085,0.5652338417473316,0.4720060347667733,0.5124640442062413,0.5893438710179216,0.45240700018829566,0.5604497645748923,0.4965897325663527
CHN,0.6946515417917002,0.5466772209292219,0.4456951893444358,0.5226490009585083,0.5078508650105577,0.5323872525997709,0.5380814070844157,0.5368632510527785,0.3892553968164324,0.4584761474193767,0.7805922343174968,0.49891260799899073,0.5454514781650625,0.5407949042117043,0.0,0.6345753740266975,0.6360650272739605,0.5905771846181822,0.5336322081807692,0.5835620903321153,0.6659991600658418,0.5090923637159708,0.5214628716609722,0.5786833924451578,0.6195732763781062,0.4999053580062061,0.5693312394233051,0.5126064164853147,0.5555395394432612,0.517450947920301,0.5951360709727022,0.7234656961631863,0.5215800064114657,0.47995739188428876,0.48294155823612095,0.5183689522885517,0.6254594212213718,0.5784670749825118,0.5484814548222984,0.5064092894148671,0.5490703641856362,0.4834591879138897,0.6359296521187346,0.6969666599712158,0.4105935125678053,0.6690599433844924,0.5799166543153055,0.6796995896707139,0.6223827597533605,0.5245233535139617,0.48050262128406507,0.6464601637550288,0.5326033742133182,0.5527641211099553,0.7063628401907445,0.5482039933058931,0.5597582019447109,0.5171004999023103,0.423972081743771,0.5014563942482001,0.5653969997995713,0.4983275670206826,0.5236185824426345,0.5360781104919209,0.4752131818558926,0.6127773651071698,0.5680173583246265,0.6242066850987463,0.7866574230662773,0.5454909821969701,0.5583796085706063,0.5255314727892147,0.48270562890851637,0.5431262716956529,0.4276796359609359,0.4684983240742519,0.48951055565172436,0.4944018099032483,0.47956641192813365,0.4915872066134422
CIV,0.7237383386243199,0.6144062515969086,0.6146859841723541,0.5964403431668275,0.5951321827192537,0.5964446424780353,0.6534319802421964,0.6083504834869071,0.5675180382876643,0.5812754154323173,0.7758261944670091,0.5844689427085883,0.6303416867819465,0.5894155436511318,0.6345753740266975,0.0,0.6643512223775355,0.6924706043425094,0.5857146555878707,0.5783211893693135,0.6780352996316399,0.6005747670398522,0.6014767130699838,0.6452073338177929,0.702554140019539,0.5733558418842714,0.6148794486509032,0.6016687881171577,0.5845780322039705,0.5920091823688974,0.6219040133128376,0.6982912791265088,0.6156954110092382,0.5520347711650143,0.618716741255243,0.6006304467677684,0.6694602781785526,0.6425282615976741,0.60815708481529,0.5757034804781626,0.6215456527144958,0.5941559003490342,0.6844321246801749,0.7519698818948717,0.6016435085406647,0.6777100926783658,0.5975714810723025,0.6624485092403554,0.6291666280253556,0.6051293277522436,0.5674401970193726,0.7007850500280414,0.6746747203707837,0.6330598922240613,0.7254933873409737,0.5983078511655583,0.6481532245534684,0.604627437135105,0.5690215602965799,0.5779426254938703,0.5959284471481084,0.583486364291925,0.5855349048193481,0.6007343896982544,0.5866107854088988,0.6660866066919771,0.5921011185710092,0.6620281117969945,0.7896414618384209,0.6199588426304322,0.6372465533559142,0.5710402168719705,0.6144715846962554,0.6446249651290491,0.5775800054957317,0.6215790187119133,0.6561129544544323,0.587624189687317,0.6427050878044426,0.5780096017199418
CMR,0.7146048100555843,0.6167079282843162,0.620741537148878,0.5988706131009603,0.6278329879765362,0.6268789686511045,0.6542711503815799,0.621344604682919,0.6081109680218153,0.5920576250566163,0.7772553505545676,0.5986927910745528,0.6454571734864057,0.633190107432629,0.6360650272739605,0.6643512223775355,0.0,0.6807586672160709,0.6249771175053979,0.6145587116265604,0.6779756215377176,0.6067914144416624,0.65635000094443,0.6395645171050306,0.6887508499052482,0.6341278352646436,0.6150817047906885,0.6466499351983317,0.6300874139350047,0.6113025360443575,0.6618466621742738,0.6833355414290075,0.6267558927041009,0.6056302458642735,0.6194672555409728,0.6635027783947599,0.6789712032149529,0.6637351495295182,0.6616126691826256,0.6298389453492454,0.6395652553857266,0.6169221041631056,0.6752735436081154,0.7281002838719391,0.6541603954002583,0.668997248691898,0.6038119003286215,0.684205343374862,0.6432294531156901,0.6595097346421361,0.6206256043162324,0.696453103026981,0.6756851356215056,0.5933869130425183,0.7160383640435353,0.6324975463038875,0.6558920169804406,0.6131188681596963,0.6063330711626964,0.6007637553575638,0.6615913388776222,0.5978162243867943,0.61334448959451,0.6206725568485659,0.6001626013037671,0.6742210306015993,0.610869143550431,0.6977595548015852,0.7620161269984876,0.6169056860460068,0.6398125065001803,0.6166821254170051,0.6085317302212586,0.6120943458381118,0.5922158197123262,0.6691704578337854,0.6238048409079213,0.616434094154984,0.6633817277292211,0.6272152447408401
COD,0.7485956586514295,0.5826395133310794,0.5250091733121146,0.4859021472593577,0.5641808582703276,0.5753534168482793,0.5372974585977884,0.5422926072846103,0.549136104369138,0.5057475233115724,0.8279696193396571,0.5119319179906086,0.6036818612782051,0.580452217114334,0.5905771846181822,0.6924706043425094,0.6807586672160709,0.0,0.5873844255834112,0.5991709643541374,0.6590858505202613,0.5706221271221588,0.571744864040666,0.606767186307315,0.6502351202616673,0.5385637514588097,0.579111568207379,0.5606005181583692,0.5687540795204448,0.5482624250862621,0.6441749135338283,0.7190260891943469,0.5754540927858539,0.5535445476649833,0.5998104105211677,0.5744165214643567,0.6128775322487591,0.579618831452637,0.5973710099931538,0.5442614664276679,0.6122681113157641,0.5759511619447517,0.5987792387963339,0.6945696796219503,0.595688287203905,0.7341288026849162,0.5978571211785206,0.6937204739489716,0.618288180237902,0.589712527471764,0.5712136336107274,0.6595151874699063,0.6302526725181263,0.6390866885619328,0.716275471904747,0.555872116458188,0.5713583799165685,0.5709174003052389,0.5477071222802818,0.5116543619500538,0.6563309114860681,0.5499294974497736,0.5682836445118681,0.5570552579559823,0.5343653211794553,0.6460374783250759,0.5648402639904581,0.7082182321296152,0.7640503690079719,0.5492824581961987,0.545372120744795,0.5776281143363572,0.596553950034443,0.5453016354780107,0.483986894712256,0.5866528116675935,0.548272593897181,0.5485303954793492,0.6234039408936672,0.5410603577784379
COL,0.7077488890863355,0.5406641300216398,0.5024586520737534,0.4945838998343062,0.48091646908880514,0.4912300791745566,0.5676547287063983,0.5300224636378733,0.49542385494172825,0.4584045632543368,0.7615232275208015,0.48368735498282195,0.5595489631711165,0.5106922095832332,0.5336322081807692,0.5857146555878707,0.6249771175053979,0.5873844255834112,0.0,0.5495425567579284,0.6261141533782536,0.498616061625121,0.5194062981498289,0.5612590197867371,0.6338477302788151,0.48185806807186254,0.5451640285705157,0.5325555830147173,0.5042894761752889,0.5017300086995534,0.5953879342049797,0.6667269248639237,0.5384281951644332,0.4726222734743113,0.5273981279929394,0.5495567264876546,0.5948669206199189,0.5785471071412518,0.53394260816014,0.48543452632681494,0.5840147691831257,0.5205696006279007,0.6167272413014288,0.729076077323536,0.5228975190289672,0.6695383366845076,0.5431616658722772,0.6295842121140535,0.5827020381186339,0.5534877309591146,0.4975032108930841,0.6282994759544988,0.6285179121908112,0.5571486561492817,0.7009042618451723,0.5087296586930244,0.5671695286572738,0.5025361198684528,0.4961255461692274,0.4872770474514182,0.5609013791252565,0.5065736377212047,0.4843964266465254,0.5383104048832581,0.49404743192483275,0.6160323003061473,0.5426233610748163,0.6211023829060084,0.7544639928776429,0.5224591248019669,0.5522113390318822,0.5172296518056463,0.524213069658767,0.5779974065767719,0.47320909942101114,0.5382507889007883,0.5718004463714459,0.4977878898249247,0.5617916331896279,0.4954175500815582
CRI,0.6931322960575054,0.4906372262545517,0.53889194161313,0.46252069601345946,0.445816773835363,0.45414162592179147,0.5917808278746116,0.5003951624009004,0.4971283540471652,0.47302301504524447,0.7808375965603983,0.473076787687998,0.47617379357126793,0.5033254856807285,0.5835620903321153,0.5783211893693135,0.6145587116265604,0.5991709643541374,0.5495425567579284,0.0,0.5370287856160161,0.4837164817313055,0.4794172521111459,0.4986147831421139,0.6512974911867215,0.4462949941573995,0.4841352725332193,0.48643780564233735,0.4534629033432792,0.4447719204449012,0.5203886150754171,0.5626341808210685,0.5032848393104721,0.4555966012314026,0.558591714914559,0.574070846966243,0.5458177515603959,0.50321163971101,0.5001434018373092,0.4594200490795926,0.5750888093441472,0.4917909468004272,0.6247750589574796,0.6979376293619531,0.5228213952798423,0.692451154317388,0.4993483361176736,0.5358487795375785,0.5003584253321512,0.5684752849388391,0.4823609436725911,0.568199861339523,0.6471327560406092,0.5400320943386185,0.6542081045158168,0.4583180007495501,0.5154027239413727,0.4952546490776953,0.5128899929925587,0.5096071277375191,0.515800780634553,0.45674907809784593,0.45273423066957474,0.5079929224538782,0.4899914928368037,0.5731847763363488,0.5261236758399066,0.5768456568141278,0.725438364325324,0.4977494358086208,0.47843693023648165,0.45255081641557277,0.5347392224701565,0.5759494999526363,0.48107319825942085,0.5082473158200188,0.5752376654042033,0.4795735398097038,0.6210250639337108,0.5135553495914524
CYP,0.7454934686025572,0.5461535044679617,0.6270300918181,0.5720364766403512,0.546415927365616,0.5488539332704326,0.6383188144814158,0.5797018227863665,0.5817805881638795,0.600183275350706,0.8219205562134293,0.5763267229428664,0.5372000640541005,0.5954043128358661,0.6659991600658418,0.6780352996316399,0.6779756215377176,0.6590858505202613,0.6261141533782536,0.5370287856160161,0.0,0.5688609286365405,0.5621923627728004,0.5247671664959301,0.6898335364278919,0.5462589576074454,0.5264773305378431,0.5831881573749352,0.5388238938402529,0.5533406672285685,0.5541838013902372,0.6028053457972081,0.5714838205488155,0.5655207343064319,0.6337787528021008,0.6898248488561977,0.6199628747844728,0.5705409905258635,0.592100101220939,0.5744919859926225,0.601778272967841,0.5989429235991771,0.703354129503282,0.7518232506371508,0.6028990297919014,0.736253260980802,0.5785372052042277,0.6016326011035478,0.5511753209189253,0.6649112203231026,0.6204348327903195,0.5942321453005313,0.7078981040107433,0.6217073101613932,0.7102040411240462,0.5570466466818016,0.5580835084622928,0.5763728285825773,0.5948192304053189,0.6213595460731243,0.640048867317696,0.5728128746975825,0.5439809502994691,0.602984792650117,0.5725124164443768,0.6721002487994855,0.6219364006219348,0.5788144634038654,0.7585915473908208,0.567427045017664,0.5466479932600237,0.556239553788414,0.6087738469189088,0.6222316622972952,0.5667606573348493,0.6004589284169802,0.6484007863152341,0.5822376256499141,0.6788701478811953,0.6278226023883934
CZE,0.6818377375315289,0.4459886795457462,0.48727536711308383,0.444843106450003,0.35794318607436226,0.39789301626831775,0.5636131044993032,0.4222032977576084,0.4334922320856336,0.45023296435503407,0.7804307546482935,0.43846664147179987,0.46413795659589324,0.487151738270785,0.5090923637159708,0.6005747670398522,0.6067914144416624,0.5706221271221588,0.498616061625121,0.4837164817313055,0.5688609286365405,0.0,0.4164610653601147,0.5040098356719347,0.6401658349173219,0.3623870110363791,0.41696997937989977,0.43259498108121003,0.4144949844347109,0.4092331407370773,0.5605705854429835,0.6337973441404385,0.4488610400675067,0.3692441169192964,0.5432564834701789,0.5473584195956616,0.5554895753007651,0.5065228710515698,0.4861781152841734,0.41396411363910157,0.5242372074521126,0.46237387507187544,0.6340008461851327,0.7077476618750576,0.4644781662734551,0.6779936212010188,0.452443332052471,0.5836125751819123,0.43804515061807303,0.5414463431361536,0.4874677409950435,0.5425322789861049,0.6305655425189883,0.5012078694620461,0.6751134346834164,0.4317530132848332,0.4983149286527942,0.43774842713051165,0.4716919514774529,0.4790094665922953,0.5424972086043163,0.34350628053762405,0.3820682443006922,0.4757095908635673,0.3975995172062501,0.6226001829962056,0.5225427896414078,0.582313200254237,0.7366492709336461,0.3595045110487735,0.3952813613993293,0.3903250362435004,0.5226893631179743,0.5238713652598496,0.4105451451667381,0.47207614474703763,0.5177021981079608,0.449457352737249,0.5502134899546035,0.4649041941500727
DEU,0.7055103950239795,0.4685477127822602,0.5114732774390525,0.4508584728473686,0.3740647146293411,0.3517040341758539,0.5665997024318137,0.4570650815845267,0.46355810194355335,0.4470003136044407,0.791941900371418,0.42783180506622925,0.44301239776877177,0.4867507913779205,0.5214628716609722,0.6014767130699838,0.65635000094443,0.571744864040666,0.5194062981498289,0.4794172521111459,0.5621923627728004,0.4164610653601147,0.0,0.47913565013148535,0.6527558487301954,0.3775891078512227,0.451850077730791,0.41585454042079734,0.3784357933820233,0.3756876474107723,0.5304044137447361,0.6382889473452905,0.4714108331830826,0.3755838209258458,0.5752685558643204,0.5696090795118742,0.5528411423826426,0.487632382303632,0.4403540645614194,0.37423823919175087,0.5595115275751811,0.43876363802171237,0.6490778497742391,0.7216897873905875,0.4258808453141152,0.7212211792769612,0.5033712469131766,0.5822713455141113,0.4987895202957984,0.5536013431605492,0.4910304559883552,0.5344974117795832,0.6540925294902924,0.541669910740638,0.6722987672715546,0.39811624629296644,0.4772396540589635,0.45373532521512766,0.49854484488121875,0.49899293193428673,0.572698094137865,0.4024726469679292,0.41334442011919337,0.49455111807500435,0.4411158470784758,0.6380447508981063,0.552421037647927,0.551057879884077,0.7660178626237676,0.42833724307893234,0.41012367728555427,0.37870695554992256,0.5477513848497613,0.5470361361568153,0.42861926605380374,0.44644979038849086,0.560969155546088,0.4124326329258712,0.5883766057427746,0.4805513902011883
DNK,0.6993808824124702,0.5038609245245488,0.5395732948527243,0.5179543756947038,0.46761098299890747,0.47190985873242,0.5741264733363088,0.5205997489418386,0.5126210610110579,0.5078889192587536,0.7870796376896035,0.4915938986913044,0.48704384433869363,0.5586702384666852,0.5786833924451578,0.6452073338177929,0.6395645171050306,0.606767186307315,0.5612590197867371,0.4986147831421139,0.5247671664959301,0.5040098356719347,0.47913565013148535,0.0,0.6438454264622858,0.4994313606760676,0.4689814025823218,0.5037671222295207,0.49698023913714334,0.4557310383118657,0.5033964723145564,0.5466387104965719,0.5214956659934844,0.47019501358082155,0.5807313776491052,0.6213876643619298,0.5929598561597081,0.5302278751196683,0.49858684902794437,0.4748186159909117,0.5845509577568452,0.5218098777751391,0.6411738361379746,0.7249792394278568,0.5336525698829102,0.6940728278782653,0.5320655038157271,0.5797811307279553,0.5402723692798289,0.6148208412327432,0.5378795674009542,0.5945232289394266,0.6565996869457724,0.566155230547117,0.6826395809102511,0.4527921887165962,0.46662081031014097,0.5055116166748536,0.527148220646682,0.5505670538711832,0.5974455211104295,0.5059798537347115,0.4810828957920056,0.5579378921494135,0.5160708422608353,0.6338709833265637,0.6021776875556484,0.5339702599026577,0.7615486688462559,0.5294191816492075,0.5123849163388431,0.48275654171495186,0.5691579410267904,0.5568317430078153,0.5001369828771637,0.5525781175476918,0.5841397802201607,0.4881317365682343,0.6212718837260244,0.5579495673777046
EGY,0.7362974206006905,0.6549531626313359,0.5908476080517907,0.6279647714372685,0.6461375677332125,0.631017523297894,0.6191515690788015,0.6364818041188727,0.5865803825604602,0.6094673244226246,0.77163487250782,0.5983198117452297,0.6833030807178618,0.6767318205531945,0.6195732763781062,0.702554140019539,0.6887508499052482,0.6502351202616673,0.6338477302788151,0.6512974911867215,0.6898335364278919,0.6401658349173219,0.6527558487301954,0.6438454264622858,0.0,0.6314042479444804,0.6382015787801738,0.631612623349694,0.6685098658707322,0.6446109663009648,0.6221613365694735,0.7461580023866539,0.6461896739155986,0.6120170528409564,0.6313605060006132,0.6222058055943352,0.7289726215960894,0.6821994174187734,0.6840515848288984,0.627325553729519,0.5996685565995508,0.6148951157273089,0.6398032405142762,0.7159270394892508,0.6204124463898347,0.7217010681621183,0.6484631797185489,0.738454708230792,0.6935096057476867,0.6478544538458948,0.6161293237675406,0.7316086330428314,0.6498584435014148,0.6313937371252876,0.7622568846090961,0.6467039679499157,0.627373732430473,0.6248623211833647,0.5603029119485685,0.6070579022901037,0.6815722503518731,0.6416176870466417,0.6327618351940496,0.6419917481198355,0.5805372643047028,0.6426266929280484,0.6343920806765434,0.691226655151558,0.7856074483391916,0.652610348171016,0.6563529962618352,0.639299544080097,0.6324672058173009,0.6509397633886306,0.5722657859016922,0.6300007308941218,0.583350392291704,0.6003619397192681,0.644942209575817,0.6243440960533908
ESP,0.6825629084283384,0.4497369781370892,0.4782398726917017,0.4192281446004632,0.3278971645230142,0.3607525177921794,0.5393013176494517,0.42361216397651924,0.4049245011222656,0.40892248653505686,0.7794576987336671,0.42490314768585075,0.44436973651999123,0.4746381117091985,0.4999053580062061,0.5733558418842714,0.6341278352646436,0.5385637514588097,0.48185806807186254,0.4462949941573995,0.5462589576074454,0.3623870110363791,0.3775891078512227,0.4994313606760676,0.6314042479444804,0.0,0.42037668280928925,0.40314572281197825,0.3585657227273335,0.3835870974365604,0.5113036664860908,0.6201669125251599,0.4478023879581805,0.34829180594986114,0.5362227407306585,0.5261892698195565,0.5363657001494521,0.47066240311459356,0.4661336788540135,0.3579413951059111,0.5224219354718863,0.42816732547045916,0.6141163253634047,0.696751712738148,0.41909821663051217,0.6906704832469022,0.4513633479861067,0.572152200904022,0.44887114092297364,0.5081449325076102,0.44774295802091524,0.5233350427668342,0.6267148332507545,0.5052423375531969,0.6650643551061198,0.3955757029129049,0.49994561175644897,0.4263087582443471,0.4454305456053219,0.4682954625414443,0.5267476781670679,0.358678201960382,0.3377865850033081,0.45027710392993575,0.39679488095474563,0.589899946457695,0.500950024703765,0.5654991029638584,0.7415849015389622,0.38285405691818314,0.3951463714313925,0.3680696545219828,0.4938991637094072,0.5340776068323667,0.3820583122408495,0.4352013710375161,0.528877616009103,0.4242455490595283,0.5568581696723978,0.4396436025635881
EST,0.6938785238343874,0.4916100551427444,0.5396892712402738,0.4890276178343349,0.40297505716933174,0.44984354119647985,0.5551182522204564,0.4673234843834739,0.4754006715621884,0.5019643940740216,0.7860823235854112,0.4769032395198775,0.48131782037803467,0.5126870815882854,0.5693312394233051,0.6148794486509032,0.6150817047906885,0.579111568207379,0.5451640285705157,0.4841352725332193,0.5264773305378431,0.41696997937989977,0.451850077730791,0.4689814025823218,0.6382015787801738,0.42037668280928925,0.0,0.4576733131345051,0.4484921999784954,0.44402887204895447,0.5384173531110232,0.6162077952079096,0.4854129601349449,0.4273140225631878,0.5632696224591303,0.6110814810763767,0.5631613290937331,0.5268246670489417,0.5160006262675281,0.4375800835948601,0.5456804811813996,0.5165259139899107,0.6282334501543726,0.7282871947407236,0.519592039567656,0.6873635237475787,0.45181681925562645,0.5959261425021779,0.4040399476523798,0.5710803524670243,0.5204843932518634,0.5152797469874776,0.6496463406842761,0.5537371889835351,0.6899090415124876,0.457986824906786,0.49743533331346623,0.4774150598591237,0.4993463439015136,0.5168986623194143,0.5479576963538622,0.43424616290695844,0.42254949312824036,0.4945846004962688,0.45303001800190296,0.6407770582776322,0.529265228986181,0.5766939208248777,0.7262445232063814,0.433280664645568,0.44730317428899696,0.4217500528676461,0.5528021208982674,0.5456843706500241,0.45628833771473315,0.51490852014599,0.5683746509220123,0.4944441487931715,0.5874780437334591,0.5245327969079896
FIN,0.682337053436855,0.4733000309385184,0.49878004573838747,0.4622041520136291,0.39301540109057304,0.4207290514959502,0.5431646272372882,0.4603584113263974,0.44208733707809406,0.447426912340701,0.7874090458257669,0.43370464902384726,0.4769634654173748,0.48888933791080114,0.5126064164853147,0.6016687881171577,0.6466499351983317,0.5606005181583692,0.5325555830147173,0.48643780564233735,0.5831881573749352,0.43259498108121003,0.41585454042079734,0.5037671222295207,0.631612623349694,0.40314572281197825,0.4576733131345051,0.0,0.438639209636224,0.43910697082257705,0.5584522496784143,0.6323585763305679,0.48191853947926383,0.38886228421740904,0.5628079214360481,0.5603080891160716,0.559740500031443,0.5197063252024019,0.48901079585054,0.42099434390159834,0.5484851543985375,0.45049974340189003,0.6276424461282943,0.6820329640142947,0.44521249855248923,0.6952111625374753,0.4943408233223483,0.5818763160391367,0.4797719702941235,0.5424217617572197,0.4864102799116673,0.558032474588588,0.634398497852482,0.5453359223805359,0.6746650843872044,0.44683447278015703,0.4794644490754397,0.4702984080339214,0.4753599621865494,0.49680390845814604,0.5675035186356351,0.40378432218646576,0.4019346174301187,0.5006185428653304,0.4484012273270326,0.6348492175678045,0.5276144333626921,0.5679540595650764,0.7425088131141052,0.4473394742569943,0.4242163275105717,0.3799180241558144,0.5424872192448504,0.5351493575205721,0.42012582352407024,0.4504572533375101,0.5381998820683994,0.4437628442759314,0.5564763228441011,0.4629639138626265
FRA,0.6795854830436929,0.4483872047561696,0.53326710457124,0.42119049736171144,0.3733939925964188,0.38993365268525576,0.5713735347321303,0.46653712130822533,0.47654142714294934,0.43480030140228626,0.7772819045429471,0.4379601327924419,0.46022875740296404,0.46829892240320453,0.5555395394432612,0.5845780322039705,0.6300874139350047,0.5687540795204448,0.5042894761752889,0.4534629033432792,0.5388238938402529,0.4144949844347109,0.3784357933820233,0.49698023913714334,0.6685098658707322,0.3585657227273335,0.4484921999784954,0.438639209636224,0.0,0.36894194006526043,0.5244608740369628,0.6080637658291953,0.47834008354561386,0.3921498132507942,0.5770787842287225,0.5827880962924125,0.5313633095870615,0.49688431619734097,0.4713255098727378,0.3996466325054176,0.5858708233144505,0.47383588150301165,0.6413677802430084,0.7167747532601971,0.47298342435325375,0.7009152122320371,0.4870721361290923,0.5790711074976892,0.466833064431632,0.5548435407617638,0.5026176217102071,0.5319817768908952,0.6549138718075366,0.5431394467998298,0.6629227027356833,0.38496666761773496,0.48300167746120853,0.4268383703891262,0.50460173205629,0.4976108754295171,0.5564273615192392,0.4102767661451097,0.3791733626143324,0.46670568221867503,0.4394332393321815,0.6266039025618263,0.5245283328819681,0.5551361702512421,0.7458452735044689,0.40982368197998437,0.43106870645499784,0.3928420272722936,0.5314229181230373,0.5484950605455836,0.4347908107615615,0.47996818193654145,0.5747154581150652,0.4230211767533501,0.6085131106552315,0.480223858574702
GBR,0.6743637458819902,0.41387884167935657,0.47743874915650264,0.3958173038375579,0.3726093416351686,0.3737085262870277,0.5569668792489872,0.45323321065103234,0.4574626757536814,0.4106709896235458,0.783825385968247,0.40761100328619254,0.4467052330415309,0.44412898255446276,0.517450947920301,0.5920091823688974,0.6113025360443575,0.5482624250862621,0.5017300086995534,0.4447719204449012,0.5533406672285685,0.4092331407370773,0.3756876474107723,0.4557310383118657,0.6446109663009648,0.3835870974365604,0.44402887204895447,0.43910697082257705,0.36894194006526043,0.0,0.5271749400011554,0.5825543403168478,0.4307921149724984,0.39036586261654943,0.5441766654055205,0.5502038938727706,0.5017434948931394,0.45878224540889984,0.4391194899383753,0.3780951193113575,0.549285967643021,0.4646438863617698,0.6286053354834172,0.7122923023059473,0.4584114010848327,0.6877046277830932,0.48535904377476186,0.5506752978654647,0.4827868591488879,0.5618699515558602,0.4735392418691148,0.5401942134220162,0.6423451998370666,0.5134628169214575,0.6585631878763376,0.3565282802293075,0.4458884464391571,0.40080279290073334,0.48513152458063424,0.45541160742666603,0.548885151864316,0.39723823145549036,0.39919035306214024,0.4582979472420053,0.41545550236385,0.5946676898077391,0.5224973351290695,0.5441274101519366,0.7167450851763661,0.41822463184500286,0.4097109435077095,0.4186394265418368,0.4963357244506775,0.5081115541514555,0.4159236677990587,0.46893799868605546,0.5515836996249308,0.39747974252087753,0.5758335862171247,0.4803204640328722
GRC,0.7159290881955302,0.5371837062235976,0.5818176915551194,0.5497723641043879,0.5426319628901017,0.5365317310465637,0.6177067630286058,0.5423787930378556,0.5009625618828248,0.5407191396319644,0.7553546506875431,0.5367406573858565,0.5529120554660967,0.557965654171086,0.5951360709727022,0.6219040133128376,0.6618466621742738,0.6441749135338283,0.5953879342049797,0.5203886150754171,0.5541838013902372,0.5605705854429835,0.5304044137447361,0.5033964723145564,0.6221613365694735,0.5113036664860908,0.5384173531110232,0.5584522496784143,0.5244608740369628,0.5271749400011554,0.0,0.6204364916169848,0.5453964085037019,0.5138952079152717,0.6054462034724404,0.6211696767221683,0.6250286184644578,0.5647251849161581,0.5483815819094648,0.524556821666812,0.5565512842711375,0.5302819785279292,0.6474950134127958,0.7377824133732526,0.5364633958561256,0.6855165462983973,0.563850658293687,0.6462234624463428,0.5977992248297622,0.5923810596469834,0.5406696048508688,0.6381305516447396,0.6564970678198089,0.5885615245254594,0.7027607811095813,0.5418579746104106,0.5429547392167802,0.5444248562209214,0.5203830698497884,0.5794479615874263,0.592582696700683,0.5414448832646211,0.5397071192306306,0.5564197643350365,0.5249771220481959,0.6465999238937753,0.5827025647001082,0.5905876034554354,0.7681027626477729,0.5688776458446003,0.5787246865417298,0.5221602067633456,0.5659086759621375,0.6327470903019342,0.5215732761571165,0.5609924266964965,0.6202499979835571,0.5240584263201719,0.6067765877236636,0.5595425310958273
HKG,0.7545973888786178,0.5654750175561983,0.6793553444303205,0.6178515416853438,0.6106660818894045,0.5903374310186349,0.6700792572555055,0.6318776441482028,0.6527620928179323,0.6295785099618671,0.8274962854971695,0.6134248979702637,0.5836736985129605,0.6531293424335213,0.7234656961631863,0.6982912791265088,0.6833355414290075,0.7190260891943469,0.6667269248639237,0.5626341808210685,0.6028053457972081,0.6337973441404385,0.6382889473452905,0.5466387104965719,0.7461580023866539,0.6201669125251599,0.6162077952079096,0.6323585763305679,0.6080637658291953,0.5825543403168478,0.6204364916169848,0.0,0.6292589191420805,0.617883058277376,0.6810120478906936,0.7277127774970025,0.6599531956824484,0.6081180922924918,0.5918416019075059,0.6232703322497172,0.6767805077654985,0.6249648403214249,0.6831871165539826,0.7552492101528488,0.6746301936331739,0.6834252509576203,0.6318531356204123,0.5359998330284792,0.6321536803372524,0.7281955378642974,0.634432756712937,0.6665978804109486,0.7622351767599942,0.6415214868706202,0.684082282765232,0.5809685331550126,0.6249404416545802,0.6282548795478059,0.6672812465483382,0.6833244658074381,0.6414631226434565,0.6275636046358747,0.595824579972432,0.6659122776984994,0.6119334585129315,0.6661556201164927,0.6961903961954219,0.5461879127269208,0.7571890368032247,0.6450706877616488,0.6181724143941733,0.6177980559524089,0.6684067876350741,0.704651590606274,0.6469592424347943,0.6618735144238422,0.67276121906746,0.6243740653425756,0.7443311393121962,0.6551825167105776
HRV,0.6792429374266096,0.4526541701810294,0.4947075388075759,0.47882950876962915,0.43931656585436796,0.46831140231575424,0.5696815392190826,0.4636673251365508,0.43584595928865594,0.4637348904167388,0.761972123350802,0.4636051160554315,0.49564830040121743,0.5129063026336557,0.5215800064114657,0.6156954110092382,0.6267558927041009,0.5754540927858539,0.5384281951644332,0.5032848393104721,0.5714838205488155,0.4488610400675067,0.4714108331830826,0.5214956659934844,0.6461896739155986,0.4478023879581805,0.4854129601349449,0.48191853947926383,0.47834008354561386,0.4307921149724984,0.5453964085037019,0.6292589191420805,0.0,0.42503645072634516,0.5410712227209642,0.5561413532428598,0.5655838018988742,0.5215665112297982,0.5130850986148028,0.4477966148505361,0.5227476796309212,0.48676429332013615,0.6444391624053853,0.7091866939470414,0.4906152927027772,0.6578110216148565,0.5050693627891025,0.5990298702408946,0.5436896205633032,0.5531360425443478,0.5093995433733636,0.5804582284482477,0.6350657489908906,0.5508922071301663,0.6747827106458263,0.4584411680322956,0.47877755517787246,0.4680463928154715,0.4845160652372375,0.5012623499382652,0.5340094761077572,0.4285869983718388,0.4589970922809582,0.46216050750660986,0.4279942688589501,0.6022123472631453,0.5479437838044756,0.6050364043271025,0.6963536952697917,0.45069490871246276,0.4645017651616552,0.4696206127097777,0.49742817221604096,0.547927360121535,0.4570489545365242,0.4913084796006564,0.5576233760240827,0.47179308567586586,0.5740563952162078,0.5029706876113594
HUN,0.663582147410196,0.42415393360741144,0.4456885130377865,0.41527887570472194,0.3638144027540478,0.37813194480677575,0.5391692082478496,0.4208421515294042,0.38315467641617185,0.40010874141346414,0.7533782831872938,0.4011377027944422,0.45022431821564,0.46326587471622666,0.47995739188428876,0.5520347711650143,0.6056302458642735,0.5535445476649833,0.4726222734743113,0.4555966012314026,0.5655207343064319,0.3692441169192964,0.3755838209258458,0.47019501358082155,0.6120170528409564,0.34829180594986114,0.4273140225631878,0.38886228421740904,0.3921498132507942,0.39036586261654943,0.5138952079152717,0.617883058277376,0.42503645072634516,0.0,0.516217554130147,0.5079055946887541,0.5475254879579159,0.49773821271085383,0.43933547667173173,0.3628333298841343,0.49639466747355937,0.418936925331715,0.5998579810539199,0.6932354608536757,0.4063573405956244,0.654460579140045,0.4290846035615281,0.5747683675997562,0.4695031003742771,0.4973745104412012,0.43119863214276366,0.5457346113384633,0.5989163415627905,0.4954255733755071,0.6568605303177584,0.4003399956547114,0.4577834249621801,0.4255019571838447,0.41911901286965125,0.4537773752056945,0.4987975060167999,0.3491596100612728,0.3765774553447496,0.43840405897019785,0.3847902171686765,0.5922638272603002,0.5093448725633416,0.5573241979943808,0.7200934646081955,0.38635773383159483,0.4184080164216293,0.3665237677328752,0.47848415786249776,0.5003206766285977,0.3796991057731335,0.44326761864885017,0.5211652487882874,0.3986463560007942,0.5362090635201054,0.4236827226862517
IDN,0.6759280932644255,0.5303699184639924,0.5113442739337255,0.524161728522507,0.5409970542278144,0.5745308966006492,0.6059698067936108,0.5545800940060653,0.47389767201445354,0.481205892851829,0.7225390633995074,0.5031895230991426,0.5728771482624058,0.5620419697560547,0.48294155823612095,0.618716741255243,0.6194672555409728,0.5998104105211677,0.5273981279929394,0.558591714914559,0.6337787528021008,0.5432564834701789,0.5752685558643204,0.5807313776491052,0.6313605060006132,0.5362227407306585,0.5632696224591303,0.5628079214360481,0.5770787842287225,0.5441766654055205,0.6054462034724404,0.6810120478906936,0.5410712227209642,0.516217554130147,0.0,0.5453352340142135,0.6286957360957209,0.6020331748380371,0.6084887393081322,0.5421110345405001,0.5482520647385001,0.5303566813668444,0.6144112210556202,0.7261569178794773,0.508539281879003,0.6344205705597743,0.5643170040455188,0.652837196280247,0.6286201036857516,0.5492513216721311,0.49973966793200175,0.6590129548212289,0.5634393350106126,0.4981985260165599,0.696375135906031,0.5728552911232014,0.5740844601860079,0.5398972217903458,0.4785845073297234,0.5067191092063278,0.5538463954473866,0.517427408194892,0.527074975565919,0.5508262014183436,0.4986856306875024,0.5448609861217979,0.5894581490832855,0.6463124358719735,0.7596467547202539,0.568853474293181,0.5978352800584644,0.5480530795829676,0.47861831547199346,0.5823643016199843,0.49649740234563355,0.5256529190532268,0.544343829064659,0.53215971571292,0.5212707146742326,0.5062993657489622
IND,0.6920185392851614,0.573291836492513,0.49828533325695024,0.5277574187770552,0.550278309993922,0.5490938155700082,0.5845663478325339,0.5515847418926607,0.4804867709263601,0.49459315166832907,0.7482634258318689,0.5113455929777531,0.59999411636781,0.5795528776386267,0.5183689522885517,0.6006304467677684,0.6635027783947599,0.5744165214643567,0.5495567264876546,0.574070846966243,0.6898248488561977,0.5473584195956616,0.5696090795118742,0.6213876643619298,0.6222058055943352,0.5261892698195565,0.6110814810763767,0.5603080891160716,0.5827880962924125,0.5502038938727706,0.6211696767221683,0.7277127774970025,0.5561413532428598,0.5079055946887541,0.5453352340142135,0.0,0.6430997098947557,0.5951648119524386,0.5729184492138985,0.5248599427810254,0.5598977847735894,0.5379129743477574,0.6129301375835587,0.7088959949436919,0.5316878790580614,0.6983913481833115,0.5787469517391857,0.6931389720584822,0.6460376315850315,0.5095810928545853,0.48913125038123745,0.6881659895663947,0.6047654657625371,0.5488642040294494,0.7399188829820998,0.5659247746577082,0.5985990088386062,0.5588615437937374,0.4775093392081395,0.5178091474435286,0.5709023850214807,0.5293501539516764,0.5493225549704335,0.5246438434670585,0.503479845984747,0.6096731799812743,0.5591918314498155,0.6853314389291915,0.7746989071278638,0.5702594231033123,0.5912429218984336,0.5471610091079396,0.5224754898687246,0.5759848945815291,0.4915832419715452,0.5540090502374295,0.5439779713734704,0.5210759445830236,0.580773711462645,0.5104964051237063
IRL,0.7241322469500416,0.5238084741366887,0.6001620006022328,0.5306399650340166,0.5300959992655487,0.5493687025215331,0.6356910374234434,0.5768593220047775,0.563169092206539,0.5607768551876663,0.8321171517241058,0.5635048168647764,0.540705608780444,0.5617833198924184,0.6254594212213718,0.6694602781785526,0.6789712032149529,0.6128775322487591,0.5948669206199189,0.5458177515603959,0.6199628747844728,0.5554895753007651,0.5528411423826426,0.5929598561597081,0.7289726215960894,0.5363657001494521,0.5631613290937331,0.559740500031443,0.5313633095870615,0.5017434948931394,0.6250286184644578,0.6599531956824484,0.5655838018988742,0.5475254879579159,0.6286957360957209,0.6430997098947557,0.0,0.5364116070169064,0.5695320784117522,0.5462188831779444,0.6468970878844978,0.576267117272049,0.6866915722129553,0.7596973710710753,0.5920436098772824,0.7266464532807648,0.6145874164292797,0.6200349565663349,0.5877872923336966,0.6361050130110454,0.5885025082133684,0.5825957129522306,0.7020571866857658,0.6516202940769233,0.7047525844436474,0.5483220124258933,0.5921242547112916,0.5493994208881864,0.5932592450387247,0.5738142241477793,0.6203118432059975,0.528296849832529,0.543601496443396,0.5746308287515715,0.5873999506549091,0.6800532592021976,0.6149540428261477,0.6509896627077325,0.7532080689936006,0.5627878702978228,0.5464183344990446,0.5506709165057398,0.5987101249853434,0.6274083761544319,0.5566044881655697,0.5806476435069802,0.6515411521988914,0.5645784984097449,0.6272441985081806,0.5985853012171399
ISL,0.7049405591547697,0.5034415185383002,0.5660560704340589,0.5090089365369822,0.47981228316155144,0.48872209852604287,0.5700291072202719,0.5186296013100707,0.4748950986152695,0.5234341091116722,0.8283678312788239,0.5242727719890747,0.4906709174667508,0.5520200541656048,0.5784670749825118,0.6425282615976741,0.6637351495295182,0.579618831452637,0.5785471071412518,0.50321163971101,0.5705409905258635,0.5065228710515698,0.487632382303632,0.5302278751196683,0.6821994174187734,0.47066240311459356,0.5268246670489417,0.5197063252024019,0.49688431619734097,0.45878224540889984,0.5647251849161581,0.6081180922924918,0.5215665112297982,0.49773821271085383,0.6020331748380371,0.5951648119524386,0.5364116070169064,0.0,0.5251225058492526,0.5001597882488301,0.5656131795651688,0.5301311727325451,0.6713913836260452,0.7220117396092971,0.5326830765913311,0.7061912574523137,0.5658511429918114,0.5910995622564698,0.541212763898573,0.5751960546400946,0.5820686511049543,0.5765834353660902,0.6621456402900505,0.5662569391420564,0.6982443566568911,0.5063076001473684,0.5477567783385314,0.5202174951148372,0.5249853473872809,0.5389194613097867,0.592190742807794,0.5011031557833129,0.4839783773397844,0.5477781355352486,0.517103718273788,0.6339640307389001,0.5732312144535986,0.6033619837287301,0.6888090779024296,0.508346737690851,0.4992086386885043,0.5180959153127094,0.5509575099240536,0.5638754923469852,0.4965154573646248,0.544857443102065,0.591529787772934,0.5389672060299592,0.6240173768196133,0.5467613012803473
ISR,0.7110506349836132,0.4633680861406008,0.5194079828579722,0.4918898961872759,0.4462446506942497,0.425024831633885,0.5843406567963387,0.514327781099002,0.48852715960016563,0.49380565852050273,0.7835504074420547,0.48744662114061965,0.4724948972203225,0.48594921969729005,0.5484814548222984,0.60815708481529,0.6616126691826256,0.5973710099931538,0.53394260816014,0.5001434018373092,0.592100101220939,0.4861781152841734,0.4403540645614194,0.49858684902794437,0.6840515848288984,0.4661336788540135,0.5160006262675281,0.48901079585054,0.4713255098727378,0.4391194899383753,0.5483815819094648,0.5918416019075059,0.5130850986148028,0.43933547667173173,0.6084887393081322,0.5729184492138985,0.5695320784117522,0.5251225058492526,0.0,0.4440636088300587,0.5907389308173336,0.4927835264379929,0.6685767761820658,0.7344442264994916,0.4735771928577545,0.7143295354515635,0.5361623665322117,0.5717221356951465,0.5590919650732351,0.591724107116884,0.5086691520276969,0.5661024118881067,0.6616699552046601,0.5754551442698215,0.6755281653977296,0.42555755445459675,0.5365725125401699,0.5026337534416546,0.525649710278239,0.5199247076701591,0.5676113632511429,0.47908649116092095,0.45109602060998766,0.5506135701191361,0.4894311640046349,0.6383892961073436,0.5816869229897585,0.5580637709533456,0.7626076162357889,0.5166890122154753,0.4941879591596914,0.48140517680258393,0.5410370305851945,0.5980772275773478,0.4668878743288849,0.476481093024121,0.592172011425469,0.46342639858067075,0.5924307930149655,0.52002279900332
ITA,0.6986104360088234,0.4561510923100795,0.4568519824990813,0.4253583019713726,0.36429944789080515,0.38676417306700533,0.5554447103843017,0.4327536386796161,0.43817415843387203,0.4163030480959018,0.772110366496431,0.4204138101001373,0.4633333452129123,0.4739423655172938,0.5064092894148671,0.5757034804781626,0.6298389453492454,0.5442614664276679,0.48543452632681494,0.4594200490795926,0.5744919859926225,0.41396411363910157,0.37423823919175087,0.4748186159909117,0.627325553729519,0.3579413951059111,0.4375800835948601,0.42099434390159834,0.3996466325054176,0.3780951193113575,0.524556821666812,0.6232703322497172,0.4477966148505361,0.3628333298841343,0.5421110345405001,0.5248599427810254,0.5462188831779444,0.5001597882488301,0.4440636088300587,0.0,0.5346685182686388,0.4198786349876681,0.6297402430099959,0.7075532120750861,0.42527229942106304,0.7109288544318612,0.4656073499641186,0.5649833497842334,0.49057007636257255,0.5444701683869514,0.4522356489446161,0.5423728352405436,0.631909987637761,0.5309865605839427,0.6669717673312962,0.3905239648048169,0.4857024564192956,0.4309421687517232,0.4688102686491458,0.4540878920859046,0.548229113556024,0.3981218526511612,0.38589120708587277,0.4651991095607383,0.40580093680231843,0.5957831689742334,0.5244420448021488,0.5550960940457653,0.7401940463858679,0.4265609707041535,0.4265576967975996,0.38517089123363607,0.5032306413741883,0.5360419355588868,0.3979517005900138,0.4383906064995233,0.5413336193132394,0.40552171386817376,0.5758799422302927,0.4552297887618841
JOR,0.7001946405787258,0.5313766558961869,0.539414409002651,0.5560396756835598,0.547239991771012,0.5455492720814429,0.5952788112074213,0.5120767795960955,0.458791112431348,0.5350523016870253,0.7685238772081131,0.5116689157103672,0.572222767327317,0.586959677047943,0.5490703641856362,0.6215456527144958,0.6395652553857266,0.6122681113157641,0.5840147691831257,0.5750888093441472,0.601778272967841,0.5242372074521126,0.5595115275751811,0.5845509577568452,0.5996685565995508,0.5224219354718863,0.5456804811813996,0.5484851543985375,0.5858708233144505,0.549285967643021,0.5565512842711375,0.6767805077654985,0.5227476796309212,0.49639466747355937,0.5482520647385001,0.5598977847735894,0.6468970878844978,0.5656131795651688,0.5907389308173336,0.5346685182686388,0.0,0.5306671614663047,0.6220737212567661,0.7344651588171096,0.5387277011564124,0.666138132083303,0.5408021908601635,0.6477843505017122,0.6022941651166628,0.5439379687139066,0.5337574157900503,0.6451705445998532,0.6540071402125932,0.5296410704422566,0.7183939715222031,0.5745267613960269,0.5565793024854586,0.5444300430178639,0.5077084732534132,0.5502458545190687,0.594214084469588,0.5280199814656185,0.5314767686810357,0.5450431870141421,0.48845612006423406,0.6106639704870629,0.5703787664883305,0.6359292441389875,0.7336078772565193,0.5559494657986089,0.5688135551637926,0.5405846547371175,0.5465520817811753,0.5701445894739848,0.5086748572078368,0.5623078250307648,0.5695404978488837,0.5324906550490991,0.5914105584312082,0.5390286282839313
JPN,0.7045049727995996,0.4803578145822096,0.4718592909400138,0.4719226398416336,0.4473855963004417,0.4485692152070244,0.564641613443564,0.4610556437831706,0.4163758513677943,0.4247303741000287,0.765146303520796,0.43885318203473767,0.4868503064331596,0.5223685421176547,0.4834591879138897,0.5941559003490342,0.6169221041631056,0.5759511619447517,0.5205696006279007,0.4917909468004272,0.5989429235991771,0.46237387507187544,0.43876363802171237,0.5218098777751391,0.6148951157273089,0.42816732547045916,0.5165259139899107,0.45049974340189003,0.47383588150301165,0.4646438863617698,0.5302819785279292,0.6249648403214249,0.48676429332013615,0.418936925331715,0.5303566813668444,0.5379129743477574,0.576267117272049,0.5301311727325451,0.4927835264379929,0.4198786349876681,0.5306671614663047,0.0,0.6142973565294343,0.6759439122077138,0.39794334060234615,0.6939965930455809,0.49873612965837616,0.6017829895880573,0.5551090608947598,0.5254067689612453,0.4498287876239994,0.5947492075042484,0.6205044436948308,0.5272158436021985,0.6711221012210848,0.4773722808997567,0.5263427190213686,0.5098337698834762,0.46139535695478023,0.4908277461641108,0.5554440414862023,0.4412345715318721,0.45546677904261357,0.490055224406418,0.42645345432249365,0.6124114909804828,0.5380270542932157,0.5616237372873973,0.7542359039415946,0.46432505381517314,0.4919540579553546,0.43019444781523436,0.47174248569362004,0.571314608354729,0.4093459472184991,0.4190777715919904,0.5163016410355002,0.45170051896176117,0.5389924244883709,0.47264949140562473
KAZ,0.7206517835799751,0.6453331339113644,0.5918233454388361,0.5751785209699102,0.6125099560449497,0.624806491444501,0.5777662480015395,0.6038571519081154,0.5980857427293848,0.5728632615112343,0.7854362286918317,0.542994632448802,0.6661731510853157,0.6346546431023323,0.6359296521187346,0.6844321246801749,0.6752735436081154,0.5987792387963339,0.6167272413014288,0.6247750589574796,0.703354129503282,0.6340008461851327,0.6490778497742391,0.6411738361379746,0.6398032405142762,0.6141163253634047,0.6282334501543726,0.6276424461282943,0.6413677802430084,0.6286053354834172,0.6474950134127958,0.6831871165539826,0.6444391624053853,0.5998579810539199,0.6144112210556202,0.6129301375835587,0.6866915722129553,0.6713913836260452,0.6685767761820658,0.6297402430099959,0.6220737212567661,0.6142973565294343,0.0,0.7081991047747089,0.6541947940861541,0.6745720526448256,0.6143312939384862,0.674017389384248,0.6587982876877667,0.6470275852148427,0.5459726146485127,0.7262424116948446,0.6631012084985508,0.6320824391616013,0.7132851761829719,0.6323253795001578,0.6312449556978263,0.5810123695067666,0.5690726606658565,0.5939786027327554,0.6258002321512991,0.61307009353398,0.6385997082974649,0.6353206061692362,0.548462591267703,0.6267555705843894,0.6162741256989832,0.7185555337348161,0.7709649184420249,0.6338822512606372,0.6487751138463147,0.6062766877231544,0.6494282044485482,0.6473759335415109,0.5813928830528904,0.6633626950394985,0.563555784032256,0.5848005493399361,0.6492331856790498,0.6046703884832557
KHM,0.7572924896463348,0.7216620755391254,0.6894752621887325,0.6844317246107562,0.6950348823868853,0.6892553038070317,0.6312366959254234,0.6661604878819584,0.6722224321102797,0.6854433922947144,0.8297270422074986,0.68512198256854,0.7176303878264394,0.7487757574620894,0.6969666599712158,0.7519698818948717,0.7281002838719391,0.6945696796219503,0.729076077323536,0.6979376293619531,0.7518232506371508,0.7077476618750576,0.7216897873905875,0.7249792394278568,0.7159270394892508,0.696751712738148,0.7282871947407236,0.6820329640142947,0.7167747532601971,0.7122923023059473,0.7377824133732526,0.7552492101528488,0.7091866939470414,0.6932354608536757,0.7261569178794773,0.7088959949436919,0.7596973710710753,0.7220117396092971,0.7344442264994916,0.7075532120750861,0.7344651588171096,0.6759439122077138,0.7081991047747089,0.0,0.7113541140349302,0.7268203349358023,0.7185734056930824,0.7277127161123225,0.7116249807714423,0.6868046720898962,0.6921059583399675,0.7603318850878569,0.6621163254400082,0.7220815839971148,0.7650297239888443,0.723067696116198,0.7312846013899468,0.7086941750194837,0.6442255347835433,0.7065799081306519,0.7051980944774228,0.6897636421109326,0.6846150550030122,0.6958344463490388,0.6921142874731485,0.7212612027524637,0.6958717894624177,0.7689962470280925,0.8102461369758206,0.6841120441899761,0.6919552133999048,0.6942074842353884,0.71380094409492,0.6891563999389205,0.6543567430169184,0.7125696467826058,0.6152849353152023,0.7102039626171532,0.7001709257466299,0.6909766698759345
KOR,0.6987231848815698,0.477473135588493,0.45903555137155677,0.49105893517040106,0.44564799371048086,0.4546152484244453,0.565191412995747,0.5018242689571039,0.38650699857464726,0.4335704779285767,0.7789476405835429,0.4618790995123925,0.49729620901912536,0.4954348476205959,0.4105935125678053,0.6016435085406647,0.6541603954002583,0.595688287203905,0.5228975190289672,0.5228213952798423,0.6028990297919014,0.4644781662734551,0.4258808453141152,0.5336525698829102,0.6204124463898347,0.41909821663051217,0.519592039567656,0.44521249855248923,0.47298342435325375,0.4584114010848327,0.5364633958561256,0.6746301936331739,0.4906152927027772,0.4063573405956244,0.508539281879003,0.5316878790580614,0.5920436098772824,0.5326830765913311,0.4735771928577545,0.42527229942106304,0.5387277011564124,0.39794334060234615,0.6541947940861541,0.7113541140349302,0.0,0.7187779262268508,0.5307264980129687,0.6311165388355005,0.5767866624187827,0.5302877548586535,0.45410801392382055,0.5918867561294249,0.6089122303227685,0.5220026631115465,0.694484688514262,0.4748253703041624,0.5193787088109846,0.5101513450048858,0.44644419294493526,0.4936894780191304,0.5666361651919716,0.45286900238686456,0.44553009738051036,0.5025460684151982,0.4321585608064216,0.6121716009070247,0.557743035928652,0.5765959300110363,0.7653066152799346,0.48782807927875566,0.5045125886150108,0.4539130119385825,0.4573548302878798,0.570549135963057,0.41247966433686034,0.38131385338009743,0.5398870856110454,0.4494476064983462,0.5119881240876782,0.4743914986040569
LAO,0.6665016594162938,0.6646714113249287,0.6909357995403318,0.6728120292554761,0.6868924439000177,0.7081355017709371,0.6549284023854369,0.6728813674311954,0.637352025789675,0.6607210903404999,0.7625749572955277,0.6614487860212613,0.7063526843152116,0.6916925862978143,0.6690599433844924,0.6777100926783658,0.668997248691898,0.7341288026849162,0.6695383366845076,0.692451154317388,0.736253260980802,0.6779936212010188,0.7212211792769612,0.6940728278782653,0.7217010681621183,0.6906704832469022,0.6873635237475787,0.6952111625374753,0.7009152122320371,0.6877046277830932,0.6855165462983973,0.6834252509576203,0.6578110216148565,0.654460579140045,0.6344205705597743,0.6983913481833115,0.7266464532807648,0.7061912574523137,0.7143295354515635,0.7109288544318612,0.666138132083303,0.6939965930455809,0.6745720526448256,0.7268203349358023,0.7187779262268508,0.0,0.6838962761629797,0.7281312694882299,0.7098042955768541,0.6801747064012217,0.6710618084659994,0.7733477281805803,0.6366942667761202,0.6502711032545323,0.7425123903538298,0.6934072931323234,0.691358804592614,0.6629098397007163,0.6005420003363668,0.6785315467490651,0.653338478552946,0.6562485397711224,0.677437967894319,0.6806517087786588,0.6516258306362508,0.6817516381266614,0.6955108795849555,0.7402697352378655,0.7839557470767928,0.6833092375350388,0.7105989333825511,0.6836687986550082,0.6638623138967641,0.6847978074368968,0.6620035156724511,0.7237400772855165,0.6589664056004947,0.6895511919571548,0.647851828799898,0.6682680522216183
LTU,0.7059176518272419,0.5403097425299105,0.5302714615515999,0.5072876540099902,0.44652989764203727,0.47628005482947805,0.5956859730743309,0.4739509782727946,0.47411589227543316,0.5007040118835745,0.7466585026291435,0.49059836569507037,0.5138508116174788,0.5282398371514537,0.5799166543153055,0.5975714810723025,0.6038119003286215,0.5978571211785206,0.5431616658722772,0.4993483361176736,0.5785372052042277,0.452443332052471,0.5033712469131766,0.5320655038157271,0.6484631797185489,0.4513633479861067,0.45181681925562645,0.4943408233223483,0.4870721361290923,0.48535904377476186,0.563850658293687,0.6318531356204123,0.5050693627891025,0.4290846035615281,0.5643170040455188,0.5787469517391857,0.6145874164292797,0.5658511429918114,0.5361623665322117,0.4656073499641186,0.5408021908601635,0.49873612965837616,0.6143312939384862,0.7185734056930824,0.5307264980129687,0.6838962761629797,0.0,0.6097955150363589,0.4596669157640272,0.562143069314121,0.5024319468217027,0.6093277105902027,0.6457525746790367,0.5383212995307369,0.6892855131295468,0.5036530850126847,0.5438808112957392,0.5011341097135622,0.5004577569206774,0.5253882777117852,0.5430306496082127,0.4401847510829175,0.4533791136953007,0.5053522938924212,0.46034784579349314,0.6294710261019382,0.5452431198729102,0.5915512104437655,0.7318696590006458,0.4606948992856163,0.4808122267986513,0.46119342261073554,0.5326592182128462,0.570945452885775,0.4532262504553838,0.5489072533324925,0.5672566802500068,0.50741891013443,0.6017021178032992,0.5184684702716779
LUX,0.7406296788058419,0.5645782997307252,0.6252022748446527,0.5684508224208614,0.5543029377897812,0.5493725154071577,0.6352485245561259,0.5819504848231791,0.6060963755560967,0.5923485819863039,0.835634562444088,0.5761328775606182,0.5483956203944012,0.6062617615055929,0.6796995896707139,0.6624485092403554,0.684205343374862,0.6937204739489716,0.6295842121140535,0.5358487795375785,0.6016326011035478,0.5836125751819123,0.5822713455141113,0.5797811307279553,0.738454708230792,0.572152200904022,0.5959261425021779,0.5818763160391367,0.5790711074976892,0.5506752978654647,0.6462234624463428,0.5359998330284792,0.5990298702408946,0.5747683675997562,0.652837196280247,0.6931389720584822,0.6200349565663349,0.5910995622564698,0.5717221356951465,0.5649833497842334,0.6477843505017122,0.6017829895880573,0.674017389384248,0.7277127161123225,0.6311165388355005,0.7281312694882299,0.6097955150363589,0.0,0.5725319738374136,0.6892098866823467,0.6081817088544851,0.6298995620557756,0.7307395499797658,0.6406537980486247,0.6666467683590347,0.5619097219101686,0.5986157504353816,0.5788579291391854,0.6243901405327617,0.629145560384714,0.6240540320183646,0.5755334391816638,0.5419167884751661,0.6135017047917074,0.5758514623412646,0.6445135193423267,0.6563243691493931,0.6040028745304294,0.7561323217157758,0.594147928224312,0.5639808614983393,0.555330194493889,0.6471102031784751,0.6665262587354439,0.5942699066160165,0.6199788077853695,0.6588810177721165,0.5812584222742555,0.7189965036474492,0.613891177242059
LVA,0.7070899469163612,0.5393641692753107,0.5914136086545588,0.514680642047081,0.41461266201639335,0.4769524354963311,0.5924155993287904,0.5034092938567607,0.533005470145115,0.5380700488531976,0.8182651576613131,0.5331311392724232,0.49319909108407956,0.5385367577726645,0.6223827597533605,0.6291666280253556,0.6432294531156901,0.618288180237902,0.5827020381186339,0.5003584253321512,0.5511753209189253,0.43804515061807303,0.4987895202957984,0.5402723692798289,0.6935096057476867,0.44887114092297364,0.4040399476523798,0.4797719702941235,0.466833064431632,0.4827868591488879,0.5977992248297622,0.6321536803372524,0.5436896205633032,0.4695031003742771,0.6286201036857516,0.6460376315850315,0.5877872923336966,0.541212763898573,0.5590919650732351,0.49057007636257255,0.6022941651166628,0.5551090608947598,0.6587982876877667,0.7116249807714423,0.5767866624187827,0.7098042955768541,0.4596669157640272,0.5725319738374136,0.0,0.6166674811501424,0.5672525789017311,0.5306070783765233,0.6847683060033244,0.5937662547835588,0.688304997332149,0.5137607345201418,0.5463443843862941,0.4924612705132129,0.5549942969410142,0.5599130170514256,0.5951285630449058,0.45347753941814667,0.4293840368151494,0.5400053405429902,0.49764591202050257,0.6769311243418041,0.5541105461521844,0.6086733145056331,0.7448467145544919,0.43710590852818865,0.43160495750941197,0.4525430378064352,0.6081663905631465,0.5541953142299338,0.49552053683736513,0.5856305318619869,0.6037475131062351,0.5449590613824203,0.6338575286249251,0.5707619310712138
MAR,0.6768751612471523,0.5827262037646606,0.5282820298253631,0.5390251713054955,0.5420748930146605,0.5470423314243643,0.559351082205169,0.5307804484489937,0.44472533587906443,0.4825512839685957,0.7532030329531689,0.5239615877727577,0.5684474803751445,0.5537591328829415,0.5245233535139617,0.6051293277522436,0.6595097346421361,0.589712527471764,0.5534877309591146,0.5684752849388391,0.6649112203231026,0.5414463431361536,0.5536013431605492,0.6148208412327432,0.6478544538458948,0.5081449325076102,0.5710803524670243,0.5424217617572197,0.5548435407617638,0.5618699515558602,0.5923810596469834,0.7281955378642974,0.5531360425443478,0.4973745104412012,0.5492513216721311,0.5095810928545853,0.6361050130110454,0.5751960546400946,0.591724107116884,0.5444701683869514,0.5439379687139066,0.5254067689612453,0.6470275852148427,0.6868046720898962,0.5302877548586535,0.6801747064012217,0.562143069314121,0.6892098866823467,0.6166674811501424,0.0,0.5047873125708634,0.6691967678283961,0.5753982741377545,0.5661244854018803,0.7253860339936803,0.5633520590726234,0.5937533140541679,0.5581942462626749,0.4589589864612775,0.5091907639375803,0.5452654412457667,0.5323461066086551,0.5161252697800769,0.5361204977183537,0.5154141480805615,0.6329202321591597,0.5307291122772955,0.672606331900101,0.782302941993173,0.5467624303746664,0.5842108965805071,0.5378278977554622,0.5394128513939388,0.5524380594569612,0.48340209201375367,0.5385807930143308,0.5707888547144132,0.5319836459837044,0.5737754667716543,0.507776377194427
MEX,0.6651432262604995,0.4943177031372105,0.44929442084568594,0.476535491606068,0.4556880220106766,0.4784839087310687,0.566566586751081,0.5126338490369685,0.4544693349206563,0.4038439776048378,0.7258711708868184,0.41494916177595803,0.5147188655666417,0.4751346239632466,0.48050262128406507,0.5674401970193726,0.6206256043162324,0.5712136336107274,0.4975032108930841,0.4823609436725911,0.6204348327903195,0.4874677409950435,0.4910304559883552,0.5378795674009542,0.6161293237675406,0.44774295802091524,0.5204843932518634,0.4864102799116673,0.5026176217102071,0.4735392418691148,0.5406696048508688,0.634432756712937,0.5093995433733636,0.43119863214276366,0.49973966793200175,0.48913125038123745,0.5885025082133684,0.5820686511049543,0.5086691520276969,0.4522356489446161,0.5337574157900503,0.4498287876239994,0.5459726146485127,0.6921059583399675,0.45410801392382055,0.6710618084659994,0.5024319468217027,0.6081817088544851,0.5672525789017311,0.5047873125708634,0.0,0.6145123640742046,0.6000075966825207,0.5053560256525426,0.6774255767066218,0.48356518563587086,0.5277221794101894,0.4898863534224576,0.4543125292266919,0.4562214962072425,0.49515075286570304,0.46922103100049806,0.4774899431235906,0.5155963694681512,0.4302756468599456,0.5574518538443458,0.5112781419174898,0.5897237801446092,0.7698490992289496,0.5151047263692291,0.5356335275579857,0.4689519769396128,0.5059566704068376,0.5478435124628017,0.43183119962627947,0.4827188024906253,0.5114931973329908,0.4071502549278007,0.5406861674630136,0.45556367365536937
MLT,0.7377656627996142,0.5224836963967333,0.6296319941656363,0.5571647878532711,0.504704792081811,0.5326206047818443,0.6559957926754673,0.5682209054379249,0.5980399057776495,0.5903220626454015,0.8383312976723217,0.593974371262062,0.531071534873826,0.5651247784034468,0.6464601637550288,0.7007850500280414,0.696453103026981,0.6595151874699063,0.6282994759544988,0.568199861339523,0.5942321453005313,0.5425322789861049,0.5344974117795832,0.5945232289394266,0.7316086330428314,0.5233350427668342,0.5152797469874776,0.558032474588588,0.5319817768908952,0.5401942134220162,0.6381305516447396,0.6665978804109486,0.5804582284482477,0.5457346113384633,0.6590129548212289,0.6881659895663947,0.5825957129522306,0.5765834353660902,0.5661024118881067,0.5423728352405436,0.6451705445998532,0.5947492075042484,0.7262424116948446,0.7603318850878569,0.5918867561294249,0.7733477281805803,0.6093277105902027,0.6298995620557756,0.5306070783765233,0.6691967678283961,0.6145123640742046,0.0,0.741254480805582,0.6518048037089712,0.7260620835158323,0.5501748243502043,0.5889807875340975,0.5609792265622167,0.6315573712023179,0.6161670178572017,0.6363731033382428,0.5374994921788362,0.5244474878830545,0.5964266749948298,0.5736134938464612,0.7107213592432096,0.6302099372283343,0.6260460738612673,0.7753793939959734,0.513411898745403,0.5419349673556837,0.5564185820979599,0.6189063571096082,0.6237154636711008,0.5729745223716901,0.5826449139460833,0.6730580362952743,0.5953001335908028,0.6412636828569207,0.6181199672329697
MMR,0.7062664730568964,0.6676310479916705,0.5561105007703336,0.5953606331722833,0.6388348274860012,0.6497985342113165,0.5277759730852681,0.6328807127416063,0.5033607372612894,0.5804494668917438,0.7682656576963284,0.6038363420377886,0.6638597756950853,0.6312729468850673,0.5326033742133182,0.6746747203707837,0.6756851356215056,0.6302526725181263,0.6285179121908112,0.6471327560406092,0.7078981040107433,0.6305655425189883,0.6540925294902924,0.6565996869457724,0.6498584435014148,0.6267148332507545,0.6496463406842761,0.634398497852482,0.6549138718075366,0.6423451998370666,0.6564970678198089,0.7622351767599942,0.6350657489908906,0.5989163415627905,0.5634393350106126,0.6047654657625371,0.7020571866857658,0.6621456402900505,0.6616699552046601,0.631909987637761,0.6540071402125932,0.6205044436948308,0.6631012084985508,0.6621163254400082,0.6089122303227685,0.6366942667761202,0.6457525746790367,0.7307395499797658,0.6847683060033244,0.5753982741377545,0.6000075966825207,0.741254480805582,0.0,0.63871311093373,0.7373489464669777,0.6447317459064335,0.6469376719945348,0.6043341145257733,0.3891503331475698,0.5832799591916511,0.6027402893069917,0.6233294219602625,0.6294414770547531,0.6383753059196892,0.6030642442081738,0.6328317022887923,0.6368149176238072,0.7157364492137515,0.796984494539724,0.6484073030101812,0.6617719029241497,0.6306833724938502,0.589752290680095,0.6197728171863883,0.5432572904120847,0.6202447200190735,0.5725370013090358,0.6111336437941344,0.579922283805667,0.5938665121291021
MYS,0.6782233562005058,0.5268598581769005,0.5362854090424285,0.5256006630370866,0.5108211155710087,0.5227214811690857,0.6126303976072134,0.5230452404328245,0.5127169574272571,0.4830721794958675,0.7307732039413132,0.49651409252654655,0.5630843534692033,0.5866548643613139,0.5527641211099553,0.6330598922240613,0.5933869130425183,0.6390866885619328,0.5571486561492817,0.5400320943386185,0.6217073101613932,0.5012078694620461,0.541669910740638,0.566155230547117,0.6313937371252876,0.5052423375531969,0.5537371889835351,0.5453359223805359,0.5431394467998298,0.5134628169214575,0.5885615245254594,0.6415214868706202,0.5508922071301663,0.4954255733755071,0.4981985260165599,0.5488642040294494,0.6516202940769233,0.5662569391420564,0.5754551442698215,0.5309865605839427,0.5296410704422566,0.5272158436021985,0.6320824391616013,0.7220815839971148,0.5220026631115465,0.6502711032545323,0.5383212995307369,0.6406537980486247,0.5937662547835588,0.5661244854018803,0.5053560256525426,0.6518048037089712,0.63871311093373,0.0,0.6907773342105102,0.5405418001412929,0.5737043470268752,0.5304804290833139,0.5142470304393693,0.5461518471073336,0.5554286799471752,0.4906279265033504,0.4987829581407732,0.5546178419143415,0.47285926264997685,0.5889645609143774,0.581834862761259,0.6278532984338985,0.7598069912126674,0.5228783544284165,0.5671555976398445,0.5197773115658466,0.5146087894597962,0.5669178963681069,0.5135691882171526,0.543877571464447,0.5360905807411577,0.5072575041489374,0.5747783565553115,0.5121307748659095
NGA,0.7714887610203277,0.665185549283112,0.6715826834674927,0.6505123619845312,0.6626217859483389,0.6717235231695894,0.6914013717313312,0.6637463386031177,0.6734485402385492,0.6652432450248434,0.8535146648836706,0.6417818876665041,0.6711654285353157,0.6881479281260793,0.7063628401907445,0.7254933873409737,0.7160383640435353,0.716275471904747,0.7009042618451723,0.6542081045158168,0.7102040411240462,0.6751134346834164,0.6722987672715546,0.6826395809102511,0.7622568846090961,0.6650643551061198,0.6899090415124876,0.6746650843872044,0.6629227027356833,0.6585631878763376,0.7027607811095813,0.684082282765232,0.6747827106458263,0.6568605303177584,0.696375135906031,0.7399188829820998,0.7047525844436474,0.6982443566568911,0.6755281653977296,0.6669717673312962,0.7183939715222031,0.6711221012210848,0.7132851761829719,0.7650297239888443,0.694484688514262,0.7425123903538298,0.6892855131295468,0.6666467683590347,0.688304997332149,0.7253860339936803,0.6774255767066218,0.7260620835158323,0.7373489464669777,0.6907773342105102,0.0,0.680332067573914,0.6898103583615792,0.6346442214958757,0.6823042365922596,0.6934860006251908,0.6678671195975181,0.674184905824212,0.6639375173950157,0.6526874170068244,0.6708541926669656,0.7025564829031546,0.6880614688202293,0.7300486527837763,0.8126607206474729,0.6897998273795057,0.676481497554777,0.6509384459328713,0.6977755849071559,0.7055119383032524,0.6618437843478743,0.6850250006422067,0.7112152661732494,0.6388629379514267,0.7401824857413113,0.6710455702598338
NLD,0.6775141558463538,0.4478593854411025,0.48893119398739515,0.4288309763588827,0.3816014080262075,0.36848821424195427,0.5773363873215073,0.4799539847267568,0.48233934385194754,0.4203546728252414,0.7800339070183108,0.4233244917111779,0.44668579368716077,0.4675048822013601,0.5482039933058931,0.5983078511655583,0.6324975463038875,0.555872116458188,0.5087296586930244,0.4583180007495501,0.5570466466818016,0.4317530132848332,0.39811624629296644,0.4527921887165962,0.6467039679499157,0.3955757029129049,0.457986824906786,0.44683447278015703,0.38496666761773496,0.3565282802293075,0.5418579746104106,0.5809685331550126,0.4584411680322956,0.4003399956547114,0.5728552911232014,0.5659247746577082,0.5483220124258933,0.5063076001473684,0.42555755445459675,0.3905239648048169,0.5745267613960269,0.4773722808997567,0.6323253795001578,0.723067696116198,0.4748253703041624,0.6934072931323234,0.5036530850126847,0.5619097219101686,0.5137607345201418,0.5633520590726234,0.48356518563587086,0.5501748243502043,0.6447317459064335,0.5405418001412929,0.680332067573914,0.0,0.4484111470884797,0.43103211857953416,0.48787627825786867,0.48358771014631713,0.5520296907057193,0.41448886803717794,0.39363937729989285,0.48838472702491925,0.42254952428822007,0.586950067133306,0.5494629543797538,0.5260169343435509,0.7492571242515427,0.44673175425607986,0.4465927352979951,0.42947042067517005,0.5194322103827276,0.5367233690381833,0.45138929585114235,0.462185822364956,0.5599991902634521,0.4021718446411044,0.5933790774867894,0.479216014575279
NOR,0.678798541920634,0.45891777478966617,0.5442946720700637,0.46766323129218973,0.475746282021295,0.48753398936224474,0.5711069725467154,0.5389452422959053,0.49440631004163094,0.4917228379623309,0.761185027732383,0.4362491307160127,0.512693936626867,0.5302903617250756,0.5597582019447109,0.6481532245534684,0.6558920169804406,0.5713583799165685,0.5671695286572738,0.5154027239413727,0.5580835084622928,0.4983149286527942,0.4772396540589635,0.46662081031014097,0.627373732430473,0.49994561175644897,0.49743533331346623,0.4794644490754397,0.48300167746120853,0.4458884464391571,0.5429547392167802,0.6249404416545802,0.47877755517787246,0.4577834249621801,0.5740844601860079,0.5985990088386062,0.5921242547112916,0.5477567783385314,0.5365725125401699,0.4857024564192956,0.5565793024854586,0.5263427190213686,0.6312449556978263,0.7312846013899468,0.5193787088109846,0.691358804592614,0.5438808112957392,0.5986157504353816,0.5463443843862941,0.5937533140541679,0.5277221794101894,0.5889807875340975,0.6469376719945348,0.5737043470268752,0.6898103583615792,0.4484111470884797,0.0,0.47075123997215423,0.5228398824216238,0.5294194102470619,0.5851579158233323,0.5003633995601373,0.5000455328495766,0.519192125618562,0.45723493315357305,0.6133999112187204,0.594628239060979,0.5565134894614457,0.7513260893282089,0.5085943633953987,0.5221812157597402,0.4827558310922787,0.5517423300994552,0.5473543421185871,0.4953474104483798,0.5238388442253749,0.5824510781189196,0.4626029504337142,0.6334465485073467,0.5355963208537107
NZL,0.6603066686987152,0.4716682837392805,0.4736277566303782,0.4023966130787081,0.395264098268712,0.4492419501165742,0.5256006992080476,0.48331645934006595,0.47101259943543633,0.43621435261060326,0.76946054256328,0.4041797742968085,0.4950630338531482,0.439086219166426,0.5171004999023103,0.604627437135105,0.6131188681596963,0.5709174003052389,0.5025361198684528,0.4952546490776953,0.5763728285825773,0.43774842713051165,0.45373532521512766,0.5055116166748536,0.6248623211833647,0.4263087582443471,0.4774150598591237,0.4702984080339214,0.4268383703891262,0.40080279290073334,0.5444248562209214,0.6282548795478059,0.4680463928154715,0.4255019571838447,0.5398972217903458,0.5588615437937374,0.5493994208881864,0.5202174951148372,0.5026337534416546,0.4309421687517232,0.5444300430178639,0.5098337698834762,0.5810123695067666,0.7086941750194837,0.5101513450048858,0.6629098397007163,0.5011341097135622,0.5788579291391854,0.4924612705132129,0.5581942462626749,0.4898863534224576,0.5609792265622167,0.6043341145257733,0.5304804290833139,0.6346442214958757,0.43103211857953416,0.47075123997215423,0.0,0.45701023991122036,0.47726862314496754,0.5289386167203837,0.4431947480832679,0.4372538037941647,0.47607475861955595,0.4346313521301997,0.5915399314468389,0.5227837286445545,0.6010187472473636,0.7367664607312103,0.4456363023162805,0.4587833986220267,0.4421345060499238,0.5251959000232234,0.5151582220854755,0.44647682050097626,0.5240927038720647,0.5485269622750684,0.39701338004871617,0.5786999162539788,0.4667270615607633
PAK,0.6396952616932751,0.5317492321867006,0.4175659395139653,0.4466676252099855,0.4675817429104966,0.49965901420122705,0.4429142277975698,0.48509858445119663,0.2930389240390768,0.4208722786115162,0.7486557728405279,0.4490424509991669,0.5214025136942934,0.4955843388116769,0.423972081743771,0.5690215602965799,0.6063330711626964,0.5477071222802818,0.4961255461692274,0.5128899929925587,0.5948192304053189,0.4716919514774529,0.49854484488121875,0.527148220646682,0.5603029119485685,0.4454305456053219,0.4993463439015136,0.4753599621865494,0.50460173205629,0.48513152458063424,0.5203830698497884,0.6672812465483382,0.4845160652372375,0.41911901286965125,0.4785845073297234,0.4775093392081395,0.5932592450387247,0.5249853473872809,0.525649710278239,0.4688102686491458,0.5077084732534132,0.46139535695478023,0.5690726606658565,0.6442255347835433,0.44644419294493526,0.6005420003363668,0.5004577569206774,0.6243901405327617,0.5549942969410142,0.4589589864612775,0.4543125292266919,0.6315573712023179,0.3891503331475698,0.5142470304393693,0.6823042365922596,0.48787627825786867,0.5228398824216238,0.45701023991122036,0.0,0.4484144362723868,0.5154372378961434,0.46150587112087754,0.46729826121725965,0.48578794422637295,0.4184622806439144,0.5731403623868837,0.519630117983754,0.6061824996221626,0.7546982472544198,0.47392904960585047,0.5202529300901014,0.4696795121411219,0.45198980413614664,0.5214356547048451,0.3639424773947108,0.4746692137571128,0.44997983403078123,0.4496303413971634,0.49765441942379973,0.46877070434859497
PER,0.6791548481142531,0.5162023366704556,0.42551490253956226,0.43360053863383025,0.4798066967251979,0.48151920856275876,0.5521718048262526,0.5142292340408638,0.45443888399867194,0.405981250323003,0.7619530440874552,0.43749154095867276,0.5338595352336897,0.44960766365046995,0.5014563942482001,0.5779426254938703,0.6007637553575638,0.5116543619500538,0.4872770474514182,0.5096071277375191,0.6213595460731243,0.4790094665922953,0.49899293193428673,0.5505670538711832,0.6070579022901037,0.4682954625414443,0.5168986623194143,0.49680390845814604,0.4976108754295171,0.45541160742666603,0.5794479615874263,0.6833244658074381,0.5012623499382652,0.4537773752056945,0.5067191092063278,0.5178091474435286,0.5738142241477793,0.5389194613097867,0.5199247076701591,0.4540878920859046,0.5502458545190687,0.4908277461641108,0.5939786027327554,0.7065799081306519,0.4936894780191304,0.6785315467490651,0.5253882777117852,0.629145560384714,0.5599130170514256,0.5091907639375803,0.4562214962072425,0.6161670178572017,0.5832799591916511,0.5461518471073336,0.6934860006251908,0.48358771014631713,0.5294194102470619,0.47726862314496754,0.4484144362723868,0.0,0.5797388001280086,0.4732749625751625,0.47601396675785634,0.5046022444651959,0.44722298129218363,0.5953744922600053,0.4971944619640294,0.6283860246600229,0.7419957119820719,0.5033022673899671,0.5127370915753755,0.49720209785078257,0.48677923855079774,0.525702865240208,0.4191320481056989,0.5084991423430668,0.5244877029365818,0.43733339533662885,0.5601311908135466,0.48281939187855005
PHL,0.6792156797810465,0.5438367810643877,0.5612551152618875,0.5207290621217363,0.5161712898537818,0.5561909559036187,0.599308482715023,0.5399445724440263,0.5059584488447723,0.5262969496041622,0.7459629215667997,0.5207214331657812,0.5532682252074316,0.5579423868303496,0.5653969997995713,0.5959284471481084,0.6615913388776222,0.6563309114860681,0.5609013791252565,0.515800780634553,0.640048867317696,0.5424972086043163,0.572698094137865,0.5974455211104295,0.6815722503518731,0.5267476781670679,0.5479576963538622,0.5675035186356351,0.5564273615192392,0.548885151864316,0.592582696700683,0.6414631226434565,0.5340094761077572,0.4987975060167999,0.5538463954473866,0.5709023850214807,0.6203118432059975,0.592190742807794,0.5676113632511429,0.548229113556024,0.594214084469588,0.5554440414862023,0.6258002321512991,0.7051980944774228,0.5666361651919716,0.653338478552946,0.5430306496082127,0.6240540320183646,0.5951285630449058,0.5452654412457667,0.49515075286570304,0.6363731033382428,0.6027402893069917,0.5554286799471752,0.6678671195975181,0.5520296907057193,0.5851579158233323,0.5289386167203837,0.5154372378961434,0.5797388001280086,0.0,0.5380363729750692,0.538316998527712,0.5368478550756832,0.5284218187545792,0.5855586005994372,0.5753367910228055,0.6380018546382986,0.742721641961817,0.5547191866900253,0.5910299087001248,0.5355845499256967,0.5670719669499706,0.613686495502665,0.5386676999995144,0.5705222297556304,0.5877169203469187,0.5420111244665953,0.6118698102806254,0.5297509909933069
POL,0.6810120216245623,0.43844554751235504,0.4853770332806021,0.43239709941890764,0.3511787712674175,0.41175566851784834,0.5632756068807497,0.4173044368804139,0.41066162914016857,0.4204919075848085,0.7611587476423723,0.4231653756085484,0.4689055861980356,0.4781022607174277,0.4983275670206826,0.583486364291925,0.5978162243867943,0.5499294974497736,0.5065736377212047,0.45674907809784593,0.5728128746975825,0.34350628053762405,0.4024726469679292,0.5059798537347115,0.6416176870466417,0.358678201960382,0.43424616290695844,0.40378432218646576,0.4102767661451097,0.39723823145549036,0.5414448832646211,0.6275636046358747,0.4285869983718388,0.3491596100612728,0.517427408194892,0.5293501539516764,0.528296849832529,0.5011031557833129,0.47908649116092095,0.3981218526511612,0.5280199814656185,0.4412345715318721,0.61307009353398,0.6897636421109326,0.45286900238686456,0.6562485397711224,0.4401847510829175,0.5755334391816638,0.45347753941814667,0.5323461066086551,0.46922103100049806,0.5374994921788362,0.6233294219602625,0.4906279265033504,0.674184905824212,0.41448886803717794,0.5003633995601373,0.4431947480832679,0.46150587112087754,0.4732749625751625,0.5380363729750692,0.0,0.3768841912078096,0.43702781724808554,0.39150504992679125,0.6075834090594979,0.5193668817923968,0.6004168699155076,0.7429791012521053,0.3520277260537456,0.3929773659090776,0.37729767337357967,0.4913734812162853,0.514055376149433,0.3989190148452912,0.45113163535805945,0.5028678140701996,0.4436405346878481,0.5227236431066262,0.4643094442844429
PRT,0.6588584411872662,0.43542471315798537,0.486824877081613,0.44129489135552064,0.3405119432799806,0.35062715818272605,0.5413524398670323,0.4280556306483415,0.42448559240457845,0.4125722266225989,0.76340427304459,0.4400795420388295,0.4402024345941136,0.4716989474196373,0.5236185824426345,0.5855349048193481,0.61334448959451,0.5682836445118681,0.4843964266465254,0.45273423066957474,0.5439809502994691,0.3820682443006922,0.41334442011919337,0.4810828957920056,0.6327618351940496,0.3377865850033081,0.42254949312824036,0.4019346174301187,0.3791733626143324,0.39919035306214024,0.5397071192306306,0.595824579972432,0.4589970922809582,0.3765774553447496,0.527074975565919,0.5493225549704335,0.543601496443396,0.4839783773397844,0.45109602060998766,0.38589120708587277,0.5314767686810357,0.45546677904261357,0.6385997082974649,0.6846150550030122,0.44553009738051036,0.677437967894319,0.4533791136953007,0.5419167884751661,0.4293840368151494,0.5161252697800769,0.4774899431235906,0.5244474878830545,0.6294414770547531,0.4987829581407732,0.6639375173950157,0.39363937729989285,0.5000455328495766,0.4372538037941647,0.46729826121725965,0.47601396675785634,0.538316998527712,0.3768841912078096,0.0,0.4656549824076794,0.41528025406259816,0.5955394632493548,0.5079364964862417,0.5487625990345507,0.7347825556083846,0.3952428283927717,0.40946893192971373,0.3929225361489903,0.5022268477277515,0.5293958546131955,0.39635891717488914,0.4537145540889431,0.5531048754925731,0.44132537552515005,0.5642791559890771,0.4588294522060569
ROU,0.6741610214734374,0.49073944277139203,0.4982840039205928,0.4431643869430157,0.46050874864486996,0.4995627693206693,0.5755141042214609,0.46310481092619643,0.4655949865117396,0.4644516641324874,0.7659588074914392,0.46440724158797997,0.5228131232128497,0.513867698709466,0.5360781104919209,0.6007343896982544,0.6206725568485659,0.5570552579559823,0.5383104048832581,0.5079929224538782,0.602984792650117,0.4757095908635673,0.49455111807500435,0.5579378921494135,0.6419917481198355,0.45027710392993575,0.4945846004962688,0.5006185428653304,0.46670568221867503,0.4582979472420053,0.5564197643350365,0.6659122776984994,0.46216050750660986,0.43840405897019785,0.5508262014183436,0.5246438434670585,0.5746308287515715,0.5477781355352486,0.5506135701191361,0.4651991095607383,0.5450431870141421,0.490055224406418,0.6353206061692362,0.6958344463490388,0.5025460684151982,0.6806517087786588,0.5053522938924212,0.6135017047917074,0.5400053405429902,0.5361204977183537,0.5155963694681512,0.5964266749948298,0.6383753059196892,0.5546178419143415,0.6526874170068244,0.48838472702491925,0.519192125618562,0.47607475861955595,0.48578794422637295,0.5046022444651959,0.5368478550756832,0.43702781724808554,0.4656549824076794,0.0,0.46116190377255445,0.6046748180248787,0.5192076766555647,0.6553729955187847,0.7448257246260176,0.44993627392230134,0.48956624586495334,0.4601723684878505,0.5062956700351783,0.5394781021966492,0.47020648449321917,0.5232164511735206,0.5711279128399248,0.47955793873274033,0.5882652614796171,0.500898061740916
RUS,0.6513615584262105,0.41905957842247493,0.4501322790120997,0.43346395519641595,0.3983215558429632,0.4297622448669653,0.5284639816093865,0.4411293153495776,0.3937723969226903,0.39966246343762446,0.7417050269821542,0.3914581181787054,0.487257015439541,0.4840325739051214,0.4752131818558926,0.5866107854088988,0.6001626013037671,0.5343653211794553,0.49404743192483275,0.4899914928368037,0.5725124164443768,0.3975995172062501,0.4411158470784758,0.5160708422608353,0.5805372643047028,0.39679488095474563,0.45303001800190296,0.4484012273270326,0.4394332393321815,0.41545550236385,0.5249771220481959,0.6119334585129315,0.4279942688589501,0.3847902171686765,0.4986856306875024,0.503479845984747,0.5873999506549091,0.517103718273788,0.4894311640046349,0.40580093680231843,0.48845612006423406,0.42645345432249365,0.548462591267703,0.6921142874731485,0.4321585608064216,0.6516258306362508,0.46034784579349314,0.5758514623412646,0.49764591202050257,0.5154141480805615,0.4302756468599456,0.5736134938464612,0.6030642442081738,0.47285926264997685,0.6708541926669656,0.42254952428822007,0.45723493315357305,0.4346313521301997,0.4184622806439144,0.44722298129218363,0.5284218187545792,0.39150504992679125,0.41528025406259816,0.46116190377255445,0.0,0.5689796142483918,0.5195310653677299,0.5540301770468774,0.7228651086058915,0.41188422457739704,0.4734032387493682,0.41645429381634497,0.4466455234359179,0.5277451881316488,0.38691339974189015,0.44271516204023864,0.4543799468470922,0.4055121190216476,0.5467372263202682,0.4465888147450242
SAU,0.7123487024393157,0.6019687841599987,0.5602571796727889,0.564602354669035,0.6001910977554473,0.5997627563433953,0.6315796577266198,0.6097301616221691,0.6038425962237092,0.5571168268402402,0.7537460223756894,0.5276538325188238,0.6101132344398388,0.6253055560459283,0.6127773651071698,0.6660866066919771,0.6742210306015993,0.6460374783250759,0.6160323003061473,0.5731847763363488,0.6721002487994855,0.6226001829962056,0.6380447508981063,0.6338709833265637,0.6426266929280484,0.589899946457695,0.6407770582776322,0.6348492175678045,0.6266039025618263,0.5946676898077391,0.6465999238937753,0.6661556201164927,0.6022123472631453,0.5922638272603002,0.5448609861217979,0.6096731799812743,0.6800532592021976,0.6339640307389001,0.6383892961073436,0.5957831689742334,0.6106639704870629,0.6124114909804828,0.6267555705843894,0.7212612027524637,0.6121716009070247,0.6817516381266614,0.6294710261019382,0.6445135193423267,0.6769311243418041,0.6329202321591597,0.5574518538443458,0.7107213592432096,0.6328317022887923,0.5889645609143774,0.7025564829031546,0.586950067133306,0.6133999112187204,0.5915399314468389,0.5731403623868837,0.5953744922600053,0.5855586005994372,0.6075834090594979,0.5955394632493548,0.6046748180248787,0.5689796142483918,0.0,0.6320497904611918,0.6863416152698212,0.7235787960830936,0.6548631956109783,0.6433319553975979,0.6116592645578771,0.5982127761877252,0.6221872927399177,0.5908013537164089,0.6166374906749412,0.5827257303232266,0.5684674373030519,0.6515633167970352,0.5805847375000459
SEN,0.6829101809237641,0.5770453534546728,0.5282766307173254,0.5084335180387142,0.514274077024011,0.5272786334393934,0.5837617501128962,0.5413597962406624,0.5256559075605065,0.49389688990817265,0.7764895063299277,0.517965027200989,0.5609690792297318,0.5171635706668993,0.5680173583246265,0.5921011185710092,0.610869143550431,0.5648402639904581,0.5426233610748163,0.5261236758399066,0.6219364006219348,0.5225427896414078,0.552421037647927,0.6021776875556484,0.6343920806765434,0.500950024703765,0.529265228986181,0.5276144333626921,0.5245283328819681,0.5224973351290695,0.5827025647001082,0.6961903961954219,0.5479437838044756,0.5093448725633416,0.5894581490832855,0.5591918314498155,0.6149540428261477,0.5732312144535986,0.5816869229897585,0.5244420448021488,0.5703787664883305,0.5380270542932157,0.6162741256989832,0.6958717894624177,0.557743035928652,0.6955108795849555,0.5452431198729102,0.6563243691493931,0.5541105461521844,0.5307291122772955,0.5112781419174898,0.6302099372283343,0.6368149176238072,0.581834862761259,0.6880614688202293,0.5494629543797538,0.594628239060979,0.5227837286445545,0.519630117983754,0.4971944619640294,0.5753367910228055,0.5193668817923968,0.5079364964862417,0.5192076766555647,0.5195310653677299,0.6320497904611918,0.0,0.6583221628803284,0.7365464459063634,0.5383240008084474,0.542789511039525,0.520161891917788,0.5776165377094842,0.540114139321354,0.5071190318965455,0.5748109207587813,0.5690883584519539,0.5241690579408737,0.5996180872335128,0.5210307762732574
SGP,0.7458314897077627,0.5425417733403901,0.6172512167720194,0.5962057144678405,0.5660086729390084,0.5191504975368667,0.6716193489631554,0.6116149078308001,0.5825359657550989,0.5937354326928452,0.8034744444818498,0.5962349561125552,0.5434985244132408,0.6093329356145978,0.6242066850987463,0.6620281117969945,0.6977595548015852,0.7082182321296152,0.6211023829060084,0.5768456568141278,0.5788144634038654,0.582313200254237,0.551057879884077,0.5339702599026577,0.691226655151558,0.5654991029638584,0.5766939208248777,0.5679540595650764,0.5551361702512421,0.5441274101519366,0.5905876034554354,0.5461879127269208,0.6050364043271025,0.5573241979943808,0.6463124358719735,0.6853314389291915,0.6509896627077325,0.6033619837287301,0.5580637709533456,0.5550960940457653,0.6359292441389875,0.5616237372873973,0.7185555337348161,0.7689962470280925,0.5765959300110363,0.7402697352378655,0.5915512104437655,0.6040028745304294,0.6086733145056331,0.672606331900101,0.5897237801446092,0.6260460738612673,0.7157364492137515,0.6278532984338985,0.7300486527837763,0.5260169343435509,0.5565134894614457,0.6010187472473636,0.6061824996221626,0.6283860246600229,0.6380018546382986,0.6004168699155076,0.5487625990345507,0.6553729955187847,0.5540301770468774,0.6863416152698212,0.6583221628803284,0.0,0.798130943612332,0.6169669305595964,0.604469065404894,0.5614590071330277,0.6230366159555456,0.6747681327596932,0.5783997425474399,0.5779430260505086,0.6416269199222782,0.5709631129152006,0.6690248795307194,0.6256349034377894
STP,0.8251266413111232,0.719503137778661,0.7575916776396532,0.7201430856176944,0.7295321573293547,0.7385947292863574,0.7512623421682858,0.7210673820322626,0.7377656179459657,0.7400277360280274,0.8707444423247823,0.7268195465267574,0.7399888844817747,0.7508428920448824,0.7866574230662773,0.7896414618384209,0.7620161269984876,0.7640503690079719,0.7544639928776429,0.725438364325324,0.7585915473908208,0.7366492709336461,0.7660178626237676,0.7615486688462559,0.7856074483391916,0.7415849015389622,0.7262445232063814,0.7425088131141052,0.7458452735044689,0.7167450851763661,0.7681027626477729,0.7571890368032247,0.6963536952697917,0.7200934646081955,0.7596467547202539,0.7746989071278638,0.7532080689936006,0.6888090779024296,0.7626076162357889,0.7401940463858679,0.7336078772565193,0.7542359039415946,0.7709649184420249,0.8102461369758206,0.7653066152799346,0.7839557470767928,0.7318696590006458,0.7561323217157758,0.7448467145544919,0.782302941993173,0.7698490992289496,0.7753793939959734,0.796984494539724,0.7598069912126674,0.8126607206474729,0.7492571242515427,0.7513260893282089,0.7367664607312103,0.7546982472544198,0.7419957119820719,0.742721641961817,0.7429791012521053,0.7347825556083846,0.7448257246260176,0.7228651086058915,0.7235787960830936,0.7365464459063634,0.798130943612332,0.0,0.7356842010674203,0.7347030289368243,0.7514818746523549,0.7315019677458175,0.7607855384831359,0.7276907545465844,0.7561387243957713,0.7679080948595892,0.7620912206013187,0.7966256493917722,0.7490188467156438
SVK,0.6833955273416119,0.45224677245993766,0.5162321932001215,0.4360482513747634,0.37295120606687115,0.43622276785031294,0.5611644771879604,0.42350580057302945,0.44179919745228735,0.44464538025000633,0.7850733055773389,0.4582828543885263,0.48641348641493154,0.49848708961147065,0.5454909821969701,0.6199588426304322,0.6169056860460068,0.5492824581961987,0.5224591248019669,0.4977494358086208,0.567427045017664,0.3595045110487735,0.42833724307893234,0.5294191816492075,0.652610348171016,0.38285405691818314,0.433280664645568,0.4473394742569943,0.40982368197998437,0.41822463184500286,0.5688776458446003,0.6450706877616488,0.45069490871246276,0.38635773383159483,0.568853474293181,0.5702594231033123,0.5627878702978228,0.508346737690851,0.5166890122154753,0.4265609707041535,0.5559494657986089,0.46432505381517314,0.6338822512606372,0.6841120441899761,0.48782807927875566,0.6833092375350388,0.4606948992856163,0.594147928224312,0.43710590852818865,0.5467624303746664,0.5151047263692291,0.513411898745403,0.6484073030101812,0.5228783544284165,0.6897998273795057,0.44673175425607986,0.5085943633953987,0.4456363023162805,0.47392904960585047,0.5033022673899671,0.5547191866900253,0.3520277260537456,0.3952428283927717,0.44993627392230134,0.41188422457739704,0.6548631956109783,0.5383240008084474,0.6169669305595964,0.7356842010674203,0.0,0.40359200283986973,0.4192550654507414,0.5114076124583232,0.5264299113294103,0.4287571078013511,0.49141541502055613,0.5335959035471374,0.48417925577287874,0.5686228735299302,0.5016405283728566
SVN,0.7242084985542535,0.506797385557516,0.515876805511928,0.4496372240224508,0.39328685441249395,0.40324075494314804,0.5525382655978606,0.44824332287505136,0.4906997406558423,0.47332650488753564,0.8235018549044468,0.4665827581497677,0.4646861225118936,0.5083320819478077,0.5583796085706063,0.6372465533559142,0.6398125065001803,0.545372120744795,0.5522113390318822,0.47843693023648165,0.5466479932600237,0.3952813613993293,0.41012367728555427,0.5123849163388431,0.6563529962618352,0.3951463714313925,0.44730317428899696,0.4242163275105717,0.43106870645499784,0.4097109435077095,0.5787246865417298,0.6181724143941733,0.4645017651616552,0.4184080164216293,0.5978352800584644,0.5912429218984336,0.5464183344990446,0.4992086386885043,0.4941879591596914,0.4265576967975996,0.5688135551637926,0.4919540579553546,0.6487751138463147,0.6919552133999048,0.5045125886150108,0.7105989333825511,0.4808122267986513,0.5639808614983393,0.43160495750941197,0.5842108965805071,0.5356335275579857,0.5419349673556837,0.6617719029241497,0.5671555976398445,0.676481497554777,0.4465927352979951,0.5221812157597402,0.4587833986220267,0.5202529300901014,0.5127370915753755,0.5910299087001248,0.3929773659090776,0.40946893192971373,0.48956624586495334,0.4734032387493682,0.6433319553975979,0.542789511039525,0.604469065404894,0.7347030289368243,0.40359200283986973,0.0,0.42155175949573037,0.5682283450574337,0.5158360664012502,0.4325798843170112,0.5112702109943057,0.5653985979960715,0.47721543099209857,0.6020653055765901,0.5212620153941568
SWE,0.6748546057602317,0.4466424442077253,0.5016449362361742,0.4244772521042375,0.3602632070054071,0.39380797581667737,0.5593466679325789,0.43433656583042846,0.4465577282982791,0.44437691608809227,0.7682967476263922,0.39853323515447336,0.4388853207662044,0.4761642262287794,0.5255314727892147,0.5710402168719705,0.6166821254170051,0.5776281143363572,0.5172296518056463,0.45255081641557277,0.556239553788414,0.3903250362435004,0.37870695554992256,0.48275654171495186,0.639299544080097,0.3680696545219828,0.4217500528676461,0.3799180241558144,0.3928420272722936,0.4186394265418368,0.5221602067633456,0.6177980559524089,0.4696206127097777,0.3665237677328752,0.5480530795829676,0.5471610091079396,0.5506709165057398,0.5180959153127094,0.48140517680258393,0.38517089123363607,0.5405846547371175,0.43019444781523436,0.6062766877231544,0.6942074842353884,0.4539130119385825,0.6836687986550082,0.46119342261073554,0.555330194493889,0.4525430378064352,0.5378278977554622,0.4689519769396128,0.5564185820979599,0.6306833724938502,0.5197773115658466,0.6509384459328713,0.42947042067517005,0.4827558310922787,0.4421345060499238,0.4696795121411219,0.49720209785078257,0.5355845499256967,0.37729767337357967,0.3929225361489903,0.4601723684878505,0.41645429381634497,0.6116592645578771,0.520161891917788,0.5614590071330277,0.7514818746523549,0.4192550654507414,0.42155175949573037,0.0,0.5372378841708156,0.5281891789496083,0.4122793925015943,0.4690824692146561,0.5451136346701323,0.4040490497530938,0.577171169838646,0.45960775070827603
THA,0.6833232120757317,0.47246803538326115,0.4911759041545536,0.50695993059695,0.5066332684857128,0.531790190260923,0.5847909487108757,0.5218597030876779,0.4277978291085059,0.4636847442965454,0.7550000853808218,0.49267017392184576,0.5567437515647983,0.5336800366461085,0.48270562890851637,0.6144715846962554,0.6085317302212586,0.596553950034443,0.524213069658767,0.5347392224701565,0.6087738469189088,0.5226893631179743,0.5477513848497613,0.5691579410267904,0.6324672058173009,0.4938991637094072,0.5528021208982674,0.5424872192448504,0.5314229181230373,0.4963357244506775,0.5659086759621375,0.6684067876350741,0.49742817221604096,0.47848415786249776,0.47861831547199346,0.5224754898687246,0.5987101249853434,0.5509575099240536,0.5410370305851945,0.5032306413741883,0.5465520817811753,0.47174248569362004,0.6494282044485482,0.71380094409492,0.4573548302878798,0.6638623138967641,0.5326592182128462,0.6471102031784751,0.6081663905631465,0.5394128513939388,0.5059566704068376,0.6189063571096082,0.589752290680095,0.5146087894597962,0.6977755849071559,0.5194322103827276,0.5517423300994552,0.5251959000232234,0.45198980413614664,0.48677923855079774,0.5670719669499706,0.4913734812162853,0.5022268477277515,0.5062956700351783,0.4466455234359179,0.5982127761877252,0.5776165377094842,0.6230366159555456,0.7315019677458175,0.5114076124583232,0.5682283450574337,0.5372378841708156,0.0,0.5634645582859228,0.45754358839210024,0.47037728388294536,0.5546197370470392,0.500444217633656,0.5321957513064284,0.5213603669122836
TUN,0.687001012823438,0.5583333267316883,0.5081082198531374,0.4948541510727504,0.4985384267723806,0.5415360529372538,0.5633531835337224,0.542496843011747,0.5344051562706481,0.4964468981380794,0.8104044345369087,0.4964992912204429,0.544239816480655,0.5652338417473316,0.5431262716956529,0.6446249651290491,0.6120943458381118,0.5453016354780107,0.5779974065767719,0.5759494999526363,0.6222316622972952,0.5238713652598496,0.5470361361568153,0.5568317430078153,0.6509397633886306,0.5340776068323667,0.5456843706500241,0.5351493575205721,0.5484950605455836,0.5081115541514555,0.6327470903019342,0.704651590606274,0.547927360121535,0.5003206766285977,0.5823643016199843,0.5759848945815291,0.6274083761544319,0.5638754923469852,0.5980772275773478,0.5360419355588868,0.5701445894739848,0.571314608354729,0.6473759335415109,0.6891563999389205,0.570549135963057,0.6847978074368968,0.570945452885775,0.6665262587354439,0.5541953142299338,0.5524380594569612,0.5478435124628017,0.6237154636711008,0.6197728171863883,0.5669178963681069,0.7055119383032524,0.5367233690381833,0.5473543421185871,0.5151582220854755,0.5214356547048451,0.525702865240208,0.613686495502665,0.514055376149433,0.5293958546131955,0.5394781021966492,0.5277451881316488,0.6221872927399177,0.540114139321354,0.6747681327596932,0.7607855384831359,0.5264299113294103,0.5158360664012502,0.5281891789496083,0.5634645582859228,0.0,0.49997787373515123,0.5977310818050984,0.5585026809907431,0.5154629652507838,0.6100642995586438,0.5455904112133773
TUR,0.6609461830513084,0.47388462813390064,0.4052108701477225,0.4255868923824964,0.3893763807337238,0.42240020217004365,0.47136154080544257,0.4418216198940811,0.33329364865307337,0.3720752882337519,0.7641500038620535,0.4129713697204112,0.46905742215096846,0.4720060347667733,0.4276796359609359,0.5775800054957317,0.5922158197123262,0.483986894712256,0.47320909942101114,0.48107319825942085,0.5667606573348493,0.4105451451667381,0.42861926605380374,0.5001369828771637,0.5722657859016922,0.3820583122408495,0.45628833771473315,0.42012582352407024,0.4347908107615615,0.4159236677990587,0.5215732761571165,0.6469592424347943,0.4570489545365242,0.3796991057731335,0.49649740234563355,0.4915832419715452,0.5566044881655697,0.4965154573646248,0.4668878743288849,0.3979517005900138,0.5086748572078368,0.4093459472184991,0.5813928830528904,0.6543567430169184,0.41247966433686034,0.6620035156724511,0.4532262504553838,0.5942699066160165,0.49552053683736513,0.48340209201375367,0.43183119962627947,0.5729745223716901,0.5432572904120847,0.5135691882171526,0.6618437843478743,0.45138929585114235,0.4953474104483798,0.44647682050097626,0.3639424773947108,0.4191320481056989,0.5386676999995144,0.3989190148452912,0.39635891717488914,0.47020648449321917,0.38691339974189015,0.5908013537164089,0.5071190318965455,0.5783997425474399,0.7276907545465844,0.4287571078013511,0.4325798843170112,0.4122793925015943,0.45754358839210024,0.49997787373515123,0.0,0.42964604868330813,0.4626720953987711,0.422172616188934,0.5027461977088716,0.4366592520331173
TWN,0.7121291759491742,0.45307423054958634,0.493485388055584,0.5105194115368111,0.4591768479171271,0.469786413845005,0.5835979902084475,0.5014752296300774,0.422695062849396,0.4458948983418215,0.7780217090970419,0.478442169485322,0.5076122566151375,0.5124640442062413,0.4684983240742519,0.6215790187119133,0.6691704578337854,0.5866528116675935,0.5382507889007883,0.5082473158200188,0.6004589284169802,0.47207614474703763,0.44644979038849086,0.5525781175476918,0.6300007308941218,0.4352013710375161,0.51490852014599,0.4504572533375101,0.47996818193654145,0.46893799868605546,0.5609924266964965,0.6618735144238422,0.4913084796006564,0.44326761864885017,0.5256529190532268,0.5540090502374295,0.5806476435069802,0.544857443102065,0.476481093024121,0.4383906064995233,0.5623078250307648,0.4190777715919904,0.6633626950394985,0.7125696467826058,0.38131385338009743,0.7237400772855165,0.5489072533324925,0.6199788077853695,0.5856305318619869,0.5385807930143308,0.4827188024906253,0.5826449139460833,0.6202447200190735,0.543877571464447,0.6850250006422067,0.462185822364956,0.5238388442253749,0.5240927038720647,0.4746692137571128,0.5084991423430668,0.5705222297556304,0.45113163535805945,0.4537145540889431,0.5232164511735206,0.44271516204023864,0.6166374906749412,0.5748109207587813,0.5779430260505086,0.7561387243957713,0.49141541502055613,0.5112702109943057,0.4690824692146561,0.47037728388294536,0.5977310818050984,0.42964604868330813,0.0,0.5499288487155414,0.46681513169783656,0.5314228533768207,0.4876282601156237
UKR,0.6815200937631344,0.5758046353141202,0.49738654739133914,0.5241177812156863,0.524289876487509,0.5533006560529273,0.5348688819734526,0.5234402192614137,0.47627522842103975,0.49598214395236406,0.7699861269599069,0.5024057859676323,0.5628378787271762,0.5893438710179216,0.48951055565172436,0.6561129544544323,0.6238048409079213,0.548272593897181,0.5718004463714459,0.5752376654042033,0.6484007863152341,0.5177021981079608,0.560969155546088,0.5841397802201607,0.583350392291704,0.528877616009103,0.5683746509220123,0.5381998820683994,0.5747154581150652,0.5515836996249308,0.6202499979835571,0.67276121906746,0.5576233760240827,0.5211652487882874,0.544343829064659,0.5439779713734704,0.6515411521988914,0.591529787772934,0.592172011425469,0.5413336193132394,0.5695404978488837,0.5163016410355002,0.563555784032256,0.6152849353152023,0.5398870856110454,0.6589664056004947,0.5672566802500068,0.6588810177721165,0.6037475131062351,0.5707888547144132,0.5114931973329908,0.6730580362952743,0.5725370013090358,0.5360905807411577,0.7112152661732494,0.5599991902634521,0.5824510781189196,0.5485269622750684,0.44997983403078123,0.5244877029365818,0.5877169203469187,0.5028678140701996,0.5531048754925731,0.5711279128399248,0.4543799468470922,0.5827257303232266,0.5690883584519539,0.6416269199222782,0.7679080948595892,0.5335959035471374,0.5653985979960715,0.5451136346701323,0.5546197370470392,0.5585026809907431,0.4626720953987711,0.5499288487155414,0.0,0.5198657517717998,0.5470122633780298,0.5175458575750189
USA,0.6685767393215419,0.45056341352173274,0.42596039073034203,0.4120590131901159,0.4115407967885441,0.4246391498138458,0.5527135425498405,0.48383011101436735,0.4696496470319119,0.3989389733693459,0.7550659141639793,0.3378574499684819,0.4831749041012961,0.45240700018829566,0.4944018099032483,0.587624189687317,0.616434094154984,0.5485303954793492,0.4977878898249247,0.4795735398097038,0.5822376256499141,0.449457352737249,0.4124326329258712,0.4881317365682343,0.6003619397192681,0.4242455490595283,0.4944441487931715,0.4437628442759314,0.4230211767533501,0.39747974252087753,0.5240584263201719,0.6243740653425756,0.47179308567586586,0.3986463560007942,0.53215971571292,0.5210759445830236,0.5645784984097449,0.5389672060299592,0.46342639858067075,0.40552171386817376,0.5324906550490991,0.45170051896176117,0.5848005493399361,0.7102039626171532,0.4494476064983462,0.6895511919571548,0.50741891013443,0.5812584222742555,0.5449590613824203,0.5319836459837044,0.4071502549278007,0.5953001335908028,0.6111336437941344,0.5072575041489374,0.6388629379514267,0.4021718446411044,0.4626029504337142,0.39701338004871617,0.4496303413971634,0.43733339533662885,0.5420111244665953,0.4436405346878481,0.44132537552515005,0.47955793873274033,0.4055121190216476,0.5684674373030519,0.5241690579408737,0.5709631129152006,0.7620912206013187,0.48417925577287874,0.47721543099209857,0.4040490497530938,0.500444217633656,0.5154629652507838,0.422172616188934,0.46681513169783656,0.5198657517717998,0.0,0.5754637145846698,0.44018198075557613
VNM,0.7045203471254617,0.5736420835693599,0.5304890092012328,0.5767494484683532,0.5679951085445281,0.578366896211805,0.5899111909325194,0.5666268632692881,0.4901851250699499,0.5340434508225643,0.7736516129717224,0.5766668174120503,0.588197425024958,0.5604497645748923,0.47956641192813365,0.6427050878044426,0.6633817277292211,0.6234039408936672,0.5617916331896279,0.6210250639337108,0.6788701478811953,0.5502134899546035,0.5883766057427746,0.6212718837260244,0.644942209575817,0.5568581696723978,0.5874780437334591,0.5564763228441011,0.6085131106552315,0.5758335862171247,0.6067765877236636,0.7443311393121962,0.5740563952162078,0.5362090635201054,0.5212707146742326,0.580773711462645,0.6272441985081806,0.6240173768196133,0.5924307930149655,0.5758799422302927,0.5914105584312082,0.5389924244883709,0.6492331856790498,0.7001709257466299,0.5119881240876782,0.647851828799898,0.6017021178032992,0.7189965036474492,0.6338575286249251,0.5737754667716543,0.5406861674630136,0.6412636828569207,0.579922283805667,0.5747783565553115,0.7401824857413113,0.5933790774867894,0.6334465485073467,0.5786999162539788,0.49765441942379973,0.5601311908135466,0.6118698102806254,0.5227236431066262,0.5642791559890771,0.5882652614796171,0.5467372263202682,0.6515633167970352,0.5996180872335128,0.6690248795307194,0.7966256493917722,0.5686228735299302,0.6020653055765901,0.577171169838646,0.5321957513064284,0.6100642995586438,0.5027461977088716,0.5314228533768207,0.5470122633780298,0.5754637145846698,0.0,0.5454777478489825
ZAF,0.671343529667293,0.5053383347422,0.4720334150959171,0.4509320697627187,0.46274947215362566,0.4747740280504497,0.56391638410769,0.5030149976281556,0.45879092835117846,0.430704022874321,0.7425762833586524,0.4462132333294678,0.5280531063825474,0.4965897325663527,0.4915872066134422,0.5780096017199418,0.6272152447408401,0.5410603577784379,0.4954175500815582,0.5135553495914524,0.6278226023883934,0.4649041941500727,0.4805513902011883,0.5579495673777046,0.6243440960533908,0.4396436025635881,0.5245327969079896,0.4629639138626265,0.480223858574702,0.4803204640328722,0.5595425310958273,0.6551825167105776,0.5029706876113594,0.4236827226862517,0.5062993657489622,0.5104964051237063,0.5985853012171399,0.5467613012803473,0.52002279900332,0.4552297887618841,0.5390286282839313,0.47264949140562473,0.6046703884832557,0.6909766698759345,0.4743914986040569,0.6682680522216183,0.5184684702716779,0.613891177242059,0.5707619310712138,0.507776377194427,0.45556367365536937,0.6181199672329697,0.5938665121291021,0.5121307748659095,0.6710455702598338,0.479216014575279,0.5355963208537107,0.4667270615607633,0.46877070434859497,0.48281939187855005,0.5297509909933069,0.4643094442844429,0.4588294522060569,0.500898061740916,0.4465888147450242,0.5805847375000459,0.5210307762732574,0.6256349034377894,0.7490188467156438,0.5016405283728566,0.5212620153941568,0.45960775070827603,0.5213603669122836,0.5455904112133773,0.4366592520331173,0.4876282601156237,0.5175458575750189,0.44018198075557613,0.5454777478489825,0.0
