,AGO,ARE,ARG,AUS,AUT,BEL,BGD,BGR,BLR,BRA,BRN,CAN,CHE,CHL,CHN,CIV,CMR,COD,COL,CRI,CYP,CZE,DEU,DNK,EGY,ESP,EST,FIN,FRA,GBR,GRC,HKG,HRV,HUN,IDN,IND,IRL,ISL,ISR,ITA,JOR,JPN,KAZ,KHM,KOR,LAO,LTU,LUX,LVA,MAR,MEX,MLT,MMR,MYS,NGA,NLD,NOR,NZL,PAK,PER,PHL,POL,PRT,ROU,RUS,SAU,SEN,SGP,STP,SVK,SVN,SWE,THA,TUN,TUR,TWN,UKR,USA,VNM,ZAF
AGO,0.0,0.6716444535086215,0.7125062800994773,0.7622561994897545,0.7733676981717503,0.7881866434399296,0.7544251354677859,0.7527487784792216,0.7223267419565084,0.7186497847744422,0.8608485579714817,0.7394755111467558,0.8025729551295309,0.7897291038957335,0.779886735733671,0.7882642518167927,0.7364077639749435,0.7829960670752212,0.7157093195166266,0.7535380366160809,0.8199619318541145,0.7922667999145674,0.7979795041226302,0.7764637890832091,0.7328029639376528,0.778103172864024,0.7777702081953713,0.7990577730976037,0.7638317821324628,0.7579024048595067,0.7759673371747912,0.8564800742974833,0.7293462546101538,0.742707017785376,0.7114910750944565,0.7306478490219818,0.8067406211892029,0.813045698616018,0.8038643343192027,0.7864861565699888,0.7578728818515492,0.8111118774398094,0.7339176669906484,0.8100477698195236,0.8219786914037284,0.6951050869416672,0.7599714457225745,0.8636918506593806,0.8003949144993823,0.7188573142552439,0.7389628417421812,0.8168890500076993,0.7134943375857218,0.73315449127799,0.7680409146923869,0.7707924188554444,0.7551539714074534,0.7471999033659985,0.6728349107873991,0.7348157791551022,0.7273730544761364,0.7712651064548213,0.7550001584930053,0.7293001713274748,0.7156977837726319,0.7339089653965353,0.7634286866190739,0.8403989792071797,0.8656804587860875,0.7772592686695904,0.8048129264100679,0.8058452169004928,0.7432507276855934,0.7419907052633136,0.7359773884801311,0.8083502081461416,0.760920959474444,0.769301861302029,0.7232967516167844,0.760758336129938
ARE,0.6716444535086215,0.0,0.6793262037556619,0.6114317386317106,0.6290090283849096,0.5736378008209447,0.7636493910278342,0.6199519358608109,0.7001360612919081,0.5512605001270362,0.7281637496424287,0.6165484858950062,0.6720195024087677,0.6967255651502637,0.7142821440632156,0.7152550071640468,0.7398344078749323,0.8161250160935412,0.6619173020069019,0.63928162408631,0.6963484311534978,0.6396871335314919,0.645404734013477,0.655046089727953,0.7000398147282235,0.6071441992354113,0.6688297701632635,0.6281488275698338,0.6203299147284211,0.6090179313475612,0.6691778324837518,0.726373359520147,0.6177514747779521,0.6242281342184037,0.6699351743065931,0.6732008290743682,0.696933830969186,0.7340207325175088,0.6570291444817951,0.6229114256071475,0.6650167564512334,0.6719513047613802,0.734087461637853,0.8919507218594571,0.7042786999942376,0.8006327659610634,0.6715709698886088,0.7521384377667906,0.6912840511353805,0.7130773651920213,0.615772747786403,0.6941741836249646,0.7814273720349993,0.6713376407182546,0.7925997367242572,0.6067250409716826,0.5947851172590968,0.654937852609237,0.7140965802459472,0.6736732914176339,0.7212123965381184,0.6189978894447267,0.6066589907560801,0.6640147663844665,0.5808003116441333,0.6575066792081595,0.7187280875936715,0.6437646749616314,0.8402668994951036,0.6295641148142364,0.6495325657226074,0.655316251384607,0.6968047224242093,0.7011545883163703,0.6503455432066115,0.6594492222656302,0.7494255815680981,0.6508088016348312,0.7203772944288579,0.6680988989903252
ARG,0.7125062800994773,0.6793262037556619,0.0,0.5517459194083687,0.5317000792726108,0.5271141505290112,0.6189913640758831,0.5175391908652187,0.4594314981233604,0.4863250233495278,0.9303822645892342,0.5179942746335578,0.581605496243528,0.5761513316273845,0.522097533774498,0.6182381179169144,0.5857174669497249,0.5870740081899021,0.46394522487525663,0.5423606984706655,0.6670728479760858,0.5526473802103359,0.5492293227726206,0.5724502070610835,0.5455879550495183,0.5088145885419052,0.5681234805010336,0.5908077500209147,0.5493949456382988,0.5448734284229454,0.5950537478363855,0.7654222607072556,0.5244171599549086,0.4884655010374663,0.5230830134655026,0.5358999290098763,0.6007911947112826,0.6550489703364964,0.5665632898620745,0.504054726424573,0.5578058107564826,0.5423063957133094,0.6554379789569988,0.7773818362427911,0.5711428959429977,0.7202517496636901,0.5402003950485718,0.7441213962906755,0.634405675341963,0.5279478061533235,0.46240823878409076,0.6810134936643689,0.6517559057795739,0.5346673553007969,0.6669092962944164,0.5471505639953536,0.6024030783517929,0.5428845317242919,0.4801650791052899,0.45674815456265505,0.5493428406013222,0.50421468211267,0.4984918168865413,0.48718036385606417,0.5144868271205884,0.5684920533646062,0.5260530929895252,0.7238787850818423,0.7943358901713485,0.5927830075355108,0.5558096643437088,0.5738581907819318,0.5327599751439326,0.5671443621657796,0.4702423511269793,0.5971245708611957,0.5623714983318482,0.51040175996802,0.5749083401445435,0.555853064741336
AUS,0.7622561994897545,0.6114317386317106,0.5517459194083687,0.0,0.4438832622250416,0.43347700532371664,0.6385827989239681,0.42861294038907444,0.5893546389275764,0.572656676615547,0.9275771780524513,0.44040138634576287,0.5437462183193092,0.5241196248736476,0.6462398844262257,0.662582657984179,0.6268233131785609,0.6785595998327512,0.5435896591835333,0.5235174784211473,0.5593262259494933,0.448573415812337,0.49749982071868465,0.5044370739889864,0.690556487389443,0.40893584694867646,0.5044576561335221,0.5180371291804392,0.4141112529876868,0.38624474676864984,0.5337036274719313,0.6703466623471546,0.5037489622698407,0.4880735075755617,0.6017140559502886,0.5906798608910023,0.5468281466711811,0.6001377314020383,0.5439902219192821,0.4473165423403853,0.6185907281785356,0.5623341781668998,0.6362625798715816,0.8259994589655457,0.6376909840905277,0.7671724422978078,0.5325986137593979,0.6439170919861125,0.5088674190999073,0.6458181245799879,0.5421043484483085,0.5913541412709095,0.7186673956722636,0.6161287231293284,0.703599533815958,0.39568737626598277,0.48568181165054164,0.4425336822597768,0.5888211077559173,0.5165826884935618,0.6330533592784766,0.45147112331475675,0.40498216676782134,0.49633050436570697,0.5499944488778032,0.5839854658847293,0.5630392781953675,0.6663278138929999,0.7498218117236833,0.5231732362614664,0.44442794140154107,0.4998413357425701,0.6717512680614001,0.6145825525386013,0.5124364759385528,0.6569076299712425,0.6519727350250093,0.47269786236783257,0.6594108031236696,0.5509778296092269
AUT,0.7733676981717503,0.6290090283849096,0.5317000792726108,0.4438832622250416,0.0,0.3910895977339513,0.6545983992958821,0.4368785208124475,0.5561371781001961,0.556258036190712,0.9438410432669909,0.4863755176677817,0.43772925207825175,0.5244416951654809,0.5945219888802153,0.6497508837750783,0.6783349373863788,0.7444929646929089,0.5470365570861875,0.5238213351445258,0.5862994449883138,0.3518398144566434,0.3758052772062898,0.48912826802686543,0.6752011169181551,0.35903198715249746,0.4426752920499076,0.43574226220565915,0.3462254688566684,0.36688148087290545,0.5208492389992785,0.6612140401492963,0.4554318510906414,0.4196770022324087,0.6060534547249706,0.6101961205459713,0.5510831671829968,0.6161141066060687,0.5107435018029484,0.34528972031607963,0.6373949587203648,0.48926031654925983,0.706618065147157,0.835630450133786,0.5575688255221855,0.7724204011255906,0.5108290908105216,0.6403819354909713,0.44048811136392463,0.6580781915064935,0.5312347715472298,0.5542650708361174,0.7454822541917928,0.6290003900147751,0.7384023004259345,0.40531927941164725,0.4977606360167481,0.4544033785850004,0.5745432468186435,0.5627601747464747,0.6478588199983522,0.4033903392298756,0.31258970681945775,0.4706607746640023,0.5053011881522812,0.6317885311469211,0.6015197824680542,0.6359844660016536,0.7802598484457819,0.3971400364770046,0.3873708933955647,0.3950884694099054,0.6166975144392234,0.6389120847140302,0.4344573222801575,0.5791504267668437,0.6466413282935454,0.46700879533125367,0.6668701319059417,0.5890263941777527
BEL,0.7881866434399296,0.5736378008209447,0.5271141505290112,0.43347700532371664,0.3910895977339513,0.0,0.6514768879243726,0.4323550299778437,0.5592326982421525,0.5141009841047613,0.9040997859212584,0.48719287691528995,0.4881628195473257,0.5419349144170856,0.63115705827836,0.620661134032263,0.6568255888553796,0.7334972201896952,0.5373832823993183,0.47628030715090475,0.5565301970363868,0.41749146189550196,0.3897636459058782,0.4648757726879703,0.6597277259324528,0.34104818221111177,0.4693484824598981,0.45963277531932517,0.3582081430116315,0.380226730403897,0.5150800248811269,0.6623035391299323,0.46857752020488536,0.41057691195731183,0.6269364199615675,0.6059295654633742,0.5252972773585186,0.602972223635663,0.48105972776549694,0.34751132036421395,0.6038742350185048,0.48888399822526574,0.7105166805156307,0.8395889990474538,0.5674524424124268,0.803459668096201,0.4968864640884949,0.641912172040186,0.49593280671019124,0.626509201202732,0.5236621080646081,0.5805442856851464,0.7411353468256386,0.6239180990672196,0.7219169369852384,0.36001383013229227,0.4868610869876726,0.4871375941697693,0.6045729867973799,0.545930032382375,0.6392272846445646,0.41765278059663186,0.3552731178438243,0.5181140071281066,0.5429594202204596,0.5901430319834645,0.5650263920577614,0.6015816721378581,0.7670609880222544,0.4643125349237797,0.407793214419164,0.45845746310272123,0.6468505511853424,0.6217444103795452,0.48158355387639296,0.5777168670112851,0.6539156407660386,0.4661593555657512,0.6828195680032157,0.5733461477471347
BGD,0.7544251354677859,0.7636493910278342,0.6189913640758831,0.6385827989239681,0.6545983992958821,0.6514768879243726,0.0,0.5799619352889119,0.538085420466021,0.6825032032829057,0.9510321275062197,0.6615817777418743,0.7140423002133173,0.6751578720720607,0.6476295292280011,0.6834501853543743,0.6426978895022732,0.6526365525207223,0.620053365250388,0.6303922196432183,0.666052124890982,0.6691854873431216,0.6890928019091085,0.6522547241191765,0.6901559707115458,0.6401168970050016,0.6254460191296386,0.6884440757593023,0.6521697050405022,0.6621346122040291,0.6448500345893229,0.7532457103981374,0.6323926282405072,0.6357298708675488,0.6383761596623773,0.6095280983790687,0.7094851188782266,0.6587256706287016,0.6925772922835576,0.6251734609175094,0.6647285677138021,0.6906020103098496,0.7205770799888531,0.6543928294322972,0.6931174640274036,0.6685998035177229,0.6551665435401051,0.7537880351354592,0.6586910234167355,0.6164878920338774,0.6631953922115049,0.7202517934064481,0.5401861868860057,0.6882541153811147,0.6790527495769335,0.6571807499075354,0.671469551690288,0.6242508012478407,0.5152786674565137,0.6085006930150693,0.6137929900062247,0.6365934747917197,0.6013350406407544,0.6019835366123367,0.6628734653397109,0.6859269409435107,0.5994811757280368,0.7679099785185478,0.7796337409256602,0.7053945634059078,0.6476264037960648,0.6882431014385287,0.6496553261614529,0.6271676386977958,0.5503710180939295,0.7154528576770093,0.6601566386983612,0.694422358246971,0.5455541720987344,0.7202944683664395
BGR,0.7527487784792216,0.6199519358608109,0.5175391908652187,0.42861294038907444,0.4368785208124475,0.4323550299778437,0.5799619352889119,0.0,0.4790136081529663,0.5635737442442141,0.9243921327852164,0.5195361159965219,0.5658208485903106,0.5411454533845154,0.5726238647832927,0.6024135410512118,0.6325441094234688,0.6607125151361516,0.527436756413851,0.49871001644134527,0.5941243287628181,0.4242232261571627,0.49717214212659555,0.5382665149222094,0.642738906893301,0.39592089250574497,0.48869051631137417,0.5122224846466663,0.4467455664857737,0.4951584627631584,0.5256315130129738,0.7192778942750482,0.44989634695037606,0.45703933297298577,0.5785802327941918,0.5178664957689091,0.6031455073361591,0.6206022218138023,0.566362871593723,0.4172803912459157,0.5590927986047128,0.5452158728229791,0.6793942735962296,0.7541426633500783,0.6035402806951847,0.7122396415456523,0.4972742697446566,0.698095903173568,0.4866318124423592,0.5644238413854733,0.5283184839545327,0.6199774242393632,0.6628396386766904,0.6044154451605797,0.6637891581592437,0.46173904683891986,0.538864019602718,0.4760255795528763,0.5393833276593875,0.5314405307266662,0.5597950799881509,0.37375382744733415,0.40358433272934474,0.4051937459446944,0.5133230342148486,0.6073140756290738,0.5233745295975136,0.6908957351504781,0.7826618923988762,0.49383737120871046,0.42898042622227245,0.5004963082420029,0.5986477447790594,0.5834256583546372,0.42679513832309046,0.6062681320504189,0.5899925155451726,0.5554755659948836,0.6034743613601101,0.562990160607992
BLR,0.7223267419565084,0.7001360612919081,0.4594314981233604,0.5893546389275764,0.5561371781001961,0.5592326982421525,0.538085420466021,0.4790136081529663,0.0,0.5516061755444605,0.931498225298189,0.5724246207783352,0.620038650815306,0.6059521224592509,0.4842277151905451,0.578752412770222,0.5952858293421308,0.5551299229917406,0.5179325334205676,0.5238303027470959,0.6182608363551761,0.5559729706187897,0.568331301365964,0.582498345161882,0.5869213957568447,0.5164285088501849,0.563671571002595,0.5748565292705301,0.5679645123010048,0.6016826799583581,0.5781008034057611,0.7605132504832557,0.523013738272129,0.4800823119609908,0.48244652534679855,0.5224822275826956,0.6394169265591203,0.6296085910172974,0.6306748542840859,0.5297654830285886,0.5340752437313836,0.5604762174500613,0.7290888636526086,0.7233565306651462,0.5494878132123308,0.6452214007844908,0.5549468052126275,0.761133386555192,0.6243015178989733,0.4343058911395294,0.5088598597834129,0.681903083445171,0.5568701252619087,0.5587753026478607,0.6377021131402355,0.5814979144315785,0.6217802339026435,0.5500160121571109,0.41301023135431797,0.5111824354019793,0.47751636447912243,0.48593754232453334,0.5056281506056017,0.47485100555001797,0.552060906382625,0.659569538445255,0.5148785196545406,0.7005873038774384,0.8076734539776224,0.600727865968202,0.5843803294087747,0.5799456371011957,0.47948526705933436,0.5738868408792034,0.44735488996797407,0.5916469692972883,0.561999461713451,0.6030554769373085,0.5073750311334161,0.5999060648986645
BRA,0.7186497847744422,0.5512605001270362,0.4863250233495278,0.572656676615547,0.556258036190712,0.5141009841047613,0.6825032032829057,0.5635737442442141,0.5516061755444605,0.0,0.7977760674112367,0.5248362408990738,0.6087960880298044,0.6057762161893034,0.5596920136572641,0.6116663150751938,0.6477763162532293,0.7153648829278495,0.5060780769288156,0.5612874496286887,0.699935803799158,0.5700083491271215,0.5420223621937622,0.6011319379705949,0.5876004200610436,0.533217141835911,0.6086108870371907,0.5712142296181653,0.5412653916396437,0.5542350117436263,0.6108317286853856,0.7471320997698229,0.5508764539780947,0.49885964204157424,0.5424824787911238,0.5598386036596982,0.6492093057939489,0.6814820028790857,0.579858749367717,0.513160594263568,0.5877170416820436,0.541903704355998,0.6910049271333374,0.8349293774923504,0.5631462710882794,0.7405094839885172,0.546221479970117,0.7320910614644047,0.6759722473103065,0.5674141281008691,0.4754138085935133,0.6966198028977177,0.7103713893014185,0.5639229656684257,0.7426402431438477,0.5579475327417585,0.6220618587420571,0.5905129691623698,0.5585432929563997,0.530857278108247,0.6004181357460885,0.5197427036043666,0.5255634789368604,0.5685622497215981,0.5071333455423224,0.5981458278966894,0.6243358460248594,0.682169064310618,0.8122799175742897,0.5595111834612135,0.5882493351357185,0.5809001767810565,0.5408160157662205,0.6021722224507884,0.5091984613162776,0.5699711534663165,0.6330551427671769,0.5429835237382293,0.6258529285780471,0.5563950816403626
BRN,0.8608485579714817,0.7281637496424287,0.9303822645892342,0.9275771780524513,0.9438410432669909,0.9040997859212584,0.9510321275062197,0.9243921327852164,0.931498225298189,0.7977760674112367,0.0,0.9033576444243542,0.9484171900813082,0.9324165309822346,0.9270302561942859,0.8984297758959753,0.9070962922453095,0.9622951660821984,0.8909480522301486,0.9158297818806653,0.9528291599670279,0.9402703060454648,0.9371632403112992,0.9297518082937319,0.8774766206076148,0.9380665766645644,0.9372754067285108,0.9215021940451015,0.9338806436900009,0.9317844861860775,0.9207290740803428,0.9610319836664903,0.911909875509315,0.9257474135920076,0.8859449824112197,0.89772374584833,0.9576444929984774,0.9607897685825819,0.9215088588715473,0.9309557620850674,0.8859089500202291,0.9307050176939989,0.9020716504655818,0.9684720959093492,0.9447961949465455,0.910574975691973,0.9050922852563972,0.9640943490367555,0.9560501611855667,0.8976083766056098,0.8952158052692585,0.9590582041479008,0.9203785177655868,0.8988789183485325,0.9535198952171912,0.930478494502055,0.9250868044565014,0.9295243400643942,0.9169690690555277,0.9118055109657881,0.9239597585934743,0.9224302208926878,0.9343619487390329,0.9355355212264825,0.8825478778004154,0.8955730667043362,0.9372838292574418,0.9056940425445922,0.9635412591848678,0.9292984031663425,0.9552207901898209,0.9400944811708851,0.9154619863298884,0.8941549631049851,0.9217122718595675,0.9238065058767878,0.9263749988933802,0.9198686267365521,0.9039206550789904,0.8789812137271956
CAN,0.7394755111467558,0.6165484858950062,0.5179942746335578,0.44040138634576287,0.4863755176677817,0.48719287691528995,0.6615817777418743,0.5195361159965219,0.5724246207783352,0.5248362408990738,0.9033576444243542,0.0,0.561320389685398,0.5503165542990793,0.6288847636990309,0.6236576475856626,0.6165704338914242,0.6962794951470199,0.5222859560429963,0.5278350299874331,0.6206954948472699,0.507299318249573,0.4812710866681831,0.5162130073154674,0.6519944384977728,0.4881723699228645,0.520184203402024,0.4975309222371572,0.4547217251174972,0.43750521828447203,0.5263600577819976,0.693465157965832,0.5239278211990878,0.4579757090801327,0.5865113204493794,0.5971420956189445,0.5917714460625638,0.6182374718006175,0.5080063368505525,0.4794754043458751,0.5840346072754701,0.5185225792147319,0.6377995504137293,0.8352842403333139,0.5964867611406978,0.7727331521682246,0.5471585739736451,0.688549598352565,0.598505341337756,0.6139187367782247,0.4991999253191624,0.6435916461635448,0.7177495892467085,0.5945174062545288,0.7016950786166294,0.43692846038796374,0.5033893037169282,0.49859330431667304,0.5758637180191174,0.49259367862450826,0.6338294758366466,0.5009113179018098,0.47093448074528826,0.5608239539304554,0.5193780838362352,0.5735389166676589,0.5985537758588371,0.6867732437742392,0.7609638295628733,0.5857279674927317,0.5248873400706321,0.47100009028731943,0.6266665745458578,0.6066945375115871,0.5360516833374799,0.617579894745498,0.6284729497569457,0.390594479227387,0.6785626711241152,0.5394830483007886
CHE,0.8025729551295309,0.6720195024087677,0.581605496243528,0.5437462183193092,0.43772925207825175,0.4881628195473257,0.7140423002133173,0.5658208485903106,0.620038650815306,0.6087960880298044,0.9484171900813082,0.561320389685398,0.0,0.5539765848551488,0.6421853099677546,0.6813355133031893,0.6977455450307649,0.7856503396798448,0.604808252732936,0.5528388876160375,0.6420836553743674,0.5240403794731738,0.4836039777789657,0.5077168673665715,0.7218711056711503,0.5158076558515232,0.534056362952008,0.525159585223908,0.47126270455660174,0.4778126150595972,0.5584502838826277,0.6313933534634544,0.5359949589512987,0.4988976362841809,0.6456654029426621,0.6901264125987907,0.5089812547318744,0.6551769798394026,0.5100504778522628,0.4960684185448844,0.6826950605348509,0.5396275244130182,0.7432510572198486,0.8768049931034585,0.5955004626300179,0.8006713665571398,0.5804944403805835,0.6733336237813924,0.5631711069780472,0.691504681000794,0.5655508206691527,0.5660011430225186,0.7794484392048692,0.6627949716318186,0.7530160629282167,0.48585989594297463,0.5589190912254343,0.5446575678540221,0.6231584303063529,0.6276966357765115,0.6425962335752405,0.5362955434834721,0.4811869068974177,0.5899119638654416,0.6064814547961729,0.6456363531023346,0.6572269037836749,0.5439989015315443,0.8079447167532483,0.5319287467169148,0.5264023534357806,0.4887852715147951,0.6487778796888857,0.6866489182117751,0.5769536929856072,0.5891919934994021,0.6890286361339916,0.5319514187263985,0.7062158904450457,0.6622464191536377
CHL,0.7897291038957335,0.6967255651502637,0.5761513316273845,0.5241196248736476,0.5244416951654809,0.5419349144170856,0.6751578720720607,0.5411454533845154,0.6059521224592509,0.6057762161893034,0.9324165309822346,0.5503165542990793,0.5539765848551488,0.0,0.6570585411169689,0.6342689434760477,0.6568880409742506,0.6920058406711955,0.5758265247858416,0.558274971532582,0.6582258564587413,0.5682385504094868,0.5557153916016286,0.5828163786320147,0.7126203258286491,0.548216852485657,0.5432763992457462,0.5489837731427047,0.5107006781308706,0.5391218427989374,0.5462746672658217,0.7289325748858321,0.5346346634231446,0.5363831635863355,0.6436142406153359,0.6823421574657821,0.5924357070180823,0.6390711109462089,0.5348429166099697,0.5425944848263669,0.6419977501047117,0.5987130208372583,0.7006205783706484,0.8573406121767432,0.6277351974392907,0.7434031993035939,0.5590264555848684,0.7143435516833637,0.5893775281829591,0.646596009311283,0.584644047930488,0.6392033887408037,0.7467666959754931,0.6694092366840654,0.7376126186899358,0.5194620369051032,0.5729681409558623,0.4996671784437408,0.6351350094501338,0.5321144582791438,0.6094478757294781,0.54673669663685,0.5119834688500302,0.5821193098793512,0.5991659378666562,0.6704277651897791,0.5753978944780334,0.7010013575405727,0.8168378678318168,0.6047847227496886,0.5777517225937079,0.5400869883521915,0.6521297278418535,0.6509837291776402,0.5967619495248504,0.6492246314381331,0.6795945013433744,0.5504958938205183,0.6424094032924234,0.6064557284593248
CHN,0.779886735733671,0.7142821440632156,0.522097533774498,0.6462398844262257,0.5945219888802153,0.63115705827836,0.6476295292280011,0.5726238647832927,0.4842277151905451,0.5596920136572641,0.9270302561942859,0.6288847636990309,0.6421853099677546,0.6570585411169689,0.0,0.6809764642244802,0.6874387639123541,0.7041856323105682,0.5822406392406497,0.675921168656734,0.7494735437146329,0.5872681301491435,0.5881877793156459,0.6745921165171634,0.5920438523873471,0.5983856197570612,0.6625640891701782,0.6086578009676591,0.6531734514933893,0.6650020570031997,0.6836090827379832,0.8254541501540735,0.6253512871157594,0.57420759793499,0.515716533459442,0.5373375963691704,0.6966495206523489,0.7342522023004457,0.654887008019169,0.5743060073767756,0.6236397364475713,0.5430078882252221,0.7578985661541774,0.7871191103567926,0.4551011112085443,0.7611479524867614,0.6587592172987771,0.8237863438162446,0.725113820173234,0.5716682317803714,0.4998753453410115,0.7187303122508085,0.6703133807275529,0.5812475544572168,0.7866009838914745,0.6735877659595774,0.6898235219177337,0.6557012223465543,0.5596410426270528,0.5883676128084002,0.6251905827561243,0.5723401266157504,0.6049007053757102,0.5513546434797535,0.5709254051485554,0.685709431623965,0.6567609032412512,0.706825124725881,0.8760320703868791,0.6207039059133242,0.6360603251189558,0.6210488314884381,0.47671071088253514,0.6284919541963925,0.48116168522169717,0.5021255242964041,0.6155368373123686,0.639126501876275,0.5512857016377504,0.6131241493049874
CIV,0.7882642518167927,0.7152550071640468,0.6182381179169144,0.662582657984179,0.6497508837750783,0.620661134032263,0.6834501853543743,0.6024135410512118,0.578752412770222,0.6116663150751938,0.8984297758959753,0.6236576475856626,0.6813355133031893,0.6342689434760477,0.6809764642244802,0.0,0.5963200874872059,0.701460981911849,0.6126103714983011,0.603215492023128,0.7170773912243928,0.6574703440899633,0.6572566153281928,0.6631072530186769,0.6914212385090139,0.6342451970734609,0.6025960071936534,0.6346195599985737,0.6325942075054113,0.6726168712240007,0.6504915023123669,0.8105851406478088,0.6331364655796649,0.606272695712322,0.6140492804805174,0.6793071584834691,0.7153554827647871,0.7278443604950613,0.6783921437565885,0.6130811255084899,0.6217984173726886,0.6671084348323406,0.759744629261699,0.817799283135029,0.6977360998091591,0.7122632117702098,0.5862170380849709,0.7971354898573545,0.6520382520481826,0.6133457726130545,0.6348283326173914,0.7572693249386363,0.7329998871742976,0.6668885399728505,0.709368726067634,0.6590061202772891,0.683016933480206,0.6144431328057107,0.6526156280035578,0.5780926091465519,0.615487331422339,0.5914075883992979,0.6065317429650469,0.6308777982354808,0.6401310448426196,0.703281637380952,0.5975842862324547,0.7789805464045387,0.8393657038931718,0.6837362749568481,0.6757317620685341,0.6393373846987156,0.6482960438907656,0.6368876219205313,0.6145260035385629,0.7089522479571969,0.6766238180349707,0.6650273300714591,0.6550656981586405,0.6555730935393371
CMR,0.7364077639749435,0.7398344078749323,0.5857174669497249,0.6268233131785609,0.6783349373863788,0.6568255888553796,0.6426978895022732,0.6325441094234688,0.5952858293421308,0.6477763162532293,0.9070962922453095,0.6165704338914242,0.6977455450307649,0.6568880409742506,0.6874387639123541,0.5963200874872059,0.0,0.634298414240819,0.5816656026341422,0.5986253898972179,0.6817984131494139,0.6795449849280277,0.7057086025441653,0.6470202962735947,0.6694398708479349,0.6519963805182036,0.6069300810416414,0.6745978874616754,0.6651547640560581,0.662066345240034,0.634167073574691,0.7957538677320054,0.6367509806745824,0.6444570961689027,0.5878683477428428,0.6611845240485441,0.707357588773833,0.7062271483048904,0.7085532927579946,0.6558156186763416,0.6315207184829859,0.7052616698949898,0.6888544035016804,0.7920642610353277,0.74200152693863,0.7169345650804217,0.6095422811468337,0.8125754646605693,0.6592300289635101,0.633495980222779,0.6433352548461961,0.7377801868100087,0.7071382450850391,0.6377102954004168,0.6891963080005765,0.6633763312344177,0.6591682890245902,0.6270045262602219,0.6050493935124857,0.5396901802224485,0.6207056030909271,0.6302982898396103,0.626188946458315,0.6167078527970679,0.6527384548060826,0.6628433109126884,0.5689839668390834,0.7909436293444477,0.7989281099811107,0.7317311612025319,0.6923074294390669,0.6857661153153307,0.6381036297406679,0.5660428393253172,0.6188136014931213,0.7536781944344639,0.6622283030727457,0.6636226999526051,0.653228513547376,0.6792743622155816
COD,0.7829960670752212,0.8161250160935412,0.5870740081899021,0.6785595998327512,0.7444929646929089,0.7334972201896952,0.6526365525207223,0.6607125151361516,0.5551299229917406,0.7153648829278495,0.9622951660821984,0.6962794951470199,0.7856503396798448,0.6920058406711955,0.7041856323105682,0.701460981911849,0.634298414240819,0.0,0.6637424027002483,0.6768390399753873,0.7652441902464558,0.7406007582477132,0.7622767739301615,0.7388159841354068,0.7220159430383543,0.6986756249243365,0.720411441615319,0.7639188525025956,0.7285951186817032,0.7516869015726803,0.7322592176294151,0.8546321390190396,0.7080107976000141,0.6899273419745704,0.6631849160016845,0.6882537945447935,0.7518843386153644,0.7269048921665838,0.7671999992658525,0.7219967389008637,0.6867107430834073,0.7399924794972182,0.7126521048772402,0.7147601991333087,0.7638521448729273,0.7079662070427734,0.6867887358944162,0.8603670316015102,0.7508081618940742,0.6208969488008736,0.6661812520605929,0.8056389839242797,0.646050288605986,0.7024763229615547,0.6706624682586341,0.7347326521392786,0.7520671304995021,0.65980806683535,0.6225385529195512,0.5959702759926727,0.5884996939384799,0.6821642381347502,0.6997541417395478,0.6291623900921823,0.701377677202744,0.7514239811582683,0.5812276435864782,0.8728152714612597,0.8286468425642991,0.7714659311307734,0.7537736859161924,0.759605803146497,0.6738277438365402,0.6582244052065115,0.6362893322988105,0.784849595975689,0.6476835965872263,0.7455460719214486,0.6342967892864703,0.706273061321232
COL,0.7157093195166266,0.6619173020069019,0.46394522487525663,0.5435896591835333,0.5470365570861875,0.5373832823993183,0.620053365250388,0.527436756413851,0.5179325334205676,0.5060780769288156,0.8909480522301486,0.5222859560429963,0.604808252732936,0.5758265247858416,0.5822406392406497,0.6126103714983011,0.5816656026341422,0.6637424027002483,0.0,0.5319490042303597,0.6431789884891008,0.5800566329549712,0.5772257748675323,0.5703142795312536,0.5850430618342801,0.5192625835018976,0.5717499373979326,0.5832360413424397,0.5360520254346829,0.5336980254268388,0.5630128948471259,0.7397880490823348,0.529137176401534,0.5208407906480741,0.5275911043664144,0.5759028557965875,0.6147379413714028,0.6374212264570576,0.568311804365461,0.524573384589608,0.5400597768279732,0.5858672299546012,0.6878825052124445,0.8180237044229743,0.6190427635501105,0.6986363222063593,0.5461930808541746,0.7400156956113224,0.6335761762384419,0.5537670640610237,0.519034347698587,0.6431166932883663,0.698000622426332,0.579675488570655,0.6853553599645482,0.5536227251282081,0.6075306376763121,0.542485455727982,0.5279431261326581,0.4659101795739309,0.5606693326222986,0.537873199891782,0.49543605537268515,0.5275919880004551,0.5658714560775143,0.5828576978017103,0.5281501624482815,0.7212218624025656,0.7921157887898749,0.621593591097497,0.5929880157785216,0.6124037820579087,0.5639402410162969,0.6171020855576336,0.5056038339830417,0.621022900858203,0.6612043141215485,0.545097505658073,0.5929004713519848,0.5709823659760752
CRI,0.7535380366160809,0.63928162408631,0.5423606984706655,0.5235174784211473,0.5238213351445258,0.47628030715090475,0.6303922196432183,0.49871001644134527,0.5238303027470959,0.5612874496286887,0.9158297818806653,0.5278350299874331,0.5528388876160375,0.558274971532582,0.675921168656734,0.603215492023128,0.5986253898972179,0.6768390399753873,0.5319490042303597,0.0,0.5662788299461892,0.5383201906476007,0.5565189636474779,0.5059372302257696,0.662326978681072,0.4805743747522084,0.5053537333958922,0.5415662240880197,0.47882879387440497,0.5115027849264111,0.4887574245085417,0.635773752497293,0.4927509624694223,0.4744758713961616,0.5751311208659826,0.6195036809337804,0.5810299616654001,0.6117914022130178,0.5598086858540986,0.4869823867002113,0.5970367412847607,0.5613263283129191,0.6794056698279792,0.8094440147134384,0.6447123573584689,0.699895158015987,0.49988070496479825,0.6855188801222313,0.5691926768231079,0.5678420215250993,0.5443797416479009,0.6304174190977501,0.7097865313548604,0.6155079315786316,0.6625243524293433,0.46545292467806815,0.551802483207175,0.5081693081784519,0.576575250246192,0.5196379689768083,0.5466046529661454,0.46803444449674547,0.45925982859652265,0.548880890496094,0.5833213522043419,0.5662485042688348,0.5193898522501365,0.6703524762679228,0.7520246412855763,0.5880442587965012,0.5293666247358907,0.5672424139389074,0.6035734276417795,0.6263196501506776,0.5240527093046425,0.625856950546246,0.6386091584965319,0.5464141593784801,0.6409098300835356,0.5866988979206963
CYP,0.8199619318541145,0.6963484311534978,0.6670728479760858,0.5593262259494933,0.5862994449883138,0.5565301970363868,0.666052124890982,0.5941243287628181,0.6182608363551761,0.699935803799158,0.9528291599670279,0.6206954948472699,0.6420836553743674,0.6582258564587413,0.7494735437146329,0.7170773912243928,0.6817984131494139,0.7652441902464558,0.6431789884891008,0.5662788299461892,0.0,0.5989006370557771,0.6207003422553589,0.5666293229778738,0.7195428687338178,0.5430514718559651,0.5353319993457849,0.627879407039319,0.5756234110211348,0.5612259189374369,0.5442226878646349,0.6454315354775773,0.5853269558333654,0.6002201653264287,0.6860406819571124,0.6898662430874104,0.6321383699920116,0.5986018401342357,0.647849136915596,0.5832246598654467,0.6472808667487531,0.6767336119250839,0.7628561888474943,0.8573548971311767,0.6970586837748741,0.7755089996804542,0.6459139994994366,0.6770781439127189,0.5687423644647341,0.6981844184115163,0.6759136942498306,0.6129134425454169,0.7682437387032555,0.6707902397494544,0.7392812460585001,0.5496837705456263,0.5738693655875828,0.6010512918687194,0.6682085305572714,0.653856914644441,0.6893102615090312,0.5983305034858061,0.5296987842523365,0.636897072464913,0.6831193906565863,0.6855451670268203,0.6168519667497923,0.6487988855781459,0.7006469915753071,0.640098417014214,0.5813095887044709,0.644783081793293,0.715246490724823,0.6827053660990793,0.6402257675289602,0.7179214207571473,0.7402894860281032,0.639834776736781,0.7196246855867865,0.7109781423128174
CZE,0.7922667999145674,0.6396871335314919,0.5526473802103359,0.448573415812337,0.3518398144566434,0.41749146189550196,0.6691854873431216,0.4242232261571627,0.5559729706187897,0.5700083491271215,0.9402703060454648,0.507299318249573,0.5240403794731738,0.5682385504094868,0.5872681301491435,0.6574703440899633,0.6795449849280277,0.7406007582477132,0.5800566329549712,0.5383201906476007,0.5989006370557771,0.0,0.3936654900956476,0.522975973808873,0.6974407907506768,0.36427983576092604,0.44934072559165766,0.4760658219789412,0.3977269585771598,0.42596724851512746,0.5573994674959495,0.6781209634879933,0.4874882704060614,0.38340197779269003,0.6132062444912293,0.6067474643041855,0.5806366591460606,0.6528616957829432,0.5479410087397003,0.37996018146018695,0.6413395333442025,0.4997889040780286,0.7254022207686425,0.8419771983503973,0.5518265881559533,0.7788499111522313,0.5145134302834066,0.6783798562448565,0.4652858684774393,0.6472015444813005,0.5268022299170976,0.5812893360040738,0.7448524199887102,0.6006058808525747,0.7337982293981135,0.4228500399485314,0.5182946736127871,0.4916978780349087,0.6028989862696178,0.5882432399746317,0.6519302716146074,0.3532448289174906,0.3802358018403052,0.46018023144627757,0.5320889142055542,0.6528422224027912,0.5974010263159028,0.6562425089368491,0.7905627363641369,0.3825538949900103,0.3577540373064805,0.40855853453876384,0.614284952421599,0.6256580447080694,0.4781784439262886,0.592478465109523,0.6469903348097189,0.49395627429030387,0.671895501889618,0.5690477199166467
DEU,0.7979795041226302,0.645404734013477,0.5492293227726206,0.49749982071868465,0.3758052772062898,0.3897636459058782,0.6890928019091085,0.49717214212659555,0.568331301365964,0.5420223621937622,0.9371632403112992,0.4812710866681831,0.4836039777789657,0.5557153916016286,0.5881877793156459,0.6572566153281928,0.7057086025441653,0.7622767739301615,0.5772257748675323,0.5565189636474779,0.6207003422553589,0.3936654900956476,0.0,0.48572925354445534,0.689540973131476,0.4088872992990469,0.49015590962326117,0.4528254155846033,0.36566960827227085,0.4085411841324416,0.53390441978533,0.6733740138297704,0.5198992992851984,0.3892844677621314,0.6297810506052891,0.6295567912281625,0.5644180809989126,0.6264249186061519,0.4864063528846351,0.365427206512319,0.6467223934524453,0.44515696223039025,0.7317850687571789,0.8624693692890422,0.492413616804802,0.8178375436604954,0.5525383473571616,0.6557269401061243,0.5545405209807809,0.6453361287403117,0.5183019831864507,0.5954599824707634,0.7590315150159538,0.6273116692600668,0.7634083880814033,0.4249764012468685,0.5125926958262752,0.5229973363236933,0.6033198342605254,0.5810259133674647,0.6735662305680349,0.44421778994725314,0.4235064080218883,0.5354036930576096,0.5392903382889406,0.6480250768489784,0.6345565382488322,0.6224191272156385,0.7926214192510812,0.46234533781268955,0.44484762344231554,0.40550507901496025,0.6205871895732813,0.6448587719916049,0.5118088531321011,0.5478275758889228,0.6659841886621548,0.4260793723541257,0.7038897234330138,0.5794720522569371
DNK,0.7764637890832091,0.655046089727953,0.5724502070610835,0.5044370739889864,0.48912826802686543,0.4648757726879703,0.6522547241191765,0.5382665149222094,0.582498345161882,0.6011319379705949,0.9297518082937319,0.5162130073154674,0.5077168673665715,0.5828163786320147,0.6745921165171634,0.6631072530186769,0.6470202962735947,0.7388159841354068,0.5703142795312536,0.5059372302257696,0.5666293229778738,0.522975973808873,0.48572925354445534,0.0,0.6789265840074938,0.49701451827525456,0.49019061805487346,0.4955608729285451,0.46907530027693123,0.4515122259465448,0.4933445807272269,0.6228635130826783,0.513569588155448,0.47727326975909257,0.6387506226593402,0.6667763958891788,0.5554159909292926,0.6143538421733106,0.5306829049082196,0.44657651547220906,0.6400537636342213,0.5517614411060524,0.7199122397717164,0.8541849636687213,0.6119800056411037,0.7794996384646548,0.5604499816062324,0.6866901410858286,0.5751706581133468,0.689649337831456,0.584847100927574,0.6095155929731532,0.7469627277867359,0.6413017465324066,0.7068646156700329,0.42720754380131337,0.4294232234241075,0.5044793200785388,0.5987923528065268,0.5920654593568896,0.6537677258571446,0.5153370461522382,0.4783915138561919,0.5781001750417345,0.5982855894917972,0.6323303102659203,0.6156474417955631,0.583065729929539,0.7907095541635334,0.5948938395706096,0.5091694085323744,0.49805618048750905,0.6628507889264678,0.6488400085769495,0.5820428368077162,0.6369081632374808,0.678657933594081,0.4842062158076835,0.6987016321260685,0.6225029434039296
EGY,0.7328029639376528,0.7000398147282235,0.5455879550495183,0.690556487389443,0.6752011169181551,0.6597277259324528,0.6901559707115458,0.642738906893301,0.5869213957568447,0.5876004200610436,0.8774766206076148,0.6519944384977728,0.7218711056711503,0.7126203258286491,0.5920438523873471,0.6914212385090139,0.6694398708479349,0.7220159430383543,0.5850430618342801,0.662326978681072,0.7195428687338178,0.6974407907506768,0.689540973131476,0.6789265840074938,0.0,0.6567762093158739,0.6714910030954053,0.6994105155680496,0.6903913637431249,0.6971982012780938,0.6613972918705073,0.8291993509637889,0.6453912943737974,0.6676677316756691,0.5867095182984043,0.6097593941538566,0.7654017047370472,0.7276020620522807,0.719046710190881,0.6599992962327502,0.597037611629202,0.6729411006370378,0.7148417352998877,0.7999751133853142,0.677879617981337,0.736502929095515,0.6527096437292196,0.8473228012830142,0.718582868115329,0.6046244575458702,0.5908679646901219,0.7664290071271805,0.717989139586412,0.6026046028094942,0.7871804923141122,0.6901050020151022,0.6979729496002781,0.6797034804993979,0.5540467321856211,0.5942661943162383,0.6681399478426807,0.6703570918619036,0.647169573132172,0.6231700821300648,0.562059176788552,0.6308041080862482,0.6584492482787825,0.7541374318368894,0.8528068741152531,0.698206953236298,0.7166643846716254,0.7104615613423791,0.5993956977576744,0.6526352703921133,0.5649659023463204,0.6694650195314784,0.6420548750831025,0.6792455835684447,0.6214865714260296,0.657367403287418
ESP,0.778103172864024,0.6071441992354113,0.5088145885419052,0.40893584694867646,0.35903198715249746,0.34104818221111177,0.6401168970050016,0.39592089250574497,0.5164285088501849,0.533217141835911,0.9380665766645644,0.4881723699228645,0.5158076558515232,0.548216852485657,0.5983856197570612,0.6342451970734609,0.6519963805182036,0.6986756249243365,0.5192625835018976,0.4805743747522084,0.5430514718559651,0.36427983576092604,0.4088872992990469,0.49701451827525456,0.6567762093158739,0.0,0.4567029330504694,0.4672467382036243,0.3558664278110142,0.38242513406941014,0.5049685804797572,0.6753417824199767,0.42245536037679265,0.41105553608076606,0.5849703315260866,0.5920671214063384,0.5384283046666589,0.5903774144011646,0.5303431940297376,0.33100467202640754,0.5889164925383188,0.4926017882104504,0.7195859578928719,0.83818086733664,0.5508454271334213,0.7716849610839601,0.49225671372534835,0.6717429098002197,0.459624259602328,0.6004129711657282,0.5100376878559312,0.5570128129598451,0.7312936414057768,0.6107807959083702,0.722047900532493,0.39345203260148465,0.5013864758200277,0.4744495732532713,0.5776352707515667,0.5253191128356243,0.6184427462704079,0.3731776084410525,0.3000946135352069,0.4553364945677657,0.5193999751045818,0.5831025399035972,0.5368857305064962,0.6404049407453878,0.7718960371640851,0.4237498206963583,0.3558684817255091,0.45849299956840456,0.5951409595026248,0.6083212902696005,0.42638759850426106,0.577324286347837,0.6445733877372605,0.49583699629246775,0.6543523371263131,0.568911120591724
EST,0.7777702081953713,0.6688297701632635,0.5681234805010336,0.5044576561335221,0.4426752920499076,0.4693484824598981,0.6254460191296386,0.48869051631137417,0.563671571002595,0.6086108870371907,0.9372754067285108,0.520184203402024,0.534056362952008,0.5432763992457462,0.6625640891701782,0.6025960071936534,0.6069300810416414,0.720411441615319,0.5717499373979326,0.5053537333958922,0.5353319993457849,0.44934072559165766,0.49015590962326117,0.49019061805487346,0.6714910030954053,0.4567029330504694,0.0,0.4649421311391943,0.46436792777278035,0.4878481870478654,0.5299593732160497,0.6696100087967987,0.4760795823214074,0.45990707761854016,0.6004962663699938,0.6469212614607224,0.5862788188788184,0.6307749664920577,0.5726305191394516,0.4490129710640176,0.6229135664055455,0.5796772452791147,0.7051651328915965,0.8359530633844873,0.6274788214138687,0.7342636072995485,0.4694935509637473,0.688697703366084,0.38572162237724916,0.6547809903835304,0.5760456825373229,0.5566941059477324,0.7217741317779792,0.6168201627860821,0.7126822869247018,0.46673054109860684,0.4947116280190329,0.5128154938800896,0.5768866820333816,0.5578075868556819,0.6158402140137068,0.4550046248248909,0.4310701835801363,0.5044340514275358,0.5571608813524787,0.6221664165933519,0.5597603789231089,0.6561139110373168,0.7565517047796542,0.5077748174228849,0.4613439356318235,0.4604313942451802,0.6333270008059936,0.6002506216672762,0.5270879825694952,0.6402785412844741,0.6617852762237042,0.5427920387886268,0.6535520115549514,0.6213707877200316
FIN,0.7990577730976037,0.6281488275698338,0.5908077500209147,0.5180371291804392,0.43574226220565915,0.45963277531932517,0.6884440757593023,0.5122224846466663,0.5748565292705301,0.5712142296181653,0.9215021940451015,0.4975309222371572,0.525159585223908,0.5489837731427047,0.6086578009676591,0.6346195599985737,0.6745978874616754,0.7639188525025956,0.5832360413424397,0.5415662240880197,0.627879407039319,0.4760658219789412,0.4528254155846033,0.4955608729285451,0.6994105155680496,0.4672467382036243,0.4649421311391943,0.0,0.4752789374046724,0.4903152639775311,0.5534833917128553,0.6648866812106369,0.5130761085240154,0.4567828680902304,0.6169632015455243,0.6388882847972556,0.5727845575793818,0.6448371788214461,0.5143115210580638,0.43742342147776997,0.6381017168550195,0.5074651420249834,0.7372440631146415,0.8492010525095904,0.5358425049067016,0.7992463733791573,0.5494982712520997,0.703945119134962,0.534583297003476,0.6708981644906983,0.5447194405095135,0.5896984984525908,0.7494521142371314,0.621565630853879,0.763954189663502,0.44333030896443376,0.5014329823927766,0.5359378742813262,0.619343697274587,0.5787534416021461,0.6580023107791668,0.44859747609771283,0.45977077170493263,0.5567569319095041,0.5667900892596712,0.6426482368949032,0.6288977810426931,0.5817385475632797,0.8077780742115422,0.5140858624783332,0.47741969840691423,0.4034197429305825,0.6217113936512998,0.6451664283951623,0.5346390857620964,0.5267917561828452,0.6696925556367228,0.4948038109024712,0.6951885172344953,0.5989872244355466
FRA,0.7638317821324628,0.6203299147284211,0.5493949456382988,0.4141112529876868,0.3462254688566684,0.3582081430116315,0.6521697050405022,0.4467455664857737,0.5679645123010048,0.5412653916396437,0.9338806436900009,0.4547217251174972,0.47126270455660174,0.5107006781308706,0.6531734514933893,0.6325942075054113,0.6651547640560581,0.7285951186817032,0.5360520254346829,0.47882879387440497,0.5756234110211348,0.3977269585771598,0.36566960827227085,0.46907530027693123,0.6903913637431249,0.3558664278110142,0.46436792777278035,0.4752789374046724,0.0,0.32729931365088927,0.49836174346342754,0.6343069360575382,0.46526019613435887,0.39892208159633785,0.6291112766357405,0.6259901885238397,0.5047812468639894,0.6011763353838,0.46640435593534046,0.34900915028191876,0.6394652735188716,0.5031413129853997,0.7054731402782825,0.84497661205482,0.5766451624406551,0.7726376676593706,0.4897555420171737,0.6238837273047947,0.4921442761161434,0.6347866861974527,0.5336049364797539,0.560294451557369,0.7433345243848217,0.6294142933282143,0.7147167853744386,0.3442607190928442,0.48662979149459323,0.44765589585702037,0.5898550860100358,0.5427696845985972,0.6268237500375049,0.42867999613934327,0.34335220158351965,0.4947821780872023,0.5360679769434148,0.6140274480060348,0.5675805733930258,0.6265680358337692,0.7573526488893039,0.44665103624911584,0.41856008345019935,0.43535295880019265,0.6316794005690204,0.6215459739435427,0.4767157232512409,0.5957130167667813,0.6535854314287881,0.42258010769020155,0.6860943478167391,0.5712321182346844
GBR,0.7579024048595067,0.6090179313475612,0.5448734284229454,0.38624474676864984,0.36688148087290545,0.380226730403897,0.6621346122040291,0.4951584627631584,0.6016826799583581,0.5542350117436263,0.9317844861860775,0.43750521828447203,0.4778126150595972,0.5391218427989374,0.6650020570031997,0.6726168712240007,0.662066345240034,0.7516869015726803,0.5336980254268388,0.5115027849264111,0.5612259189374369,0.42596724851512746,0.4085411841324416,0.4515122259465448,0.6971982012780938,0.38242513406941014,0.4878481870478654,0.4903152639775311,0.32729931365088927,0.0,0.5202381916266252,0.6218995046533279,0.4814145775839916,0.439167487190211,0.6358000078347437,0.6372966765473653,0.4848617768221063,0.5803978233667131,0.4830715732269172,0.38456982541594403,0.644857385794021,0.5262951001800156,0.6891400500096849,0.8675255637357027,0.6011468055490754,0.792111027357815,0.5056341940046011,0.6115851174682253,0.5193268065424705,0.679772684117947,0.5483227292815447,0.5430417660896779,0.76431051102083,0.6185908582263138,0.7286963352156353,0.33614928541098055,0.47336216969038414,0.455632725676186,0.5933961483178115,0.5520774257510749,0.6572473358395089,0.4629009974018659,0.3652259339499683,0.5206818435219349,0.5501667600119661,0.6132998492877951,0.6119248539149491,0.6216786435042853,0.7355984042482149,0.47217397471031325,0.4293938194819216,0.4737250868945787,0.653215006256623,0.6402155315640254,0.5173546525343732,0.6156469941580773,0.6851719701324975,0.4033286274054635,0.6908415323723851,0.5797428405168613
GRC,0.7759673371747912,0.6691778324837518,0.5950537478363855,0.5337036274719313,0.5208492389992785,0.5150800248811269,0.6448500345893229,0.5256315130129738,0.5781008034057611,0.6108317286853856,0.9207290740803428,0.5263600577819976,0.5584502838826277,0.5462746672658217,0.6836090827379832,0.6504915023123669,0.634167073574691,0.7322592176294151,0.5630128948471259,0.4887574245085417,0.5442226878646349,0.5573994674959495,0.53390441978533,0.4933445807272269,0.6613972918705073,0.5049685804797572,0.5299593732160497,0.5534833917128553,0.49836174346342754,0.5202381916266252,0.0,0.6574398689736236,0.5106543420311467,0.5191670267115893,0.6449300377266587,0.6641140208392042,0.61801199417553,0.6204138042453728,0.5287437745979628,0.5021004638459061,0.6253637550065607,0.5781991395873189,0.7021530530557258,0.8310954954186544,0.6178069299362206,0.7553114686909428,0.5610453129384814,0.7071230235723525,0.58042075934452,0.6475589587783511,0.5938372539166875,0.6326362756124189,0.7476141412607432,0.6780579733728561,0.721839804158684,0.4991944607179188,0.5290834962367927,0.5553718807713923,0.5999852971846091,0.5721548853576113,0.6566077931832263,0.5450991904935341,0.4951856659745881,0.583156786289559,0.5961975748618131,0.6322977430351598,0.5761975139268375,0.635691826635489,0.7865169508887844,0.6267747547485109,0.5443656909608983,0.5301773736644512,0.6641605290610583,0.6438333482561093,0.5565866073532129,0.6347710198875294,0.6922781911309506,0.525349222584738,0.689563012234886,0.6111148082426298
HKG,0.8564800742974833,0.726373359520147,0.7654222607072556,0.6703466623471546,0.6612140401492963,0.6623035391299323,0.7532457103981374,0.7192778942750482,0.7605132504832557,0.7471320997698229,0.9610319836664903,0.693465157965832,0.6313933534634544,0.7289325748858321,0.8254541501540735,0.8105851406478088,0.7957538677320054,0.8546321390190396,0.7397880490823348,0.635773752497293,0.6454315354775773,0.6781209634879933,0.6733740138297704,0.6228635130826783,0.8291993509637889,0.6753417824199767,0.6696100087967987,0.6648866812106369,0.6343069360575382,0.6218995046533279,0.6574398689736236,0.0,0.7028271592040747,0.6319335391663585,0.7714798208485961,0.7999369885571689,0.6697775326701493,0.6951828784272094,0.6401247983068306,0.6594711770990702,0.7767799293985338,0.6900178801172923,0.7960217708957317,0.913880462399201,0.7370630023826613,0.8404553924832594,0.7354224967712876,0.6398239767096714,0.7144185882830806,0.833367579195074,0.7146173739565198,0.6612507388915011,0.8646676171561019,0.7175691838978149,0.7920574518161105,0.6150206363311751,0.6664614327856878,0.6955114068669875,0.7580500690647203,0.7736686455020666,0.7212367361743933,0.6802463882903586,0.6418111740545724,0.7562986170839829,0.7561931826191827,0.6986330109187161,0.7728126155865759,0.6090415662838363,0.7472781559121502,0.6937719050648506,0.6706027801443856,0.6788700242935525,0.7665030708130696,0.7967861119269706,0.7536277864332434,0.6985217794380172,0.7903315435037084,0.663793475368382,0.8262087522793525,0.7584364564346148
HRV,0.7293462546101538,0.6177514747779521,0.5244171599549086,0.5037489622698407,0.4554318510906414,0.46857752020488536,0.6323926282405072,0.44989634695037606,0.523013738272129,0.5508764539780947,0.911909875509315,0.5239278211990878,0.5359949589512987,0.5346346634231446,0.6253512871157594,0.6331364655796649,0.6367509806745824,0.7080107976000141,0.529137176401534,0.4927509624694223,0.5853269558333654,0.4874882704060614,0.5198992992851984,0.513569588155448,0.6453912943737974,0.42245536037679265,0.4760795823214074,0.5130761085240154,0.46526019613435887,0.4814145775839916,0.5106543420311467,0.7028271592040747,0.0,0.4478894245335461,0.5722670135173289,0.5961464153806681,0.5780657530473469,0.6254324865646441,0.5711342360753987,0.44544230976533644,0.5762061206321032,0.5450847410313758,0.70513787359568,0.8173923293959641,0.5972803372377714,0.7084614574118145,0.48711483455023163,0.7114395068610725,0.5267655626444397,0.590078075514133,0.5445926642882639,0.6068425983283137,0.6970911032631746,0.6323108354132646,0.6944566877429488,0.46354776266487174,0.5103956594315947,0.49832226597147483,0.5469004969151692,0.5441403019128469,0.5865376321224931,0.4288595968171248,0.41656947859442134,0.4719098035369129,0.5067037127327173,0.5937100693541372,0.5476764991208732,0.6571346937461088,0.7674227511994957,0.505183693623163,0.44807779552037413,0.5236557104693832,0.5979456370187742,0.5986485632787785,0.49477204692466314,0.6008145031193788,0.6486375828257808,0.5366834729551576,0.625179279833505,0.5969125811512833
HUN,0.742707017785376,0.6242281342184037,0.4884655010374663,0.4880735075755617,0.4196770022324087,0.41057691195731183,0.6357298708675488,0.45703933297298577,0.4800823119609908,0.49885964204157424,0.9257474135920076,0.4579757090801327,0.4988976362841809,0.5363831635863355,0.57420759793499,0.606272695712322,0.6444570961689027,0.6899273419745704,0.5208407906480741,0.4744758713961616,0.6002201653264287,0.38340197779269003,0.3892844677621314,0.47727326975909257,0.6676677316756691,0.41105553608076606,0.45990707761854016,0.4567828680902304,0.39892208159633785,0.439167487190211,0.5191670267115893,0.6319335391663585,0.4478894245335461,0.0,0.5736339012384819,0.5746171376189639,0.520209001079223,0.6206213916523294,0.49371428505949855,0.3943788761115793,0.5819448897653138,0.46033254243937516,0.6991769084209548,0.8121269447331735,0.5087332243549694,0.7272866925745947,0.496836654277106,0.6687213071174674,0.5512836358819225,0.5712055828094006,0.45639303144970095,0.5709730422474177,0.6943879051615126,0.5727901600615202,0.6796832588644249,0.4220511976009391,0.5286756641966093,0.4806953172690159,0.5369578835003642,0.5426125290089822,0.5458544400582351,0.376899350812441,0.4050867244423365,0.47472452418623323,0.5052583380019174,0.6027231113083718,0.5598427883864243,0.6267027777028746,0.754529920091738,0.45074799985553715,0.4420338298841993,0.4233282203418871,0.5478379297373664,0.5869402527647678,0.4905549727076025,0.5303944418786203,0.6185631681091962,0.44046255046575816,0.6396678302418267,0.5318641160187825
IDN,0.7114910750944565,0.6699351743065931,0.5230830134655026,0.6017140559502886,0.6060534547249706,0.6269364199615675,0.6383761596623773,0.5785802327941918,0.48244652534679855,0.5424824787911238,0.8859449824112197,0.5865113204493794,0.6456654029426621,0.6436142406153359,0.515716533459442,0.6140492804805174,0.5878683477428428,0.6631849160016845,0.5275911043664144,0.5751311208659826,0.6860406819571124,0.6132062444912293,0.6297810506052891,0.6387506226593402,0.5867095182984043,0.5849703315260866,0.6004962663699938,0.6169632015455243,0.6291112766357405,0.6358000078347437,0.6449300377266587,0.7714798208485961,0.5722670135173289,0.5736339012384819,0.0,0.5457102904260117,0.6975264994945071,0.6914186054609518,0.6652569202990839,0.5868961960920185,0.5712991240094913,0.6012632735744148,0.7165377642656279,0.8076608550504123,0.5999914488450377,0.6819162488872041,0.6178670068828186,0.7883833236448365,0.6803796205898862,0.536214314974364,0.5217806748533654,0.7077333255249361,0.6495262240645567,0.5273726903255778,0.7136266690002165,0.6442299143346925,0.652115650633781,0.6070994030489087,0.5306977061143127,0.5274921218165732,0.5396444386149157,0.5422336968279959,0.5614812349935975,0.5436098565730357,0.5634359820685552,0.6026454920983478,0.6063374144572525,0.7192220881900248,0.8348126767973753,0.6361883842579845,0.6283739271955029,0.6457584291708862,0.4755478497021959,0.5917791390579578,0.505374608067818,0.6075625961611015,0.6419832644860862,0.6418588267911033,0.5438095923495134,0.6162123597684208
IND,0.7306478490219818,0.6732008290743682,0.5358999290098763,0.5906798608910023,0.6101961205459713,0.6059295654633742,0.6095280983790687,0.5178664957689091,0.5224822275826956,0.5598386036596982,0.89772374584833,0.5971420956189445,0.6901264125987907,0.6823421574657821,0.5373375963691704,0.6793071584834691,0.6611845240485441,0.6882537945447935,0.5759028557965875,0.6195036809337804,0.6898662430874104,0.6067474643041855,0.6295567912281625,0.6667763958891788,0.6097593941538566,0.5920671214063384,0.6469212614607224,0.6388882847972556,0.6259901885238397,0.6372966765473653,0.6641140208392042,0.7999369885571689,0.5961464153806681,0.5746171376189639,0.5457102904260117,0.0,0.6965316266252852,0.7075869149364941,0.6607125535488104,0.577565149042021,0.5887936992097843,0.6025878475162646,0.701928767866773,0.7355156836734063,0.6326973942277423,0.7140888861313598,0.6183671004921654,0.7679184010247384,0.6906624425178085,0.5623245006121916,0.5380582507546222,0.7341639632660687,0.617004616926656,0.5957924808522866,0.7478242294009255,0.6313163626869984,0.6733115840639933,0.6387423127927707,0.5194745195388654,0.5865891705305369,0.6111024973491443,0.5558279787345014,0.5933012046137986,0.5329283252251087,0.5613120310950037,0.6340110241124045,0.6257509876472448,0.7435066439536276,0.7990740395923684,0.6331337704450144,0.6272800800713145,0.6391768917880404,0.5663619086208355,0.6141770960831223,0.5074531706728218,0.6336426707283178,0.6176561876819234,0.6381230089872804,0.5707495164015733,0.612994755577693
IRL,0.8067406211892029,0.696933830969186,0.6007911947112826,0.5468281466711811,0.5510831671829968,0.5252972773585186,0.7094851188782266,0.6031455073361591,0.6394169265591203,0.6492093057939489,0.9576444929984774,0.5917714460625638,0.5089812547318744,0.5924357070180823,0.6966495206523489,0.7153554827647871,0.707357588773833,0.7518843386153644,0.6147379413714028,0.5810299616654001,0.6321383699920116,0.5806366591460606,0.5644180809989126,0.5554159909292926,0.7654017047370472,0.5384283046666589,0.5862788188788184,0.5727845575793818,0.5047812468639894,0.4848617768221063,0.61801199417553,0.6697775326701493,0.5780657530473469,0.520209001079223,0.6975264994945071,0.6965316266252852,0.0,0.5979044387013001,0.5392553541322579,0.5384880135088391,0.6961940346846273,0.6039347397196434,0.7607742036935302,0.8688861083461218,0.6417951795501088,0.8136040402862534,0.6097182735300569,0.6572568899543124,0.6287989478874232,0.7063934018303021,0.6087235866787833,0.5372226218250301,0.7828023022760592,0.6737189102421012,0.7425595631998047,0.5124813701667283,0.6065651152874008,0.5710914303136521,0.6794580803129786,0.6259349554595501,0.6531766244136322,0.5751333077275761,0.5243101373237925,0.6322417800713047,0.6882031774644333,0.7019732632061786,0.6409321128692579,0.6379347356813154,0.7598291239907649,0.6137453691027819,0.565603649238128,0.5924347975207856,0.659749016319535,0.6947952440516665,0.6346370260760985,0.6347025066634157,0.7245177594127797,0.5542763785936423,0.7173703435557368,0.6734731493340246
ISL,0.813045698616018,0.7340207325175088,0.6550489703364964,0.6001377314020383,0.6161141066060687,0.602972223635663,0.6587256706287016,0.6206022218138023,0.6296085910172974,0.6814820028790857,0.9607897685825819,0.6182374718006175,0.6551769798394026,0.6390711109462089,0.7342522023004457,0.7278443604950613,0.7062271483048904,0.7269048921665838,0.6374212264570576,0.6117914022130178,0.5986018401342357,0.6528616957829432,0.6264249186061519,0.6143538421733106,0.7276020620522807,0.5903774144011646,0.6307749664920577,0.6448371788214461,0.6011763353838,0.5803978233667131,0.6204138042453728,0.6951828784272094,0.6254324865646441,0.6206213916523294,0.6914186054609518,0.7075869149364941,0.5979044387013001,0.0,0.6363052081930339,0.6261777503683839,0.6519169790635183,0.6702451910465688,0.7569472283320889,0.851883021474049,0.7066103270996432,0.7947063608545125,0.6599476740303799,0.7016295258224677,0.6471246454674151,0.6878036430439453,0.6841737710705913,0.6428855878051863,0.7701005240899708,0.7012384978332125,0.7504822339306162,0.5938820593685294,0.6197208976379988,0.6069418829146407,0.6770762579387474,0.6172407118217875,0.6685869730167336,0.6439832662186789,0.5761900411460189,0.6750828494110083,0.6805627274230338,0.6946423501609904,0.6345335845026929,0.7377854644865522,0.7353579810373687,0.6854725099673171,0.6422263709021205,0.6647689242434176,0.70728332332171,0.6922619983421114,0.6511154247372074,0.7236155198367893,0.74470418839751,0.628830216078587,0.7213759453520734,0.6866775399844998
ISR,0.8038643343192027,0.6570291444817951,0.5665632898620745,0.5439902219192821,0.5107435018029484,0.48105972776549694,0.6925772922835576,0.566362871593723,0.6306748542840859,0.579858749367717,0.9215088588715473,0.5080063368505525,0.5100504778522628,0.5348429166099697,0.654887008019169,0.6783921437565885,0.7085532927579946,0.7671999992658525,0.568311804365461,0.5598086858540986,0.647849136915596,0.5479410087397003,0.4864063528846351,0.5306829049082196,0.719046710190881,0.5303431940297376,0.5726305191394516,0.5143115210580638,0.46640435593534046,0.4830715732269172,0.5287437745979628,0.6401247983068306,0.5711342360753987,0.49371428505949855,0.6652569202990839,0.6607125535488104,0.5392553541322579,0.6363052081930339,0.0,0.4860508873806202,0.631904746998676,0.5361686044979372,0.7300247942148939,0.8677045701798654,0.5699042998217948,0.8235292567710593,0.5955610310896896,0.6723615700753359,0.6424882922572073,0.6740934032743271,0.5455718131305425,0.6207778895066649,0.7755863805585365,0.6438396894377095,0.728283779464621,0.4426757498199298,0.5625165153148538,0.5430507925883444,0.6502825587254373,0.5941804050904474,0.6545849364001818,0.5623447019682032,0.5105066506812375,0.6274841148712528,0.6163876117715583,0.6302782552307024,0.6361412510598289,0.6027736748632974,0.8008411861728851,0.615880049507279,0.5523044577594143,0.5087635385246172,0.6538728527662252,0.6640713826461062,0.6066821147942258,0.5525818095138034,0.6974720602860278,0.4426211471690962,0.7250410096655561,0.6065362165689356
ITA,0.7864861565699888,0.6229114256071475,0.504054726424573,0.4473165423403853,0.34528972031607963,0.34751132036421395,0.6251734609175094,0.4172803912459157,0.5297654830285886,0.513160594263568,0.9309557620850674,0.4794754043458751,0.4960684185448844,0.5425944848263669,0.5743060073767756,0.6130811255084899,0.6558156186763416,0.7219967389008637,0.524573384589608,0.4869823867002113,0.5832246598654467,0.37996018146018695,0.365427206512319,0.44657651547220906,0.6599992962327502,0.33100467202640754,0.4490129710640176,0.43742342147776997,0.34900915028191876,0.38456982541594403,0.5021004638459061,0.6594711770990702,0.44544230976533644,0.3943788761115793,0.5868961960920185,0.577565149042021,0.5384880135088391,0.6261777503683839,0.4860508873806202,0.0,0.6072378968914235,0.4481719743907906,0.7069202031248892,0.8330942043648444,0.5177419612598508,0.7929675000963163,0.4926764115733806,0.6535198685499103,0.508197973105411,0.6303882484381387,0.4886233414842217,0.5752903624392566,0.7322607569222456,0.6077683572264362,0.7217601241693616,0.37430704171019424,0.48108517541136614,0.48991365846941376,0.5784613967363497,0.5284879309705679,0.633776003598137,0.38289856458773014,0.3400028350320912,0.4618018041539485,0.5202811727850366,0.5910260610648853,0.5722642753432268,0.6232574922829346,0.7752527130437982,0.44717585616458544,0.36835593500692426,0.42249662209411676,0.5946573176177452,0.5987924246199904,0.4348662909300183,0.5497487366987719,0.6396924812715113,0.44444456920649617,0.649199022209143,0.5600849838927688
JOR,0.7578728818515492,0.6650167564512334,0.5578058107564826,0.6185907281785356,0.6373949587203648,0.6038742350185048,0.6647285677138021,0.5590927986047128,0.5340752437313836,0.5877170416820436,0.8859089500202291,0.5840346072754701,0.6826950605348509,0.6419977501047117,0.6236397364475713,0.6217984173726886,0.6315207184829859,0.6867107430834073,0.5400597768279732,0.5970367412847607,0.6472808667487531,0.6413395333442025,0.6467223934524453,0.6400537636342213,0.597037611629202,0.5889164925383188,0.6229135664055455,0.6381017168550195,0.6394652735188716,0.644857385794021,0.6253637550065607,0.7767799293985338,0.5762061206321032,0.5819448897653138,0.5712991240094913,0.5887936992097843,0.6961940346846273,0.6519169790635183,0.631904746998676,0.6072378968914235,0.0,0.6322156047447796,0.7251457992147126,0.8323976818516889,0.6717164043330541,0.71956788277717,0.6172574602743871,0.7864658635538425,0.6836011881534975,0.56822206351516,0.5698345449924681,0.7149035103736938,0.735104827878476,0.6081601430125824,0.7235975724588902,0.6291460127317418,0.6513751530494735,0.6267374160332134,0.6164573336097271,0.5573969580095898,0.6172940745377276,0.5789511727100534,0.5805065847623004,0.6031380821731629,0.5828968905628215,0.6171967286667094,0.5656416721550109,0.7450026406874841,0.7995807905740459,0.6813530805732467,0.6461957464399416,0.6658400516492323,0.6029329993707858,0.6126473790730906,0.5830104491027814,0.6667423192085938,0.6526882624616115,0.6320728280711235,0.6439327428980618,0.6072606861776033
JPN,0.8111118774398094,0.6719513047613802,0.5423063957133094,0.5623341781668998,0.48926031654925983,0.48888399822526574,0.6906020103098496,0.5452158728229791,0.5604762174500613,0.541903704355998,0.9307050176939989,0.5185225792147319,0.5396275244130182,0.5987130208372583,0.5430078882252221,0.6671084348323406,0.7052616698949898,0.7399924794972182,0.5858672299546012,0.5613263283129191,0.6767336119250839,0.4997889040780286,0.44515696223039025,0.5517614411060524,0.6729411006370378,0.4926017882104504,0.5796772452791147,0.5074651420249834,0.5031413129853997,0.5262951001800156,0.5781991395873189,0.6900178801172923,0.5450847410313758,0.46033254243937516,0.6012632735744148,0.6025878475162646,0.6039347397196434,0.6702451910465688,0.5361686044979372,0.4481719743907906,0.6322156047447796,0.0,0.7288997594486558,0.8016753275764993,0.46179795973328513,0.8069372074026862,0.5893067232678353,0.7186082669843812,0.6382775690361289,0.6340252222839062,0.508305675863749,0.6343661954602032,0.7507348142837938,0.6255122715690112,0.7707807233615894,0.5336954434160271,0.588353029379767,0.6062085084445556,0.6106204835491322,0.5801808332554752,0.659380212630749,0.49738631978414516,0.5011715842828016,0.5566474949840297,0.5497742683027071,0.6271544292252039,0.6465681025760743,0.6360204560959635,0.8105724234910077,0.5398109536196366,0.5300415568884312,0.47484698759834293,0.5494326824565527,0.6672182871256952,0.5231369767373188,0.4912628960692307,0.6249605436163171,0.5144648782992913,0.6635174689771118,0.6013144265095629
KAZ,0.7339176669906484,0.734087461637853,0.6554379789569988,0.6362625798715816,0.706618065147157,0.7105166805156307,0.7205770799888531,0.6793942735962296,0.7290888636526086,0.6910049271333374,0.9020716504655818,0.6377995504137293,0.7432510572198486,0.7006205783706484,0.7578985661541774,0.759744629261699,0.6888544035016804,0.7126521048772402,0.6878825052124445,0.6794056698279792,0.7628561888474943,0.7254022207686425,0.7317850687571789,0.7199122397717164,0.7148417352998877,0.7195859578928719,0.7051651328915965,0.7372440631146415,0.7054731402782825,0.6891400500096849,0.7021530530557258,0.7960217708957317,0.70513787359568,0.6991769084209548,0.7165377642656279,0.701928767866773,0.7607742036935302,0.7569472283320889,0.7300247942148939,0.7069202031248892,0.7251457992147126,0.7288997594486558,0.0,0.8260878168944907,0.7975985291549638,0.7774754524483422,0.689554333688412,0.7998304678300675,0.7258381038775646,0.7479158964159672,0.6666893162228752,0.7904967826977402,0.7648770934670275,0.7162114752596858,0.7506697913043513,0.6832579018363252,0.7087231462069961,0.6758105156988363,0.6697199374692446,0.6426701579195209,0.7364409844769033,0.6890464889867514,0.7036508583093815,0.6823310717549022,0.6329837119122818,0.6495713987567657,0.7044989393773319,0.8151716114735272,0.8339997330388081,0.7492876671338907,0.7218717941766635,0.7284104149613728,0.7593058931886723,0.7356246829011412,0.6986858290229374,0.7866341323620368,0.6782827248187172,0.6821284399761421,0.7105233310902151,0.70115468517219
KHM,0.8100477698195236,0.8919507218594571,0.7773818362427911,0.8259994589655457,0.835630450133786,0.8395889990474538,0.6543928294322972,0.7541426633500783,0.7233565306651462,0.8349293774923504,0.9684720959093492,0.8352842403333139,0.8768049931034585,0.8573406121767432,0.7871191103567926,0.817799283135029,0.7920642610353277,0.7147601991333087,0.8180237044229743,0.8094440147134384,0.8573548971311767,0.8419771983503973,0.8624693692890422,0.8541849636687213,0.7999751133853142,0.83818086733664,0.8359530633844873,0.8492010525095904,0.84497661205482,0.8675255637357027,0.8310954954186544,0.913880462399201,0.8173923293959641,0.8121269447331735,0.8076608550504123,0.7355156836734063,0.8688861083461218,0.851883021474049,0.8677045701798654,0.8330942043648444,0.8323976818516889,0.8016753275764993,0.8260878168944907,0.0,0.828038354882486,0.7272888098490434,0.8235509969311089,0.904608910718534,0.8264835345039019,0.7357521639925583,0.8229391785454401,0.8803572346932187,0.6191207544466618,0.8228773684406478,0.7711425073110885,0.8581288884412044,0.8716702018948119,0.8092730955488174,0.6730300204529857,0.8048864666917721,0.7540634796685605,0.8148464013614859,0.8243880611397029,0.7613043289630946,0.807847415309743,0.8451822794937304,0.7534468288886504,0.914546515898966,0.8774161527635741,0.8459447060487971,0.8475459886289349,0.8393170372167393,0.804960893018532,0.7820312409109909,0.7464227462471488,0.8126667955649312,0.655252742925839,0.8586654797921659,0.7163086689558276,0.8389737953869852
KOR,0.8219786914037284,0.7042786999942376,0.5711428959429977,0.6376909840905277,0.5575688255221855,0.5674524424124268,0.6931174640274036,0.6035402806951847,0.5494878132123308,0.5631462710882794,0.9447961949465455,0.5964867611406978,0.5955004626300179,0.6277351974392907,0.4551011112085443,0.6977360998091591,0.74200152693863,0.7638521448729273,0.6190427635501105,0.6447123573584689,0.6970586837748741,0.5518265881559533,0.492413616804802,0.6119800056411037,0.677879617981337,0.5508454271334213,0.6274788214138687,0.5358425049067016,0.5766451624406551,0.6011468055490754,0.6178069299362206,0.7370630023826613,0.5972803372377714,0.5087332243549694,0.5999914488450377,0.6326973942277423,0.6417951795501088,0.7066103270996432,0.5699042998217948,0.5177419612598508,0.6717164043330541,0.46179795973328513,0.7975985291549638,0.828038354882486,0.0,0.8301868131316759,0.6552482558953684,0.7514322610109819,0.7036290849499719,0.6376175107417152,0.5178788094420806,0.646414218732293,0.7509271568182097,0.6092618399906682,0.8074445280635618,0.5925418998278733,0.6223082227158451,0.6516977166095871,0.6280389233478707,0.6334556980358692,0.66949884090594,0.5642919824881724,0.5678305082525946,0.6050522036902191,0.5974548769125437,0.7008220302238225,0.6868656994280612,0.6026562544460681,0.8462998582017391,0.5842497690698681,0.5944212554783852,0.558595297587762,0.5228753604326701,0.6743865599357993,0.540045731818701,0.41739439390743327,0.6792935550156309,0.5706366057778612,0.6588791165256812,0.6415435851617112
LAO,0.6951050869416672,0.8006327659610634,0.7202517496636901,0.7671724422978078,0.7724204011255906,0.803459668096201,0.6685998035177229,0.7122396415456523,0.6452214007844908,0.7405094839885172,0.910574975691973,0.7727331521682246,0.8006713665571398,0.7434031993035939,0.7611479524867614,0.7122632117702098,0.7169345650804217,0.7079662070427734,0.6986363222063593,0.699895158015987,0.7755089996804542,0.7788499111522313,0.8178375436604954,0.7794996384646548,0.736502929095515,0.7716849610839601,0.7342636072995485,0.7992463733791573,0.7726376676593706,0.792111027357815,0.7553114686909428,0.8404553924832594,0.7084614574118145,0.7272866925745947,0.6819162488872041,0.7140888861313598,0.8136040402862534,0.7947063608545125,0.8235292567710593,0.7929675000963163,0.71956788277717,0.8069372074026862,0.7774754524483422,0.7272888098490434,0.8301868131316759,0.0,0.7155699565330776,0.8543761831471139,0.7534775266038777,0.6642714393367553,0.7612919950236964,0.8135092444991603,0.6381786079693713,0.7431160898075584,0.7140341951345043,0.7985144454867932,0.8126727002766795,0.7097808763661744,0.6197358568225162,0.7283022954800316,0.634946778697864,0.7222119607712527,0.7413936165001511,0.6857950211017828,0.7277296201114879,0.7710015788475508,0.6965142717997229,0.8674953214022806,0.8201931947929079,0.7671681328754458,0.7952159176131114,0.8026104969732814,0.7144690422461254,0.7195846418615082,0.7107719016083414,0.8107524641078402,0.7195432118903397,0.8050217083966047,0.6089829527209963,0.7594366854047649
LTU,0.7599714457225745,0.6715709698886088,0.5402003950485718,0.5325986137593979,0.5108290908105216,0.4968864640884949,0.6551665435401051,0.4972742697446566,0.5549468052126275,0.546221479970117,0.9050922852563972,0.5471585739736451,0.5804944403805835,0.5590264555848684,0.6587592172987771,0.5862170380849709,0.6095422811468337,0.6867887358944162,0.5461930808541746,0.49988070496479825,0.6459139994994366,0.5145134302834066,0.5525383473571616,0.5604499816062324,0.6527096437292196,0.49225671372534835,0.4694935509637473,0.5494982712520997,0.4897555420171737,0.5056341940046011,0.5610453129384814,0.7354224967712876,0.48711483455023163,0.496836654277106,0.6178670068828186,0.6183671004921654,0.6097182735300569,0.6599476740303799,0.5955610310896896,0.4926764115733806,0.6172574602743871,0.5893067232678353,0.689554333688412,0.8235509969311089,0.6552482558953684,0.7155699565330776,0.0,0.734088719507078,0.5121117406754594,0.6162158564716521,0.5540082138160639,0.6333912667339512,0.719690344259551,0.6419625710378069,0.715792735919713,0.4942948400337272,0.5749217579679181,0.520324847803469,0.5680075767537959,0.5396495933185126,0.5955053558271823,0.4721987419288123,0.4722991955958442,0.5150456556414081,0.5345408040755286,0.6204796348174286,0.5543025878057339,0.6866887711980993,0.7747287481595687,0.5310374321708657,0.532977483182851,0.5485066407055742,0.6201658628215306,0.6048141301153162,0.4971536130988552,0.641722988301329,0.6227341183678513,0.5596656629248619,0.6332855477955266,0.5867576777303516
LUX,0.8636918506593806,0.7521384377667906,0.7441213962906755,0.6439170919861125,0.6403819354909713,0.641912172040186,0.7537880351354592,0.698095903173568,0.761133386555192,0.7320910614644047,0.9640943490367555,0.688549598352565,0.6733336237813924,0.7143435516833637,0.8237863438162446,0.7971354898573545,0.8125754646605693,0.8603670316015102,0.7400156956113224,0.6855188801222313,0.6770781439127189,0.6783798562448565,0.6557269401061243,0.6866901410858286,0.8473228012830142,0.6717429098002197,0.688697703366084,0.703945119134962,0.6238837273047947,0.6115851174682253,0.7071230235723525,0.6398239767096714,0.7114395068610725,0.6687213071174674,0.7883833236448365,0.7679184010247384,0.6572568899543124,0.7016295258224677,0.6723615700753359,0.6535198685499103,0.7864658635538425,0.7186082669843812,0.7998304678300675,0.904608910718534,0.7514322610109819,0.8543761831471139,0.734088719507078,0.0,0.7066144968358672,0.8143918375736765,0.757328498271039,0.7112629049426157,0.8536886491803818,0.7270179573411186,0.7948029780651474,0.6212137007870938,0.7009023195028481,0.7064754277355588,0.7640356345517674,0.7610897469386844,0.7789810631128202,0.6863264730354154,0.6384897729574905,0.7546844849685633,0.7418677963062131,0.7564442460982308,0.7702995810525556,0.7567720000260758,0.6747245422980559,0.6914842232544179,0.6583967664023426,0.6802536152546126,0.8084056207960123,0.7995553452928046,0.7293725907450757,0.7484019561521383,0.7946973161660766,0.6556479988321873,0.8208229865914081,0.7628415699817306
LVA,0.8003949144993823,0.6912840511353805,0.634405675341963,0.5088674190999073,0.44048811136392463,0.49593280671019124,0.6586910234167355,0.4866318124423592,0.6243015178989733,0.6759722473103065,0.9560501611855667,0.598505341337756,0.5631711069780472,0.5893775281829591,0.725113820173234,0.6520382520481826,0.6592300289635101,0.7508081618940742,0.6335761762384419,0.5691926768231079,0.5687423644647341,0.4652858684774393,0.5545405209807809,0.5751706581133468,0.718582868115329,0.459624259602328,0.38572162237724916,0.534583297003476,0.4921442761161434,0.5193268065424705,0.58042075934452,0.7144185882830806,0.5267655626444397,0.5512836358819225,0.6803796205898862,0.6906624425178085,0.6287989478874232,0.6471246454674151,0.6424882922572073,0.508197973105411,0.6836011881534975,0.6382775690361289,0.7258381038775646,0.8264835345039019,0.7036290849499719,0.7534775266038777,0.5121117406754594,0.7066144968358672,0.0,0.7006199140596814,0.6548367872445047,0.5842028508068069,0.761987407497736,0.6970885285833974,0.7256723670326445,0.5061535951492881,0.5601679484278425,0.5187860329731886,0.6358934901827223,0.625761672617024,0.6766989332928159,0.49387951273262276,0.4465422269625144,0.5225056156007444,0.5910880256830326,0.6763853188087238,0.5889938553986588,0.6916432318992282,0.776336687633368,0.4753169194997713,0.47867419775787834,0.5087009326911399,0.712061035585654,0.6698879076679938,0.5384901288635667,0.708800441698475,0.6904121644215053,0.6171956604590307,0.6947421221368817,0.6863174523404894
MAR,0.7188573142552439,0.7130773651920213,0.5279478061533235,0.6458181245799879,0.6580781915064935,0.626509201202732,0.6164878920338774,0.5644238413854733,0.4343058911395294,0.5674141281008691,0.8976083766056098,0.6139187367782247,0.691504681000794,0.646596009311283,0.5716682317803714,0.6133457726130545,0.633495980222779,0.6208969488008736,0.5537670640610237,0.5678420215250993,0.6981844184115163,0.6472015444813005,0.6453361287403117,0.689649337831456,0.6046244575458702,0.6004129711657282,0.6547809903835304,0.6708981644906983,0.6347866861974527,0.679772684117947,0.6475589587783511,0.833367579195074,0.590078075514133,0.5712055828094006,0.536214314974364,0.5623245006121916,0.7063934018303021,0.6878036430439453,0.6740934032743271,0.6303882484381387,0.56822206351516,0.6340252222839062,0.7479158964159672,0.7357521639925583,0.6376175107417152,0.6642714393367553,0.6162158564716521,0.8143918375736765,0.7006199140596814,0.0,0.5418953463606205,0.7531949358286989,0.6304500613241663,0.610477799283984,0.701002575110309,0.6593446964976761,0.708085922895707,0.6143558478603093,0.5312411250101129,0.5480127184160053,0.5286320398896964,0.5865985885141617,0.5879815324276596,0.5742394382288087,0.6097313023184745,0.6488760091246276,0.5138039801604856,0.7814234793331107,0.8330587090111365,0.6674532871165618,0.6711325733873563,0.6706097429734008,0.5627702420242225,0.5920591182980789,0.5320967149676995,0.6505221716867957,0.6199831064380316,0.6526468293426819,0.5683826920728737,0.605371198153977
MEX,0.7389628417421812,0.615772747786403,0.46240823878409076,0.5421043484483085,0.5312347715472298,0.5236621080646081,0.6631953922115049,0.5283184839545327,0.5088598597834129,0.4754138085935133,0.8952158052692585,0.4991999253191624,0.5655508206691527,0.584644047930488,0.4998753453410115,0.6348283326173914,0.6433352548461961,0.6661812520605929,0.519034347698587,0.5443797416479009,0.6759136942498306,0.5268022299170976,0.5183019831864507,0.584847100927574,0.5908679646901219,0.5100376878559312,0.5760456825373229,0.5447194405095135,0.5336049364797539,0.5483227292815447,0.5938372539166875,0.7146173739565198,0.5445926642882639,0.45639303144970095,0.5217806748533654,0.5380582507546222,0.6087235866787833,0.6841737710705913,0.5455718131305425,0.4886233414842217,0.5698345449924681,0.508305675863749,0.6666893162228752,0.8229391785454401,0.5178788094420806,0.7612919950236964,0.5540082138160639,0.757328498271039,0.6548367872445047,0.5418953463606205,0.0,0.6611868481668077,0.6977295990721479,0.5400659264662357,0.7237282166768274,0.5362905799069142,0.5896920687509444,0.5738267645218765,0.5563478331631977,0.5028604520090451,0.5687696808012045,0.4815078994442698,0.5171125891409818,0.5214209491347597,0.4997278020705243,0.5905339097628578,0.5928452054451553,0.6499175712227038,0.8345601955972278,0.565683041938643,0.5554733377852833,0.5529731784145481,0.509941752469082,0.6074611034537741,0.4868523347854141,0.5336430097003939,0.6091094898727518,0.5111921326796611,0.606315615204586,0.5628990935217347
MLT,0.8168890500076993,0.6941741836249646,0.6810134936643689,0.5913541412709095,0.5542650708361174,0.5805442856851464,0.7202517934064481,0.6199774242393632,0.681903083445171,0.6966198028977177,0.9590582041479008,0.6435916461635448,0.5660011430225186,0.6392033887408037,0.7187303122508085,0.7572693249386363,0.7377801868100087,0.8056389839242797,0.6431166932883663,0.6304174190977501,0.6129134425454169,0.5812893360040738,0.5954599824707634,0.6095155929731532,0.7664290071271805,0.5570128129598451,0.5566941059477324,0.5896984984525908,0.560294451557369,0.5430417660896779,0.6326362756124189,0.6612507388915011,0.6068425983283137,0.5709730422474177,0.7077333255249361,0.7341639632660687,0.5372226218250301,0.6428855878051863,0.6207778895066649,0.5752903624392566,0.7149035103736938,0.6343661954602032,0.7904967826977402,0.8803572346932187,0.646414218732293,0.8135092444991603,0.6333912667339512,0.7112629049426157,0.5842028508068069,0.7531949358286989,0.6611868481668077,0.0,0.8018131247092785,0.6848013682811797,0.8104446071108086,0.5627443916979373,0.6200929328027422,0.6162937637663395,0.6976604727704014,0.6763211434608541,0.6776695032770694,0.6152003337011382,0.530867182153006,0.6357583891789368,0.6853135839575657,0.7257339197595817,0.68590163663571,0.6286933036791457,0.7747648092507436,0.5746796373619899,0.5873293654204825,0.6148687268199438,0.6559836946535136,0.7173199115316219,0.6399402939627242,0.6350807651961291,0.781441806497367,0.6344273301917518,0.7177430830025967,0.7109079033144555
MMR,0.7134943375857218,0.7814273720349993,0.6517559057795739,0.7186673956722636,0.7454822541917928,0.7411353468256386,0.5401861868860057,0.6628396386766904,0.5568701252619087,0.7103713893014185,0.9203785177655868,0.7177495892467085,0.7794484392048692,0.7467666959754931,0.6703133807275529,0.7329998871742976,0.7071382450850391,0.646050288605986,0.698000622426332,0.7097865313548604,0.7682437387032555,0.7448524199887102,0.7590315150159538,0.7469627277867359,0.717989139586412,0.7312936414057768,0.7217741317779792,0.7494521142371314,0.7433345243848217,0.76431051102083,0.7476141412607432,0.8646676171561019,0.6970911032631746,0.6943879051615126,0.6495262240645567,0.617004616926656,0.7828023022760592,0.7701005240899708,0.7755863805585365,0.7322607569222456,0.735104827878476,0.7507348142837938,0.7648770934670275,0.6191207544466618,0.7509271568182097,0.6381786079693713,0.719690344259551,0.8536886491803818,0.761987407497736,0.6304500613241663,0.6977295990721479,0.8018131247092785,0.0,0.7179037982999527,0.67719741805906,0.7487584206319818,0.7528889485823176,0.6797127984045133,0.4616542933964202,0.6671543868319799,0.608223104401858,0.6928795041598108,0.7171793947539721,0.6493255508863492,0.7249722874644229,0.7504747269190435,0.6729261943093857,0.8262541624720349,0.8471769685569409,0.7632578384389049,0.7478131295215475,0.7532981181888587,0.6739030301957486,0.6523525761116008,0.6461121931340298,0.7585047003872639,0.6532875353424287,0.7595526588692024,0.5456589126867873,0.7410621708010667
MYS,0.73315449127799,0.6713376407182546,0.5346673553007969,0.6161287231293284,0.6290003900147751,0.6239180990672196,0.6882541153811147,0.6044154451605797,0.5587753026478607,0.5639229656684257,0.8988789183485325,0.5945174062545288,0.6627949716318186,0.6694092366840654,0.5812475544572168,0.6668885399728505,0.6377102954004168,0.7024763229615547,0.579675488570655,0.6155079315786316,0.6707902397494544,0.6006058808525747,0.6273116692600668,0.6413017465324066,0.6026046028094942,0.6107807959083702,0.6168201627860821,0.621565630853879,0.6294142933282143,0.6185908582263138,0.6780579733728561,0.7175691838978149,0.6323108354132646,0.5727901600615202,0.5273726903255778,0.5957924808522866,0.6737189102421012,0.7012384978332125,0.6438396894377095,0.6077683572264362,0.6081601430125824,0.6255122715690112,0.7162114752596858,0.8228773684406478,0.6092618399906682,0.7431160898075584,0.6419625710378069,0.7270179573411186,0.6970885285833974,0.610477799283984,0.5400659264662357,0.6848013682811797,0.7179037982999527,0.0,0.728021827285162,0.6095520416860306,0.63828481454923,0.6419441620093589,0.5953257966553568,0.5952785318275742,0.5751516915340803,0.5734570237571956,0.6003842475584176,0.6116342030162467,0.5794727922200438,0.6230891603319735,0.6295928365296793,0.6983056232463926,0.8001604279220049,0.6333344780336672,0.6511130072508283,0.6402630672862958,0.5456926353633714,0.6307586001410037,0.6058746642259719,0.6032170765433941,0.6180071607713745,0.6227018375103979,0.6234534004112745,0.6419012836183093
NGA,0.7680409146923869,0.7925997367242572,0.6669092962944164,0.703599533815958,0.7384023004259345,0.7219169369852384,0.6790527495769335,0.6637891581592437,0.6377021131402355,0.7426402431438477,0.9535198952171912,0.7016950786166294,0.7530160629282167,0.7376126186899358,0.7866009838914745,0.709368726067634,0.6891963080005765,0.6706624682586341,0.6853553599645482,0.6625243524293433,0.7392812460585001,0.7337982293981135,0.7634083880814033,0.7068646156700329,0.7871804923141122,0.722047900532493,0.7126822869247018,0.763954189663502,0.7147167853744386,0.7286963352156353,0.721839804158684,0.7920574518161105,0.6944566877429488,0.6796832588644249,0.7136266690002165,0.7478242294009255,0.7425595631998047,0.7504822339306162,0.728283779464621,0.7217601241693616,0.7235975724588902,0.7707807233615894,0.7506697913043513,0.7711425073110885,0.8074445280635618,0.7140341951345043,0.715792735919713,0.7948029780651474,0.7256723670326445,0.701002575110309,0.7237282166768274,0.8104446071108086,0.67719741805906,0.728021827285162,0.0,0.713256183777042,0.7374737923519341,0.662009646716908,0.6567612458855813,0.6860495737492343,0.6028618591505225,0.6855117833473028,0.7076222653932384,0.6810016374232865,0.7417372684126919,0.7276031939869898,0.6407600066959468,0.8405890054967072,0.8228550504329705,0.7761409687579247,0.7389363545855225,0.7512178038908786,0.7412133369749832,0.7230166660608495,0.7156147385673169,0.7988535340886495,0.7055979942114282,0.7041311558827058,0.7289801590407889,0.7419014407297352
NLD,0.7707924188554444,0.6067250409716826,0.5471505639953536,0.39568737626598277,0.40531927941164725,0.36001383013229227,0.6571807499075354,0.46173904683891986,0.5814979144315785,0.5579475327417585,0.930478494502055,0.43692846038796374,0.48585989594297463,0.5194620369051032,0.6735877659595774,0.6590061202772891,0.6633763312344177,0.7347326521392786,0.5536227251282081,0.46545292467806815,0.5496837705456263,0.4228500399485314,0.4249764012468685,0.42720754380131337,0.6901050020151022,0.39345203260148465,0.46673054109860684,0.44333030896443376,0.3442607190928442,0.33614928541098055,0.4991944607179188,0.6150206363311751,0.46354776266487174,0.4220511976009391,0.6442299143346925,0.6313163626869984,0.5124813701667283,0.5938820593685294,0.4426757498199298,0.37430704171019424,0.6291460127317418,0.5336954434160271,0.6832579018363252,0.8581288884412044,0.5925418998278733,0.7985144454867932,0.4942948400337272,0.6212137007870938,0.5061535951492881,0.6593446964976761,0.5362905799069142,0.5627443916979373,0.7487584206319818,0.6095520416860306,0.713256183777042,0.0,0.42018323258931345,0.44648593307997353,0.6000570374422655,0.5525814818546221,0.6328034163738361,0.4379063383337133,0.37656844391501787,0.5350795754544598,0.5461567236331644,0.5837066439935682,0.5855555334301914,0.5946148076830053,0.7527246735542341,0.4801025771408923,0.4173829920699198,0.4575139413298995,0.6601124228677037,0.622874075167007,0.5333590538160644,0.5847601894654954,0.664572728611509,0.40830950740666716,0.6968910708541394,0.570102633558361
NOR,0.7551539714074534,0.5947851172590968,0.6024030783517929,0.48568181165054164,0.4977606360167481,0.4868610869876726,0.671469551690288,0.538864019602718,0.6217802339026435,0.6220618587420571,0.9250868044565014,0.5033893037169282,0.5589190912254343,0.5729681409558623,0.6898235219177337,0.683016933480206,0.6591682890245902,0.7520671304995021,0.6075306376763121,0.551802483207175,0.5738693655875828,0.5182946736127871,0.5125926958262752,0.4294232234241075,0.6979729496002781,0.5013864758200277,0.4947116280190329,0.5014329823927766,0.48662979149459323,0.47336216969038414,0.5290834962367927,0.6664614327856878,0.5103956594315947,0.5286756641966093,0.652115650633781,0.6733115840639933,0.6065651152874008,0.6197208976379988,0.5625165153148538,0.48108517541136614,0.6513751530494735,0.588353029379767,0.7087231462069961,0.8716702018948119,0.6223082227158451,0.8126727002766795,0.5749217579679181,0.7009023195028481,0.5601679484278425,0.708085922895707,0.5896920687509444,0.6200929328027422,0.7528889485823176,0.63828481454923,0.7374737923519341,0.42018323258931345,0.0,0.52596676663661,0.6463874623655479,0.5880744487908858,0.6787818207546507,0.5339487913533095,0.5009134135742888,0.5822556414468067,0.5504013762350034,0.6232497738349826,0.6348522697959974,0.5962745215688467,0.7980503475801739,0.5951841990662947,0.5174181898482488,0.5020436972192204,0.6875995181036831,0.6396316195129603,0.6033635774457206,0.6407442855457078,0.696666372819982,0.513029502402611,0.7088752995887091,0.6283339217771643
NZL,0.7471999033659985,0.654937852609237,0.5428845317242919,0.4425336822597768,0.4544033785850004,0.4871375941697693,0.6242508012478407,0.4760255795528763,0.5500160121571109,0.5905129691623698,0.9295243400643942,0.49859330431667304,0.5446575678540221,0.4996671784437408,0.6557012223465543,0.6144431328057107,0.6270045262602219,0.65980806683535,0.542485455727982,0.5081693081784519,0.6010512918687194,0.4916978780349087,0.5229973363236933,0.5044793200785388,0.6797034804993979,0.4744495732532713,0.5128154938800896,0.5359378742813262,0.44765589585702037,0.455632725676186,0.5553718807713923,0.6955114068669875,0.49832226597147483,0.4806953172690159,0.6070994030489087,0.6387423127927707,0.5710914303136521,0.6069418829146407,0.5430507925883444,0.48991365846941376,0.6267374160332134,0.6062085084445556,0.6758105156988363,0.8092730955488174,0.6516977166095871,0.7097808763661744,0.520324847803469,0.7064754277355588,0.5187860329731886,0.6143558478603093,0.5738267645218765,0.6162937637663395,0.6797127984045133,0.6419441620093589,0.662009646716908,0.44648593307997353,0.52596676663661,0.0,0.5694105729522437,0.5440936364091448,0.5808250643199632,0.4829638187779605,0.4345816857817267,0.5125997195884107,0.5767927317308802,0.6386713954929227,0.5487887691007982,0.6918000760331544,0.7950322076613029,0.5521014156563566,0.5159757793761978,0.5136799211527323,0.6556868751372272,0.6295929959739982,0.5361875520390466,0.672907741177795,0.6560625052038683,0.49769137736333,0.6113492126923021,0.5773047587446699
PAK,0.6728349107873991,0.7140965802459472,0.4801650791052899,0.5888211077559173,0.5745432468186435,0.6045729867973799,0.5152786674565137,0.5393833276593875,0.41301023135431797,0.5585432929563997,0.9169690690555277,0.5758637180191174,0.6231584303063529,0.6351350094501338,0.5596410426270528,0.6526156280035578,0.6050493935124857,0.6225385529195512,0.5279431261326581,0.576575250246192,0.6682085305572714,0.6028989862696178,0.6033198342605254,0.5987923528065268,0.5540467321856211,0.5776352707515667,0.5768866820333816,0.619343697274587,0.5898550860100358,0.5933961483178115,0.5999852971846091,0.7580500690647203,0.5469004969151692,0.5369578835003642,0.5306977061143127,0.5194745195388654,0.6794580803129786,0.6770762579387474,0.6502825587254373,0.5784613967363497,0.6164573336097271,0.6106204835491322,0.6697199374692446,0.6730300204529857,0.6280389233478707,0.6197358568225162,0.5680075767537959,0.7640356345517674,0.6358934901827223,0.5312411250101129,0.5563478331631977,0.6976604727704014,0.4616542933964202,0.5953257966553568,0.6567612458855813,0.6000570374422655,0.6463874623655479,0.5694105729522437,0.0,0.5397378533644883,0.5383111751573464,0.5653546190630472,0.5465723711247128,0.5042619124039355,0.5483934440967119,0.622528745025705,0.5715443790322738,0.7233910128802303,0.7978278648436965,0.6108730825819172,0.6172815484330723,0.606215973899801,0.5471146412566785,0.5851221754617781,0.47870759019646336,0.6358327722133276,0.5648714494778155,0.5927915812639275,0.5230603144722158,0.623642384826745
PER,0.7348157791551022,0.6736732914176339,0.45674815456265505,0.5165826884935618,0.5627601747464747,0.545930032382375,0.6085006930150693,0.5314405307266662,0.5111824354019793,0.530857278108247,0.9118055109657881,0.49259367862450826,0.6276966357765115,0.5321144582791438,0.5883676128084002,0.5780926091465519,0.5396901802224485,0.5959702759926727,0.4659101795739309,0.5196379689768083,0.653856914644441,0.5882432399746317,0.5810259133674647,0.5920654593568896,0.5942661943162383,0.5253191128356243,0.5578075868556819,0.5787534416021461,0.5427696845985972,0.5520774257510749,0.5721548853576113,0.7736686455020666,0.5441403019128469,0.5426125290089822,0.5274921218165732,0.5865891705305369,0.6259349554595501,0.6172407118217875,0.5941804050904474,0.5284879309705679,0.5573969580095898,0.5801808332554752,0.6426701579195209,0.8048864666917721,0.6334556980358692,0.7283022954800316,0.5396495933185126,0.7610897469386844,0.625761672617024,0.5480127184160053,0.5028604520090451,0.6763211434608541,0.6671543868319799,0.5952785318275742,0.6860495737492343,0.5525814818546221,0.5880744487908858,0.5440936364091448,0.5397378533644883,0.0,0.5859776869663381,0.5237971256423885,0.5020861311031137,0.5389375775893859,0.5578589712716859,0.610672685861172,0.5020316968358982,0.7470558834169111,0.7993046876098063,0.6383760213837837,0.5814086126022979,0.6037352405288445,0.5519775874466549,0.5720333693066996,0.49132558539251214,0.6396743458003028,0.6315866389867892,0.5495250459872484,0.5883022449082065,0.563078602103389
PHL,0.7273730544761364,0.7212123965381184,0.5493428406013222,0.6330533592784766,0.6478588199983522,0.6392272846445646,0.6137929900062247,0.5597950799881509,0.47751636447912243,0.6004181357460885,0.9239597585934743,0.6338294758366466,0.6425962335752405,0.6094478757294781,0.6251905827561243,0.615487331422339,0.6207056030909271,0.5884996939384799,0.5606693326222986,0.5466046529661454,0.6893102615090312,0.6519302716146074,0.6735662305680349,0.6537677258571446,0.6681399478426807,0.6184427462704079,0.6158402140137068,0.6580023107791668,0.6268237500375049,0.6572473358395089,0.6566077931832263,0.7212367361743933,0.5865376321224931,0.5458544400582351,0.5396444386149157,0.6111024973491443,0.6531766244136322,0.6685869730167336,0.6545849364001818,0.633776003598137,0.6172940745377276,0.659380212630749,0.7364409844769033,0.7540634796685605,0.66949884090594,0.634946778697864,0.5955053558271823,0.7789810631128202,0.6766989332928159,0.5286320398896964,0.5687696808012045,0.6776695032770694,0.608223104401858,0.5751516915340803,0.6028618591505225,0.6328034163738361,0.6787818207546507,0.5808250643199632,0.5383111751573464,0.5859776869663381,0.0,0.5771069882412074,0.5985398796037419,0.5805844967471027,0.6211753645721847,0.6445140429487398,0.5387076523486678,0.7365284065281009,0.7922658616950139,0.6652200472138518,0.6790317158439978,0.6683892062040185,0.5494825934081583,0.603204816985137,0.5991987328755188,0.6497137117011345,0.6211141483913336,0.6623303278230889,0.5838189498906021,0.6391645784183508
POL,0.7712651064548213,0.6189978894447267,0.50421468211267,0.45147112331475675,0.4033903392298756,0.41765278059663186,0.6365934747917197,0.37375382744733415,0.48593754232453334,0.5197427036043666,0.9224302208926878,0.5009113179018098,0.5362955434834721,0.54673669663685,0.5723401266157504,0.5914075883992979,0.6302982898396103,0.6821642381347502,0.537873199891782,0.46803444449674547,0.5983305034858061,0.3532448289174906,0.44421778994725314,0.5153370461522382,0.6703570918619036,0.3731776084410525,0.4550046248248909,0.44859747609771283,0.42867999613934327,0.4629009974018659,0.5450991904935341,0.6802463882903586,0.4288595968171248,0.376899350812441,0.5422336968279959,0.5558279787345014,0.5751333077275761,0.6439832662186789,0.5623447019682032,0.38289856458773014,0.5789511727100534,0.49738631978414516,0.6890464889867514,0.8148464013614859,0.5642919824881724,0.7222119607712527,0.4721987419288123,0.6863264730354154,0.49387951273262276,0.5865985885141617,0.4815078994442698,0.6152003337011382,0.6928795041598108,0.5734570237571956,0.6855117833473028,0.4379063383337133,0.5339487913533095,0.4829638187779605,0.5653546190630472,0.5237971256423885,0.5771069882412074,0.0,0.38564974727336904,0.39896206815454677,0.4964582154052353,0.6183845091503428,0.5468543609115272,0.6644711414064549,0.7931230460318646,0.4217217164674837,0.3608545818548916,0.45195329806636436,0.5652249231363552,0.580254941507358,0.43984031743462954,0.5770568418620929,0.5843517204644574,0.5121074521867943,0.6225257491092473,0.5512645875584572
PRT,0.7550001584930053,0.6066589907560801,0.4984918168865413,0.40498216676782134,0.31258970681945775,0.3552731178438243,0.6013350406407544,0.40358433272934474,0.5056281506056017,0.5255634789368604,0.9343619487390329,0.47093448074528826,0.4811869068974177,0.5119834688500302,0.6049007053757102,0.6065317429650469,0.626188946458315,0.6997541417395478,0.49543605537268515,0.45925982859652265,0.5296987842523365,0.3802358018403052,0.4235064080218883,0.4783915138561919,0.647169573132172,0.3000946135352069,0.4310701835801363,0.45977077170493263,0.34335220158351965,0.3652259339499683,0.4951856659745881,0.6418111740545724,0.41656947859442134,0.4050867244423365,0.5614812349935975,0.5933012046137986,0.5243101373237925,0.5761900411460189,0.5105066506812375,0.3400028350320912,0.5805065847623004,0.5011715842828016,0.7036508583093815,0.8243880611397029,0.5678305082525946,0.7413936165001511,0.4722991955958442,0.6384897729574905,0.4465422269625144,0.5879815324276596,0.5171125891409818,0.530867182153006,0.7171793947539721,0.6003842475584176,0.7076222653932384,0.37656844391501787,0.5009134135742888,0.4345816857817267,0.5465723711247128,0.5020861311031137,0.5985398796037419,0.38564974727336904,0.0,0.45937811111668575,0.5247693203053946,0.5794479991594473,0.5167737953548333,0.6402757848104046,0.7463619988163089,0.40221039693312494,0.3630725711590391,0.4687093694296475,0.5860046008369745,0.5922519093802149,0.39573240491447875,0.5821768354826248,0.6541319049218526,0.4793548742976999,0.6228946882646461,0.5504090233074752
ROU,0.7293001713274748,0.6640147663844665,0.48718036385606417,0.49633050436570697,0.4706607746640023,0.5181140071281066,0.6019835366123367,0.4051937459446944,0.47485100555001797,0.5685622497215981,0.9355355212264825,0.5608239539304554,0.5899119638654416,0.5821193098793512,0.5513546434797535,0.6308777982354808,0.6167078527970679,0.6291623900921823,0.5275919880004551,0.548880890496094,0.636897072464913,0.46018023144627757,0.5354036930576096,0.5781001750417345,0.6231700821300648,0.4553364945677657,0.5044340514275358,0.5567569319095041,0.4947821780872023,0.5206818435219349,0.583156786289559,0.7562986170839829,0.4719098035369129,0.47472452418623323,0.5436098565730357,0.5329283252251087,0.6322417800713047,0.6750828494110083,0.6274841148712528,0.4618018041539485,0.6031380821731629,0.5566474949840297,0.6823310717549022,0.7613043289630946,0.6050522036902191,0.6857950211017828,0.5150456556414081,0.7546844849685633,0.5225056156007444,0.5742394382288087,0.5214209491347597,0.6357583891789368,0.6493255508863492,0.6116342030162467,0.6810016374232865,0.5350795754544598,0.5822556414468067,0.5125997195884107,0.5042619124039355,0.5389375775893859,0.5805844967471027,0.39896206815454677,0.45937811111668575,0.0,0.500334273753978,0.6326382968479252,0.546771345577268,0.7286533160130685,0.802075769372902,0.49812785673256826,0.4813494355978709,0.5451043280967984,0.5602829612870125,0.6011801367695674,0.4294643939958492,0.626766933173168,0.5961917966446738,0.5836365160021516,0.5733097744525402,0.5994443941652049
RUS,0.7156977837726319,0.5808003116441333,0.5144868271205884,0.5499944488778032,0.5053011881522812,0.5429594202204596,0.6628734653397109,0.5133230342148486,0.552060906382625,0.5071333455423224,0.8825478778004154,0.5193780838362352,0.6064814547961729,0.5991659378666562,0.5709254051485554,0.6401310448426196,0.6527384548060826,0.701377677202744,0.5658714560775143,0.5833213522043419,0.6831193906565863,0.5320889142055542,0.5392903382889406,0.5982855894917972,0.562059176788552,0.5193999751045818,0.5571608813524787,0.5667900892596712,0.5360679769434148,0.5501667600119661,0.5961975748618131,0.7561931826191827,0.5067037127327173,0.5052583380019174,0.5634359820685552,0.5613120310950037,0.6882031774644333,0.6805627274230338,0.6163876117715583,0.5202811727850366,0.5828968905628215,0.5497742683027071,0.6329837119122818,0.807847415309743,0.5974548769125437,0.7277296201114879,0.5345408040755286,0.7418677963062131,0.5910880256830326,0.6097313023184745,0.4997278020705243,0.6853135839575657,0.7249722874644229,0.5794727922200438,0.7417372684126919,0.5461567236331644,0.5504013762350034,0.5767927317308802,0.5483934440967119,0.5578589712716859,0.6211753645721847,0.4964582154052353,0.5247693203053946,0.500334273753978,0.0,0.6106735630779511,0.6115857374042384,0.6830709179953554,0.8136142549173309,0.5310474956540505,0.5782334722442012,0.5455696541469208,0.5731264760848845,0.6281402302381551,0.49519624125343104,0.59052178469488,0.5747790884490122,0.5543106469613528,0.6326066863171712,0.5731438212051313
SAU,0.7339089653965353,0.6575066792081595,0.5684920533646062,0.5839854658847293,0.6317885311469211,0.5901430319834645,0.6859269409435107,0.6073140756290738,0.659569538445255,0.5981458278966894,0.8955730667043362,0.5735389166676589,0.6456363531023346,0.6704277651897791,0.685709431623965,0.703281637380952,0.6628433109126884,0.7514239811582683,0.5828576978017103,0.5662485042688348,0.6855451670268203,0.6528422224027912,0.6480250768489784,0.6323303102659203,0.6308041080862482,0.5831025399035972,0.6221664165933519,0.6426482368949032,0.6140274480060348,0.6132998492877951,0.6322977430351598,0.6986330109187161,0.5937100693541372,0.6027231113083718,0.6026454920983478,0.6340110241124045,0.7019732632061786,0.6946423501609904,0.6302782552307024,0.5910260610648853,0.6171967286667094,0.6271544292252039,0.6495713987567657,0.8451822794937304,0.7008220302238225,0.7710015788475508,0.6204796348174286,0.7564442460982308,0.6763853188087238,0.6488760091246276,0.5905339097628578,0.7257339197595817,0.7504747269190435,0.6230891603319735,0.7276031939869898,0.5837066439935682,0.6232497738349826,0.6386713954929227,0.622528745025705,0.610672685861172,0.6445140429487398,0.6183845091503428,0.5794479991594473,0.6326382968479252,0.6106735630779511,0.0,0.6448299159741683,0.7218879547772872,0.7861552008950223,0.673357024126705,0.6345342486558065,0.6565842028828178,0.668718923652631,0.6627142023649981,0.6155311242459235,0.660079071895366,0.6614684793418859,0.6109428980274692,0.6834984586520635,0.6128874091120774
SEN,0.7634286866190739,0.7187280875936715,0.5260530929895252,0.5630392781953675,0.6015197824680542,0.5650263920577614,0.5994811757280368,0.5233745295975136,0.5148785196545406,0.6243358460248594,0.9372838292574418,0.5985537758588371,0.6572269037836749,0.5753978944780334,0.6567609032412512,0.5975842862324547,0.5689839668390834,0.5812276435864782,0.5281501624482815,0.5193898522501365,0.6168519667497923,0.5974010263159028,0.6345565382488322,0.6156474417955631,0.6584492482787825,0.5368857305064962,0.5597603789231089,0.6288977810426931,0.5675805733930258,0.6119248539149491,0.5761975139268375,0.7728126155865759,0.5476764991208732,0.5598427883864243,0.6063374144572525,0.6257509876472448,0.6409321128692579,0.6345335845026929,0.6361412510598289,0.5722642753432268,0.5656416721550109,0.6465681025760743,0.7044989393773319,0.7534468288886504,0.6868656994280612,0.6965142717997229,0.5543025878057339,0.7702995810525556,0.5889938553986588,0.5138039801604856,0.5928452054451553,0.68590163663571,0.6729261943093857,0.6295928365296793,0.6407600066959468,0.5855555334301914,0.6348522697959974,0.5487887691007982,0.5715443790322738,0.5020316968358982,0.5387076523486678,0.5468543609115272,0.5167737953548333,0.546771345577268,0.6115857374042384,0.6448299159741683,0.0,0.7755241290866565,0.8028084143829014,0.6531443981649367,0.6087029183910805,0.6449646842309148,0.640874236807658,0.5726146688518237,0.5572697511739684,0.6986057328384505,0.6252918464202448,0.6202798689612825,0.614916445103099,0.6133144517497021
SGP,0.8403989792071797,0.6437646749616314,0.7238787850818423,0.6663278138929999,0.6359844660016536,0.6015816721378581,0.7679099785185478,0.6908957351504781,0.7005873038774384,0.682169064310618,0.9056940425445922,0.6867732437742392,0.5439989015315443,0.7010013575405727,0.706825124725881,0.7789805464045387,0.7909436293444477,0.8728152714612597,0.7212218624025656,0.6703524762679228,0.6487988855781459,0.6562425089368491,0.6224191272156385,0.583065729929539,0.7541374318368894,0.6404049407453878,0.6561139110373168,0.5817385475632797,0.6265680358337692,0.6216786435042853,0.635691826635489,0.6090415662838363,0.6571346937461088,0.6267027777028746,0.7192220881900248,0.7435066439536276,0.6379347356813154,0.7377854644865522,0.6027736748632974,0.6232574922829346,0.7450026406874841,0.6360204560959635,0.8151716114735272,0.914546515898966,0.6026562544460681,0.8674953214022806,0.6866887711980993,0.7567720000260758,0.6916432318992282,0.7814234793331107,0.6499175712227038,0.6286933036791457,0.8262541624720349,0.6983056232463926,0.8405890054967072,0.5946148076830053,0.5962745215688467,0.6918000760331544,0.7233910128802303,0.7470558834169111,0.7365284065281009,0.6644711414064549,0.6402757848104046,0.7286533160130685,0.6830709179953554,0.7218879547772872,0.7755241290866565,0.0,0.8468594522548795,0.6562525036145873,0.6616759720800318,0.6259561106450283,0.6843628075597029,0.7685873287029655,0.6922084929601207,0.5528370215699809,0.7718143090575558,0.6567006528176323,0.7630686818012287,0.7415847708299365
STP,0.8656804587860875,0.8402668994951036,0.7943358901713485,0.7498218117236833,0.7802598484457819,0.7670609880222544,0.7796337409256602,0.7826618923988762,0.8076734539776224,0.8122799175742897,0.9635412591848678,0.7609638295628733,0.8079447167532483,0.8168378678318168,0.8760320703868791,0.8393657038931718,0.7989281099811107,0.8286468425642991,0.7921157887898749,0.7520246412855763,0.7006469915753071,0.7905627363641369,0.7926214192510812,0.7907095541635334,0.8528068741152531,0.7718960371640851,0.7565517047796542,0.8077780742115422,0.7573526488893039,0.7355984042482149,0.7865169508887844,0.7472781559121502,0.7674227511994957,0.754529920091738,0.8348126767973753,0.7990740395923684,0.7598291239907649,0.7353579810373687,0.8008411861728851,0.7752527130437982,0.7995807905740459,0.8105724234910077,0.8339997330388081,0.8774161527635741,0.8462998582017391,0.8201931947929079,0.7747287481595687,0.6747245422980559,0.776336687633368,0.8330587090111365,0.8345601955972278,0.7747648092507436,0.8471769685569409,0.8001604279220049,0.8228550504329705,0.7527246735542341,0.7980503475801739,0.7950322076613029,0.7978278648436965,0.7993046876098063,0.7922658616950139,0.7931230460318646,0.7463619988163089,0.802075769372902,0.8136142549173309,0.7861552008950223,0.8028084143829014,0.8468594522548795,0.0,0.7987919735946334,0.7766007644433158,0.8161130477982144,0.8257109414475933,0.7880053501002288,0.7884499971119032,0.8426391452006523,0.830044798646935,0.7736282706256725,0.8358121973700695,0.7968755488839109
SVK,0.7772592686695904,0.6295641148142364,0.5927830075355108,0.5231732362614664,0.3971400364770046,0.4643125349237797,0.7053945634059078,0.49383737120871046,0.600727865968202,0.5595111834612135,0.9292984031663425,0.5857279674927317,0.5319287467169148,0.6047847227496886,0.6207039059133242,0.6837362749568481,0.7317311612025319,0.7714659311307734,0.621593591097497,0.5880442587965012,0.640098417014214,0.3825538949900103,0.46234533781268955,0.5948938395706096,0.698206953236298,0.4237498206963583,0.5077748174228849,0.5140858624783332,0.44665103624911584,0.47217397471031325,0.6267747547485109,0.6937719050648506,0.505183693623163,0.45074799985553715,0.6361883842579845,0.6331337704450144,0.6137453691027819,0.6854725099673171,0.615880049507279,0.44717585616458544,0.6813530805732467,0.5398109536196366,0.7492876671338907,0.8459447060487971,0.5842497690698681,0.7671681328754458,0.5310374321708657,0.6914842232544179,0.4753169194997713,0.6674532871165618,0.565683041938643,0.5746796373619899,0.7632578384389049,0.6333344780336672,0.7761409687579247,0.4801025771408923,0.5951841990662947,0.5521014156563566,0.6108730825819172,0.6383760213837837,0.6652200472138518,0.4217217164674837,0.40221039693312494,0.49812785673256826,0.5310474956540505,0.673357024126705,0.6531443981649367,0.6562525036145873,0.7987919735946334,0.0,0.4196636044294265,0.491405847777524,0.6137982273919302,0.6634737771725087,0.47749928325617974,0.5886872621829474,0.6755992353464348,0.5757676242648067,0.6718649807706137,0.6274137154231367
SVN,0.8048129264100679,0.6495325657226074,0.5558096643437088,0.44442794140154107,0.3873708933955647,0.407793214419164,0.6476264037960648,0.42898042622227245,0.5843803294087747,0.5882493351357185,0.9552207901898209,0.5248873400706321,0.5264023534357806,0.5777517225937079,0.6360603251189558,0.6757317620685341,0.6923074294390669,0.7537736859161924,0.5929880157785216,0.5293666247358907,0.5813095887044709,0.3577540373064805,0.44484762344231554,0.5091694085323744,0.7166643846716254,0.3558684817255091,0.4613439356318235,0.47741969840691423,0.41856008345019935,0.4293938194819216,0.5443656909608983,0.6706027801443856,0.44807779552037413,0.4420338298841993,0.6283739271955029,0.6272800800713145,0.565603649238128,0.6422263709021205,0.5523044577594143,0.36835593500692426,0.6461957464399416,0.5300415568884312,0.7218717941766635,0.8475459886289349,0.5944212554783852,0.7952159176131114,0.532977483182851,0.6583967664023426,0.47867419775787834,0.6711325733873563,0.5554733377852833,0.5873293654204825,0.7478131295215475,0.6511130072508283,0.7389363545855225,0.4173829920699198,0.5174181898482488,0.5159757793761978,0.6172815484330723,0.5814086126022979,0.6790317158439978,0.3608545818548916,0.3630725711590391,0.4813494355978709,0.5782334722442012,0.6345342486558065,0.6087029183910805,0.6616759720800318,0.7766007644433158,0.4196636044294265,0.0,0.46005881011509375,0.6566461159622041,0.6292005458790894,0.4738465804437786,0.6212502031436209,0.6770096121289318,0.5176977011708852,0.691423698405006,0.6111721886371907
SWE,0.8058452169004928,0.655316251384607,0.5738581907819318,0.4998413357425701,0.3950884694099054,0.45845746310272123,0.6882431014385287,0.5004963082420029,0.5799456371011957,0.5809001767810565,0.9400944811708851,0.47100009028731943,0.4887852715147951,0.5400869883521915,0.6210488314884381,0.6393373846987156,0.6857661153153307,0.759605803146497,0.6124037820579087,0.5672424139389074,0.644783081793293,0.40855853453876384,0.40550507901496025,0.49805618048750905,0.7104615613423791,0.45849299956840456,0.4604313942451802,0.4034197429305825,0.43535295880019265,0.4737250868945787,0.5301773736644512,0.6788700242935525,0.5236557104693832,0.4233282203418871,0.6457584291708862,0.6391768917880404,0.5924347975207856,0.6647689242434176,0.5087635385246172,0.42249662209411676,0.6658400516492323,0.47484698759834293,0.7284104149613728,0.8393170372167393,0.558595297587762,0.8026104969732814,0.5485066407055742,0.6802536152546126,0.5087009326911399,0.6706097429734008,0.5529731784145481,0.6148687268199438,0.7532981181888587,0.6402630672862958,0.7512178038908786,0.4575139413298995,0.5020436972192204,0.5136799211527323,0.606215973899801,0.6037352405288445,0.6683892062040185,0.45195329806636436,0.4687093694296475,0.5451043280967984,0.5455696541469208,0.6565842028828178,0.6449646842309148,0.6259561106450283,0.8161130477982144,0.491405847777524,0.46005881011509375,0.0,0.6532915701551973,0.6498654390540007,0.5448127199923127,0.5803450116719815,0.6507474994876596,0.4607018024382235,0.7017410822944651,0.5933675404669546
THA,0.7432507276855934,0.6968047224242093,0.5327599751439326,0.6717512680614001,0.6166975144392234,0.6468505511853424,0.6496553261614529,0.5986477447790594,0.47948526705933436,0.5408160157662205,0.9154619863298884,0.6266665745458578,0.6487778796888857,0.6521297278418535,0.47671071088253514,0.6482960438907656,0.6381036297406679,0.6738277438365402,0.5639402410162969,0.6035734276417795,0.715246490724823,0.614284952421599,0.6205871895732813,0.6628507889264678,0.5993956977576744,0.5951409595026248,0.6333270008059936,0.6217113936512998,0.6316794005690204,0.653215006256623,0.6641605290610583,0.7665030708130696,0.5979456370187742,0.5478379297373664,0.4755478497021959,0.5663619086208355,0.659749016319535,0.70728332332171,0.6538728527662252,0.5946573176177452,0.6029329993707858,0.5494326824565527,0.7593058931886723,0.804960893018532,0.5228753604326701,0.7144690422461254,0.6201658628215306,0.8084056207960123,0.712061035585654,0.5627702420242225,0.509941752469082,0.6559836946535136,0.6739030301957486,0.5456926353633714,0.7412133369749832,0.6601124228677037,0.6875995181036831,0.6556868751372272,0.5471146412566785,0.5519775874466549,0.5494825934081583,0.5652249231363552,0.5860046008369745,0.5602829612870125,0.5731264760848845,0.668718923652631,0.640874236807658,0.6843628075597029,0.8257109414475933,0.6137982273919302,0.6566461159622041,0.6532915701551973,0.0,0.6156988613830015,0.5159904229579526,0.504125940359053,0.6511382196424521,0.6459301766770105,0.5401050346858944,0.6415060810643075
TUN,0.7419907052633136,0.7011545883163703,0.5671443621657796,0.6145825525386013,0.6389120847140302,0.6217444103795452,0.6271676386977958,0.5834256583546372,0.5738868408792034,0.6021722224507884,0.8941549631049851,0.6066945375115871,0.6866489182117751,0.6509837291776402,0.6284919541963925,0.6368876219205313,0.5660428393253172,0.6582244052065115,0.6171020855576336,0.6263196501506776,0.6827053660990793,0.6256580447080694,0.6448587719916049,0.6488400085769495,0.6526352703921133,0.6083212902696005,0.6002506216672762,0.6451664283951623,0.6215459739435427,0.6402155315640254,0.6438333482561093,0.7967861119269706,0.5986485632787785,0.5869402527647678,0.5917791390579578,0.6141770960831223,0.6947952440516665,0.6922619983421114,0.6640713826461062,0.5987924246199904,0.6126473790730906,0.6672182871256952,0.7356246829011412,0.7820312409109909,0.6743865599357993,0.7195846418615082,0.6048141301153162,0.7995553452928046,0.6698879076679938,0.5920591182980789,0.6074611034537741,0.7173199115316219,0.6523525761116008,0.6307586001410037,0.7230166660608495,0.622874075167007,0.6396316195129603,0.6295929959739982,0.5851221754617781,0.5720333693066996,0.603204816985137,0.580254941507358,0.5922519093802149,0.6011801367695674,0.6281402302381551,0.6627142023649981,0.5726146688518237,0.7685873287029655,0.7880053501002288,0.6634737771725087,0.6292005458790894,0.6498654390540007,0.6156988613830015,0.0,0.5625777946049646,0.6962110732559241,0.6403876189238648,0.6279470342521631,0.6355035092289363,0.6138697734890955
TUR,0.7359773884801311,0.6503455432066115,0.4702423511269793,0.5124364759385528,0.4344573222801575,0.48158355387639296,0.5503710180939295,0.42679513832309046,0.44735488996797407,0.5091984613162776,0.9217122718595675,0.5360516833374799,0.5769536929856072,0.5967619495248504,0.48116168522169717,0.6145260035385629,0.6188136014931213,0.6362893322988105,0.5056038339830417,0.5240527093046425,0.6402257675289602,0.4781784439262886,0.5118088531321011,0.5820428368077162,0.5649659023463204,0.42638759850426106,0.5270879825694952,0.5346390857620964,0.4767157232512409,0.5173546525343732,0.5565866073532129,0.7536277864332434,0.49477204692466314,0.4905549727076025,0.505374608067818,0.5074531706728218,0.6346370260760985,0.6511154247372074,0.6066821147942258,0.4348662909300183,0.5830104491027814,0.5231369767373188,0.6986858290229374,0.7464227462471488,0.540045731818701,0.7107719016083414,0.4971536130988552,0.7293725907450757,0.5384901288635667,0.5320967149676995,0.4868523347854141,0.6399402939627242,0.6461121931340298,0.6058746642259719,0.7156147385673169,0.5333590538160644,0.6033635774457206,0.5361875520390466,0.47870759019646336,0.49132558539251214,0.5991987328755188,0.43984031743462954,0.39573240491447875,0.4294643939958492,0.49519624125343104,0.6155311242459235,0.5572697511739684,0.6922084929601207,0.7884499971119032,0.47749928325617974,0.4738465804437786,0.5448127199923127,0.5159904229579526,0.5625777946049646,0.0,0.5661063268382279,0.5919058626260004,0.5737103069134252,0.5454227114375653,0.5698011683222343
TWN,0.8083502081461416,0.6594492222656302,0.5971245708611957,0.6569076299712425,0.5791504267668437,0.5777168670112851,0.7154528576770093,0.6062681320504189,0.5916469692972883,0.5699711534663165,0.9238065058767878,0.617579894745498,0.5891919934994021,0.6492246314381331,0.5021255242964041,0.7089522479571969,0.7536781944344639,0.784849595975689,0.621022900858203,0.625856950546246,0.7179214207571473,0.592478465109523,0.5478275758889228,0.6369081632374808,0.6694650195314784,0.577324286347837,0.6402785412844741,0.5267917561828452,0.5957130167667813,0.6156469941580773,0.6347710198875294,0.6985217794380172,0.6008145031193788,0.5303944418786203,0.6075625961611015,0.6336426707283178,0.6347025066634157,0.7236155198367893,0.5525818095138034,0.5497487366987719,0.6667423192085938,0.4912628960692307,0.7866341323620368,0.8126667955649312,0.41739439390743327,0.8107524641078402,0.641722988301329,0.7484019561521383,0.708800441698475,0.6505221716867957,0.5336430097003939,0.6350807651961291,0.7585047003872639,0.6032170765433941,0.7988535340886495,0.5847601894654954,0.6407442855457078,0.672907741177795,0.6358327722133276,0.6396743458003028,0.6497137117011345,0.5770568418620929,0.5821768354826248,0.626766933173168,0.59052178469488,0.660079071895366,0.6986057328384505,0.5528370215699809,0.8426391452006523,0.5886872621829474,0.6212502031436209,0.5803450116719815,0.504125940359053,0.6962110732559241,0.5661063268382279,0.0,0.6582691592726635,0.5878350399223445,0.6643618751349809,0.6324446263283728
UKR,0.760920959474444,0.7494255815680981,0.5623714983318482,0.6519727350250093,0.6466413282935454,0.6539156407660386,0.6601566386983612,0.5899925155451726,0.561999461713451,0.6330551427671769,0.9263749988933802,0.6284729497569457,0.6890286361339916,0.6795945013433744,0.6155368373123686,0.6766238180349707,0.6622283030727457,0.6476835965872263,0.6612043141215485,0.6386091584965319,0.7402894860281032,0.6469903348097189,0.6659841886621548,0.678657933594081,0.6420548750831025,0.6445733877372605,0.6617852762237042,0.6696925556367228,0.6535854314287881,0.6851719701324975,0.6922781911309506,0.7903315435037084,0.6486375828257808,0.6185631681091962,0.6419832644860862,0.6176561876819234,0.7245177594127797,0.74470418839751,0.6974720602860278,0.6396924812715113,0.6526882624616115,0.6249605436163171,0.6782827248187172,0.655252742925839,0.6792935550156309,0.7195432118903397,0.6227341183678513,0.7946973161660766,0.6904121644215053,0.6199831064380316,0.6091094898727518,0.781441806497367,0.6532875353424287,0.6180071607713745,0.7055979942114282,0.664572728611509,0.696666372819982,0.6560625052038683,0.5648714494778155,0.6315866389867892,0.6211141483913336,0.5843517204644574,0.6541319049218526,0.5961917966446738,0.5747790884490122,0.6614684793418859,0.6252918464202448,0.7718143090575558,0.830044798646935,0.6755992353464348,0.6770096121289318,0.6507474994876596,0.6511382196424521,0.6403876189238648,0.5919058626260004,0.6582691592726635,0.0,0.6584150622317333,0.6534711072258932,0.6495226842781618
USA,0.769301861302029,0.6508088016348312,0.51040175996802,0.47269786236783257,0.46700879533125367,0.4661593555657512,0.694422358246971,0.5554755659948836,0.6030554769373085,0.5429835237382293,0.9198686267365521,0.390594479227387,0.5319514187263985,0.5504958938205183,0.639126501876275,0.6650273300714591,0.6636226999526051,0.7455460719214486,0.545097505658073,0.5464141593784801,0.639834776736781,0.49395627429030387,0.4260793723541257,0.4842062158076835,0.6792455835684447,0.49583699629246775,0.5427920387886268,0.4948038109024712,0.42258010769020155,0.4033286274054635,0.525349222584738,0.663793475368382,0.5366834729551576,0.44046255046575816,0.6418588267911033,0.6381230089872804,0.5542763785936423,0.628830216078587,0.4426211471690962,0.44444456920649617,0.6320728280711235,0.5144648782992913,0.6821284399761421,0.8586654797921659,0.5706366057778612,0.8050217083966047,0.5596656629248619,0.6556479988321873,0.6171956604590307,0.6526468293426819,0.5111921326796611,0.6344273301917518,0.7595526588692024,0.6227018375103979,0.7041311558827058,0.40830950740666716,0.513029502402611,0.49769137736333,0.5927915812639275,0.5495250459872484,0.6623303278230889,0.5121074521867943,0.4793548742976999,0.5836365160021516,0.5543106469613528,0.6109428980274692,0.6202798689612825,0.6567006528176323,0.7736282706256725,0.5757676242648067,0.5176977011708852,0.4607018024382235,0.6459301766770105,0.6279470342521631,0.5737103069134252,0.5878350399223445,0.6584150622317333,0.0,0.7049256201722757,0.5356218362125006
VNM,0.7232967516167844,0.7203772944288579,0.5749083401445435,0.6594108031236696,0.6668701319059417,0.6828195680032157,0.5455541720987344,0.6034743613601101,0.5073750311334161,0.6258529285780471,0.9039206550789904,0.6785626711241152,0.7062158904450457,0.6424094032924234,0.5512857016377504,0.6550656981586405,0.653228513547376,0.6342967892864703,0.5929004713519848,0.6409098300835356,0.7196246855867865,0.671895501889618,0.7038897234330138,0.6987016321260685,0.6214865714260296,0.6543523371263131,0.6535520115549514,0.6951885172344953,0.6860943478167391,0.6908415323723851,0.689563012234886,0.8262087522793525,0.625179279833505,0.6396678302418267,0.5438095923495134,0.5707495164015733,0.7173703435557368,0.7213759453520734,0.7250410096655561,0.649199022209143,0.6439327428980618,0.6635174689771118,0.7105233310902151,0.7163086689558276,0.6588791165256812,0.6089829527209963,0.6332855477955266,0.8208229865914081,0.6947421221368817,0.5683826920728737,0.606315615204586,0.7177430830025967,0.5456589126867873,0.6234534004112745,0.7289801590407889,0.6968910708541394,0.7088752995887091,0.6113492126923021,0.5230603144722158,0.5883022449082065,0.5838189498906021,0.6225257491092473,0.6228946882646461,0.5733097744525402,0.6326066863171712,0.6834984586520635,0.614916445103099,0.7630686818012287,0.8358121973700695,0.6718649807706137,0.691423698405006,0.7017410822944651,0.5401050346858944,0.6355035092289363,0.5454227114375653,0.6643618751349809,0.6534711072258932,0.7049256201722757,0.0,0.6705994235534887
ZAF,0.760758336129938,0.6680988989903252,0.555853064741336,0.5509778296092269,0.5890263941777527,0.5733461477471347,0.7202944683664395,0.562990160607992,0.5999060648986645,0.5563950816403626,0.8789812137271956,0.5394830483007886,0.6622464191536377,0.6064557284593248,0.6131241493049874,0.6555730935393371,0.6792743622155816,0.706273061321232,0.5709823659760752,0.5866988979206963,0.7109781423128174,0.5690477199166467,0.5794720522569371,0.6225029434039296,0.657367403287418,0.568911120591724,0.6213707877200316,0.5989872244355466,0.5712321182346844,0.5797428405168613,0.6111148082426298,0.7584364564346148,0.5969125811512833,0.5318641160187825,0.6162123597684208,0.612994755577693,0.6734731493340246,0.6866775399844998,0.6065362165689356,0.5600849838927688,0.6072606861776033,0.6013144265095629,0.70115468517219,0.8389737953869852,0.6415435851617112,0.7594366854047649,0.5867576777303516,0.7628415699817306,0.6863174523404894,0.605371198153977,0.5628990935217347,0.7109079033144555,0.7410621708010667,0.6419012836183093,0.7419014407297352,0.570102633558361,0.6283339217771643,0.5773047587446699,0.623642384826745,0.563078602103389,0.6391645784183508,0.5512645875584572,0.5504090233074752,0.5994443941652049,0.5731438212051313,0.6128874091120774,0.6133144517497021,0.7415847708299365,0.7968755488839109,0.6274137154231367,0.6111721886371907,0.5933675404669546,0.6415060810643075,0.6138697734890955,0.5698011683222343,0.6324446263283728,0.6495226842781618,0.5356218362125006,0.6705994235534887,0.0
