,AGO,ARE,ARG,AUS,AUT,BEL,BGD,BGR,BLR,BRA,BRN,CAN,CHE,CHL,CHN,CIV,CMR,COD,COL,CRI,CYP,CZE,DEU,DNK,EGY,ESP,EST,FIN,FRA,GBR,GRC,HKG,HRV,HUN,IDN,IND,IRL,ISL,ISR,ITA,JOR,JPN,KAZ,KHM,KOR,LAO,LTU,LUX,LVA,MAR,MEX,MLT,MMR,MYS,NGA,NLD,NOR,NZL,PAK,PER,PHL,POL,PRT,ROU,RUS,SAU,SEN,SGP,STP,SVK,SVN,SWE,THA,TUN,TUR,TWN,UKR,USA,VNM,ZAF
AGO,0.0,0.6449205816818923,0.7718467595427978,0.7525958688290917,0.7554747836867136,0.77469577509464,0.7874341277555512,0.8117461138292045,0.7583959621092299,0.7363160148922834,0.866885112685086,0.7686866577206286,0.7737563618280341,0.7718748044310094,0.7969064617792885,0.7980851465159324,0.7773611407264587,0.8128748602489416,0.7645881024014635,0.7908352322483204,0.8435774322555883,0.7579375804697145,0.7850072799155082,0.7775614095523192,0.7875093546032311,0.7709854295384245,0.7675814836249235,0.7996462005308398,0.7639580779821336,0.7450659263167267,0.7783663949344909,0.8445439509456341,0.755353180254344,0.7629127183866647,0.7391336374461273,0.77974899253689,0.8056825681490372,0.8059921163467156,0.8091351615151535,0.7703369280367763,0.7825229054775881,0.8027524813167207,0.7708333931335063,0.892890955587894,0.8199059535145321,0.780879870248893,0.7495319847006772,0.8326114374839514,0.8298246096246199,0.7635612209097992,0.7838196008797473,0.8267282175137124,0.8170278432041069,0.7653165747908054,0.819018669166899,0.7592493072535356,0.7565625154501949,0.7566308101760931,0.7404499408517979,0.7912855672398131,0.7621512529228542,0.7666393710379144,0.7471914971463676,0.7698301438213748,0.73896448392199,0.754593999976742,0.8067080316253985,0.8314741406360951,0.8782513324562747,0.7512184811647863,0.7829994867571061,0.8038082692630654,0.7601978289119057,0.7699471101978055,0.7721824785169507,0.7970718105287341,0.8118017730379959,0.7849323844457867,0.7678826677939147,0.7820841720107022
ARE,0.6449205816818923,0.0,0.6836658642873572,0.585451216032105,0.6013804434139419,0.5938330832680235,0.7248330535115927,0.7027030199336023,0.5995292854508896,0.5722288896200088,0.7428249232449781,0.6018057990454918,0.6781332396039532,0.6780184395605604,0.6621696996706701,0.6977738265248467,0.7284458954382096,0.79568333974206,0.6900315397799126,0.7145067826664452,0.7534431881176437,0.603921733374432,0.6195792732841114,0.6328359694620518,0.644250791577283,0.596410961432593,0.6767183893545667,0.644841401364799,0.5959566032727315,0.5863601010220818,0.6580382434224626,0.7426026921519332,0.6229678535219239,0.637094851271437,0.6207956443382303,0.6104092362028324,0.6824815018599253,0.7065693361352955,0.6557013561078089,0.602876414894699,0.6441662783846706,0.6525367797934674,0.7221473242130583,0.8939030575243149,0.6796770232094151,0.7915509999036174,0.6938194230230714,0.7118421926477352,0.7611381212186251,0.6478257828978117,0.6627696813304133,0.7335854799881129,0.791225365703812,0.6496607079884734,0.8180963428313895,0.5936143513301378,0.5939124991324309,0.6211149516356171,0.7031069226426897,0.6557561430211246,0.6840427817923547,0.6433187265744887,0.6065737170734872,0.6758997276852863,0.5825892856510019,0.650004684678562,0.7265016837522639,0.6656309751941004,0.8515571725279926,0.6419565998234146,0.6527429371912468,0.6586165690080498,0.6596485185541034,0.6933178396399445,0.6684046246044826,0.6645141135989375,0.738589795224723,0.6287935493497974,0.7098237294196315,0.6501529202053147
ARG,0.7718467595427978,0.6836658642873572,0.0,0.5614743716316712,0.5811811769043658,0.5783449380013166,0.6357078002458578,0.6356209469700528,0.5237599316363988,0.5004173221640199,0.9189013936703827,0.5528517935186502,0.6387502202553554,0.6282994727114426,0.5578458372003585,0.6181264150064556,0.6074644874689007,0.6555099193293082,0.5321199605931154,0.5887249384210194,0.7602570384296627,0.5445124150931848,0.5858811507230747,0.575402902789339,0.556199389880624,0.5164484709510505,0.590359797969779,0.5959187323156865,0.5684347572452532,0.5678906436547454,0.5753204350244012,0.8240377008953362,0.5738552341211655,0.49705761245926616,0.5609001803653365,0.5874156977197819,0.6696288943487275,0.7199596247504144,0.6479211810785408,0.5480142906612759,0.5965653558595888,0.5938269677454521,0.7054066346673333,0.7802244685749727,0.5910743494520139,0.7254233032671149,0.5842365076675122,0.7311847443590531,0.6674602273723502,0.5399401354632501,0.5131293937235716,0.723728258344891,0.6673978069907198,0.5863533953958868,0.7182423970281627,0.5826603336006102,0.6054124656102644,0.5786945052188034,0.5456696671815446,0.564176487692132,0.5531379545044969,0.5473678143223198,0.5717896857750091,0.5139437705298548,0.5608837413311513,0.6345509486626277,0.5672490951487839,0.764627565092128,0.8367972056317698,0.5795492638822302,0.5964300774305832,0.6083753012308766,0.553055773900411,0.5927839931613582,0.5458744484426126,0.5794341945641807,0.5842165303072987,0.5694205037822658,0.5794013332822384,0.6139624795912272
AUS,0.7525958688290917,0.585451216032105,0.5614743716316712,0.0,0.4454290735700257,0.4600435812989402,0.5871797979874329,0.552206292097319,0.5264999352969503,0.5366317513863075,0.9180960839512099,0.49522987117967326,0.5401407072411996,0.5812854684215805,0.6112558609543434,0.6216493862281947,0.6311788108225961,0.6785475185777613,0.5663775172157797,0.5690784899998751,0.6747657982980412,0.4342798577576644,0.49853061918240177,0.4873641388860943,0.6660939359693873,0.42941142819297273,0.5229913469320107,0.5253248285374352,0.42669151529037336,0.4087915604449748,0.5073559494003435,0.6838409949600611,0.5018615903150239,0.4894031687375492,0.5600079380046938,0.5898818177872348,0.5474603837814037,0.6092406906888074,0.5749571004280492,0.4442995626223154,0.611710189993561,0.5357622577147768,0.6687016969862299,0.8185558393163266,0.5971367322246006,0.7370484461014193,0.5816092059604283,0.6038510359164795,0.6071756351309213,0.5793849690851112,0.5775729559059735,0.6745984647845711,0.6936019877351269,0.6089809995995742,0.7013422546979453,0.41762666384720215,0.48805046265774865,0.44644659623810257,0.5724438268529611,0.5704204050089726,0.5735898234884445,0.4724057933555527,0.42722189564114726,0.5592206614183629,0.5522037506267509,0.6003969135852465,0.5587750611105107,0.7103357629445496,0.7608601159142423,0.4945325462303609,0.46628157962612515,0.5117301067254804,0.6136886851843432,0.5955987480890156,0.5498852973625591,0.5807740441056738,0.6466446699930479,0.48955376139294426,0.6587678522689601,0.5625568175688119
AUT,0.7554747836867136,0.6013804434139419,0.5811811769043658,0.4454290735700257,0.0,0.4001200728287377,0.6276475828031103,0.5448150449534781,0.5247111063640671,0.5108132217887599,0.9277120897961437,0.4225980869200595,0.4589992655535903,0.5662469594243064,0.5693483506814594,0.6218188253122432,0.6804339134326651,0.7539092020458955,0.5694818232762704,0.5587593918255254,0.6689933669126418,0.357307487231148,0.3861734526173838,0.4157080465163024,0.6690097109262818,0.37157955872521786,0.5452732914206185,0.44747941276916514,0.35612433510293884,0.37349903812165336,0.45072616309309543,0.6489935857681786,0.5045363355395975,0.442229843010016,0.5592472734572844,0.6074214517712929,0.5739721101636,0.631807996446203,0.5175767185923228,0.3670305633740772,0.6244142681098331,0.44285284299417554,0.7396493607912331,0.8485517628691733,0.49303845799954116,0.7573369650171703,0.5992501292953081,0.5598633036582384,0.6422016928419182,0.5730153127627658,0.5340154940693564,0.6419584154720979,0.7586972055421614,0.6175944377104292,0.7546601136992864,0.41076861079435695,0.4886044006075084,0.4472643700663994,0.5936627733933583,0.6176162468361416,0.577615955916046,0.47893788648584956,0.39261138440158255,0.5715762306121008,0.556082079148337,0.6328561413510336,0.5985613669713064,0.6789974313286185,0.7803655123411746,0.44786143863935207,0.4300527829906872,0.4131360587334148,0.5690801931760637,0.5986028543644012,0.5076684280978273,0.49025685324145957,0.6800424959092706,0.41643586844231584,0.6759133519395619,0.5581829155425985
BEL,0.77469577509464,0.5938330832680235,0.5783449380013166,0.4600435812989402,0.4001200728287377,0.0,0.6295102332416355,0.5600144593336824,0.5260120095412072,0.4940495098891815,0.9185188884745016,0.4836781226576803,0.5279712715133461,0.5745152117681068,0.5868792051940002,0.6186683030931022,0.6831223898612713,0.7510394651636455,0.5919910309851149,0.5398938362590449,0.6578868158084568,0.4109290253447208,0.39671489927559245,0.4774362710009823,0.6551840195879606,0.38899620842388327,0.5553358569501115,0.5134633601451669,0.36807702015207716,0.4002880281653139,0.5007851624617714,0.6839474487421908,0.5176250205065192,0.46015279464782,0.5866587132777349,0.6126200260665624,0.6101095795286381,0.650148380635768,0.5274270807400417,0.3746258206776192,0.6414805534669459,0.49886546693759365,0.7310443526474443,0.8547700715895519,0.5145270447679274,0.7939676652019735,0.6054200491029619,0.5974945160485059,0.6326976128050055,0.5640375343409474,0.5472657473768565,0.6591531508412795,0.769083235661013,0.6249654871177002,0.7520028417890616,0.38430418135706,0.5202151661904348,0.4889687998446879,0.6303616321107024,0.6074579748984184,0.6014898646557464,0.49526400522069836,0.4087821605171198,0.6006119813662242,0.5563703411735945,0.6312001236803553,0.5625819361957562,0.6561863757410529,0.7881496007152834,0.4775103798664005,0.43833018026983916,0.4775448417689447,0.5950248306128919,0.6228258733562608,0.5363174677318312,0.5229252735233948,0.671866270880266,0.46984414342908287,0.6823685654810113,0.5793236964670798
BGD,0.7874341277555512,0.7248330535115927,0.6357078002458578,0.5871797979874329,0.6276475828031103,0.6295102332416355,0.0,0.6259158079529582,0.5713190520625334,0.6652877063946081,0.9407642848895712,0.6599398817681937,0.7037121715751881,0.6893302876582689,0.6622276033563054,0.6620477279468138,0.6485723275451329,0.6997671812738564,0.6444266636898499,0.5929582949823435,0.7005846534124381,0.5990834596449301,0.6692269754383842,0.6118792566420871,0.6990159004071484,0.603856932874198,0.6039287073223336,0.6864855887335746,0.618606019271922,0.6289339610217018,0.5909302849032201,0.7705877258979802,0.598352908203556,0.5957851488711429,0.6617615307293597,0.6462366145483465,0.6468621094700484,0.6574834914341456,0.7008826593732135,0.5836819246433208,0.6725128130085445,0.6827610943546834,0.7504899165838361,0.670789096916656,0.6500902524087548,0.7001252323383245,0.6265898896280396,0.7026541366368922,0.6547995652405437,0.6397003867788544,0.6717614748589529,0.7218773915041989,0.589590130780056,0.715389564920654,0.6934728797205066,0.6290459971174608,0.6356808766910779,0.585267003552034,0.5666803259506823,0.6803257290353272,0.6166916784997296,0.5792420002979012,0.5702273623841347,0.6251438631179411,0.6810033722834771,0.7174362265927579,0.5891535688387303,0.799369340603689,0.7873812737453154,0.6223718842053175,0.6216931307687559,0.6887475911730937,0.6600200189675772,0.5705039625363854,0.6114773289933809,0.6578025640136033,0.685112372834283,0.6827479755461981,0.5715215339539719,0.7388008562617604
BGR,0.8117461138292045,0.7027030199336023,0.6356209469700528,0.552206292097319,0.5448150449534781,0.5600144593336824,0.6259158079529582,0.0,0.5841373989452647,0.6230316604406826,0.9322544927066739,0.5716036903863828,0.6154868865586535,0.5909445715025465,0.672421753926772,0.6390181852230623,0.6843542533666395,0.7095681357252507,0.6430998285393981,0.6492906835004609,0.7123857838414022,0.5471162511472646,0.5528554326053542,0.56016731851486,0.7286751906926752,0.559561165333323,0.6214333286796367,0.5987285051434952,0.511426247308601,0.5601603142870809,0.5301037242625788,0.7696789425314592,0.5994639394324627,0.5202721872297441,0.6836359181718061,0.6420626239335135,0.6460036728007267,0.7069945819396874,0.6143555820191505,0.5541196393952702,0.6990285785643975,0.6449855826910755,0.7535146627176054,0.7676919155217704,0.6314261466152896,0.7356373543214468,0.6265570134040007,0.6771054974435647,0.6801235738123459,0.6211697863751443,0.6410352229653019,0.7417053653574478,0.6728661897852308,0.6976832115535756,0.7552685854750172,0.55010060948903,0.6172701041180312,0.5869664123897552,0.5920583393100743,0.6623190749344752,0.6283340597440258,0.5557637117231726,0.6015883590967711,0.5926391202590003,0.6385156424762859,0.7355082745601808,0.6123326995861942,0.7553984372929875,0.7990905580756392,0.5801669564490165,0.5806718045642267,0.5851658447079553,0.6787660081929271,0.6359211142914873,0.6130429422302982,0.6520664469364958,0.6491674751672976,0.5843230367633162,0.7050622960314105,0.6521515964320334
BLR,0.7583959621092299,0.5995292854508896,0.5237599316363988,0.5264999352969503,0.5247111063640671,0.5260120095412072,0.5713190520625334,0.5841373989452647,0.0,0.4974763540134736,0.882343214691161,0.5585769729026403,0.6274352332711846,0.6390338330055251,0.4904893883957329,0.557190193019803,0.6238616885194235,0.6626118843771754,0.5585759548162335,0.5394974427677907,0.7006558496735769,0.48173232946295136,0.5658374539585588,0.5291316443952351,0.5757775607508406,0.45766879955412465,0.5487356312835309,0.5413632768754332,0.5223896058309174,0.5567775017646955,0.5325741865996046,0.7873002913119569,0.48532987419982665,0.37558768617338045,0.5167886657526702,0.5370022818404585,0.6359193477548964,0.6810290518086728,0.6577001321509764,0.5021788346286201,0.5587323875571459,0.5592483670959358,0.772669669458641,0.7528908950255316,0.53431366528951,0.6928816472466527,0.45767785912202646,0.6974967421316592,0.6038096869678663,0.49170371315189343,0.5467683191813455,0.6776423809101144,0.5713534839452309,0.5886262236365878,0.6682522669450847,0.5431507472540134,0.5763279968814159,0.5290572911597633,0.4423539673069369,0.6310070499812421,0.49552080738684273,0.45597014815226555,0.5021393875020475,0.42237407772255514,0.5613758172132874,0.7094246000597321,0.5358798666463261,0.709003611646192,0.8338602111635571,0.4853903032066804,0.53580325250862,0.594954161461576,0.4718472089823574,0.5302516795997513,0.5248505254730611,0.5200880999069324,0.5675628066614612,0.5975138898574028,0.5307354482536776,0.6203974103058736
BRA,0.7363160148922834,0.5722288896200088,0.5004173221640199,0.5366317513863075,0.5108132217887599,0.4940495098891815,0.6652877063946081,0.6230316604406826,0.4974763540134736,0.0,0.8451125712813771,0.5084444707538266,0.5847308099502516,0.5948226694416595,0.5560401473883699,0.604674161794791,0.6635940818884491,0.7341934440818244,0.566403787426965,0.5907183915628345,0.7474104092126711,0.5248474352290814,0.5258184815241662,0.5414695709168224,0.5826825290425396,0.49175629590789105,0.6362319815853458,0.5619269317940566,0.5002603502922263,0.49572679403758585,0.5677308496485147,0.7488150153876989,0.5729859717002278,0.4908803888079234,0.5294364849594934,0.5543558003619568,0.6477031685735811,0.7000131267559351,0.5824266243540026,0.4920477613675136,0.6224923655756112,0.5435980579993671,0.7230577426479752,0.8396475019908031,0.5433513347149701,0.7547320269090994,0.5801187562164013,0.6755527047535775,0.7068768171500132,0.5466955416979078,0.5357256636551555,0.7042620367318277,0.7193133225100984,0.5837806489227446,0.742836910774147,0.5338250454641084,0.5856417262624364,0.551461820342761,0.5646614845611345,0.5819282904411291,0.570707122064991,0.5428574514508171,0.5144396135340337,0.5714058171129228,0.5417892131397087,0.6342059134866621,0.6289973553337389,0.6569963360592488,0.8232825311188735,0.5511776343969347,0.5580665255819666,0.5645069619133385,0.5301139079335111,0.5992027874034332,0.5515945042021838,0.5378594663385793,0.6439722604024203,0.5163197941322765,0.6433815958111087,0.554500078563633
BRN,0.866885112685086,0.7428249232449781,0.9189013936703827,0.9180960839512099,0.9277120897961437,0.9185188884745016,0.9407642848895712,0.9322544927066739,0.882343214691161,0.8451125712813771,0.0,0.9103878350105291,0.9390762586352424,0.9119181932263357,0.9128485684919468,0.8969538977376599,0.8844195692773628,0.933614589748921,0.9103983736385327,0.9334807873066021,0.9356086458974338,0.9274526645087139,0.9247218915190026,0.9193655714874767,0.8377365384675982,0.9302650101620012,0.9354063044070828,0.9252171911980899,0.9236760092060421,0.9229208177987269,0.9163921083169968,0.949875499051428,0.9063202712735082,0.9235264755555925,0.87105520368085,0.8710396142206501,0.9471812242427087,0.9481955092772782,0.9141046902110844,0.9216947310935792,0.8881358784297394,0.9322437685910924,0.8961038036615487,0.9680313656503964,0.9426124064201306,0.9020534247717991,0.8961866781176336,0.9479129995484572,0.9547422276020816,0.9092008562000297,0.9259259250031721,0.9594801800043005,0.9271259062102447,0.8653440418978648,0.9430002158453881,0.9207549726941273,0.9050671025363984,0.9232451519925902,0.917427113307262,0.8850489137549908,0.9167037499575106,0.9190228094824283,0.9295700899006526,0.9183708590185621,0.8752616595863135,0.8876535346690625,0.9463440062662093,0.8649736717887782,0.948103874537603,0.9296214395672074,0.939734487284737,0.939673438095628,0.8963349967744054,0.9173509971364505,0.9234094408190177,0.9301246091122946,0.9220577602364943,0.9193588810361898,0.9069264662389815,0.8768839821584139
CAN,0.7686866577206286,0.6018057990454918,0.5528517935186502,0.49522987117967326,0.4225980869200595,0.4836781226576803,0.6599398817681937,0.5716036903863828,0.5585769729026403,0.5084444707538266,0.9103878350105291,0.0,0.5621604593207427,0.5867004049269465,0.5838615245813261,0.6199456385999165,0.6649570167130527,0.7344790033868349,0.5942364405575233,0.6049052386373434,0.7163918246062686,0.48208721485810274,0.46151437304731424,0.47277676548524394,0.676497717738056,0.4671684578168764,0.574267376393583,0.4922608370569966,0.432075694197793,0.43771303250184285,0.5169051017684149,0.7121604755719492,0.5566758496270245,0.4939813570728152,0.5793281231150129,0.6233280620968725,0.6228664043832637,0.6670456506781076,0.5392359945089908,0.4791447742410698,0.643476612361725,0.4929789444945265,0.7189194121595275,0.8405550552290529,0.5267047017211259,0.7693894548150182,0.646714028135238,0.6158460708358372,0.676308438574613,0.5808412473382484,0.5414616721810718,0.6879417874378397,0.7408010688067279,0.6029411861268978,0.7443645750484168,0.4587797576518875,0.5100105152864265,0.5017188094209336,0.6239954438804043,0.6015737586280829,0.5920367507046037,0.5364062960266571,0.5172489169381589,0.600531464378026,0.5551183915045309,0.6591697960722677,0.6243293096677547,0.685916908431784,0.7954601624298128,0.5499905761662701,0.5014956284976009,0.44647692103264547,0.588993192179751,0.6149589491749454,0.559239101884793,0.5285042985214501,0.6598012311383922,0.3983815474399063,0.6783835829363862,0.5557362380828965
CHE,0.7737563618280341,0.6781332396039532,0.6387502202553554,0.5401407072411996,0.4589992655535903,0.5279712715133461,0.7037121715751881,0.6154868865586535,0.6274352332711846,0.5847308099502516,0.9390762586352424,0.5621604593207427,0.0,0.5939130183687891,0.6511241849558044,0.6883220508953172,0.7208578821717747,0.7903104533990917,0.6327837134248245,0.5956696370751756,0.6908179588344388,0.5359255377362527,0.4835811821058032,0.5032272357253067,0.7277895049473622,0.5561962106166162,0.5965616723601938,0.5577468277443156,0.4843955737968842,0.4749525907787659,0.5577315233451688,0.6505091131087409,0.5668299266592869,0.5542532093589216,0.6412392384426171,0.6956334823455964,0.6222101530344293,0.6445858537798383,0.5403264848297096,0.5075445237826045,0.6995593854754704,0.5445351714312139,0.7571339702040679,0.887120531091118,0.6029759932117984,0.7918137946957312,0.6525368732902169,0.613146711916392,0.6971223720704188,0.6654966947581374,0.5968417589726559,0.6343742151887266,0.7962764219144745,0.6731381468433549,0.775686163538305,0.4992873865833054,0.5711224459422257,0.536567570345164,0.6365951608378924,0.6798998142985071,0.6513511097484936,0.593088051692317,0.5419124535156459,0.666093554000952,0.6384696665034203,0.680793743659781,0.6611629048067628,0.5996075196399421,0.8036559976506372,0.5593904937629295,0.5607784465860282,0.5150264019097249,0.6418057301594853,0.673496687928361,0.6374454857456628,0.5635316943537793,0.7261139835575119,0.5232522805886819,0.7358012748172178,0.6752327791496838
CHL,0.7718748044310094,0.6780184395605604,0.6282994727114426,0.5812854684215805,0.5662469594243064,0.5745152117681068,0.6893302876582689,0.5909445715025465,0.6390338330055251,0.5948226694416595,0.9119181932263357,0.5867004049269465,0.5939130183687891,0.0,0.6619565765692411,0.6455812916511428,0.6866056453613435,0.7302778224611911,0.6312246120621521,0.646575387776349,0.7429721386457183,0.5945359721293864,0.5944955380101469,0.5817089430011393,0.7047052800688661,0.6030921792822563,0.63975505152232,0.6078730595933232,0.5630193151298958,0.5788710133815842,0.5700023305277256,0.7617935660557281,0.639520608528546,0.5914037607338674,0.6405151827872175,0.7067476885896812,0.6801265906256342,0.69614991440845,0.5811937247207205,0.5888519202070032,0.6976454625721691,0.6256567797000693,0.7555463486800877,0.8666054896857642,0.6303380722242948,0.7268340074460307,0.662646732666774,0.726877496301755,0.7143714702194145,0.6361548230635475,0.6413453885368016,0.7258891525779804,0.7460570549432786,0.6948982382222733,0.7823332221116535,0.5654505526087215,0.6076748156469661,0.5295876093413926,0.6458272780470592,0.5585841166199218,0.6125982500627921,0.6297268867071527,0.5789452757063167,0.6707937902704363,0.6373957619028885,0.7170482695079698,0.5980739123486533,0.7155097991935288,0.8456241549510654,0.6211542026862286,0.628145862632483,0.5781075334859801,0.6555902881106663,0.676951532536431,0.6359594248715585,0.6435455687658846,0.7223404372616986,0.5900483617544285,0.6944613723006453,0.6299543350772018
CHN,0.7969064617792885,0.6621696996706701,0.5578458372003585,0.6112558609543434,0.5693483506814594,0.5868792051940002,0.6622276033563054,0.672421753926772,0.4904893883957329,0.5560401473883699,0.9128485684919468,0.5838615245813261,0.6511241849558044,0.6619565765692411,0.0,0.6714313732744472,0.7014093515751068,0.7492434197507015,0.6121839654451409,0.6520973519872495,0.7722605847491262,0.5089888922998529,0.5639284390178991,0.6107665926343379,0.6293740185585056,0.5165892184428718,0.662144779934074,0.5880461867413903,0.599809849624453,0.6038376509082527,0.6360687056213254,0.8149658569880595,0.6191603951151411,0.5246937713813922,0.5330040234242639,0.5748603507986226,0.710274708472593,0.7357835722366349,0.6716855846709756,0.5205025299229782,0.6111844135683452,0.5267699053863812,0.7890507520323763,0.8060875404753224,0.45768602785906676,0.7778556174526257,0.6497890218225758,0.7214079322874446,0.7150430570033618,0.5760298731144876,0.5037925780713293,0.690561142823726,0.7189057456100986,0.6010056797874901,0.7752422385175276,0.6514509860130491,0.6523513659247863,0.6341401964039262,0.6230333650084146,0.6529881239586447,0.6092392318047919,0.5461145974752624,0.5806832810254737,0.512225023662543,0.6108254296024941,0.7258791230519506,0.641739107795148,0.7251212748263881,0.8887178722421072,0.5706269074610965,0.5633071360657674,0.6144344570081343,0.509939442374248,0.5843219367358756,0.5328989161575635,0.47408104249360294,0.6161636427300395,0.5958455744283946,0.5739744805442375,0.6365332211334352
CIV,0.7980851465159324,0.6977738265248467,0.6181264150064556,0.6216493862281947,0.6218188253122432,0.6186683030931022,0.6620477279468138,0.6390181852230623,0.557190193019803,0.604674161794791,0.8969538977376599,0.6199456385999165,0.6883220508953172,0.6455812916511428,0.6714313732744472,0.0,0.5913246081541537,0.7236416918974351,0.6221805522673424,0.5975398443760888,0.7315580183241003,0.6161398087155107,0.6500401144672919,0.6034767815626985,0.689289575614233,0.6017192818356031,0.5900002522133546,0.6260387875844592,0.601950970686873,0.6473858352436201,0.5939742857365112,0.8195532126442542,0.6000792388092713,0.5481871897884639,0.5929108183301194,0.676019942048077,0.7014506555950507,0.737703348748743,0.6838083756990286,0.6060126583801375,0.64127812179004,0.6697118582192634,0.7862066960134121,0.8174159313449801,0.6708446239048165,0.6977029333353352,0.5830468780480998,0.7533253846090505,0.629545026028338,0.585878720127503,0.6578750736992394,0.727397628435298,0.7185629244758808,0.6796444547279005,0.7056453240340136,0.6341834566895627,0.6503789613978547,0.5685694683117466,0.6447475345915147,0.616084775384923,0.5646189983788831,0.5667177095360465,0.5915945583934455,0.626191018051117,0.6560128911211454,0.7368806308067853,0.5809774162596738,0.7678600303592881,0.8402949151938802,0.6274327757167603,0.639387817249178,0.6415286894464498,0.6290319064205836,0.6279851245975032,0.6321348254680729,0.65392752517354,0.6856459987015193,0.6606893260834352,0.656529575969406,0.6624015184947322
CMR,0.7773611407264587,0.7284458954382096,0.6074644874689007,0.6311788108225961,0.6804339134326651,0.6831223898612713,0.6485723275451329,0.6843542533666395,0.6238616885194235,0.6635940818884491,0.8844195692773628,0.6649570167130527,0.7208578821717747,0.6866056453613435,0.7014093515751068,0.5913246081541537,0.0,0.6717707115970472,0.5887757511002317,0.599621773462389,0.7433335596819122,0.6605186844347786,0.710609203479336,0.6359903104960847,0.6774208718239738,0.644140450979066,0.6156101463416334,0.7041798549910954,0.6669278453580549,0.6656045670883305,0.608506809174361,0.8221190011140165,0.6364245227311232,0.6268871584343934,0.5988882761833891,0.6727302154464749,0.727315518467749,0.7458182438265999,0.7142351521051183,0.6673713216445929,0.6412146305474122,0.7270576198493502,0.7145820390968942,0.8179196965554584,0.7239245536053902,0.7206779563149827,0.6381102775862589,0.7816827883708338,0.6707890754200649,0.6416759422537306,0.6837303221417309,0.7584340994646471,0.7192332206668242,0.6446302764221861,0.6870309127407805,0.6590129013925803,0.6411682092165764,0.62583067931822,0.6637131358480979,0.6401195211802835,0.5826204429616126,0.6284557638011671,0.6357236213306068,0.6357949778971203,0.6733133730301546,0.6738355349676945,0.5868238235253858,0.8213989386882922,0.817920096129167,0.6899662335174632,0.691290065699772,0.71464705060127,0.6366818276180674,0.5865963764571869,0.6771294601213647,0.7152226885080569,0.694539202737052,0.6932283476918419,0.630710964830166,0.7112675999603292
COD,0.8128748602489416,0.79568333974206,0.6555099193293082,0.6785475185777613,0.7539092020458955,0.7510394651636455,0.6997671812738564,0.7095681357252507,0.6626118843771754,0.7341934440818244,0.933614589748921,0.7344790033868349,0.7903104533990917,0.7302778224611911,0.7492434197507015,0.7236416918974351,0.6717707115970472,0.0,0.6774375208090079,0.6614272465894758,0.8116229026766898,0.7134394112893379,0.7726303651651163,0.7198960417393406,0.7438643324440846,0.6878070369145867,0.6896404910709849,0.7461328345394271,0.7314093452472333,0.7555614565212907,0.6940690615414141,0.847923661419929,0.7020317959780455,0.6553326471463738,0.6972132964053687,0.7674911854628796,0.7217996734951602,0.7895444915753907,0.7891483506379451,0.7415174522167103,0.7287533355904339,0.7752125092675928,0.7815083996428122,0.7806417342350038,0.7699784330570449,0.7062537184739996,0.677682579297247,0.8117990734259284,0.719304103822026,0.6639071424833242,0.7174436563811212,0.8135116513707126,0.6950683382968129,0.7304380454446106,0.7222084053909248,0.7389738140750672,0.7316571520997509,0.7093165416712544,0.7003894240382622,0.6882528579425777,0.6247210762338243,0.6807609180503421,0.7188677701299564,0.6425089139160667,0.7500027136023997,0.7629737860472114,0.6371531366597082,0.8917702577105601,0.8279800968262262,0.715381990936402,0.7599241972709955,0.770988775450856,0.6930815949104183,0.6613582522519643,0.7119338288104222,0.7591742755747185,0.6711471080891683,0.7636262525419939,0.7113214232607774,0.7427224510604731
COL,0.7645881024014635,0.6900315397799126,0.5321199605931154,0.5663775172157797,0.5694818232762704,0.5919910309851149,0.6444266636898499,0.6430998285393981,0.5585759548162335,0.566403787426965,0.9103983736385327,0.5942364405575233,0.6327837134248245,0.6312246120621521,0.6121839654451409,0.6221805522673424,0.5887757511002317,0.6774375208090079,0.0,0.5804098190402676,0.7447178439832236,0.5599591295327127,0.595757247659381,0.5670090097922825,0.6175964968160176,0.5524680190758047,0.590788104076114,0.6160163542356376,0.5550181870076352,0.550511230711564,0.5663622191235221,0.761279970909969,0.5749801487257415,0.5090398937193094,0.5778529192916438,0.6533630043966651,0.659070425710799,0.7065205920189276,0.6341075662766618,0.575494606960921,0.5993088053702877,0.6305676855782653,0.7232183102659538,0.8398075568749636,0.6214782060739623,0.6987078298101133,0.5721996058261807,0.7265586694094316,0.6848091200602451,0.5888919726600212,0.6087053784795422,0.7042084500245613,0.7215167094821104,0.5885169004031733,0.7017615477482982,0.5676830659289757,0.607914810427422,0.5843185843912079,0.5844553724306841,0.5786536087379222,0.5489224301105479,0.5685619568336768,0.5529318469092303,0.5770987977007754,0.6201459732022615,0.6324767401156339,0.5659459215444492,0.7764577044788633,0.7912335104005866,0.5812978170578833,0.607473782814798,0.6508809691632881,0.5594796856464297,0.592060794672635,0.5737465257318353,0.6038592187005742,0.6677158728104211,0.5714428273253649,0.6213182130231855,0.6140678684510285
CRI,0.7908352322483204,0.7145067826664452,0.5887249384210194,0.5690784899998751,0.5587593918255254,0.5398938362590449,0.5929582949823435,0.6492906835004609,0.5394974427677907,0.5907183915628345,0.9334807873066021,0.6049052386373434,0.5956696370751756,0.646575387776349,0.6520973519872495,0.5975398443760888,0.599621773462389,0.6614272465894758,0.5804098190402676,0.0,0.6740560319199618,0.5513239150791286,0.6028802800750591,0.5054708582643841,0.6685492593394824,0.5313666493358047,0.5382303725994082,0.5948802844179643,0.5396024975514336,0.576358152698403,0.500826552975802,0.7225036434138716,0.5314550541235534,0.5089917634420056,0.5610627571232844,0.6911820033741166,0.6568730371043522,0.6832352377228462,0.6374101781714756,0.5492421996951522,0.6427953529939173,0.6037495560009601,0.7352884895749597,0.7971539878541231,0.6255307344184673,0.6947412118712,0.5539919099166866,0.6948912803173967,0.652713400386449,0.564693307417601,0.5858700851684265,0.6760493016290783,0.7028459737103447,0.6484065480093746,0.6721393405516574,0.5275116841180681,0.5783593336625491,0.540485925555102,0.6044685464504841,0.6157895813952796,0.5073640355553397,0.5124256570798823,0.5163954559870679,0.6027771853961269,0.6398788501583238,0.6352040551080154,0.5058823561737892,0.7359363493083326,0.7918057235608886,0.5823680426921368,0.5689217650919803,0.6349090187734356,0.5572646993848835,0.5885730888906824,0.5806590834900385,0.5796854852219369,0.6572681391605079,0.6053359784951129,0.6237569603409759,0.6512723530345922
CYP,0.8435774322555883,0.7534431881176437,0.7602570384296627,0.6747657982980412,0.6689933669126418,0.6578868158084568,0.7005846534124381,0.7123857838414022,0.7006558496735769,0.7474104092126711,0.9356086458974338,0.7163918246062686,0.6908179588344388,0.7429721386457183,0.7722605847491262,0.7315580183241003,0.7433335596819122,0.8116229026766898,0.7447178439832236,0.6740560319199618,0.0,0.6923342361281388,0.6890760582606696,0.6130084079868968,0.7343534249713685,0.6583463404424227,0.6033614790708623,0.7079456759099908,0.6658085049284052,0.6719135526883616,0.6255691171844674,0.7474334746494753,0.6635088960481967,0.7116788624139867,0.7240492662642566,0.7637615786242954,0.7224662873293755,0.6838608929047072,0.7211141721001089,0.683485232433496,0.7332770185238386,0.7254344492479856,0.8328528420771528,0.88274788757617,0.717624610340342,0.8011792006588381,0.722929923609631,0.7022933471639473,0.6697373316023931,0.7222038154970518,0.7733041146142913,0.7255774683199929,0.8040198242007012,0.735981676107236,0.7990724964203351,0.6404302701664808,0.6372366233938206,0.6881052115591103,0.7469533278717949,0.7532228162077949,0.7129591476165213,0.7163454926864223,0.6753935784098528,0.7487661988079846,0.7605047415801498,0.7744839997072102,0.7045810241758652,0.7070396553456761,0.77363402470864,0.7277991570527946,0.7203883328631965,0.7125394692124708,0.7403351610149737,0.7154737856256703,0.7197197034185414,0.711372578395183,0.7955499863257864,0.7277374701163499,0.769991396986098,0.7782015776739786
CZE,0.7579375804697145,0.603921733374432,0.5445124150931848,0.4342798577576644,0.357307487231148,0.4109290253447208,0.5990834596449301,0.5471162511472646,0.48173232946295136,0.5248474352290814,0.9274526645087139,0.48208721485810274,0.5359255377362527,0.5945359721293864,0.5089888922998529,0.6161398087155107,0.6605186844347786,0.7134394112893379,0.5599591295327127,0.5513239150791286,0.6923342361281388,0.0,0.4087390483973736,0.474568139182521,0.6434120139617564,0.3673675211624885,0.5159160975963791,0.47712549602622656,0.39809844256620436,0.42037859229807323,0.5080748791964124,0.7153060483468836,0.4879413161072173,0.41023000615346117,0.5437234368931877,0.5691547415816413,0.6066441703431503,0.6500236313046983,0.5882532797765085,0.37172156916728133,0.5955385508349514,0.4656430278578737,0.7358165998129501,0.7956616332700543,0.5019621683634259,0.7342902234702715,0.5585420088171669,0.6133393996021139,0.5950568102692356,0.5486818113420161,0.5299208317713977,0.6524206395635216,0.728659721650908,0.5949388448089828,0.7334534308717091,0.4366469415516591,0.523637717444292,0.4623180826215648,0.5734711148920553,0.6217704405842636,0.5578582854954661,0.3692642974085501,0.41074222158761853,0.47633692431585956,0.5267879918085879,0.6467536055362046,0.5399524031172386,0.7192558141143919,0.8003982418419784,0.35960370712805795,0.42033159752307586,0.44398484505828734,0.5733972388629744,0.5704630874610271,0.4741457957538277,0.5069959063029162,0.6040169188282317,0.48395406574634686,0.6296338085337926,0.5486105964955178
DEU,0.7850072799155082,0.6195792732841114,0.5858811507230747,0.49853061918240177,0.3861734526173838,0.39671489927559245,0.6692269754383842,0.5528554326053542,0.5658374539585588,0.5258184815241662,0.9247218915190026,0.46151437304731424,0.4835811821058032,0.5944955380101469,0.5639284390178991,0.6500401144672919,0.710609203479336,0.7726303651651163,0.595757247659381,0.6028802800750591,0.6890760582606696,0.4087390483973736,0.0,0.44941850930598576,0.689949892260627,0.4109279105345979,0.5773459304089801,0.46644232523267165,0.36033015418203573,0.38885023615045183,0.5207435438093024,0.7025496120678644,0.5542485682686439,0.48563628674760984,0.5889575932017939,0.6330108499587953,0.6285575741925284,0.6560621304843106,0.524846984041484,0.35868289418461496,0.6509696593370473,0.42312640917209027,0.7571087060062193,0.8779008394637391,0.4836916856965136,0.8106079333131979,0.6521529016349725,0.5978186685690787,0.6658442992099797,0.5934416850195988,0.5227377342426373,0.6734610300781767,0.783670003433141,0.6350880097096749,0.774060494037717,0.4281244895925502,0.5256632991690622,0.5105553238294471,0.6511481766034838,0.6315289178121783,0.6404971064567123,0.5211130537414459,0.47566260919413195,0.6157141059405427,0.5766065818336754,0.665669559537143,0.6164052397258463,0.6545748325630406,0.8150071914205559,0.5148122773389203,0.46303393624418604,0.43557157270093155,0.6059482572672029,0.6298634408689426,0.5520028639713567,0.4803881805244789,0.6946223440892008,0.39952904101788833,0.6992518064344664,0.585378974653826
DNK,0.7775614095523192,0.6328359694620518,0.575402902789339,0.4873641388860943,0.4157080465163024,0.4774362710009823,0.6118792566420871,0.56016731851486,0.5291316443952351,0.5414695709168224,0.9193655714874767,0.47277676548524394,0.5032272357253067,0.5817089430011393,0.6107665926343379,0.6034767815626985,0.6359903104960847,0.7198960417393406,0.5670090097922825,0.5054708582643841,0.6130084079868968,0.474568139182521,0.44941850930598576,0.0,0.6587156411785433,0.45416065464953886,0.49828190814750195,0.47380514907253957,0.43170829573539227,0.4470069134550314,0.43940371855984883,0.6725494007692674,0.4881242839396328,0.4662339971068527,0.5599436183349119,0.6385994476841943,0.587201735852672,0.6182592493979694,0.5179327220117106,0.4292317636106004,0.6195441663970354,0.49524710224238694,0.735834557432711,0.8508031557948583,0.5321865545457611,0.7428882874158814,0.5978597911045571,0.5999006418331806,0.6388023515346539,0.5807175439294944,0.5812303430067001,0.657247246068925,0.7294307345497456,0.622138467846852,0.7071460656896396,0.39955086449159005,0.4172661261368275,0.4770735364657249,0.6094065733122055,0.6235849082682932,0.5485633570112822,0.5052346750475796,0.4845226028675102,0.6014733798163676,0.5832931127452641,0.6346797936437234,0.5778003957981093,0.6442496243361012,0.7862119192287692,0.5468933232246821,0.5100482666444365,0.48379335845167326,0.5783456984746629,0.5978631813957157,0.5554883544494498,0.506108289000349,0.6700864227039994,0.4647311629947048,0.6684400519943026,0.591581092104684
EGY,0.7875093546032311,0.644250791577283,0.556199389880624,0.6660939359693873,0.6690097109262818,0.6551840195879606,0.6990159004071484,0.7286751906926752,0.5757775607508406,0.5826825290425396,0.8377365384675982,0.676497717738056,0.7277895049473622,0.7047052800688661,0.6293740185585056,0.689289575614233,0.6774208718239738,0.7438643324440846,0.6175964968160176,0.6685492593394824,0.7343534249713685,0.6434120139617564,0.689949892260627,0.6587156411785433,0.0,0.6379763335558464,0.6647933259768835,0.6815855589718587,0.6833544617722028,0.6723941537318592,0.6504298360252813,0.8327929711279117,0.6594760398146399,0.6151109887823362,0.6098048262178485,0.6516864337604286,0.7697630477713768,0.7377621907202666,0.7336050324615064,0.6491146307898459,0.6173273713360313,0.6828542373494083,0.7460726187706466,0.820161562790749,0.6701356073100687,0.7575381718041442,0.6394563884829433,0.788575390855665,0.6909027526642723,0.6335700569894674,0.6532432177601416,0.775451595435506,0.7469137289685545,0.6151898839639514,0.8067137413764892,0.6751533934153995,0.6396663781882425,0.6826513469049769,0.6151528614519898,0.6361585343038588,0.648607441959681,0.6597657423039271,0.6662484145995283,0.595348299865704,0.5874836872299724,0.6651809533075179,0.6841352563498786,0.7513719793194973,0.8620493656920244,0.648605431404433,0.7038233401784514,0.7085712369653139,0.601191319694527,0.6576063756941398,0.6244500867416379,0.6485952849941867,0.6602637598564198,0.6868684635930051,0.6318931116153864,0.6797854523120556
ESP,0.7709854295384245,0.596410961432593,0.5164484709510505,0.42941142819297273,0.37157955872521786,0.38899620842388327,0.603856932874198,0.559561165333323,0.45766879955412465,0.49175629590789105,0.9302650101620012,0.4671684578168764,0.5561962106166162,0.6030921792822563,0.5165892184428718,0.6017192818356031,0.644140450979066,0.6878070369145867,0.5524680190758047,0.5313666493358047,0.6583463404424227,0.3673675211624885,0.4109279105345979,0.45416065464953886,0.6379763335558464,0.0,0.531160439821574,0.49084206402380565,0.3833934858325503,0.4120247412327218,0.456926795361344,0.7183555661997908,0.4646572166131708,0.4225868872570837,0.5021175027511219,0.569691522819917,0.5572323562185953,0.6320949658250435,0.5721073425968995,0.36023359492088053,0.5791939892142561,0.45599782597767075,0.7608053555740499,0.8351182487947365,0.4767518715080078,0.7559612027035088,0.5796714952872724,0.6037392848414566,0.6227325741487343,0.4989516095231767,0.514068010460595,0.6427281913589542,0.7232987811875249,0.5951768667778234,0.7257634175665607,0.44157648699601815,0.5209501970656352,0.4920357371930911,0.5975985019431418,0.5830114094226748,0.53641306982216,0.4467231577993675,0.3601385093075522,0.5316268311935994,0.5716806872969139,0.6235654377423812,0.53538955275312,0.7069117131521375,0.7838394924476513,0.47181613379465775,0.40824782889547645,0.4990663250270652,0.5089467939626899,0.5512534573108396,0.486084697587636,0.4704791958634016,0.6543849141781711,0.485035093738193,0.6300968575433469,0.5644872434877504
EST,0.7675814836249235,0.6767183893545667,0.590359797969779,0.5229913469320107,0.5452732914206185,0.5553358569501115,0.6039287073223336,0.6214333286796367,0.5487356312835309,0.6362319815853458,0.9354063044070828,0.574267376393583,0.5965616723601938,0.63975505152232,0.662144779934074,0.5900002522133546,0.6156101463416334,0.6896404910709849,0.590788104076114,0.5382303725994082,0.6033614790708623,0.5159160975963791,0.5773459304089801,0.49828190814750195,0.6647933259768835,0.531160439821574,0.0,0.5599420545050663,0.5385210625387584,0.5508501416527946,0.5470926901796546,0.7544774513632112,0.4949863118174693,0.5072102754444613,0.592463719376425,0.6700064892181604,0.6295795096145528,0.6386882293911877,0.6611501279503452,0.5437046955234965,0.6257516335278097,0.6180352899356695,0.7324674910666921,0.8141843556595435,0.6519450477007794,0.6866640845578613,0.4881954067130786,0.6936986156354085,0.5073259843029085,0.5879816942311096,0.6425325206492946,0.6533239062867553,0.6944398549160867,0.6455470645341959,0.6946971641583398,0.5206395867009682,0.5114946087952313,0.5326358994543134,0.5807915664833729,0.6462070989933032,0.5461560319272846,0.49338626712173794,0.5413567531798659,0.5622466527467207,0.5774558185240217,0.6583539305423639,0.5489191839499095,0.7249332330902953,0.764032394194511,0.5329350477566117,0.5604699054013612,0.5810115768705233,0.6089977362006275,0.5870713314679626,0.5769772090869115,0.6153773196346357,0.6546899429488812,0.6083944501794013,0.6385471709049326,0.6639119989442923
FIN,0.7996462005308398,0.644841401364799,0.5959187323156865,0.5253248285374352,0.44747941276916514,0.5134633601451669,0.6864855887335746,0.5987285051434952,0.5413632768754332,0.5619269317940566,0.9252171911980899,0.4922608370569966,0.5577468277443156,0.6078730595933232,0.5880461867413903,0.6260387875844592,0.7041798549910954,0.7461328345394271,0.6160163542356376,0.5948802844179643,0.7079456759099908,0.47712549602622656,0.46644232523267165,0.47380514907253957,0.6815855589718587,0.49084206402380565,0.5599420545050663,0.0,0.4868549072512202,0.5078114221151523,0.5601768470908872,0.7169227574401947,0.5462842829484048,0.5024164513670075,0.5900492523835523,0.6402254867571823,0.6341287733106782,0.6595459077507604,0.5991667037396494,0.48497745863991953,0.6430171116964508,0.49293714685743517,0.7651395051467942,0.8376373727047359,0.5345008199238748,0.7807692660769696,0.6224201761998273,0.6572165588328112,0.6281188634192147,0.6188239309741249,0.571587930775466,0.6713084645296803,0.7583750584296791,0.6378154941760624,0.7751920425966605,0.5057621788658531,0.4990165593175271,0.5313682650604095,0.6334683977241785,0.6329583674322534,0.6167371745559713,0.4982004247910496,0.5233320608543777,0.5965972274569527,0.5912521550452157,0.6900593289310304,0.6243643112224052,0.6710137056734041,0.8225198083369971,0.515963496785373,0.5122748797218943,0.42578793868981896,0.6113956856262857,0.6304287421404525,0.5651414611129835,0.5133623316390654,0.6544743631616555,0.4924948516699486,0.6839102739026169,0.601926150193984
FRA,0.7639580779821336,0.5959566032727315,0.5684347572452532,0.42669151529037336,0.35612433510293884,0.36807702015207716,0.618606019271922,0.511426247308601,0.5223896058309174,0.5002603502922263,0.9236760092060421,0.432075694197793,0.4843955737968842,0.5630193151298958,0.599809849624453,0.601950970686873,0.6669278453580549,0.7314093452472333,0.5550181870076352,0.5396024975514336,0.6658085049284052,0.39809844256620436,0.36033015418203573,0.43170829573539227,0.6833544617722028,0.3833934858325503,0.5385210625387584,0.4868549072512202,0.0,0.3401041704957736,0.482720754024743,0.650419252645374,0.5052099648827882,0.4399022588810927,0.5771363027772788,0.6037851439183011,0.5443205843169486,0.6302230314101429,0.4894430245089352,0.35731653589511775,0.64226784468348,0.4628626623241195,0.728762097952243,0.8492623259954419,0.5139793277454676,0.7596487441659391,0.5899706762771973,0.5773164930060367,0.6379746788025318,0.5428654885504417,0.5393760512968353,0.6377936057444902,0.741798591601284,0.6179926821455627,0.7332708637210169,0.35334658093734617,0.5067574876189455,0.439477533904341,0.604214302375342,0.5968110109225597,0.5723239078364262,0.4918047048647427,0.4022889187943619,0.5907260685247938,0.5631365287112412,0.6412047940922362,0.5636326275393122,0.6556396229966571,0.7649739613313847,0.46975506783393123,0.433219333503391,0.446257308030553,0.5750844305931562,0.5884270429712871,0.5316401054221032,0.5049016158344642,0.6732589559052248,0.3948941911033567,0.6717713816824491,0.5568009508481621
GBR,0.7450659263167267,0.5863601010220818,0.5678906436547454,0.4087915604449748,0.37349903812165336,0.4002880281653139,0.6289339610217018,0.5601603142870809,0.5567775017646955,0.49572679403758585,0.9229208177987269,0.43771303250184285,0.4749525907787659,0.5788710133815842,0.6038376509082527,0.6473858352436201,0.6656045670883305,0.7555614565212907,0.550511230711564,0.576358152698403,0.6719135526883616,0.42037859229807323,0.38885023615045183,0.4470069134550314,0.6723941537318592,0.4120247412327218,0.5508501416527946,0.5078114221151523,0.3401041704957736,0.0,0.5077547955614922,0.6383150567195729,0.5254425380175995,0.5032079477850437,0.5858623446415197,0.6149112265195971,0.5429957628810097,0.623162881832963,0.49715704210823464,0.37017952066641735,0.6472736840843434,0.47828273192598264,0.6990338510158127,0.8722102672881958,0.5304177273530847,0.791342815931217,0.6179143714713313,0.5620812853083944,0.6490339742524428,0.6155003406063723,0.5501458420702107,0.646454065195959,0.7660653686387703,0.5982466237357744,0.7418003455248158,0.35529209443745197,0.47594840397327814,0.4682368804255778,0.606317906142109,0.5915258865014035,0.6101179243649982,0.5228030883938961,0.4387962294981096,0.5957610804106181,0.552305450974445,0.6087376124026225,0.5982825814535959,0.6521092167445702,0.7582201148618558,0.4909550995773669,0.46073353515011634,0.4679184014060578,0.5907126293307338,0.614194832684354,0.5462040038269448,0.5262062694543747,0.6906086973407535,0.3941508909813285,0.6814065894163519,0.5853335141816394
GRC,0.7783663949344909,0.6580382434224626,0.5753204350244012,0.5073559494003435,0.45072616309309543,0.5007851624617714,0.5909302849032201,0.5301037242625788,0.5325741865996046,0.5677308496485147,0.9163921083169968,0.5169051017684149,0.5577315233451688,0.5700023305277256,0.6360687056213254,0.5939742857365112,0.608506809174361,0.6940690615414141,0.5663622191235221,0.500826552975802,0.6255691171844674,0.5080748791964124,0.5207435438093024,0.43940371855984883,0.6504298360252813,0.456926795361344,0.5470926901796546,0.5601768470908872,0.482720754024743,0.5077547955614922,0.0,0.7248651554301774,0.5030806141233759,0.47928099432639115,0.5798985966759597,0.6376986967902616,0.599143737365818,0.6313828072772206,0.5276161856242652,0.4921592139393202,0.612796629535494,0.557338114621733,0.7371195724188396,0.8046319110807876,0.5689603492076115,0.7139347617462387,0.5989328132624926,0.6131171387412125,0.6305508691315523,0.5547207605718657,0.6189142271781812,0.679012433235432,0.6981450901875408,0.6629004411588992,0.6980900385781376,0.48060895061370024,0.5431686231679107,0.5169101582001925,0.5963857869147471,0.5982385619534613,0.5464181268883387,0.5391343955406005,0.48252970842088205,0.5988531636569383,0.5989352543091185,0.6571153923099905,0.5258164272830732,0.6981638138483595,0.7675978355255586,0.5728603752959491,0.5355006620557953,0.5577268531153661,0.5921558748726118,0.5776907996496445,0.5365108505710192,0.5588098312803932,0.673090580437688,0.5250999826297558,0.6527706330641952,0.6148506389493933
HKG,0.8445439509456341,0.7426026921519332,0.8240377008953362,0.6838409949600611,0.6489935857681786,0.6839474487421908,0.7705877258979802,0.7696789425314592,0.7873002913119569,0.7488150153876989,0.949875499051428,0.7121604755719492,0.6505091131087409,0.7617935660557281,0.8149658569880595,0.8195532126442542,0.8221190011140165,0.847923661419929,0.761279970909969,0.7225036434138716,0.7474334746494753,0.7153060483468836,0.7025496120678644,0.6725494007692674,0.8327929711279117,0.7183555661997908,0.7544774513632112,0.7169227574401947,0.650419252645374,0.6383150567195729,0.7248651554301774,0.0,0.7386186581207638,0.7359937712962809,0.774134611192152,0.7997372247313568,0.6679010572683252,0.7525137394978015,0.6526860674035618,0.7011794602830359,0.8113443566845338,0.701692988301994,0.8140347604989766,0.935518906927633,0.7044920117286672,0.8520529444685302,0.7902591984138745,0.6756230603130583,0.8094826471516186,0.8125024549851713,0.7069314169082348,0.6906476999404803,0.884716798616129,0.7174474757659155,0.8446898940888906,0.6418749787089806,0.6776521298233874,0.7080852478002779,0.7968151963579141,0.7935742686546685,0.7381661588074527,0.7416157933462075,0.6831372763390455,0.8240908288717832,0.7735569559837573,0.7172100670514008,0.802466910740635,0.6493622837255928,0.7620362500949205,0.741854276452745,0.7273315461705907,0.7116752990479337,0.7332578787945045,0.7966624385845452,0.7855938715496742,0.7010052133680486,0.8410125742906082,0.6493882146180224,0.8364776771627133,0.7649686683676139
HRV,0.755353180254344,0.6229678535219239,0.5738552341211655,0.5018615903150239,0.5045363355395975,0.5176250205065192,0.598352908203556,0.5994639394324627,0.48532987419982665,0.5729859717002278,0.9063202712735082,0.5566758496270245,0.5668299266592869,0.639520608528546,0.6191603951151411,0.6000792388092713,0.6364245227311232,0.7020317959780455,0.5749801487257415,0.5314550541235534,0.6635088960481967,0.4879413161072173,0.5542485682686439,0.4881242839396328,0.6594760398146399,0.4646572166131708,0.4949863118174693,0.5462842829484048,0.5052099648827882,0.5254425380175995,0.5030806141233759,0.7386186581207638,0.0,0.46483652094376926,0.5676262523191516,0.6197727367650829,0.5894719096422754,0.6427420012177169,0.6120195836817143,0.49291074104072496,0.5886404685331239,0.5866257965377971,0.7493072001366097,0.8090812638062237,0.6072781392278919,0.7081217887960221,0.5156468924735794,0.6645542761406499,0.6058581711072172,0.5590999705074218,0.6162005731778047,0.661669035816084,0.6833732824141199,0.6306495346010924,0.704316981039071,0.4926602821078672,0.5226962066995327,0.5165423712952574,0.5697099994673208,0.6327609859580287,0.5411107273232283,0.46546161119078044,0.4866159441506496,0.5616618492877822,0.5905712296611503,0.6438253870480461,0.5668947743458564,0.6962855448352318,0.7734207326982782,0.5083185236839248,0.5018247663743286,0.5775004826303696,0.5783453887830632,0.5813807566136494,0.5862080210212972,0.5777180265419118,0.6473844398241805,0.5751871176663014,0.6297459371685123,0.6403495221167661
HUN,0.7629127183866647,0.637094851271437,0.49705761245926616,0.4894031687375492,0.442229843010016,0.46015279464782,0.5957851488711429,0.5202721872297441,0.37558768617338045,0.4908803888079234,0.9235264755555925,0.4939813570728152,0.5542532093589216,0.5914037607338674,0.5246937713813922,0.5481871897884639,0.6268871584343934,0.6553326471463738,0.5090398937193094,0.5089917634420056,0.7116788624139867,0.41023000615346117,0.48563628674760984,0.4662339971068527,0.6151109887823362,0.4225868872570837,0.5072102754444613,0.5024164513670075,0.4399022588810927,0.5032079477850437,0.47928099432639115,0.7359937712962809,0.46483652094376926,0.0,0.522807629019433,0.5703620100110848,0.5939076953298965,0.6701211098614246,0.5844989260273319,0.4580891604252156,0.5741404955860331,0.5135610599788696,0.7359466073633676,0.770510093617543,0.5174663095612665,0.6692575913709291,0.47158548364532965,0.6570151065095833,0.6042843987998474,0.4703819294446786,0.5159770271709703,0.6622422078123432,0.6228811657503145,0.5870290916825476,0.6713166712032383,0.4867518279279775,0.5555217458879617,0.48347799923493306,0.47702904125769063,0.5951645270305346,0.4844592077266121,0.41232163226413854,0.46673314245184166,0.4663191332312025,0.5318230649094224,0.661117708546978,0.5139429922469605,0.7073158766992853,0.7928807490398256,0.44195758707253036,0.4580746219176567,0.5128172216487447,0.5115749803624572,0.5306858663999875,0.49150239178110566,0.5141264102433695,0.5701049301343672,0.5047921360303195,0.5971124377733272,0.5645911999504387
IDN,0.7391336374461273,0.6207956443382303,0.5609001803653365,0.5600079380046938,0.5592472734572844,0.5866587132777349,0.6617615307293597,0.6836359181718061,0.5167886657526702,0.5294364849594934,0.87105520368085,0.5793281231150129,0.6412392384426171,0.6405151827872175,0.5330040234242639,0.5929108183301194,0.5988882761833891,0.6972132964053687,0.5778529192916438,0.5610627571232844,0.7240492662642566,0.5437234368931877,0.5889575932017939,0.5599436183349119,0.6098048262178485,0.5021175027511219,0.592463719376425,0.5900492523835523,0.5771363027772788,0.5858623446415197,0.5798985966759597,0.774134611192152,0.5676262523191516,0.522807629019433,0.0,0.5956841283092963,0.6761880353985608,0.6870832939725253,0.6544276106587104,0.5435217141064785,0.5511083530810359,0.5612830062959436,0.7494376087628777,0.8329331674288373,0.5795685204951811,0.6969254103970995,0.5891509707137349,0.7119108997565974,0.6801517980341051,0.52896019800681,0.556860014620549,0.6890126380148948,0.7020456609151863,0.5474190293076978,0.7363632756984134,0.6023407612631103,0.5958605884727189,0.5700333219403003,0.6059899130051773,0.6000560572827874,0.5182669741911825,0.5285181084392186,0.5293569247912222,0.5723282145816998,0.5919287219213676,0.6472042070550249,0.5944728957559898,0.7234074162910163,0.8475690494581406,0.5980663968056221,0.5820642208040986,0.6249303671924714,0.48196882547633474,0.5722059159261825,0.549966660538984,0.530199073216335,0.6432884436328212,0.6024060888509644,0.5820419385627087,0.6239396700728341
IND,0.77974899253689,0.6104092362028324,0.5874156977197819,0.5898818177872348,0.6074214517712929,0.6126200260665624,0.6462366145483465,0.6420626239335135,0.5370022818404585,0.5543558003619568,0.8710396142206501,0.6233280620968725,0.6956334823455964,0.7067476885896812,0.5748603507986226,0.676019942048077,0.6727302154464749,0.7674911854628796,0.6533630043966651,0.6911820033741166,0.7637615786242954,0.5691547415816413,0.6330108499587953,0.6385994476841943,0.6516864337604286,0.569691522819917,0.6700064892181604,0.6402254867571823,0.6037851439183011,0.6149112265195971,0.6376986967902616,0.7997372247313568,0.6197727367650829,0.5703620100110848,0.5956841283092963,0.0,0.6602368075615144,0.7322094188386112,0.6617414247384898,0.5845601429350238,0.6278557946685275,0.6251915637652193,0.7621307492146635,0.7798901267053555,0.6308275552585115,0.7627719597429781,0.6277326186366595,0.70651040236537,0.7225866046005512,0.5950627671493965,0.6225044932866244,0.7496714407268649,0.6728151124209916,0.6386082520511039,0.7880343133430191,0.6343749215113114,0.6660579296172117,0.6461664523008339,0.5852824503833431,0.6875040726231278,0.6280155977384507,0.6020097532634201,0.6154657480096851,0.5711017625038889,0.6039290725058427,0.702872906610583,0.6649670054449148,0.7408242166607719,0.8238488290502908,0.6095661737554265,0.6210653706650944,0.6632267455562776,0.6216955581990933,0.6222868931256654,0.5725946824306463,0.6339160561049688,0.6594547578167226,0.649471009064514,0.6486812093130745,0.6492269349435368
IRL,0.8056825681490372,0.6824815018599253,0.6696288943487275,0.5474603837814037,0.5739721101636,0.6101095795286381,0.6468621094700484,0.6460036728007267,0.6359193477548964,0.6477031685735811,0.9471812242427087,0.6228664043832637,0.6222101530344293,0.6801265906256342,0.710274708472593,0.7014506555950507,0.727315518467749,0.7217996734951602,0.659070425710799,0.6568730371043522,0.7224662873293755,0.6066441703431503,0.6285575741925284,0.587201735852672,0.7697630477713768,0.5572323562185953,0.6295795096145528,0.6341287733106782,0.5443205843169486,0.5429957628810097,0.599143737365818,0.6679010572683252,0.5894719096422754,0.5939076953298965,0.6761880353985608,0.6602368075615144,0.0,0.6763453158402881,0.6047525983348944,0.602741681428164,0.713931880385315,0.6453525308084926,0.7928583623728913,0.8318245616027191,0.6704313801085332,0.7563871856490822,0.666289263511992,0.6563317879690004,0.7027695275576447,0.6570679802984682,0.6910122914030588,0.6754048222230794,0.7217960877079156,0.6926676330734729,0.7518524579349405,0.5620741673165651,0.6224924749681039,0.5836802511632778,0.6705291725904704,0.6929625618608374,0.6172883728145742,0.6164005503145019,0.5580165750153309,0.6879742294118697,0.7199510644529167,0.7055526309551999,0.651137888070499,0.7119372326394505,0.7760635415052122,0.6488087017798067,0.6004959982599155,0.6359709023204048,0.6637446465729152,0.6542406148606251,0.6727289447795805,0.6586309581519868,0.7470729420331438,0.59591573491953,0.7123890744214125,0.7063398386840248
ISL,0.8059921163467156,0.7065693361352955,0.7199596247504144,0.6092406906888074,0.631807996446203,0.650148380635768,0.6574834914341456,0.7069945819396874,0.6810290518086728,0.7000131267559351,0.9481955092772782,0.6670456506781076,0.6445858537798383,0.69614991440845,0.7357835722366349,0.737703348748743,0.7458182438265999,0.7895444915753907,0.7065205920189276,0.6832352377228462,0.6838608929047072,0.6500236313046983,0.6560621304843106,0.6182592493979694,0.7377621907202666,0.6320949658250435,0.6386882293911877,0.6595459077507604,0.6302230314101429,0.623162881832963,0.6313828072772206,0.7525137394978015,0.6427420012177169,0.6701211098614246,0.6870832939725253,0.7322094188386112,0.6763453158402881,0.0,0.7126086175443227,0.6490534025857603,0.6989314717198389,0.6750441088976082,0.7868203236005255,0.8646232619275133,0.706574256214587,0.7833259381461507,0.7177696740111926,0.6527116091912382,0.7019094034324607,0.6879103934242268,0.72976870957804,0.7075802112926403,0.7690176738315101,0.7284348663294267,0.7932439695055696,0.62692296649727,0.6010221997184408,0.6307864561757026,0.7106564974001426,0.726474919514329,0.6889108678624909,0.688167472761294,0.6507502952433069,0.7280219812206112,0.6989722315742469,0.7464002544579256,0.6650109979714555,0.7482026503908349,0.7724191695650278,0.6702173170099907,0.6734737190813611,0.6794785359800317,0.7237609554925678,0.6817158942555002,0.6787339706729277,0.6890115521923392,0.7841699228137381,0.6651628691232631,0.7352575906690672,0.7415443998910917
ISR,0.8091351615151535,0.6557013561078089,0.6479211810785408,0.5749571004280492,0.5175767185923228,0.5274270807400417,0.7008826593732135,0.6143555820191505,0.6577001321509764,0.5824266243540026,0.9141046902110844,0.5392359945089908,0.5403264848297096,0.5811937247207205,0.6716855846709756,0.6838083756990286,0.7142351521051183,0.7891483506379451,0.6341075662766618,0.6374101781714756,0.7211141721001089,0.5882532797765085,0.524846984041484,0.5179327220117106,0.7336050324615064,0.5721073425968995,0.6611501279503452,0.5991667037396494,0.4894430245089352,0.49715704210823464,0.5276161856242652,0.6526860674035618,0.6120195836817143,0.5844989260273319,0.6544276106587104,0.6617414247384898,0.6047525983348944,0.7126086175443227,0.0,0.5257202066702997,0.6753808541939806,0.5729059808689264,0.7487420876202191,0.8925785834344298,0.5808026626793835,0.8269858573052578,0.7103123160337359,0.628646764077158,0.7573841114776746,0.6629182358546557,0.6274475956617962,0.6998617813986329,0.8099613980421952,0.6582590639872439,0.7727231350301434,0.48077900745317564,0.5843948762350819,0.5588388536308894,0.7136461554006405,0.6589810372114348,0.6559816031479768,0.6513777067244095,0.570606598683214,0.7122945574424343,0.640890536026462,0.6545577355275017,0.6668783608402286,0.5834749749711083,0.8060247939364378,0.6400518422502771,0.5988970066913213,0.5570814186984254,0.6577063352757833,0.6996722209148383,0.6466023538750532,0.5744993235609445,0.7483813011373467,0.47751735328867295,0.7562723627025615,0.6291483620651916
ITA,0.7703369280367763,0.602876414894699,0.5480142906612759,0.4442995626223154,0.3670305633740772,0.3746258206776192,0.5836819246433208,0.5541196393952702,0.5021788346286201,0.4920477613675136,0.9216947310935792,0.4791447742410698,0.5075445237826045,0.5888519202070032,0.5205025299229782,0.6060126583801375,0.6673713216445929,0.7415174522167103,0.575494606960921,0.5492421996951522,0.683485232433496,0.37172156916728133,0.35868289418461496,0.4292317636106004,0.6491146307898459,0.36023359492088053,0.5437046955234965,0.48497745863991953,0.35731653589511775,0.37017952066641735,0.4921592139393202,0.7011794602830359,0.49291074104072496,0.4580891604252156,0.5435217141064785,0.5845601429350238,0.602741681428164,0.6490534025857603,0.5257202066702997,0.0,0.6222377710052059,0.43892077671423374,0.7364099695510012,0.8399651794500482,0.4735740616402156,0.7936907716229996,0.6035672229896748,0.5755295370974036,0.6330932871078869,0.5707824977198903,0.5067758910832468,0.6520097401137013,0.7445104526592005,0.6187075308124346,0.7322633637964012,0.4120610339982276,0.4965626603468411,0.47260070621381456,0.6057250253623528,0.5957967161094879,0.5924594262012466,0.4707824520058297,0.3905288108419556,0.5628647283891172,0.5578033277717385,0.6211945649108939,0.5701520255921911,0.6701842519951103,0.8122820406285094,0.4506723226712858,0.42192491875862737,0.4627573513833966,0.5600012444007038,0.5731090435682001,0.5065828550258652,0.47153100333645126,0.6674284250944755,0.43511424637102686,0.6427605310921313,0.5821551437718092
JOR,0.7825229054775881,0.6441662783846706,0.5965653558595888,0.611710189993561,0.6244142681098331,0.6414805534669459,0.6725128130085445,0.6990285785643975,0.5587323875571459,0.6224923655756112,0.8881358784297394,0.643476612361725,0.6995593854754704,0.6976454625721691,0.6111844135683452,0.64127812179004,0.6412146305474122,0.7287533355904339,0.5993088053702877,0.6427953529939173,0.7332770185238386,0.5955385508349514,0.6509696593370473,0.6195441663970354,0.6173273713360313,0.5791939892142561,0.6257516335278097,0.6430171116964508,0.64226784468348,0.6472736840843434,0.612796629535494,0.8113443566845338,0.5886404685331239,0.5741404955860331,0.5511083530810359,0.6278557946685275,0.713931880385315,0.6989314717198389,0.6753808541939806,0.6222377710052059,0.0,0.6472280150113141,0.772221358471276,0.8402689173851184,0.6578849657466265,0.7139920150116608,0.6071528735674165,0.743137237627824,0.682717877503597,0.5624401487355789,0.6440613115874042,0.7050829365238552,0.7565505589089045,0.6142430447848604,0.7498310801526563,0.6426711351787111,0.6338008206909536,0.630432992415192,0.6624400313571791,0.6392569371444257,0.5872618165784761,0.5792118790961853,0.6169269070988868,0.6016460500486538,0.590452683404376,0.6821690328375773,0.6218997510657301,0.7824109297155878,0.8352619256559657,0.6117525621937147,0.6495954962239002,0.6812551547864397,0.6137219878120023,0.6432596702235367,0.5942320140417607,0.6236693365082245,0.6574038262686402,0.6706139857280997,0.6363503471482609,0.668728089842668
JPN,0.8027524813167207,0.6525367797934674,0.5938269677454521,0.5357622577147768,0.44285284299417554,0.49886546693759365,0.6827610943546834,0.6449855826910755,0.5592483670959358,0.5435980579993671,0.9322437685910924,0.4929789444945265,0.5445351714312139,0.6256567797000693,0.5267699053863812,0.6697118582192634,0.7270576198493502,0.7752125092675928,0.6305676855782653,0.6037495560009601,0.7254344492479856,0.4656430278578737,0.42312640917209027,0.49524710224238694,0.6828542373494083,0.45599782597767075,0.6180352899356695,0.49293714685743517,0.4628626623241195,0.47828273192598264,0.557338114621733,0.701692988301994,0.5866257965377971,0.5135610599788696,0.5612830062959436,0.6251915637652193,0.6453525308084926,0.6750441088976082,0.5729059808689264,0.43892077671423374,0.6472280150113141,0.0,0.7711124361529303,0.8342415776780759,0.43867128465823896,0.8126813477379382,0.6666258768970338,0.638874258409017,0.6881418741426361,0.6045739025140168,0.5245695501111711,0.6540811013920194,0.7755784652654745,0.6469873670595607,0.7948149767766779,0.538837958514463,0.5694246724511336,0.5763968182329133,0.6490798542628132,0.6440585249009558,0.640231060576202,0.5493012446371163,0.5005179550574308,0.6067566199352772,0.5951043182235822,0.6797066301877577,0.6488631711445565,0.6582707667595306,0.8224736917030653,0.528250523497513,0.49447681851908176,0.48237050292608225,0.5468463667829178,0.6353648745825075,0.5348666128962397,0.4348008042724069,0.6832058916657613,0.47888721350287977,0.6823857300936039,0.6108699267526485
KAZ,0.7708333931335063,0.7221473242130583,0.7054066346673333,0.6687016969862299,0.7396493607912331,0.7310443526474443,0.7504899165838361,0.7535146627176054,0.772669669458641,0.7230577426479752,0.8961038036615487,0.7189194121595275,0.7571339702040679,0.7555463486800877,0.7890507520323763,0.7862066960134121,0.7145820390968942,0.7815083996428122,0.7232183102659538,0.7352884895749597,0.8328528420771528,0.7358165998129501,0.7571087060062193,0.735834557432711,0.7460726187706466,0.7608053555740499,0.7324674910666921,0.7651395051467942,0.728762097952243,0.6990338510158127,0.7371195724188396,0.8140347604989766,0.7493072001366097,0.7359466073633676,0.7494376087628777,0.7621307492146635,0.7928583623728913,0.7868203236005255,0.7487420876202191,0.7364099695510012,0.772221358471276,0.7711124361529303,0.0,0.8744197574259361,0.8146213268922349,0.807609706526609,0.7689719821100571,0.7722325900949543,0.7864856270657294,0.7758190218775137,0.7471677470485931,0.8389451335159596,0.803691089212253,0.7259369422066257,0.784344653473086,0.7103487334285027,0.7055337061073065,0.728589429608076,0.7494085374259009,0.6867847518552451,0.7568661544434325,0.7274061528034833,0.744039819166379,0.7721139514200626,0.6535740297972931,0.6143003757539289,0.7694333708575011,0.8405651585621595,0.8478620874167211,0.7435533058956588,0.7509050523338965,0.7609877934598179,0.786901848638322,0.7533981537813162,0.7566469236715739,0.7982036540153774,0.7367945975127669,0.7289015273318087,0.7380453167992232,0.7337884966910985
KHM,0.892890955587894,0.8939030575243149,0.7802244685749727,0.8185558393163266,0.8485517628691733,0.8547700715895519,0.670789096916656,0.7676919155217704,0.7528908950255316,0.8396475019908031,0.9680313656503964,0.8405550552290529,0.887120531091118,0.8666054896857642,0.8060875404753224,0.8174159313449801,0.8179196965554584,0.7806417342350038,0.8398075568749636,0.7971539878541231,0.88274788757617,0.7956616332700543,0.8779008394637391,0.8508031557948583,0.820161562790749,0.8351182487947365,0.8141843556595435,0.8376373727047359,0.8492623259954419,0.8722102672881958,0.8046319110807876,0.935518906927633,0.8090812638062237,0.770510093617543,0.8329331674288373,0.7798901267053555,0.8318245616027191,0.8646232619275133,0.8925785834344298,0.8399651794500482,0.8402689173851184,0.8342415776780759,0.8744197574259361,0.0,0.828612563376167,0.7565866689537684,0.7666883277857385,0.8760359047689221,0.7868907929636604,0.77165770295527,0.8306342375260461,0.8842708457653798,0.6199502342860118,0.8512110743334226,0.8151445436833148,0.8690321151963142,0.87540764040747,0.8222298193521098,0.7020780277249274,0.8482490210266476,0.7873749707488752,0.753747632126393,0.8329463943903123,0.7095112207566201,0.835238231477303,0.8890149816963419,0.7589735831169276,0.934152096182538,0.8864083287452366,0.7713977576740427,0.8294505183926487,0.8523778134234893,0.8230634262620351,0.7555133213985514,0.777320872725725,0.8137243406786713,0.6718450387816728,0.8765395436308591,0.7398285749183451,0.8620589973580205
KOR,0.8199059535145321,0.6796770232094151,0.5910743494520139,0.5971367322246006,0.49303845799954116,0.5145270447679274,0.6500902524087548,0.6314261466152896,0.53431366528951,0.5433513347149701,0.9426124064201306,0.5267047017211259,0.6029759932117984,0.6303380722242948,0.45768602785906676,0.6708446239048165,0.7239245536053902,0.7699784330570449,0.6214782060739623,0.6255307344184673,0.717624610340342,0.5019621683634259,0.4836916856965136,0.5321865545457611,0.6701356073100687,0.4767518715080078,0.6519450477007794,0.5345008199238748,0.5139793277454676,0.5304177273530847,0.5689603492076115,0.7044920117286672,0.6072781392278919,0.5174663095612665,0.5795685204951811,0.6308275552585115,0.6704313801085332,0.706574256214587,0.5808026626793835,0.4735740616402156,0.6578849657466265,0.43867128465823896,0.8146213268922349,0.828612563376167,0.0,0.8219716205057904,0.6721503028797964,0.664030443718032,0.699890476259009,0.5951089356634423,0.4985106281440964,0.6519161340132024,0.7637002852871106,0.620754801778999,0.7790283497449348,0.5700772157255358,0.5901441448524183,0.6059318049228319,0.6489599387867869,0.6649781523017593,0.617542051396803,0.5696945188293332,0.5298584847155771,0.5800541528153467,0.6292014985823583,0.719262843624956,0.6395748076390639,0.6316930244876997,0.8451855502956364,0.5676506891661944,0.5485656460846711,0.5388539102287591,0.5126247556879403,0.6089333398148139,0.5487040339601434,0.37764404920707423,0.67802721668338,0.5145061793452012,0.6536272876755934,0.6327609467511076
LAO,0.780879870248893,0.7915509999036174,0.7254233032671149,0.7370484461014193,0.7573369650171703,0.7939676652019735,0.7001252323383245,0.7356373543214468,0.6928816472466527,0.7547320269090994,0.9020534247717991,0.7693894548150182,0.7918137946957312,0.7268340074460307,0.7778556174526257,0.6977029333353352,0.7206779563149827,0.7062537184739996,0.6987078298101133,0.6947412118712,0.8011792006588381,0.7342902234702715,0.8106079333131979,0.7428882874158814,0.7575381718041442,0.7559612027035088,0.6866640845578613,0.7807692660769696,0.7596487441659391,0.791342815931217,0.7139347617462387,0.8520529444685302,0.7081217887960221,0.6692575913709291,0.6969254103970995,0.7627719597429781,0.7563871856490822,0.7833259381461507,0.8269858573052578,0.7936907716229996,0.7139920150116608,0.8126813477379382,0.807609706526609,0.7565866689537684,0.8219716205057904,0.0,0.630729509894956,0.8383726952432933,0.7476511732947406,0.6784981571748067,0.7796870432145422,0.8013033120667724,0.6478806325946178,0.7599846908021173,0.7557025894176893,0.7681216938831698,0.7864403266165421,0.7167886523970767,0.6510976401151283,0.7301467496503138,0.6429790992388871,0.6556999362324097,0.755335715893067,0.6776808760397464,0.7415661386777382,0.8016470586586645,0.7120413636043281,0.8864189003936177,0.8156523927362971,0.7346584118258057,0.7716128696859074,0.8013408015578966,0.7291364819182632,0.6909591790269811,0.7409846439679837,0.7918703212287739,0.6983256591600432,0.8036131073703745,0.6774276370345941,0.7831211120232985
LTU,0.7495319847006772,0.6938194230230714,0.5842365076675122,0.5816092059604283,0.5992501292953081,0.6054200491029619,0.6265898896280396,0.6265570134040007,0.45767785912202646,0.5801187562164013,0.8961866781176336,0.646714028135238,0.6525368732902169,0.662646732666774,0.6497890218225758,0.5830468780480998,0.6381102775862589,0.677682579297247,0.5721996058261807,0.5539919099166866,0.722929923609631,0.5585420088171669,0.6521529016349725,0.5978597911045571,0.6394563884829433,0.5796714952872724,0.4881954067130786,0.6224201761998273,0.5899706762771973,0.6179143714713313,0.5989328132624926,0.7902591984138745,0.5156468924735794,0.47158548364532965,0.5891509707137349,0.6277326186366595,0.666289263511992,0.7177696740111926,0.7103123160337359,0.6035672229896748,0.6071528735674165,0.6666258768970338,0.7689719821100571,0.7666883277857385,0.6721503028797964,0.630729509894956,0.0,0.7633046025238577,0.5821736449325768,0.5725376151556107,0.6506169749412538,0.6937427882165587,0.6132042784321375,0.6553356807091741,0.6593654067584284,0.5980962676435637,0.640359731233317,0.5673592181478803,0.4669282490821429,0.6617099889840163,0.5001314151557885,0.48865816653626476,0.5740818449690024,0.495377891134368,0.596144070443621,0.7026884357835012,0.574674404304341,0.762206113544142,0.7840096960556274,0.500189361850815,0.5952449579936523,0.6642466592782877,0.5750183699682943,0.6104809680829748,0.5959250806920154,0.639438318056351,0.6002886264443781,0.6701486570643572,0.5912038411229846,0.6664465321676345
LUX,0.8326114374839514,0.7118421926477352,0.7311847443590531,0.6038510359164795,0.5598633036582384,0.5974945160485059,0.7026541366368922,0.6771054974435647,0.6974967421316592,0.6755527047535775,0.9479129995484572,0.6158460708358372,0.613146711916392,0.726877496301755,0.7214079322874446,0.7533253846090505,0.7816827883708338,0.8117990734259284,0.7265586694094316,0.6948912803173967,0.7022933471639473,0.6133393996021139,0.5978186685690787,0.5999006418331806,0.788575390855665,0.6037392848414566,0.6936986156354085,0.6572165588328112,0.5773164930060367,0.5620812853083944,0.6131171387412125,0.6756230603130583,0.6645542761406499,0.6570151065095833,0.7119108997565974,0.70651040236537,0.6563317879690004,0.6527116091912382,0.628646764077158,0.5755295370974036,0.743137237627824,0.638874258409017,0.7722325900949543,0.8760359047689221,0.664030443718032,0.8383726952432933,0.7633046025238577,0.0,0.7526027172220046,0.7168359776373117,0.703794215291459,0.747730489042173,0.8257544460961362,0.694590856569683,0.7838967026299344,0.5829953767789132,0.6506936843567487,0.6344321515954592,0.7338575519747433,0.7417017093704101,0.7287657724501242,0.6664422878538829,0.6317262980448108,0.7452400531461809,0.688378688717271,0.7389808104640759,0.7326334875645002,0.7235157162959766,0.7462318114523696,0.6600172942911157,0.6505433729987405,0.6398275361941019,0.7413332890871128,0.7332071268421279,0.6888776558426463,0.6577184042444625,0.7756133801963239,0.5896734861708074,0.7970403136699247,0.7198745064266083
LVA,0.8298246096246199,0.7611381212186251,0.6674602273723502,0.6071756351309213,0.6422016928419182,0.6326976128050055,0.6547995652405437,0.6801235738123459,0.6038096869678663,0.7068768171500132,0.9547422276020816,0.676308438574613,0.6971223720704188,0.7143714702194145,0.7150430570033618,0.629545026028338,0.6707890754200649,0.719304103822026,0.6848091200602451,0.652713400386449,0.6697373316023931,0.5950568102692356,0.6658442992099797,0.6388023515346539,0.6909027526642723,0.6227325741487343,0.5073259843029085,0.6281188634192147,0.6379746788025318,0.6490339742524428,0.6305508691315523,0.8094826471516186,0.6058581711072172,0.6042843987998474,0.6801517980341051,0.7225866046005512,0.7027695275576447,0.7019094034324607,0.7573841114776746,0.6330932871078869,0.682717877503597,0.6881418741426361,0.7864856270657294,0.7868907929636604,0.699890476259009,0.7476511732947406,0.5821736449325768,0.7526027172220046,0.0,0.6732943200630809,0.7180723262381061,0.714274215795108,0.7282806448518505,0.7072199438440673,0.7361123918509564,0.6477005151353826,0.6282196288385962,0.6262112540085603,0.6444254194653278,0.6968291885115082,0.6356551036152895,0.5673331355133439,0.6272665854216508,0.6230096409935252,0.6601787200526754,0.760899095330271,0.5886872218411074,0.7998394077481478,0.7850500624625634,0.5688407672851825,0.6473032813789655,0.6424336178871398,0.6902413847670745,0.653297950555887,0.650904509233562,0.6870468356943908,0.6728524968982866,0.7103518688086474,0.6911154423161854,0.7419172918024599
MAR,0.7635612209097992,0.6478257828978117,0.5399401354632501,0.5793849690851112,0.5730153127627658,0.5640375343409474,0.6397003867788544,0.6211697863751443,0.49170371315189343,0.5466955416979078,0.9092008562000297,0.5808412473382484,0.6654966947581374,0.6361548230635475,0.5760298731144876,0.585878720127503,0.6416759422537306,0.6639071424833242,0.5888919726600212,0.564693307417601,0.7222038154970518,0.5486818113420161,0.5934416850195988,0.5807175439294944,0.6335700569894674,0.4989516095231767,0.5879816942311096,0.6188239309741249,0.5428654885504417,0.6155003406063723,0.5547207605718657,0.8125024549851713,0.5590999705074218,0.4703819294446786,0.52896019800681,0.5950627671493965,0.6570679802984682,0.6879103934242268,0.6629182358546557,0.5707824977198903,0.5624401487355789,0.6045739025140168,0.7758190218775137,0.77165770295527,0.5951089356634423,0.6784981571748067,0.5725376151556107,0.7168359776373117,0.6732943200630809,0.0,0.5820570689406968,0.7218110437649778,0.6847045122409989,0.6071895597452073,0.7261321816879421,0.5952363122601471,0.654901157216842,0.5873276597253189,0.5982685291677301,0.6241420844270784,0.506867182726129,0.527806826706973,0.5419974125864778,0.5589680831339081,0.6030753019795659,0.6916535530202248,0.5449646714978204,0.7675692534194721,0.8180603835207072,0.5809521769000203,0.5943518064601526,0.6287520222017003,0.5533470290969666,0.5599691835350521,0.5395205809776766,0.5845840234218226,0.616562761997264,0.6216997498439177,0.6124459534419369,0.6067267277844746
MEX,0.7838196008797473,0.6627696813304133,0.5131293937235716,0.5775729559059735,0.5340154940693564,0.5472657473768565,0.6717614748589529,0.6410352229653019,0.5467683191813455,0.5357256636551555,0.9259259250031721,0.5414616721810718,0.5968417589726559,0.6413453885368016,0.5037925780713293,0.6578750736992394,0.6837303221417309,0.7174436563811212,0.6087053784795422,0.5858700851684265,0.7733041146142913,0.5299208317713977,0.5227377342426373,0.5812303430067001,0.6532432177601416,0.514068010460595,0.6425325206492946,0.571587930775466,0.5393760512968353,0.5501458420702107,0.6189142271781812,0.7069314169082348,0.6162005731778047,0.5159770271709703,0.556860014620549,0.6225044932866244,0.6910122914030588,0.72976870957804,0.6274475956617962,0.5067758910832468,0.6440613115874042,0.5245695501111711,0.7471677470485931,0.8306342375260461,0.4985106281440964,0.7796870432145422,0.6506169749412538,0.703794215291459,0.7180723262381061,0.5820570689406968,0.0,0.659035847686011,0.729892738152668,0.5953054703498061,0.744275608461413,0.5783877277250304,0.6071976708618008,0.6010162740339082,0.6310702340925531,0.6306060702543537,0.5890866807239177,0.5455475407877178,0.544269425459894,0.5769694871953253,0.60405987382292,0.6507058279221937,0.6219908204606057,0.7105213470364128,0.8745384109557408,0.5902794268622336,0.5671888047379223,0.5722318579077182,0.5279819326635772,0.6372007100051795,0.5690335504823777,0.5063227658176158,0.6468023245600857,0.5227301503526576,0.6222733267696225,0.6315884093824616
MLT,0.8267282175137124,0.7335854799881129,0.723728258344891,0.6745984647845711,0.6419584154720979,0.6591531508412795,0.7218773915041989,0.7417053653574478,0.6776423809101144,0.7042620367318277,0.9594801800043005,0.6879417874378397,0.6343742151887266,0.7258891525779804,0.690561142823726,0.727397628435298,0.7584340994646471,0.8135116513707126,0.7042084500245613,0.6760493016290783,0.7255774683199929,0.6524206395635216,0.6734610300781767,0.657247246068925,0.775451595435506,0.6427281913589542,0.6533239062867553,0.6713084645296803,0.6377936057444902,0.646454065195959,0.679012433235432,0.6906476999404803,0.661669035816084,0.6622422078123432,0.6890126380148948,0.7496714407268649,0.6754048222230794,0.7075802112926403,0.6998617813986329,0.6520097401137013,0.7050829365238552,0.6540811013920194,0.8389451335159596,0.8842708457653798,0.6519161340132024,0.8013033120667724,0.6937427882165587,0.747730489042173,0.714274215795108,0.7218110437649778,0.659035847686011,0.0,0.8273007956351096,0.7233117392284729,0.8193171390996107,0.6643377630544509,0.6954914620726568,0.6901882282192096,0.7278353552490925,0.7455634329911434,0.662932389765875,0.6640119918576305,0.638103434758263,0.7182654894374638,0.7144883810267427,0.7706127236002164,0.7045519824965483,0.7157537106847843,0.8243561333355937,0.6562365376520791,0.6699841857840301,0.676565023738297,0.6348601607116597,0.693298140695493,0.6733632263036718,0.6434722124558346,0.7990306914393428,0.6805027284183397,0.7124860662435287,0.7629792941131956
MMR,0.8170278432041069,0.791225365703812,0.6673978069907198,0.6936019877351269,0.7586972055421614,0.769083235661013,0.589590130780056,0.6728661897852308,0.5713534839452309,0.7193133225100984,0.9271259062102447,0.7408010688067279,0.7962764219144745,0.7460570549432786,0.7189057456100986,0.7185629244758808,0.7192332206668242,0.6950683382968129,0.7215167094821104,0.7028459737103447,0.8040198242007012,0.728659721650908,0.783670003433141,0.7294307345497456,0.7469137289685545,0.7232987811875249,0.6944398549160867,0.7583750584296791,0.741798591601284,0.7660653686387703,0.6981450901875408,0.884716798616129,0.6833732824141199,0.6228811657503145,0.7020456609151863,0.6728151124209916,0.7217960877079156,0.7690176738315101,0.8099613980421952,0.7445104526592005,0.7565505589089045,0.7755784652654745,0.803691089212253,0.6199502342860118,0.7637002852871106,0.6478806325946178,0.6132042784321375,0.8257544460961362,0.7282806448518505,0.6847045122409989,0.729892738152668,0.8273007956351096,0.0,0.7597916816995185,0.7152937967958374,0.7526114962150482,0.749740345047877,0.6857534939028233,0.4594653589661183,0.750931606494261,0.6633861969597827,0.6586520616712642,0.730344540857813,0.6097969226340922,0.7618114842926865,0.8000116907002206,0.6585670966385464,0.8627125978692175,0.8490013436811206,0.7326398156368726,0.7264434207648687,0.7781029559530667,0.7029218737966795,0.6390793893405629,0.7255655020942845,0.7517522744504251,0.6355092968925455,0.7742630524516398,0.6161319843793626,0.7900440299828406
MYS,0.7653165747908054,0.6496607079884734,0.5863533953958868,0.6089809995995742,0.6175944377104292,0.6249654871177002,0.715389564920654,0.6976832115535756,0.5886262236365878,0.5837806489227446,0.8653440418978648,0.6029411861268978,0.6731381468433549,0.6948982382222733,0.6010056797874901,0.6796444547279005,0.6446302764221861,0.7304380454446106,0.5885169004031733,0.6484065480093746,0.735981676107236,0.5949388448089828,0.6350880097096749,0.622138467846852,0.6151898839639514,0.5951768667778234,0.6455470645341959,0.6378154941760624,0.6179926821455627,0.5982466237357744,0.6629004411588992,0.7174474757659155,0.6306495346010924,0.5870290916825476,0.5474190293076978,0.6386082520511039,0.6926676330734729,0.7284348663294267,0.6582590639872439,0.6187075308124346,0.6142430447848604,0.6469873670595607,0.7259369422066257,0.8512110743334226,0.620754801778999,0.7599846908021173,0.6553356807091741,0.694590856569683,0.7072199438440673,0.6071895597452073,0.5953054703498061,0.7233117392284729,0.7597916816995185,0.0,0.7302116252544717,0.6051783684323443,0.6058743557419621,0.6352002667584938,0.65949289520873,0.6608323256754797,0.5752628870518989,0.6024891069836749,0.6332585955535088,0.5999438698446495,0.591167093158735,0.6161222482299776,0.6534735554589022,0.7097436822222241,0.8106548664677954,0.6282897221193429,0.6623440936915086,0.6625523729582432,0.5592135722384068,0.6642835655104945,0.6486934766829718,0.5935848983317021,0.6348489167973949,0.6197769249542441,0.6242546240404562,0.6550879147669817
NGA,0.819018669166899,0.8180963428313895,0.7182423970281627,0.7013422546979453,0.7546601136992864,0.7520028417890616,0.6934728797205066,0.7552685854750172,0.6682522669450847,0.742836910774147,0.9430002158453881,0.7443645750484168,0.775686163538305,0.7823332221116535,0.7752422385175276,0.7056453240340136,0.6870309127407805,0.7222084053909248,0.7017615477482982,0.6721393405516574,0.7990724964203351,0.7334534308717091,0.774060494037717,0.7071460656896396,0.8067137413764892,0.7257634175665607,0.6946971641583398,0.7751920425966605,0.7332708637210169,0.7418003455248158,0.6980900385781376,0.8446898940888906,0.704316981039071,0.6713166712032383,0.7363632756984134,0.7880343133430191,0.7518524579349405,0.7932439695055696,0.7727231350301434,0.7322633637964012,0.7498310801526563,0.7948149767766779,0.784344653473086,0.8151445436833148,0.7790283497449348,0.7557025894176893,0.6593654067584284,0.7838967026299344,0.7361123918509564,0.7261321816879421,0.744275608461413,0.8193171390996107,0.7152937967958374,0.7302116252544717,0.0,0.7180447397140144,0.7346688792164727,0.6714975992978983,0.7159552167199579,0.7562005281258614,0.6608774144244889,0.6684123149192536,0.7180093771054712,0.6765914542916595,0.7616952652694581,0.7645987003625931,0.6740330400179012,0.8625030120827365,0.8390294362276353,0.7223084196899533,0.7393174539132489,0.7957385473028455,0.7356897549771111,0.7381130782994845,0.7475515955036004,0.7802472091052234,0.7259354096477839,0.7515168182918582,0.7197324976853072,0.7999330772656746
NLD,0.7592493072535356,0.5936143513301378,0.5826603336006102,0.41762666384720215,0.41076861079435695,0.38430418135706,0.6290459971174608,0.55010060948903,0.5431507472540134,0.5338250454641084,0.9207549726941273,0.4587797576518875,0.4992873865833054,0.5654505526087215,0.6514509860130491,0.6341834566895627,0.6590129013925803,0.7389738140750672,0.5676830659289757,0.5275116841180681,0.6404302701664808,0.4366469415516591,0.4281244895925502,0.39955086449159005,0.6751533934153995,0.44157648699601815,0.5206395867009682,0.5057621788658531,0.35334658093734617,0.35529209443745197,0.48060895061370024,0.6418749787089806,0.4926602821078672,0.4867518279279775,0.6023407612631103,0.6343749215113114,0.5620741673165651,0.62692296649727,0.48077900745317564,0.4120610339982276,0.6426711351787111,0.538837958514463,0.7103487334285027,0.8690321151963142,0.5700772157255358,0.7681216938831698,0.5980962676435637,0.5829953767789132,0.6477005151353826,0.5952363122601471,0.5783877277250304,0.6643377630544509,0.7526114962150482,0.6051783684323443,0.7180447397140144,0.0,0.43399993103128776,0.4500811256195348,0.6203410599368857,0.6142224476120581,0.5837422458381137,0.5121433640520809,0.4375043912964031,0.6114900137155102,0.5605852575626651,0.6046530072467163,0.5596426664767922,0.6473307800801305,0.755520316398163,0.5092466269481394,0.4744530347774637,0.4916033747994864,0.61853718077853,0.621822243889743,0.5886604406034186,0.5470718374387871,0.6856322297349394,0.4301843496497701,0.6852744032072348,0.5765268492866856
NOR,0.7565625154501949,0.5939124991324309,0.6054124656102644,0.48805046265774865,0.4886044006075084,0.5202151661904348,0.6356808766910779,0.6172701041180312,0.5763279968814159,0.5856417262624364,0.9050671025363984,0.5100105152864265,0.5711224459422257,0.6076748156469661,0.6523513659247863,0.6503789613978547,0.6411682092165764,0.7316571520997509,0.607914810427422,0.5783593336625491,0.6372366233938206,0.523637717444292,0.5256632991690622,0.4172661261368275,0.6396663781882425,0.5209501970656352,0.5114946087952313,0.4990165593175271,0.5067574876189455,0.47594840397327814,0.5431686231679107,0.6776521298233874,0.5226962066995327,0.5555217458879617,0.5958605884727189,0.6660579296172117,0.6224924749681039,0.6010221997184408,0.5843948762350819,0.4965626603468411,0.6338008206909536,0.5694246724511336,0.7055337061073065,0.87540764040747,0.5901441448524183,0.7864403266165421,0.640359731233317,0.6506936843567487,0.6282196288385962,0.654901157216842,0.6071976708618008,0.6954914620726568,0.749740345047877,0.6058743557419621,0.7346688792164727,0.43399993103128776,0.0,0.5128904414131681,0.6386914863242404,0.6155845387809031,0.6105728129227277,0.5586388762139711,0.5225800885034274,0.6374284493961498,0.5669007295189341,0.5987504544955649,0.6161790865019044,0.6555935169590235,0.7968425322072485,0.584087420698184,0.5474092372794068,0.5124321208104804,0.6284939374392222,0.6273413900037297,0.6138086061073904,0.5781835497813691,0.6953496963658516,0.511848814250425,0.6802077289759978,0.6280770416025553
NZL,0.7566308101760931,0.6211149516356171,0.5786945052188034,0.44644659623810257,0.4472643700663994,0.4889687998446879,0.585267003552034,0.5869664123897552,0.5290572911597633,0.551461820342761,0.9232451519925902,0.5017188094209336,0.536567570345164,0.5295876093413926,0.6341401964039262,0.5685694683117466,0.62583067931822,0.7093165416712544,0.5843185843912079,0.540485925555102,0.6881052115591103,0.4623180826215648,0.5105553238294471,0.4770735364657249,0.6826513469049769,0.4920357371930911,0.5326358994543134,0.5313682650604095,0.439477533904341,0.4682368804255778,0.5169101582001925,0.7080852478002779,0.5165423712952574,0.48347799923493306,0.5700333219403003,0.6461664523008339,0.5836802511632778,0.6307864561757026,0.5588388536308894,0.47260070621381456,0.630432992415192,0.5763968182329133,0.728589429608076,0.8222298193521098,0.6059318049228319,0.7167886523970767,0.5673592181478803,0.6344321515954592,0.6262112540085603,0.5873276597253189,0.6010162740339082,0.6901882282192096,0.6857534939028233,0.6352002667584938,0.6714975992978983,0.4500811256195348,0.5128904414131681,0.0,0.5769089201850006,0.6012033892851801,0.5505584736973332,0.4939812702577754,0.46326629568325395,0.580393150085763,0.5964776397648136,0.6602229563134276,0.5416112314925212,0.7082726832797187,0.8035191842872438,0.5127005485485643,0.5239407371487335,0.5067188526429062,0.6229599585554196,0.6134428057559886,0.5869086472675975,0.5868491018978919,0.6732116188440485,0.5058007789886819,0.6473395689713017,0.6065305107150122
PAK,0.7404499408517979,0.7031069226426897,0.5456696671815446,0.5724438268529611,0.5936627733933583,0.6303616321107024,0.5666803259506823,0.5920583393100743,0.4423539673069369,0.5646614845611345,0.917427113307262,0.6239954438804043,0.6365951608378924,0.6458272780470592,0.6230333650084146,0.6447475345915147,0.6637131358480979,0.7003894240382622,0.5844553724306841,0.6044685464504841,0.7469533278717949,0.5734711148920553,0.6511481766034838,0.6094065733122055,0.6151528614519898,0.5975985019431418,0.5807915664833729,0.6334683977241785,0.604214302375342,0.606317906142109,0.5963857869147471,0.7968151963579141,0.5697099994673208,0.47702904125769063,0.6059899130051773,0.5852824503833431,0.6705291725904704,0.7106564974001426,0.7136461554006405,0.6057250253623528,0.6624400313571791,0.6490798542628132,0.7494085374259009,0.7020780277249274,0.6489599387867869,0.6510976401151283,0.4669282490821429,0.7338575519747433,0.6444254194653278,0.5982685291677301,0.6310702340925531,0.7278353552490925,0.4594653589661183,0.65949289520873,0.7159552167199579,0.6203410599368857,0.6386914863242404,0.5769089201850006,0.0,0.6683171866821666,0.5825208356971916,0.5474345567793237,0.5876029945809134,0.4979768959053661,0.6118848092462239,0.7170152930173732,0.6149335558921071,0.7668794521581755,0.8138313013963181,0.5483156650747989,0.6046076286607374,0.6354135978816597,0.5721865849732232,0.5954859917785491,0.5843070733405176,0.6345204969097112,0.5948746486818683,0.6357086770328017,0.574431153338739,0.6841515880706487
PER,0.7912855672398131,0.6557561430211246,0.564176487692132,0.5704204050089726,0.6176162468361416,0.6074579748984184,0.6803257290353272,0.6623190749344752,0.6310070499812421,0.5819282904411291,0.8850489137549908,0.6015737586280829,0.6798998142985071,0.5585841166199218,0.6529881239586447,0.616084775384923,0.6401195211802835,0.6882528579425777,0.5786536087379222,0.6157895813952796,0.7532228162077949,0.6217704405842636,0.6315289178121783,0.6235849082682932,0.6361585343038588,0.5830114094226748,0.6462070989933032,0.6329583674322534,0.5968110109225597,0.5915258865014035,0.5982385619534613,0.7935742686546685,0.6327609859580287,0.5951645270305346,0.6000560572827874,0.6875040726231278,0.6929625618608374,0.726474919514329,0.6589810372114348,0.5957967161094879,0.6392569371444257,0.6440585249009558,0.6867847518552451,0.8482490210266476,0.6649781523017593,0.7301467496503138,0.6617099889840163,0.7417017093704101,0.6968291885115082,0.6241420844270784,0.6306060702543537,0.7455634329911434,0.750931606494261,0.6608323256754797,0.7562005281258614,0.6142224476120581,0.6155845387809031,0.6012033892851801,0.6683171866821666,0.0,0.6298479469107032,0.6092911775405703,0.5885687073251351,0.6593149181288739,0.6279128870012046,0.6697548450765566,0.6236873211340976,0.7800137995105085,0.8278031037115648,0.6564327255313748,0.6306186950960324,0.6563917832602214,0.6261362827885197,0.6492978226556841,0.6166775831529997,0.6525983521666974,0.7000073483773037,0.6048892559980994,0.6784934573893148,0.614776722299076
PHL,0.7621512529228542,0.6840427817923547,0.5531379545044969,0.5735898234884445,0.577615955916046,0.6014898646557464,0.6166916784997296,0.6283340597440258,0.49552080738684273,0.570707122064991,0.9167037499575106,0.5920367507046037,0.6513511097484936,0.6125982500627921,0.6092392318047919,0.5646189983788831,0.5826204429616126,0.6247210762338243,0.5489224301105479,0.5073640355553397,0.7129591476165213,0.5578582854954661,0.6404971064567123,0.5485633570112822,0.648607441959681,0.53641306982216,0.5461560319272846,0.6167371745559713,0.5723239078364262,0.6101179243649982,0.5464181268883387,0.7381661588074527,0.5411107273232283,0.4844592077266121,0.5182669741911825,0.6280155977384507,0.6172883728145742,0.6889108678624909,0.6559816031479768,0.5924594262012466,0.5872618165784761,0.640231060576202,0.7568661544434325,0.7873749707488752,0.617542051396803,0.6429790992388871,0.5001314151557885,0.7287657724501242,0.6356551036152895,0.506867182726129,0.5890866807239177,0.662932389765875,0.6633861969597827,0.5752628870518989,0.6608774144244889,0.5837422458381137,0.6105728129227277,0.5505584736973332,0.5825208356971916,0.6298479469107032,0.0,0.5134728806694915,0.5560940940944845,0.5459610570977556,0.5950584050835797,0.6615062566883557,0.5098751872558654,0.7412666613515161,0.794003014718279,0.5737805889218748,0.6171512790312688,0.6370988604038037,0.5148781268621863,0.5601515358174373,0.5902857851722471,0.5871466401011126,0.6244008102408433,0.640664651728572,0.5678334661782896,0.6420838090284028
POL,0.7666393710379144,0.6433187265744887,0.5473678143223198,0.4724057933555527,0.47893788648584956,0.49526400522069836,0.5792420002979012,0.5557637117231726,0.45597014815226555,0.5428574514508171,0.9190228094824283,0.5364062960266571,0.593088051692317,0.6297268867071527,0.5461145974752624,0.5667177095360465,0.6284557638011671,0.6807609180503421,0.5685619568336768,0.5124256570798823,0.7163454926864223,0.3692642974085501,0.5211130537414459,0.5052346750475796,0.6597657423039271,0.4467231577993675,0.49338626712173794,0.4982004247910496,0.4918047048647427,0.5228030883938961,0.5391343955406005,0.7416157933462075,0.46546161119078044,0.41232163226413854,0.5285181084392186,0.6020097532634201,0.6164005503145019,0.688167472761294,0.6513777067244095,0.4707824520058297,0.5792118790961853,0.5493012446371163,0.7274061528034833,0.753747632126393,0.5696945188293332,0.6556999362324097,0.48865816653626476,0.6664422878538829,0.5673331355133439,0.527806826706973,0.5455475407877178,0.6640119918576305,0.6586520616712642,0.6024891069836749,0.6684123149192536,0.5121433640520809,0.5586388762139711,0.4939812702577754,0.5474345567793237,0.6092911775405703,0.5134728806694915,0.0,0.4676255976893501,0.46500884005289994,0.5513308716336496,0.6555788486566345,0.522402107507718,0.7431590442699901,0.8206515693705674,0.4199494475059265,0.47445685049152614,0.5346679886244725,0.5656334263693575,0.5748287508042083,0.5371126776568962,0.5443264404870225,0.5440629839602888,0.5595862944761324,0.5869843706231374,0.5958930787273451
PRT,0.7471914971463676,0.6065737170734872,0.5717896857750091,0.42722189564114726,0.39261138440158255,0.4087821605171198,0.5702273623841347,0.6015883590967711,0.5021393875020475,0.5144396135340337,0.9295700899006526,0.5172489169381589,0.5419124535156459,0.5789452757063167,0.5806832810254737,0.5915945583934455,0.6357236213306068,0.7188677701299564,0.5529318469092303,0.5163954559870679,0.6753935784098528,0.41074222158761853,0.47566260919413195,0.4845226028675102,0.6662484145995283,0.3601385093075522,0.5413567531798659,0.5233320608543777,0.4022889187943619,0.4387962294981096,0.48252970842088205,0.6831372763390455,0.4866159441506496,0.46673314245184166,0.5293569247912222,0.6154657480096851,0.5580165750153309,0.6507502952433069,0.570606598683214,0.3905288108419556,0.6169269070988868,0.5005179550574308,0.744039819166379,0.8329463943903123,0.5298584847155771,0.755335715893067,0.5740818449690024,0.6317262980448108,0.6272665854216508,0.5419974125864778,0.544269425459894,0.638103434758263,0.730344540857813,0.6332585955535088,0.7180093771054712,0.4375043912964031,0.5225800885034274,0.46326629568325395,0.5876029945809134,0.5885687073251351,0.5560940940944845,0.4676255976893501,0.0,0.5876251007639746,0.6031586290891454,0.6098851176391318,0.5489003661852249,0.7141519806171346,0.8006061784531353,0.4804010141548561,0.42361644211866034,0.5130999865505914,0.5423179264666385,0.5755541270640826,0.5293511405988022,0.5208264109223524,0.6959458130394399,0.504620817247318,0.6337321572250467,0.5878494633602108
ROU,0.7698301438213748,0.6758997276852863,0.5139437705298548,0.5592206614183629,0.5715762306121008,0.6006119813662242,0.6251438631179411,0.5926391202590003,0.42237407772255514,0.5714058171129228,0.9183708590185621,0.600531464378026,0.666093554000952,0.6707937902704363,0.512225023662543,0.626191018051117,0.6357949778971203,0.6425089139160667,0.5770987977007754,0.6027771853961269,0.7487661988079846,0.47633692431585956,0.6157141059405427,0.6014733798163676,0.595348299865704,0.5316268311935994,0.5622466527467207,0.5965972274569527,0.5907260685247938,0.5957610804106181,0.5988531636569383,0.8240908288717832,0.5616618492877822,0.4663191332312025,0.5723282145816998,0.5711017625038889,0.6879742294118697,0.7280219812206112,0.7122945574424343,0.5628647283891172,0.6016460500486538,0.6067566199352772,0.7721139514200626,0.7095112207566201,0.5800541528153467,0.6776808760397464,0.495377891134368,0.7452400531461809,0.6230096409935252,0.5589680831339081,0.5769694871953253,0.7182654894374638,0.6097969226340922,0.5999438698446495,0.6765914542916595,0.6114900137155102,0.6374284493961498,0.580393150085763,0.4979768959053661,0.6593149181288739,0.5459610570977556,0.46500884005289994,0.5876251007639746,0.0,0.5779143176915524,0.7214209162828448,0.5673245079358765,0.7838236222288671,0.8326336357583045,0.4731014954967342,0.5895671370768645,0.6247669584378357,0.5327096977111035,0.5691699055120311,0.5239403557865222,0.5715086426366712,0.53239233785372,0.6350534235984767,0.5540391206779071,0.631551804737698
RUS,0.73896448392199,0.5825892856510019,0.5608837413311513,0.5522037506267509,0.556082079148337,0.5563703411735945,0.6810033722834771,0.6385156424762859,0.5613758172132874,0.5417892131397087,0.8752616595863135,0.5551183915045309,0.6384696665034203,0.6373957619028885,0.6108254296024941,0.6560128911211454,0.6733133730301546,0.7500027136023997,0.6201459732022615,0.6398788501583238,0.7605047415801498,0.5267879918085879,0.5766065818336754,0.5832931127452641,0.5874836872299724,0.5716806872969139,0.5774558185240217,0.5912521550452157,0.5631365287112412,0.552305450974445,0.5989352543091185,0.7735569559837573,0.5905712296611503,0.5318230649094224,0.5919287219213676,0.6039290725058427,0.7199510644529167,0.6989722315742469,0.640890536026462,0.5578033277717385,0.590452683404376,0.5951043182235822,0.6535740297972931,0.835238231477303,0.6292014985823583,0.7415661386777382,0.596144070443621,0.688378688717271,0.6601787200526754,0.6030753019795659,0.60405987382292,0.7144883810267427,0.7618114842926865,0.591167093158735,0.7616952652694581,0.5605852575626651,0.5669007295189341,0.5964776397648136,0.6118848092462239,0.6279128870012046,0.5950584050835797,0.5513308716336496,0.6031586290891454,0.5779143176915524,0.0,0.6436272884708624,0.640163106985409,0.7161037232676799,0.8176938085427214,0.5183225602963636,0.6006020452648458,0.5847400382186712,0.6036407861015805,0.6542975190671262,0.5625275095115823,0.5913829226713329,0.6102064585773844,0.5763233680535593,0.6621305464543725,0.5930942405410162
SAU,0.754593999976742,0.650004684678562,0.6345509486626277,0.6003969135852465,0.6328561413510336,0.6312001236803553,0.7174362265927579,0.7355082745601808,0.7094246000597321,0.6342059134866621,0.8876535346690625,0.6591697960722677,0.680793743659781,0.7170482695079698,0.7258791230519506,0.7368806308067853,0.6738355349676945,0.7629737860472114,0.6324767401156339,0.6352040551080154,0.7744839997072102,0.6467536055362046,0.665669559537143,0.6346797936437234,0.6651809533075179,0.6235654377423812,0.6583539305423639,0.6900593289310304,0.6412047940922362,0.6087376124026225,0.6571153923099905,0.7172100670514008,0.6438253870480461,0.661117708546978,0.6472042070550249,0.702872906610583,0.7055526309551999,0.7464002544579256,0.6545577355275017,0.6211945649108939,0.6821690328375773,0.6797066301877577,0.6143003757539289,0.8890149816963419,0.719262843624956,0.8016470586586645,0.7026884357835012,0.7389808104640759,0.760899095330271,0.6916535530202248,0.6507058279221937,0.7706127236002164,0.8000116907002206,0.6161222482299776,0.7645987003625931,0.6046530072467163,0.5987504544955649,0.6602229563134276,0.7170152930173732,0.6697548450765566,0.6615062566883557,0.6555788486566345,0.6098851176391318,0.7214209162828448,0.6436272884708624,0.0,0.6918143815073792,0.7652242777742853,0.8145674585160211,0.6732353955840563,0.667737526240014,0.706164308262831,0.6805376546358659,0.7168634919759448,0.7011921075076548,0.6755936285811723,0.7155122302081186,0.6456095134756199,0.6933992906915325,0.6812841236359216
SEN,0.8067080316253985,0.7265016837522639,0.5672490951487839,0.5587750611105107,0.5985613669713064,0.5625819361957562,0.5891535688387303,0.6123326995861942,0.5358798666463261,0.6289973553337389,0.9463440062662093,0.6243293096677547,0.6611629048067628,0.5980739123486533,0.641739107795148,0.5809774162596738,0.5868238235253858,0.6371531366597082,0.5659459215444492,0.5058823561737892,0.7045810241758652,0.5399524031172386,0.6164052397258463,0.5778003957981093,0.6841352563498786,0.53538955275312,0.5489191839499095,0.6243643112224052,0.5636326275393122,0.5982825814535959,0.5258164272830732,0.802466910740635,0.5668947743458564,0.5139429922469605,0.5944728957559898,0.6649670054449148,0.651137888070499,0.6650109979714555,0.6668783608402286,0.5701520255921911,0.6218997510657301,0.6488631711445565,0.7694333708575011,0.7589735831169276,0.6395748076390639,0.7120413636043281,0.574674404304341,0.7326334875645002,0.5886872218411074,0.5449646714978204,0.6219908204606057,0.7045519824965483,0.6585670966385464,0.6534735554589022,0.6740330400179012,0.5596426664767922,0.6161790865019044,0.5416112314925212,0.6149335558921071,0.6236873211340976,0.5098751872558654,0.522402107507718,0.5489003661852249,0.5673245079358765,0.640163106985409,0.6918143815073792,0.0,0.7945748149806051,0.815168671231062,0.5741986993256678,0.5997254337857796,0.6398292848333872,0.6196770510904681,0.5591354506335698,0.5952034499468313,0.6288261489498731,0.6451539037117285,0.6439744641324356,0.6131374466831945,0.6603060784180579
SGP,0.8314741406360951,0.6656309751941004,0.764627565092128,0.7103357629445496,0.6789974313286185,0.6561863757410529,0.799369340603689,0.7553984372929875,0.709003611646192,0.6569963360592488,0.8649736717887782,0.685916908431784,0.5996075196399421,0.7155097991935288,0.7251212748263881,0.7678600303592881,0.8213989386882922,0.8917702577105601,0.7764577044788633,0.7359363493083326,0.7070396553456761,0.7192558141143919,0.6545748325630406,0.6442496243361012,0.7513719793194973,0.7069117131521375,0.7249332330902953,0.6710137056734041,0.6556396229966571,0.6521092167445702,0.6981638138483595,0.6493622837255928,0.6962855448352318,0.7073158766992853,0.7234074162910163,0.7408242166607719,0.7119372326394505,0.7482026503908349,0.5834749749711083,0.6701842519951103,0.7824109297155878,0.6582707667595306,0.8405651585621595,0.934152096182538,0.6316930244876997,0.8864189003936177,0.762206113544142,0.7235157162959766,0.7998394077481478,0.7675692534194721,0.7105213470364128,0.7157537106847843,0.8627125978692175,0.7097436822222241,0.8625030120827365,0.6473307800801305,0.6555935169590235,0.7082726832797187,0.7668794521581755,0.7800137995105085,0.7412666613515161,0.7431590442699901,0.7141519806171346,0.7838236222288671,0.7161037232676799,0.7652242777742853,0.7945748149806051,0.0,0.8507895025301562,0.7367950111478193,0.7322369950640606,0.6566043623099334,0.6798062548851226,0.7860530774989298,0.7571814237851082,0.6027427254975491,0.7956358233394077,0.6452895942304998,0.8107786374741033,0.7456471578742313
STP,0.8782513324562747,0.8515571725279926,0.8367972056317698,0.7608601159142423,0.7803655123411746,0.7881496007152834,0.7873812737453154,0.7990905580756392,0.8338602111635571,0.8232825311188735,0.948103874537603,0.7954601624298128,0.8036559976506372,0.8456241549510654,0.8887178722421072,0.8402949151938802,0.817920096129167,0.8279800968262262,0.7912335104005866,0.7918057235608886,0.77363402470864,0.8003982418419784,0.8150071914205559,0.7862119192287692,0.8620493656920244,0.7838394924476513,0.764032394194511,0.8225198083369971,0.7649739613313847,0.7582201148618558,0.7675978355255586,0.7620362500949205,0.7734207326982782,0.7928807490398256,0.8475690494581406,0.8238488290502908,0.7760635415052122,0.7724191695650278,0.8060247939364378,0.8122820406285094,0.8352619256559657,0.8224736917030653,0.8478620874167211,0.8864083287452366,0.8451855502956364,0.8156523927362971,0.7840096960556274,0.7462318114523696,0.7850500624625634,0.8180603835207072,0.8745384109557408,0.8243561333355937,0.8490013436811206,0.8106548664677954,0.8390294362276353,0.755520316398163,0.7968425322072485,0.8035191842872438,0.8138313013963181,0.8278031037115648,0.794003014718279,0.8206515693705674,0.8006061784531353,0.8326336357583045,0.8176938085427214,0.8145674585160211,0.815168671231062,0.8507895025301562,0.0,0.7965673206579177,0.815503905244857,0.8293144024100789,0.8133142137662819,0.7767693765035599,0.7991410831087141,0.8395132529449973,0.8571472307950241,0.7980487290518663,0.8696149358646142,0.8066294388032081
SVK,0.7512184811647863,0.6419565998234146,0.5795492638822302,0.4945325462303609,0.44786143863935207,0.4775103798664005,0.6223718842053175,0.5801669564490165,0.4853903032066804,0.5511776343969347,0.9296214395672074,0.5499905761662701,0.5593904937629295,0.6211542026862286,0.5706269074610965,0.6274327757167603,0.6899662335174632,0.715381990936402,0.5812978170578833,0.5823680426921368,0.7277991570527946,0.35960370712805795,0.5148122773389203,0.5468933232246821,0.648605431404433,0.47181613379465775,0.5329350477566117,0.515963496785373,0.46975506783393123,0.4909550995773669,0.5728603752959491,0.741854276452745,0.5083185236839248,0.44195758707253036,0.5980663968056221,0.6095661737554265,0.6488087017798067,0.6702173170099907,0.6400518422502771,0.4506723226712858,0.6117525621937147,0.528250523497513,0.7435533058956588,0.7713977576740427,0.5676506891661944,0.7346584118258057,0.500189361850815,0.6600172942911157,0.5688407672851825,0.5809521769000203,0.5902794268622336,0.6562365376520791,0.7326398156368726,0.6282897221193429,0.7223084196899533,0.5092466269481394,0.584087420698184,0.5127005485485643,0.5483156650747989,0.6564327255313748,0.5737805889218748,0.4199494475059265,0.4804010141548561,0.4731014954967342,0.5183225602963636,0.6732353955840563,0.5741986993256678,0.7367950111478193,0.7965673206579177,0.0,0.4724268954321553,0.5290028034459782,0.582754484180901,0.6161656962822047,0.5155731406065915,0.5464005936686566,0.5887713199314891,0.5659542460962997,0.6329414480626203,0.6059730985459092
SVN,0.7829994867571061,0.6527429371912468,0.5964300774305832,0.46628157962612515,0.4300527829906872,0.43833018026983916,0.6216931307687559,0.5806718045642267,0.53580325250862,0.5580665255819666,0.939734487284737,0.5014956284976009,0.5607784465860282,0.628145862632483,0.5633071360657674,0.639387817249178,0.691290065699772,0.7599241972709955,0.607473782814798,0.5689217650919803,0.7203883328631965,0.42033159752307586,0.46303393624418604,0.5100482666444365,0.7038233401784514,0.40824782889547645,0.5604699054013612,0.5122748797218943,0.433219333503391,0.46073353515011634,0.5355006620557953,0.7273315461705907,0.5018247663743286,0.4580746219176567,0.5820642208040986,0.6210653706650944,0.6004959982599155,0.6734737190813611,0.5988970066913213,0.42192491875862737,0.6495954962239002,0.49447681851908176,0.7509050523338965,0.8294505183926487,0.5485656460846711,0.7716128696859074,0.5952449579936523,0.6505433729987405,0.6473032813789655,0.5943518064601526,0.5671888047379223,0.6699841857840301,0.7264434207648687,0.6623440936915086,0.7393174539132489,0.4744530347774637,0.5474092372794068,0.5239407371487335,0.6046076286607374,0.6306186950960324,0.6171512790312688,0.47445685049152614,0.42361644211866034,0.5895671370768645,0.6006020452648458,0.667737526240014,0.5997254337857796,0.7322369950640606,0.815503905244857,0.4724268954321553,0.0,0.5168230816354252,0.5983880607133195,0.598371191133958,0.5434555024327932,0.5363331650449209,0.6823574418634453,0.5151609066088226,0.6677378527027761,0.5996204165006218
SWE,0.8038082692630654,0.6586165690080498,0.6083753012308766,0.5117301067254804,0.4131360587334148,0.4775448417689447,0.6887475911730937,0.5851658447079553,0.594954161461576,0.5645069619133385,0.939673438095628,0.44647692103264547,0.5150264019097249,0.5781075334859801,0.6144344570081343,0.6415286894464498,0.71464705060127,0.770988775450856,0.6508809691632881,0.6349090187734356,0.7125394692124708,0.44398484505828734,0.43557157270093155,0.48379335845167326,0.7085712369653139,0.4990663250270652,0.5810115768705233,0.42578793868981896,0.446257308030553,0.4679184014060578,0.5577268531153661,0.7116752990479337,0.5775004826303696,0.5128172216487447,0.6249303671924714,0.6632267455562776,0.6359709023204048,0.6794785359800317,0.5570814186984254,0.4627573513833966,0.6812551547864397,0.48237050292608225,0.7609877934598179,0.8523778134234893,0.5388539102287591,0.8013408015578966,0.6642466592782877,0.6398275361941019,0.6424336178871398,0.6287520222017003,0.5722318579077182,0.676565023738297,0.7781029559530667,0.6625523729582432,0.7957385473028455,0.4916033747994864,0.5124321208104804,0.5067188526429062,0.6354135978816597,0.6563917832602214,0.6370988604038037,0.5346679886244725,0.5130999865505914,0.6247669584378357,0.5847400382186712,0.706164308262831,0.6398292848333872,0.6566043623099334,0.8293144024100789,0.5290028034459782,0.5168230816354252,0.0,0.6451727830217933,0.6512919389750762,0.5820817753735206,0.5270502058430971,0.689678583099068,0.4542445664996235,0.7237760916444391,0.5976338540083768
THA,0.7601978289119057,0.6596485185541034,0.553055773900411,0.6136886851843432,0.5690801931760637,0.5950248306128919,0.6600200189675772,0.6787660081929271,0.4718472089823574,0.5301139079335111,0.8963349967744054,0.588993192179751,0.6418057301594853,0.6555902881106663,0.509939442374248,0.6290319064205836,0.6366818276180674,0.6930815949104183,0.5594796856464297,0.5572646993848835,0.7403351610149737,0.5733972388629744,0.6059482572672029,0.5783456984746629,0.601191319694527,0.5089467939626899,0.6089977362006275,0.6113956856262857,0.5750844305931562,0.5907126293307338,0.5921558748726118,0.7332578787945045,0.5783453887830632,0.5115749803624572,0.48196882547633474,0.6216955581990933,0.6637446465729152,0.7237609554925678,0.6577063352757833,0.5600012444007038,0.6137219878120023,0.5468463667829178,0.786901848638322,0.8230634262620351,0.5126247556879403,0.7291364819182632,0.5750183699682943,0.7413332890871128,0.6902413847670745,0.5533470290969666,0.5279819326635772,0.6348601607116597,0.7029218737966795,0.5592135722384068,0.7356897549771111,0.61853718077853,0.6284939374392222,0.6229599585554196,0.5721865849732232,0.6261362827885197,0.5148781268621863,0.5656334263693575,0.5423179264666385,0.5327096977111035,0.6036407861015805,0.6805376546358659,0.6196770510904681,0.6798062548851226,0.8133142137662819,0.582754484180901,0.5983880607133195,0.6451727830217933,0.0,0.5792118243525709,0.5395160695048357,0.4739964987262685,0.6570360931898206,0.6000328367899952,0.5618889738697246,0.6475540465197822
TUN,0.7699471101978055,0.6933178396399445,0.5927839931613582,0.5955987480890156,0.5986028543644012,0.6228258733562608,0.5705039625363854,0.6359211142914873,0.5302516795997513,0.5992027874034332,0.9173509971364505,0.6149589491749454,0.673496687928361,0.676951532536431,0.5843219367358756,0.6279851245975032,0.5865963764571869,0.6613582522519643,0.592060794672635,0.5885730888906824,0.7154737856256703,0.5704630874610271,0.6298634408689426,0.5978631813957157,0.6576063756941398,0.5512534573108396,0.5870713314679626,0.6304287421404525,0.5884270429712871,0.614194832684354,0.5776907996496445,0.7966624385845452,0.5813807566136494,0.5306858663999875,0.5722059159261825,0.6222868931256654,0.6542406148606251,0.6817158942555002,0.6996722209148383,0.5731090435682001,0.6432596702235367,0.6353648745825075,0.7533981537813162,0.7555133213985514,0.6089333398148139,0.6909591790269811,0.6104809680829748,0.7332071268421279,0.653297950555887,0.5599691835350521,0.6372007100051795,0.693298140695493,0.6390793893405629,0.6642835655104945,0.7381130782994845,0.621822243889743,0.6273413900037297,0.6134428057559886,0.5954859917785491,0.6492978226556841,0.5601515358174373,0.5748287508042083,0.5755541270640826,0.5691699055120311,0.6542975190671262,0.7168634919759448,0.5591354506335698,0.7860530774989298,0.7767693765035599,0.6161656962822047,0.598371191133958,0.6512919389750762,0.5792118243525709,0.0,0.5885825128821479,0.6126197725602522,0.6525098619576603,0.6319335002446741,0.5916635070148031,0.6567023511758594
TUR,0.7721824785169507,0.6684046246044826,0.5458744484426126,0.5498852973625591,0.5076684280978273,0.5363174677318312,0.6114773289933809,0.6130429422302982,0.5248505254730611,0.5515945042021838,0.9234094408190177,0.559239101884793,0.6374454857456628,0.6359594248715585,0.5328989161575635,0.6321348254680729,0.6771294601213647,0.7119338288104222,0.5737465257318353,0.5806590834900385,0.7197197034185414,0.4741457957538277,0.5520028639713567,0.5554883544494498,0.6244500867416379,0.486084697587636,0.5769772090869115,0.5651414611129835,0.5316401054221032,0.5462040038269448,0.5365108505710192,0.7855938715496742,0.5862080210212972,0.49150239178110566,0.549966660538984,0.5725946824306463,0.6727289447795805,0.6787339706729277,0.6466023538750532,0.5065828550258652,0.5942320140417607,0.5348666128962397,0.7566469236715739,0.777320872725725,0.5487040339601434,0.7409846439679837,0.5959250806920154,0.6888776558426463,0.650904509233562,0.5395205809776766,0.5690335504823777,0.6733632263036718,0.7255655020942845,0.6486934766829718,0.7475515955036004,0.5886604406034186,0.6138086061073904,0.5869086472675975,0.5843070733405176,0.6166775831529997,0.5902857851722471,0.5371126776568962,0.5293511405988022,0.5239403557865222,0.5625275095115823,0.7011921075076548,0.5952034499468313,0.7571814237851082,0.7991410831087141,0.5155731406065915,0.5434555024327932,0.5820817753735206,0.5395160695048357,0.5885825128821479,0.0,0.5488510267792927,0.6471972786306625,0.5780476899779367,0.631301066868955,0.5961915706427493
TWN,0.7970718105287341,0.6645141135989375,0.5794341945641807,0.5807740441056738,0.49025685324145957,0.5229252735233948,0.6578025640136033,0.6520664469364958,0.5200880999069324,0.5378594663385793,0.9301246091122946,0.5285042985214501,0.5635316943537793,0.6435455687658846,0.47408104249360294,0.65392752517354,0.7152226885080569,0.7591742755747185,0.6038592187005742,0.5796854852219369,0.711372578395183,0.5069959063029162,0.4803881805244789,0.506108289000349,0.6485952849941867,0.4704791958634016,0.6153773196346357,0.5133623316390654,0.5049016158344642,0.5262062694543747,0.5588098312803932,0.7010052133680486,0.5777180265419118,0.5141264102433695,0.530199073216335,0.6339160561049688,0.6586309581519868,0.6890115521923392,0.5744993235609445,0.47153100333645126,0.6236693365082245,0.4348008042724069,0.7982036540153774,0.8137243406786713,0.37764404920707423,0.7918703212287739,0.639438318056351,0.6577184042444625,0.6870468356943908,0.5845840234218226,0.5063227658176158,0.6434722124558346,0.7517522744504251,0.5935848983317021,0.7802472091052234,0.5470718374387871,0.5781835497813691,0.5868491018978919,0.6345204969097112,0.6525983521666974,0.5871466401011126,0.5443264404870225,0.5208264109223524,0.5715086426366712,0.5913829226713329,0.6755936285811723,0.6288261489498731,0.6027427254975491,0.8395132529449973,0.5464005936686566,0.5363331650449209,0.5270502058430971,0.4739964987262685,0.6126197725602522,0.5488510267792927,0.0,0.6479470816098566,0.5069545916248719,0.6206235887158897,0.6074408483289411
UKR,0.8118017730379959,0.738589795224723,0.5842165303072987,0.6466446699930479,0.6800424959092706,0.671866270880266,0.685112372834283,0.6491674751672976,0.5675628066614612,0.6439722604024203,0.9220577602364943,0.6598012311383922,0.7261139835575119,0.7223404372616986,0.6161636427300395,0.6856459987015193,0.694539202737052,0.6711471080891683,0.6677158728104211,0.6572681391605079,0.7955499863257864,0.6040169188282317,0.6946223440892008,0.6700864227039994,0.6602637598564198,0.6543849141781711,0.6546899429488812,0.6544743631616555,0.6732589559052248,0.6906086973407535,0.673090580437688,0.8410125742906082,0.6473844398241805,0.5701049301343672,0.6432884436328212,0.6594547578167226,0.7470729420331438,0.7841699228137381,0.7483813011373467,0.6674284250944755,0.6574038262686402,0.6832058916657613,0.7367945975127669,0.6718450387816728,0.67802721668338,0.6983256591600432,0.6002886264443781,0.7756133801963239,0.6728524968982866,0.616562761997264,0.6468023245600857,0.7990306914393428,0.6355092968925455,0.6348489167973949,0.7259354096477839,0.6856322297349394,0.6953496963658516,0.6732116188440485,0.5948746486818683,0.7000073483773037,0.6244008102408433,0.5440629839602888,0.6959458130394399,0.53239233785372,0.6102064585773844,0.7155122302081186,0.6451539037117285,0.7956358233394077,0.8571472307950241,0.5887713199314891,0.6823574418634453,0.689678583099068,0.6570360931898206,0.6525098619576603,0.6471972786306625,0.6479470816098566,0.0,0.6991470803148263,0.6290684137574833,0.6875229474770899
USA,0.7849323844457867,0.6287935493497974,0.5694205037822658,0.48955376139294426,0.41643586844231584,0.46984414342908287,0.6827479755461981,0.5843230367633162,0.5975138898574028,0.5163197941322765,0.9193588810361898,0.3983815474399063,0.5232522805886819,0.5900483617544285,0.5958455744283946,0.6606893260834352,0.6932283476918419,0.7636262525419939,0.5714428273253649,0.6053359784951129,0.7277374701163499,0.48395406574634686,0.39952904101788833,0.4647311629947048,0.6868684635930051,0.485035093738193,0.6083944501794013,0.4924948516699486,0.3948941911033567,0.3941508909813285,0.5250999826297558,0.6493882146180224,0.5751871176663014,0.5047921360303195,0.6024060888509644,0.649471009064514,0.59591573491953,0.6651628691232631,0.47751735328867295,0.43511424637102686,0.6706139857280997,0.47888721350287977,0.7289015273318087,0.8765395436308591,0.5145061793452012,0.8036131073703745,0.6701486570643572,0.5896734861708074,0.7103518688086474,0.6216997498439177,0.5227301503526576,0.6805027284183397,0.7742630524516398,0.6197769249542441,0.7515168182918582,0.4301843496497701,0.511848814250425,0.5058007789886819,0.6357086770328017,0.6048892559980994,0.640664651728572,0.5595862944761324,0.504620817247318,0.6350534235984767,0.5763233680535593,0.6456095134756199,0.6439744641324356,0.6452895942304998,0.7980487290518663,0.5659542460962997,0.5151609066088226,0.4542445664996235,0.6000328367899952,0.6319335002446741,0.5780476899779367,0.5069545916248719,0.6991470803148263,0.0,0.7047500659887626,0.5533887690034637
VNM,0.7678826677939147,0.7098237294196315,0.5794013332822384,0.6587678522689601,0.6759133519395619,0.6823685654810113,0.5715215339539719,0.7050622960314105,0.5307354482536776,0.6433815958111087,0.9069264662389815,0.6783835829363862,0.7358012748172178,0.6944613723006453,0.5739744805442375,0.656529575969406,0.630710964830166,0.7113214232607774,0.6213182130231855,0.6237569603409759,0.769991396986098,0.6296338085337926,0.6992518064344664,0.6684400519943026,0.6318931116153864,0.6300968575433469,0.6385471709049326,0.6839102739026169,0.6717713816824491,0.6814065894163519,0.6527706330641952,0.8364776771627133,0.6297459371685123,0.5971124377733272,0.5820419385627087,0.6486812093130745,0.7123890744214125,0.7352575906690672,0.7562723627025615,0.6427605310921313,0.6363503471482609,0.6823857300936039,0.7380453167992232,0.7398285749183451,0.6536272876755934,0.6774276370345941,0.5912038411229846,0.7970403136699247,0.6911154423161854,0.6124459534419369,0.6222733267696225,0.7124860662435287,0.6161319843793626,0.6242546240404562,0.7197324976853072,0.6852744032072348,0.6802077289759978,0.6473395689713017,0.574431153338739,0.6784934573893148,0.5678334661782896,0.5869843706231374,0.6337321572250467,0.5540391206779071,0.6621305464543725,0.6933992906915325,0.6131374466831945,0.8107786374741033,0.8696149358646142,0.6329414480626203,0.6677378527027761,0.7237760916444391,0.5618889738697246,0.5916635070148031,0.631301066868955,0.6206235887158897,0.6290684137574833,0.7047500659887626,0.0,0.7331404034775199
ZAF,0.7820841720107022,0.6501529202053147,0.6139624795912272,0.5625568175688119,0.5581829155425985,0.5793236964670798,0.7388008562617604,0.6521515964320334,0.6203974103058736,0.554500078563633,0.8768839821584139,0.5557362380828965,0.6752327791496838,0.6299543350772018,0.6365332211334352,0.6624015184947322,0.7112675999603292,0.7427224510604731,0.6140678684510285,0.6512723530345922,0.7782015776739786,0.5486105964955178,0.585378974653826,0.591581092104684,0.6797854523120556,0.5644872434877504,0.6639119989442923,0.601926150193984,0.5568009508481621,0.5853335141816394,0.6148506389493933,0.7649686683676139,0.6403495221167661,0.5645911999504387,0.6239396700728341,0.6492269349435368,0.7063398386840248,0.7415443998910917,0.6291483620651916,0.5821551437718092,0.668728089842668,0.6108699267526485,0.7337884966910985,0.8620589973580205,0.6327609467511076,0.7831211120232985,0.6664465321676345,0.7198745064266083,0.7419172918024599,0.6067267277844746,0.6315884093824616,0.7629792941131956,0.7900440299828406,0.6550879147669817,0.7999330772656746,0.5765268492866856,0.6280770416025553,0.6065305107150122,0.6841515880706487,0.614776722299076,0.6420838090284028,0.5958930787273451,0.5878494633602108,0.631551804737698,0.5930942405410162,0.6812841236359216,0.6603060784180579,0.7456471578742313,0.8066294388032081,0.6059730985459092,0.5996204165006218,0.5976338540083768,0.6475540465197822,0.6567023511758594,0.5961915706427493,0.6074408483289411,0.6875229474770899,0.5533887690034637,0.7331404034775199,0.0
