,AGO,ARE,ARG,AUS,AUT,BEL,BGD,BGR,BLR,BRA,BRN,CAN,CHE,CHL,CHN,CIV,CMR,COD,COL,CRI,CYP,CZE,DEU,DNK,EGY,ESP,EST,FIN,FRA,GBR,GRC,HKG,HRV,HUN,IDN,IND,IRL,ISL,ISR,ITA,JOR,JPN,KAZ,KHM,KOR,LAO,LTU,LUX,LVA,MAR,MEX,MLT,MMR,MYS,NGA,NLD,NOR,NZL,PAK,PER,PHL,POL,PRT,ROU,RUS,SAU,SEN,SGP,STP,SVK,SVN,SWE,THA,TUN,TUR,TWN,UKR,USA,VNM,ZAF
AGO,0.0,0.6854723911323058,0.7487043937014031,0.7971353644929083,0.8225820910101994,0.8295939482242031,0.7727473382458019,0.8109000276785955,0.7773229799036324,0.7789141843676212,0.8855042820426474,0.7548585317762214,0.8368870735070699,0.8089907465771228,0.8158602345664201,0.8180808552664909,0.7669821648110057,0.8793644446853522,0.7780200637259373,0.7889996550122255,0.8590053656873098,0.8205510469964316,0.8314478297761226,0.8010276885726605,0.7612517507609257,0.8131136900949415,0.7995024602554718,0.822968694979871,0.815108299459312,0.8135949804904483,0.8094348201115942,0.8561367497985504,0.802595588369876,0.7931342428255297,0.7547374818787125,0.8190005164129038,0.8347349369889736,0.8381483029722901,0.8199034541533807,0.8171381741117466,0.8024902083148,0.8359483583805472,0.7480037501502116,0.8567845710453603,0.8391162437387057,0.7490648566781871,0.8149698353673188,0.8959098302484824,0.8170007728778267,0.7928887484035443,0.7768813509620359,0.8713360221565095,0.7802740073467027,0.7518333903938554,0.8360559021691385,0.7961389843509816,0.7708085291722815,0.7883213568098618,0.7199666847890278,0.7827792560180344,0.7915815389062497,0.8122834610581832,0.8040917191068376,0.7862082331506648,0.7636351382457037,0.750532557768876,0.7888374987526588,0.8628028913955114,0.8815686784691638,0.8391312003084133,0.8392506587351307,0.8230648227124695,0.7755315984691286,0.765039510386264,0.788600676130725,0.8384179239438815,0.7676020388317232,0.7868277982715453,0.8143752650333391,0.8076399804431781
ARE,0.6854723911323058,0.0,0.6558206343753769,0.5892852843234897,0.614783195426087,0.602778149111002,0.7378472156097078,0.6130556899040702,0.6494762899322644,0.5865475020817857,0.7770845350662644,0.5969685281768826,0.6609605143774411,0.6467331024451879,0.6724939241783693,0.7124714822637652,0.703023942201211,0.8400967326655177,0.608098522522462,0.6517716040666051,0.7312225032020432,0.6444918956662584,0.6502117037871709,0.6423931764244397,0.6588309602830084,0.6254133692961709,0.6528894080544299,0.6154539136908221,0.6312225080092253,0.6015459276668785,0.6779557193139849,0.7209650476901357,0.6288450052995506,0.6192377490118136,0.6329374765943536,0.7021698271161224,0.7118668957108423,0.7061878638775483,0.6473953250987446,0.6158764701954791,0.633038505050262,0.6757369027402711,0.7102980696043106,0.8373841347046327,0.6655165927817329,0.7503106954505612,0.6771356066189523,0.8268470411659434,0.6658231913815345,0.7373678649098797,0.6128577623584073,0.7343909422925352,0.7917129284871169,0.6315858581242572,0.790870775226638,0.59987592479341,0.5620722528887772,0.6244898672316149,0.6692384747565135,0.6425150033714494,0.7055456160386098,0.6095220731370085,0.604028525335728,0.6646834492191517,0.5625823463742792,0.6622606761107769,0.698250582826358,0.6723706144324366,0.8392173605206211,0.6560392680688449,0.6468102367789321,0.6444849540684913,0.6477238486790898,0.7140094806780298,0.6421839004463282,0.6659307713516642,0.7057030049191407,0.642227470343867,0.6990561849248603,0.6677946756680873
ARG,0.7487043937014031,0.6558206343753769,0.0,0.5873331065185855,0.5494570838823741,0.5248876531963182,0.6005028273061089,0.5375339793971919,0.46476497541877804,0.4115398029986492,0.9055587018674017,0.5123867224361588,0.5900681280956317,0.5499825032814321,0.5118962008584026,0.5882524003357037,0.5868987687693996,0.746163245957805,0.47746630976271465,0.5458001323047091,0.7136676984753817,0.5710251956809614,0.5699359825933988,0.591431509366526,0.5615753999406587,0.4935503366853101,0.6076381277479067,0.5959475981182677,0.5668959964082922,0.5714694462670843,0.5889551347419125,0.7287942137248755,0.518098410070689,0.4767531195759385,0.5626008252134554,0.5523185309979308,0.6488515892631394,0.6521536185228121,0.5746680296641307,0.5143701708834747,0.5448703027929371,0.5398990031116939,0.6544857915802388,0.7517098552253842,0.5401344362745901,0.7066392036897269,0.573591324273386,0.796124137732432,0.653466992902063,0.5478376375209136,0.4777319288710533,0.752222901787494,0.6573106300752437,0.5504382951821192,0.6697877320269684,0.5416394314922167,0.6270185039529632,0.5462703008192165,0.48020018061214453,0.4603419658356505,0.5512735926559743,0.5201295989481409,0.5023195324596429,0.5147114182989511,0.5179566037382285,0.5806352563276129,0.526632845808467,0.7191643437422858,0.7839417316350543,0.6285156053866265,0.5838564497353051,0.6004868728916422,0.5249706284168922,0.5572445501507987,0.4759769384178385,0.5936613373175659,0.5590430244176027,0.5240229581811322,0.6133125890452188,0.534301512557549
AUS,0.7971353644929083,0.5892852843234897,0.5873331065185855,0.0,0.46064217912828825,0.44920973287245236,0.6277579164685185,0.4699698971376679,0.625109224836921,0.5210338951508158,0.8879359085922932,0.45049639500151556,0.5452288653434332,0.48151178416430856,0.6340847576272167,0.6464087928581317,0.6456167757194424,0.7626891240941127,0.528520847408435,0.5051218721024331,0.6247038104638482,0.5180334063028665,0.5269481120780786,0.5198831867207373,0.6677082659452264,0.47325675618273544,0.5217981228122047,0.5157073214006406,0.4280264442130303,0.38995873773220346,0.6065328877368037,0.6444704900440434,0.5100706667599427,0.5186381803816443,0.6671926885365583,0.6478246569045375,0.6642867764927557,0.5874023753085967,0.5464542301273877,0.49355197931350736,0.6160190452275107,0.593504891224453,0.6068267835325817,0.7805727725404586,0.6369615797360353,0.7164367034518399,0.5730877700587995,0.733757678496274,0.5203402511260683,0.6519659444493658,0.5987360482438194,0.6716247084985243,0.7509089583261188,0.6656156596963289,0.7029997674792544,0.42908381667810647,0.47073833088162087,0.4171441054481729,0.610276543820717,0.5290645684829671,0.6537064506678798,0.48198854462914414,0.47905281825891805,0.5412326185410516,0.5501254403090202,0.5975901148650629,0.5552644042011214,0.6744654855682878,0.7550257080839397,0.5464033546769941,0.5036992941143642,0.49215906068902476,0.6784945664731491,0.6160410925656202,0.5606250111081836,0.681202379641813,0.6767859018359632,0.4930964240866754,0.6864969107328773,0.5255411115437048
AUT,0.8225820910101994,0.614783195426087,0.5494570838823741,0.46064217912828825,0.0,0.37723543014818184,0.6516988315714383,0.4023320730079371,0.5755232079968071,0.4968305504408668,0.9183267742651106,0.4622676682657032,0.4430372044474938,0.4876453442736555,0.5742805334738037,0.6469271057368493,0.6915992523934467,0.8053943617126968,0.5377844898223324,0.5076094813968883,0.6325268526787806,0.36246997507275724,0.3722283553687107,0.4931996550924159,0.6506488536089673,0.36193031116260915,0.4347892023313772,0.4081109337203769,0.35691399749524094,0.3628974502341543,0.5803005865339879,0.6315677580641658,0.45326635071856197,0.4030849168305724,0.6609787975127766,0.6298497584412371,0.6676299365944429,0.5938450938142229,0.49527366767982184,0.3420961694747094,0.6277286299411108,0.48283341496048093,0.6833382521336322,0.786551095057779,0.5037748220198813,0.7401756988263635,0.5147291481652103,0.7095515251269944,0.4734662180646739,0.6538726781499195,0.5488170271987608,0.6350516830278974,0.78331332380626,0.6446547232553252,0.7330079445720439,0.3908265859934685,0.5105804920253433,0.42815129095338283,0.6004647610684816,0.5651511830790775,0.6466966025964269,0.39086024926286667,0.33756952480745456,0.4868129717652405,0.49734614195088866,0.6189879535669687,0.6028148592417663,0.6324310254668029,0.7821013305942357,0.40829988916788196,0.4008254398152764,0.3738334219183587,0.6149629407442964,0.6348600314493824,0.4751459351479613,0.5589407113494405,0.6545176758275678,0.4477498786441778,0.6846922038133676,0.5592618015689388
BEL,0.8295939482242031,0.602778149111002,0.5248876531963182,0.44920973287245236,0.37723543014818184,0.0,0.6402882291275711,0.4156832223447351,0.5637336532814152,0.4645071381211395,0.887792978726273,0.4775483615517595,0.47604986539581573,0.4959602221435542,0.598848345302131,0.6193765377500792,0.6711111312769685,0.79735404468659,0.516499618117842,0.4758801660753188,0.6046579098503705,0.4339813524563544,0.3922016916051961,0.4759187388380068,0.6375463081333823,0.35519964087690264,0.4890807894098734,0.44445673580045014,0.36068448845108747,0.3707229756437447,0.5620811809506744,0.6368103617493681,0.46258286628334183,0.41577130710092375,0.6857136750579631,0.6359734544261356,0.6117816854775939,0.5745385717102262,0.46178339674226865,0.3777136864403226,0.6069191076769986,0.50682205954367,0.6861509486569092,0.7875105818373082,0.5354622398239219,0.7881503590261363,0.5095307864441259,0.7095641043058019,0.5063791516267826,0.6490870087328454,0.5459226707415952,0.6598914482869459,0.7767402965517103,0.6259953654328039,0.727859462509184,0.3546951510696567,0.5032994411331968,0.45502284134341653,0.6191005573756422,0.5326574552349802,0.6267756088071287,0.41452856301883867,0.39176459814235637,0.516472837892595,0.5125707866938808,0.6290711675301188,0.5543063913380194,0.6030616555383765,0.7781965145221441,0.48832073547171523,0.4024574233645779,0.43851096765822584,0.6494284604026662,0.6432477992147708,0.5285742072158369,0.5886727530848168,0.6487703525713985,0.45750850385386665,0.6841015490631903,0.5452921100609944
BGD,0.7727473382458019,0.7378472156097078,0.6005028273061089,0.6277579164685185,0.6516988315714383,0.6402882291275711,0.0,0.6093562389576166,0.5212235486718068,0.619539833946952,0.9236913408750621,0.6373984136503279,0.6903078594609559,0.6400244631402261,0.5992279444588108,0.6306308681983106,0.6160739920770846,0.7806189852529102,0.6034859977899215,0.6121690253640901,0.7134146163218418,0.6648394539344298,0.6809696444377061,0.6433052625013365,0.6421979205986504,0.6145009575910987,0.629201350995541,0.672446646966079,0.6427654414569899,0.6597169066448564,0.6366071640219206,0.7250656259564017,0.6076029101135558,0.6147787827416684,0.6572602851224808,0.6225439155482501,0.7426231808879385,0.6410343411504045,0.6504271014279683,0.6206703036468426,0.6452276391322804,0.6834887812389359,0.683958199956356,0.668229201965542,0.6716262241750989,0.6678024584886175,0.6409620690361608,0.7913405389783256,0.6601670881000471,0.5684901595093196,0.6649317154548605,0.7494636806553439,0.5378914681188101,0.6968364677393997,0.6723357298973713,0.6438493581651145,0.6387351224615391,0.5995338442123705,0.49079177993433065,0.5962984269494631,0.6334095738724624,0.6172937146819253,0.5872721628343958,0.6105855124037798,0.6357440802451602,0.6516706867019917,0.5850560820447618,0.7665946237081933,0.7725722317029702,0.6949948395319645,0.6453839389030397,0.6814293056649338,0.6279374694276754,0.5638866591697037,0.5112597343306333,0.7000409361267015,0.6370730827215388,0.6825372827893772,0.5955753022661673,0.6681666760722874
BGR,0.8109000276785955,0.6130556899040702,0.5375339793971919,0.4699698971376679,0.4023320730079371,0.4156832223447351,0.6093562389576166,0.0,0.5330542817882356,0.48316075202747755,0.9068481015727977,0.4988565368481665,0.5324055059698645,0.5175569078741886,0.5656759150697043,0.5792543674004513,0.6495777046947424,0.7604033481787363,0.5352883990535523,0.501162060233682,0.660982615601385,0.40347960781929343,0.4521314913886314,0.5322311015463863,0.6065419035972155,0.3910405906525144,0.4615411233613616,0.462280877823097,0.4422678738340944,0.4581919192319795,0.5693117769388257,0.6542291187533149,0.4632342171768692,0.41090537235950575,0.6387803411717763,0.574694053049172,0.6691531053911857,0.6018089523049415,0.5283279965752221,0.37243630947261863,0.5607826263450411,0.5074962268439671,0.6475306443280182,0.7225869464846655,0.5460973646491708,0.7289398050697578,0.4646714538750113,0.7378617422052277,0.4840476313531368,0.6263565188296553,0.5425763922086573,0.66081160447741,0.7457567548956007,0.6052863818959668,0.6994461591780705,0.4517437937483458,0.5501333414058429,0.47330729983477277,0.5883245821171393,0.5305800944462961,0.5934308688326323,0.3456275036936974,0.40576287799197214,0.46948811910749344,0.4823880258324152,0.6181742170526789,0.5534385044339187,0.6823453217566511,0.7678856221317488,0.457810428875832,0.4040197500517272,0.4401378971140568,0.5970712467918132,0.5958364195925302,0.4644364125345758,0.577931534694302,0.5639221764433928,0.5105378721970861,0.6375026260282256,0.529893377603145
BLR,0.7773229799036324,0.6494762899322644,0.46476497541877804,0.625109224836921,0.5755232079968071,0.5637336532814152,0.5212235486718068,0.5330542817882356,0.0,0.4852271691002999,0.8905667663895666,0.5791680951763262,0.6325000357606005,0.5939233534690567,0.4682578344241068,0.5244279059384268,0.577445271098936,0.7614753258768018,0.5199683417193117,0.5601008787469922,0.7059846413960932,0.5682905486495333,0.5910672393240484,0.591748561290013,0.5397630706016624,0.5048443204236304,0.5982418121149585,0.5802789291761044,0.5873333075271351,0.6188268951819786,0.5518561081792616,0.737011159664398,0.5339770543089737,0.46915801498905807,0.528335772676641,0.5338317333680186,0.6801406129907398,0.6440085866205417,0.6046703548909063,0.535658233086699,0.5021402638838179,0.5615211876205317,0.70594407992723,0.716708197679651,0.5362602092651142,0.6393632744392262,0.5408006874736596,0.8104813007136447,0.6443105331205641,0.4627643883419896,0.5141980143878316,0.7538037323704018,0.554429610685142,0.5651286073471757,0.6773054705466278,0.5818410524632294,0.6319115844497865,0.5612834608235432,0.4047847708012455,0.5248055788751931,0.48680198885962717,0.49360958524601933,0.49574978630206545,0.5235761251845801,0.5198845789852642,0.6484049273634861,0.5361151837730761,0.7035796890195236,0.8004506791398033,0.6303292007253906,0.6094849848775385,0.6160127031467474,0.47248280351572747,0.5741927835778055,0.4175745974477668,0.5638642085940129,0.522221187353229,0.6238701560090675,0.5331780052759173,0.5772571226417753
BRA,0.7789141843676212,0.5865475020817857,0.4115398029986492,0.5210338951508158,0.4968305504408668,0.4645071381211395,0.619539833946952,0.48316075202747755,0.4852271691002999,0.0,0.8569902499223548,0.4702542436846954,0.5574999315803271,0.5112569342443607,0.5223687725740426,0.5611624919910578,0.6068282795712181,0.740193793461552,0.4596163048361781,0.49798057169448207,0.7192631823933676,0.5207465638782939,0.5072944440404004,0.5655701723469078,0.5906844406034597,0.44801408869117376,0.5774559162057052,0.53052669437163,0.4887275090229171,0.5064704801709551,0.569188733144023,0.6860719250327555,0.4980008020497382,0.4327294348327465,0.5497261639365177,0.5622250348856743,0.6538844896709912,0.6290791026226347,0.5430954390457247,0.4521819888724583,0.5564701331277341,0.49972485815756973,0.6348459413433529,0.7667901641284355,0.5132729917725551,0.7163382831204174,0.5425998144804909,0.7701659912090117,0.613213800737722,0.5584346605628568,0.43724303787554397,0.7276442719652093,0.6977488463651423,0.53807840139687,0.6956500094798821,0.47694618496264257,0.5953031509354132,0.531287239694591,0.5054618399016068,0.4468174459601542,0.560155835225356,0.4603190863324113,0.43671844329004245,0.48130703488550214,0.463529571852192,0.5871765685980961,0.55005857541253,0.679176300455311,0.7799044576905689,0.5444472460130838,0.5282065729665227,0.5520698844159017,0.5250378958316072,0.5784684416431843,0.4516671730138824,0.5668761805185607,0.5786176189961637,0.4997608100907133,0.6054484785324359,0.4913863433251461
BRN,0.8855042820426474,0.7770845350662644,0.9055587018674017,0.8879359085922932,0.9183267742651106,0.887792978726273,0.9236913408750621,0.9068481015727977,0.8905667663895666,0.8569902499223548,0.0,0.872234060797319,0.9321854045587422,0.9051460852244442,0.9089650722206637,0.8728285563111882,0.8740801463755117,0.9522257319227799,0.8477702294440369,0.9060464936912512,0.9353927405051626,0.9217359811074928,0.9160749616380186,0.9049932895639166,0.8938843468168508,0.9107313887481001,0.9122694763197805,0.8949138790290535,0.9120823709826491,0.9039406470824823,0.878729866759073,0.9338789933176856,0.8829841021111703,0.9045971392568004,0.8515052933271153,0.8953514653809171,0.9138379546079949,0.9327866837080109,0.880858902812373,0.9061902143655721,0.8643829725082481,0.9111634352222558,0.896674551149006,0.9481094460465974,0.9144922002538829,0.8988185775302164,0.8885878303278448,0.9530067786480728,0.9309909181221614,0.9294653156839319,0.8750495031107763,0.9466544593930747,0.9059686388901865,0.8414743523623628,0.9422475850576474,0.9071048560147408,0.8842756080856501,0.9058430427128186,0.8852287776644526,0.8799151428079734,0.8952309391747074,0.9042343710837847,0.9017857375278268,0.9036903417389744,0.8511781208989896,0.8968187581904433,0.8961865287821661,0.9040909314024805,0.9408816345222852,0.9338248749179688,0.9356775652625221,0.9120235704161187,0.8963821581507769,0.920519916113105,0.8998625186601555,0.9173689937799163,0.9045125573767294,0.8957587170517861,0.8920410521802977,0.8594973405522252
CAN,0.7548585317762214,0.5969685281768826,0.5123867224361588,0.45049639500151556,0.4622676682657032,0.4775483615517595,0.6373984136503279,0.4988565368481665,0.5791680951763262,0.4702542436846954,0.872234060797319,0.0,0.5554687252881204,0.5233679474375333,0.5903621093896908,0.6003229686547669,0.6190206792017343,0.7674716960027989,0.5243705511364959,0.5013153534874957,0.6826365113630598,0.5007019117315434,0.46641395585394135,0.5329860587426878,0.6416177800644064,0.45365678375636426,0.5021670136866667,0.4646471633174739,0.4464225118934855,0.4430625318456891,0.5761910643676247,0.658115331048822,0.5056038127543252,0.4470257606412695,0.6220879202684602,0.5876329832062245,0.6713800140017614,0.5959792540015474,0.49206039452000294,0.4683103731029394,0.5890514298753805,0.514635310756863,0.5915882002013686,0.7897174221092774,0.5532473431250698,0.7408502218711268,0.5346093415235054,0.7242741505449867,0.5785696859845528,0.6062774052081011,0.5009262709587777,0.7161549270328913,0.7347328474636334,0.5862936196862057,0.6839211440953307,0.44103308580768114,0.49278130470465864,0.47057293474263373,0.5769515592244449,0.48428711689725074,0.6245773180772495,0.4753720307279943,0.4806752704110621,0.5073608794688962,0.49925889065684637,0.5804534559799736,0.5938941319106843,0.6762123038939998,0.7414601640653297,0.5690686194268864,0.5195378051781468,0.44807387306854574,0.6151864178641614,0.5970133736231992,0.5376204518559075,0.6059516388447541,0.6304502168188413,0.3474997499898367,0.6889829091463924,0.4923078861224864
CHE,0.8368870735070699,0.6609605143774411,0.5900681280956317,0.5452288653434332,0.4430372044474938,0.47604986539581573,0.6903078594609559,0.5324055059698645,0.6325000357606005,0.5574999315803271,0.9321854045587422,0.5554687252881204,0.0,0.5195647402212035,0.6263423464884897,0.6863351570233466,0.7110885877606291,0.8195938330440703,0.6161341611989485,0.5392786176415557,0.6636380989879728,0.5119974323936084,0.498628818902447,0.47223856422388244,0.7158862232900005,0.5031584324270711,0.5297815369132753,0.5211322617081704,0.4603297727048833,0.46342465721968157,0.5929582278129996,0.6066981933355358,0.5321728581070266,0.5108444302123221,0.706778552401446,0.7099331749177987,0.6022013343893828,0.6122035438287222,0.4873490006624199,0.4808632434076885,0.6714376055272961,0.5580757102972551,0.7003803489288271,0.8386130823966,0.5699626007517351,0.7772236395591537,0.5955741735157034,0.7229450498818247,0.5658074776601992,0.695671422317938,0.6074878990459657,0.6340029927178857,0.8066606489967717,0.6888890482863285,0.7435906059349761,0.4390377838477082,0.554817996880583,0.5445212290850966,0.6445147751644855,0.6261526806107199,0.656828267135783,0.5424152538803961,0.503395266265537,0.5790923456440203,0.5994365432388282,0.6582448121114213,0.6497570485709173,0.5555280745096495,0.7968908698442023,0.5498982817051489,0.5119736887056348,0.4992738844540263,0.660440786491009,0.6674449320815895,0.5941700251640759,0.6021535070492539,0.6952623203450794,0.5212469502680044,0.7028123202241469,0.6240062042497103
CHL,0.8089907465771228,0.6467331024451879,0.5499825032814321,0.48151178416430856,0.4876453442736555,0.4959602221435542,0.6400244631402261,0.5175569078741886,0.5939233534690567,0.5112569342443607,0.9051460852244442,0.5233679474375333,0.5195647402212035,0.0,0.6258286469122991,0.603661310725855,0.6476049996230705,0.7169072768505959,0.543559337046867,0.5087800506639625,0.6716146313536323,0.5525780410739527,0.5493344001606845,0.5677686251159454,0.6726269714206067,0.4929487255353634,0.5290398597836745,0.5246106560316813,0.47610746922430286,0.48028533721888217,0.5953016693806656,0.6796122521929605,0.5098878611825473,0.522159514290983,0.6500881739155967,0.6696427290400284,0.6623446366618418,0.5958011653922696,0.5338047064440583,0.5161645152678701,0.6326090595379258,0.6053101730179191,0.6422839610061652,0.8099420925241275,0.6151961578548636,0.6962168549348878,0.5459552504941985,0.76321768576784,0.5476160633881726,0.6339468502975891,0.5835069301331806,0.6718233022315304,0.7447729225545198,0.6587401653117,0.7067977677876124,0.49146183180662845,0.5488715222708247,0.46891782601274173,0.6158418933332928,0.4993089239099257,0.6035050679122013,0.501511309539353,0.4572336104335945,0.553606366893491,0.5606818017798022,0.6445340625069066,0.5130630344464511,0.6825805290674224,0.7879563850894751,0.5871464470037353,0.5641624555466501,0.533344649332384,0.6353191270873831,0.6343474634133356,0.5601478587039698,0.6587308113516642,0.6713911469599995,0.5334875101802068,0.6155938783980577,0.550861096582515
CHN,0.8158602345664201,0.6724939241783693,0.5118962008584026,0.6340847576272167,0.5742805334738037,0.598848345302131,0.5992279444588108,0.5656759150697043,0.4682578344241068,0.5223687725740426,0.9089650722206637,0.5903621093896908,0.6263423464884897,0.6258286469122991,0.0,0.6245039169543196,0.6612387300522894,0.7901666175732007,0.584097915121747,0.6668865422860031,0.7587856008381292,0.559102021894861,0.5808772929152425,0.6439875565999433,0.5858303431985964,0.5659161652367871,0.6257649903800865,0.5822359393107925,0.6331275404115624,0.6445557283209309,0.6685655580839777,0.7993983764768827,0.600725125454127,0.5298047035480921,0.5289186382676886,0.503602885544356,0.7293881815741395,0.6918787408028758,0.6203243604322435,0.5479427627738495,0.5794622217948082,0.5276511647683177,0.7308055949163937,0.753840234944605,0.43958649874121036,0.7340819515170848,0.6531722634669138,0.8267220511537122,0.6975943869119229,0.5734820234842747,0.4875973595180597,0.7494744599480052,0.6536553857392718,0.5955756903970649,0.7524067976097133,0.6180453080942544,0.6666661423413452,0.6213253573723873,0.5459559168831015,0.5726922007406535,0.6295672032387586,0.5437300842903254,0.5679773745053158,0.5496464854117632,0.5532871251488759,0.6779981830894549,0.6017531986910373,0.7044242131043239,0.8555187398791656,0.6282385656206022,0.5975628823978135,0.6177344514623865,0.48741109364555224,0.6025998593720313,0.46094597717530716,0.5009303730866576,0.6079277504448787,0.6332480335231131,0.5241821394272932,0.5998000674766707
CIV,0.8180808552664909,0.7124714822637652,0.5882524003357037,0.6464087928581317,0.6469271057368493,0.6193765377500792,0.6306308681983106,0.5792543674004513,0.5244279059384268,0.5611624919910578,0.8728285563111882,0.6003229686547669,0.6863351570233466,0.603661310725855,0.6245039169543196,0.0,0.5486425841071602,0.7719550361572806,0.5837244744772283,0.5990932236833771,0.7369642638635034,0.6605024122670845,0.6589844622671543,0.6618853501638919,0.6261329715795764,0.5992685263321456,0.5805590193538296,0.6182331014996296,0.6373389594756731,0.6730580875687447,0.622416667447557,0.7829213220392396,0.6010822284748771,0.5755523529739293,0.5850502552947886,0.6308988011282174,0.6954117664895004,0.694117074339808,0.6495936098319023,0.6130537485431656,0.5888664081965022,0.6655246304211061,0.7075871897686472,0.7662684687745871,0.6686305081721495,0.6877970412355785,0.557698569491873,0.8286747177521909,0.623194482093178,0.5730258131063038,0.6003574707333763,0.796916855091694,0.6771599673871742,0.6252522896543093,0.6857001817888677,0.6500306151302303,0.6744123012936912,0.5962892559944307,0.5841387597001728,0.5461968516536738,0.5680892617420814,0.562723863865633,0.571508470491531,0.5829906327382272,0.5959736543474424,0.6894989643304205,0.5551249347604534,0.7637576143627444,0.8231107635054344,0.7036987439478769,0.6787402461421855,0.6390501585742583,0.6216855906148968,0.6147661233286055,0.5679825205660454,0.7045186507536951,0.6130035217056669,0.6518310403583961,0.6232292485721129,0.5932441151651411
CMR,0.7669821648110057,0.703023942201211,0.5868987687693996,0.6456167757194424,0.6915992523934467,0.6711111312769685,0.6160739920770846,0.6495777046947424,0.577445271098936,0.6068282795712181,0.8740801463755117,0.6190206792017343,0.7110885877606291,0.6476049996230705,0.6612387300522894,0.5486425841071602,0.0,0.7734807092768644,0.5771806176643632,0.6059906004224637,0.7220255059325964,0.7019052937422046,0.7246740377904435,0.6704503233093667,0.6477146113817683,0.6385318282049716,0.6358972042405169,0.6824864192568906,0.6756135034048392,0.6827391152628509,0.6308349911084206,0.7707910946645544,0.6179155454814512,0.6437656878391663,0.6094038676294218,0.6766181289612289,0.7339512680307079,0.6879211856901238,0.7009315604797275,0.663018831725366,0.6191268343877656,0.7020996937448559,0.6787417781241245,0.7522683389527479,0.7179974448474749,0.6797296443504919,0.6169797332700677,0.8560771597836843,0.6691064011350142,0.6387274046463142,0.6534881954322652,0.790509307825723,0.6799109456518613,0.6398867122698273,0.691752660894832,0.6726288547871861,0.6595240448345524,0.6279083929187655,0.5846730925816951,0.5611307337747009,0.6241876695294194,0.6361751578468793,0.6277730609276604,0.621816210780717,0.6376557392795715,0.6601136511098465,0.5782369984682765,0.7865767037398674,0.7898495389911417,0.7479287142602669,0.7095460774757674,0.6996336334285113,0.6370640932643385,0.5712431479819376,0.6011379666427495,0.7531236575913459,0.6411255538867391,0.6788431657860309,0.672123544244909,0.6527647985521968
COD,0.8793644446853522,0.8400967326655177,0.746163245957805,0.7626891240941127,0.8053943617126968,0.79735404468659,0.7806189852529102,0.7604033481787363,0.7614753258768018,0.740193793461552,0.9522257319227799,0.7674716960027989,0.8195938330440703,0.7169072768505959,0.7901666175732007,0.7719550361572806,0.7734807092768644,0.0,0.7867852978020763,0.7602397039749411,0.8406856257276865,0.8100906824961042,0.8160093997212425,0.8112642969428547,0.7743149460524167,0.7632199549197475,0.8046205100158752,0.8078433666273162,0.7879502817389957,0.81740063586454,0.7778548306151951,0.8583623949925704,0.7852152367764852,0.7737452822494179,0.7894970238947827,0.7726168477822761,0.8549541473383498,0.8022178579604884,0.8133910467903932,0.7823896238005419,0.7811219201148343,0.7969287690574411,0.7383789155542195,0.8103432570302136,0.8160906153437488,0.8051619163900003,0.7688526668737369,0.916777563613998,0.8089888282933394,0.7640347446498408,0.754662464224402,0.8797609980973005,0.8108616916654079,0.8095567695555148,0.8121644513567208,0.7946374961424454,0.813825360273786,0.7797041738154534,0.7771758536287982,0.7135817837916002,0.7643869110243748,0.7614524857055162,0.7750616133059375,0.7723441343140967,0.7770792478674277,0.8212824787386822,0.7273996065938239,0.8914685770435123,0.8707556905359474,0.8215131019335248,0.7917195973848433,0.8042274504352583,0.8001529578984374,0.7542787944555116,0.7324235845631283,0.8350251279158512,0.7584936374087999,0.8058442570495388,0.7376185084122711,0.7512372042299029
COL,0.7780200637259373,0.608098522522462,0.47746630976271465,0.528520847408435,0.5377844898223324,0.516499618117842,0.6034859977899215,0.5352883990535523,0.5199683417193117,0.4596163048361781,0.8477702294440369,0.5243705511364959,0.6161341611989485,0.543559337046867,0.584097915121747,0.5837244744772283,0.5771806176643632,0.7867852978020763,0.0,0.5514414185893942,0.6863416731126553,0.5846479432015264,0.5898356242137609,0.5909753688467267,0.6012435914963912,0.5101931542274325,0.5836339227024655,0.5697105608597067,0.5423816660545466,0.5328935208175525,0.5920550588156079,0.7132074937702916,0.5424204644075533,0.5300016389462782,0.5789581356320083,0.6248916380399082,0.6786035301443106,0.6360162002095887,0.5697629468044288,0.5279415142104188,0.5435153654197331,0.6128117494566855,0.66545412887499,0.7844706850879575,0.6097508004862795,0.678553535484046,0.5731693236855105,0.798790401372387,0.6100587086931143,0.5915525410551956,0.5541697806724782,0.7035737225071718,0.711691275453172,0.5862766599211977,0.6955093219305213,0.535957110463272,0.5927063210296707,0.5243838841808518,0.5466167524541719,0.4842593923907316,0.5804796438130142,0.5301470921214535,0.48872089642625466,0.5625080941265502,0.5391180043133081,0.5983878066372591,0.5382771252624626,0.7136824237134118,0.7851670398921717,0.6318779218734679,0.6032068721503204,0.6140807120524494,0.5719252277855835,0.6156660762282065,0.5105099935562972,0.6490931423197112,0.6430156939096466,0.560472151554895,0.6285952357388777,0.5671850440300619
CRI,0.7889996550122255,0.6517716040666051,0.5458001323047091,0.5051218721024331,0.5076094813968883,0.4758801660753188,0.6121690253640901,0.501162060233682,0.5601008787469922,0.49798057169448207,0.9060464936912512,0.5013153534874957,0.5392786176415557,0.5087800506639625,0.6668865422860031,0.5990932236833771,0.6059906004224637,0.7602397039749411,0.5514414185893942,0.0,0.6268234224214443,0.5502868355821651,0.5514371836697719,0.5036163469036785,0.6453781940774623,0.46312488313358013,0.5298031955437872,0.537394716719298,0.4525326872309325,0.48519682189946783,0.5477126668858341,0.5858113151910849,0.48764059482020855,0.5037651336376319,0.6643720654560543,0.6644035697205948,0.6287258876257424,0.5560040827178924,0.5359506835321666,0.49871384631090643,0.6092457272863726,0.5700319505160836,0.6221205576683598,0.7641033036495581,0.6259347350107618,0.7159679812360169,0.5294617973869689,0.7271454727218294,0.5533856672201557,0.5982531302530278,0.578917855796041,0.7045462393173048,0.7439635298627363,0.63868977496471,0.6471346935250332,0.44991040500665214,0.5430633712718625,0.4935764675352356,0.5992780247188333,0.5053167551669878,0.5541254902859886,0.48717132484380127,0.4747596983104827,0.5267856197133984,0.5814710306921512,0.5728458573702633,0.5309093166074085,0.6651536989045218,0.7331209968159647,0.5934273313070202,0.540193413428355,0.5475687798796839,0.6245835308488394,0.6229450014512685,0.5481091646018362,0.6501358266953439,0.6312588937520663,0.5025468565285507,0.6843694836142332,0.5657869634499685
CYP,0.8590053656873098,0.7312225032020432,0.7136676984753817,0.6247038104638482,0.6325268526787806,0.6046579098503705,0.7134146163218418,0.660982615601385,0.7059846413960932,0.7192631823933676,0.9353927405051626,0.6826365113630598,0.6636380989879728,0.6716146313536323,0.7587856008381292,0.7369642638635034,0.7220255059325964,0.8406856257276865,0.6863416731126553,0.6268234224214443,0.0,0.6769329962381002,0.6649414844161706,0.6053859578555602,0.703227282729219,0.6207371312289499,0.6020874171089285,0.6644827034724847,0.6192174849429656,0.6106482530952125,0.6443723482201721,0.7124137712881183,0.6438947429489726,0.676831755979472,0.7756910872897927,0.7797074724686035,0.7296143673999905,0.6789411039435135,0.6837175646488731,0.6580914368097968,0.7209414270038335,0.7152138208255383,0.7874169664030016,0.8308281936527372,0.7368855274077536,0.7996157016474268,0.6696190761280381,0.7749636491333528,0.6028440295454803,0.7451675558527131,0.744594542394017,0.7151157340979108,0.8173019111270691,0.7641978384637333,0.7750629908979335,0.6345190537811518,0.6316963086465182,0.6296372860940644,0.7257426064797844,0.6817320917258036,0.7484671162813087,0.6590320925888168,0.6318679370605563,0.7104539722496416,0.7191961157657901,0.737300590315552,0.6393463060310141,0.6800325876018495,0.811384403696974,0.7066529408006413,0.6528968279516437,0.665651391172176,0.7575381935005147,0.7302606229001986,0.698083784593064,0.7638604822443456,0.7665895901304156,0.6843622395750373,0.776180465600431,0.737436576535966
CZE,0.8205510469964316,0.6444918956662584,0.5710251956809614,0.5180334063028665,0.36246997507275724,0.4339813524563544,0.6648394539344298,0.40347960781929343,0.5682905486495333,0.5207465638782939,0.9217359811074928,0.5007019117315434,0.5119974323936084,0.5525780410739527,0.559102021894861,0.6605024122670845,0.7019052937422046,0.8100906824961042,0.5846479432015264,0.5502868355821651,0.6769329962381002,0.0,0.381998613104659,0.5404654102758871,0.6762938155647789,0.3909404191597062,0.46034030087757033,0.4739174940788217,0.42502482797328395,0.4493023204746539,0.6190466160054877,0.6620615096637709,0.49744546947332696,0.3510043654244343,0.659259275119961,0.6195597949081735,0.69462307147618,0.64086222786892,0.5377095150071453,0.3875479970065608,0.6456037937174166,0.4824810639059749,0.6967114099020657,0.800467823829542,0.4897811747036577,0.761607681176246,0.5083556884659821,0.7427425679934794,0.5041056701700811,0.6513197935893693,0.5105267009956264,0.6688820654084615,0.765253076375791,0.6292143987821521,0.740395150000015,0.441818977531552,0.5632441854271164,0.501362656044709,0.6077786405853696,0.6012860956781496,0.6490813590319491,0.3525171452924039,0.41293063531797325,0.4734745012849325,0.5190062472412861,0.6558835803123063,0.6164089470391827,0.6620766590862174,0.7961019933773357,0.3509593634725839,0.3821257674402939,0.38855852260473395,0.6072049035026722,0.631777608822295,0.512215041414137,0.5688766023888586,0.6412526521747874,0.49699709435633976,0.6789111087140989,0.5635814449846481
DEU,0.8314478297761226,0.6502117037871709,0.5699359825933988,0.5269481120780786,0.3722283553687107,0.3922016916051961,0.6809696444377061,0.4521314913886314,0.5910672393240484,0.5072944440404004,0.9160749616380186,0.46641395585394135,0.498628818902447,0.5493344001606845,0.5808772929152425,0.6589844622671543,0.7246740377904435,0.8160093997212425,0.5898356242137609,0.5514371836697719,0.6649414844161706,0.381998613104659,0.0,0.5055488559493216,0.6714688132810617,0.3851690080775008,0.49581379867194353,0.44424645869756024,0.3909377244391564,0.416767297369057,0.5876381823335032,0.6742184296470829,0.5147597616185166,0.37195836207556837,0.683080180145445,0.6287846860492841,0.679363730489946,0.6007859743535826,0.48959257763975633,0.36291576907464246,0.6523204347140722,0.44758065922945234,0.7171901498068313,0.822665318029092,0.4684791332071833,0.8015757777494081,0.5580554279757679,0.7217961432517106,0.5644289497487335,0.6570395827924309,0.5366124269868275,0.6702482910452162,0.7958683029824876,0.6515213740194551,0.7567401905240043,0.41041913655058654,0.546131045513499,0.5269319525063387,0.6255648866256653,0.5775370712668662,0.6739702739696151,0.4262668739839673,0.43255679695207994,0.5021373827615074,0.5278293919799824,0.6644888065437285,0.6324107378405747,0.6353634334353934,0.8001855285079711,0.43583141614823806,0.42060744625448926,0.3927121603941169,0.6306359230419202,0.6456639594982035,0.5430012636085377,0.5534958888806308,0.6810484293749528,0.42929052917073013,0.7131248677534616,0.5489324002551158
DNK,0.8010276885726605,0.6423931764244397,0.591431509366526,0.5198831867207373,0.4931996550924159,0.4759187388380068,0.6433052625013365,0.5322311015463863,0.591748561290013,0.5655701723469078,0.9049932895639166,0.5329860587426878,0.47223856422388244,0.5677686251159454,0.6439875565999433,0.6618853501638919,0.6704503233093667,0.8112642969428547,0.5909753688467267,0.5036163469036785,0.6053859578555602,0.5404654102758871,0.5055488559493216,0.0,0.6679234365589718,0.5129229228674088,0.5243023140719931,0.49673977286249144,0.479965609323478,0.47409728313735944,0.5293019958997577,0.5833817659827961,0.5398546807471928,0.5092441721891936,0.6969313204520791,0.7014345127540661,0.6338276360206214,0.5924100279939477,0.4954821134942951,0.47810273179462487,0.6436516964593699,0.5591027907018014,0.6910863032140774,0.8112493540279658,0.5899178561188614,0.7702920871726372,0.5735872604878033,0.7293971355260426,0.5790847495758982,0.6853459958319533,0.6118917737988215,0.687069257189575,0.7705853370623592,0.670644156486868,0.7165268156750084,0.43049172938287594,0.4481007491271734,0.5092988600867803,0.6194463816650096,0.6140701462575353,0.6538166397331092,0.5389956109681019,0.5202198536406314,0.5826205101241356,0.6078966541043183,0.6533753944250598,0.6353587879647458,0.5585069683350716,0.7938849654415635,0.6019729443813024,0.5473212790138791,0.5176268468292566,0.6751665718651096,0.6561288879665593,0.5922608994266848,0.6316876740314119,0.6672306379985651,0.5084295243430516,0.7139778261068833,0.6126838745305057
EGY,0.7612517507609257,0.6588309602830084,0.5615753999406587,0.6677082659452264,0.6506488536089673,0.6375463081333823,0.6421979205986504,0.6065419035972155,0.5397630706016624,0.5906844406034597,0.8938843468168508,0.6416177800644064,0.7158862232900005,0.6726269714206067,0.5858303431985964,0.6261329715795764,0.6477146113817683,0.7743149460524167,0.6012435914963912,0.6453781940774623,0.703227282729219,0.6762938155647789,0.6714688132810617,0.6679234365589718,0.0,0.6250195169753949,0.6451079063622152,0.6611825352000411,0.6676948425382694,0.6915207413509475,0.605494561494807,0.8133939198788084,0.6204995171564752,0.6158902631309046,0.5992850598969076,0.6195657257952143,0.7376817912455665,0.705460356020067,0.6982935546517985,0.6274515518269828,0.561636514602975,0.6577702591842464,0.7238439064594535,0.7405719079334041,0.655354702367818,0.7271929133668278,0.634908137311703,0.8675470919356696,0.6853623899478003,0.6326339260252495,0.6010985975888005,0.7917235521682245,0.6741182376042426,0.6239936452414818,0.7424849353010545,0.652060426206489,0.6742452001661244,0.6362372421823012,0.5544433578875033,0.56667897828401,0.6476174366335268,0.6113195939279206,0.6140015410362403,0.6222420445441315,0.577038800681555,0.6697791653798431,0.5903171594018002,0.7722918724708311,0.8519789565896382,0.706958808926661,0.6720510119038619,0.6865952026832244,0.5972483252822236,0.6411533134148275,0.5433879172136722,0.6645372691628317,0.6120204645222314,0.6718889524288355,0.6511855532351908,0.6545907043286462
ESP,0.8131136900949415,0.6254133692961709,0.4935503366853101,0.47325675618273544,0.36193031116260915,0.35519964087690264,0.6145009575910987,0.3910405906525144,0.5048443204236304,0.44801408869117376,0.9107313887481001,0.45365678375636426,0.5031584324270711,0.4929487255353634,0.5659161652367871,0.5992685263321456,0.6385318282049716,0.7632199549197475,0.5101931542274325,0.46312488313358013,0.6207371312289499,0.3909404191597062,0.3851690080775008,0.5129229228674088,0.6250195169753949,0.0,0.4673809118552008,0.4573242246171071,0.3605144536390345,0.40308112946053243,0.5242238565401058,0.6430696948331144,0.41595044798837066,0.3503171076419545,0.6301026146433053,0.6033532686586558,0.6450075308469324,0.5653338506886572,0.5049561142035809,0.33497284530737953,0.5753976590880892,0.483022768328317,0.6649866098833496,0.7749381843188142,0.4949460226915346,0.7439075706789019,0.4800375041792533,0.7463374713489607,0.5108544256535125,0.5808359326255783,0.4961311546212726,0.6487937387950683,0.7494020339330096,0.6045110158837999,0.7036693018448059,0.4094148666056928,0.5202215310423489,0.468564552939231,0.5699813519017767,0.5013859815604764,0.5727151690079956,0.36033391030010403,0.3384678099570485,0.4448095734292744,0.492834444551738,0.601513604134348,0.5238594373779647,0.6593001333994283,0.7690221039899826,0.4519285571809538,0.3998045312740057,0.41342142394816195,0.5764898352412839,0.6007846304038994,0.47291767247989186,0.5680841998656372,0.6244220369723422,0.4633541285892576,0.6635287224625966,0.5229107657386843
EST,0.7995024602554718,0.6528894080544299,0.6076381277479067,0.5217981228122047,0.4347892023313772,0.4890807894098734,0.629201350995541,0.4615411233613616,0.5982418121149585,0.5774559162057052,0.9122694763197805,0.5021670136866667,0.5297815369132753,0.5290398597836745,0.6257649903800865,0.5805590193538296,0.6358972042405169,0.8046205100158752,0.5836339227024655,0.5298031955437872,0.6020874171089285,0.46034030087757033,0.49581379867194353,0.5243023140719931,0.6451079063622152,0.4673809118552008,0.0,0.44918731482327334,0.4829722167712482,0.4958230985266666,0.5855782118069707,0.6713492897550749,0.48268100075221204,0.46862466387765117,0.6497616334918728,0.6774759524807403,0.6876068577494238,0.6175600006437775,0.5508374737093436,0.4695686288829406,0.6385005344807341,0.5855723339690241,0.6750021962834115,0.8030827933195938,0.5951705985297026,0.7230284970114392,0.4487445994644192,0.7760564182939105,0.36748599957512157,0.6578257436683398,0.6012046356454165,0.6337795191701467,0.7555666925848217,0.6450174644678689,0.730088154394874,0.47662339220413025,0.5189234573874423,0.4943287299157628,0.6053524872138741,0.572545325510603,0.6359667860227333,0.4492430135701506,0.4392337088482152,0.5140760277904579,0.5482824190088074,0.6389104437719932,0.5891704964096134,0.6573175848322963,0.7719449940186547,0.5230190748492737,0.4738391986217661,0.4434689190717283,0.6313158273435292,0.5955437822608133,0.5580338648480772,0.6314723212879918,0.6638464361130123,0.5369881305938314,0.6730167798200745,0.5953256153590953
FIN,0.822968694979871,0.6154539136908221,0.5959475981182677,0.5157073214006406,0.4081109337203769,0.44445673580045014,0.672446646966079,0.462280877823097,0.5802789291761044,0.53052669437163,0.8949138790290535,0.4646471633174739,0.5211322617081704,0.5246106560316813,0.5822359393107925,0.6182331014996296,0.6824864192568906,0.8078433666273162,0.5697105608597067,0.537394716719298,0.6644827034724847,0.4739174940788217,0.44424645869756024,0.49673977286249144,0.6611825352000411,0.4573242246171071,0.44918731482327334,0.0,0.4763049865352298,0.4720232423752514,0.6051482458995552,0.669969962782888,0.4939423257016926,0.45062702672136046,0.6632701208523062,0.6446332990325628,0.6700639239170753,0.6033744476774204,0.49011743576897826,0.4345648861773021,0.6089735873297051,0.507303657984228,0.7024638844694007,0.8009338350367161,0.5090490793822644,0.7712648978859088,0.5310170643226713,0.7560638419545185,0.5186862576596905,0.6643374146110524,0.5675239572961579,0.6716087016196526,0.7781731123437464,0.6392956124459599,0.752784669632957,0.437635299396257,0.5084190126048561,0.5070082825374571,0.6222870066629063,0.5721995785770191,0.6657399610954046,0.43625878954733865,0.45323385801573063,0.5484887387902457,0.5495107377327346,0.656213313956257,0.6214558602833516,0.6207875385657596,0.8018964451983446,0.5436880346052617,0.4706030552466501,0.39807410732136483,0.6519150303563364,0.6439163074386172,0.543443571576051,0.5504504599773421,0.6626036644773973,0.4814809971818831,0.6689315079715037,0.5505688352971528
FRA,0.815108299459312,0.6312225080092253,0.5668959964082922,0.4280264442130303,0.35691399749524094,0.36068448845108747,0.6427654414569899,0.4422678738340944,0.5873333075271351,0.4887275090229171,0.9120823709826491,0.4464225118934855,0.4603297727048833,0.47610746922430286,0.6331275404115624,0.6373389594756731,0.6756135034048392,0.7879502817389957,0.5423816660545466,0.4525326872309325,0.6192174849429656,0.42502482797328395,0.3909377244391564,0.479965609323478,0.6676948425382694,0.3605144536390345,0.4829722167712482,0.4763049865352298,0.0,0.3204909351445891,0.5645620448263843,0.6047653601223036,0.4778246595262237,0.4214996564708035,0.6904397436947385,0.6631614081973908,0.6447988321905621,0.5736763917784163,0.4694293205135523,0.3703843996481858,0.6488431286897833,0.5229437213824121,0.6726983293563662,0.8001043995298822,0.5582218087056026,0.7539979455779936,0.5171025521537922,0.6960131564061682,0.4998692829884367,0.644825675880018,0.5686826536010476,0.6408064329004655,0.7832526115273516,0.6593413915981541,0.7177771295326252,0.35973769183447457,0.5034798822343373,0.4376899974109397,0.6106828006971649,0.5418632835929125,0.6357477207368973,0.43468535394061764,0.37500540253794656,0.49523604001604843,0.5259520356179185,0.6289290814394772,0.5727706126469133,0.6138930652836396,0.7554408234191672,0.45585679638086546,0.4483614901953696,0.4286341005043751,0.6371664256810751,0.6326898242520925,0.5224405296012918,0.6122454637375734,0.6725218983472128,0.4095403676453374,0.7089584144373647,0.5518970681436147
GBR,0.8135949804904483,0.6015459276668785,0.5714694462670843,0.38995873773220346,0.3628974502341543,0.3707229756437447,0.6597169066448564,0.4581919192319795,0.6188268951819786,0.5064704801709551,0.9039406470824823,0.4430625318456891,0.46342465721968157,0.48028533721888217,0.6445557283209309,0.6730580875687447,0.6827391152628509,0.81740063586454,0.5328935208175525,0.48519682189946783,0.6106482530952125,0.4493023204746539,0.416767297369057,0.47409728313735944,0.6915207413509475,0.40308112946053243,0.4958230985266666,0.4720232423752514,0.3204909351445891,0.0,0.5836459267745108,0.5970970622133864,0.479873357139136,0.4561278091038255,0.6989857881153658,0.6756569233443597,0.6336081084123437,0.5568824305976017,0.46976751891175533,0.40027183709830916,0.6475373689534224,0.541400370522046,0.6692949433108364,0.8200443046473065,0.5771654173332639,0.7612656774486661,0.5519965378794469,0.6808929973069877,0.5131318779150336,0.6801662787486162,0.5890843236967499,0.6278389844984499,0.8007517591601564,0.667612334395641,0.7275429511900557,0.35983546967316404,0.4836984601700012,0.4268327390168426,0.6241238603673983,0.5566993865283624,0.6646591745634877,0.4613686661913453,0.39618366882329503,0.5249016390356552,0.5465045909219355,0.6337264221040133,0.6059707672440358,0.615432441681428,0.743601285815188,0.46657274070986915,0.45693955832976063,0.4538472449553436,0.6534573828254546,0.6512484168909626,0.5543751346255044,0.6317725523882668,0.7042244580991911,0.4134135785954995,0.7181767127503211,0.5676463927654376
GRC,0.8094348201115942,0.6779557193139849,0.5889551347419125,0.6065328877368037,0.5803005865339879,0.5620811809506744,0.6366071640219206,0.5693117769388257,0.5518561081792616,0.569188733144023,0.878729866759073,0.5761910643676247,0.5929582278129996,0.5953016693806656,0.6685655580839777,0.622416667447557,0.6308349911084206,0.7778548306151951,0.5920550588156079,0.5477126668858341,0.6443723482201721,0.6190466160054877,0.5876381823335032,0.5293019958997577,0.605494561494807,0.5242238565401058,0.5855782118069707,0.6051482458995552,0.5645620448263843,0.5836459267745108,0.0,0.6412279118755142,0.5368972888406385,0.5487498060444705,0.683449658828836,0.6811162493866039,0.7067628859602209,0.6311545255899181,0.5510945701753075,0.5546299470055412,0.6147388406294264,0.6120271983874523,0.6845923706888882,0.7812213309688485,0.6133926817320867,0.7171089123670988,0.5802772598039829,0.7990342625061506,0.6386385316510768,0.665833213316133,0.6255423381530895,0.713183036897193,0.7434475234582162,0.6657931791500037,0.733877965103457,0.5756469123997445,0.5911421579056864,0.5986940818964537,0.571901430526541,0.5779603080860601,0.6123207979674068,0.5973086085154085,0.5399586639123685,0.5932047915962246,0.5765010069564686,0.649588617093543,0.5982576005610186,0.6533451168992505,0.7750088433034822,0.67330874524368,0.6311255169102911,0.6026307939988224,0.6370050798419943,0.6543501690955221,0.5713452549790379,0.6499761665450848,0.6536505221255304,0.5912223708313137,0.6809739557965041,0.5931795888649453
HKG,0.8561367497985504,0.7209650476901357,0.7287942137248755,0.6444704900440434,0.6315677580641658,0.6368103617493681,0.7250656259564017,0.6542291187533149,0.737011159664398,0.6860719250327555,0.9338789933176856,0.658115331048822,0.6066981933355358,0.6796122521929605,0.7993983764768827,0.7829213220392396,0.7707910946645544,0.8583623949925704,0.7132074937702916,0.5858113151910849,0.7124137712881183,0.6620615096637709,0.6742184296470829,0.5833817659827961,0.8133939198788084,0.6430696948331144,0.6713492897550749,0.669969962782888,0.6047653601223036,0.5970970622133864,0.6412279118755142,0.0,0.6732080175504034,0.6560553563897052,0.7980451906990909,0.8114607598891947,0.7357074275338986,0.6813654528420208,0.6150926577442029,0.6460286215153968,0.7530473925320675,0.6961468425437534,0.7352391509678958,0.8633023422986078,0.7160224984884546,0.8195382879224674,0.7101463667854625,0.7158333756377417,0.6743085147865273,0.8067652263845962,0.7126999186875894,0.7384087899909628,0.8643840082883213,0.7510639216234348,0.7713778136367354,0.5937743244093415,0.6454007813234246,0.6613319997732969,0.7471475671749407,0.7426854719216663,0.7041421447427856,0.6759626884723708,0.6365304386483511,0.6976223518913635,0.727311634727577,0.66372793168171,0.7639249999051977,0.6055243515546653,0.7332270200285654,0.6988466329647172,0.6628424499033151,0.6744143116983045,0.7735599673340225,0.7769725026695867,0.7338614636091482,0.7223743736665452,0.7853502519181549,0.6314910724708381,0.8117526962381328,0.7238374574199702
HRV,0.802595588369876,0.6288450052995506,0.518098410070689,0.5100706667599427,0.45326635071856197,0.46258286628334183,0.6076029101135558,0.4632342171768692,0.5339770543089737,0.4980008020497382,0.8829841021111703,0.5056038127543252,0.5321728581070266,0.5098878611825473,0.600725125454127,0.6010822284748771,0.6179155454814512,0.7852152367764852,0.5424204644075533,0.48764059482020855,0.6438947429489726,0.49744546947332696,0.5147597616185166,0.5398546807471928,0.6204995171564752,0.41595044798837066,0.48268100075221204,0.4939423257016926,0.4778246595262237,0.479873357139136,0.5368972888406385,0.6732080175504034,0.0,0.4532119387558865,0.6275352529575547,0.6321001894696417,0.6559233992664187,0.5963820438015777,0.5381937284493895,0.4464575093603646,0.5699901877329184,0.5415511800618908,0.6781017717144502,0.7786577962528999,0.5586570727680752,0.706051146355644,0.48917389960825525,0.7782653182553528,0.5343360031610229,0.6125266876669035,0.573367748962786,0.683471219690396,0.7259919522510897,0.6250199974216474,0.6984966641882479,0.4876635845284596,0.5314074976740962,0.49107990456244305,0.5673503360607038,0.5150579015156459,0.5757789361257682,0.4409182339581342,0.43870655437345013,0.49101158892236724,0.5275960395153951,0.5973801262158067,0.5336043129203204,0.6822885352116037,0.7507806243942012,0.5450206860518405,0.4735431227017001,0.5077471534751501,0.5955478639679032,0.5945553220678538,0.5121266058036927,0.6126231185356038,0.6427694945079396,0.5337866940795726,0.6512071886046955,0.5511540162906371
HUN,0.7931342428255297,0.6192377490118136,0.4767531195759385,0.5186381803816443,0.4030849168305724,0.41577130710092375,0.6147787827416684,0.41090537235950575,0.46915801498905807,0.4327294348327465,0.9045971392568004,0.4470257606412695,0.5108444302123221,0.522159514290983,0.5298047035480921,0.5755523529739293,0.6437656878391663,0.7737452822494179,0.5300016389462782,0.5037651336376319,0.676831755979472,0.3510043654244343,0.37195836207556837,0.5092441721891936,0.6158902631309046,0.3503171076419545,0.46862466387765117,0.45062702672136046,0.4214996564708035,0.4561278091038255,0.5487498060444705,0.6560553563897052,0.4532119387558865,0.0,0.6171979388234254,0.5801528955556836,0.6387988119979023,0.6156513850108978,0.4894295337510639,0.37238980359805596,0.5666051852846167,0.4514971864249702,0.6636058860988288,0.765384642714678,0.44148285856370834,0.7246910303015991,0.4656684848154604,0.7550765606825242,0.5365181301751525,0.5639447277903602,0.42119220676568253,0.6576006747979628,0.7073737062070018,0.5814333011301789,0.70390993212816,0.4226765155390691,0.5552153730539944,0.49124869441292046,0.5367202683988616,0.5293666477534194,0.558189436202574,0.3503096934405027,0.39394947201277436,0.4378119008919319,0.479540679380947,0.6207932655262125,0.566923609914081,0.6375606650531682,0.7694378865044359,0.43664927667115727,0.4212540761972771,0.4266768390753317,0.5462465606286809,0.5757030739104755,0.47274544469868657,0.5279823458127417,0.5915588791758966,0.4510108079752268,0.622286138391733,0.5035108085647805
IDN,0.7547374818787125,0.6329374765943536,0.5626008252134554,0.6671926885365583,0.6609787975127766,0.6857136750579631,0.6572602851224808,0.6387803411717763,0.528335772676641,0.5497261639365177,0.8515052933271153,0.6220879202684602,0.706778552401446,0.6500881739155967,0.5289186382676886,0.5850502552947886,0.6094038676294218,0.7894970238947827,0.5789581356320083,0.6643720654560543,0.7756910872897927,0.659259275119961,0.683080180145445,0.6969313204520791,0.5992850598969076,0.6301026146433053,0.6497616334918728,0.6632701208523062,0.6904397436947385,0.6989857881153658,0.683449658828836,0.7980451906990909,0.6275352529575547,0.6171979388234254,0.0,0.596787466178487,0.7472414391179661,0.7250337228696482,0.693808949833794,0.6420345450860044,0.571155836739557,0.6476149626181963,0.7369601262302877,0.8138782230205593,0.6153411401590364,0.6872652387227564,0.6623413690856617,0.8669064654977586,0.7168912202041382,0.6004231096319924,0.5524179491202659,0.8058273786790727,0.6659657527848685,0.5223649957730873,0.727495778722493,0.6807733137445208,0.6965224967742428,0.653219670927833,0.5694336017968206,0.5736419618299122,0.6052993807939006,0.5934207824335797,0.5975762584394805,0.5991551157962558,0.5996438947026025,0.6353053857087602,0.6215713354164303,0.7874402428119839,0.8596518311396524,0.7120138133423328,0.6973078444106002,0.6979631832796342,0.5115656350416373,0.6335514603361794,0.5527732575500827,0.6473809361032483,0.6491343905761989,0.6906695424191293,0.6011404950661801,0.6368282882978499
IND,0.8190005164129038,0.7021698271161224,0.5523185309979308,0.6478246569045375,0.6298497584412371,0.6359734544261356,0.6225439155482501,0.574694053049172,0.5338317333680186,0.5622250348856743,0.8953514653809171,0.5876329832062245,0.7099331749177987,0.6696427290400284,0.503602885544356,0.6308988011282174,0.6766181289612289,0.7726168477822761,0.6248916380399082,0.6644035697205948,0.7797074724686035,0.6195597949081735,0.6287846860492841,0.7014345127540661,0.6195657257952143,0.6033532686586558,0.6774759524807403,0.6446332990325628,0.6631614081973908,0.6756569233443597,0.6811162493866039,0.8114607598891947,0.6321001894696417,0.5801528955556836,0.596787466178487,0.0,0.7407413536636221,0.7062108839510565,0.6602953733474892,0.6005743311839573,0.5861223260167204,0.586168400960816,0.7164084132510109,0.7221857661913154,0.5848020557930854,0.7568328660464211,0.6464882266713072,0.8370749722445163,0.724583626108551,0.5774789937231802,0.5537164875340029,0.8115217502969987,0.6842892811807184,0.6321872935400698,0.746575468279736,0.6588797536323869,0.7019836870854879,0.6543173189731416,0.5711196041687162,0.578943004536109,0.6214886523871368,0.5734451467672614,0.6177513622932891,0.5749389313101485,0.5806036842765483,0.6894193842953346,0.6167366234787383,0.7859686848142864,0.8224103609904395,0.6768981121992392,0.6485289307444039,0.6503643822857572,0.5683545796640654,0.6071361967280426,0.5236016264460288,0.6120730448880185,0.614555131675714,0.6480259781009244,0.6319519602144137,0.6073674226836067
IRL,0.8347349369889736,0.7118668957108423,0.6488515892631394,0.6642867764927557,0.6676299365944429,0.6117816854775939,0.7426231808879385,0.6691531053911857,0.6801406129907398,0.6538844896709912,0.9138379546079949,0.6713800140017614,0.6022013343893828,0.6623446366618418,0.7293881815741395,0.6954117664895004,0.7339512680307079,0.8549541473383498,0.6786035301443106,0.6287258876257424,0.7296143673999905,0.69462307147618,0.679363730489946,0.6338276360206214,0.7376817912455665,0.6450075308469324,0.6876068577494238,0.6700639239170753,0.6447988321905621,0.6336081084123437,0.7067628859602209,0.7357074275338986,0.6559233992664187,0.6387988119979023,0.7472414391179661,0.7407413536636221,0.0,0.6839124419250393,0.6422445035413868,0.660067094859223,0.6937205521998969,0.6792678869244613,0.7728476506402695,0.8538776480597406,0.7178392389009143,0.7979237500016679,0.683275222931049,0.7648644482461793,0.7048436135484254,0.7220363306124592,0.6786961587639868,0.7457837321027734,0.81219305956379,0.720848643645853,0.7688110265124122,0.6208158362329714,0.6982307002911075,0.6526926783398859,0.7113639401792023,0.6846253460727602,0.6827903513375011,0.659392876938836,0.6435948248307239,0.6804303143273182,0.7004089081022231,0.7313950564072348,0.6990924843808456,0.6766975893216647,0.8194251277267929,0.7150265544243025,0.6709988238637085,0.683606936774194,0.723892254963748,0.738507069873471,0.7041611664774989,0.7253089058441116,0.7358717339478174,0.6543650326686541,0.7487549609732467,0.7116411427640392
ISL,0.8381483029722901,0.7061878638775483,0.6521536185228121,0.5874023753085967,0.5938450938142229,0.5745385717102262,0.6410343411504045,0.6018089523049415,0.6440085866205417,0.6290791026226347,0.9327866837080109,0.5959792540015474,0.6122035438287222,0.5958011653922696,0.6918787408028758,0.694117074339808,0.6879211856901238,0.8022178579604884,0.6360162002095887,0.5560040827178924,0.6789411039435135,0.64086222786892,0.6007859743535826,0.5924100279939477,0.705460356020067,0.5653338506886572,0.6175600006437775,0.6033744476774204,0.5736763917784163,0.5568824305976017,0.6311545255899181,0.6813654528420208,0.5963820438015777,0.6156513850108978,0.7250337228696482,0.7062108839510565,0.6839124419250393,0.0,0.5958715237672837,0.5974724429667223,0.6731460699231889,0.6453489005296809,0.7252441582119048,0.8183663653599919,0.6714724260056608,0.7776215645499707,0.6615622144033648,0.7673760191642122,0.6403307459588687,0.6594037925259879,0.6893283802609997,0.6786123183489131,0.7864229895938332,0.6947417797511108,0.7435505957760724,0.570611302573022,0.572657770184741,0.5745566084636116,0.6784720018019326,0.5997586821305012,0.6632462945720443,0.6104726270286714,0.579059940477386,0.6459527824731914,0.6455993894879143,0.6877214420824962,0.6351096941732332,0.7126487562457353,0.7663334259958978,0.6537997435719555,0.617700968213599,0.6316625374026017,0.687787272288437,0.6737856328891525,0.6442596530650344,0.7050190970610699,0.7325070395631915,0.6151006535173168,0.730913739646052,0.6571660662235301
ISR,0.8199034541533807,0.6473953250987446,0.5746680296641307,0.5464542301273877,0.49527366767982184,0.46178339674226865,0.6504271014279683,0.5283279965752221,0.6046703548909063,0.5430954390457247,0.880858902812373,0.49206039452000294,0.4873490006624199,0.5338047064440583,0.6203243604322435,0.6495936098319023,0.7009315604797275,0.8133910467903932,0.5697629468044288,0.5359506835321666,0.6837175646488731,0.5377095150071453,0.48959257763975633,0.4954821134942951,0.6982935546517985,0.5049561142035809,0.5508374737093436,0.49011743576897826,0.4694293205135523,0.46976751891175533,0.5510945701753075,0.6150926577442029,0.5381937284493895,0.4894295337510639,0.693808949833794,0.6602953733474892,0.6422445035413868,0.5958715237672837,0.0,0.4923068207703184,0.6443375984843934,0.5460570113843837,0.697707926063198,0.8205100344724153,0.5310731244677563,0.7907024064970589,0.58299138952029,0.7120888293316494,0.6225584700502379,0.6742595947647548,0.5715434680431741,0.6323853133146113,0.7775446639482204,0.64530398673212,0.7142042112085877,0.42867481797843654,0.5481919690735967,0.5303802513478038,0.6332546176114227,0.5820922631333599,0.6349994346675618,0.5398435440504866,0.5027487510532186,0.5944483360968098,0.5767881942790153,0.6709816644317343,0.6309960031838887,0.5657625843522348,0.7827212152833724,0.617229002399916,0.5595202653528942,0.524480538744793,0.633134397281868,0.674026062250455,0.5847038759854555,0.5569741551366956,0.681048651427111,0.4542705758637452,0.6666271692229444,0.571761795144781
ITA,0.8171381741117466,0.6158764701954791,0.5143701708834747,0.49355197931350736,0.3420961694747094,0.3777136864403226,0.6206703036468426,0.37243630947261863,0.535658233086699,0.4521819888724583,0.9061902143655721,0.4683103731029394,0.4808632434076885,0.5161645152678701,0.5479427627738495,0.6130537485431656,0.663018831725366,0.7823896238005419,0.5279415142104188,0.49871384631090643,0.6580914368097968,0.3875479970065608,0.36291576907464246,0.47810273179462487,0.6274515518269828,0.33497284530737953,0.4695686288829406,0.4345648861773021,0.3703843996481858,0.40027183709830916,0.5546299470055412,0.6460286215153968,0.4464575093603646,0.37238980359805596,0.6420345450860044,0.6005743311839573,0.660067094859223,0.5974724429667223,0.4923068207703184,0.0,0.5947581433239824,0.46156275382001033,0.6820639730024236,0.7818457116039388,0.4679759725466108,0.767723885796575,0.49923035895085943,0.7199298071909401,0.530291804201928,0.6435194905994268,0.5135550972856671,0.6553928787524702,0.762830492471895,0.6242154175785937,0.72426401745881,0.3924319299079986,0.5276554198576638,0.486609637312652,0.5746576660772599,0.5270148084613832,0.6277090839373721,0.3934583365745243,0.36131412257501916,0.4609824810566997,0.49494535024722097,0.6170414881692061,0.5913518945292144,0.6288596985056208,0.7736876049331893,0.4387379596627539,0.38676203093160805,0.4190133366709476,0.5862534835090234,0.6124188847153417,0.4599050776159622,0.5409053579240946,0.6296120819963149,0.45374893661504845,0.6664570273911322,0.5409676772836649
JOR,0.8024902083148,0.633038505050262,0.5448703027929371,0.6160190452275107,0.6277286299411108,0.6069191076769986,0.6452276391322804,0.5607826263450411,0.5021402638838179,0.5564701331277341,0.8643829725082481,0.5890514298753805,0.6714376055272961,0.6326090595379258,0.5794622217948082,0.5888664081965022,0.6191268343877656,0.7811219201148343,0.5435153654197331,0.6092457272863726,0.7209414270038335,0.6456037937174166,0.6523204347140722,0.6436516964593699,0.561636514602975,0.5753976590880892,0.6385005344807341,0.6089735873297051,0.6488431286897833,0.6475373689534224,0.6147388406294264,0.7530473925320675,0.5699901877329184,0.5666051852846167,0.571155836739557,0.5861223260167204,0.6937205521998969,0.6731460699231889,0.6443375984843934,0.5947581433239824,0.0,0.6340577162339409,0.7121469282644889,0.7784201846229647,0.6230940101071073,0.7205515557335271,0.5928602150773415,0.8366276379471065,0.6771354434425005,0.5875453105474884,0.5611387900314715,0.7835041961605114,0.7300508535854516,0.5888893202158733,0.7251304007567987,0.6154299054143009,0.6378099318956796,0.5948177215896517,0.6063888933254218,0.5526307580140029,0.5845610707226944,0.5558958959004981,0.5703913438269319,0.6056295455726993,0.5806881432084497,0.6344836377733468,0.5716317991047506,0.753768564079449,0.8104100052774798,0.7051232308376871,0.6361021211642552,0.66027167728745,0.5866487675382482,0.6346471182738714,0.5414735607501551,0.6421258682806895,0.634064688136542,0.6360888937889703,0.6314758328344425,0.5738793796600012
JPN,0.8359483583805472,0.6757369027402711,0.5398990031116939,0.593504891224453,0.48283341496048093,0.50682205954367,0.6834887812389359,0.5074962268439671,0.5615211876205317,0.49972485815756973,0.9111634352222558,0.514635310756863,0.5580757102972551,0.6053101730179191,0.5276511647683177,0.6655246304211061,0.7020996937448559,0.7969287690574411,0.6128117494566855,0.5700319505160836,0.7152138208255383,0.4824810639059749,0.44758065922945234,0.5591027907018014,0.6577702591842464,0.483022768328317,0.5855723339690241,0.507303657984228,0.5229437213824121,0.541400370522046,0.6120271983874523,0.6961468425437534,0.5415511800618908,0.4514971864249702,0.6476149626181963,0.586168400960816,0.6792678869244613,0.6453489005296809,0.5460570113843837,0.46156275382001033,0.6340577162339409,0.0,0.7207955845157887,0.7613067266472059,0.41524542847370477,0.7949090571995718,0.5972734336296458,0.7697846012059072,0.6535604252774644,0.6471344646210822,0.5118824877941416,0.7160864583507925,0.765622229333531,0.6335501112117035,0.7501999873288286,0.5257766452144156,0.6074833809427279,0.6049627466760754,0.6173847689234193,0.5818509549171019,0.6593704076617398,0.497939082026893,0.5050338508973217,0.5000541747705844,0.543326030156771,0.6491241835390231,0.63739567184798,0.6481264878443878,0.8203628517728826,0.5322352441660411,0.5192620407466394,0.5032072993992662,0.5695534460885957,0.6653640071326598,0.5312804257930268,0.4955209427706462,0.6357728023926273,0.5188281857235487,0.6731115907924405,0.5732123289021733
KAZ,0.7480037501502116,0.7102980696043106,0.6544857915802388,0.6068267835325817,0.6833382521336322,0.6861509486569092,0.683958199956356,0.6475306443280182,0.70594407992723,0.6348459413433529,0.896674551149006,0.5915882002013686,0.7003803489288271,0.6422839610061652,0.7308055949163937,0.7075871897686472,0.6787417781241245,0.7383789155542195,0.66545412887499,0.6221205576683598,0.7874169664030016,0.6967114099020657,0.7171901498068313,0.6910863032140774,0.7238439064594535,0.6649866098833496,0.6750021962834115,0.7024638844694007,0.6726983293563662,0.6692949433108364,0.6845923706888882,0.7352391509678958,0.6781017717144502,0.6636058860988288,0.7369601262302877,0.7164084132510109,0.7728476506402695,0.7252441582119048,0.697707926063198,0.6820639730024236,0.7121469282644889,0.7207955845157887,0.0,0.7878653782766744,0.7545497102359467,0.7421038486418846,0.666219467423079,0.8277878716689435,0.6940204829987052,0.7367664528530525,0.6405127013448394,0.8097939997099077,0.7585724055758257,0.7269096029232669,0.7357927837242015,0.6562289394882852,0.6769184952346778,0.6493633946487929,0.6631602849339013,0.6245753068477172,0.699096986639347,0.6612902501944736,0.6922651709152629,0.6488263614010817,0.6175741465077246,0.6495157684998049,0.6737141769473257,0.7897851118732367,0.8081075450812625,0.7225944797106404,0.6891153400984628,0.6743411966946596,0.7539897852483358,0.7026948460323275,0.674411301505451,0.7720071917243964,0.6849713194212816,0.6401072641122852,0.7387205615783992,0.6275629654371014
KHM,0.8567845710453603,0.8373841347046327,0.7517098552253842,0.7805727725404586,0.786551095057779,0.7875105818373082,0.668229201965542,0.7225869464846655,0.716708197679651,0.7667901641284355,0.9481094460465974,0.7897174221092774,0.8386130823966,0.8099420925241275,0.753840234944605,0.7662684687745871,0.7522683389527479,0.8103432570302136,0.7844706850879575,0.7641033036495581,0.8308281936527372,0.800467823829542,0.822665318029092,0.8112493540279658,0.7405719079334041,0.7749381843188142,0.8030827933195938,0.8009338350367161,0.8001043995298822,0.8200443046473065,0.7812213309688485,0.8633023422986078,0.7786577962528999,0.765384642714678,0.8138782230205593,0.7221857661913154,0.8538776480597406,0.8183663653599919,0.8205100344724153,0.7818457116039388,0.7784201846229647,0.7613067266472059,0.7878653782766744,0.0,0.7929457018966607,0.7764538633230468,0.7846952067010515,0.8936305787153644,0.7972200106756173,0.7264563265430513,0.7868340977906974,0.8675430343138186,0.6971546442849329,0.8154085079675502,0.803837124691365,0.8047507538520695,0.8246568896177418,0.7703857450671374,0.7056895314155165,0.7730970655460686,0.7582888712136363,0.7623101775952464,0.769158564580424,0.755224858488826,0.7624147223869853,0.7949631297439719,0.7325952637560151,0.8775067080862499,0.8479814794997198,0.7981010104860314,0.7991385661804769,0.7991672357548358,0.7900734473808492,0.7343893696604938,0.6963874843905561,0.7773172727305458,0.6532718663425886,0.8208039839652854,0.7301276979720673,0.7836675919847543
KOR,0.8391162437387057,0.6655165927817329,0.5401344362745901,0.6369615797360353,0.5037748220198813,0.5354622398239219,0.6716262241750989,0.5460973646491708,0.5362602092651142,0.5132729917725551,0.9144922002538829,0.5532473431250698,0.5699626007517351,0.6151961578548636,0.43958649874121036,0.6686305081721495,0.7179974448474749,0.8160906153437488,0.6097508004862795,0.6259347350107618,0.7368855274077536,0.4897811747036577,0.4684791332071833,0.5899178561188614,0.655354702367818,0.4949460226915346,0.5951705985297026,0.5090490793822644,0.5582218087056026,0.5771654173332639,0.6133926817320867,0.7160224984884546,0.5586570727680752,0.44148285856370834,0.6153411401590364,0.5848020557930854,0.7178392389009143,0.6714724260056608,0.5310731244677563,0.4679759725466108,0.6230940101071073,0.41524542847370477,0.7545497102359467,0.7929457018966607,0.0,0.8087812521323401,0.6358139255386884,0.7812385275854594,0.6865547732494156,0.6418902815806868,0.47963597179755163,0.6838415891404658,0.759957869139012,0.602048555076153,0.7753692932681552,0.5407849702551207,0.6313257901847873,0.6333598072815624,0.6160209126190569,0.6023746341107138,0.6444800511648826,0.5181187457027381,0.5165681001359006,0.5302399417105237,0.5662785691190713,0.6768108707950881,0.661162467362395,0.6072300912495985,0.8322982523758402,0.5637442742399814,0.5561515825133508,0.5482820618918476,0.5091354186167447,0.658553073239967,0.5298660438696887,0.372691726556329,0.6701248595965132,0.5507947525258299,0.6098606936984184,0.5964741226789328
LAO,0.7490648566781871,0.7503106954505612,0.7066392036897269,0.7164367034518399,0.7401756988263635,0.7881503590261363,0.6678024584886175,0.7289398050697578,0.6393632744392262,0.7163382831204174,0.8988185775302164,0.7408502218711268,0.7772236395591537,0.6962168549348878,0.7340819515170848,0.6877970412355785,0.6797296443504919,0.8051619163900003,0.678553535484046,0.7159679812360169,0.7996157016474268,0.761607681176246,0.8015757777494081,0.7702920871726372,0.7271929133668278,0.7439075706789019,0.7230284970114392,0.7712648978859088,0.7539979455779936,0.7612656774486661,0.7171089123670988,0.8195382879224674,0.706051146355644,0.7246910303015991,0.6872652387227564,0.7568328660464211,0.7979237500016679,0.7776215645499707,0.7907024064970589,0.767723885796575,0.7205515557335271,0.7949090571995718,0.7421038486418846,0.7764538633230468,0.8087812521323401,0.0,0.7220987235625896,0.8839600221935214,0.7193997032007172,0.6675014842602921,0.7558995576365901,0.8231060526243359,0.6358422641961672,0.752116155667667,0.759618129418368,0.781129473453219,0.7697565766613849,0.6928981315649612,0.6045151811784546,0.7068869896309563,0.6702247816525924,0.7173947405283652,0.7012915868776247,0.7110283946916018,0.7009738082006688,0.7238086524829027,0.6728310907968611,0.8606964907257738,0.811630754681927,0.7639203275662653,0.7897750368826364,0.7791484797676601,0.7043263410378477,0.6879381843481551,0.662903931367255,0.8110736360945934,0.7232432328940837,0.7871850438243315,0.6331923581957866,0.7245596497546016
LTU,0.8149698353673188,0.6771356066189523,0.573591324273386,0.5730877700587995,0.5147291481652103,0.5095307864441259,0.6409620690361608,0.4646714538750113,0.5408006874736596,0.5425998144804909,0.8885878303278448,0.5346093415235054,0.5955741735157034,0.5459552504941985,0.6531722634669138,0.557698569491873,0.6169797332700677,0.7688526668737369,0.5731693236855105,0.5294617973869689,0.6696190761280381,0.5083556884659821,0.5580554279757679,0.5735872604878033,0.634908137311703,0.4800375041792533,0.4487445994644192,0.5310170643226713,0.5171025521537922,0.5519965378794469,0.5802772598039829,0.7101463667854625,0.48917389960825525,0.4656684848154604,0.6623413690856617,0.6464882266713072,0.683275222931049,0.6615622144033648,0.58299138952029,0.49923035895085943,0.5928602150773415,0.5972734336296458,0.666219467423079,0.7846952067010515,0.6358139255386884,0.7220987235625896,0.0,0.8007953930407979,0.4779017868537816,0.6457783280652707,0.5759223277439783,0.7119560757447344,0.7398110425847898,0.6442373188509034,0.7206846058302705,0.526658541484295,0.5908465457909624,0.5182995216818956,0.5897056244398314,0.5497300323801141,0.590549547744528,0.43916831996144245,0.48259817739326255,0.526800074354018,0.5365765789698067,0.6689608034516463,0.5671991479807036,0.7094932736095069,0.775998225057937,0.5765799398047624,0.5363827561454003,0.5290764480184073,0.6335919266205128,0.6066397131755316,0.5229797445061387,0.6714595612571407,0.6218290493656963,0.569480798491621,0.6821981741507465,0.5770229344204101
LUX,0.8959098302484824,0.8268470411659434,0.796124137732432,0.733757678496274,0.7095515251269944,0.7095641043058019,0.7913405389783256,0.7378617422052277,0.8104813007136447,0.7701659912090117,0.9530067786480728,0.7242741505449867,0.7229450498818247,0.76321768576784,0.8267220511537122,0.8286747177521909,0.8560771597836843,0.916777563613998,0.798790401372387,0.7271454727218294,0.7749636491333528,0.7427425679934794,0.7217961432517106,0.7293971355260426,0.8675470919356696,0.7463374713489607,0.7760564182939105,0.7560638419545185,0.6960131564061682,0.6808929973069877,0.7990342625061506,0.7158333756377417,0.7782653182553528,0.7550765606825242,0.8669064654977586,0.8370749722445163,0.7648644482461793,0.7673760191642122,0.7120888293316494,0.7199298071909401,0.8366276379471065,0.7697846012059072,0.8277878716689435,0.8936305787153644,0.7812385275854594,0.8839600221935214,0.8007953930407979,0.0,0.7741837326836435,0.8379768241541955,0.8088696143466612,0.8168181000236708,0.8957183257245874,0.8103707066494675,0.8245439734460279,0.7001562811180583,0.7641375258020743,0.742477613255852,0.8213830713087401,0.8164082676364791,0.8355726730149667,0.7559820182028592,0.7361242335478028,0.7821255013684622,0.7868893323352782,0.8150129862827323,0.8226312664627579,0.7697854624262702,0.7422430231956011,0.7466585043855157,0.7356358098497887,0.7367218985090366,0.8565548760606517,0.8443534697571902,0.7996251854612393,0.7921328399962062,0.8289435288599507,0.6824234250138282,0.8531269068542608,0.8053255439132788
LVA,0.8170007728778267,0.6658231913815345,0.653466992902063,0.5203402511260683,0.4734662180646739,0.5063791516267826,0.6601670881000471,0.4840476313531368,0.6443105331205641,0.613213800737722,0.9309909181221614,0.5785696859845528,0.5658074776601992,0.5476160633881726,0.6975943869119229,0.623194482093178,0.6691064011350142,0.8089888282933394,0.6100587086931143,0.5533856672201557,0.6028440295454803,0.5041056701700811,0.5644289497487335,0.5790847495758982,0.6853623899478003,0.5108544256535125,0.36748599957512157,0.5186862576596905,0.4998692829884367,0.5131318779150336,0.6386385316510768,0.6743085147865273,0.5343360031610229,0.5365181301751525,0.7168912202041382,0.724583626108551,0.7048436135484254,0.6403307459588687,0.6225584700502379,0.530291804201928,0.6771354434425005,0.6535604252774644,0.6940204829987052,0.7972200106756173,0.6865547732494156,0.7193997032007172,0.4779017868537816,0.7741837326836435,0.0,0.6778709348441565,0.656848622294325,0.6679228557619299,0.7867302733922032,0.7078347481640742,0.7367978917415532,0.5279322367052035,0.5689688970315865,0.5018017874339833,0.6535834958614446,0.6235189192815521,0.6686434472985531,0.485511358159649,0.4711025546240585,0.5767468159917483,0.5904147873984465,0.6650918927153422,0.5956947932880508,0.6998855595133775,0.7735253081165101,0.5227892304825312,0.4904286317401591,0.5077634710767488,0.7049083952770773,0.6305437471428157,0.5852900599505333,0.7149520731217076,0.6901970148437108,0.5955999835023587,0.7209761244615271,0.6451452870518594
MAR,0.7928887484035443,0.7373678649098797,0.5478376375209136,0.6519659444493658,0.6538726781499195,0.6490870087328454,0.5684901595093196,0.6263565188296553,0.4627643883419896,0.5584346605628568,0.9294653156839319,0.6062774052081011,0.695671422317938,0.6339468502975891,0.5734820234842747,0.5730258131063038,0.6387274046463142,0.7640347446498408,0.5915525410551956,0.5982531302530278,0.7451675558527131,0.6513197935893693,0.6570395827924309,0.6853459958319533,0.6326339260252495,0.5808359326255783,0.6578257436683398,0.6643374146110524,0.644825675880018,0.6801662787486162,0.665833213316133,0.8067652263845962,0.6125266876669035,0.5639447277903602,0.6004231096319924,0.5774789937231802,0.7220363306124592,0.6594037925259879,0.6742595947647548,0.6435194905994268,0.5875453105474884,0.6471344646210822,0.7367664528530525,0.7264563265430513,0.6418902815806868,0.6675014842602921,0.6457783280652707,0.8379768241541955,0.6778709348441565,0.0,0.5936914221310777,0.7968399417271214,0.6222393588049286,0.6442778976027255,0.6916565354118536,0.6535364834895199,0.691848878458508,0.6223209923159513,0.5365851105925772,0.5621493953535454,0.5359191015350843,0.5871746060226678,0.5923087390701272,0.5900295750340104,0.6295502288697918,0.6694279308014733,0.5076556267281639,0.8047584314328259,0.8054904765792238,0.6799012086061844,0.6645401016921246,0.6775451424591576,0.582735172962332,0.529967425562946,0.5413800655801303,0.6743309625718996,0.6155931155944944,0.648821635723324,0.6122150337957659,0.6079252799851825
MEX,0.7768813509620359,0.6128577623584073,0.4777319288710533,0.5987360482438194,0.5488170271987608,0.5459226707415952,0.6649317154548605,0.5425763922086573,0.5141980143878316,0.43724303787554397,0.8750495031107763,0.5009262709587777,0.6074878990459657,0.5835069301331806,0.4875973595180597,0.6003574707333763,0.6534881954322652,0.754662464224402,0.5541697806724782,0.578917855796041,0.744594542394017,0.5105267009956264,0.5366124269868275,0.6118917737988215,0.6010985975888005,0.4961311546212726,0.6012046356454165,0.5675239572961579,0.5686826536010476,0.5890843236967499,0.6255423381530895,0.7126999186875894,0.573367748962786,0.42119220676568253,0.5524179491202659,0.5537164875340029,0.6786961587639868,0.6893283802609997,0.5715434680431741,0.5135550972856671,0.5611387900314715,0.5118824877941416,0.6405127013448394,0.7868340977906974,0.47963597179755163,0.7558995576365901,0.5759223277439783,0.8088696143466612,0.656848622294325,0.5936914221310777,0.0,0.7335981293004057,0.7126254255696164,0.5505448505993877,0.7346035837381552,0.5495729490366201,0.6233805124565361,0.5929333709521828,0.5765940893163678,0.5178204428540184,0.5716534196761309,0.48445550682663485,0.5301245445044943,0.5139233908373777,0.5139645547090628,0.6246699743255881,0.5970006176447596,0.6648771118378574,0.8275578848521802,0.5792913307122047,0.5657757181159703,0.5705056331120126,0.5218205978485332,0.6233466844357342,0.506753870059639,0.5460582920523719,0.6097191962219833,0.5401748876891084,0.6166252023652403,0.552047216829831
MLT,0.8713360221565095,0.7343909422925352,0.752222901787494,0.6716247084985243,0.6350516830278974,0.6598914482869459,0.7494636806553439,0.66081160447741,0.7538037323704018,0.7276442719652093,0.9466544593930747,0.7161549270328913,0.6340029927178857,0.6718233022315304,0.7494744599480052,0.796916855091694,0.790509307825723,0.8797609980973005,0.7035737225071718,0.7045462393173048,0.7151157340979108,0.6688820654084615,0.6702482910452162,0.687069257189575,0.7917235521682245,0.6487937387950683,0.6337795191701467,0.6716087016196526,0.6408064329004655,0.6278389844984499,0.713183036897193,0.7384087899909628,0.683471219690396,0.6576006747979628,0.8058273786790727,0.8115217502969987,0.7457837321027734,0.6786123183489131,0.6323853133146113,0.6553928787524702,0.7835041961605114,0.7160864583507925,0.8097939997099077,0.8675430343138186,0.6838415891404658,0.8231060526243359,0.7119560757447344,0.8168181000236708,0.6679228557619299,0.7968399417271214,0.7335981293004057,0.0,0.854715908603427,0.777467474108239,0.841015055679512,0.6458255868572828,0.6840479955344881,0.6810249077240064,0.7559484845108174,0.7347260661649543,0.7650124892085364,0.6891170813230852,0.6286225619447342,0.7254561903392949,0.7245285879562736,0.770772335860636,0.7590423488531911,0.6513472821209138,0.8339513870159219,0.6676233801760468,0.6791742012860836,0.6755818623244105,0.7099144599814144,0.7774551706044859,0.7266880874484806,0.6896756876424801,0.8150025492666716,0.70502701081723,0.7237335878780622,0.7565711883063919
MMR,0.7802740073467027,0.7917129284871169,0.6573106300752437,0.7509089583261188,0.78331332380626,0.7767402965517103,0.5378914681188101,0.7457567548956007,0.554429610685142,0.6977488463651423,0.9059686388901865,0.7347328474636334,0.8066606489967717,0.7447729225545198,0.6536553857392718,0.6771599673871742,0.6799109456518613,0.8108616916654079,0.711691275453172,0.7439635298627363,0.8173019111270691,0.765253076375791,0.7958683029824876,0.7705853370623592,0.6741182376042426,0.7494020339330096,0.7555666925848217,0.7781731123437464,0.7832526115273516,0.8007517591601564,0.7434475234582162,0.8643840082883213,0.7259919522510897,0.7073737062070018,0.6659657527848685,0.6842892811807184,0.81219305956379,0.7864229895938332,0.7775446639482204,0.762830492471895,0.7300508535854516,0.765622229333531,0.7585724055758257,0.6971546442849329,0.759957869139012,0.6358422641961672,0.7398110425847898,0.8957183257245874,0.7867302733922032,0.6222393588049286,0.7126254255696164,0.854715908603427,0.0,0.7213836491320755,0.7337360771466387,0.7726623078430118,0.7630988694396403,0.7172811104555219,0.4517055339717689,0.6881848567955949,0.6725243686801864,0.7202939482375902,0.7354477444825925,0.7090376219652526,0.7214140574190469,0.7404274079406183,0.6719991611485384,0.8549694820000375,0.8475693468417563,0.8035559202991365,0.7877486025377816,0.7832480259268555,0.6801746496715728,0.6421867564801315,0.6272685841199115,0.7701822663048066,0.6311946686304423,0.7826601154172712,0.5912656744594256,0.7307832154073376
MYS,0.7518333903938554,0.6315858581242572,0.5504382951821192,0.6656156596963289,0.6446547232553252,0.6259953654328039,0.6968364677393997,0.6052863818959668,0.5651286073471757,0.53807840139687,0.8414743523623628,0.5862936196862057,0.6888890482863285,0.6587401653117,0.5955756903970649,0.6252522896543093,0.6398867122698273,0.8095567695555148,0.5862766599211977,0.63868977496471,0.7641978384637333,0.6292143987821521,0.6515213740194551,0.670644156486868,0.6239936452414818,0.6045110158837999,0.6450174644678689,0.6392956124459599,0.6593413915981541,0.667612334395641,0.6657931791500037,0.7510639216234348,0.6250199974216474,0.5814333011301789,0.5223649957730873,0.6321872935400698,0.720848643645853,0.6947417797511108,0.64530398673212,0.6242154175785937,0.5888893202158733,0.6335501112117035,0.7269096029232669,0.8154085079675502,0.602048555076153,0.752116155667667,0.6442373188509034,0.8103707066494675,0.7078347481640742,0.6442778976027255,0.5505448505993877,0.777467474108239,0.7213836491320755,0.0,0.7299809063765581,0.6287384659967425,0.6630372974649167,0.648007690156723,0.61888105907034,0.601639609367934,0.5684716216758054,0.5716201938283629,0.597110913063986,0.6215217928686909,0.5869462731307767,0.6490442736939339,0.6354194076253976,0.7283491856893923,0.814985121018738,0.6984645633385007,0.6782281032992875,0.6733996478385263,0.5453983752177336,0.6491280186011184,0.6236082829295359,0.6083330864074361,0.6036833396811722,0.6345875306594062,0.6449053096688315,0.6283449394120126
NGA,0.8360559021691385,0.790870775226638,0.6697877320269684,0.7029997674792544,0.7330079445720439,0.727859462509184,0.6723357298973713,0.6994461591780705,0.6773054705466278,0.6956500094798821,0.9422475850576474,0.6839211440953307,0.7435906059349761,0.7067977677876124,0.7524067976097133,0.6857001817888677,0.691752660894832,0.8121644513567208,0.6955093219305213,0.6471346935250332,0.7750629908979335,0.740395150000015,0.7567401905240043,0.7165268156750084,0.7424849353010545,0.7036693018448059,0.730088154394874,0.752784669632957,0.7177771295326252,0.7275429511900557,0.733877965103457,0.7713778136367354,0.6984966641882479,0.70390993212816,0.727495778722493,0.746575468279736,0.7688110265124122,0.7435505957760724,0.7142042112085877,0.72426401745881,0.7251304007567987,0.7501999873288286,0.7357927837242015,0.803837124691365,0.7753692932681552,0.759618129418368,0.7206846058302705,0.8245439734460279,0.7367978917415532,0.6916565354118536,0.7346035837381552,0.841015055679512,0.7337360771466387,0.7299809063765581,0.0,0.7094301523841003,0.7237838962087757,0.6605607243229016,0.6926875224917525,0.6872861599172849,0.6302438388268383,0.6905935815466057,0.7027637148539225,0.6807765721841336,0.7256442194294249,0.7197222831829309,0.6669757899017249,0.8375124257203852,0.8387512361476932,0.779013768169399,0.7512214539258086,0.7413473498628654,0.7292177359845157,0.7058781479909452,0.6901136725555534,0.792134998833351,0.6877612610587216,0.6930106255888285,0.7574752556427311,0.7378353644623429
NLD,0.7961389843509816,0.59987592479341,0.5416394314922167,0.42908381667810647,0.3908265859934685,0.3546951510696567,0.6438493581651145,0.4517437937483458,0.5818410524632294,0.47694618496264257,0.9071048560147408,0.44103308580768114,0.4390377838477082,0.49146183180662845,0.6180453080942544,0.6500306151302303,0.6726288547871861,0.7946374961424454,0.535957110463272,0.44991040500665214,0.6345190537811518,0.441818977531552,0.41041913655058654,0.43049172938287594,0.652060426206489,0.4094148666056928,0.47662339220413025,0.437635299396257,0.35973769183447457,0.35983546967316404,0.5756469123997445,0.5937743244093415,0.4876635845284596,0.4226765155390691,0.6807733137445208,0.6588797536323869,0.6208158362329714,0.570611302573022,0.42867481797843654,0.3924319299079986,0.6154299054143009,0.5257766452144156,0.6562289394882852,0.8047507538520695,0.5407849702551207,0.781129473453219,0.526658541484295,0.7001562811180583,0.5279322367052035,0.6535364834895199,0.5495729490366201,0.6458255868572828,0.7726623078430118,0.6287384659967425,0.7094301523841003,0.0,0.45997761193853215,0.4315880733665135,0.6062704199354754,0.5517232582323363,0.612130202470885,0.44422653221411507,0.42747312492594247,0.528036919390291,0.5399979018224352,0.6035250593188237,0.5848638040076256,0.5672305240546109,0.7721388573464361,0.503656012444738,0.4562665330473947,0.4412561152095987,0.6417138846005221,0.6314197339085715,0.5569046865404973,0.5616934222314814,0.651048514323898,0.4004328121135636,0.6950798534711893,0.5459559031056543
NOR,0.7708085291722815,0.5620722528887772,0.6270185039529632,0.47073833088162087,0.5105804920253433,0.5032994411331968,0.6387351224615391,0.5501333414058429,0.6319115844497865,0.5953031509354132,0.8842756080856501,0.49278130470465864,0.554817996880583,0.5488715222708247,0.6666661423413452,0.6744123012936912,0.6595240448345524,0.813825360273786,0.5927063210296707,0.5430633712718625,0.6316963086465182,0.5632441854271164,0.546131045513499,0.4481007491271734,0.6742452001661244,0.5202215310423489,0.5189234573874423,0.5084190126048561,0.5034798822343373,0.4836984601700012,0.5911421579056864,0.6454007813234246,0.5314074976740962,0.5552153730539944,0.6965224967742428,0.7019836870854879,0.6982307002911075,0.572657770184741,0.5481919690735967,0.5276554198576638,0.6378099318956796,0.6074833809427279,0.6769184952346778,0.8246568896177418,0.6313257901847873,0.7697565766613849,0.5908465457909624,0.7641375258020743,0.5689688970315865,0.691848878458508,0.6233805124565361,0.6840479955344881,0.7630988694396403,0.6630372974649167,0.7237838962087757,0.45997761193853215,0.0,0.48407516603394957,0.6527574633949763,0.5941839963791345,0.6684249447358007,0.5492896199782645,0.545417954670043,0.5957630849331068,0.5577162631071629,0.6317688326359069,0.6297226854229043,0.6217570662331784,0.8048645724547193,0.6254626394583898,0.572931548751519,0.5099761755750452,0.686554709585574,0.659843130128431,0.6148947527541836,0.6643237398365922,0.6977077012962067,0.5249373487634658,0.7188065595483072,0.6205273068047186
NZL,0.7883213568098618,0.6244898672316149,0.5462703008192165,0.4171441054481729,0.42815129095338283,0.45502284134341653,0.5995338442123705,0.47330729983477277,0.5612834608235432,0.531287239694591,0.9058430427128186,0.47057293474263373,0.5445212290850966,0.46891782601274173,0.6213253573723873,0.5962892559944307,0.6279083929187655,0.7797041738154534,0.5243838841808518,0.4935764675352356,0.6296372860940644,0.501362656044709,0.5269319525063387,0.5092988600867803,0.6362372421823012,0.468564552939231,0.4943287299157628,0.5070082825374571,0.4376899974109397,0.4268327390168426,0.5986940818964537,0.6613319997732969,0.49107990456244305,0.49124869441292046,0.653219670927833,0.6543173189731416,0.6526926783398859,0.5745566084636116,0.5303802513478038,0.486609637312652,0.5948177215896517,0.6049627466760754,0.6493633946487929,0.7703857450671374,0.6333598072815624,0.6928981315649612,0.5182995216818956,0.742477613255852,0.5018017874339833,0.6223209923159513,0.5929333709521828,0.6810249077240064,0.7172811104555219,0.648007690156723,0.6605607243229016,0.4315880733665135,0.48407516603394957,0.0,0.5832652258008615,0.5566558150035866,0.6042338912166194,0.4653404843439685,0.4519879962931027,0.5302694054766972,0.5495203684038499,0.6335462934483065,0.5562670844071289,0.6950430736468562,0.7893970402079283,0.5481628932003377,0.5200132895639622,0.4902750613481003,0.6453590404855651,0.6149303622554584,0.5426495650770898,0.6711784975632906,0.6445233904022124,0.4801597584866216,0.6634337686516156,0.5693853253038633
PAK,0.7199666847890278,0.6692384747565135,0.48020018061214453,0.610276543820717,0.6004647610684816,0.6191005573756422,0.49079177993433065,0.5883245821171393,0.4047847708012455,0.5054618399016068,0.8852287776644526,0.5769515592244449,0.6445147751644855,0.6158418933332928,0.5459559168831015,0.5841387597001728,0.5846730925816951,0.7771758536287982,0.5466167524541719,0.5992780247188333,0.7257426064797844,0.6077786405853696,0.6255648866256653,0.6194463816650096,0.5544433578875033,0.5699813519017767,0.6053524872138741,0.6222870066629063,0.6106828006971649,0.6241238603673983,0.571901430526541,0.7471475671749407,0.5673503360607038,0.5367202683988616,0.5694336017968206,0.5711196041687162,0.7113639401792023,0.6784720018019326,0.6332546176114227,0.5746576660772599,0.6063888933254218,0.6173847689234193,0.6631602849339013,0.7056895314155165,0.6160209126190569,0.6045151811784546,0.5897056244398314,0.8213830713087401,0.6535834958614446,0.5365851105925772,0.5765940893163678,0.7559484845108174,0.4517055339717689,0.61888105907034,0.6926875224917525,0.6062704199354754,0.6527574633949763,0.5832652258008615,0.0,0.5422362385078481,0.5819816371312478,0.5740281009193093,0.5394499255081903,0.5534482288144807,0.5332185152426184,0.6112815354208785,0.5709249212632067,0.7377114972428189,0.7943467270322757,0.64049284463718,0.6347492685560645,0.6347338311032937,0.5424399946012761,0.5545585401164274,0.443545349687932,0.6392089723417865,0.5545148061292352,0.6140821979951534,0.5749860177113922,0.5938644399202962
PER,0.7827792560180344,0.6425150033714494,0.4603419658356505,0.5290645684829671,0.5651511830790775,0.5326574552349802,0.5962984269494631,0.5305800944462961,0.5248055788751931,0.4468174459601542,0.8799151428079734,0.48428711689725074,0.6261526806107199,0.4993089239099257,0.5726922007406535,0.5461968516536738,0.5611307337747009,0.7135817837916002,0.4842593923907316,0.5053167551669878,0.6817320917258036,0.6012860956781496,0.5775370712668662,0.6140701462575353,0.56667897828401,0.5013859815604764,0.572545325510603,0.5721995785770191,0.5418632835929125,0.5566993865283624,0.5779603080860601,0.7426854719216663,0.5150579015156459,0.5293666477534194,0.5736419618299122,0.578943004536109,0.6846253460727602,0.5997586821305012,0.5820922631333599,0.5270148084613832,0.5526307580140029,0.5818509549171019,0.6245753068477172,0.7730970655460686,0.6023746341107138,0.7068869896309563,0.5497300323801141,0.8164082676364791,0.6235189192815521,0.5621493953535454,0.5178204428540184,0.7347260661649543,0.6881848567955949,0.601639609367934,0.6872861599172849,0.5517232582323363,0.5941839963791345,0.5566558150035866,0.5422362385078481,0.0,0.5977889880136733,0.5154989209512015,0.4998245261024227,0.5441526495326392,0.5350390187565514,0.6165987928319242,0.4825375954397207,0.7408199973841127,0.7788684842823506,0.6483046289775765,0.5880956054682182,0.5960358904080982,0.5568572054362664,0.5610367675163376,0.485363451023617,0.6465796463825674,0.6227354515558128,0.5468386954869071,0.6319355351088224,0.5086311218107483
PHL,0.7915815389062497,0.7055456160386098,0.5512735926559743,0.6537064506678798,0.6466966025964269,0.6267756088071287,0.6334095738724624,0.5934308688326323,0.48680198885962717,0.560155835225356,0.8952309391747074,0.6245773180772495,0.656828267135783,0.6035050679122013,0.6295672032387586,0.5680892617420814,0.6241876695294194,0.7643869110243748,0.5804796438130142,0.5541254902859886,0.7484671162813087,0.6490813590319491,0.6739702739696151,0.6538166397331092,0.6476174366335268,0.5727151690079956,0.6359667860227333,0.6657399610954046,0.6357477207368973,0.6646591745634877,0.6123207979674068,0.7041421447427856,0.5757789361257682,0.558189436202574,0.6052993807939006,0.6214886523871368,0.6827903513375011,0.6632462945720443,0.6349994346675618,0.6277090839373721,0.5845610707226944,0.6593704076617398,0.699096986639347,0.7582888712136363,0.6444800511648826,0.6702247816525924,0.590549547744528,0.8355726730149667,0.6686434472985531,0.5359191015350843,0.5716534196761309,0.7650124892085364,0.6725243686801864,0.5684716216758054,0.6302438388268383,0.612130202470885,0.6684249447358007,0.6042338912166194,0.5819816371312478,0.5977889880136733,0.0,0.5811183896070529,0.5922620408356242,0.5857393897458549,0.6026876282978919,0.6341796862095005,0.5509071577547551,0.7256642519644203,0.784287199493736,0.7077417236172113,0.6975431885001809,0.6874934370561694,0.5790300610035026,0.6249407086393903,0.595006076243247,0.6441192478900396,0.5946351423607394,0.6515408059979786,0.6229167948290291,0.6261164958766449
POL,0.8122834610581832,0.6095220731370085,0.5201295989481409,0.48198854462914414,0.39086024926286667,0.41452856301883867,0.6172937146819253,0.3456275036936974,0.49360958524601933,0.4603190863324113,0.9042343710837847,0.4753720307279943,0.5424152538803961,0.501511309539353,0.5437300842903254,0.562723863865633,0.6361751578468793,0.7614524857055162,0.5301470921214535,0.48717132484380127,0.6590320925888168,0.3525171452924039,0.4262668739839673,0.5389956109681019,0.6113195939279206,0.36033391030010403,0.4492430135701506,0.43625878954733865,0.43468535394061764,0.4613686661913453,0.5973086085154085,0.6759626884723708,0.4409182339581342,0.3503096934405027,0.5934207824335797,0.5734451467672614,0.659392876938836,0.6104726270286714,0.5398435440504866,0.3934583365745243,0.5558958959004981,0.497939082026893,0.6612902501944736,0.7623101775952464,0.5181187457027381,0.7173947405283652,0.43916831996144245,0.7559820182028592,0.485511358159649,0.5871746060226678,0.48445550682663485,0.6891170813230852,0.7202939482375902,0.5716201938283629,0.6905935815466057,0.44422653221411507,0.5492896199782645,0.4653404843439685,0.5740281009193093,0.5154989209512015,0.5811183896070529,0.0,0.39156152315940057,0.4293321073193046,0.481011711308668,0.6304569252463074,0.5396669061600775,0.6911844240823128,0.7938485441813014,0.43246630584708123,0.3901660051152495,0.4253651052352329,0.5717756056198217,0.584772920845171,0.45519804890966886,0.5777791265280855,0.5771275834351488,0.5006813303026784,0.6218714505234304,0.5271465165139214
PRT,0.8040917191068376,0.604028525335728,0.5023195324596429,0.47905281825891805,0.33756952480745456,0.39176459814235637,0.5872721628343958,0.40576287799197214,0.49574978630206545,0.43671844329004245,0.9017857375278268,0.4806752704110621,0.503395266265537,0.4572336104335945,0.5679773745053158,0.571508470491531,0.6277730609276604,0.7750616133059375,0.48872089642625466,0.4747596983104827,0.6318679370605563,0.41293063531797325,0.43255679695207994,0.5202198536406314,0.6140015410362403,0.3384678099570485,0.4392337088482152,0.45323385801573063,0.37500540253794656,0.39618366882329503,0.5399586639123685,0.6365304386483511,0.43870655437345013,0.39394947201277436,0.5975762584394805,0.6177513622932891,0.6435948248307239,0.579059940477386,0.5027487510532186,0.36131412257501916,0.5703913438269319,0.5050338508973217,0.6922651709152629,0.769158564580424,0.5165681001359006,0.7012915868776247,0.48259817739326255,0.7361242335478028,0.4711025546240585,0.5923087390701272,0.5301245445044943,0.6286225619447342,0.7354477444825925,0.597110913063986,0.7027637148539225,0.42747312492594247,0.545417954670043,0.4519879962931027,0.5394499255081903,0.4998245261024227,0.5922620408356242,0.39156152315940057,0.0,0.4670361129004871,0.4885377514887484,0.6067740839580515,0.5371215217686879,0.6572520357009857,0.7587074681824881,0.44266147527236693,0.4436805728138775,0.4578541928280304,0.5542833494305809,0.5957187317898003,0.42246180861714266,0.5716954202036723,0.6317766977595989,0.48302006753233767,0.6292337502888262,0.5205137075169367
ROU,0.7862082331506648,0.6646834492191517,0.5147114182989511,0.5412326185410516,0.4868129717652405,0.516472837892595,0.6105855124037798,0.46948811910749344,0.5235761251845801,0.48130703488550214,0.9036903417389744,0.5073608794688962,0.5790923456440203,0.553606366893491,0.5496464854117632,0.5829906327382272,0.621816210780717,0.7723441343140967,0.5625080941265502,0.5267856197133984,0.7104539722496416,0.4734745012849325,0.5021373827615074,0.5826205101241356,0.6222420445441315,0.4448095734292744,0.5140760277904579,0.5484887387902457,0.49523604001604843,0.5249016390356552,0.5932047915962246,0.6976223518913635,0.49101158892236724,0.4378119008919319,0.5991551157962558,0.5749389313101485,0.6804303143273182,0.6459527824731914,0.5944483360968098,0.4609824810566997,0.6056295455726993,0.5000541747705844,0.6488263614010817,0.755224858488826,0.5302399417105237,0.7110283946916018,0.526800074354018,0.7821255013684622,0.5767468159917483,0.5900295750340104,0.5139233908373777,0.7254561903392949,0.7090376219652526,0.6215217928686909,0.6807765721841336,0.528036919390291,0.5957630849331068,0.5302694054766972,0.5534482288144807,0.5441526495326392,0.5857393897458549,0.4293321073193046,0.4670361129004871,0.0,0.49734438177271534,0.5931883703668498,0.5699759412653028,0.7351723994006338,0.8002798622092235,0.5088779536311673,0.5084388722959771,0.506003885631424,0.5652246365282089,0.6119799681252732,0.4768684655635862,0.6154827439106565,0.610708796359725,0.5356559570867155,0.6541492005343627,0.565765620281271
RUS,0.7636351382457037,0.5625823463742792,0.5179566037382285,0.5501254403090202,0.49734614195088866,0.5125707866938808,0.6357440802451602,0.4823880258324152,0.5198845789852642,0.463529571852192,0.8511781208989896,0.49925889065684637,0.5994365432388282,0.5606818017798022,0.5532871251488759,0.5959736543474424,0.6376557392795715,0.7770792478674277,0.5391180043133081,0.5814710306921512,0.7191961157657901,0.5190062472412861,0.5278293919799824,0.6078966541043183,0.577038800681555,0.492834444551738,0.5482824190088074,0.5495107377327346,0.5259520356179185,0.5465045909219355,0.5765010069564686,0.727311634727577,0.5275960395153951,0.479540679380947,0.5996438947026025,0.5806036842765483,0.7004089081022231,0.6455993894879143,0.5767881942790153,0.49494535024722097,0.5806881432084497,0.543326030156771,0.6175741465077246,0.7624147223869853,0.5662785691190713,0.7009738082006688,0.5365765789698067,0.7868893323352782,0.5904147873984465,0.6295502288697918,0.5139645547090628,0.7245285879562736,0.7214140574190469,0.5869462731307767,0.7256442194294249,0.5399979018224352,0.5577162631071629,0.5495203684038499,0.5332185152426184,0.5350390187565514,0.6026876282978919,0.481011711308668,0.4885377514887484,0.49734438177271534,0.0,0.6029991685958572,0.5894744133152224,0.696261593391194,0.7956372845150976,0.5536701541464908,0.5565528772511326,0.5443825657095865,0.5786965889446025,0.6279773169875251,0.4803499572388246,0.5894769960811052,0.5690131146102338,0.5413690849153784,0.6435340551729984,0.5345327863971985
SAU,0.750532557768876,0.6622606761107769,0.5806352563276129,0.5975901148650629,0.6189879535669687,0.6290711675301188,0.6516706867019917,0.6181742170526789,0.6484049273634861,0.5871765685980961,0.8968187581904433,0.5804534559799736,0.6582448121114213,0.6445340625069066,0.6779981830894549,0.6894989643304205,0.6601136511098465,0.8212824787386822,0.5983878066372591,0.5728458573702633,0.737300590315552,0.6558835803123063,0.6644888065437285,0.6533753944250598,0.6697791653798431,0.601513604134348,0.6389104437719932,0.656213313956257,0.6289290814394772,0.6337264221040133,0.649588617093543,0.66372793168171,0.5973801262158067,0.6207932655262125,0.6353053857087602,0.6894193842953346,0.7313950564072348,0.6877214420824962,0.6709816644317343,0.6170414881692061,0.6344836377733468,0.6491241835390231,0.6495157684998049,0.7949631297439719,0.6768108707950881,0.7238086524829027,0.6689608034516463,0.8150129862827323,0.6650918927153422,0.6694279308014733,0.6246699743255881,0.770772335860636,0.7404274079406183,0.6490442736939339,0.7197222831829309,0.6035250593188237,0.6317688326359069,0.6335462934483065,0.6112815354208785,0.6165987928319242,0.6341796862095005,0.6304569252463074,0.6067740839580515,0.5931883703668498,0.6029991685958572,0.0,0.635261483292793,0.7439487506848996,0.7840198307835474,0.6967022328424679,0.6504029525320132,0.6635419978607682,0.6677645781178537,0.6631182852865748,0.6108599422783257,0.6866895326994541,0.6811471069179974,0.6272533204596312,0.7201604380290968,0.6345974695648612
SEN,0.7888374987526588,0.698250582826358,0.526632845808467,0.5552644042011214,0.6028148592417663,0.5543063913380194,0.5850560820447618,0.5534385044339187,0.5361151837730761,0.55005857541253,0.8961865287821661,0.5938941319106843,0.6497570485709173,0.5130630344464511,0.6017531986910373,0.5551249347604534,0.5782369984682765,0.7273996065938239,0.5382771252624626,0.5309093166074085,0.6393463060310141,0.6164089470391827,0.6324107378405747,0.6353587879647458,0.5903171594018002,0.5238594373779647,0.5891704964096134,0.6214558602833516,0.5727706126469133,0.6059707672440358,0.5982576005610186,0.7639249999051977,0.5336043129203204,0.566923609914081,0.6215713354164303,0.6167366234787383,0.6990924843808456,0.6351096941732332,0.6309960031838887,0.5913518945292144,0.5716317991047506,0.63739567184798,0.6737141769473257,0.7325952637560151,0.661162467362395,0.6728310907968611,0.5671991479807036,0.8226312664627579,0.5956947932880508,0.5076556267281639,0.5970006176447596,0.7590423488531911,0.6719991611485384,0.6354194076253976,0.6669757899017249,0.5848638040076256,0.6297226854229043,0.5562670844071289,0.5709249212632067,0.4825375954397207,0.5509071577547551,0.5396669061600775,0.5371215217686879,0.5699759412653028,0.5894744133152224,0.635261483292793,0.0,0.7631598759016375,0.8037521549618788,0.6693566883467745,0.6248127391245227,0.6276282380564726,0.6264108098068334,0.5418065156308985,0.5435466171999864,0.6941530568936441,0.6187364637611,0.6221778920326602,0.6162517213388766,0.556997985436567
SGP,0.8628028913955114,0.6723706144324366,0.7191643437422858,0.6744654855682878,0.6324310254668029,0.6030616555383765,0.7665946237081933,0.6823453217566511,0.7035796890195236,0.679176300455311,0.9040909314024805,0.6762123038939998,0.5555280745096495,0.6825805290674224,0.7044242131043239,0.7637576143627444,0.7865767037398674,0.8914685770435123,0.7136824237134118,0.6651536989045218,0.6800325876018495,0.6620766590862174,0.6353634334353934,0.5585069683350716,0.7722918724708311,0.6593001333994283,0.6573175848322963,0.6207875385657596,0.6138930652836396,0.615432441681428,0.6533451168992505,0.6055243515546653,0.6822885352116037,0.6375606650531682,0.7874402428119839,0.7859686848142864,0.6766975893216647,0.7126487562457353,0.5657625843522348,0.6288596985056208,0.753768564079449,0.6481264878443878,0.7897851118732367,0.8775067080862499,0.6072300912495985,0.8606964907257738,0.7094932736095069,0.7697854624262702,0.6998855595133775,0.8047584314328259,0.6648771118378574,0.6513472821209138,0.8549694820000375,0.7283491856893923,0.8375124257203852,0.5672305240546109,0.6217570662331784,0.6950430736468562,0.7377114972428189,0.7408199973841127,0.7256642519644203,0.6911844240823128,0.6572520357009857,0.7351723994006338,0.696261593391194,0.7439487506848996,0.7631598759016375,0.0,0.8166224602234208,0.7040748370012453,0.6837300543971399,0.6564290744985627,0.6997720085670035,0.7783823334912835,0.7263494969969747,0.5689047135407634,0.7824242929618194,0.647786241051575,0.7277860524658065,0.7291762083028166
STP,0.8815686784691638,0.8392173605206211,0.7839417316350543,0.7550257080839397,0.7821013305942357,0.7781965145221441,0.7725722317029702,0.7678856221317488,0.8004506791398033,0.7799044576905689,0.9408816345222852,0.7414601640653297,0.7968908698442023,0.7879563850894751,0.8555187398791656,0.8231107635054344,0.7898495389911417,0.8707556905359474,0.7851670398921717,0.7331209968159647,0.811384403696974,0.7961019933773357,0.8001855285079711,0.7938849654415635,0.8519789565896382,0.7690221039899826,0.7719449940186547,0.8018964451983446,0.7554408234191672,0.743601285815188,0.7750088433034822,0.7332270200285654,0.7507806243942012,0.7694378865044359,0.8596518311396524,0.8224103609904395,0.8194251277267929,0.7663334259958978,0.7827212152833724,0.7736876049331893,0.8104100052774798,0.8203628517728826,0.8081075450812625,0.8479814794997198,0.8322982523758402,0.811630754681927,0.775998225057937,0.7422430231956011,0.7735253081165101,0.8054904765792238,0.8275578848521802,0.8339513870159219,0.8475693468417563,0.814985121018738,0.8387512361476932,0.7721388573464361,0.8048645724547193,0.7893970402079283,0.7943467270322757,0.7788684842823506,0.784287199493736,0.7938485441813014,0.7587074681824881,0.8002798622092235,0.7956372845150976,0.7840198307835474,0.8037521549618788,0.8166224602234208,0.0,0.8088261389599446,0.7834157713711891,0.82158218133539,0.802902608007636,0.7802377276207433,0.7973299292146028,0.8322581835069489,0.835317474264806,0.7621799701317821,0.8363650933646188,0.7780349268266321
SVK,0.8391312003084133,0.6560392680688449,0.6285156053866265,0.5464033546769941,0.40829988916788196,0.48832073547171523,0.6949948395319645,0.457810428875832,0.6303292007253906,0.5444472460130838,0.9338248749179688,0.5690686194268864,0.5498982817051489,0.5871464470037353,0.6282385656206022,0.7036987439478769,0.7479287142602669,0.8215131019335248,0.6318779218734679,0.5934273313070202,0.7066529408006413,0.3509593634725839,0.43583141614823806,0.6019729443813024,0.706958808926661,0.4519285571809538,0.5230190748492737,0.5436880346052617,0.45585679638086546,0.46657274070986915,0.67330874524368,0.6988466329647172,0.5450206860518405,0.43664927667115727,0.7120138133423328,0.6768981121992392,0.7150265544243025,0.6537997435719555,0.617229002399916,0.4387379596627539,0.7051232308376871,0.5322352441660411,0.7225944797106404,0.7981010104860314,0.5637442742399814,0.7639203275662653,0.5765799398047624,0.7466585043855157,0.5227892304825312,0.6799012086061844,0.5792913307122047,0.6676233801760468,0.8035559202991365,0.6984645633385007,0.779013768169399,0.503656012444738,0.6254626394583898,0.5481628932003377,0.64049284463718,0.6483046289775765,0.7077417236172113,0.43246630584708123,0.44266147527236693,0.5088779536311673,0.5536701541464908,0.6967022328424679,0.6693566883467745,0.7040748370012453,0.8088261389599446,0.0,0.4172464886172433,0.4557287710537968,0.6543811456016937,0.6777342340098788,0.542269414000988,0.6390623694840663,0.6890692602081704,0.5584529837706501,0.7175677076439397,0.6214154319892102
SVN,0.8392506587351307,0.6468102367789321,0.5838564497353051,0.5036992941143642,0.4008254398152764,0.4024574233645779,0.6453839389030397,0.4040197500517272,0.6094849848775385,0.5282065729665227,0.9356775652625221,0.5195378051781468,0.5119736887056348,0.5641624555466501,0.5975628823978135,0.6787402461421855,0.7095460774757674,0.7917195973848433,0.6032068721503204,0.540193413428355,0.6528968279516437,0.3821257674402939,0.42060744625448926,0.5473212790138791,0.6720510119038619,0.3998045312740057,0.4738391986217661,0.4706030552466501,0.4483614901953696,0.45693955832976063,0.6311255169102911,0.6628424499033151,0.4735431227017001,0.4212540761972771,0.6973078444106002,0.6485289307444039,0.6709988238637085,0.617700968213599,0.5595202653528942,0.38676203093160805,0.6361021211642552,0.5192620407466394,0.6891153400984628,0.7991385661804769,0.5561515825133508,0.7897750368826364,0.5363827561454003,0.7356358098497887,0.4904286317401591,0.6645401016921246,0.5657757181159703,0.6791742012860836,0.7877486025377816,0.6782281032992875,0.7512214539258086,0.4562665330473947,0.572931548751519,0.5200132895639622,0.6347492685560645,0.5880956054682182,0.6975431885001809,0.3901660051152495,0.4436805728138775,0.5084388722959771,0.5565528772511326,0.6504029525320132,0.6248127391245227,0.6837300543971399,0.7834157713711891,0.4172464886172433,0.0,0.4362301097385672,0.6667908450512067,0.616173751019297,0.5230181681280707,0.6126827942785739,0.6732190068278784,0.5200434704254283,0.7113553744315536,0.5898673799281314
SWE,0.8230648227124695,0.6444849540684913,0.6004868728916422,0.49215906068902476,0.3738334219183587,0.43851096765822584,0.6814293056649338,0.4401378971140568,0.6160127031467474,0.5520698844159017,0.9120235704161187,0.44807387306854574,0.4992738844540263,0.533344649332384,0.6177344514623865,0.6390501585742583,0.6996336334285113,0.8042274504352583,0.6140807120524494,0.5475687798796839,0.665651391172176,0.38855852260473395,0.3927121603941169,0.5176268468292566,0.6865952026832244,0.41342142394816195,0.4434689190717283,0.39807410732136483,0.4286341005043751,0.4538472449553436,0.6026307939988224,0.6744143116983045,0.5077471534751501,0.4266768390753317,0.6979631832796342,0.6503643822857572,0.683606936774194,0.6316625374026017,0.524480538744793,0.4190133366709476,0.66027167728745,0.5032072993992662,0.6743411966946596,0.7991672357548358,0.5482820618918476,0.7791484797676601,0.5290764480184073,0.7367218985090366,0.5077634710767488,0.6775451424591576,0.5705056331120126,0.6755818623244105,0.7832480259268555,0.6733996478385263,0.7413473498628654,0.4412561152095987,0.5099761755750452,0.4902750613481003,0.6347338311032937,0.5960358904080982,0.6874934370561694,0.4253651052352329,0.4578541928280304,0.506003885631424,0.5443825657095865,0.6635419978607682,0.6276282380564726,0.6564290744985627,0.82158218133539,0.4557287710537968,0.4362301097385672,0.0,0.6766431776678928,0.6524898665694859,0.5574105999468821,0.6114772356325499,0.6682457707313435,0.4536475772915454,0.7160030599716947,0.5609006447214266
THA,0.7755315984691286,0.6477238486790898,0.5249706284168922,0.6784945664731491,0.6149629407442964,0.6494284604026662,0.6279374694276754,0.5970712467918132,0.47248280351572747,0.5250378958316072,0.8963821581507769,0.6151864178641614,0.660440786491009,0.6353191270873831,0.48741109364555224,0.6216855906148968,0.6370640932643385,0.8001529578984374,0.5719252277855835,0.6245835308488394,0.7575381935005147,0.6072049035026722,0.6306359230419202,0.6751665718651096,0.5972483252822236,0.5764898352412839,0.6313158273435292,0.6519150303563364,0.6371664256810751,0.6534573828254546,0.6370050798419943,0.7735599673340225,0.5955478639679032,0.5462465606286809,0.5115656350416373,0.5683545796640654,0.723892254963748,0.687787272288437,0.633134397281868,0.5862534835090234,0.5866487675382482,0.5695534460885957,0.7539897852483358,0.7900734473808492,0.5091354186167447,0.7043263410378477,0.6335919266205128,0.8565548760606517,0.7049083952770773,0.582735172962332,0.5218205978485332,0.7099144599814144,0.6801746496715728,0.5453983752177336,0.7292177359845157,0.6417138846005221,0.686554709585574,0.6453590404855651,0.5424399946012761,0.5568572054362664,0.5790300610035026,0.5717756056198217,0.5542833494305809,0.5652246365282089,0.5786965889446025,0.6677645781178537,0.6264108098068334,0.6997720085670035,0.802902608007636,0.6543811456016937,0.6667908450512067,0.6766431776678928,0.0,0.6079139698821621,0.5188831925633081,0.514139242872411,0.6506883170325342,0.6467401715248046,0.535781758844762,0.6348118696184767
TUN,0.765039510386264,0.7140094806780298,0.5572445501507987,0.6160410925656202,0.6348600314493824,0.6432477992147708,0.5638866591697037,0.5958364195925302,0.5741927835778055,0.5784684416431843,0.920519916113105,0.5970133736231992,0.6674449320815895,0.6343474634133356,0.6025998593720313,0.6147661233286055,0.5712431479819376,0.7542787944555116,0.6156660762282065,0.6229450014512685,0.7302606229001986,0.631777608822295,0.6456639594982035,0.6561288879665593,0.6411533134148275,0.6007846304038994,0.5955437822608133,0.6439163074386172,0.6326898242520925,0.6512484168909626,0.6543501690955221,0.7769725026695867,0.5945553220678538,0.5757030739104755,0.6335514603361794,0.6071361967280426,0.738507069873471,0.6737856328891525,0.674026062250455,0.6124188847153417,0.6346471182738714,0.6653640071326598,0.7026948460323275,0.7343893696604938,0.658553073239967,0.6879381843481551,0.6066397131755316,0.8443534697571902,0.6305437471428157,0.529967425562946,0.6233466844357342,0.7774551706044859,0.6421867564801315,0.6491280186011184,0.7058781479909452,0.6314197339085715,0.659843130128431,0.6149303622554584,0.5545585401164274,0.5610367675163376,0.6249407086393903,0.584772920845171,0.5957187317898003,0.6119799681252732,0.6279773169875251,0.6631182852865748,0.5418065156308985,0.7783823334912835,0.7802377276207433,0.6777342340098788,0.616173751019297,0.6524898665694859,0.6079139698821621,0.0,0.5614939931942667,0.6980029428942339,0.6330477902320827,0.6350106272829724,0.6411119766160731,0.6143452938627835
TUR,0.788600676130725,0.6421839004463282,0.4759769384178385,0.5606250111081836,0.4751459351479613,0.5285742072158369,0.5112597343306333,0.4644364125345758,0.4175745974477668,0.4516671730138824,0.8998625186601555,0.5376204518559075,0.5941700251640759,0.5601478587039698,0.46094597717530716,0.5679825205660454,0.6011379666427495,0.7324235845631283,0.5105099935562972,0.5481091646018362,0.698083784593064,0.512215041414137,0.5430012636085377,0.5922608994266848,0.5433879172136722,0.47291767247989186,0.5580338648480772,0.543443571576051,0.5224405296012918,0.5543751346255044,0.5713452549790379,0.7338614636091482,0.5121266058036927,0.47274544469868657,0.5527732575500827,0.5236016264460288,0.7041611664774989,0.6442596530650344,0.5847038759854555,0.4599050776159622,0.5414735607501551,0.5312804257930268,0.674411301505451,0.6963874843905561,0.5298660438696887,0.662903931367255,0.5229797445061387,0.7996251854612393,0.5852900599505333,0.5413800655801303,0.506753870059639,0.7266880874484806,0.6272685841199115,0.6236082829295359,0.6901136725555534,0.5569046865404973,0.6148947527541836,0.5426495650770898,0.443545349687932,0.485363451023617,0.595006076243247,0.45519804890966886,0.42246180861714266,0.4768684655635862,0.4803499572388246,0.6108599422783257,0.5435466171999864,0.7263494969969747,0.7973299292146028,0.542269414000988,0.5230181681280707,0.5574105999468821,0.5188831925633081,0.5614939931942667,0.0,0.5693652245502563,0.5719842480854436,0.5827980272550204,0.571852820810801,0.549098541219628
TWN,0.8384179239438815,0.6659307713516642,0.5936613373175659,0.681202379641813,0.5589407113494405,0.5886727530848168,0.7000409361267015,0.577931534694302,0.5638642085940129,0.5668761805185607,0.9173689937799163,0.6059516388447541,0.6021535070492539,0.6587308113516642,0.5009303730866576,0.7045186507536951,0.7531236575913459,0.8350251279158512,0.6490931423197112,0.6501358266953439,0.7638604822443456,0.5688766023888586,0.5534958888806308,0.6316876740314119,0.6645372691628317,0.5680841998656372,0.6314723212879918,0.5504504599773421,0.6122454637375734,0.6317725523882668,0.6499761665450848,0.7223743736665452,0.6126231185356038,0.5279823458127417,0.6473809361032483,0.6120730448880185,0.7253089058441116,0.7050190970610699,0.5569741551366956,0.5409053579240946,0.6421258682806895,0.4955209427706462,0.7720071917243964,0.7773172727305458,0.372691726556329,0.8110736360945934,0.6714595612571407,0.7921328399962062,0.7149520731217076,0.6743309625718996,0.5460582920523719,0.6896756876424801,0.7701822663048066,0.6083330864074361,0.792134998833351,0.5616934222314814,0.6643237398365922,0.6711784975632906,0.6392089723417865,0.6465796463825674,0.6441192478900396,0.5777791265280855,0.5716954202036723,0.6154827439106565,0.5894769960811052,0.6866895326994541,0.6941530568936441,0.5689047135407634,0.8322581835069489,0.6390623694840663,0.6126827942785739,0.6114772356325499,0.514139242872411,0.6980029428942339,0.5693652245502563,0.0,0.6665475516145917,0.6017040179252877,0.6054630331841128,0.632051475351337
UKR,0.7676020388317232,0.7057030049191407,0.5590430244176027,0.6767859018359632,0.6545176758275678,0.6487703525713985,0.6370730827215388,0.5639221764433928,0.522221187353229,0.5786176189961637,0.9045125573767294,0.6304502168188413,0.6952623203450794,0.6713911469599995,0.6079277504448787,0.6130035217056669,0.6411255538867391,0.7584936374087999,0.6430156939096466,0.6312588937520663,0.7665895901304156,0.6412526521747874,0.6810484293749528,0.6672306379985651,0.6120204645222314,0.6244220369723422,0.6638464361130123,0.6626036644773973,0.6725218983472128,0.7042244580991911,0.6536505221255304,0.7853502519181549,0.6427694945079396,0.5915588791758966,0.6491343905761989,0.614555131675714,0.7358717339478174,0.7325070395631915,0.681048651427111,0.6296120819963149,0.634064688136542,0.6357728023926273,0.6849713194212816,0.6532718663425886,0.6701248595965132,0.7232432328940837,0.6218290493656963,0.8289435288599507,0.6901970148437108,0.6155931155944944,0.6097191962219833,0.8150025492666716,0.6311946686304423,0.6036833396811722,0.6877612610587216,0.651048514323898,0.6977077012962067,0.6445233904022124,0.5545148061292352,0.6227354515558128,0.5946351423607394,0.5771275834351488,0.6317766977595989,0.610708796359725,0.5690131146102338,0.6811471069179974,0.6187364637611,0.7824242929618194,0.835317474264806,0.6890692602081704,0.6732190068278784,0.6682457707313435,0.6506883170325342,0.6330477902320827,0.5719842480854436,0.6665475516145917,0.0,0.6634320416605036,0.6501056937599202,0.6321315318163404
USA,0.7868277982715453,0.642227470343867,0.5240229581811322,0.4930964240866754,0.4477498786441778,0.45750850385386665,0.6825372827893772,0.5105378721970861,0.6238701560090675,0.4997608100907133,0.8957587170517861,0.3474997499898367,0.5212469502680044,0.5334875101802068,0.6332480335231131,0.6518310403583961,0.6788431657860309,0.8058442570495388,0.560472151554895,0.5025468565285507,0.6843622395750373,0.49699709435633976,0.42929052917073013,0.5084295243430516,0.6718889524288355,0.4633541285892576,0.5369881305938314,0.4814809971818831,0.4095403676453374,0.4134135785954995,0.5912223708313137,0.6314910724708381,0.5337866940795726,0.4510108079752268,0.6906695424191293,0.6480259781009244,0.6543650326686541,0.6151006535173168,0.4542705758637452,0.45374893661504845,0.6360888937889703,0.5188281857235487,0.6401072641122852,0.8208039839652854,0.5507947525258299,0.7871850438243315,0.569480798491621,0.6824234250138282,0.5955999835023587,0.648821635723324,0.5401748876891084,0.70502701081723,0.7826601154172712,0.6345875306594062,0.6930106255888285,0.4004328121135636,0.5249373487634658,0.4801597584866216,0.6140821979951534,0.5468386954869071,0.6515408059979786,0.5006813303026784,0.48302006753233767,0.5356559570867155,0.5413690849153784,0.6272533204596312,0.6221778920326602,0.647786241051575,0.7621799701317821,0.5584529837706501,0.5200434704254283,0.4536475772915454,0.6467401715248046,0.6350106272829724,0.5827980272550204,0.6017040179252877,0.6634320416605036,0.0,0.7186938139884691,0.5149341547242824
VNM,0.8143752650333391,0.6990561849248603,0.6133125890452188,0.6864969107328773,0.6846922038133676,0.6841015490631903,0.5955753022661673,0.6375026260282256,0.5331780052759173,0.6054484785324359,0.8920410521802977,0.6889829091463924,0.7028123202241469,0.6155938783980577,0.5241821394272932,0.6232292485721129,0.672123544244909,0.7376185084122711,0.6285952357388777,0.6843694836142332,0.776180465600431,0.6789111087140989,0.7131248677534616,0.7139778261068833,0.6511855532351908,0.6635287224625966,0.6730167798200745,0.6689315079715037,0.7089584144373647,0.7181767127503211,0.6809739557965041,0.8117526962381328,0.6512071886046955,0.622286138391733,0.6011404950661801,0.6319519602144137,0.7487549609732467,0.730913739646052,0.6666271692229444,0.6664570273911322,0.6314758328344425,0.6731115907924405,0.7387205615783992,0.7301276979720673,0.6098606936984184,0.6331923581957866,0.6821981741507465,0.8531269068542608,0.7209761244615271,0.6122150337957659,0.6166252023652403,0.7237335878780622,0.5912656744594256,0.6449053096688315,0.7574752556427311,0.6950798534711893,0.7188065595483072,0.6634337686516156,0.5749860177113922,0.6319355351088224,0.6229167948290291,0.6218714505234304,0.6292337502888262,0.6541492005343627,0.6435340551729984,0.7201604380290968,0.6162517213388766,0.7277860524658065,0.8363650933646188,0.7175677076439397,0.7113553744315536,0.7160030599716947,0.535781758844762,0.6411119766160731,0.571852820810801,0.6054630331841128,0.6501056937599202,0.7186938139884691,0.0,0.6435838463047882
ZAF,0.8076399804431781,0.6677946756680873,0.534301512557549,0.5255411115437048,0.5592618015689388,0.5452921100609944,0.6681666760722874,0.529893377603145,0.5772571226417753,0.4913863433251461,0.8594973405522252,0.4923078861224864,0.6240062042497103,0.550861096582515,0.5998000674766707,0.5932441151651411,0.6527647985521968,0.7512372042299029,0.5671850440300619,0.5657869634499685,0.737436576535966,0.5635814449846481,0.5489324002551158,0.6126838745305057,0.6545907043286462,0.5229107657386843,0.5953256153590953,0.5505688352971528,0.5518970681436147,0.5676463927654376,0.5931795888649453,0.7238374574199702,0.5511540162906371,0.5035108085647805,0.6368282882978499,0.6073674226836067,0.7116411427640392,0.6571660662235301,0.571761795144781,0.5409676772836649,0.5738793796600012,0.5732123289021733,0.6275629654371014,0.7836675919847543,0.5964741226789328,0.7245596497546016,0.5770229344204101,0.8053255439132788,0.6451452870518594,0.6079252799851825,0.552047216829831,0.7565711883063919,0.7307832154073376,0.6283449394120126,0.7378353644623429,0.5459559031056543,0.6205273068047186,0.5693853253038633,0.5938644399202962,0.5086311218107483,0.6261164958766449,0.5271465165139214,0.5205137075169367,0.565765620281271,0.5345327863971985,0.6345974695648612,0.556997985436567,0.7291762083028166,0.7780349268266321,0.6214154319892102,0.5898673799281314,0.5609006447214266,0.6348118696184767,0.6143452938627835,0.549098541219628,0.632051475351337,0.6321315318163404,0.5149341547242824,0.6435838463047882,0.0
