,AGO,ARE,ARG,AUS,AUT,BEL,BGD,BGR,BLR,BRA,BRN,CAN,CHE,CHL,CHN,CIV,CMR,COD,COL,CRI,CYP,CZE,DEU,DNK,EGY,ESP,EST,FIN,FRA,GBR,GRC,HKG,HRV,HUN,IDN,IND,IRL,ISL,ISR,ITA,JOR,JPN,KAZ,KHM,KOR,LAO,LTU,LUX,LVA,MAR,MEX,MLT,MMR,MYS,NGA,NLD,NOR,NZL,PAK,PER,PHL,POL,PRT,ROU,RUS,SAU,SEN,SGP,STP,SVK,SVN,SWE,THA,TUN,TUR,TWN,UKR,USA,VNM,ZAF
AGO,0.0,0.6332243835292722,0.6946741806620572,0.7308174180236023,0.7417438163336674,0.7673567522674376,0.7357354396938675,0.7366280433851612,0.7104195975227209,0.7021441632104648,0.8344102031828612,0.7140404320460744,0.767469705979987,0.7633264864905586,0.766383872841706,0.7879929666507111,0.7468167038738289,0.7990029702676801,0.7091776967807227,0.7272771508080302,0.8000898728576106,0.7570530825176333,0.77716351106111,0.7511767051953282,0.7179443473878903,0.7359310132611322,0.7607053759328243,0.7748529155070631,0.7334809638101198,0.7291429554225078,0.7376073176103456,0.8245825628331492,0.7076084853655283,0.7269077117934887,0.6922481572526752,0.7212605976802409,0.7780228212116197,0.7958653142429347,0.7826218201777696,0.756944233485521,0.7550869967480551,0.7933046828083197,0.7023772418388267,0.8046054101400288,0.8105997051408486,0.6856951210067769,0.7500211052170267,0.8497236916218439,0.7611814623893826,0.713601465113711,0.7268399974016424,0.8072145306555445,0.7047033398961582,0.7158826783894607,0.7703602178177146,0.7367640676925306,0.7214634607987773,0.7035495401799443,0.6476406020674483,0.7186161989753153,0.7211351922329055,0.7393918882745263,0.7169519886812487,0.6833691412068285,0.6826373094932553,0.7150147547974475,0.7511522593416694,0.8077517766737093,0.8688270783791624,0.7448454460011569,0.7746577963819046,0.7784014828616355,0.7284049761698844,0.7221059569645915,0.7035158643175135,0.8036281406060966,0.7408969784576542,0.7441714680572241,0.7174049683980144,0.7472981726783661
ARE,0.6332243835292722,0.0,0.7040096746201686,0.6343522666723436,0.6581758180560212,0.6001998997388303,0.7829069253772823,0.6618457742571415,0.7099747715627203,0.6344740067803977,0.7051772563637794,0.6317891754088492,0.6892348993692587,0.7195328419622378,0.7359253815405057,0.7381247782626287,0.7403360325454266,0.8388757914339847,0.6816349634896866,0.6766021708785138,0.7373044240937768,0.6659721748598255,0.6714307570856595,0.6803443243276647,0.7247743991034569,0.6424981765982385,0.6956203662547966,0.6401462906357693,0.6407961098850017,0.6311095015379792,0.6706663450329071,0.7392978462721767,0.6465522682463709,0.6492649042315146,0.6748816429081721,0.7043848841265961,0.7451158238920911,0.7379231214337065,0.6607841199031427,0.6429539732057974,0.7024239437311586,0.699261360812233,0.7212659977238071,0.9061893237262143,0.7248457700312639,0.814495769734146,0.696752620478903,0.7895098645598805,0.7143300179158633,0.7512942659948657,0.6504458902569263,0.7279197798457548,0.8059806616035747,0.67222856125734,0.8106956582815467,0.6299463975382412,0.6309466869818429,0.6623206207207576,0.7426983406144493,0.6913337942213464,0.751113908248685,0.6371416565424416,0.6208790756753796,0.6865818652535085,0.6157924054080306,0.6858519064046695,0.7287211873251978,0.6405511673625744,0.8464050940329588,0.6652233597287138,0.6773339887249016,0.6918833810072014,0.7066138418662105,0.7339070778498074,0.6869920115325194,0.6953784728850456,0.7743356703516587,0.6664104692650064,0.7436815990771524,0.6736936421759601
ARG,0.6946741806620572,0.7040096746201686,0.0,0.5669388744596295,0.5307882490700466,0.531597045375917,0.5983870249381077,0.530232879553283,0.4664396297996181,0.39678083305159256,0.8993041019201546,0.5277355447000364,0.5867865105542459,0.5835350863031625,0.49553694879736204,0.6383696391731207,0.6184966309790295,0.6241801031604125,0.4696571318760208,0.5444289127878934,0.6897746807739689,0.5465062743373925,0.5480376448816244,0.5823747867556798,0.5648585704946263,0.47951486990491593,0.5898874686155735,0.5813258721261075,0.5488318345449783,0.5544941272616939,0.6089000533208105,0.76476974996835,0.5223355187477103,0.4656716545418293,0.5242654008073525,0.5057425746885393,0.6039271280313586,0.6686208463145891,0.5601968799553886,0.5003992008481735,0.5812734979745184,0.5324243542596198,0.6542537853539655,0.772639044071722,0.5580165797570968,0.7145881063235741,0.5583887817696825,0.7694068178355061,0.6386022312108983,0.5228692900908782,0.4698517104848784,0.7014006006424203,0.64042746410078,0.5275449242358794,0.6754691375260939,0.5259718351485702,0.6149533037800953,0.5288822215597546,0.48294107551742194,0.4646839579904717,0.5481828752060384,0.5023898788460228,0.5026632785259562,0.5121258448103032,0.5154321129121294,0.6022158760385111,0.5306720433960375,0.7232828126351459,0.8084842391260982,0.5899878312021786,0.5509612931743761,0.5786703539654869,0.5166688934295557,0.5422300360251685,0.455690683644084,0.6041940846930606,0.5698523319191949,0.4944388499278751,0.5477639284760912,0.5472843281402333
AUS,0.7308174180236023,0.6343522666723436,0.5669388744596295,0.0,0.4595443509881333,0.45946124485090795,0.632063719216342,0.4680117174801241,0.60418619491869,0.4972270081760951,0.8941920635342092,0.4655271159104503,0.5498590849774181,0.5285566443401075,0.6363559053170057,0.6804254708408136,0.6493699209134628,0.6930636052059486,0.5539946495567031,0.528576414798017,0.6023999290226021,0.47837883402484643,0.5233994589917327,0.5274260791102878,0.6685821857249744,0.44903079856701167,0.545262293757887,0.5339033952503068,0.4218493088114241,0.40256761848286116,0.5705508980127024,0.6732884058785773,0.5033044133686274,0.5281003860579669,0.6086081171382082,0.6231395409077237,0.6070622714976966,0.6259130364772636,0.5510197254945814,0.46695156993338416,0.6323525357455954,0.5788648650712943,0.5883062579257616,0.8347339323990997,0.6511794197621134,0.7613970266430687,0.5601595792814905,0.7008375747831297,0.5216585572476844,0.6373426931605619,0.5741977906682036,0.6219906855705396,0.7250858526867551,0.6128809932247007,0.7218165287254623,0.42807828160797906,0.4986937532707788,0.44159937064092303,0.6151553913985451,0.539170348121274,0.649063265936057,0.47146730489585437,0.4413340098839084,0.5370367011469137,0.5465711490066075,0.6163034151981389,0.5719242502936823,0.6558322150169918,0.766205242298162,0.5454183131183313,0.46300036682295914,0.5081075169085855,0.6567992397841834,0.6003195788281231,0.5268587545310337,0.6926322540186355,0.6616954612231715,0.4932124360128116,0.6576936227465299,0.5437279063651685
AUT,0.7417438163336674,0.6581758180560212,0.5307882490700466,0.4595443509881333,0.0,0.3930309349799075,0.6488311663129056,0.4694709584094852,0.5575063184854796,0.48761854861410137,0.9231530554350791,0.48005044293930554,0.42177402668324393,0.5217276518065947,0.5808743371225202,0.6538089009533155,0.6879639723851487,0.7746364966093766,0.5505811699475056,0.5222805194564877,0.5899691869236553,0.353627672345017,0.37607846030354697,0.5036357371394871,0.6682479265476343,0.3464454028731865,0.4581431824433804,0.4354158104093928,0.34171126860150286,0.36843199405334337,0.5576505092479105,0.6671942090264835,0.4531017660771521,0.428152625805131,0.6087256257842885,0.6220706674607882,0.6085899847587815,0.6235961760206843,0.500182702033356,0.3382031538704438,0.6310371845869773,0.48719327054454686,0.6793816346155309,0.8493606284611694,0.5551452913846662,0.7834176839774535,0.51906307329904,0.6660381558571972,0.4489159115532538,0.6427849653284505,0.5502359824640071,0.581013854438612,0.7581498255594736,0.6096093515826343,0.7508409173875898,0.39981520746756444,0.5173180917641962,0.442113839723334,0.5724705558383857,0.5754614649309753,0.6565111329692568,0.4087043726392897,0.3274159664155999,0.4910872085287127,0.49746548926235334,0.6464135517348314,0.5956656322728457,0.6408605363080255,0.7893364627528485,0.3973373310420241,0.37650240557408127,0.38960847375093616,0.5950775766861316,0.6203763330147678,0.4512039771770818,0.5948582237784115,0.6632203819976921,0.4609334920634329,0.6664129828706126,0.565049897317455
BEL,0.7673567522674376,0.6001998997388303,0.531597045375917,0.45946124485090795,0.3930309349799075,0.0,0.6449428318735243,0.4710618856127036,0.5593812708026811,0.45745703471571786,0.8761866484310854,0.485257529068658,0.4885636198921571,0.546486900474413,0.6091491056670474,0.6390668007660183,0.6691609834553882,0.7599562323917916,0.5412786452646274,0.486430029060185,0.581932989383825,0.42533540177766543,0.3874659551978373,0.4939225428347034,0.6543410618047374,0.3469078978471619,0.5182298215584479,0.45942978029654624,0.3568773514046516,0.39655186174022744,0.5223691933815631,0.6687006294347357,0.4711143048328453,0.4276975090980996,0.6340072731198367,0.6101215799472511,0.5987867174894342,0.6107997727990688,0.4606940254604467,0.3654876927219114,0.6207247512096341,0.49542238974533626,0.6782931840971651,0.8455658746613247,0.5629749373453521,0.8126687605888159,0.5110676067260279,0.6849522908155101,0.5178699552543925,0.6346232457365382,0.5289236468476786,0.6143736749608572,0.757024233854698,0.6024712307566904,0.7448559678650571,0.37418758857022816,0.5218950391616746,0.47973769974714287,0.6203627469189363,0.5568872340009495,0.6618418230634231,0.42543192162525445,0.37276605512733896,0.5466070034447165,0.5210481494784615,0.6281771571826823,0.563486953053021,0.573336749569129,0.7958264437993047,0.4844374583049691,0.4040193000057657,0.4626815464929666,0.6336605787860096,0.6297136763575886,0.5051546403316942,0.5896787586368223,0.6638031974783186,0.4568190271650451,0.6738283986029923,0.5542682967299272
BGD,0.7357354396938675,0.7829069253772823,0.5983870249381077,0.632063719216342,0.6488311663129056,0.6449428318735243,0.0,0.5912129913443438,0.5336266665689408,0.6147686420061511,0.9336115614304523,0.6503577748166981,0.6990567722834145,0.6601307861103168,0.6304125810293417,0.6953510071527752,0.6640988032437881,0.6700262077732841,0.6155378560869825,0.6183380873153714,0.6836349722468349,0.6590206114912016,0.6815660244372673,0.6432864709858261,0.680289008553778,0.6140446823314573,0.6332374591544957,0.6781827538428706,0.6370351114946342,0.655251721379516,0.6388230902262689,0.7449243343422208,0.6134378908359303,0.6292729937673759,0.6389750268980654,0.6243209590878821,0.6982737208873958,0.6494783845123185,0.6727794567742168,0.6184084691436541,0.6785543005470864,0.6863859902164335,0.6949818968241112,0.6791681973830044,0.6944221748386518,0.6481851520782171,0.6434764366465632,0.761952007296167,0.651849782125887,0.5820991303773192,0.6710721087254427,0.7415159367427171,0.5455104426127594,0.6788824996230798,0.6960176608636132,0.6489805874342253,0.6560914312000891,0.6043607280531873,0.5329757880100288,0.5990544879207828,0.6239976731487389,0.6244592220722907,0.5964468473147795,0.6121263845168349,0.6419602366663522,0.6812858388092695,0.6149359950837054,0.7610293785522367,0.7836361529387188,0.7020269025194844,0.6330949596171676,0.6810689294817243,0.6295590881234371,0.577750776557405,0.5203173291205305,0.7243184294594495,0.6524465303863557,0.6842843928387398,0.5615787200045892,0.7024999829029563
BGR,0.7366280433851612,0.6618457742571415,0.530232879553283,0.4680117174801241,0.4694709584094852,0.4710618856127036,0.5912129913443438,0.0,0.5188133118689323,0.5019037680468968,0.8977152747561903,0.5184465040033852,0.5733515552824212,0.5536113536176975,0.5781728919461592,0.6163223120272536,0.6433440488351239,0.6816671919402126,0.5438994682025524,0.5190076393223643,0.6470448030534561,0.45598256001609505,0.50980660690297,0.5635481061961461,0.6368755797298141,0.42515581813355835,0.5218365425796088,0.5248779159026958,0.47573095039343993,0.5083128821020224,0.5440388247929607,0.7147799123990359,0.46681971676893586,0.4654459236500863,0.5915468550686062,0.5448202998891286,0.6395210715442824,0.6405733388478788,0.5666582885714988,0.43890472734259484,0.5544942592801416,0.5508197425644908,0.6442604902614005,0.7653335129786968,0.6196474726762347,0.7287204319415349,0.4978563051481786,0.712824940460077,0.5269868700510919,0.5723305735476291,0.5618610619798283,0.662395011531286,0.6967469442765687,0.5981580244789287,0.692307197779983,0.4915404873313374,0.589005475432138,0.49364674690107563,0.568224520584714,0.5441415020637185,0.5846206082523852,0.3983433114087952,0.4423391166606384,0.4586467797361005,0.48707601973791104,0.6214763091545145,0.5424694610822968,0.6970973801945525,0.7693511151136055,0.5205406786690621,0.4615611123884872,0.5023738498269226,0.5912130986799393,0.5983386884635902,0.4644253911421276,0.6250998636711294,0.5910985285277444,0.5528733284886781,0.6165671284753474,0.5397188733195531
BLR,0.7104195975227209,0.7099747715627203,0.4664396297996181,0.60418619491869,0.5575063184854796,0.5593812708026811,0.5336266665689408,0.5188133118689323,0.0,0.5079320920014179,0.9203815094221375,0.5841570868384811,0.6216272801331726,0.6136529961957025,0.4896922893155862,0.606598686689225,0.6056894459123475,0.5940017985764285,0.5405090623673878,0.5404960797020785,0.6589749619646424,0.5514536634122545,0.5641942591065371,0.5840532016939729,0.6090050225009684,0.48872244924655894,0.57055650474681,0.5700581275668671,0.5607558783263727,0.6054272697467099,0.5824705940356305,0.759655909830914,0.522461790645085,0.46202842285581375,0.5011989889677758,0.5320905551830882,0.6284672293716926,0.6294882593176678,0.6276166365059227,0.5339228593847555,0.5486080812987468,0.5649479788199264,0.717827160523408,0.747081729317117,0.5659925022120672,0.656624563245777,0.5487540809032855,0.7679816421155653,0.6257133894933053,0.42967333346927544,0.5507785731121077,0.710123782044931,0.5841307170795316,0.5669155528462557,0.6601793397755957,0.5717779298299649,0.6379789723759738,0.5362631237483299,0.45000086272906287,0.5326481447157259,0.501429391396737,0.48418469166714023,0.5013908451347194,0.5122744321710443,0.5465295927208867,0.6713343214499242,0.5351477998765173,0.699175904665945,0.8115423103104973,0.5966995300789139,0.5775040050789624,0.590623106363769,0.4856440053735666,0.5465268920622781,0.44813810402588333,0.6227260459165584,0.5930824772015458,0.6035450604399104,0.5243522460212426,0.5990724846007809
BRA,0.7021441632104648,0.6344740067803977,0.39678083305159256,0.4972270081760951,0.48761854861410137,0.45745703471571786,0.6147686420061511,0.5019037680468968,0.5079320920014179,0.0,0.8502613056238445,0.4589077535649972,0.5624065398027754,0.5551565938086405,0.5059788197727101,0.61871710442218,0.6271117091499464,0.6745980537793126,0.44570295341557575,0.5086043872775367,0.688718743731748,0.5018950951185368,0.48657053347504947,0.5543943826110185,0.5809953863938545,0.42915787968269076,0.5753432493100001,0.5235356816347471,0.46466905635880007,0.4897644534850774,0.5687291853593793,0.718061276108424,0.49221223940046244,0.4417373186741737,0.506409792016572,0.5178332098693261,0.6162178729103388,0.6519505340406562,0.5406264040925363,0.44109889725133755,0.5793795622708598,0.4801816621552107,0.6321206995172922,0.8148428425721307,0.531453142761597,0.7391092093591879,0.5270627400643776,0.7300598234070754,0.6197295201393684,0.5342750646164595,0.4178437738232148,0.6823063987075455,0.6829149836699271,0.503841722096588,0.7166742334861025,0.46257390778374113,0.5754522860597096,0.519825792385264,0.5175202007449927,0.4427678163008492,0.5680714040859365,0.45398883544876834,0.43330253184656076,0.5124135773059539,0.46533793258374073,0.570818980767265,0.5444539952247528,0.675355702768235,0.7973473399844306,0.5123330593419018,0.505698214530423,0.5406565325824432,0.5086898771169522,0.5622359637548217,0.4302462623010942,0.5661444647277151,0.5876725075922126,0.46078708038326094,0.575812565946051,0.5014808875858978
BRN,0.8344102031828612,0.7051772563637794,0.8993041019201546,0.8941920635342092,0.9231530554350791,0.8761866484310854,0.9336115614304523,0.8977152747561903,0.9203815094221375,0.8502613056238445,0.0,0.8544081806795144,0.9329551462472543,0.9130955688727456,0.9075925483369952,0.889918893989362,0.8756530947790745,0.9423554484084833,0.8412622575075617,0.9042937273030154,0.940799553333795,0.9199887483056713,0.9147445165447822,0.9028223084400949,0.8446059494239189,0.9141855124143752,0.9208909143957945,0.8934363563864752,0.9087210934136613,0.9011649580150274,0.8819440342508349,0.9514694199679797,0.8841328382869846,0.902782259556382,0.8542596665128103,0.8519399518431181,0.9479733260353022,0.9453046919800054,0.8973971150769945,0.9083040837484875,0.8806024639857245,0.9194359905084942,0.8650554275524506,0.9653144672841226,0.9306611329472477,0.896332924770025,0.8853134744082956,0.9569674350869655,0.9410294323157223,0.903215067179201,0.8495404485598178,0.943586706041362,0.9013259912051841,0.8559731799602149,0.9426739579763217,0.8960304801544069,0.884398153898496,0.8993670762783506,0.8938348023186478,0.8631120306627853,0.9172324549240523,0.8912241541208353,0.9030200419439549,0.9059122733652392,0.8486298269417081,0.8668021500227329,0.903107530712826,0.8726626076828364,0.9573759460094284,0.9190004876585884,0.9382450161885433,0.9245989214955153,0.9013625974830056,0.9154303463894727,0.9059572513884057,0.9119784417637745,0.9057134031616362,0.875324367055833,0.8880445874603324,0.8563923888773607
CAN,0.7140404320460744,0.6317891754088492,0.5277355447000364,0.4655271159104503,0.48005044293930554,0.485257529068658,0.6503577748166981,0.5184465040033852,0.5841570868384811,0.4589077535649972,0.8544081806795144,0.0,0.5696999373670804,0.5580250366413214,0.6148446938739714,0.6420629853341032,0.640343365536537,0.7189787342059742,0.5211400482017035,0.5302467612713876,0.6624758583032996,0.5158407483004676,0.48387044246798,0.5311904141987934,0.6475933133639771,0.4734273028427463,0.5460772146575523,0.49573785448533186,0.4558689691527436,0.45090320035471987,0.5639777273924795,0.6924340106675193,0.5354128038119518,0.4809805584866531,0.5954284110353706,0.6050795707932277,0.6280143140853821,0.631273571912797,0.5014155946772556,0.49357045238769626,0.6006474152698226,0.5321114059863864,0.6216033631112867,0.8442969491315678,0.5948665759501448,0.7672102183888665,0.5629054565755083,0.6983982902254549,0.5913735120702104,0.6183301509024516,0.5095169861194612,0.671726385097144,0.7226678952366001,0.5758234074170292,0.7193215934303681,0.4362630844202604,0.4956351643007737,0.49147010841178146,0.6029947087421056,0.5114685951532437,0.6537289109273496,0.506013957638164,0.48724929144665186,0.5716522176468986,0.5040281767283021,0.5935341520299461,0.6032232877005008,0.6736887435507851,0.7689986129708367,0.5822668175227371,0.5210727468370688,0.47329987670293167,0.614046146273862,0.6007299799738255,0.5387007867284117,0.6404375264131543,0.6382568057772502,0.37517697430799174,0.6681409259065904,0.5306254259630677
CHE,0.767469705979987,0.6892348993692587,0.5867865105542459,0.5498590849774181,0.42177402668324393,0.4885636198921571,0.6990567722834145,0.5733515552824212,0.6216272801331726,0.5624065398027754,0.9329551462472543,0.5696999373670804,0.0,0.558843998668019,0.6344070080484729,0.6970535115219577,0.7058125291846864,0.8030067783628378,0.6205353140821093,0.5551501749436376,0.6112138471878246,0.5121312194472801,0.4981123693238058,0.5127778478089906,0.7170778354109791,0.5000874650621984,0.5345746446997763,0.5260060107901082,0.4733255359784705,0.4812740961061381,0.5792194250582892,0.6400338413118704,0.5428102895340398,0.5096309295263955,0.6424416283752397,0.693821958791595,0.5645281568135185,0.6464160951086336,0.5061339868780304,0.4951056194603087,0.6628702069104242,0.5369288256908265,0.7158405850295685,0.8805074896500652,0.5971195956837884,0.8111938304620099,0.5994539330722064,0.699647195250782,0.5684859445324293,0.6872495418566749,0.5926666681134228,0.5803776153767322,0.7860825652863449,0.6428522952414146,0.7649557939958403,0.4686207541229657,0.581737132567279,0.5367240986000491,0.6307369303727197,0.6414534930444542,0.6540248711189038,0.5509338667454222,0.48751115334057377,0.5969668716632824,0.5905159397253047,0.6630685600911033,0.6484820194088913,0.5670287025950532,0.8214094920506438,0.531206058389484,0.515471945655194,0.5144831783104082,0.6290041989146674,0.6707809870815906,0.564117006203966,0.607179053630205,0.6966004562304171,0.5427527256809717,0.6946498839995005,0.6534304034665089
CHL,0.7633264864905586,0.7195328419622378,0.5835350863031625,0.5285566443401075,0.5217276518065947,0.546486900474413,0.6601307861103168,0.5536113536176975,0.6136529961957025,0.5551565938086405,0.9130955688727456,0.5580250366413214,0.558843998668019,0.0,0.6452157851234022,0.6469757518445408,0.6650735606414162,0.7027156086191599,0.580727567944179,0.5519608382684857,0.651693234514394,0.5772696904559428,0.5636205885370492,0.592881853523085,0.7075398755372642,0.5358639705225106,0.5580705700961576,0.5533027155009649,0.5058568778178931,0.5312317994175376,0.589758720375705,0.7262901323539276,0.5493473542363706,0.5560013275031673,0.635573571010697,0.6909924361401286,0.6285457281667794,0.6319962309796118,0.5380294250180174,0.5541342074524593,0.6465118179761958,0.6067604576807621,0.6867980161449367,0.8633611696220566,0.6373024601295988,0.7531212075851167,0.5759754453193426,0.7477771810038969,0.6013349730033336,0.6425816877500301,0.6020629590351416,0.6536330445495466,0.7423418490091934,0.655499267872469,0.7336892195893085,0.5194753977129388,0.5758854453047124,0.5005316048128775,0.633223922081958,0.5402221844371539,0.6132160320464307,0.5600423283486258,0.5158116168352594,0.5993158447793853,0.5906576502123998,0.6822694144838126,0.5646307699961169,0.6945472804949303,0.8235380057599755,0.6121300193005539,0.5813591823153643,0.5504266940993591,0.633755588982865,0.6549803673344957,0.5802261545874866,0.6738419104029993,0.6912273511593287,0.5486829200369208,0.6238511950508093,0.5938916294897291
CHN,0.766383872841706,0.7359253815405057,0.49553694879736204,0.6363559053170057,0.5808743371225202,0.6091491056670474,0.6304125810293417,0.5781728919461592,0.4896922893155862,0.5059788197727101,0.9075925483369952,0.6148446938739714,0.6344070080484729,0.6452157851234022,0.0,0.6787115141178854,0.69851172133404,0.7296662945495836,0.572808223358764,0.6730164324794293,0.748657754397368,0.5600098709802058,0.5677847546261742,0.6657408799164138,0.6171483735128104,0.5578038677822572,0.6383137644351166,0.583979470067222,0.6280988546034274,0.651872874492522,0.6669506806502032,0.8355461611255326,0.6093645723738031,0.5352975050903468,0.5276251347066154,0.5010291822274038,0.7181539353522854,0.7217388814658748,0.6333527839701201,0.5453411171850145,0.6191768461656725,0.5258223760912547,0.7403174180897991,0.7942109405498323,0.4454405493237348,0.7548317718877309,0.6417772364586852,0.8087119536626007,0.7027332223810687,0.5689755466609702,0.49997927947490634,0.7415638339350266,0.6700071454199009,0.575208441673113,0.785259750233628,0.6185618829623986,0.6883794333031718,0.6292880751469611,0.5559973365921292,0.5805772737565786,0.6306258359296744,0.5470952653437873,0.5836280115742982,0.5535525791760585,0.5652954939016416,0.6903087368771027,0.6259843516864231,0.7261619638438367,0.8722570149156439,0.6033569899087876,0.6122091240180522,0.6074795065903965,0.501741329818288,0.6137523066459337,0.46832330936085337,0.5037674358678061,0.6238863962777808,0.6126555856596275,0.5340928366873688,0.596271161658581
CIV,0.7879929666507111,0.7381247782626287,0.6383696391731207,0.6804254708408136,0.6538089009533155,0.6390668007660183,0.6953510071527752,0.6163223120272536,0.606598686689225,0.61871710442218,0.889918893989362,0.6420629853341032,0.6970535115219577,0.6469757518445408,0.6787115141178854,0.0,0.5980289604934318,0.7316543612467309,0.6298236979626458,0.6123930724517869,0.7472132239001384,0.6682603923784471,0.6606089421563452,0.6815525810649481,0.7016114762271938,0.6222813015318612,0.6216501952935259,0.6292365307520302,0.6424765693438574,0.6854408464335249,0.6643045333416541,0.8207556001006898,0.6370202815984632,0.6180266273897657,0.6198433833121432,0.674870637188127,0.7201463547204648,0.7389264788006105,0.6848123488248216,0.6235477421669159,0.6307479225585355,0.682572405665021,0.7651226666579666,0.8337271601618679,0.713098947360399,0.7361630906106791,0.5902766719998527,0.8102503695278969,0.6569300115876271,0.6401637456639572,0.6537371781905401,0.7812088880570202,0.7559299547706673,0.6699277040377216,0.7328806324235654,0.657933674312309,0.7030377885569975,0.6122833539455526,0.6800924340961318,0.5963882852933861,0.6426208417005528,0.5893041934333284,0.6086228787200245,0.6563596293709579,0.6477618463206195,0.7162347376775198,0.5936070875209684,0.7717962281676614,0.8622477649753143,0.6981320501854666,0.683684203282589,0.6472665127899814,0.6690851185283307,0.6587188209932723,0.6280314032628123,0.7307649622585951,0.700567938053219,0.6682575037725753,0.6636269602413167,0.6610471979775887
CMR,0.7468167038738289,0.7403360325454266,0.6184966309790295,0.6493699209134628,0.6879639723851487,0.6691609834553882,0.6640988032437881,0.6433440488351239,0.6056894459123475,0.6271117091499464,0.8756530947790745,0.640343365536537,0.7058125291846864,0.6650735606414162,0.69851172133404,0.5980289604934318,0.0,0.7068807259978528,0.5935751484301204,0.5883993203115263,0.7109091027169185,0.6911912379125502,0.7093376895551665,0.6714790862677706,0.6984752281262105,0.6423339890503998,0.6425114473737502,0.6840362868570613,0.6656387451655174,0.6707349026740363,0.6439800240824987,0.7910402470917763,0.6384738612183808,0.6539151228566261,0.596495218912236,0.6687846689390508,0.7138542648090941,0.7070472485555592,0.7022755026346907,0.6703674608667642,0.6445260479243415,0.7080890399118055,0.7207716219002308,0.8133548312644041,0.7428623809819511,0.7054019519863075,0.5872246903314804,0.8257688144842602,0.6822833760305826,0.6292763824959942,0.6749249346302771,0.7651449431140223,0.736921248382612,0.6540330839620293,0.7148365311816167,0.6708786878283222,0.6872652074344331,0.6225951886124848,0.6610305798057157,0.5557116874772015,0.6396483447653155,0.6345928378994088,0.6292761194757504,0.6487846056422494,0.6507969085366927,0.6916787705843758,0.5682226248495108,0.7763695969116916,0.8182632604687327,0.7437786310921984,0.703836191068848,0.6962109392045498,0.6391776290355387,0.5916505747555398,0.6265520873061298,0.7782281129853217,0.6858772287613157,0.6647595803269446,0.6655221922627402,0.6687570534045231
COD,0.7990029702676801,0.8388757914339847,0.6241801031604125,0.6930636052059486,0.7746364966093766,0.7599562323917916,0.6700262077732841,0.6816671919402126,0.5940017985764285,0.6745980537793126,0.9423554484084833,0.7189787342059742,0.8030067783628378,0.7027156086191599,0.7296662945495836,0.7316543612467309,0.7068807259978528,0.0,0.6917831351125953,0.6979067084615238,0.8081337170688352,0.7675534465267004,0.7840373662664981,0.7579749736887685,0.7303961124142252,0.7151966357715421,0.7495647139349565,0.7805558790752192,0.7477380855086001,0.7772076638289281,0.7532830395461283,0.8701555349361185,0.7339664363982428,0.71317852144984,0.6954821936700956,0.712920408637042,0.737653089495593,0.7446676028132891,0.7808316315722441,0.7549240786723276,0.7354203703253644,0.7759960536431515,0.6880116685217618,0.7624332835758033,0.8067099495646398,0.7115875405930425,0.6989227289809903,0.8754092166000635,0.7640145133572498,0.6206236637931213,0.6927677990568073,0.848548112166542,0.6782145947214645,0.7296066227587801,0.687884128833362,0.7440502113672789,0.7661844277957465,0.6723026332463843,0.6625922612665172,0.6283793037867383,0.6163371557798055,0.7088206601078308,0.7412577309264401,0.7134483363027355,0.7071186505268888,0.7718983661756493,0.6417110885769168,0.8847492417208899,0.8545107804274247,0.7992500591645165,0.7639447845333983,0.774802420968579,0.7268294853299865,0.6562171863943773,0.6598385018838033,0.8198011725463802,0.6623947602266403,0.7547839781474864,0.6594933794421183,0.7188870038926943
COL,0.7091776967807227,0.6816349634896866,0.4696571318760208,0.5539946495567031,0.5505811699475056,0.5412786452646274,0.6155378560869825,0.5438994682025524,0.5405090623673878,0.44570295341557575,0.8412622575075617,0.5211400482017035,0.6205353140821093,0.580727567944179,0.572808223358764,0.6298236979626458,0.5935751484301204,0.6917831351125953,0.0,0.5444583583576725,0.6718692094599763,0.5832240841724688,0.5826458673696006,0.5870206183837465,0.5830629722238709,0.5015421405628919,0.603663591825434,0.5886391340195513,0.5348230884004406,0.5381418970098671,0.5745774546497545,0.7500950121676216,0.5377715248369469,0.52995694314927,0.5273066762228222,0.5623350107823316,0.6424556232278479,0.6545223947744965,0.5567210686093511,0.5284891831582762,0.5682945905169599,0.5939924595181371,0.6638074883045334,0.8297032140094632,0.6214563623445059,0.7131288984989371,0.5595164073656431,0.7656001828014428,0.6494132334104872,0.5619376757848045,0.5290809083956449,0.6807644204953096,0.7057025493935748,0.5617795011075496,0.7038519579279146,0.537823602824082,0.6134993121578114,0.5357659756919939,0.5511332693275142,0.4641549532560395,0.5907817557139515,0.5400404304807309,0.4977545481672438,0.5646820847358005,0.5522794776048263,0.6119016143975442,0.5321331139367658,0.7181478625726146,0.8040883799042735,0.6318730914179186,0.5961813242867341,0.620313923153248,0.5534891464557858,0.60986748950463,0.5035647249593732,0.6460181326916186,0.6637692809569867,0.5295387765648213,0.5915782346973458,0.5626006301565544
CRI,0.7272771508080302,0.6766021708785138,0.5444289127878934,0.528576414798017,0.5222805194564877,0.486430029060185,0.6183380873153714,0.5190076393223643,0.5404960797020785,0.5086043872775367,0.9042937273030154,0.5302467612713876,0.5551501749436376,0.5519608382684857,0.6730164324794293,0.6123930724517869,0.5883993203115263,0.6979067084615238,0.5444583583576725,0.0,0.6017345723984129,0.546840481424736,0.561479477769348,0.5092958849940915,0.6546110255436371,0.4728585843500344,0.54654189720844,0.5461797366071052,0.46999106068092744,0.5115037673360371,0.49513426660892873,0.6216905301781298,0.4950724199855782,0.5053143330757419,0.578992008960781,0.6453264022049218,0.5882561084625589,0.6156058623654942,0.5415150296394154,0.5048750905400677,0.6146700476726604,0.5657806532403292,0.660962704218053,0.8172794252611816,0.6482606670295983,0.7256737310339031,0.5058461818812733,0.709252325695158,0.5824308129482675,0.5830244926478374,0.5702564392082743,0.6640464478766537,0.7273506290773453,0.5963810286065062,0.674206681938781,0.4712414050142402,0.5685893537545779,0.5000942993294816,0.6072694825488196,0.523237593894299,0.5516622753140259,0.48862829200371427,0.46912014366171323,0.5681212305366717,0.5819894142245498,0.5731589496366094,0.5175706765385738,0.6570135963437613,0.767389629862801,0.5995846684262653,0.5367158462662909,0.5727162255539762,0.5928208567918446,0.6217146172208214,0.5321345108158342,0.6657005404300161,0.6456782193910799,0.5300180467054879,0.6438483072530342,0.5775377386359122
CYP,0.8000898728576106,0.7373044240937768,0.6897746807739689,0.6023999290226021,0.5899691869236553,0.581932989383825,0.6836349722468349,0.6470448030534561,0.6589749619646424,0.688718743731748,0.940799553333795,0.6624758583032996,0.6112138471878246,0.651693234514394,0.748657754397368,0.7472132239001384,0.7109091027169185,0.8081337170688352,0.6718692094599763,0.6017345723984129,0.0,0.6305720679702808,0.632433887311772,0.5718852969507473,0.710740767562922,0.5836828446545299,0.5682462191029716,0.643790183199737,0.5900065029298805,0.5864245636539378,0.569678383246908,0.6865343555113489,0.6023271627809204,0.6619553239647891,0.7091977322654289,0.7476223735078811,0.7124438778492547,0.6717264448895791,0.6612259771173108,0.6256440458675516,0.6904950827557947,0.6946758084798191,0.7407690029281451,0.8743731300238442,0.7311796493633597,0.8037994319661483,0.6524956100367123,0.7407894363326712,0.5738789099714436,0.7264635018781234,0.720307753865509,0.6496756615268899,0.7944638247113474,0.7063621945133148,0.7811113122482862,0.5993967403130884,0.6068416587939945,0.601320027063497,0.6985923338026819,0.6901627040216284,0.7360242158554569,0.6230212222859639,0.5802701568085976,0.6590778913106053,0.684896685366186,0.7348182345961691,0.6296215359588776,0.64876747524467,0.8147951662013347,0.6647386012240852,0.6072341533930908,0.6474746501814549,0.7156434541484062,0.7052597239946151,0.6493106067014335,0.7571917608684394,0.7726743956611771,0.6774275893689239,0.7387486006394839,0.7366475800689848
CZE,0.7570530825176333,0.6659721748598255,0.5465062743373925,0.47837883402484643,0.353627672345017,0.42533540177766543,0.6590206114912016,0.45598256001609505,0.5514536634122545,0.5018950951185368,0.9199887483056713,0.5158407483004676,0.5121312194472801,0.5772696904559428,0.5600098709802058,0.6682603923784471,0.6911912379125502,0.7675534465267004,0.5832240841724688,0.546840481424736,0.6305720679702808,0.0,0.4008395382330373,0.5462562443669878,0.6850385359997984,0.3703999538323547,0.47224433293026535,0.48127231092075423,0.4013233999609654,0.4397980659631205,0.5918150025482478,0.6784412918098334,0.4892253399633788,0.3989727713430072,0.6077373869414121,0.6074223655184241,0.6337260278252522,0.6626037322558594,0.5447935244169455,0.38938684776507987,0.6376645691096875,0.496835284598822,0.6930802409016187,0.8437177905535302,0.5398019343332692,0.7789772497745733,0.5169347910046681,0.6992421763736043,0.48038643222461874,0.6298118389748212,0.5468857601161501,0.6183156382939362,0.7509928798426156,0.5860528494217392,0.7449644005089244,0.43985856672972584,0.5529856134756242,0.49047595985144027,0.5997236191208163,0.6037675521654776,0.6519009126869547,0.35758792610673623,0.3943241611749618,0.49142746903459533,0.5166030663189456,0.6723436022386522,0.6037346394502402,0.6452917333361853,0.8049591100970024,0.36512879950252813,0.3700154012829683,0.4037143591463132,0.5990631479398972,0.619969039085761,0.48269433424820873,0.602395291545674,0.6481444779358835,0.5017245211046508,0.6607319214860002,0.5543167804291209
DEU,0.77716351106111,0.6714307570856595,0.5480376448816244,0.5233994589917327,0.37607846030354697,0.3874659551978373,0.6815660244372673,0.50980660690297,0.5641942591065371,0.48657053347504947,0.9147445165447822,0.48387044246798,0.4981123693238058,0.5636205885370492,0.5677847546261742,0.6606089421563452,0.7093376895551665,0.7840373662664981,0.5826458673696006,0.561479477769348,0.632433887311772,0.4008395382330373,0.0,0.5108371101954737,0.6898704115299077,0.381388622094106,0.5166845816518338,0.45716299425341045,0.37923887503644976,0.4300565742745837,0.5621879863449348,0.6921988736322271,0.5266860141540313,0.3910847125525517,0.6335193625072442,0.6262371066676877,0.6341377222994511,0.6352055517420022,0.48810122211414825,0.37529053838229226,0.637313936972207,0.4431572734365245,0.7202091612108672,0.8650837519714759,0.4857566537133324,0.825318312303067,0.5711178938356488,0.689839363318274,0.5660317157098481,0.6408790366904089,0.5347345067442301,0.6227614413494527,0.7685866180193569,0.616648872147461,0.7742336872725877,0.41857079513443,0.5494410951576424,0.5265372883662497,0.6135680221749701,0.5910751715506075,0.6872169684051503,0.44969889271433267,0.4326865052540919,0.545364604333595,0.5314782462734834,0.6735465772341112,0.629774627821445,0.6203623378370045,0.8109153981123427,0.4564352905511072,0.4251013612373774,0.40597456616957905,0.60624961959444,0.63361398324906,0.5197605788330473,0.5627052376768508,0.6794878057474523,0.43259469784812654,0.692459278163643,0.5593764847079147
DNK,0.7511767051953282,0.6803443243276647,0.5823747867556798,0.5274260791102878,0.5036357371394871,0.4939225428347034,0.6432864709858261,0.5635481061961461,0.5840532016939729,0.5543943826110185,0.9028223084400949,0.5311904141987934,0.5127778478089906,0.592881853523085,0.6657408799164138,0.6815525810649481,0.6714790862677706,0.7579749736887685,0.5870206183837465,0.5092958849940915,0.5718852969507473,0.5462562443669878,0.5108371101954737,0.0,0.6673746322007276,0.5194259924427921,0.532168285041946,0.5268023901573349,0.48666395961745096,0.4734808305051569,0.47085874899596225,0.631264546597366,0.5428726058678426,0.5178498992843182,0.6450338692677334,0.6768371468305107,0.6051790933934692,0.6129687218385024,0.5311938629965851,0.48247030260772916,0.640824395977601,0.5608928917595954,0.6954073407156729,0.857088653779715,0.6266912149655336,0.7818338210259204,0.5772857335368329,0.7080045555132422,0.5954602452838178,0.6795689128170546,0.6052057589346466,0.6419202950669637,0.748650446794294,0.625258486882183,0.7271843766778644,0.441980377974798,0.47133250522979797,0.5147557650021806,0.619250580515547,0.6083762729933504,0.6648583336517369,0.5511182645764255,0.512408946362111,0.5953426413859222,0.5976866936723015,0.669028008208286,0.6335230894461792,0.5788190189408631,0.8045408495141286,0.6160132822085322,0.5252798540660714,0.527416122674945,0.6462659247032316,0.6409379374557157,0.5820139296257776,0.6700760433671377,0.684153574041376,0.5024952276112536,0.686497824465963,0.617214231438532
EGY,0.7179443473878903,0.7247743991034569,0.5648585704946263,0.6685821857249744,0.6682479265476343,0.6543410618047374,0.680289008553778,0.6368755797298141,0.6090050225009684,0.5809953863938545,0.8446059494239189,0.6475933133639771,0.7170778354109791,0.7075398755372642,0.6171483735128104,0.7016114762271938,0.6984752281262105,0.7303961124142252,0.5830629722238709,0.6546110255436371,0.710740767562922,0.6850385359997984,0.6898704115299077,0.6673746322007276,0.0,0.630573646183226,0.670110762933167,0.6796935660193725,0.6666188985549754,0.6809091912254025,0.6271237374598311,0.835045868485652,0.6205229628628942,0.6503218326554399,0.6064106546114777,0.5968782277272887,0.7665753813044553,0.738729737756596,0.725844724314602,0.6364805082219841,0.6157740946753627,0.6813079385982311,0.6926864292281999,0.8005043695201615,0.7002649453892281,0.7275848287727833,0.6349066967754019,0.8467349391223875,0.7021860291412545,0.6283386566194304,0.5977876645296978,0.7758114576611291,0.7100578990850659,0.6029471131966959,0.784041819504358,0.6625028387610528,0.6785217333521154,0.6345554691931629,0.5624739507423725,0.5900851693618863,0.6777339920125302,0.6405793823833622,0.6245713765826,0.6224615908582721,0.5719042883025369,0.6631415102685345,0.6318160858962654,0.7455586076220857,0.8551175223361737,0.6889560131006748,0.7001257792013706,0.7099720216051504,0.6267628483655187,0.6815043845687788,0.5852182770346859,0.7077144176077602,0.659519299478814,0.6574729718505419,0.6306545156368705,0.6607668505663318
ESP,0.7359310132611322,0.6424981765982385,0.47951486990491593,0.44903079856701167,0.3464454028731865,0.3469078978471619,0.6140446823314573,0.42515581813355835,0.48872244924655894,0.42915787968269076,0.9141855124143752,0.4734273028427463,0.5000874650621984,0.5358639705225106,0.5578038677822572,0.6222813015318612,0.6423339890503998,0.7151966357715421,0.5015421405628919,0.4728585843500344,0.5836828446545299,0.3703999538323547,0.381388622094106,0.5194259924427921,0.630573646183226,0.0,0.47329934859734185,0.4569420402753573,0.33994714683366184,0.40340369415455746,0.5083995485824608,0.6772664020858675,0.4240461417714384,0.3824674471880126,0.5667178867840039,0.577794112901658,0.5876950446243508,0.5978066369042664,0.49915759160202133,0.3240237747455197,0.5649809820577585,0.4745045881788518,0.6829726532691488,0.8306997637165177,0.5281110646148128,0.7695495557541262,0.49230042135122815,0.6925305030719593,0.4860452338081093,0.5663015026897351,0.5100435743843726,0.5882344816770265,0.7328386083774998,0.5705087395636831,0.7184660016477726,0.4016704401424874,0.5356200814210494,0.4675546154289353,0.5556267113782025,0.517880585520358,0.6018404038952745,0.3764201259484632,0.3188801033624055,0.482062385122732,0.48315532136229156,0.6042922454982731,0.5115891730614989,0.6384936651578081,0.7750281340990747,0.43084546964321274,0.3704575935692414,0.4363236041469409,0.5552006366348168,0.5840324214363949,0.4299165852403326,0.5755260066184001,0.6319294182495917,0.46058768157960767,0.6322674257097026,0.5274972490842615
EST,0.7607053759328243,0.6956203662547966,0.5898874686155735,0.545262293757887,0.4581431824433804,0.5182298215584479,0.6332374591544957,0.5218365425796088,0.57055650474681,0.5753432493100001,0.9208909143957945,0.5460772146575523,0.5345746446997763,0.5580705700961576,0.6383137644351166,0.6216501952935259,0.6425114473737502,0.7495647139349565,0.603663591825434,0.54654189720844,0.5682462191029716,0.47224433293026535,0.5166845816518338,0.532168285041946,0.670110762933167,0.47329934859734185,0.0,0.46847606627778665,0.4937321960915244,0.5180676634640816,0.5812130211843246,0.6954941404233161,0.5113479873897901,0.48147497963534924,0.6140669791908822,0.6767025148040894,0.6391728033098748,0.6591559042552,0.5780107621010153,0.4902335720503232,0.6297932376999771,0.5877536193101826,0.6990398306942255,0.8470477610295575,0.6243555418691598,0.7443590777113253,0.5005113986050862,0.7536356673243302,0.3969167957669427,0.6561976253304403,0.5989062949901435,0.5803545861159249,0.7389624414884313,0.6040602207184519,0.7445691244134817,0.49886679138424656,0.5419073359227317,0.5209197427578928,0.6037410274790709,0.5932856945521388,0.6313673891862296,0.4867665324983831,0.4691793758656512,0.5357204689827932,0.5599994453717749,0.6706876202626901,0.5864754841089993,0.6513545434698566,0.7886302985175306,0.515624231171962,0.4755860815045162,0.4721441852402872,0.6034227978248626,0.588266013286038,0.5478655365064397,0.6469317430452988,0.688613210710432,0.5725551635738798,0.6393869650515865,0.6301383287202785
FIN,0.7748529155070631,0.6401462906357693,0.5813258721261075,0.5339033952503068,0.4354158104093928,0.45942978029654624,0.6781827538428706,0.5248779159026958,0.5700581275668671,0.5235356816347471,0.8934363563864752,0.49573785448533186,0.5260060107901082,0.5533027155009649,0.583979470067222,0.6292365307520302,0.6840362868570613,0.7805558790752192,0.5886391340195513,0.5461797366071052,0.643790183199737,0.48127231092075423,0.45716299425341045,0.5268023901573349,0.6796935660193725,0.4569420402753573,0.46847606627778665,0.0,0.4812448298504714,0.5058770341004158,0.5665113169269054,0.6993674003712115,0.5203613964597611,0.45822266271650597,0.6223958011109596,0.6331273760448554,0.6418340780369519,0.6450603421362849,0.5008577139417438,0.4429029700702017,0.6274501474401643,0.505257069641298,0.7142303089520741,0.8457502343917498,0.5423622984822704,0.7968294378872325,0.5610865257984123,0.7283148011973397,0.543739666991994,0.6637835943338009,0.5560957700023319,0.6194573221221984,0.7572464589741723,0.6031466237465758,0.7752430558966309,0.4464806241095879,0.5384192719769834,0.5268699954654801,0.6321189410320949,0.5843643463709474,0.6699151472396558,0.4509183776596366,0.4664595272351237,0.5769492780965876,0.5547061935621154,0.667650410107651,0.6160759997067411,0.6115611154089556,0.8248205058789846,0.5275003230707233,0.47329854245873143,0.41820422245984873,0.6212668436452976,0.6359782265490638,0.5337269466696342,0.5454352916582522,0.673279756767982,0.4984974729423517,0.6659743056312463,0.5747961036466235
FRA,0.7334809638101198,0.6407961098850017,0.5488318345449783,0.4218493088114241,0.34171126860150286,0.3568773514046516,0.6370351114946342,0.47573095039343993,0.5607558783263727,0.46466905635880007,0.9087210934136613,0.4558689691527436,0.4733255359784705,0.5058568778178931,0.6280988546034274,0.6424765693438574,0.6656387451655174,0.7477380855086001,0.5348230884004406,0.46999106068092744,0.5900065029298805,0.4013233999609654,0.37923887503644976,0.48666395961745096,0.6666188985549754,0.33994714683366184,0.4937321960915244,0.4812448298504714,0.0,0.3301460141544891,0.5230244655129827,0.6392950134438753,0.4691520799900595,0.4225193385358402,0.6213573622247486,0.6332868641817425,0.5741831522739681,0.6158320790734014,0.45855697742328183,0.35088281530694526,0.6372001351983035,0.5005672202737413,0.6795390770176731,0.8495681635830475,0.5715399186387821,0.7815689416219777,0.5053597105639998,0.6613662058715725,0.5013299221981175,0.6194701327474169,0.5517775002907495,0.5811518218793358,0.7495147495288357,0.6048502831484704,0.728586894801859,0.35040559310092756,0.5058109300250364,0.4342765429586463,0.5927395970325527,0.5485900919249505,0.6372891040391515,0.4331867204051986,0.3404909334508615,0.5191390417143534,0.5167038533280217,0.6366158543172931,0.5588674131252261,0.6058118055380545,0.7731694435713643,0.4524545755232667,0.41122107476064307,0.43927452664378963,0.6011953926490565,0.6117236110247487,0.47895206498813236,0.6148979945107076,0.6607838736318721,0.4238838507283543,0.673872263268526,0.5495672235486899
GBR,0.7291429554225078,0.6311095015379792,0.5544941272616939,0.40256761848286116,0.36843199405334337,0.39655186174022744,0.655251721379516,0.5083128821020224,0.6054272697467099,0.4897644534850774,0.9011649580150274,0.45090320035471987,0.4812740961061381,0.5312317994175376,0.651872874492522,0.6854408464335249,0.6707349026740363,0.7772076638289281,0.5381418970098671,0.5115037673360371,0.5864245636539378,0.4397980659631205,0.4300565742745837,0.4734808305051569,0.6809091912254025,0.40340369415455746,0.5180676634640816,0.5058770341004158,0.3301460141544891,0.0,0.5512301312173733,0.6264645286702937,0.48143480451293397,0.4697460909916028,0.6372962670496725,0.657902640165996,0.5600624110607129,0.60011124048854,0.47382921968400304,0.3917258715410457,0.6462228360440345,0.5331582492846876,0.6609854434464008,0.8749731678969418,0.6027562137538236,0.8009356256917483,0.5371238111779172,0.6586938836754809,0.5264190028397391,0.6711743567486862,0.5741513029417111,0.572965691800721,0.7729454017342676,0.6039608262872075,0.7453243273447576,0.3536231363962609,0.48633674225872636,0.4426563395889531,0.6020055449689193,0.5667320871247352,0.6674190016228908,0.48041102625592075,0.38164247941144336,0.5364756621355504,0.5364655184145256,0.6474772333517685,0.6080655999684894,0.6121771314188519,0.7550942959211687,0.47974401884813933,0.4387930589697698,0.48347605754711714,0.6176971227790369,0.632643686360583,0.5289956306538339,0.6495748507209039,0.6961844171922917,0.4181014137876144,0.686040640995312,0.5685511157091194
GRC,0.7376073176103456,0.6706663450329071,0.6089000533208105,0.5705508980127024,0.5576505092479105,0.5223691933815631,0.6388230902262689,0.5440388247929607,0.5824705940356305,0.5687291853593793,0.8819440342508349,0.5639777273924795,0.5792194250582892,0.589758720375705,0.6669506806502032,0.6643045333416541,0.6439800240824987,0.7532830395461283,0.5745774546497545,0.49513426660892873,0.569678383246908,0.5918150025482478,0.5621879863449348,0.47085874899596225,0.6271237374598311,0.5083995485824608,0.5812130211843246,0.5665113169269054,0.5230244655129827,0.5512301312173733,0.0,0.6562036010656151,0.5293292205897837,0.5489191828174951,0.6329047320546458,0.6546242457365502,0.6637249012472474,0.629168670098924,0.560044851807678,0.5337965847101047,0.6293612474508706,0.5870094683911338,0.6962847043920397,0.8184897836791903,0.6314345497846443,0.744559029311522,0.5634885683189389,0.7348241464832531,0.6197638753784337,0.6451181354057287,0.6114776830512624,0.6744800722416963,0.7427942886548111,0.6489613897886954,0.7334207153631482,0.5327963206371679,0.5789897869940119,0.5619571477419314,0.6006995286909482,0.6008368235164904,0.6592119261939886,0.5680797620851789,0.5316494584384053,0.5982812322207979,0.5846239155274885,0.6552721919528195,0.5875752054851854,0.606702751359531,0.802151367162828,0.6386318496431733,0.5835973494094021,0.5689843179918855,0.6382896012552801,0.6584285084741993,0.557289918516623,0.6599276141274957,0.6891533559372249,0.5635042847031875,0.6695869572201086,0.6055587394931345
HKG,0.8245825628331492,0.7392978462721767,0.76476974996835,0.6732884058785773,0.6671942090264835,0.6687006294347357,0.7449243343422208,0.7147799123990359,0.759655909830914,0.718061276108424,0.9514694199679797,0.6924340106675193,0.6400338413118704,0.7262901323539276,0.8355461611255326,0.8207556001006898,0.7910402470917763,0.8701555349361185,0.7500950121676216,0.6216905301781298,0.6865343555113489,0.6784412918098334,0.6921988736322271,0.631264546597366,0.835045868485652,0.6772664020858675,0.6954941404233161,0.6993674003712115,0.6392950134438753,0.6264645286702937,0.6562036010656151,0.0,0.7123015244824086,0.6795296810406718,0.777284735187279,0.819974345439313,0.7023421288615173,0.7052842703048886,0.6375312660865087,0.6775988159706111,0.7789899069401716,0.7064115924144011,0.7601602987853084,0.916600560821348,0.7476172647347856,0.8595707912788868,0.743396444988533,0.65906930418947,0.7043721674567957,0.8277474364344601,0.7445807822791489,0.7137000950967584,0.8655336049107707,0.7129794053932811,0.801986782330237,0.6381643929258027,0.684463577885285,0.7049243532027837,0.775696276983956,0.7794401491795496,0.7423400175388143,0.7122915268315835,0.6526525099414573,0.748600794911428,0.7450196121044257,0.7193717223121476,0.7740151093728592,0.6381264402914643,0.7529443831052377,0.6935068071194969,0.674279221749165,0.6990888509240202,0.7596307008380643,0.7993897406672651,0.7503450138998371,0.756187004539674,0.7933941093308975,0.6724776137117541,0.8212264249540898,0.7612393841247642
HRV,0.7076084853655283,0.6465522682463709,0.5223355187477103,0.5033044133686274,0.4531017660771521,0.4711143048328453,0.6134378908359303,0.46681971676893586,0.522461790645085,0.49221223940046244,0.8841328382869846,0.5354128038119518,0.5428102895340398,0.5493473542363706,0.6093645723738031,0.6370202815984632,0.6384738612183808,0.7339664363982428,0.5377715248369469,0.4950724199855782,0.6023271627809204,0.4892253399633788,0.5266860141540313,0.5428726058678426,0.6205229628628942,0.4240461417714384,0.5113479873897901,0.5203613964597611,0.4691520799900595,0.48143480451293397,0.5293292205897837,0.7123015244824086,0.0,0.46867099283098546,0.5733538685600232,0.6024710719358857,0.6123771956122621,0.6292977400402181,0.5617390920775496,0.46057046434105603,0.5589876618410438,0.5604630787933946,0.6780507945923924,0.822045067491302,0.6090793244026345,0.7279192831591351,0.5050783876265414,0.7470553904664655,0.5391848638838225,0.5867061734048882,0.5827791610949902,0.6416402974337787,0.7088861511728198,0.6040086599620661,0.7092346121049014,0.47244261330212006,0.5521320223172409,0.4842521156914149,0.5563265061969231,0.5489893434336497,0.5790488864258962,0.4421340973692258,0.4278247803794997,0.5033575589926933,0.5167497449641822,0.6037846388462177,0.5325890725028,0.6659179673159187,0.7655084241822199,0.5303593929224336,0.44752028086061874,0.5354792818980746,0.5834252678443612,0.5907722339472417,0.5032539896046502,0.6298817478575098,0.6599561343400363,0.5359535897445116,0.6196540424167654,0.5751039994378753
HUN,0.7269077117934887,0.6492649042315146,0.4656716545418293,0.5281003860579669,0.428152625805131,0.4276975090980996,0.6292729937673759,0.4654459236500863,0.46202842285581375,0.4417373186741737,0.902782259556382,0.4809805584866531,0.5096309295263955,0.5560013275031673,0.5352975050903468,0.6180266273897657,0.6539151228566261,0.71317852144984,0.52995694314927,0.5053143330757419,0.6619553239647891,0.3989727713430072,0.3910847125525517,0.5178498992843182,0.6503218326554399,0.3824674471880126,0.48147497963534924,0.45822266271650597,0.4225193385358402,0.4697460909916028,0.5489191828174951,0.6795296810406718,0.46867099283098546,0.0,0.5786064930198795,0.5680326180182999,0.5736903335844254,0.6425678251791785,0.490479548946752,0.4116385916967107,0.5825903227858734,0.463259139766257,0.6914978407907537,0.8090539639218541,0.47826012815225016,0.738810451433788,0.5049925735579717,0.7091893269927575,0.5680353161390467,0.5605408839739022,0.4638271412242656,0.612381630466066,0.6922978290339099,0.5501544290569168,0.7075040997763423,0.4271505939078417,0.5772461094997599,0.48843574180807986,0.5369075388543625,0.5551896971093825,0.5570397921543587,0.39105985790059256,0.4185558745471066,0.4959840081279707,0.491206724647432,0.6345175784273006,0.573548069917355,0.6246625892925133,0.7811781987403255,0.4516167162984498,0.4506962227412473,0.44406010439462473,0.5124235050681659,0.5768975719578345,0.4885450030664494,0.5305043259012949,0.618164482454728,0.4553994422548838,0.6009485755224554,0.5218746768493806
IDN,0.6922481572526752,0.6748816429081721,0.5242654008073525,0.6086081171382082,0.6087256257842885,0.6340072731198367,0.6389750268980654,0.5915468550686062,0.5011989889677758,0.506409792016572,0.8542596665128103,0.5954284110353706,0.6424416283752397,0.635573571010697,0.5276251347066154,0.6198433833121432,0.596495218912236,0.6954821936700956,0.5273066762228222,0.578992008960781,0.7091977322654289,0.6077373869414121,0.6335193625072442,0.6450338692677334,0.6064106546114777,0.5667178867840039,0.6140669791908822,0.6223958011109596,0.6213573622247486,0.6372962670496725,0.6329047320546458,0.777284735187279,0.5733538685600232,0.5786064930198795,0.0,0.539329716391097,0.7033791473615308,0.6930915918575777,0.6596233528056421,0.5912198538974394,0.5918454362914898,0.6148560111314937,0.7116784849920507,0.8283603553631426,0.6169072064294713,0.6818187979681434,0.6091233037359397,0.8011073177008821,0.6818584337711872,0.5341449588026176,0.5471488848394842,0.7481657769990407,0.6696554102372467,0.5109140331171971,0.7246048082042165,0.6239936839574632,0.661888167856888,0.5943380851435046,0.5601526469159213,0.5265034051529218,0.5647376512317136,0.5303658145027595,0.544250824408219,0.5628580934150222,0.5665698745463119,0.6077072899417746,0.5942813673322732,0.7269998077684495,0.8380951872725595,0.6308551905237835,0.6353796834822916,0.6521640975604949,0.49096858384854947,0.6006984421622295,0.5075065725819696,0.6390003290093133,0.6554386094973355,0.6357478211809483,0.5408131952930889,0.6087078843727357
IND,0.7212605976802409,0.7043848841265961,0.5057425746885393,0.6231395409077237,0.6220706674607882,0.6101215799472511,0.6243209590878821,0.5448202998891286,0.5320905551830882,0.5178332098693261,0.8519399518431181,0.6050795707932277,0.693821958791595,0.6909924361401286,0.5010291822274038,0.674870637188127,0.6687846689390508,0.712920408637042,0.5623350107823316,0.6453264022049218,0.7476223735078811,0.6074223655184241,0.6262371066676877,0.6768371468305107,0.5968782277272887,0.577794112901658,0.6767025148040894,0.6331273760448554,0.6332868641817425,0.657902640165996,0.6546242457365502,0.819974345439313,0.6024710719358857,0.5680326180182999,0.539329716391097,0.0,0.7173365861193736,0.7250287810320991,0.6534520919916471,0.579185835795951,0.6111627371549956,0.6108454984556925,0.7105932989681182,0.7605645669786527,0.6190923623632275,0.7262244681781087,0.6166749928116517,0.7993754559858179,0.7063311559832847,0.5397897172070552,0.5387914616920453,0.7821806498071244,0.6518364085828235,0.5810368948152251,0.7784697411070832,0.6241994220762344,0.69288488846502,0.6329013513220376,0.5475545148183709,0.5776247526740383,0.6313046258690371,0.5454924737161935,0.5934960644340352,0.5620315637565807,0.5615630584105761,0.6477057816210301,0.6087611053632349,0.738963518646008,0.8259619123327312,0.6480875319224144,0.6393712880104906,0.6443201746169098,0.5659268615911176,0.6110539244256283,0.5107635538895743,0.6283168734524377,0.6235052687495188,0.6249230524440739,0.5804802839342458,0.5915822371918188
IRL,0.7780228212116197,0.7451158238920911,0.6039271280313586,0.6070622714976966,0.6085899847587815,0.5987867174894342,0.6982737208873958,0.6395210715442824,0.6284672293716926,0.6162178729103388,0.9479733260353022,0.6280143140853821,0.5645281568135185,0.6285457281667794,0.7181539353522854,0.7201463547204648,0.7138542648090941,0.737653089495593,0.6424556232278479,0.5882561084625589,0.7124438778492547,0.6337260278252522,0.6341377222994511,0.6051790933934692,0.7665753813044553,0.5876950446243508,0.6391728033098748,0.6418340780369519,0.5741831522739681,0.5600624110607129,0.6637249012472474,0.7023421288615173,0.6123771956122621,0.5736903335844254,0.7033791473615308,0.7173365861193736,0.0,0.6333235711545171,0.5863819141767393,0.6136166089948579,0.7095523139295526,0.6473219423677659,0.7408422542221498,0.8577420325996203,0.7066164231222181,0.7873923505464056,0.6531064033900886,0.6965985237437069,0.6652485126892221,0.6708946082797987,0.6564504319663278,0.6550597804270897,0.7748754224433148,0.6801441434080909,0.7190213054117363,0.5710871333544596,0.6650499203123604,0.6010925148418526,0.681134442739683,0.6504336324474747,0.625230097131517,0.6239222870386407,0.5962334304487936,0.6655691503228182,0.6903597419273418,0.7346741005289731,0.6567622099031541,0.6986403930877493,0.7755050124606532,0.6654089660506958,0.6086037203434815,0.6495467357019096,0.6695629977202356,0.6800042901638653,0.6594778398816117,0.7084721613211786,0.7049894167016153,0.5994312629012589,0.7034214582960531,0.6766379885795436
ISL,0.7958653142429347,0.7379231214337065,0.6686208463145891,0.6259130364772636,0.6235961760206843,0.6107997727990688,0.6494783845123185,0.6405733388478788,0.6294882593176678,0.6519505340406562,0.9453046919800054,0.631273571912797,0.6464160951086336,0.6319962309796118,0.7217388814658748,0.7389264788006105,0.7070472485555592,0.7446676028132891,0.6545223947744965,0.6156058623654942,0.6717264448895791,0.6626037322558594,0.6352055517420022,0.6129687218385024,0.738729737756596,0.5978066369042664,0.6591559042552,0.6450603421362849,0.6158320790734014,0.60011124048854,0.629168670098924,0.7052842703048886,0.6292977400402181,0.6425678251791785,0.6930915918575777,0.7250287810320991,0.6333235711545171,0.0,0.6291818228480763,0.6392290560240322,0.6641376526543313,0.6648878098372483,0.7546250046003591,0.8533555005870114,0.7142918129909059,0.8062690884232653,0.6902703548642847,0.7399705830162795,0.6608551589049503,0.680099740389193,0.7096868140213235,0.6727830172757552,0.7658845817623079,0.6990875422559284,0.7649505273427163,0.6183486444622895,0.6252033087047871,0.611631755470351,0.6880572199201419,0.6289313599840443,0.680604923567806,0.6540159840314543,0.6052762516432842,0.6811423086485429,0.6731026427514952,0.7244517349902344,0.6498698583750162,0.7251168587842028,0.765214225062972,0.6907434421143931,0.641917954826007,0.6681888737970303,0.6754946954601145,0.6842787468164131,0.6564698033118219,0.7364986393735159,0.7443456373861711,0.6423874107033984,0.7054556005239557,0.6908192687101723
ISR,0.7826218201777696,0.6607841199031427,0.5601968799553886,0.5510197254945814,0.500182702033356,0.4606940254604467,0.6727794567742168,0.5666582885714988,0.6276166365059227,0.5406264040925363,0.8973971150769945,0.5014155946772556,0.5061339868780304,0.5380294250180174,0.6333527839701201,0.6848123488248216,0.7022755026346907,0.7808316315722441,0.5567210686093511,0.5415150296394154,0.6612259771173108,0.5447935244169455,0.48810122211414825,0.5311938629965851,0.725844724314602,0.49915759160202133,0.5780107621010153,0.5008577139417438,0.45855697742328183,0.47382921968400304,0.560044851807678,0.6375312660865087,0.5617390920775496,0.490479548946752,0.6596233528056421,0.6534520919916471,0.5863819141767393,0.6291818228480763,0.0,0.4927805786595505,0.639168160141632,0.5316405716224955,0.7264401307245091,0.8655325056013219,0.5532898973550934,0.8152376935122619,0.5981989297920168,0.7007333930451913,0.6404677441187486,0.6681535639486701,0.5626099245734375,0.6121170726093219,0.7710177310890953,0.62126396929074,0.7341196338086424,0.4194180739238136,0.5760431419771156,0.5347915077182192,0.6622211307806852,0.5940340370626842,0.6445329742259521,0.5584541923547331,0.5008463794529906,0.6385577691814589,0.5999312422238152,0.6532409644280461,0.6222535078573115,0.5931099669381065,0.8004101345412737,0.6209480030564751,0.5407846592627947,0.5283885146965426,0.6197794550343043,0.6567868494794844,0.5911152102437087,0.5638337541915327,0.7009816385010426,0.4453964145905002,0.6892160614426052,0.5755629935544259
ITA,0.756944233485521,0.6429539732057974,0.5003992008481735,0.46695156993338416,0.3382031538704438,0.3654876927219114,0.6184084691436541,0.43890472734259484,0.5339228593847555,0.44109889725133755,0.9083040837484875,0.49357045238769626,0.4951056194603087,0.5541342074524593,0.5453411171850145,0.6235477421669159,0.6703674608667642,0.7549240786723276,0.5284891831582762,0.5048750905400677,0.6256440458675516,0.38938684776507987,0.37529053838229226,0.48247030260772916,0.6364805082219841,0.3240237747455197,0.4902335720503232,0.4429029700702017,0.35088281530694526,0.3917258715410457,0.5337965847101047,0.6775988159706111,0.46057046434105603,0.4116385916967107,0.5912198538974394,0.579185835795951,0.6136166089948579,0.6392290560240322,0.4927805786595505,0.0,0.6084335334203224,0.4584023158477168,0.6836451340864825,0.8344012301758733,0.5085640910775434,0.8040975890183125,0.5044278950860716,0.6813745053716072,0.5161230637643747,0.6312260027782843,0.5135012911851183,0.6087893153262021,0.7443371058964122,0.5902493309143402,0.7464711600453776,0.37842262773987007,0.5250826551620363,0.4777347853989357,0.5795824151882133,0.5352095003258098,0.645000294639674,0.4034454359934247,0.3416079259773727,0.49541830183618035,0.5081433511219727,0.6263611510388595,0.5733586598475606,0.6171126532950174,0.795387919163455,0.4434691686663915,0.36955972298694023,0.4356549210575497,0.5800930705794233,0.5997359937090007,0.43615021754095706,0.5625163985115255,0.6444079842224691,0.45154798830684123,0.6394411203408497,0.5421029709622456
JOR,0.7550869967480551,0.7024239437311586,0.5812734979745184,0.6323525357455954,0.6310371845869773,0.6207247512096341,0.6785543005470864,0.5544942592801416,0.5486080812987468,0.5793795622708598,0.8806024639857245,0.6006474152698226,0.6628702069104242,0.6465118179761958,0.6191768461656725,0.6307479225585355,0.6445260479243415,0.7354203703253644,0.5682945905169599,0.6146700476726604,0.6904950827557947,0.6376645691096875,0.637313936972207,0.640824395977601,0.6157740946753627,0.5649809820577585,0.6297932376999771,0.6274501474401643,0.6372001351983035,0.6462228360440345,0.6293612474508706,0.7789899069401716,0.5589876618410438,0.5825903227858734,0.5918454362914898,0.6111627371549956,0.7095523139295526,0.6641376526543313,0.639168160141632,0.6084335334203224,0.0,0.6398596338520512,0.7290026146516112,0.8605924332444996,0.6721059863628505,0.7518236433890008,0.6133903183467823,0.8095894555180251,0.6755746608310401,0.585947447129663,0.6039147450819805,0.7384411325216039,0.7713094770178633,0.6042050762724489,0.7547004441263593,0.6238414335045399,0.6535018885964438,0.6244774019312503,0.6409436511990072,0.5763096282938738,0.6377783229211453,0.5753364609211997,0.5751800221661338,0.6121949418507399,0.581915327326153,0.6442739861044005,0.5478936925705001,0.7403957714784898,0.8043078910835635,0.675955733079633,0.6392810956205308,0.6579986516008702,0.5978055613468326,0.6349836202301429,0.5955014164647975,0.6927308830031507,0.6739949176324828,0.6202543626654968,0.6515450102214868,0.6141622785359533
JPN,0.7933046828083197,0.699261360812233,0.5324243542596198,0.5788648650712943,0.48719327054454686,0.49542238974533626,0.6863859902164335,0.5508197425644908,0.5649479788199264,0.4801816621552107,0.9194359905084942,0.5321114059863864,0.5369288256908265,0.6067604576807621,0.5258223760912547,0.682572405665021,0.7080890399118055,0.7759960536431515,0.5939924595181371,0.5657806532403292,0.6946758084798191,0.496835284598822,0.4431572734365245,0.5608928917595954,0.6813079385982311,0.4745045881788518,0.5877536193101826,0.505257069641298,0.5005672202737413,0.5331582492846876,0.5870094683911338,0.7064115924144011,0.5604630787933946,0.463259139766257,0.6148560111314937,0.6108454984556925,0.6473219423677659,0.6648878098372483,0.5316405716224955,0.4584023158477168,0.6398596338520512,0.0,0.7215256389533965,0.8048593274467168,0.432938215106028,0.8164371974886235,0.6069989460820514,0.7375846362783014,0.6408367541948258,0.636118984659934,0.5142324722652785,0.6733784675141711,0.7591531280159537,0.6069428057633218,0.7738245427499291,0.5070354515794738,0.611000974065467,0.5996171536597138,0.6163843741848237,0.5916742699889518,0.672800607346896,0.5136631292730527,0.5092007905954333,0.5622584883056548,0.5483710433801482,0.650123955217524,0.6312111879955422,0.639736023475884,0.8306892277000401,0.5207425859244356,0.5287113601747935,0.4883793036680075,0.5499130001902207,0.6619809864795837,0.5215333019803743,0.5026735270009216,0.6339957194968447,0.4983476915368302,0.6514666872125706,0.5845555665375958
KAZ,0.7023772418388267,0.7212659977238071,0.6542537853539655,0.5883062579257616,0.6793816346155309,0.6782931840971651,0.6949818968241112,0.6442604902614005,0.717827160523408,0.6321206995172922,0.8650554275524506,0.6216033631112867,0.7158405850295685,0.6867980161449367,0.7403174180897991,0.7651226666579666,0.7207716219002308,0.6880116685217618,0.6638074883045334,0.660962704218053,0.7407690029281451,0.6930802409016187,0.7202091612108672,0.6954073407156729,0.6926864292281999,0.6829726532691488,0.6990398306942255,0.7142303089520741,0.6795390770176731,0.6609854434464008,0.6962847043920397,0.7601602987853084,0.6780507945923924,0.6914978407907537,0.7116784849920507,0.7105932989681182,0.7408422542221498,0.7546250046003591,0.7264401307245091,0.6836451340864825,0.7290026146516112,0.7215256389533965,0.0,0.8349098392375092,0.7889752748963401,0.7744307116662186,0.683141107120001,0.793280035517264,0.6965670179474106,0.7413972022601549,0.6487663699610999,0.7884063186181246,0.7465170624844378,0.6754796875843829,0.7295431603192607,0.6632328240222096,0.670629565522623,0.6390239999667305,0.6753206563335388,0.6431243900905026,0.7197924379322148,0.6637801345550675,0.6809765000862198,0.6573701900124487,0.6078280847822901,0.6232747186185609,0.7008986299630561,0.7834871448570163,0.8348122377403402,0.7149221597081085,0.6881893393615873,0.7059768424125107,0.7539910301095145,0.7083072912947489,0.6761828486164525,0.7951777234603901,0.6844553082258614,0.6575424496718308,0.7048480354685822,0.6840419711131376
KHM,0.8046054101400288,0.9061893237262143,0.772639044071722,0.8347339323990997,0.8493606284611694,0.8455658746613247,0.6791681973830044,0.7653335129786968,0.747081729317117,0.8148428425721307,0.9653144672841226,0.8442969491315678,0.8805074896500652,0.8633611696220566,0.7942109405498323,0.8337271601618679,0.8133548312644041,0.7624332835758033,0.8297032140094632,0.8172794252611816,0.8743731300238442,0.8437177905535302,0.8650837519714759,0.857088653779715,0.8005043695201615,0.8306997637165177,0.8470477610295575,0.8457502343917498,0.8495681635830475,0.8749731678969418,0.8184897836791903,0.916600560821348,0.822045067491302,0.8090539639218541,0.8283603553631426,0.7605645669786527,0.8577420325996203,0.8533555005870114,0.8655325056013219,0.8344012301758733,0.8605924332444996,0.8048593274467168,0.8349098392375092,0.0,0.834416405020272,0.7185181382335196,0.8285147667389525,0.903619162340703,0.8294100469984407,0.7365720333920862,0.8309263474023871,0.9001069863208677,0.6348281526129321,0.837871658725838,0.8029657367630344,0.8556754653574303,0.8818574809556116,0.8103791307592735,0.6946187548733659,0.8162072040953021,0.768409666587427,0.8136924735877482,0.8358437619435374,0.7827648072115689,0.8090646750541952,0.8431520034321505,0.7883490483178965,0.9176621467897204,0.8876853993835216,0.8534969329039545,0.8484927828612572,0.8397365206154869,0.8193111892749723,0.7608430530869129,0.753763699112101,0.8047415220159815,0.6627775133836799,0.8560114652605858,0.7377147245761355,0.8407749205573641
KOR,0.8105997051408486,0.7248457700312639,0.5580165797570968,0.6511794197621134,0.5551452913846662,0.5629749373453521,0.6944221748386518,0.6196474726762347,0.5659925022120672,0.531453142761597,0.9306611329472477,0.5948665759501448,0.5971195956837884,0.6373024601295988,0.4454405493237348,0.713098947360399,0.7428623809819511,0.8067099495646398,0.6214563623445059,0.6482606670295983,0.7311796493633597,0.5398019343332692,0.4857566537133324,0.6266912149655336,0.7002649453892281,0.5281110646148128,0.6243555418691598,0.5423622984822704,0.5715399186387821,0.6027562137538236,0.6314345497846443,0.7476172647347856,0.6090793244026345,0.47826012815225016,0.6169072064294713,0.6190923623632275,0.7066164231222181,0.7142918129909059,0.5532898973550934,0.5085640910775434,0.6721059863628505,0.432938215106028,0.7889752748963401,0.834416405020272,0.0,0.841455646416092,0.6642042157015814,0.7693397119227531,0.7087044061522728,0.6492941976261883,0.5215051434044712,0.681493477979785,0.7620111857526998,0.5949784173585738,0.8174419597138048,0.5559556500470958,0.6444222299885556,0.6518379501726589,0.6324796491336435,0.6441908829294737,0.6762229818960425,0.568752381776187,0.5656224376621101,0.6034857056074774,0.6039166875656964,0.7035460239716963,0.6822805313969215,0.6439953937582278,0.862225747107505,0.5683619830199164,0.5885872877581804,0.5565565276944878,0.5125556242322425,0.6729090915763113,0.5527360921520187,0.4104134073403029,0.6888532027362835,0.5599344837707089,0.6349730268186656,0.6190263865520298
LAO,0.6856951210067769,0.814495769734146,0.7145881063235741,0.7613970266430687,0.7834176839774535,0.8126687605888159,0.6481851520782171,0.7287204319415349,0.656624563245777,0.7391092093591879,0.896332924770025,0.7672102183888665,0.8111938304620099,0.7531212075851167,0.7548317718877309,0.7361630906106791,0.7054019519863075,0.7115875405930425,0.7131288984989371,0.7256737310339031,0.8037994319661483,0.7789772497745733,0.825318312303067,0.7818338210259204,0.7275848287727833,0.7695495557541262,0.7443590777113253,0.7968294378872325,0.7815689416219777,0.8009356256917483,0.744559029311522,0.8595707912788868,0.7279192831591351,0.738810451433788,0.6818187979681434,0.7262244681781087,0.7873923505464056,0.8062690884232653,0.8152376935122619,0.8040975890183125,0.7518236433890008,0.8164371974886235,0.7744307116662186,0.7185181382335196,0.841455646416092,0.0,0.7298415972507653,0.8817201231000735,0.7607552435584563,0.6611798827872711,0.7697773477423786,0.8456463019583449,0.5963848248029989,0.7486873971867933,0.7469523075839481,0.7996058180013027,0.8065460347745035,0.7081991519121815,0.6117393705428401,0.7309955884369086,0.6643050338486883,0.7224608545835091,0.7508533704938789,0.7178913354842402,0.7345910430183297,0.7694395972996956,0.7189175798693538,0.8702754602496823,0.839559444410458,0.7985550352736211,0.8028644992018488,0.8003565221071398,0.7248537468055867,0.6869683856720689,0.7094027040828117,0.8373098230948774,0.7138580952108525,0.8007967741183876,0.6257050407926291,0.7637094763740341
LTU,0.7500211052170267,0.696752620478903,0.5583887817696825,0.5601595792814905,0.51906307329904,0.5110676067260279,0.6434764366465632,0.4978563051481786,0.5487540809032855,0.5270627400643776,0.8853134744082956,0.5629054565755083,0.5994539330722064,0.5759754453193426,0.6417772364586852,0.5902766719998527,0.5872246903314804,0.6989227289809903,0.5595164073656431,0.5058461818812733,0.6524956100367123,0.5169347910046681,0.5711178938356488,0.5772857335368329,0.6349066967754019,0.49230042135122815,0.5005113986050862,0.5610865257984123,0.5053597105639998,0.5371238111779172,0.5634885683189389,0.743396444988533,0.5050783876265414,0.5049925735579717,0.6091233037359397,0.6166749928116517,0.6531064033900886,0.6902703548642847,0.5981989297920168,0.5044278950860716,0.6133903183467823,0.6069989460820514,0.683141107120001,0.8285147667389525,0.6642042157015814,0.7298415972507653,0.0,0.7708792912785646,0.5307231545239312,0.6028976147517939,0.5753735303592277,0.6988001974070185,0.7226797596309869,0.6201920607910044,0.7318386091010679,0.5090633521295151,0.6031000984572525,0.5095092135524337,0.5814624099433408,0.5490680401563113,0.6010932269522643,0.4748455301855868,0.475064969841508,0.5590073216456558,0.5326608055808364,0.6522861098230941,0.528459811068307,0.6796405474594626,0.8009302875441474,0.5752359805588183,0.5426215482895826,0.5609221768762046,0.6211941481223587,0.6019617626218625,0.5071604490836136,0.6848530240211775,0.6390707418871228,0.5690018331897776,0.6365368262904875,0.5840230931174756
LUX,0.8497236916218439,0.7895098645598805,0.7694068178355061,0.7008375747831297,0.6660381558571972,0.6849522908155101,0.761952007296167,0.712824940460077,0.7679816421155653,0.7300598234070754,0.9569674350869655,0.6983982902254549,0.699647195250782,0.7477771810038969,0.8087119536626007,0.8102503695278969,0.8257688144842602,0.8754092166000635,0.7656001828014428,0.709252325695158,0.7407894363326712,0.6992421763736043,0.689839363318274,0.7080045555132422,0.8467349391223875,0.6925305030719593,0.7536356673243302,0.7283148011973397,0.6613662058715725,0.6586938836754809,0.7348241464832531,0.65906930418947,0.7470553904664655,0.7091893269927575,0.8011073177008821,0.7993754559858179,0.6965985237437069,0.7399705830162795,0.7007333930451913,0.6813745053716072,0.8095894555180251,0.7375846362783014,0.793280035517264,0.903619162340703,0.7693397119227531,0.8817201231000735,0.7708792912785646,0.0,0.7298761306377008,0.8149933329893161,0.7690127912382387,0.7561153186859548,0.8628642048565953,0.7542329206163725,0.819750232693541,0.6687043112696797,0.7357470809172415,0.7292371756518127,0.7903072850820525,0.7842395456287038,0.7936281008792073,0.7219219076900327,0.6819662662373103,0.7688371806790715,0.7460123257893546,0.792888894641662,0.7937446510728189,0.7641674556670874,0.7102439732731916,0.7124059696207073,0.6897099964218367,0.7103664327844394,0.8019052473039817,0.8142030818560635,0.7428679676431631,0.768879845426156,0.7942780240217743,0.6837546126036405,0.8302218696495529,0.7605178322091486
LVA,0.7611814623893826,0.7143300179158633,0.6386022312108983,0.5216585572476844,0.4489159115532538,0.5178699552543925,0.651849782125887,0.5269868700510919,0.6257133894933053,0.6197295201393684,0.9410294323157223,0.5913735120702104,0.5684859445324293,0.6013349730033336,0.7027332223810687,0.6569300115876271,0.6822833760305826,0.7640145133572498,0.6494132334104872,0.5824308129482675,0.5738789099714436,0.48038643222461874,0.5660317157098481,0.5954602452838178,0.7021860291412545,0.4860452338081093,0.3969167957669427,0.543739666991994,0.5013299221981175,0.5264190028397391,0.6197638753784337,0.7043721674567957,0.5391848638838225,0.5680353161390467,0.6818584337711872,0.7063311559832847,0.6652485126892221,0.6608551589049503,0.6404677441187486,0.5161230637643747,0.6755746608310401,0.6408367541948258,0.6965670179474106,0.8294100469984407,0.7087044061522728,0.7607552435584563,0.5307231545239312,0.7298761306377008,0.0,0.6823501497643005,0.6732932502507866,0.6268722538155741,0.7726427652750563,0.6744284701595571,0.741689888067391,0.5410089094557945,0.5912727454785228,0.5206781057410172,0.6393119664496943,0.6467196163247566,0.6884565200712717,0.5029748806273263,0.4664568469330521,0.5587049600567696,0.5755786686051512,0.7054778356601205,0.5954126139695732,0.6900394618575607,0.7824853955908334,0.49142208040081026,0.48436412785029725,0.5104316839166537,0.6975791470833648,0.6347521855854692,0.554467488730682,0.7267109630468711,0.6987211926365551,0.6190769596962985,0.7037246157753841,0.6695199650049424
MAR,0.713601465113711,0.7512942659948657,0.5228692900908782,0.6373426931605619,0.6427849653284505,0.6346232457365382,0.5820991303773192,0.5723305735476291,0.42967333346927544,0.5342750646164595,0.903215067179201,0.6183301509024516,0.6872495418566749,0.6425816877500301,0.5689755466609702,0.6401637456639572,0.6292763824959942,0.6206236637931213,0.5619376757848045,0.5830244926478374,0.7264635018781234,0.6298118389748212,0.6408790366904089,0.6795689128170546,0.6283386566194304,0.5663015026897351,0.6561976253304403,0.6637835943338009,0.6194701327474169,0.6711743567486862,0.6451181354057287,0.8277474364344601,0.5867061734048882,0.5605408839739022,0.5341449588026176,0.5397897172070552,0.6708946082797987,0.680099740389193,0.6681535639486701,0.6312260027782843,0.585947447129663,0.636118984659934,0.7413972022601549,0.7365720333920862,0.6492941976261883,0.6611798827872711,0.6028976147517939,0.8149933329893161,0.6823501497643005,0.0,0.5812853096752694,0.7670049723013717,0.6228309181814473,0.6146292749880982,0.7027050901496625,0.6375842784656692,0.7075916625183196,0.5987570905835106,0.5361032314111367,0.547559004428006,0.5295234556081886,0.5640379540457255,0.5716582449795196,0.583077796589439,0.6063163857755116,0.6670316551405875,0.5111768067445472,0.7774139160702616,0.8241375771136294,0.661847013473101,0.6572710452883005,0.6601010897715868,0.553131639003027,0.5456323683138472,0.5228308773942224,0.6818870241043882,0.6242401558083187,0.6439570111794398,0.5724796695458242,0.5984769900315905
MEX,0.7268399974016424,0.6504458902569263,0.4698517104848784,0.5741977906682036,0.5502359824640071,0.5289236468476786,0.6710721087254427,0.5618610619798283,0.5507785731121077,0.4178437738232148,0.8495404485598178,0.5095169861194612,0.5926666681134228,0.6020629590351416,0.49997927947490634,0.6537371781905401,0.6749249346302771,0.6927677990568073,0.5290809083956449,0.5702564392082743,0.720307753865509,0.5468857601161501,0.5347345067442301,0.6052057589346466,0.5977876645296978,0.5100435743843726,0.5989062949901435,0.5560957700023319,0.5517775002907495,0.5741513029417111,0.6114776830512624,0.7445807822791489,0.5827791610949902,0.4638271412242656,0.5471488848394842,0.5387914616920453,0.6564504319663278,0.7096868140213235,0.5626099245734375,0.5135012911851183,0.6039147450819805,0.5142324722652785,0.6487663699610999,0.8309263474023871,0.5215051434044712,0.7697773477423786,0.5753735303592277,0.7690127912382387,0.6732932502507866,0.5812853096752694,0.0,0.7114824303619909,0.710744005061941,0.5263902280258109,0.7513050645747404,0.5292542211496996,0.6062303788248748,0.5767364389777982,0.5869293010894665,0.5187303539690151,0.5986653913018755,0.5010634902819717,0.5405482662027515,0.5641260075440946,0.5043791431021608,0.6161948855319307,0.603042798578525,0.6681770558509255,0.8505491122455008,0.5800533605193255,0.5852420660369125,0.5777902568373608,0.5351668093910743,0.6308977397188903,0.5086059736704893,0.5664942722880517,0.6207521944382653,0.5032229342125595,0.5895345921112921,0.5594565234381483
MLT,0.8072145306555445,0.7279197798457548,0.7014006006424203,0.6219906855705396,0.581013854438612,0.6143736749608572,0.7415159367427171,0.662395011531286,0.710123782044931,0.6823063987075455,0.943586706041362,0.671726385097144,0.5803776153767322,0.6536330445495466,0.7415638339350266,0.7812088880570202,0.7651449431140223,0.848548112166542,0.6807644204953096,0.6640464478766537,0.6496756615268899,0.6183156382939362,0.6227614413494527,0.6419202950669637,0.7758114576611291,0.5882344816770265,0.5803545861159249,0.6194573221221984,0.5811518218793358,0.572965691800721,0.6744800722416963,0.7137000950967584,0.6416402974337787,0.612381630466066,0.7481657769990407,0.7821806498071244,0.6550597804270897,0.6727830172757552,0.6121170726093219,0.6087893153262021,0.7384411325216039,0.6733784675141711,0.7884063186181246,0.9001069863208677,0.681493477979785,0.8456463019583449,0.6988001974070185,0.7561153186859548,0.6268722538155741,0.7670049723013717,0.7114824303619909,0.0,0.8373291431428683,0.6996775994532555,0.8258346180432129,0.5991521202485339,0.6572646101153934,0.6342114785203804,0.7275275462038968,0.7203748473943982,0.7183681198576557,0.6538985135330697,0.5760029163074917,0.6742522705750923,0.7026906384069485,0.7665739228981583,0.7135670529195276,0.6909833331510786,0.8119254496107412,0.6077658727927222,0.6133756100184773,0.6441965318195741,0.6687199587591113,0.7312566271323687,0.6725642246632361,0.6775442220158069,0.8060110260082409,0.6639869204595448,0.7252468976898321,0.7334839460112611
MMR,0.7047033398961582,0.8059806616035747,0.64042746410078,0.7250858526867551,0.7581498255594736,0.757024233854698,0.5455104426127594,0.6967469442765687,0.5841307170795316,0.6829149836699271,0.9013259912051841,0.7226678952366001,0.7860825652863449,0.7423418490091934,0.6700071454199009,0.7559299547706673,0.736921248382612,0.6782145947214645,0.7057025493935748,0.7273506290773453,0.7944638247113474,0.7509928798426156,0.7685866180193569,0.748650446794294,0.7100578990850659,0.7328386083774998,0.7389624414884313,0.7572464589741723,0.7495147495288357,0.7729454017342676,0.7427942886548111,0.8655336049107707,0.7088861511728198,0.6922978290339099,0.6696554102372467,0.6518364085828235,0.7748754224433148,0.7658845817623079,0.7710177310890953,0.7443371058964122,0.7713094770178633,0.7591531280159537,0.7465170624844378,0.6348281526129321,0.7620111857526998,0.5963848248029989,0.7226797596309869,0.8628642048565953,0.7726427652750563,0.6228309181814473,0.710744005061941,0.8373291431428683,0.0,0.7229039829330849,0.72111256043927,0.7433754864244821,0.7579929749345108,0.6828760336853088,0.4818721777736184,0.6727527698302512,0.646880303862321,0.701182653677593,0.7263805285803095,0.6947743726519681,0.7209233000338964,0.7380821701212025,0.7128297336397318,0.8314341559086242,0.8472710564405139,0.7816307742561971,0.7574961115228109,0.7597656910085535,0.6878243650752491,0.6350920050970793,0.6431054339370176,0.7741649331351335,0.6464438756822802,0.75008607988523,0.5678552885684984,0.7375864265581421
MYS,0.7158826783894607,0.67222856125734,0.5275449242358794,0.6128809932247007,0.6096093515826343,0.6024712307566904,0.6788824996230798,0.5981580244789287,0.5669155528462557,0.503841722096588,0.8559731799602149,0.5758234074170292,0.6428522952414146,0.655499267872469,0.575208441673113,0.6699277040377216,0.6540330839620293,0.7296066227587801,0.5617795011075496,0.5963810286065062,0.7063621945133148,0.5860528494217392,0.616648872147461,0.625258486882183,0.6029471131966959,0.5705087395636831,0.6040602207184519,0.6031466237465758,0.6048502831484704,0.6039608262872075,0.6489613897886954,0.7129794053932811,0.6040086599620661,0.5501544290569168,0.5109140331171971,0.5810368948152251,0.6801441434080909,0.6990875422559284,0.62126396929074,0.5902493309143402,0.6042050762724489,0.6069428057633218,0.6754796875843829,0.837871658725838,0.5949784173585738,0.7486873971867933,0.6201920607910044,0.7542329206163725,0.6744284701595571,0.6146292749880982,0.5263902280258109,0.6996775994532555,0.7229039829330849,0.0,0.7288637816616875,0.5771563907592984,0.6167121017920114,0.604593831580768,0.6099428342026623,0.5786577383884229,0.5741390531213161,0.5430631470817978,0.5726162210713553,0.6041270246971684,0.5652388551417024,0.6188019602188309,0.6042038939224804,0.6822464733743491,0.8203747645767923,0.6124124395899053,0.6315687263516391,0.6402193851487945,0.5219744574474952,0.6245009475136469,0.5983493566526338,0.6060311064693047,0.6187829971843705,0.5929045051008068,0.5926028680228826,0.6249365534663665
NGA,0.7703602178177146,0.8106956582815467,0.6754691375260939,0.7218165287254623,0.7508409173875898,0.7448559678650571,0.6960176608636132,0.692307197779983,0.6601793397755957,0.7166742334861025,0.9426739579763217,0.7193215934303681,0.7649557939958403,0.7336892195893085,0.785259750233628,0.7328806324235654,0.7148365311816167,0.687884128833362,0.7038519579279146,0.674206681938781,0.7811113122482862,0.7449644005089244,0.7742336872725877,0.7271843766778644,0.784041819504358,0.7184660016477726,0.7445691244134817,0.7752430558966309,0.728586894801859,0.7453243273447576,0.7334207153631482,0.801986782330237,0.7092346121049014,0.7075040997763423,0.7246048082042165,0.7784697411070832,0.7190213054117363,0.7649505273427163,0.7341196338086424,0.7464711600453776,0.7547004441263593,0.7738245427499291,0.7295431603192607,0.8029657367630344,0.8174419597138048,0.7469523075839481,0.7318386091010679,0.819750232693541,0.741689888067391,0.7027050901496625,0.7513050645747404,0.8258346180432129,0.72111256043927,0.7288637816616875,0.0,0.7329356700095044,0.7586294529506021,0.6694823674888691,0.7034402656521178,0.7021763699222953,0.6290087759924095,0.7100071996446014,0.7216727601467553,0.7085561308306141,0.7409996696526381,0.7329013880019397,0.6745174348407811,0.8437976414671579,0.8547751450669147,0.7866107719788585,0.754656414162995,0.7628562864252814,0.7492755688924865,0.7207074126139397,0.7178242917579434,0.8206932066927894,0.7110272133031892,0.7187317782141345,0.7393048366228079,0.7488386914687112
NLD,0.7367640676925306,0.6299463975382412,0.5259718351485702,0.42807828160797906,0.39981520746756444,0.37418758857022816,0.6489805874342253,0.4915404873313374,0.5717779298299649,0.46257390778374113,0.8960304801544069,0.4362630844202604,0.4686207541229657,0.5194753977129388,0.6185618829623986,0.657933674312309,0.6708786878283222,0.7440502113672789,0.537823602824082,0.4712414050142402,0.5993967403130884,0.43985856672972584,0.41857079513443,0.441980377974798,0.6625028387610528,0.4016704401424874,0.49886679138424656,0.4464806241095879,0.35040559310092756,0.3536231363962609,0.5327963206371679,0.6381643929258027,0.47244261330212006,0.4271505939078417,0.6239936839574632,0.6241994220762344,0.5710871333544596,0.6183486444622895,0.4194180739238136,0.37842262773987007,0.6238414335045399,0.5070354515794738,0.6632328240222096,0.8556754653574303,0.5559556500470958,0.7996058180013027,0.5090633521295151,0.6687043112696797,0.5410089094557945,0.6375842784656692,0.5292542211496996,0.5991521202485339,0.7433754864244821,0.5771563907592984,0.7329356700095044,0.0,0.4508361665130751,0.44429240812263526,0.6040539584255407,0.5535607661013524,0.6208326421618605,0.45582280542030146,0.4066881229426139,0.5479085100651527,0.5191485074737394,0.6111588060898386,0.5829238200430054,0.5639972811109784,0.7797943775414922,0.5114645032599798,0.4426649670674379,0.4630025157975282,0.6140071579176626,0.6167463460782735,0.5294825019437147,0.5729329894405012,0.657795987556967,0.39886426996235524,0.6666570795800297,0.5431239217571212
NOR,0.7214634607987773,0.6309466869818429,0.6149533037800953,0.4986937532707788,0.5173180917641962,0.5218950391616746,0.6560914312000891,0.589005475432138,0.6379789723759738,0.5754522860597096,0.884398153898496,0.4956351643007737,0.581737132567279,0.5758854453047124,0.6883794333031718,0.7030377885569975,0.6872652074344331,0.7661844277957465,0.6134993121578114,0.5685893537545779,0.6068416587939945,0.5529856134756242,0.5494410951576424,0.47133250522979797,0.6785217333521154,0.5356200814210494,0.5419073359227317,0.5384192719769834,0.5058109300250364,0.48633674225872636,0.5789897869940119,0.684463577885285,0.5521320223172409,0.5772461094997599,0.661888167856888,0.69288488846502,0.6650499203123604,0.6252033087047871,0.5760431419771156,0.5250826551620363,0.6535018885964438,0.611000974065467,0.670629565522623,0.8818574809556116,0.6444222299885556,0.8065460347745035,0.6031000984572525,0.7357470809172415,0.5912727454785228,0.7075916625183196,0.6062303788248748,0.6572646101153934,0.7579929749345108,0.6167121017920114,0.7586294529506021,0.4508361665130751,0.0,0.5262045502466619,0.6682457454053302,0.5867445281538827,0.7032296345981065,0.5678345117702116,0.5357451964380351,0.6089651427612836,0.5563851068735102,0.6484108016720618,0.6430983336200843,0.6258320225123236,0.8173186610950861,0.6285231644432931,0.5437570482928109,0.5380861927742934,0.676497698712822,0.649840310777297,0.6172439451281597,0.6862450930563264,0.7058059681316672,0.5259473238689087,0.6985419907616075,0.6340552546048667
NZL,0.7035495401799443,0.6623206207207576,0.5288822215597546,0.44159937064092303,0.442113839723334,0.47973769974714287,0.6043607280531873,0.49364674690107563,0.5362631237483299,0.519825792385264,0.8993670762783506,0.49147010841178146,0.5367240986000491,0.5005316048128775,0.6292880751469611,0.6122833539455526,0.6225951886124848,0.6723026332463843,0.5357659756919939,0.5000942993294816,0.601320027063497,0.49047595985144027,0.5265372883662497,0.5147557650021806,0.6345554691931629,0.4675546154289353,0.5209197427578928,0.5268699954654801,0.4342765429586463,0.4426563395889531,0.5619571477419314,0.7049243532027837,0.4842521156914149,0.48843574180807986,0.5943380851435046,0.6329013513220376,0.6010925148418526,0.611631755470351,0.5347915077182192,0.4777347853989357,0.6244774019312503,0.5996171536597138,0.6390239999667305,0.8103791307592735,0.6518379501726589,0.7081991519121815,0.5095092135524337,0.7292371756518127,0.5206781057410172,0.5987570905835106,0.5767364389777982,0.6342114785203804,0.6828760336853088,0.604593831580768,0.6694823674888691,0.44429240812263526,0.5262045502466619,0.0,0.5594486501477964,0.543649830458479,0.583746949760186,0.4727812949174703,0.4349382772115113,0.5280930788983248,0.5437819931199523,0.6522458816520909,0.5499137232686074,0.6777307242206579,0.8049801703962707,0.5572392113616416,0.514449147518776,0.5120539330479115,0.6233409731783428,0.6021276478956983,0.5173790369436946,0.6883450593519842,0.6529079699876355,0.4868897317682077,0.6090378514662481,0.5615171057865591
PAK,0.6476406020674483,0.7426983406144493,0.48294107551742194,0.6151553913985451,0.5724705558383857,0.6203627469189363,0.5329757880100288,0.568224520584714,0.45000086272906287,0.5175202007449927,0.8938348023186478,0.6029947087421056,0.6307369303727197,0.633223922081958,0.5559973365921292,0.6800924340961318,0.6610305798057157,0.6625922612665172,0.5511332693275142,0.6072694825488196,0.6985923338026819,0.5997236191208163,0.6135680221749701,0.619250580515547,0.5624739507423725,0.5556267113782025,0.6037410274790709,0.6321189410320949,0.5927395970325527,0.6020055449689193,0.6006995286909482,0.775696276983956,0.5563265061969231,0.5369075388543625,0.5601526469159213,0.5475545148183709,0.681134442739683,0.6880572199201419,0.6622211307806852,0.5795824151882133,0.6409436511990072,0.6163843741848237,0.6753206563335388,0.6946187548733659,0.6324796491336435,0.6117393705428401,0.5814624099433408,0.7903072850820525,0.6393119664496943,0.5361032314111367,0.5869293010894665,0.7275275462038968,0.4818721777736184,0.6099428342026623,0.7034402656521178,0.6040539584255407,0.6682457454053302,0.5594486501477964,0.0,0.5696440399129015,0.5732311677143358,0.5781380227545541,0.5436596247777771,0.5317873888812453,0.5349187124783585,0.6554729191776658,0.6129943403892434,0.7396215671664832,0.8145214880815949,0.5944597397780086,0.622798885857162,0.6212888618688042,0.5407132792424303,0.5802977848017374,0.45399331344390587,0.6591308984217293,0.5769775376485582,0.5979998137002417,0.5410276320934568,0.628046032824577
PER,0.7186161989753153,0.6913337942213464,0.4646839579904717,0.539170348121274,0.5754614649309753,0.5568872340009495,0.5990544879207828,0.5441415020637185,0.5326481447157259,0.4427678163008492,0.8631120306627853,0.5114685951532437,0.6414534930444542,0.5402221844371539,0.5805772737565786,0.5963882852933861,0.5557116874772015,0.6283793037867383,0.4641549532560395,0.523237593894299,0.6901627040216284,0.6037675521654776,0.5910751715506075,0.6083762729933504,0.5900851693618863,0.517880585520358,0.5932856945521388,0.5843643463709474,0.5485900919249505,0.5667320871247352,0.6008368235164904,0.7794401491795496,0.5489893434336497,0.5551896971093825,0.5265034051529218,0.5776247526740383,0.6504336324474747,0.6289313599840443,0.5940340370626842,0.5352095003258098,0.5763096282938738,0.5916742699889518,0.6431243900905026,0.8162072040953021,0.6441908829294737,0.7309955884369086,0.5490680401563113,0.7842395456287038,0.6467196163247566,0.547559004428006,0.5187303539690151,0.7203748473943982,0.6727527698302512,0.5786577383884229,0.7021763699222953,0.5535607661013524,0.5867445281538827,0.543649830458479,0.5696440399129015,0.0,0.6068741697933071,0.5316671579291183,0.5172485688988785,0.5814900064756005,0.5462002758420038,0.6259211789798241,0.5018931397678456,0.7449400566487839,0.8108399658894286,0.6565482074941595,0.5911131436739836,0.6150258333630854,0.5462365147994847,0.5660657327674626,0.4903188596536242,0.6679473618240397,0.6377171912932151,0.5384725490250921,0.5840823353327337,0.5598781495957549
PHL,0.7211351922329055,0.751113908248685,0.5481828752060384,0.649063265936057,0.6565111329692568,0.6618418230634231,0.6239976731487389,0.5846206082523852,0.501429391396737,0.5680714040859365,0.9172324549240523,0.6537289109273496,0.6540248711189038,0.6132160320464307,0.6306258359296744,0.6426208417005528,0.6396483447653155,0.6163371557798055,0.5907817557139515,0.5516622753140259,0.7360242158554569,0.6519009126869547,0.6872169684051503,0.6648583336517369,0.6777339920125302,0.6018404038952745,0.6313673891862296,0.6699151472396558,0.6372891040391515,0.6674190016228908,0.6592119261939886,0.7423400175388143,0.5790488864258962,0.5570397921543587,0.5647376512317136,0.6313046258690371,0.625230097131517,0.680604923567806,0.6445329742259521,0.645000294639674,0.6377783229211453,0.672800607346896,0.7197924379322148,0.768409666587427,0.6762229818960425,0.6643050338486883,0.6010932269522643,0.7936281008792073,0.6884565200712717,0.5295234556081886,0.5986653913018755,0.7183681198576557,0.646880303862321,0.5741390531213161,0.6290087759924095,0.6208326421618605,0.7032296345981065,0.583746949760186,0.5732311677143358,0.6068741697933071,0.0,0.5888137297829045,0.6047392877687688,0.6050680876444858,0.6268085955768591,0.6485036240778222,0.5543320299248967,0.7521519974594628,0.7983969538125779,0.6737346043883508,0.683438355069192,0.6900279804714945,0.5525743885907782,0.6124907101300963,0.6064189825198616,0.6669317339783919,0.6158531045979546,0.6605284445238542,0.5825080767977558,0.6428054401128599
POL,0.7393918882745263,0.6371416565424416,0.5023898788460228,0.47146730489585437,0.4087043726392897,0.42543192162525445,0.6244592220722907,0.3983433114087952,0.48418469166714023,0.45398883544876834,0.8912241541208353,0.506013957638164,0.5509338667454222,0.5600423283486258,0.5470952653437873,0.5893041934333284,0.6345928378994088,0.7088206601078308,0.5400404304807309,0.48862829200371427,0.6230212222859639,0.35758792610673623,0.44969889271433267,0.5511182645764255,0.6405793823833622,0.3764201259484632,0.4867665324983831,0.4509183776596366,0.4331867204051986,0.48041102625592075,0.5680797620851789,0.7122915268315835,0.4421340973692258,0.39105985790059256,0.5303658145027595,0.5454924737161935,0.6239222870386407,0.6540159840314543,0.5584541923547331,0.4034454359934247,0.5753364609211997,0.5136631292730527,0.6637801345550675,0.8136924735877482,0.568752381776187,0.7224608545835091,0.4748455301855868,0.7219219076900327,0.5029748806273263,0.5640379540457255,0.5010634902819717,0.6538985135330697,0.701182653677593,0.5430631470817978,0.7100071996446014,0.45582280542030146,0.5678345117702116,0.4727812949174703,0.5781380227545541,0.5316671579291183,0.5888137297829045,0.0,0.3925111444344176,0.4585460949746026,0.48157775293439753,0.6310129958019096,0.5314199335138644,0.6649870479190314,0.8155012853458019,0.43410500885413084,0.393799840326914,0.4616891020913426,0.5610515629517907,0.5813609807840353,0.44718880821858614,0.5998052025595024,0.5906107080906694,0.5166044058838157,0.5952916636588741,0.5344832781113784
PRT,0.7169519886812487,0.6208790756753796,0.5026632785259562,0.4413340098839084,0.3274159664155999,0.37276605512733896,0.5964468473147795,0.4423391166606384,0.5013908451347194,0.43330253184656076,0.9030200419439549,0.48724929144665186,0.48751115334057377,0.5158116168352594,0.5836280115742982,0.6086228787200245,0.6292761194757504,0.7412577309264401,0.4977545481672438,0.46912014366171323,0.5802701568085976,0.3943241611749618,0.4326865052540919,0.512408946362111,0.6245713765826,0.3188801033624055,0.4691793758656512,0.4664595272351237,0.3404909334508615,0.38164247941144336,0.5316494584384053,0.6526525099414573,0.4278247803794997,0.4185558745471066,0.544250824408219,0.5934960644340352,0.5962334304487936,0.6052762516432842,0.5008463794529906,0.3416079259773727,0.5751800221661338,0.5092007905954333,0.6809765000862198,0.8358437619435374,0.5656224376621101,0.7508533704938789,0.475064969841508,0.6819662662373103,0.4664568469330521,0.5716582449795196,0.5405482662027515,0.5760029163074917,0.7263805285803095,0.5726162210713553,0.7216727601467553,0.4066881229426139,0.5357451964380351,0.4349382772115113,0.5436596247777771,0.5172485688988785,0.6047392877687688,0.3925111444344176,0.0,0.49047460282059857,0.49878870481351245,0.6113573378634969,0.5167520197264492,0.6324044283312922,0.7577083929754318,0.4158451822255269,0.39001612500333055,0.4773774858898393,0.5532733769017739,0.584800876014281,0.40768821986480336,0.600230695811255,0.665486665970512,0.4806493046661337,0.6144494511074248,0.5255523167624616
ROU,0.6833691412068285,0.6865818652535085,0.5121258448103032,0.5370367011469137,0.4910872085287127,0.5466070034447165,0.6121263845168349,0.4586467797361005,0.5122744321710443,0.5124135773059539,0.9059122733652392,0.5716522176468986,0.5969668716632824,0.5993158447793853,0.5535525791760585,0.6563596293709579,0.6487846056422494,0.7134483363027355,0.5646820847358005,0.5681212305366717,0.6590778913106053,0.49142746903459533,0.545364604333595,0.5953426413859222,0.6224615908582721,0.482062385122732,0.5357204689827932,0.5769492780965876,0.5191390417143534,0.5364756621355504,0.5982812322207979,0.748600794911428,0.5033575589926933,0.4959840081279707,0.5628580934150222,0.5620315637565807,0.6655691503228182,0.6811423086485429,0.6385577691814589,0.49541830183618035,0.6121949418507399,0.5622584883056548,0.6573701900124487,0.7827648072115689,0.6034857056074774,0.7178913354842402,0.5590073216456558,0.7688371806790715,0.5587049600567696,0.583077796589439,0.5641260075440946,0.6742522705750923,0.6947743726519681,0.6041270246971684,0.7085561308306141,0.5479085100651527,0.6089651427612836,0.5280930788983248,0.5317873888812453,0.5814900064756005,0.6050680876444858,0.4585460949746026,0.49047460282059857,0.0,0.5003435739915397,0.6195759003944047,0.5858244810924208,0.731647559875431,0.8228054160116581,0.5097956596172325,0.5106746417966278,0.5458975498467775,0.554857025722099,0.6166965057698166,0.4771799710150008,0.6386530565219107,0.6280830618482048,0.5807472937528435,0.5945303847128928,0.598422948217852
RUS,0.6826373094932553,0.6157924054080306,0.5154321129121294,0.5465711490066075,0.49746548926235334,0.5210481494784615,0.6419602366663522,0.48707601973791104,0.5465295927208867,0.46533793258374073,0.8486298269417081,0.5040281767283021,0.5905159397253047,0.5906576502123998,0.5652954939016416,0.6477618463206195,0.6507969085366927,0.7071186505268888,0.5522794776048263,0.5819894142245498,0.684896685366186,0.5166030663189456,0.5314782462734834,0.5976866936723015,0.5719042883025369,0.48315532136229156,0.5599994453717749,0.5547061935621154,0.5167038533280217,0.5364655184145256,0.5846239155274885,0.7450196121044257,0.5167497449641822,0.491206724647432,0.5665698745463119,0.5615630584105761,0.6903597419273418,0.6731026427514952,0.5999312422238152,0.5081433511219727,0.581915327326153,0.5483710433801482,0.6078280847822901,0.8090646750541952,0.6039166875656964,0.7345910430183297,0.5326608055808364,0.7460123257893546,0.5755786686051512,0.6063163857755116,0.5043791431021608,0.7026906384069485,0.7209233000338964,0.5652388551417024,0.7409996696526381,0.5191485074737394,0.5563851068735102,0.5437819931199523,0.5349187124783585,0.5462002758420038,0.6268085955768591,0.48157775293439753,0.49878870481351245,0.5003435739915397,0.0,0.617304825628194,0.5900062148538862,0.6723128775841349,0.8124049108383093,0.5176779906261443,0.5615478919485795,0.5416488643511612,0.5722696660821192,0.6313349848684255,0.4837147073519712,0.6123468967793582,0.5866333158402555,0.5279882849482185,0.6275973218311157,0.5572089573978873
SAU,0.7150147547974475,0.6858519064046695,0.6022158760385111,0.6163034151981389,0.6464135517348314,0.6281771571826823,0.6812858388092695,0.6214763091545145,0.6713343214499242,0.570818980767265,0.8668021500227329,0.5935341520299461,0.6630685600911033,0.6822694144838126,0.6903087368771027,0.7162347376775198,0.6916787705843758,0.7718983661756493,0.6119016143975442,0.5731589496366094,0.7348182345961691,0.6723436022386522,0.6735465772341112,0.669028008208286,0.6631415102685345,0.6042922454982731,0.6706876202626901,0.667650410107651,0.6366158543172931,0.6474772333517685,0.6552721919528195,0.7193717223121476,0.6037846388462177,0.6345175784273006,0.6077072899417746,0.6477057816210301,0.7346741005289731,0.7244517349902344,0.6532409644280461,0.6263611510388595,0.6442739861044005,0.650123955217524,0.6232747186185609,0.8431520034321505,0.7035460239716963,0.7694395972996956,0.6522861098230941,0.792888894641662,0.7054778356601205,0.6670316551405875,0.6161948855319307,0.7665739228981583,0.7380821701212025,0.6188019602188309,0.7329013880019397,0.6111588060898386,0.6484108016720618,0.6522458816520909,0.6554729191776658,0.6259211789798241,0.6485036240778222,0.6310129958019096,0.6113573378634969,0.6195759003944047,0.617304825628194,0.0,0.6470187218325424,0.7413385974979444,0.8000157239353867,0.6927933871355576,0.6585814121189904,0.6745767796936016,0.665279670266912,0.6777076713071624,0.6294198350526902,0.6978951439035173,0.6597079314358648,0.6178604922042228,0.6848978451923619,0.6191721403298194
SEN,0.7511522593416694,0.7287211873251978,0.5306720433960375,0.5719242502936823,0.5956656322728457,0.563486953053021,0.6149359950837054,0.5424694610822968,0.5351477998765173,0.5444539952247528,0.903107530712826,0.6032232877005008,0.6484820194088913,0.5646307699961169,0.6259843516864231,0.5936070875209684,0.5682226248495108,0.6417110885769168,0.5321331139367658,0.5175706765385738,0.6296215359588776,0.6037346394502402,0.629774627821445,0.6335230894461792,0.6318160858962654,0.5115891730614989,0.5864754841089993,0.6160759997067411,0.5588674131252261,0.6080655999684894,0.5875752054851854,0.7740151093728592,0.5325890725028,0.573548069917355,0.5942813673322732,0.6087611053632349,0.6567622099031541,0.6498698583750162,0.6222535078573115,0.5733586598475606,0.5478936925705001,0.6312111879955422,0.7008986299630561,0.7883490483178965,0.6822805313969215,0.7189175798693538,0.528459811068307,0.7937446510728189,0.5954126139695732,0.5111768067445472,0.603042798578525,0.7135670529195276,0.7128297336397318,0.6042038939224804,0.6745174348407811,0.5829238200430054,0.6430983336200843,0.5499137232686074,0.6129943403892434,0.5018931397678456,0.5543320299248967,0.5314199335138644,0.5167520197264492,0.5858244810924208,0.5900062148538862,0.6470187218325424,0.0,0.7490961299909772,0.8162252229226588,0.6563129593921414,0.6059494388148359,0.6330323965806877,0.6186354911440053,0.548286399638477,0.5479913159195453,0.7062108089884436,0.6400795325015448,0.6088152239732506,0.61299675931815,0.597493654745039
SGP,0.8077517766737093,0.6405511673625744,0.7232828126351459,0.6558322150169918,0.6408605363080255,0.573336749569129,0.7610293785522367,0.6970973801945525,0.699175904665945,0.675355702768235,0.8726626076828364,0.6736887435507851,0.5670287025950532,0.6945472804949303,0.7261619638438367,0.7717962281676614,0.7763695969116916,0.8847492417208899,0.7181478625726146,0.6570135963437613,0.64876747524467,0.6452917333361853,0.6203623378370045,0.5788190189408631,0.7455586076220857,0.6384936651578081,0.6513545434698566,0.6115611154089556,0.6058118055380545,0.6121771314188519,0.606702751359531,0.6381264402914643,0.6659179673159187,0.6246625892925133,0.7269998077684495,0.738963518646008,0.6986403930877493,0.7251168587842028,0.5931099669381065,0.6171126532950174,0.7403957714784898,0.639736023475884,0.7834871448570163,0.9176621467897204,0.6439953937582278,0.8702754602496823,0.6796405474594626,0.7641674556670874,0.6900394618575607,0.7774139160702616,0.6681770558509255,0.6909833331510786,0.8314341559086242,0.6822464733743491,0.8437976414671579,0.5639972811109784,0.6258320225123236,0.6777307242206579,0.7396215671664832,0.7449400566487839,0.7521519974594628,0.6649870479190314,0.6324044283312922,0.731647559875431,0.6723128775841349,0.7413385974979444,0.7490961299909772,0.0,0.845726445068434,0.6589018043460291,0.6629806739623871,0.6493612425780155,0.7097893466828546,0.7686061354781969,0.7020269518403273,0.6372824170499186,0.7800056228490438,0.6464216643339307,0.7634771596383165,0.7270476054173711
STP,0.8688270783791624,0.8464050940329588,0.8084842391260982,0.766205242298162,0.7893364627528485,0.7958264437993047,0.7836361529387188,0.7693511151136055,0.8115423103104973,0.7973473399844306,0.9573759460094284,0.7689986129708367,0.8214094920506438,0.8235380057599755,0.8722570149156439,0.8622477649753143,0.8182632604687327,0.8545107804274247,0.8040883799042735,0.767389629862801,0.8147951662013347,0.8049591100970024,0.8109153981123427,0.8045408495141286,0.8551175223361737,0.7750281340990747,0.7886302985175306,0.8248205058789846,0.7731694435713643,0.7550942959211687,0.802151367162828,0.7529443831052377,0.7655084241822199,0.7811781987403255,0.8380951872725595,0.8259619123327312,0.7755050124606532,0.765214225062972,0.8004101345412737,0.795387919163455,0.8043078910835635,0.8306892277000401,0.8348122377403402,0.8876853993835216,0.862225747107505,0.839559444410458,0.8009302875441474,0.7102439732731916,0.7824853955908334,0.8241375771136294,0.8505491122455008,0.8119254496107412,0.8472710564405139,0.8203747645767923,0.8547751450669147,0.7797943775414922,0.8173186610950861,0.8049801703962707,0.8145214880815949,0.8108399658894286,0.7983969538125779,0.8155012853458019,0.7577083929754318,0.8228054160116581,0.8124049108383093,0.8000157239353867,0.8162252229226588,0.845726445068434,0.0,0.8067690932898455,0.7838634813549151,0.8279690532065426,0.8042796811836816,0.7972241750661674,0.8053552295173239,0.86392774694285,0.8366407929036895,0.787007250829251,0.8377521138148227,0.8003492173223057
SVK,0.7448454460011569,0.6652233597287138,0.5899878312021786,0.5454183131183313,0.3973373310420241,0.4844374583049691,0.7020269025194844,0.5205406786690621,0.5966995300789139,0.5123330593419018,0.9190004876585884,0.5822668175227371,0.531206058389484,0.6121300193005539,0.6033569899087876,0.6981320501854666,0.7437786310921984,0.7992500591645165,0.6318730914179186,0.5995846684262653,0.6647386012240852,0.36512879950252813,0.4564352905511072,0.6160132822085322,0.6889560131006748,0.43084546964321274,0.515624231171962,0.5275003230707233,0.4524545755232667,0.47974401884813933,0.6386318496431733,0.6935068071194969,0.5303593929224336,0.4516167162984498,0.6308551905237835,0.6480875319224144,0.6654089660506958,0.6907434421143931,0.6209480030564751,0.4434691686663915,0.675955733079633,0.5207425859244356,0.7149221597081085,0.8534969329039545,0.5683619830199164,0.7985550352736211,0.5752359805588183,0.7124059696207073,0.49142208040081026,0.661847013473101,0.5800533605193255,0.6077658727927222,0.7816307742561971,0.6124124395899053,0.7866107719788585,0.5114645032599798,0.6285231644432931,0.5572392113616416,0.5944597397780086,0.6565482074941595,0.6737346043883508,0.43410500885413084,0.4158451822255269,0.5097956596172325,0.5176779906261443,0.6927933871355576,0.6563129593921414,0.6589018043460291,0.8067690932898455,0.0,0.44401803682506163,0.48732373070885027,0.5909152383184942,0.6690027738564626,0.5033565463349223,0.5970757393914159,0.6847997723796,0.567807032202484,0.6797707430011826,0.607608425700506
SVN,0.7746577963819046,0.6773339887249016,0.5509612931743761,0.46300036682295914,0.37650240557408127,0.4040193000057657,0.6330949596171676,0.4615611123884872,0.5775040050789624,0.505698214530423,0.9382450161885433,0.5210727468370688,0.515471945655194,0.5813591823153643,0.6122091240180522,0.683684203282589,0.703836191068848,0.7639447845333983,0.5961813242867341,0.5367158462662909,0.6072341533930908,0.3700154012829683,0.4251013612373774,0.5252798540660714,0.7001257792013706,0.3704575935692414,0.4755860815045162,0.47329854245873143,0.41122107476064307,0.4387930589697698,0.5835973494094021,0.674279221749165,0.44752028086061874,0.4506962227412473,0.6353796834822916,0.6393712880104906,0.6086037203434815,0.641917954826007,0.5407846592627947,0.36955972298694023,0.6392810956205308,0.5287113601747935,0.6881893393615873,0.8484927828612572,0.5885872877581804,0.8028644992018488,0.5426215482895826,0.6897099964218367,0.48436412785029725,0.6572710452883005,0.5852420660369125,0.6133756100184773,0.7574961115228109,0.6315687263516391,0.754656414162995,0.4426649670674379,0.5437570482928109,0.514449147518776,0.622798885857162,0.5911131436739836,0.683438355069192,0.393799840326914,0.39001612500333055,0.5106746417966278,0.5615478919485795,0.6585814121189904,0.6059494388148359,0.6629806739623871,0.7838634813549151,0.44401803682506163,0.0,0.4426595240711385,0.6372840927800112,0.5948273208411945,0.4858288842925506,0.6254475438026238,0.676255284532816,0.5097781762308699,0.6832942141141984,0.5870301859705649
SWE,0.7784014828616355,0.6918833810072014,0.5786703539654869,0.5081075169085855,0.38960847375093616,0.4626815464929666,0.6810689294817243,0.5023738498269226,0.590623106363769,0.5406565325824432,0.9245989214955153,0.47329987670293167,0.5144831783104082,0.5504266940993591,0.6074795065903965,0.6472665127899814,0.6962109392045498,0.774802420968579,0.620313923153248,0.5727162255539762,0.6474746501814549,0.4037143591463132,0.40597456616957905,0.527416122674945,0.7099720216051504,0.4363236041469409,0.4721441852402872,0.41820422245984873,0.43927452664378963,0.48347605754711714,0.5689843179918855,0.6990888509240202,0.5354792818980746,0.44406010439462473,0.6521640975604949,0.6443201746169098,0.6495467357019096,0.6681888737970303,0.5283885146965426,0.4356549210575497,0.6579986516008702,0.4883793036680075,0.7059768424125107,0.8397365206154869,0.5565565276944878,0.8003565221071398,0.5609221768762046,0.7103664327844394,0.5104316839166537,0.6601010897715868,0.5777902568373608,0.6441965318195741,0.7597656910085535,0.6402193851487945,0.7628562864252814,0.4630025157975282,0.5380861927742934,0.5120539330479115,0.6212888618688042,0.6150258333630854,0.6900279804714945,0.4616891020913426,0.4773774858898393,0.5458975498467775,0.5416488643511612,0.6745767796936016,0.6330323965806877,0.6493612425780155,0.8279690532065426,0.48732373070885027,0.4426595240711385,0.0,0.6537944366732205,0.6340478782496987,0.5383155121476653,0.6188465892971103,0.6645453876347373,0.4658028674092543,0.6997998250420563,0.5739140855626114
THA,0.7284049761698844,0.7066138418662105,0.5166688934295557,0.6567992397841834,0.5950775766861316,0.6336605787860096,0.6295590881234371,0.5912130986799393,0.4856440053735666,0.5086898771169522,0.9013625974830056,0.614046146273862,0.6290041989146674,0.633755588982865,0.501741329818288,0.6690851185283307,0.6391776290355387,0.7268294853299865,0.5534891464557858,0.5928208567918446,0.7156434541484062,0.5990631479398972,0.60624961959444,0.6462659247032316,0.6267628483655187,0.5552006366348168,0.6034227978248626,0.6212668436452976,0.6011953926490565,0.6176971227790369,0.6382896012552801,0.7596307008380643,0.5834252678443612,0.5124235050681659,0.49096858384854947,0.5659268615911176,0.6695629977202356,0.6754946954601145,0.6197794550343043,0.5800930705794233,0.5978055613468326,0.5499130001902207,0.7539910301095145,0.8193111892749723,0.5125556242322425,0.7248537468055867,0.6211941481223587,0.8019052473039817,0.6975791470833648,0.553131639003027,0.5351668093910743,0.6687199587591113,0.6878243650752491,0.5219744574474952,0.7492755688924865,0.6140071579176626,0.676497698712822,0.6233409731783428,0.5407132792424303,0.5462365147994847,0.5525743885907782,0.5610515629517907,0.5532733769017739,0.554857025722099,0.5722696660821192,0.665279670266912,0.6186354911440053,0.7097893466828546,0.8042796811836816,0.5909152383184942,0.6372840927800112,0.6537944366732205,0.0,0.6069846417242153,0.5158613523405114,0.5309267995244715,0.6644315429252219,0.613221058144651,0.5158183318439324,0.6292302996242473
TUN,0.7221059569645915,0.7339070778498074,0.5422300360251685,0.6003195788281231,0.6203763330147678,0.6297136763575886,0.577750776557405,0.5983386884635902,0.5465268920622781,0.5622359637548217,0.9154303463894727,0.6007299799738255,0.6707809870815906,0.6549803673344957,0.6137523066459337,0.6587188209932723,0.5916505747555398,0.6562171863943773,0.60986748950463,0.6217146172208214,0.7052597239946151,0.619969039085761,0.63361398324906,0.6409379374557157,0.6815043845687788,0.5840324214363949,0.588266013286038,0.6359782265490638,0.6117236110247487,0.632643686360583,0.6584285084741993,0.7993897406672651,0.5907722339472417,0.5768975719578345,0.6006984421622295,0.6110539244256283,0.6800042901638653,0.6842787468164131,0.6567868494794844,0.5997359937090007,0.6349836202301429,0.6619809864795837,0.7083072912947489,0.7608430530869129,0.6729090915763113,0.6869683856720689,0.6019617626218625,0.8142030818560635,0.6347521855854692,0.5456323683138472,0.6308977397188903,0.7312566271323687,0.6350920050970793,0.6245009475136469,0.7207074126139397,0.6167463460782735,0.649840310777297,0.6021276478956983,0.5802977848017374,0.5660657327674626,0.6124907101300963,0.5813609807840353,0.584800876014281,0.6166965057698166,0.6313349848684255,0.6777076713071624,0.548286399638477,0.7686061354781969,0.7972241750661674,0.6690027738564626,0.5948273208411945,0.6340478782496987,0.6069846417242153,0.0,0.5508411486168945,0.7156556916855723,0.6485808607914009,0.6262983844807228,0.6078698764821584,0.6258614198847164
TUR,0.7035158643175135,0.6869920115325194,0.455690683644084,0.5268587545310337,0.4512039771770818,0.5051546403316942,0.5203173291205305,0.4644253911421276,0.44813810402588333,0.4302462623010942,0.9059572513884057,0.5387007867284117,0.564117006203966,0.5802261545874866,0.46832330936085337,0.6280314032628123,0.6265520873061298,0.6598385018838033,0.5035647249593732,0.5321345108158342,0.6493106067014335,0.48269433424820873,0.5197605788330473,0.5820139296257776,0.5852182770346859,0.4299165852403326,0.5478655365064397,0.5337269466696342,0.47895206498813236,0.5289956306538339,0.557289918516623,0.7503450138998371,0.5032539896046502,0.4885450030664494,0.5075065725819696,0.5107635538895743,0.6594778398816117,0.6564698033118219,0.5911152102437087,0.43615021754095706,0.5955014164647975,0.5215333019803743,0.6761828486164525,0.753763699112101,0.5527360921520187,0.7094027040828117,0.5071604490836136,0.7428679676431631,0.554467488730682,0.5228308773942224,0.5086059736704893,0.6725642246632361,0.6431054339370176,0.5983493566526338,0.7178242917579434,0.5294825019437147,0.6172439451281597,0.5173790369436946,0.45399331344390587,0.4903188596536242,0.6064189825198616,0.44718880821858614,0.40768821986480336,0.4771799710150008,0.4837147073519712,0.6294198350526902,0.5479913159195453,0.7020269518403273,0.8053552295173239,0.5033565463349223,0.4858288842925506,0.5383155121476653,0.5158613523405114,0.5508411486168945,0.0,0.5886326331253605,0.6004716282535043,0.5544443275711646,0.5468223639968721,0.5595906892271078
TWN,0.8036281406060966,0.6953784728850456,0.6041940846930606,0.6926322540186355,0.5948582237784115,0.5896787586368223,0.7243184294594495,0.6250998636711294,0.6227260459165584,0.5661444647277151,0.9119784417637745,0.6404375264131543,0.607179053630205,0.6738419104029993,0.5037674358678061,0.7307649622585951,0.7782281129853217,0.8198011725463802,0.6460181326916186,0.6657005404300161,0.7571917608684394,0.602395291545674,0.5627052376768508,0.6700760433671377,0.7077144176077602,0.5755260066184001,0.6469317430452988,0.5454352916582522,0.6148979945107076,0.6495748507209039,0.6599276141274957,0.756187004539674,0.6298817478575098,0.5305043259012949,0.6390003290093133,0.6283168734524377,0.7084721613211786,0.7364986393735159,0.5638337541915327,0.5625163985115255,0.6927308830031507,0.5026735270009216,0.7951777234603901,0.8047415220159815,0.4104134073403029,0.8373098230948774,0.6848530240211775,0.768879845426156,0.7267109630468711,0.6818870241043882,0.5664942722880517,0.6775442220158069,0.7741649331351335,0.6060311064693047,0.8206932066927894,0.5729329894405012,0.6862450930563264,0.6883450593519842,0.6591308984217293,0.6679473618240397,0.6669317339783919,0.5998052025595024,0.600230695811255,0.6386530565219107,0.6123468967793582,0.6978951439035173,0.7062108089884436,0.6372824170499186,0.86392774694285,0.5970757393914159,0.6254475438026238,0.6188465892971103,0.5309267995244715,0.7156556916855723,0.5886326331253605,0.0,0.6793275698999403,0.6078933543021692,0.6407783386883161,0.6417113101962498
UKR,0.7408969784576542,0.7743356703516587,0.5698523319191949,0.6616954612231715,0.6632203819976921,0.6638031974783186,0.6524465303863557,0.5910985285277444,0.5930824772015458,0.5876725075922126,0.9057134031616362,0.6382568057772502,0.6966004562304171,0.6912273511593287,0.6238863962777808,0.700567938053219,0.6858772287613157,0.6623947602266403,0.6637692809569867,0.6456782193910799,0.7726743956611771,0.6481444779358835,0.6794878057474523,0.684153574041376,0.659519299478814,0.6319294182495917,0.688613210710432,0.673279756767982,0.6607838736318721,0.6961844171922917,0.6891533559372249,0.7933941093308975,0.6599561343400363,0.618164482454728,0.6554386094973355,0.6235052687495188,0.7049894167016153,0.7443456373861711,0.7009816385010426,0.6444079842224691,0.6739949176324828,0.6339957194968447,0.6844553082258614,0.6627775133836799,0.6888532027362835,0.7138580952108525,0.6390707418871228,0.7942780240217743,0.6987211926365551,0.6242401558083187,0.6207521944382653,0.8060110260082409,0.6464438756822802,0.6187829971843705,0.7110272133031892,0.657795987556967,0.7058059681316672,0.6529079699876355,0.5769775376485582,0.6377171912932151,0.6158531045979546,0.5906107080906694,0.665486665970512,0.6280830618482048,0.5866333158402555,0.6597079314358648,0.6400795325015448,0.7800056228490438,0.8366407929036895,0.6847997723796,0.676255284532816,0.6645453876347373,0.6644315429252219,0.6485808607914009,0.6004716282535043,0.6793275698999403,0.0,0.64477233246588,0.6480333775571789,0.6516682966971334
USA,0.7441714680572241,0.6664104692650064,0.4944388499278751,0.4932124360128116,0.4609334920634329,0.4568190271650451,0.6842843928387398,0.5528733284886781,0.6035450604399104,0.46078708038326094,0.875324367055833,0.37517697430799174,0.5427527256809717,0.5486829200369208,0.6126555856596275,0.6682575037725753,0.6647595803269446,0.7547839781474864,0.5295387765648213,0.5300180467054879,0.6774275893689239,0.5017245211046508,0.43259469784812654,0.5024952276112536,0.6574729718505419,0.46058768157960767,0.5725551635738798,0.4984974729423517,0.4238838507283543,0.4181014137876144,0.5635042847031875,0.6724776137117541,0.5359535897445116,0.4553994422548838,0.6357478211809483,0.6249230524440739,0.5994312629012589,0.6423874107033984,0.4453964145905002,0.45154798830684123,0.6202543626654968,0.4983476915368302,0.6575424496718308,0.8560114652605858,0.5599344837707089,0.8007967741183876,0.5690018331897776,0.6837546126036405,0.6190769596962985,0.6439570111794398,0.5032229342125595,0.6639869204595448,0.75008607988523,0.5929045051008068,0.7187317782141345,0.39886426996235524,0.5259473238689087,0.4868897317682077,0.5979998137002417,0.5384725490250921,0.6605284445238542,0.5166044058838157,0.4806493046661337,0.5807472937528435,0.5279882849482185,0.6178604922042228,0.6088152239732506,0.6464216643339307,0.787007250829251,0.567807032202484,0.5097781762308699,0.4658028674092543,0.613221058144651,0.6262983844807228,0.5544443275711646,0.6078933543021692,0.64477233246588,0.0,0.6769269840000427,0.5073416689742379
VNM,0.7174049683980144,0.7436815990771524,0.5477639284760912,0.6576936227465299,0.6664129828706126,0.6738283986029923,0.5615787200045892,0.6165671284753474,0.5243522460212426,0.575812565946051,0.8880445874603324,0.6681409259065904,0.6946498839995005,0.6238511950508093,0.5340928366873688,0.6636269602413167,0.6655221922627402,0.6594933794421183,0.5915782346973458,0.6438483072530342,0.7387486006394839,0.6607319214860002,0.692459278163643,0.686497824465963,0.6306545156368705,0.6322674257097026,0.6393869650515865,0.6659743056312463,0.673872263268526,0.686040640995312,0.6695869572201086,0.8212264249540898,0.6196540424167654,0.6009485755224554,0.5408131952930889,0.5804802839342458,0.7034214582960531,0.7054556005239557,0.6892160614426052,0.6394411203408497,0.6515450102214868,0.6514666872125706,0.7048480354685822,0.7377147245761355,0.6349730268186656,0.6257050407926291,0.6365368262904875,0.8302218696495529,0.7037246157753841,0.5724796695458242,0.5895345921112921,0.7252468976898321,0.5678552885684984,0.5926028680228826,0.7393048366228079,0.6666570795800297,0.6985419907616075,0.6090378514662481,0.5410276320934568,0.5840823353327337,0.5825080767977558,0.5952916636588741,0.6144494511074248,0.5945303847128928,0.6275973218311157,0.6848978451923619,0.61299675931815,0.7634771596383165,0.8377521138148227,0.6797707430011826,0.6832942141141984,0.6997998250420563,0.5158183318439324,0.6078698764821584,0.5468223639968721,0.6407783386883161,0.6480333775571789,0.6769269840000427,0.0,0.6640899316194349
ZAF,0.7472981726783661,0.6736936421759601,0.5472843281402333,0.5437279063651685,0.565049897317455,0.5542682967299272,0.7024999829029563,0.5397188733195531,0.5990724846007809,0.5014808875858978,0.8563923888773607,0.5306254259630677,0.6534304034665089,0.5938916294897291,0.596271161658581,0.6610471979775887,0.6687570534045231,0.7188870038926943,0.5626006301565544,0.5775377386359122,0.7366475800689848,0.5543167804291209,0.5593764847079147,0.617214231438532,0.6607668505663318,0.5274972490842615,0.6301383287202785,0.5747961036466235,0.5495672235486899,0.5685511157091194,0.6055587394931345,0.7612393841247642,0.5751039994378753,0.5218746768493806,0.6087078843727357,0.5915822371918188,0.6766379885795436,0.6908192687101723,0.5755629935544259,0.5421029709622456,0.6141622785359533,0.5845555665375958,0.6840419711131376,0.8407749205573641,0.6190263865520298,0.7637094763740341,0.5840230931174756,0.7605178322091486,0.6695199650049424,0.5984769900315905,0.5594565234381483,0.7334839460112611,0.7375864265581421,0.6249365534663665,0.7488386914687112,0.5431239217571212,0.6340552546048667,0.5615171057865591,0.628046032824577,0.5598781495957549,0.6428054401128599,0.5344832781113784,0.5255523167624616,0.598422948217852,0.5572089573978873,0.6191721403298194,0.597493654745039,0.7270476054173711,0.8003492173223057,0.607608425700506,0.5870301859705649,0.5739140855626114,0.6292302996242473,0.6258614198847164,0.5595906892271078,0.6417113101962498,0.6516682966971334,0.5073416689742379,0.6640899316194349,0.0
