,AGO,ARE,ARG,AUS,AUT,BEL,BGD,BGR,BLR,BRA,BRN,CAN,CHE,CHL,CHN,CIV,CMR,COD,COL,CRI,CYP,CZE,DEU,DNK,EGY,ESP,EST,FIN,FRA,GBR,GRC,HKG,HRV,HUN,IDN,IND,IRL,ISL,ISR,ITA,JOR,JPN,KAZ,KHM,KOR,LAO,LTU,LUX,LVA,MAR,MEX,MLT,MMR,MYS,NGA,NLD,NOR,NZL,PAK,PER,PHL,POL,PRT,ROU,RUS,SAU,SEN,SGP,STP,SVK,SVN,SWE,THA,TUN,TUR,TWN,UKR,USA,VNM,ZAF
AGO,0.0,0.6807975334637602,0.7048155696410024,0.7432785964534144,0.7514519158251416,0.7806761701583241,0.7261652707639236,0.735427382860071,0.7148133054087364,0.7333354744601732,0.8695255894178692,0.7468667670608713,0.7746291890254966,0.7518898569483323,0.7805216871714793,0.7946884936018743,0.7555416033902221,0.74232026951509,0.7186169119668498,0.756625934573817,0.8089590485720765,0.7739753023121588,0.7936771062913063,0.771660341383188,0.7674237353981471,0.769536882857259,0.7633938780036836,0.7913782950107701,0.7532713815911566,0.75288642251433,0.764978881824643,0.8555854084576463,0.7132294173213716,0.7494565051526166,0.7325797869983537,0.7462086278103904,0.80696852136621,0.7941642944783629,0.8084133092722018,0.7739332251118756,0.7915203358415636,0.8155393901866742,0.715197033566227,0.8095109399653039,0.8192718200519052,0.7134548792425607,0.7308928484387947,0.8667075709788746,0.7742390989113964,0.7279596932811445,0.7501457467658665,0.775349798734192,0.7021445357555882,0.7453476266040098,0.7701649945761153,0.7575533961891555,0.7533722580417967,0.7221755361186523,0.6510267664947603,0.749654945105188,0.7267707728318917,0.7619770294328839,0.7419977833353193,0.7087329172672798,0.709126355984151,0.7381911901448514,0.759005906818457,0.848047005930625,0.8647133465631353,0.7444294451258086,0.7762890410135713,0.8077218836784571,0.753169884225044,0.7266949348070183,0.7181835069712934,0.814716650986964,0.7760668737990905,0.7716528383998743,0.6710950396785517,0.7759282146112374
ARE,0.6807975334637602,0.0,0.6624699381434055,0.5938025331390443,0.6374654956961158,0.6063633431127987,0.7393390133028904,0.6272246777390541,0.6878477562631209,0.5929795832042383,0.7364824747552697,0.6117338073019,0.6957361552178073,0.7063061055186386,0.6968609988425678,0.7375141317269011,0.7508888591880397,0.7663983075017968,0.6754989231232438,0.6832569414687873,0.7183358323457527,0.6482122607222618,0.6590883207010256,0.661802619217361,0.6367123588193175,0.6039664298550299,0.6834604157710111,0.6538851291446017,0.6277228782964349,0.6035902154471025,0.6842999418176744,0.7604335781073838,0.6086576788679945,0.637036095486721,0.6803279669755051,0.6555251021132994,0.6829299881695968,0.7071057214465515,0.6838828842603162,0.6261593457034018,0.6886518430712679,0.6862112957828668,0.7110548997241106,0.8691240849802754,0.70901963231852,0.8188851785683418,0.6660420256931239,0.787136048734872,0.6872476127603517,0.7195668653475752,0.6166222730481694,0.6924049926306092,0.7835145858722778,0.6430172564506946,0.8136883006753001,0.6097782696946551,0.6030245363848963,0.6363541339080498,0.6980083846140059,0.6516903498136252,0.7414867335158853,0.641131089888741,0.6168451925357386,0.6848739815389828,0.5642573930204673,0.6431636079493549,0.7423000212969479,0.6939903427462047,0.8474904537023719,0.652304812282647,0.6537603313259609,0.6782258272922123,0.7025133637152817,0.7229594314563412,0.6560115408947379,0.684131376928643,0.7455292391988213,0.6435241951319067,0.7124913732747921,0.6815917759137787
ARG,0.7048155696410024,0.6624699381434055,0.0,0.5359323926465028,0.5333542392957822,0.5239642692582789,0.6007638312850829,0.5184684133913088,0.4587551945340468,0.4788393003979543,0.8821884961864846,0.49842790619759114,0.6049409502885943,0.584630413610998,0.5082846610471864,0.619780730854959,0.6052311408716932,0.6061461890891429,0.47291983863514836,0.5550731671915922,0.6949107615207794,0.5297742211262032,0.5618155791041086,0.5694810651021449,0.5564857966895548,0.5279311784531764,0.570687477008897,0.5791200903429667,0.5444259068183374,0.5541763163612363,0.6051736128463989,0.7930905672564322,0.5351987759873018,0.4912707158904605,0.5540615943431156,0.5088993891292812,0.6519943547918604,0.6667572172171986,0.596510597564655,0.5076305358861922,0.5727600514830586,0.5545702419142635,0.6483413126354088,0.744520217505242,0.5578807623019789,0.7167357480060533,0.5482783592417267,0.7692859961948159,0.6094197409206871,0.5016000878687494,0.4578845836560334,0.6733905943279574,0.6249084229136669,0.5729784420737789,0.6743945270694984,0.5482226985646232,0.6007557448799161,0.5436292970363652,0.470413548253369,0.48534959389275445,0.5532617531711023,0.5047870033366941,0.5284287180344798,0.48982484339951565,0.5194349100807303,0.5856750789413959,0.524447961767369,0.7572910323245361,0.7964907059156703,0.5624252413359333,0.5383532042410342,0.5874534355495871,0.5250399097850544,0.5403165485189639,0.4572910485016048,0.5829671309775145,0.543273437496361,0.5200055264907566,0.5159424973450071,0.5628837306519532
AUS,0.7432785964534144,0.5938025331390443,0.5359323926465028,0.0,0.4359877021703204,0.45148548286691365,0.6150031319631557,0.48064963367832836,0.5474610157494672,0.5552310169153946,0.8849928406120328,0.4602645209642971,0.5456524852533927,0.5371431363181323,0.6168387123663841,0.6445215588125581,0.6340589651361188,0.6678247454195984,0.5318730084017531,0.5388005666369077,0.5867921465366062,0.45295780029509974,0.49817448703656325,0.485989351563217,0.6802206699929962,0.42789484245183634,0.5038029833538022,0.5012317669000892,0.4151854230331055,0.3823255277210375,0.5540741182719264,0.6848204787931652,0.4727509589577344,0.4641294635031779,0.5971275115828253,0.5798429110299645,0.5285696383493065,0.5681912154611676,0.5489031692249052,0.4398308388347563,0.6000820724885007,0.5477020372858363,0.6327835033108906,0.8011722508354095,0.6114949661783831,0.753596663066956,0.5228469499719228,0.6759418703290876,0.48297887889307733,0.5945950883823345,0.5395667307471579,0.5871492730711055,0.703008026642859,0.5901324569765438,0.701388988719406,0.39408022315378005,0.4934479848205341,0.42170142659987886,0.5745644078076751,0.5032568221658194,0.6232793647667337,0.4557291634676782,0.409435344781101,0.53179152067581,0.527160055599488,0.5466441727056431,0.5575996879480813,0.6812564331873662,0.7391647389108449,0.5053448389726648,0.45115851464906515,0.5062422470493592,0.6331212969302159,0.60572722734649,0.47882895760580213,0.6265965771012662,0.6352559813434993,0.46013905994356863,0.6384470287545744,0.5422692367944257
AUT,0.7514519158251416,0.6374654956961158,0.5333542392957822,0.4359877021703204,0.0,0.3925504211078984,0.6453161940129759,0.4969880503184945,0.5344379890505697,0.5452391236468331,0.9153187027417148,0.4438864534148197,0.46105965713279295,0.5229023698637735,0.5806741189706986,0.6446100867936467,0.6962486544269484,0.7267101157476294,0.5476053879779028,0.5419099276369939,0.6203239719333963,0.3491308839462422,0.3640820448649942,0.48640316859969257,0.6747742377945329,0.4111447350520868,0.46505329038137266,0.4203673041071508,0.34967684725311154,0.38295868709160247,0.528230100064029,0.662681785871905,0.47621482306672663,0.3853032977764054,0.607756197521983,0.6085368898285266,0.5568161761333185,0.5997972891747091,0.5108638900522865,0.3521575942803372,0.6313021019499315,0.47320422641134957,0.7018880479220138,0.8120166717762014,0.5216193608773677,0.777746164463481,0.5156613685316583,0.6583415792073248,0.46784260538275446,0.6025863308863139,0.5003451420516819,0.5404833089794736,0.7563894551227002,0.6105715820271893,0.7511696624886267,0.40983031241812384,0.5249207078128344,0.4377420873322674,0.5649394799672541,0.5772934527535905,0.6439784829393578,0.41285496017643447,0.3662327383225032,0.5154989684736313,0.5013945374937475,0.6004155579000858,0.5923976560639657,0.6693632002835811,0.7739772227578713,0.40608206471837915,0.3888050262696872,0.3816974884511997,0.5894920292417624,0.6302928342493218,0.4395646546695448,0.5460113730637217,0.6422193084465172,0.4325973281553346,0.6565292625731306,0.5653900266837264
BEL,0.7806761701583241,0.6063633431127987,0.5239642692582789,0.45148548286691365,0.3925504211078984,0.0,0.6483802059698663,0.4888644842121484,0.5563009502923392,0.5103247486693784,0.8856574161329742,0.4736325133913119,0.5007576416698993,0.5459871660775956,0.6154869604912854,0.6278291262055901,0.6757425119950115,0.7340287003964777,0.5566275691955729,0.4966302508075067,0.6137044390363927,0.42096668146209004,0.40040472896523893,0.49352275356529457,0.6421612324192122,0.41038258004820305,0.5091236535401122,0.47611397088963264,0.3634215769259331,0.4031485863457791,0.5244766248875699,0.679510067612299,0.48249184700914954,0.4184099006514838,0.6205328302168481,0.6005770439934166,0.5738399178431944,0.6031306745500868,0.48107757631864967,0.3675969904738701,0.6337071859270852,0.49996640511394963,0.6988512408987987,0.814471118082107,0.5509828632633438,0.8073258922803436,0.5169280384553343,0.6922797426223313,0.5114385193880737,0.6091672620202598,0.5090801044243723,0.6025255028749357,0.7625105093432701,0.6197313303842074,0.7527502449275745,0.37828251333213353,0.5295716079214896,0.48989035328569874,0.6035702549122783,0.5581754263869875,0.6529906245020458,0.4354188262543092,0.388376349986807,0.5599147377342896,0.5357110942046243,0.5702420489455913,0.5543360795314836,0.63361239407241,0.7838451303228683,0.46960028718904145,0.43315841154067847,0.47630436878439814,0.6246900725321853,0.6405297124896011,0.4815566510571981,0.5492370381860134,0.6379837118353262,0.46318742665716556,0.6743598580832134,0.5676123327288339
BGD,0.7261652707639236,0.7393390133028904,0.6007638312850829,0.6150031319631557,0.6453161940129759,0.6483802059698663,0.0,0.5682341035954289,0.5396411257378374,0.6828382820878561,0.9275275551623988,0.6645862739866871,0.715777808208877,0.6566412097871857,0.6428754393245242,0.6771978403367062,0.6621015523139239,0.6710493579550262,0.6145814694771974,0.6217106626543587,0.6683186325428796,0.6515768473188679,0.6934079641131098,0.6330252547234585,0.6926801046984291,0.6382460531827431,0.6186089017088046,0.6798617161167949,0.6369391294599591,0.649211763002505,0.6416760137607317,0.7612409885782269,0.6217788354073909,0.6241019080989562,0.6620792152513054,0.6203103171483872,0.7098293352803985,0.6469311613814702,0.7052576451825905,0.6127560953568523,0.6717495617812936,0.699267535595499,0.7094109813350395,0.6785305151166555,0.6899028313802374,0.6985321455552,0.6204925852948366,0.7718635829528068,0.6261516144670807,0.6156937095281911,0.6650609126758361,0.7008428716138527,0.5484448251798593,0.6928363667516076,0.683208057760156,0.6471642483172713,0.6521500335531569,0.5987005593923985,0.5165257285132395,0.6168720456494377,0.6171496502315945,0.6317336220993299,0.6019578032756765,0.5917071514111979,0.6547347808200897,0.6712192996686077,0.5972976793891138,0.7792465874032123,0.7808381003190593,0.6685276134180642,0.6200709821832049,0.7020941790193517,0.6403491342297445,0.5621013557921702,0.549761764518235,0.7060009081263204,0.6661541369782389,0.6842437389743813,0.4960638833042931,0.7204376908772491
BGR,0.735427382860071,0.6272246777390541,0.5184684133913088,0.48064963367832836,0.4969880503184945,0.4888644842121484,0.5682341035954289,0.0,0.4608421380720028,0.5465595014200902,0.8876927094748788,0.5564615493185954,0.6110874571727903,0.5917967212636741,0.5478018784126073,0.5769198689900944,0.6263090253462559,0.6597557785199878,0.5588314532878134,0.54810558432794,0.6358413222726573,0.4852069437175189,0.5530738468670571,0.5693046323998149,0.6161481424937431,0.46325834756510853,0.5253594737834899,0.5236455880896711,0.507676361552635,0.5503051734673311,0.5606487026683016,0.7589127716397084,0.4660679281710697,0.4583226921622759,0.5630740009893767,0.5072748067981563,0.6453346545980913,0.6365670622829291,0.6293877301473021,0.4692520296973299,0.5507489102765589,0.5788812149956846,0.664229148003082,0.7214123320176234,0.6117906555217942,0.6929035856842098,0.46333715526380037,0.7476584038052062,0.51965108016849,0.5231032908294155,0.5408249021630868,0.6534027828778667,0.6418388768623153,0.5993472423424422,0.7140135221390994,0.539100774863211,0.5950817359937842,0.5168542788183961,0.5004228652443071,0.539135142194072,0.5743828408730488,0.4285886132092042,0.46952976088687143,0.45556889893643376,0.5026830387869152,0.6036275679429134,0.5468317709783415,0.7330867618827326,0.7787165221776365,0.47047936406403523,0.5009098630565633,0.5610548744251701,0.5688051308421036,0.5575845516878467,0.4399060095958168,0.6015344762368411,0.5609368128397282,0.5868825441151636,0.5757015478692048,0.57316232890742
BLR,0.7148133054087364,0.6878477562631209,0.4587551945340468,0.5474610157494672,0.5344379890505697,0.5563009502923392,0.5396411257378374,0.4608421380720028,0.0,0.5536463182180512,0.9191389346843215,0.5650931741750937,0.618421753173068,0.5950575699734355,0.49387071025230134,0.5841624245383867,0.6049975473032837,0.6126314634318568,0.5125119705883775,0.5307849489649739,0.6363526369748624,0.5248096683543249,0.5716638027560919,0.5629459932751446,0.611230107957582,0.5049746401500314,0.5578128943669339,0.5650799670653669,0.5430668963191453,0.5862231136582493,0.5785008440974028,0.7559451882773783,0.5076306176537763,0.4590183973550613,0.5029091905018155,0.5395747503571595,0.6429068888386413,0.6253236882748119,0.6509701333093675,0.5164997458704759,0.5639932251087331,0.5605025889127775,0.7132781732269492,0.7444385641669038,0.5475128336493238,0.6655883005201523,0.5130553877660095,0.7553016847027602,0.5923216887731716,0.4454679946175274,0.5235659315499794,0.6593474871472997,0.5647307704162431,0.5667321591004136,0.636558786527031,0.5626638748942875,0.6058504653527333,0.5295060161969438,0.4081056561417821,0.5403648228848786,0.4497568058575617,0.461947438516868,0.5096266203775903,0.449874845734956,0.5390938685761159,0.6335821134888134,0.5124580095833616,0.7270080962894239,0.8056810228314754,0.5319829204615583,0.5416966393214445,0.5902892694794938,0.4651777123129527,0.5070752348717955,0.45037503020976416,0.577251900306707,0.5480238205420372,0.5925471454907726,0.4768315836774609,0.6076254320588304
BRA,0.7333354744601732,0.5929795832042383,0.4788393003979543,0.5552310169153946,0.5452391236468331,0.5103247486693784,0.6828382820878561,0.5465595014200902,0.5536463182180512,0.0,0.7939995348407112,0.5134604822521002,0.6119152476940052,0.598451836203076,0.5625515662785088,0.622305703837809,0.6608514243849968,0.7213044568957959,0.5250650824876469,0.57374384178827,0.7205992105101376,0.5499628656393021,0.5489787162930797,0.5956211152947384,0.5702462551873501,0.5414946757614263,0.6211335174124692,0.5676706487856221,0.530537116039386,0.5457457145165621,0.6198427587780376,0.7560714569523209,0.5612739637893117,0.49639526627195696,0.5597835343518167,0.5393738695766853,0.6815999036684937,0.6884857442423701,0.59375801646018,0.5180044307856232,0.6160226016386902,0.565849781631848,0.6871894928627028,0.8185780542701667,0.5607720493746507,0.7410527880155747,0.5553648343811904,0.7557267289382664,0.6639372383430852,0.5647511541520078,0.4893450935648105,0.6832112260275247,0.7137596021236986,0.5763496366714435,0.7409338879910344,0.5514968281875073,0.6275762905871162,0.577795964173347,0.5515543181779139,0.5461927796636369,0.5979435824009389,0.5212384406675271,0.5394870429743597,0.5769802654948649,0.5269951106002702,0.607651969908536,0.621992054985262,0.7239234797270834,0.8134534798365844,0.5453323601758212,0.5786836661979659,0.5851307230545838,0.5418401552691174,0.610568289693023,0.5137224489317948,0.5549436193576006,0.6289483609786736,0.5352537658821042,0.6134117231668544,0.5522111520694686
BRN,0.8695255894178692,0.7364824747552697,0.8821884961864846,0.8849928406120328,0.9153187027417148,0.8856574161329742,0.9275275551623988,0.8876927094748788,0.9191389346843215,0.7939995348407112,0.0,0.8627934095467216,0.9269469419641065,0.9048853428642522,0.8953972970111533,0.893680807826349,0.8802178105390279,0.9237771197422529,0.8573457854627664,0.9069898345796233,0.9280957209436201,0.9133592327490089,0.9120311224264905,0.8936222379399227,0.7972549624672355,0.910617672220859,0.9189445245555583,0.9098867208594931,0.9053286761209198,0.8952579439186368,0.8954992089781526,0.9438412512595031,0.879976436236689,0.9052886997542648,0.8728691717512874,0.8619572442152837,0.9319906834828112,0.9331568626771952,0.9067770630797212,0.9051606177378588,0.8784381438517518,0.9233914286055616,0.8479585109434338,0.9534562296657276,0.9294090249054978,0.8883849247412261,0.8706979926057402,0.9426145408670319,0.9268100582740256,0.9060969319080715,0.8679737322082371,0.9322749391142952,0.8990247940916003,0.8387466148652379,0.9174202723159236,0.8981028571213063,0.8727854313387328,0.901822563447009,0.8865387821755459,0.8668695207408399,0.9061830918478305,0.9036503996001221,0.9043440504553384,0.9067128891202352,0.850991844297887,0.8706039243919355,0.9264408081538852,0.9077539827172963,0.9372737878694971,0.9096701321553856,0.9304408257408139,0.9281738618835903,0.8917485680694477,0.9082356768595605,0.9000441025067567,0.9129692377991002,0.9053558422207842,0.8824474243920228,0.8663868982411238,0.859287846675319
CAN,0.7468667670608713,0.6117338073019,0.49842790619759114,0.4602645209642971,0.4438864534148197,0.4736325133913119,0.6645862739866871,0.5564615493185954,0.5650931741750937,0.5134604822521002,0.8627934095467216,0.0,0.5685677769170915,0.5558652789900274,0.5857919855850269,0.61745302696118,0.6460081303766341,0.7083898174735371,0.5339381468202549,0.5543564498528216,0.6836284552300478,0.469231763752085,0.45660682449421874,0.5161688037706538,0.6572708742027746,0.5200438697381059,0.5341794528590958,0.48666817241051324,0.4392905637880061,0.4344754387701631,0.5532029885096114,0.7293931877110972,0.5341549661863629,0.4438229181784643,0.6022283294437928,0.5961886566319541,0.6385155209390564,0.6293788463501921,0.5261123865855489,0.4692754883935332,0.6027617817850657,0.4971783975119983,0.6507581981539688,0.8143712726277937,0.5517397761900603,0.7801055449982143,0.5498419738878022,0.7208722669917893,0.5719422617041017,0.5988532189432549,0.48854939902434413,0.6559549188083348,0.7220105853582487,0.5940120072461643,0.7154906719696655,0.43999868567985023,0.513705743605789,0.4920105152519487,0.5811718610908376,0.5260964593148978,0.6536233486797057,0.48792333058642084,0.48990328791461923,0.5774108846497044,0.5187616941303826,0.6088543392588588,0.6059408842595394,0.7195938742228734,0.7911686386648695,0.5438392968734537,0.5024848091006419,0.45317500658165066,0.5982168367533351,0.6255706431675857,0.5160744683031966,0.5735265512676847,0.6260675058477089,0.3770340109436753,0.6475444599728312,0.5432919008549644
CHE,0.7746291890254966,0.6957361552178073,0.6049409502885943,0.5456524852533927,0.46105965713279295,0.5007576416698993,0.715777808208877,0.6110874571727903,0.618421753173068,0.6119152476940052,0.9269469419641065,0.5685677769170915,0.0,0.5767670973337389,0.661942877992079,0.6889171066292401,0.7147080506112005,0.7831910795717595,0.614467099312901,0.5627627685370975,0.6703526460810951,0.5345406184954146,0.49696460994346825,0.5217362324795587,0.7303334145964199,0.5652442160528232,0.5695450677734066,0.533318100789386,0.4980448332447947,0.4984114358044134,0.581461156341276,0.646632627768902,0.5553379127246156,0.5168616540296351,0.66122618312686,0.6965014940851376,0.576575192805543,0.6444039705972979,0.5270234643689881,0.5103635325731835,0.6970957401926675,0.5532338986285177,0.7457485731654901,0.8599680887431941,0.6018272993938849,0.7984297365124329,0.6019290363237014,0.7046458173145964,0.5846808253233823,0.6798958944546569,0.575875240965712,0.553723064965189,0.7985348538571221,0.6694149139925781,0.76196432011845,0.4953673079332997,0.5907372399294112,0.5416605923305762,0.6329133008174924,0.6492914865689174,0.6576474329880633,0.5543743146932445,0.5213201746535431,0.629914452799085,0.616140054932239,0.634236292211607,0.6605624961721551,0.601105736063182,0.8079417237762067,0.5583145546291158,0.525992573014518,0.5251815602621338,0.651137626011728,0.68362849683945,0.5773890452301536,0.5869738993947831,0.7061364764625168,0.5344176558415967,0.7051599127492806,0.667348647836622
CHL,0.7518898569483323,0.7063061055186386,0.584630413610998,0.5371431363181323,0.5229023698637735,0.5459871660775956,0.6566412097871857,0.5917967212636741,0.5950575699734355,0.598451836203076,0.9048853428642522,0.5558652789900274,0.5767670973337389,0.0,0.6430002207412299,0.6276814571395484,0.6508811517477036,0.6822940817858859,0.564075579344089,0.5721029993540123,0.6921098616427368,0.5636149510642219,0.5747728702341421,0.5827921438750676,0.6935477914324356,0.5922092018144857,0.5746822710788958,0.5648147599644092,0.5279940352772917,0.5564251759013742,0.5550413857409685,0.7484404252374952,0.558868621000959,0.5396509233747192,0.6416863482034704,0.6763375820208363,0.6485041781150409,0.629856958245745,0.5456498649938226,0.5558106189088416,0.6508972095131635,0.6202899084755948,0.6970745208197552,0.8159311035611004,0.6253203214011746,0.7162669450788643,0.5768323444402731,0.7600704430827998,0.5901404951553301,0.6236716098557343,0.5891758801694112,0.6264966806347085,0.7304560869234246,0.6578211939689369,0.7463978795648446,0.5315821443308401,0.5904083586897448,0.4827994567312588,0.6030201989785947,0.5241612056614722,0.6055604352741519,0.562656395984642,0.5278765907149218,0.5906541029253808,0.5923162215981724,0.6723268242365998,0.5584306462082257,0.7217684894218678,0.8193327232122681,0.5947011624928461,0.5913810430754665,0.5642852083409242,0.6284654668718603,0.6575536747304669,0.5736212800108793,0.6466702365978372,0.679008814347148,0.559364508925303,0.6405623448436546,0.5997167230649033
CHN,0.7805216871714793,0.6968609988425678,0.5082846610471864,0.6168387123663841,0.5806741189706986,0.6154869604912854,0.6428754393245242,0.5478018784126073,0.49387071025230134,0.5625515662785088,0.8953972970111533,0.5857919855850269,0.661942877992079,0.6430002207412299,0.0,0.6816946750198588,0.685924300074942,0.7100349219963481,0.5849584407148382,0.6615736139696758,0.7510272556048668,0.5533980264615966,0.5794079242022205,0.6443293051634019,0.621314695490674,0.5774306896500897,0.6525203930300443,0.5790920998398036,0.6249926844141089,0.6515804180295491,0.6566787666027953,0.820125826526989,0.6105486534705037,0.5348795979633779,0.5485125327015244,0.5234671502141724,0.7078020613323199,0.7186718361595673,0.6704542314318633,0.5387652813627736,0.6044150777395163,0.5341741574443457,0.7464318557475769,0.7740447183684608,0.4782029606117733,0.7657094722278015,0.6324456695578057,0.80322160588771,0.6985157738048013,0.5803261994544758,0.49939093555092756,0.6965603103092217,0.6715374658105485,0.6202769461066551,0.774881360827459,0.6529955194113874,0.6795852163390272,0.643144303375131,0.5495552184337559,0.5948918671775084,0.6230708087394967,0.552200076350031,0.6042866067532432,0.5303299844078264,0.5855201256388567,0.6899449289455354,0.6407450167222926,0.7418686174823447,0.8623054080810292,0.5808757983113763,0.581825543055676,0.6012167250207253,0.5071615612070974,0.5766634517396434,0.4999190492532959,0.5022405217930884,0.594492398396286,0.6093487780475991,0.5665743308285245,0.6008657972378053
CIV,0.7946884936018743,0.7375141317269011,0.619780730854959,0.6445215588125581,0.6446100867936467,0.6278291262055901,0.6771978403367062,0.5769198689900944,0.5841624245383867,0.622305703837809,0.893680807826349,0.61745302696118,0.6889171066292401,0.6276814571395484,0.6816946750198588,0.0,0.5833217304470608,0.7236290949059461,0.6078405410455017,0.6001472931996196,0.7234288229113103,0.6403809456009155,0.6651991356972333,0.6535878273127398,0.6892938322928164,0.6353304574396182,0.5822008022899129,0.632573084263173,0.6226555458517726,0.6655655174130439,0.6621178427926935,0.8173575646597253,0.6226793409254288,0.5996962275714088,0.613002101480949,0.6818000180771321,0.7324001528711801,0.7251807197087853,0.6858817395747361,0.6141397033915887,0.6374935789970742,0.6796145375378343,0.7555432345990698,0.7975373080445647,0.6942753959686785,0.7132340979869771,0.5446316946794892,0.802985678236144,0.6170205114147154,0.6005456369091493,0.6452927179472808,0.7374870085802983,0.7416747276259009,0.6580116751224644,0.7222089934406473,0.6585561550746803,0.6874138096749187,0.5995518226681182,0.6519414608673206,0.5677585213699073,0.6029131394951855,0.5865338346559619,0.6055931513283178,0.6220345251453304,0.6497328525243262,0.7101221257166863,0.5809533736716598,0.8134303112731229,0.8395851369989151,0.6518505483506922,0.660987495038937,0.6592838806250609,0.6352582958395352,0.637623353533349,0.6187054334530206,0.7024452305001494,0.6828953246942178,0.6613854941813564,0.6467541036713987,0.6588680436344561
CMR,0.7555416033902221,0.7508888591880397,0.6052311408716932,0.6340589651361188,0.6962486544269484,0.6757425119950115,0.6621015523139239,0.6263090253462559,0.6049975473032837,0.6608514243849968,0.8802178105390279,0.6460081303766341,0.7147080506112005,0.6508811517477036,0.685924300074942,0.5833217304470608,0.0,0.6726579406770896,0.5838545089777611,0.6035124426820647,0.7207240413988177,0.6826731033781133,0.719712177977306,0.6641806101867243,0.7057101112267007,0.6703570123120576,0.6374028394173735,0.683837914562789,0.6709617310757916,0.6760215227083073,0.6627768356108795,0.8235703915340368,0.6508391133974795,0.6473439088368119,0.6063381178439663,0.6644967007740337,0.7375043998315159,0.7139504911545458,0.7031184037630416,0.6713528528667456,0.6513647360365651,0.719869651418493,0.7198859860773571,0.795685085633885,0.7336927385193107,0.720365193833377,0.6107411696635254,0.8343357242233702,0.6532385320001824,0.6197196036738735,0.6759240164886808,0.7418254698317875,0.7153685551734263,0.6648916591724228,0.6909091865697785,0.6780872892433275,0.6796979415359837,0.629886172953834,0.6459544287617794,0.5690454190375732,0.6044550633122907,0.6392367738932715,0.6439733110353825,0.6364374190755214,0.672892966797554,0.6958813250197411,0.571581495377692,0.8344416187112468,0.8210811455154792,0.7151076799835167,0.7017165551439354,0.7260767994326295,0.6294360247847848,0.5789471677611528,0.6224663582872197,0.7580630698865568,0.6969546180959322,0.678845737063683,0.6292875222822156,0.6797181443567807
COD,0.74232026951509,0.7663983075017968,0.6061461890891429,0.6678247454195984,0.7267101157476294,0.7340287003964777,0.6710493579550262,0.6597557785199878,0.6126314634318568,0.7213044568957959,0.9237771197422529,0.7083898174735371,0.7831910795717595,0.6822940817858859,0.7100349219963481,0.7236290949059461,0.6726579406770896,0.0,0.6791250632302183,0.6844488098177206,0.7777544220422538,0.7228573197069809,0.7496764430443148,0.7339788616826295,0.7221886602063373,0.6997862960816572,0.7029766298741486,0.729069070493141,0.7144858656852052,0.7454933850939383,0.720496175724682,0.8481279538053488,0.6954510923015559,0.6774624013069755,0.6830586638414137,0.7141530845332223,0.7506267327618228,0.7438615685660722,0.7640251661222933,0.7173968663422298,0.7041007213978508,0.7482984004191497,0.7047071001149766,0.7266995584192562,0.7620948665212445,0.7232877007034961,0.6778162441846322,0.8649392335645658,0.6882435570257551,0.6301838154715471,0.687201143684801,0.7904562631436993,0.6713483391232647,0.710215882174835,0.7323707757918944,0.7288398917777957,0.7342641063378819,0.685130911380483,0.6528728595569082,0.6254303708667943,0.6374058718992713,0.6792832746717055,0.701794695268372,0.634726190417895,0.6973401551881248,0.7268897531189554,0.6197112879270681,0.8779919779795515,0.8321634360685376,0.7338563777476484,0.7147002460272955,0.7515772467637253,0.6850022856558229,0.6258791494437032,0.6427157013916138,0.779231435521933,0.6442014166457674,0.7407761477477958,0.6685287901249756,0.7209214969928741
COL,0.7186169119668498,0.6754989231232438,0.47291983863514836,0.5318730084017531,0.5476053879779028,0.5566275691955729,0.6145814694771974,0.5588314532878134,0.5125119705883775,0.5250650824876469,0.8573457854627664,0.5339381468202549,0.614467099312901,0.564075579344089,0.5849584407148382,0.6078405410455017,0.5838545089777611,0.6791250632302183,0.0,0.5448783375591099,0.6753068741434599,0.5653373022232561,0.5827970555913433,0.5535524038908295,0.6137150714323895,0.5458113020930269,0.577111048737212,0.58472779150649,0.5362581994134777,0.5374760022648665,0.5761406038671959,0.7520711194579153,0.540344430439089,0.5132405158568734,0.5664967424490598,0.5819345639108028,0.641058616184351,0.6405288800109816,0.5859074234590828,0.5283938387743955,0.5657158713495178,0.5952517085671492,0.6792121326044196,0.8121210914568844,0.6160667690972119,0.6971066836257617,0.5515163706380114,0.763009412614924,0.6200735355514501,0.5466556481349498,0.5397513912779436,0.6468707777312527,0.68943796445654,0.5970916403101985,0.6743583334817489,0.5463648798208084,0.598014709512329,0.5290809032754417,0.5268684721416134,0.48596442541985224,0.5409470886607097,0.5430114767772822,0.5078540328628517,0.550429419400721,0.5803904065671728,0.5721181235311373,0.5168962167342916,0.7628370265775382,0.7897398006522673,0.6000382269635145,0.5820840640307644,0.6322284926180093,0.5442789090820214,0.597391826027454,0.5014750162088553,0.6192214806362704,0.6566139255666547,0.5388509692314076,0.5460785757119552,0.5722162787700682
CRI,0.756625934573817,0.6832569414687873,0.5550731671915922,0.5388005666369077,0.5419099276369939,0.4966302508075067,0.6217106626543587,0.54810558432794,0.5307849489649739,0.57374384178827,0.9069898345796233,0.5543564498528216,0.5627627685370975,0.5721029993540123,0.6615736139696758,0.6001472931996196,0.6035124426820647,0.6844488098177206,0.5448783375591099,0.0,0.6185847790569526,0.5532383671514418,0.5760300620821754,0.5210153611927396,0.6589028877174768,0.5386990757196709,0.5304461972701063,0.5557043683280279,0.5005235185003803,0.5407022668885552,0.5156034196966104,0.6564666723547937,0.5141700289042094,0.4959078626000265,0.5752090581225967,0.6410007970612037,0.6192565648282156,0.6226948396733049,0.5738498175946277,0.517692171814521,0.6172337782808136,0.5718226328708902,0.6798241297489874,0.7813624000843156,0.6364274947810202,0.7055084970786644,0.5117711458851688,0.7344059162597986,0.5635059139615003,0.5719231464072607,0.5539883938685227,0.6388069930779398,0.7217765255985389,0.613134077567777,0.6868046394710269,0.49679704942673414,0.575921538963362,0.5174121714304656,0.5954319188884634,0.5325450722451402,0.5707700477106173,0.48867165818854474,0.507068822635502,0.5902382627434173,0.6008276297692886,0.5708516244963276,0.525758977384925,0.7162413778026768,0.7636496397366144,0.5883586576667955,0.5582753190137195,0.6014535546227234,0.5710351231294183,0.5993741076494036,0.5285003216492468,0.6131128465465008,0.6460122055938139,0.5537009153848808,0.6081858598501423,0.5959342600865379
CYP,0.8089590485720765,0.7183358323457527,0.6949107615207794,0.5867921465366062,0.6203239719333963,0.6137044390363927,0.6683186325428796,0.6358413222726573,0.6363526369748624,0.7205992105101376,0.9280957209436201,0.6836284552300478,0.6703526460810951,0.6921098616427368,0.7510272556048668,0.7234288229113103,0.7207240413988177,0.7777544220422538,0.6753068741434599,0.6185847790569526,0.0,0.6483926363264357,0.6811067220463408,0.5937405883108858,0.7143890127224842,0.5953449236430892,0.5674136912730668,0.66700190496565,0.614137404542988,0.6033512875148465,0.5830025421374365,0.7223483734040405,0.6206366150746084,0.6574202163111774,0.6896190968859527,0.7054754847022608,0.62968301189956,0.6158570310602663,0.6866192056347058,0.6262129614927845,0.68516721632106,0.7123532437805191,0.7774287151512298,0.8376056540470953,0.7261445696491147,0.7770675507320187,0.6564366893825083,0.7008198089476905,0.5932041853176846,0.6615852336817615,0.7221272928747188,0.6410433859036093,0.7757886040806665,0.6811815074806554,0.7740196061451602,0.5928084933186422,0.6036517898684687,0.6295058349941604,0.6955243172820192,0.6814719901951373,0.7097096567371767,0.6425081000407032,0.5830682271329345,0.6851199063289588,0.7031464473829596,0.6732916912907521,0.6590146516762592,0.7024362974971127,0.7201514041262502,0.6609655863022237,0.6260776535790826,0.6888491763563727,0.7065104087343009,0.6852142378322919,0.6263968589542057,0.7309027951228669,0.7546087839123592,0.6955311526324625,0.7081201976595898,0.7370163861160832
CZE,0.7739753023121588,0.6482122607222618,0.5297742211262032,0.45295780029509974,0.3491308839462422,0.42096668146209004,0.6515768473188679,0.4852069437175189,0.5248096683543249,0.5499628656393021,0.9133592327490089,0.469231763752085,0.5345406184954146,0.5636149510642219,0.5533980264615966,0.6403809456009155,0.6826731033781133,0.7228573197069809,0.5653373022232561,0.5532383671514418,0.6483926363264357,0.0,0.41202278701272593,0.518699604439213,0.6746741219165134,0.3961623809486949,0.47005022826758946,0.4499021890425145,0.3920163621884296,0.4355410757290518,0.5860427757147549,0.6932619312488044,0.49156115875698114,0.3952672908525091,0.5919616673797048,0.5915348798277336,0.5725888620295086,0.6331450472423967,0.5603691818160922,0.3875518356679766,0.6288344715437738,0.49067445586665615,0.7208742010849678,0.8020393105570378,0.5158535925697741,0.773563594993813,0.4948446350173309,0.7092877397825482,0.464769376535195,0.594132995717191,0.49328547976145365,0.5774252029085369,0.7471397568162421,0.584116831684404,0.7400737730499588,0.4275238175906634,0.5542446234615763,0.4731000171199694,0.5802500015412286,0.5856135655423933,0.6248167045021615,0.35089378038160257,0.3967568652782622,0.4845787307769045,0.5157944018942692,0.618355904093492,0.5736352234862178,0.6797305215465186,0.8008141190527595,0.3719564878398955,0.3683793948555767,0.41874042490864255,0.5812051107305829,0.6316594255943369,0.4457171061012559,0.5402047570581731,0.6081443886939111,0.4735407902310659,0.6379672706991791,0.5488974514028218
DEU,0.7936771062913063,0.6590883207010256,0.5618155791041086,0.49817448703656325,0.3640820448649942,0.40040472896523893,0.6934079641131098,0.5530738468670571,0.5716638027560919,0.5489787162930797,0.9120311224264905,0.45660682449421874,0.49696460994346825,0.5747728702341421,0.5794079242022205,0.6651991356972333,0.719712177977306,0.7496764430443148,0.5827970555913433,0.5760300620821754,0.6811067220463408,0.41202278701272593,0.0,0.49827111461030027,0.6909277138944241,0.46413396097503246,0.5272798179660968,0.4635648359961924,0.36938290759143416,0.42718457041728647,0.5690951976703957,0.697196268568455,0.5390315586601221,0.3992184898322281,0.6390632570454291,0.6365727995694664,0.5971992223069025,0.6370285115762654,0.5198856421584362,0.37254937010480516,0.656533607660618,0.4364972733771007,0.7337744974546879,0.8458535029551941,0.46827503741186355,0.822908641770923,0.5680113402449644,0.689888951943289,0.572913558798067,0.6236249067154203,0.5018061488319563,0.6104615724438097,0.7770429929978306,0.6360118727547066,0.7846883065016143,0.43245997610642184,0.5514811261297875,0.5231655986218322,0.6134959248798777,0.5952760876654342,0.684783822225379,0.45568531375821214,0.46953264573784637,0.5881995292220141,0.5538220171099658,0.6411232440651905,0.63148517012593,0.6662596190770127,0.8025183700510137,0.4826287338695261,0.4364442815407881,0.3994096871527778,0.6054683983993191,0.650585196962526,0.5167103701638467,0.514820793289835,0.6606560358505322,0.4133287906078041,0.704867892758861,0.5747686156671392
DNK,0.771660341383188,0.661802619217361,0.5694810651021449,0.485989351563217,0.48640316859969257,0.49352275356529457,0.6330252547234585,0.5693046323998149,0.5629459932751446,0.5956211152947384,0.8936222379399227,0.5161688037706538,0.5217362324795587,0.5827921438750676,0.6443293051634019,0.6535878273127398,0.6641806101867243,0.7339788616826295,0.5535524038908295,0.5210153611927396,0.5937405883108858,0.518699604439213,0.49827111461030027,0.0,0.6599690130532321,0.5258606353514431,0.5059943032644849,0.4999838887304573,0.471202165456137,0.46145977503153895,0.5055786081020719,0.6543783759600227,0.5163726322093033,0.49772908757443685,0.6335159469504144,0.6553422120484967,0.5646779241274182,0.5965450530040071,0.5432212051090508,0.4606913710463527,0.6336509645743412,0.5548159842369733,0.703997221331472,0.8378133055435752,0.5999572535967107,0.7744127738374471,0.5502520809562992,0.7080484878852553,0.549999576423563,0.655202387951691,0.5731751099215889,0.6167204056637239,0.7405142155660875,0.6272630364347822,0.7115693777270632,0.42315011933287194,0.4269431595324616,0.4940495150881854,0.5955320152315676,0.5884327388549818,0.6493429486360642,0.5152209468808783,0.49847204649779747,0.6084765013266215,0.5840580341778538,0.5987761526585267,0.6065351899036048,0.6370133148161584,0.7933568843080385,0.5841509510907846,0.5181635249052722,0.5190418634922443,0.6321690290376453,0.6448113665187729,0.548575275676001,0.6206116209150141,0.6739180828951135,0.47893302318389536,0.654841521779736,0.6142544632401269
EGY,0.7674237353981471,0.6367123588193175,0.5564857966895548,0.6802206699929962,0.6747742377945329,0.6421612324192122,0.6926801046984291,0.6161481424937431,0.611230107957582,0.5702462551873501,0.7972549624672355,0.6572708742027746,0.7303334145964199,0.6935477914324356,0.621314695490674,0.6892938322928164,0.7057101112267007,0.7221886602063373,0.6137150714323895,0.6589028877174768,0.7143890127224842,0.6746741219165134,0.6909277138944241,0.6599690130532321,0.0,0.6522180549404716,0.665675882038378,0.6889945429581155,0.6864112378579493,0.6969296056721866,0.6329509909975384,0.83844790733435,0.6513906996547821,0.6585458168600524,0.6465307923960136,0.6183392248740043,0.776422176313241,0.73070134050114,0.733295555004035,0.6469283831059607,0.6285134579486545,0.6871392649868524,0.7379829665853909,0.7855266429497826,0.6807441103108163,0.7470646384277556,0.6302538583525571,0.8509633687602368,0.7067930047689223,0.6447910852488555,0.6092212833750812,0.749855682279406,0.7206271332255094,0.6499722173966844,0.801131246690536,0.6899030075051742,0.6713803807288655,0.67098535211015,0.5682330057598924,0.6061231997375515,0.6653471650422025,0.6625109927924515,0.658653836108741,0.5945741526791017,0.5859394446060494,0.6763362059637575,0.658900057217339,0.7719456758564088,0.8607087759723795,0.6604277938182663,0.6964661066531632,0.7165749037505599,0.6124905693124683,0.6551001299386905,0.5567924088439324,0.6677774896284348,0.6564239925293678,0.6849782086030378,0.6175365713566492,0.6672016693914681
ESP,0.769536882857259,0.6039664298550299,0.5279311784531764,0.42789484245183634,0.4111447350520868,0.41038258004820305,0.6382460531827431,0.46325834756510853,0.5049746401500314,0.5414946757614263,0.910617672220859,0.5200438697381059,0.5652442160528232,0.5922092018144857,0.5774306896500897,0.6353304574396182,0.6703570123120576,0.6997862960816572,0.5458113020930269,0.5386990757196709,0.5953449236430892,0.3961623809486949,0.46413396097503246,0.5258606353514431,0.6522180549404716,0.0,0.5037430461715894,0.49065487325866874,0.3975473426825672,0.43886373982288224,0.5535132910633226,0.7182485711691522,0.4426019903009986,0.4388559447524811,0.5664189607592289,0.5822969435565354,0.5361117583846126,0.5973710638984087,0.5832282724509918,0.3623541065731022,0.6034693173480139,0.5139427938464906,0.7302836577341435,0.8181477470144933,0.5385216460059883,0.7809953280289512,0.5118531964418028,0.7203331402423025,0.4788728841190339,0.5616949781185877,0.5077840394706286,0.5929015625187505,0.7415201620097414,0.6076220348300019,0.751717134718538,0.44650899267509614,0.551016560659569,0.4832243721288279,0.5920018025381375,0.5468312741062961,0.6362388812425489,0.4035449226375674,0.32623724364756407,0.5358691912454909,0.533311333197637,0.5276725028296829,0.5427540884055354,0.6773523217121666,0.7977070706381393,0.4193368458236352,0.37653510620343333,0.5156486887186247,0.5662659217729854,0.6101507107443915,0.42531945664505755,0.564458662771991,0.6510554170011105,0.530703356294507,0.6280063755499515,0.5835769447561999
EST,0.7633938780036836,0.6834604157710111,0.570687477008897,0.5038029833538022,0.46505329038137266,0.5091236535401122,0.6186089017088046,0.5253594737834899,0.5578128943669339,0.6211335174124692,0.9189445245555583,0.5341794528590958,0.5695450677734066,0.5746822710788958,0.6525203930300443,0.5822008022899129,0.6374028394173735,0.7029766298741486,0.577111048737212,0.5304461972701063,0.5674136912730668,0.47005022826758946,0.5272798179660968,0.5059943032644849,0.665675882038378,0.5037430461715894,0.0,0.47958957287616577,0.4923520324027657,0.5135875891581441,0.5735328568740358,0.7125921111063602,0.49502537757909604,0.5015355072068541,0.6068684458265876,0.657909312279455,0.6105439674927757,0.6296941761800742,0.6098212994034762,0.47016094449029694,0.6327091082699761,0.592915558828387,0.7043360664119946,0.80541197371115,0.6332804984716709,0.7450949586245534,0.4423199430240627,0.7374567424268548,0.37917685173055365,0.6121540965715065,0.5848178887227499,0.5792507777399671,0.7263575667303028,0.6241183689324301,0.7280491238036418,0.4936911442892099,0.5102912376167172,0.5088864775312724,0.5884318950828846,0.5619617032168527,0.623940548233884,0.4657454612851,0.47775978085731763,0.5436198087478317,0.5608142840574214,0.5999664851824815,0.5541781297066553,0.7155605160971672,0.7673041696905085,0.5125766631162755,0.48069377916886324,0.5019145810633061,0.6195083699457006,0.6050511799502853,0.5186731753086504,0.6428527023350403,0.6590816548388181,0.5531890652395138,0.6215262211551645,0.6325357466938675
FIN,0.7913782950107701,0.6538851291446017,0.5791200903429667,0.5012317669000892,0.4203673041071508,0.47611397088963264,0.6798617161167949,0.5236455880896711,0.5650799670653669,0.5676706487856221,0.9098867208594931,0.48666817241051324,0.533318100789386,0.5648147599644092,0.5790920998398036,0.632573084263173,0.683837914562789,0.729069070493141,0.58472779150649,0.5557043683280279,0.66700190496565,0.4499021890425145,0.4635648359961924,0.4999838887304573,0.6889945429581155,0.49065487325866874,0.47958957287616577,0.0,0.47069529789861786,0.4982335190277775,0.5732006427529094,0.6655797518869975,0.5228386900442713,0.44638189698807085,0.610318896300176,0.6277765769688955,0.5758739006720196,0.6392321273831293,0.5326687015984197,0.4362687902657413,0.6378986296525391,0.4860044202326377,0.7261248285437101,0.8053171404022712,0.5166377315107387,0.7997182994159812,0.5343103136227799,0.7268086308079196,0.5145975339883891,0.642292838701127,0.5382554194553282,0.5847369547832261,0.7527308558072084,0.6199060561961205,0.7700370626490409,0.4553411980628457,0.5222326361679502,0.5166290721117509,0.610517922482963,0.5873566510006425,0.6573925134362395,0.44983283855736167,0.4683594729010963,0.580740757591492,0.5691410621950096,0.6194042557507143,0.6058418082722825,0.625500452845691,0.8099631598750755,0.5034321150932546,0.47689106747181037,0.41039695760000494,0.613414694477702,0.6330272604235897,0.5185838932499955,0.5052546857720681,0.6431008076631616,0.48458762538950023,0.6726615279640615,0.5870059064110102
FRA,0.7532713815911566,0.6277228782964349,0.5444259068183374,0.4151854230331055,0.34967684725311154,0.3634215769259331,0.6369391294599591,0.507676361552635,0.5430668963191453,0.530537116039386,0.9053286761209198,0.4392905637880061,0.4980448332447947,0.5279940352772917,0.6249926844141089,0.6226555458517726,0.6709617310757916,0.7144858656852052,0.5362581994134777,0.5005235185003803,0.614137404542988,0.3920163621884296,0.36938290759143416,0.471202165456137,0.6864112378579493,0.3975473426825672,0.4923520324027657,0.47069529789861786,0.0,0.34310993448947447,0.5297245291785456,0.6573877120186348,0.4682909882749189,0.3838677327327504,0.6135549435204917,0.6151282977728824,0.5293188249684803,0.5917480531930451,0.4774516737444297,0.3483930131930344,0.6370699130835931,0.4928914566038197,0.691102462205367,0.8224567072461243,0.5455370131549084,0.7747402764363568,0.49216994031664985,0.6639707505083651,0.49242996625103264,0.5790472227615491,0.5101331401501787,0.5708575800713162,0.7467515963065645,0.6042877405557258,0.7299675744275484,0.348943237391951,0.520426412810662,0.4405372839609979,0.590404880674534,0.5462077282822357,0.642845409556044,0.4224814244020693,0.3692950329989398,0.550156270664027,0.5319490348258592,0.584981784619218,0.5585747820165512,0.656691194161053,0.7592753326929558,0.4528197082475142,0.39785552922318573,0.44785832900739725,0.5894852081122419,0.6252543813381617,0.4663695707452227,0.5631163878680381,0.6417855448127521,0.4136931990324463,0.6603672520571465,0.5590613633959043
GBR,0.75288642251433,0.6035902154471025,0.5541763163612363,0.3823255277210375,0.38295868709160247,0.4031485863457791,0.649211763002505,0.5503051734673311,0.5862231136582493,0.5457457145165621,0.8952579439186368,0.4344754387701631,0.4984114358044134,0.5564251759013742,0.6515804180295491,0.6655655174130439,0.6760215227083073,0.7454933850939383,0.5374760022648665,0.5407022668885552,0.6033512875148465,0.4355410757290518,0.42718457041728647,0.46145977503153895,0.6969296056721866,0.43886373982288224,0.5135875891581441,0.4982335190277775,0.34310993448947447,0.0,0.5606131566278055,0.6504202163888102,0.4946700009555783,0.4609503311689699,0.6438564223276513,0.6282550608582069,0.508678256994718,0.5645681057303858,0.4969597389269871,0.3892238601825164,0.6425706735540243,0.5251810172658582,0.6801067209650975,0.8473949567163364,0.5896920809296562,0.8002155408578746,0.5317933117686531,0.6515319628259174,0.509277820141558,0.6416710164975148,0.5359086299972606,0.5523267234170088,0.7681106653291092,0.6082353931653312,0.740995215910292,0.34742930896073776,0.49036312776364704,0.45336180208187954,0.5992225317569873,0.5585865892472707,0.6617424372360025,0.4746561891955347,0.404283923875517,0.580128955465086,0.5405006332467402,0.581427941991214,0.6057523784723035,0.6517309165848916,0.7363900073090359,0.48863004925161957,0.4256520274438215,0.4872925326898866,0.6294507297675489,0.6522149372332118,0.4986680896975498,0.5970330234828326,0.6831750766305081,0.40818763583978046,0.6709959496430643,0.5851061283886674
GRC,0.764978881824643,0.6842999418176744,0.6051736128463989,0.5540741182719264,0.528230100064029,0.5244766248875699,0.6416760137607317,0.5606487026683016,0.5785008440974028,0.6198427587780376,0.8954992089781526,0.5532029885096114,0.581461156341276,0.5550413857409685,0.6566787666027953,0.6621178427926935,0.6627768356108795,0.720496175724682,0.5761406038671959,0.5156034196966104,0.5830025421374365,0.5860427757147549,0.5690951976703957,0.5055786081020719,0.6329509909975384,0.5535132910633226,0.5735328568740358,0.5732006427529094,0.5297245291785456,0.5606131566278055,0.0,0.7130402460898657,0.5370930190981612,0.5370909711440618,0.631152900675199,0.6494063912192302,0.6688380610775995,0.6150372335007369,0.5534384310554348,0.5410584794749098,0.6188636249472813,0.589194772586017,0.7175365740350197,0.8069601111548618,0.6157941768453149,0.7511731897102214,0.5943689955795948,0.7527019666442276,0.5883908083930964,0.6171683293197315,0.6130070689562825,0.6445158756530464,0.7491752021981315,0.6731954929081247,0.7517854771589195,0.534021139719899,0.5603746819074965,0.5628020388613564,0.6081885989996555,0.59534740926877,0.6678022945756674,0.5751956257679325,0.529025641719462,0.6123043611349274,0.6038433346640493,0.6376445072472543,0.5798147939532812,0.6784407404182196,0.7943115370332706,0.6247962335815738,0.5742054785648834,0.5794374220508061,0.6318409908747685,0.6370866422620779,0.5481139483228206,0.6268873310346569,0.7012060569767968,0.5535425588898611,0.6568666356832439,0.6320134638740368
HKG,0.8555854084576463,0.7604335781073838,0.7930905672564322,0.6848204787931652,0.662681785871905,0.679510067612299,0.7612409885782269,0.7589127716397084,0.7559451882773783,0.7560714569523209,0.9438412512595031,0.7293931877110972,0.646632627768902,0.7484404252374952,0.820125826526989,0.8173575646597253,0.8235703915340368,0.8481279538053488,0.7520711194579153,0.6564666723547937,0.7223483734040405,0.6932619312488044,0.697196268568455,0.6543783759600227,0.83844790733435,0.7182485711691522,0.7125921111063602,0.6655797518869975,0.6573877120186348,0.6504202163888102,0.7130402460898657,0.0,0.716125243742542,0.6621611786993273,0.7713302591550668,0.8144284444973384,0.6727974655206698,0.7179207836942069,0.6663138649391658,0.6949302413412048,0.7878833202123607,0.7041226956755923,0.7894489255276623,0.9034749064503691,0.7344381905786135,0.8432128132057831,0.7307025970006953,0.7407805619308734,0.7142192787514172,0.8180602303087786,0.7051385892911385,0.6520357022336523,0.878623132835981,0.7124946970744959,0.8203606068095607,0.6347598378516465,0.6832582191560336,0.7061674126662325,0.7791425323297418,0.7912508618998155,0.7293331304691069,0.6966873499121536,0.6802724594178228,0.7889864840244755,0.7631214926109497,0.681735338755068,0.7851141466513984,0.6178247355942555,0.7744194264582531,0.7102029509918234,0.6988795127989917,0.7099137134795435,0.7512530778553569,0.8018165624020029,0.7570953969583284,0.6914831204584369,0.8122575734215858,0.682117540941894,0.8178795694521621,0.7732766860187903
HRV,0.7132294173213716,0.6086576788679945,0.5351987759873018,0.4727509589577344,0.47621482306672663,0.48249184700914954,0.6217788354073909,0.4660679281710697,0.5076306176537763,0.5612739637893117,0.879976436236689,0.5341549661863629,0.5553379127246156,0.558868621000959,0.6105486534705037,0.6226793409254288,0.6508391133974795,0.6954510923015559,0.540344430439089,0.5141700289042094,0.6206366150746084,0.49156115875698114,0.5390315586601221,0.5163726322093033,0.6513906996547821,0.4426019903009986,0.49502537757909604,0.5228386900442713,0.4682909882749189,0.4946700009555783,0.5370930190981612,0.716125243742542,0.0,0.4615160852041575,0.585245933227585,0.5947644210743376,0.5783406825084316,0.6130507787195449,0.5877369079065421,0.4549546684330355,0.5878959149622202,0.5619712754419962,0.7014880384969872,0.8007978091739719,0.6175419417789975,0.7139868350105103,0.45230278803775026,0.740752667002457,0.5095789899314374,0.5750997613040771,0.5620212983413416,0.5969355968158073,0.7081911797420231,0.6187753486022041,0.7140428973941477,0.47251256201184827,0.5434628198337751,0.46194621710411266,0.5478861766085827,0.5564280833575825,0.5888713415516614,0.43893345612211543,0.42750841001559264,0.5290494431293915,0.507704768812215,0.5698811949927525,0.5533787591443203,0.6944068165206932,0.7705817932226252,0.47865005091367174,0.4533936299657811,0.5569610666064233,0.5806348005700676,0.6008140834446007,0.4870483517967543,0.6117224436204314,0.6422599224139631,0.5423512072542749,0.5902292854969925,0.5872312473593814
HUN,0.7494565051526166,0.637036095486721,0.4912707158904605,0.4641294635031779,0.3853032977764054,0.4184099006514838,0.6241019080989562,0.4583226921622759,0.4590183973550613,0.49639526627195696,0.9052886997542648,0.4438229181784643,0.5168616540296351,0.5396509233747192,0.5348795979633779,0.5996962275714088,0.6473439088368119,0.6774624013069755,0.5132405158568734,0.4959078626000265,0.6574202163111774,0.3952672908525091,0.3992184898322281,0.49772908757443685,0.6585458168600524,0.4388559447524811,0.5015355072068541,0.44638189698807085,0.3838677327327504,0.4609503311689699,0.5370909711440618,0.6621611786993273,0.4615160852041575,0.0,0.561158856006048,0.5606230074427688,0.5546272851654392,0.6267121624687518,0.5035330465434009,0.3990453036228657,0.5910530569870008,0.45047342408034563,0.6895330291856523,0.7908382222372489,0.47709915560874994,0.7356555814512186,0.4845804289216994,0.7100582761404849,0.5367510391802808,0.5258133194383736,0.44116757382159605,0.5825268461046879,0.6951267117801727,0.5800615567418353,0.70827816259604,0.4410181790121229,0.5593745742049008,0.46882747028695426,0.5379891327493285,0.547640110304556,0.5649243887710599,0.373906892905691,0.42979681953540383,0.5123632492163401,0.49940960574961396,0.5997300658354529,0.5454295642467473,0.6645462464046534,0.7804690049598938,0.44098367421631973,0.4318302532843014,0.43535909267493694,0.5229330921925686,0.5751217427702079,0.4721183140891034,0.4967810184887209,0.6073869795721007,0.43885685437884825,0.6188079443433818,0.5314510036962711
IDN,0.7325797869983537,0.6803279669755051,0.5540615943431156,0.5971275115828253,0.607756197521983,0.6205328302168481,0.6620792152513054,0.5630740009893767,0.5029091905018155,0.5597835343518167,0.8728691717512874,0.6022283294437928,0.66122618312686,0.6416863482034704,0.5485125327015244,0.613002101480949,0.6063381178439663,0.6830586638414137,0.5664967424490598,0.5752090581225967,0.6896190968859527,0.5919616673797048,0.6390632570454291,0.6335159469504144,0.6465307923960136,0.5664189607592289,0.6068684458265876,0.610318896300176,0.6135549435204917,0.6438564223276513,0.631152900675199,0.7713302591550668,0.585245933227585,0.561158856006048,0.0,0.5863934405672142,0.7041921888918687,0.6819982518724063,0.6763789368143943,0.5747677369205602,0.5919437909795052,0.6007539676480909,0.7395240438865789,0.8055804427866634,0.6024378324866719,0.7037191853626422,0.5867168542232506,0.7958444517158806,0.6651687187841546,0.5313181184568281,0.5649003614613195,0.6969072119684001,0.6890359594310331,0.5594264988688232,0.7246561219553368,0.6379918684971263,0.6498424270367731,0.6105008406319333,0.5838632363515526,0.5640426117678586,0.5399347450576614,0.5435040958863737,0.5627310641795641,0.5790984879651934,0.5911978006470588,0.6373682045851448,0.5989477537630166,0.7616297169023746,0.8383976680443417,0.6057361438121958,0.6083910370227668,0.6572051188190665,0.4879959124677021,0.57372169600658,0.5328410683006544,0.5951263906385615,0.6446106031554981,0.6409298977686915,0.5607084169806623,0.6278474746766072
IND,0.7462086278103904,0.6555251021132994,0.5088993891292812,0.5798429110299645,0.6085368898285266,0.6005770439934166,0.6203103171483872,0.5072748067981563,0.5395747503571595,0.5393738695766853,0.8619572442152837,0.5961886566319541,0.6965014940851376,0.6763375820208363,0.5234671502141724,0.6818000180771321,0.6644967007740337,0.7141530845332223,0.5819345639108028,0.6410007970612037,0.7054754847022608,0.5915348798277336,0.6365727995694664,0.6553422120484967,0.6183392248740043,0.5822969435565354,0.657909312279455,0.6277765769688955,0.6151282977728824,0.6282550608582069,0.6494063912192302,0.8144284444973384,0.5947644210743376,0.5606230074427688,0.5863934405672142,0.0,0.6969117936409512,0.699715558009451,0.6625049529096458,0.5706183148814463,0.5880161682900431,0.6063542226995011,0.7053164905026589,0.7467857562554303,0.6170179398186701,0.7358876192379049,0.6098753090526089,0.767044619077186,0.6679614730076704,0.560054613061838,0.5476378920957788,0.7298284258609892,0.6429389582943693,0.607298915573544,0.7576415032090756,0.6279363551869067,0.6759842771596857,0.6297069016575326,0.5321029807098671,0.6034136467954804,0.6218690436531016,0.580730532184906,0.6015253537046263,0.5535652487910534,0.5688780943959278,0.654489632711825,0.6158673839048595,0.7630851093292043,0.8036031227196518,0.5991107616502537,0.6196823762747511,0.6553651233250359,0.5806263467471385,0.5946201701558248,0.5208239245296796,0.6104113462068405,0.6163898960963864,0.6233964600965634,0.5806105323877095,0.6095824168612799
IRL,0.80696852136621,0.6829299881695968,0.6519943547918604,0.5285696383493065,0.5568161761333185,0.5738399178431944,0.7098293352803985,0.6453346545980913,0.6429068888386413,0.6815999036684937,0.9319906834828112,0.6385155209390564,0.576575192805543,0.6485041781150409,0.7078020613323199,0.7324001528711801,0.7375043998315159,0.7506267327618228,0.641058616184351,0.6192565648282156,0.62968301189956,0.5725888620295086,0.5971992223069025,0.5646779241274182,0.776422176313241,0.5361117583846126,0.6105439674927757,0.5758739006720196,0.5293188249684803,0.508678256994718,0.6688380610775995,0.6727974655206698,0.5783406825084316,0.5546272851654392,0.7041921888918687,0.6969117936409512,0.0,0.6200232450371468,0.5874711798481067,0.5619251044017215,0.7047206096021117,0.6245097791936206,0.7846874062801199,0.8617520896544202,0.6590598386036729,0.8174465267202867,0.6306799682491868,0.6616132857938638,0.6011686177298868,0.7046445869527365,0.6327863789792683,0.5602816500767696,0.7940253159317161,0.647600427087659,0.7614808986348641,0.5087578302701723,0.6229482374461262,0.5717350646896807,0.7064800263208272,0.6551759520549783,0.6898713471368716,0.5863490057657454,0.5344084078582618,0.6742526478064773,0.689429356610183,0.6644629177442025,0.6609552298808206,0.6294515047666128,0.7586018808331504,0.6055998040360511,0.5486542278137906,0.6244322053279665,0.6681639436581777,0.7113083126018056,0.6284825750186773,0.6473824515418531,0.7434778350979754,0.590176952960514,0.7134969818653243,0.6978862669950963
ISL,0.7941642944783629,0.7071057214465515,0.6667572172171986,0.5681912154611676,0.5997972891747091,0.6031306745500868,0.6469311613814702,0.6365670622829291,0.6253236882748119,0.6884857442423701,0.9331568626771952,0.6293788463501921,0.6444039705972979,0.629856958245745,0.7186718361595673,0.7251807197087853,0.7139504911545458,0.7438615685660722,0.6405288800109816,0.6226948396733049,0.6158570310602663,0.6331450472423967,0.6370285115762654,0.5965450530040071,0.73070134050114,0.5973710638984087,0.6296941761800742,0.6392321273831293,0.5917480531930451,0.5645681057303858,0.6150372335007369,0.7179207836942069,0.6130507787195449,0.6267121624687518,0.6819982518724063,0.699715558009451,0.6200232450371468,0.0,0.6440259075781105,0.6042010574436008,0.6606542076272195,0.6633239236696012,0.7379077490491073,0.8382034551044585,0.7006812651713428,0.7969059731921574,0.6492364589561815,0.7307171376457553,0.6241817045005901,0.6680083336586787,0.6774007181435969,0.6398440730402285,0.7751939956303442,0.69727963514199,0.7446739080087537,0.5832628349082143,0.5994326374950171,0.5682019891738058,0.6878122599443928,0.6352266837826606,0.6832534604268335,0.6289508282819258,0.5867263212210704,0.6765937472057221,0.6507742675977435,0.659086677506796,0.6359494004245346,0.7472326354143066,0.7563254343049692,0.6469298447254308,0.6133656981118437,0.6693703348114773,0.6966402391701093,0.6897504874577578,0.611509182966331,0.7136945931805395,0.7464751930770905,0.6272508035659375,0.6879778319692843,0.6851294394380586
ISR,0.8084133092722018,0.6838828842603162,0.596510597564655,0.5489031692249052,0.5108638900522865,0.48107757631864967,0.7052576451825905,0.6293877301473021,0.6509701333093675,0.59375801646018,0.9067770630797212,0.5261123865855489,0.5270234643689881,0.5456498649938226,0.6704542314318633,0.6858817395747361,0.7031184037630416,0.7640251661222933,0.5859074234590828,0.5738498175946277,0.6866192056347058,0.5603691818160922,0.5198856421584362,0.5432212051090508,0.733295555004035,0.5832282724509918,0.6098212994034762,0.5326687015984197,0.4774516737444297,0.4969597389269871,0.5534384310554348,0.6663138649391658,0.5877369079065421,0.5035330465434009,0.6763789368143943,0.6625049529096458,0.5874711798481067,0.6440259075781105,0.0,0.5157915856355161,0.6455420585835169,0.5710791730067343,0.7212631430428332,0.8554346375795462,0.5861740962207138,0.8249991604127794,0.6371575176840688,0.7088662669537076,0.6409520110164763,0.6714442760473529,0.5731291865784542,0.6167705421375261,0.8019920490164891,0.6556627767247656,0.7513593256659087,0.4451515812110298,0.5871778796575151,0.5519717569429706,0.6776424246520383,0.6163651349347556,0.6816416013318707,0.5855788424064704,0.5346910608974811,0.6700760786710283,0.6314561064095111,0.6385766051501816,0.6301395598580002,0.6403411349486365,0.7978266253500277,0.636372250974888,0.5698445359605923,0.5472655317947346,0.6581983860539777,0.6943945871188252,0.6066552860941108,0.5717192868805637,0.705705475698792,0.46398407407660314,0.7278749917932721,0.6237017405586188
ITA,0.7739332251118756,0.6261593457034018,0.5076305358861922,0.4398308388347563,0.3521575942803372,0.3675969904738701,0.6127560953568523,0.4692520296973299,0.5164997458704759,0.5180044307856232,0.9051606177378588,0.4692754883935332,0.5103635325731835,0.5558106189088416,0.5387652813627736,0.6141397033915887,0.6713528528667456,0.7173968663422298,0.5283938387743955,0.517692171814521,0.6262129614927845,0.3875518356679766,0.37254937010480516,0.4606913710463527,0.6469283831059607,0.3623541065731022,0.47016094449029694,0.4362687902657413,0.3483930131930344,0.3892238601825164,0.5410584794749098,0.6949302413412048,0.4549546684330355,0.3990453036228657,0.5747677369205602,0.5706183148814463,0.5619251044017215,0.6042010574436008,0.5157915856355161,0.0,0.615624476094429,0.459690721534356,0.703250829381204,0.8136951575046032,0.49718098958510343,0.801618737677334,0.4964897054770113,0.6761054610253083,0.5028574890924388,0.5907745599295121,0.4716775386035937,0.5801159687118749,0.7382832894118965,0.6065111317898627,0.739670269626834,0.40223215684107216,0.5151663504170693,0.4823944489195041,0.5753805133185181,0.5308376130089413,0.6396414835723233,0.3995790344938337,0.3789343493954536,0.5240213843830767,0.5205443426915977,0.5713938259240455,0.5672417719652574,0.669529693547361,0.7885582660590463,0.44117191949805695,0.35740278928687824,0.44241824122255247,0.5647763940426985,0.5956255930663683,0.42186093777830636,0.520334068178671,0.6326234376002118,0.4504111470938624,0.6290211863267702,0.5598036939563508
JOR,0.7915203358415636,0.6886518430712679,0.5727600514830586,0.6000820724885007,0.6313021019499315,0.6337071859270852,0.6717495617812936,0.5507489102765589,0.5639932251087331,0.6160226016386902,0.8784381438517518,0.6027617817850657,0.6970957401926675,0.6508972095131635,0.6044150777395163,0.6374935789970742,0.6513647360365651,0.7041007213978508,0.5657158713495178,0.6172337782808136,0.68516721632106,0.6288344715437738,0.656533607660618,0.6336509645743412,0.6285134579486545,0.6034693173480139,0.6327091082699761,0.6378986296525391,0.6370699130835931,0.6425706735540243,0.6188636249472813,0.7878833202123607,0.5878959149622202,0.5910530569870008,0.5919437909795052,0.5880161682900431,0.7047206096021117,0.6606542076272195,0.6455420585835169,0.615624476094429,0.0,0.6388485815648788,0.725727227755834,0.8089797402690154,0.6636549065344061,0.7143258873193867,0.5949046388788282,0.8036321434292781,0.6707040269984101,0.5647646857200266,0.5951666221044136,0.7129035887021036,0.754733672531603,0.605953579202041,0.7529571547892333,0.6288871590649796,0.6493925413413195,0.6191297092069435,0.6311682215095104,0.572132374638205,0.6263046779743497,0.5915621136254388,0.5962756661618563,0.6047395886333395,0.5875275379074713,0.6434154873900487,0.5780862931003257,0.7852284293843408,0.8024147780816334,0.6336967350822829,0.6414208499169111,0.6748926758847061,0.6036610004769265,0.6325563808002699,0.5834634481383704,0.6550079766953794,0.6349902750077323,0.6246231412000809,0.6349991606108651,0.6146541711791594
JPN,0.8155393901866742,0.6862112957828668,0.5545702419142635,0.5477020372858363,0.47320422641134957,0.49996640511394963,0.699267535595499,0.5788812149956846,0.5605025889127775,0.565849781631848,0.9233914286055616,0.4971783975119983,0.5532338986285177,0.6202899084755948,0.5341741574443457,0.6796145375378343,0.719869651418493,0.7482984004191497,0.5952517085671492,0.5718226328708902,0.7123532437805191,0.49067445586665615,0.4364972733771007,0.5548159842369733,0.6871392649868524,0.5139427938464906,0.592915558828387,0.4860044202326377,0.4928914566038197,0.5251810172658582,0.589194772586017,0.7041226956755923,0.5619712754419962,0.45047342408034563,0.6007539676480909,0.6063542226995011,0.6245097791936206,0.6633239236696012,0.5710791730067343,0.459690721534356,0.6388485815648788,0.0,0.7350863033425404,0.7885347977445978,0.4418839664675828,0.8184150054383891,0.5981055045020698,0.7419824541722374,0.6329497483382748,0.6192339253769857,0.5046712384115685,0.6306345810126265,0.7674252413698295,0.6544728110835644,0.7925420168206836,0.5378700670721718,0.6069725120276043,0.5980110083069367,0.6227940174953087,0.602580401215215,0.6783917664725114,0.49659832176153695,0.5147529505110576,0.5964254792265606,0.5768373142065064,0.6372186013830735,0.6431712841002836,0.688422483484179,0.8162661851540114,0.5124308802258519,0.5095293997521138,0.47431876171671317,0.5469779875961334,0.6524660752835493,0.5226872281170061,0.46388779586882345,0.6368658429252776,0.5090190001005588,0.674112427906893,0.6003026459278266
KAZ,0.715197033566227,0.7110548997241106,0.6483413126354088,0.6327835033108906,0.7018880479220138,0.6988512408987987,0.7094109813350395,0.664229148003082,0.7132781732269492,0.6871894928627028,0.8479585109434338,0.6507581981539688,0.7457485731654901,0.6970745208197552,0.7464318557475769,0.7555432345990698,0.7198859860773571,0.7047071001149766,0.6792121326044196,0.6798241297489874,0.7774287151512298,0.7208742010849678,0.7337744974546879,0.703997221331472,0.7379829665853909,0.7302836577341435,0.7043360664119946,0.7261248285437101,0.691102462205367,0.6801067209650975,0.7175365740350197,0.7894489255276623,0.7014880384969872,0.6895330291856523,0.7395240438865789,0.7053164905026589,0.7846874062801199,0.7379077490491073,0.7212631430428332,0.703250829381204,0.725727227755834,0.7350863033425404,0.0,0.8154164939142176,0.7898928037270583,0.7609291709338294,0.6778286303964522,0.8183052202959236,0.7112657723985094,0.7324333020205165,0.6805340011221233,0.7946970324503568,0.7339357873652225,0.716780753746045,0.7212298671037257,0.682147414886115,0.6885815001694848,0.6756222876629459,0.6667741066889175,0.632942378388506,0.7365358092123142,0.6795156554243105,0.7095988160530191,0.6764547241315205,0.6319753363014456,0.666137745985902,0.7143861618150934,0.8438322883296494,0.8302164832165903,0.7170345784523958,0.7226467467793625,0.7394335716510574,0.749868549354282,0.7114745502445974,0.6936584388713563,0.7784679147224655,0.6868871331596482,0.6779940069630066,0.6952654146896085,0.6913036174911645
KHM,0.8095109399653039,0.8691240849802754,0.744520217505242,0.8011722508354095,0.8120166717762014,0.814471118082107,0.6785305151166555,0.7214123320176234,0.7444385641669038,0.8185780542701667,0.9534562296657276,0.8143712726277937,0.8599680887431941,0.8159311035611004,0.7740447183684608,0.7975373080445647,0.795685085633885,0.7266995584192562,0.8121210914568844,0.7813624000843156,0.8376056540470953,0.8020393105570378,0.8458535029551941,0.8378133055435752,0.7855266429497826,0.8181477470144933,0.80541197371115,0.8053171404022712,0.8224567072461243,0.8473949567163364,0.8069601111548618,0.9034749064503691,0.8007978091739719,0.7908382222372489,0.8055804427866634,0.7467857562554303,0.8617520896544202,0.8382034551044585,0.8554346375795462,0.8136951575046032,0.8089797402690154,0.7885347977445978,0.8154164939142176,0.0,0.8145786828124637,0.7635677266153994,0.7856673570926073,0.8935993123232477,0.7834241951677997,0.7284494199831262,0.8074812620577692,0.8570052812019103,0.6882624565125195,0.808049125404258,0.8023847933753526,0.8386513764723327,0.8525184236687664,0.7971493153849076,0.7171626227533537,0.79135421659601,0.7693195177422496,0.787597858623283,0.8145928406821917,0.7053459502044456,0.7948504835019159,0.8350640646310936,0.7450100665503523,0.9124159504918001,0.8559802685976504,0.7892679243131318,0.8149493468374114,0.8214257664154184,0.799432519864037,0.730754715854639,0.7403771087574019,0.7995779515040476,0.6469851340545535,0.844563058896118,0.7181794773085,0.8166350326610602
KOR,0.8192718200519052,0.70901963231852,0.5578807623019789,0.6114949661783831,0.5216193608773677,0.5509828632633438,0.6899028313802374,0.6117906555217942,0.5475128336493238,0.5607720493746507,0.9294090249054978,0.5517397761900603,0.6018272993938849,0.6253203214011746,0.4782029606117733,0.6942753959686785,0.7336927385193107,0.7620948665212445,0.6160667690972119,0.6364274947810202,0.7261445696491147,0.5158535925697741,0.46827503741186355,0.5999572535967107,0.6807441103108163,0.5385216460059883,0.6332804984716709,0.5166377315107387,0.5455370131549084,0.5896920809296562,0.6157941768453149,0.7344381905786135,0.6175419417789975,0.47709915560874994,0.6024378324866719,0.6170179398186701,0.6590598386036729,0.7006812651713428,0.5861740962207138,0.49718098958510343,0.6636549065344061,0.4418839664675828,0.7898928037270583,0.8145786828124637,0.0,0.8334019582670711,0.6567817968650119,0.7474906011370507,0.6857341103016317,0.6206174057801488,0.48608688552783325,0.6262941732296469,0.7646902238435435,0.6438446053610463,0.8121879064760411,0.5767051174717066,0.6342147716118952,0.6284011348217494,0.6247741977079734,0.6370982561535218,0.6688715292431587,0.5497971749636568,0.5671412191532521,0.6134641805013142,0.607189297575146,0.6934109212806406,0.6566457267836759,0.6306218602950284,0.8524576251422197,0.5665321817449285,0.5505599448468849,0.5266565021226299,0.5354238074793687,0.6435452552589201,0.5292631777293305,0.3908746631440635,0.6670263527605961,0.5420148000808225,0.6701794131724038,0.6307782656423643
LAO,0.7134548792425607,0.8188851785683418,0.7167357480060533,0.753596663066956,0.777746164463481,0.8073258922803436,0.6985321455552,0.6929035856842098,0.6655883005201523,0.7410527880155747,0.8883849247412261,0.7801055449982143,0.7984297365124329,0.7162669450788643,0.7657094722278015,0.7132340979869771,0.720365193833377,0.7232877007034961,0.6971066836257617,0.7055084970786644,0.7770675507320187,0.773563594993813,0.822908641770923,0.7744127738374471,0.7470646384277556,0.7809953280289512,0.7450949586245534,0.7997182994159812,0.7747402764363568,0.8002155408578746,0.7511731897102214,0.8432128132057831,0.7139868350105103,0.7356555814512186,0.7037191853626422,0.7358876192379049,0.8174465267202867,0.7969059731921574,0.8249991604127794,0.801618737677334,0.7143258873193867,0.8184150054383891,0.7609291709338294,0.7635677266153994,0.8334019582670711,0.0,0.6822599307421026,0.86877666210428,0.7649868782526571,0.6618726290736443,0.774887558529915,0.8047059751257397,0.678970642421868,0.7298565271892484,0.7462126212920792,0.7946028584980492,0.8108249970810064,0.7155017598587462,0.6443395722772559,0.7307285351345866,0.6464908170229904,0.7258180858655693,0.7540398032516215,0.6707312580769537,0.7314202365837406,0.7726056755475434,0.7173837984982512,0.888426688967785,0.814675350471597,0.7495859503665202,0.7888427943899071,0.82213064018993,0.7188044664181439,0.6812935577665623,0.7251371980815883,0.8177444500114507,0.7371863587789662,0.8024835528613607,0.628618517148782,0.7641201804168606
LTU,0.7308928484387947,0.6660420256931239,0.5482783592417267,0.5228469499719228,0.5156613685316583,0.5169280384553343,0.6204925852948366,0.46333715526380037,0.5130553877660095,0.5553648343811904,0.8706979926057402,0.5498419738878022,0.6019290363237014,0.5768323444402731,0.6324456695578057,0.5446316946794892,0.6107411696635254,0.6778162441846322,0.5515163706380114,0.5117711458851688,0.6564366893825083,0.4948446350173309,0.5680113402449644,0.5502520809562992,0.6302538583525571,0.5118531964418028,0.4423199430240627,0.5343103136227799,0.49216994031664985,0.5317933117686531,0.5943689955795948,0.7307025970006953,0.45230278803775026,0.4845804289216994,0.5867168542232506,0.6098753090526089,0.6306799682491868,0.6492364589561815,0.6371575176840688,0.4964897054770113,0.5949046388788282,0.5981055045020698,0.6778286303964522,0.7856673570926073,0.6567817968650119,0.6822599307421026,0.0,0.7747934655331924,0.4557168125446725,0.5792294424820904,0.5606783021075394,0.6377183802664851,0.6985161795563058,0.6179611759754606,0.6950476376711052,0.5214130081867637,0.590469754683553,0.5007496412337835,0.5469833892352434,0.538712969075733,0.5613722494344181,0.4352667865426848,0.4827577155271212,0.49373269623645527,0.52205072422995,0.618169570584489,0.5302770737549729,0.7324467729135982,0.7725431460621603,0.46979704715206755,0.5183421896729434,0.5795316064687074,0.578888158914287,0.5959280819523953,0.4951151407813922,0.6390696052076743,0.614543839907858,0.5732918040935869,0.5827730944947038,0.5861827819616451
LUX,0.8667075709788746,0.787136048734872,0.7692859961948159,0.6759418703290876,0.6583415792073248,0.6922797426223313,0.7718635829528068,0.7476584038052062,0.7553016847027602,0.7557267289382664,0.9426145408670319,0.7208722669917893,0.7046458173145964,0.7600704430827998,0.80322160588771,0.802985678236144,0.8343357242233702,0.8649392335645658,0.763009412614924,0.7344059162597986,0.7008198089476905,0.7092877397825482,0.689888951943289,0.7080484878852553,0.8509633687602368,0.7203331402423025,0.7374567424268548,0.7268086308079196,0.6639707505083651,0.6515319628259174,0.7527019666442276,0.7407805619308734,0.740752667002457,0.7100582761404849,0.7958444517158806,0.767044619077186,0.6616132857938638,0.7307171376457553,0.7088662669537076,0.6761054610253083,0.8036321434292781,0.7419824541722374,0.8183052202959236,0.8935993123232477,0.7474906011370507,0.86877666210428,0.7747934655331924,0.0,0.7459908589181246,0.788856034470012,0.765071274676767,0.7365434782873594,0.865484850866735,0.7283836830091134,0.8213356577841787,0.6559952618804206,0.7469048836878499,0.7185955397455775,0.7812360048484505,0.7858477870757413,0.8166961580340946,0.7314723129414199,0.7081401190156957,0.7886892050370069,0.7546184966841472,0.7851872664046586,0.8024242032757797,0.7713716157036756,0.7012345183741847,0.7309369276052831,0.7007748996075003,0.7198550619729356,0.8045366078183613,0.8059500714588632,0.7281079970385604,0.7489829298128563,0.8111178686904367,0.6807396607293751,0.8224578990114024,0.7744379203666104
LVA,0.7742390989113964,0.6872476127603517,0.6094197409206871,0.48297887889307733,0.46784260538275446,0.5114385193880737,0.6261516144670807,0.51965108016849,0.5923216887731716,0.6639372383430852,0.9268100582740256,0.5719422617041017,0.5846808253233823,0.5901404951553301,0.6985157738048013,0.6170205114147154,0.6532385320001824,0.6882435570257551,0.6200735355514501,0.5635059139615003,0.5932041853176846,0.464769376535195,0.572913558798067,0.549999576423563,0.7067930047689223,0.4788728841190339,0.37917685173055365,0.5145975339883891,0.49242996625103264,0.509277820141558,0.5883908083930964,0.7142192787514172,0.5095789899314374,0.5367510391802808,0.6651687187841546,0.6679614730076704,0.6011686177298868,0.6241817045005901,0.6409520110164763,0.5028574890924388,0.6707040269984101,0.6329497483382748,0.7112657723985094,0.7834241951677997,0.6857341103016317,0.7649868782526571,0.4557168125446725,0.7459908589181246,0.0,0.6461667103112961,0.6238446225033856,0.6037275152300867,0.7536290975075953,0.6625330344084706,0.7279643125629999,0.5047478493068347,0.5488978304975229,0.4889489229121654,0.6278286066378508,0.6092327551143161,0.6500655155387816,0.4850644482121173,0.4569042390798459,0.549706177876473,0.572123273568265,0.6224100751604351,0.5506681827300213,0.7195295061753755,0.7627431246187628,0.49311342865952595,0.48928637718678847,0.5343159913662715,0.6823340087944656,0.6475987544940874,0.5194767626455566,0.698178534221269,0.6672063384288642,0.5910880220201625,0.6698729873994494,0.653207720761892
MAR,0.7279596932811445,0.7195668653475752,0.5016000878687494,0.5945950883823345,0.6025863308863139,0.6091672620202598,0.6156937095281911,0.5231032908294155,0.4454679946175274,0.5647511541520078,0.9060969319080715,0.5988532189432549,0.6798958944546569,0.6236716098557343,0.5803261994544758,0.6005456369091493,0.6197196036738735,0.6301838154715471,0.5466556481349498,0.5719231464072607,0.6615852336817615,0.594132995717191,0.6236249067154203,0.655202387951691,0.6447910852488555,0.5616949781185877,0.6121540965715065,0.642292838701127,0.5790472227615491,0.6416710164975148,0.6171683293197315,0.8180602303087786,0.5750997613040771,0.5258133194383736,0.5313181184568281,0.560054613061838,0.7046445869527365,0.6680083336586787,0.6714442760473529,0.5907745599295121,0.5647646857200266,0.6192339253769857,0.7324333020205165,0.7284494199831262,0.6206174057801488,0.6618726290736443,0.5792294424820904,0.788856034470012,0.6461667103112961,0.0,0.5657803992197505,0.7128914004153022,0.6536945877156213,0.6003372534676712,0.7013463445933663,0.6259897738995845,0.6838023595159265,0.6043168895163356,0.5536725167113095,0.5583169853154802,0.5115308740403621,0.5386290785120924,0.564104674472811,0.5537864674484425,0.59802277898135,0.6504758277490116,0.508070100958671,0.8012546484399917,0.8002056016587704,0.581139705701261,0.6129923678213525,0.6485164976489359,0.5422404540568997,0.5374425066398237,0.5099540549222042,0.6424928739880232,0.6040313595146525,0.6377105723637455,0.5554993014901113,0.6054547125964354
MEX,0.7501457467658665,0.6166222730481694,0.4578845836560334,0.5395667307471579,0.5003451420516819,0.5090801044243723,0.6650609126758361,0.5408249021630868,0.5235659315499794,0.4893450935648105,0.8679737322082371,0.48854939902434413,0.575875240965712,0.5891758801694112,0.49939093555092756,0.6452927179472808,0.6759240164886808,0.687201143684801,0.5397513912779436,0.5539883938685227,0.7221272928747188,0.49328547976145365,0.5018061488319563,0.5731751099215889,0.6092212833750812,0.5077840394706286,0.5848178887227499,0.5382554194553282,0.5101331401501787,0.5359086299972606,0.6130070689562825,0.7051385892911385,0.5620212983413416,0.44116757382159605,0.5649003614613195,0.5476378920957788,0.6327863789792683,0.6774007181435969,0.5731291865784542,0.4716775386035937,0.5951666221044136,0.5046712384115685,0.6805340011221233,0.8074812620577692,0.48608688552783325,0.774887558529915,0.5606783021075394,0.765071274676767,0.6238446225033856,0.5657803992197505,0.0,0.6285215919432272,0.7157690043975451,0.5725979192471671,0.7421717006292337,0.5269648103719284,0.5878058973386795,0.5767814083583684,0.5738690212040332,0.5320831571373399,0.5901864647775067,0.48943860857342436,0.5214777496385072,0.5455178902967354,0.5267548148416424,0.6023121958780795,0.6048044908501917,0.6704399664054752,0.8395307113174865,0.5351799760078234,0.522968117911005,0.5473688439663865,0.5075359061113927,0.6186685487228943,0.48822967363316394,0.49551457430902734,0.6049665977651423,0.49246586586184554,0.608261702238203,0.5734841675389193
MLT,0.775349798734192,0.6924049926306092,0.6733905943279574,0.5871492730711055,0.5404833089794736,0.6025255028749357,0.7008428716138527,0.6534027828778667,0.6593474871472997,0.6832112260275247,0.9322749391142952,0.6559549188083348,0.553723064965189,0.6264966806347085,0.6965603103092217,0.7374870085802983,0.7418254698317875,0.7904562631436993,0.6468707777312527,0.6388069930779398,0.6410433859036093,0.5774252029085369,0.6104615724438097,0.6167204056637239,0.749855682279406,0.5929015625187505,0.5792507777399671,0.5847369547832261,0.5708575800713162,0.5523267234170088,0.6445158756530464,0.6520357022336523,0.5969355968158073,0.5825268461046879,0.6969072119684001,0.7298284258609892,0.5602816500767696,0.6398440730402285,0.6167705421375261,0.5801159687118749,0.7129035887021036,0.6306345810126265,0.7946970324503568,0.8570052812019103,0.6262941732296469,0.8047059751257397,0.6377183802664851,0.7365434782873594,0.6037275152300867,0.7128914004153022,0.6285215919432272,0.0,0.8074849832428241,0.6704544959940478,0.8069366671888738,0.5724316888400187,0.6352403604580674,0.5987877223601944,0.6758399849063685,0.6792633307923169,0.6730296940232353,0.6252345478073738,0.541798153971103,0.669917269901531,0.6610023526485818,0.6877525990008747,0.6828134090854773,0.5910897273862509,0.7817990388865274,0.5847135313392647,0.5818678061857496,0.6190803381302961,0.6255113335598221,0.700331803550881,0.6038299999866299,0.6111141182573596,0.7761388829085181,0.6312979132963776,0.6858904425636075,0.7073176053244351
MMR,0.7021445357555882,0.7835145858722778,0.6249084229136669,0.703008026642859,0.7563894551227002,0.7625105093432701,0.5484448251798593,0.6418388768623153,0.5647307704162431,0.7137596021236986,0.8990247940916003,0.7220105853582487,0.7985348538571221,0.7304560869234246,0.6715374658105485,0.7416747276259009,0.7153685551734263,0.6713483391232647,0.68943796445654,0.7217765255985389,0.7757886040806665,0.7471397568162421,0.7770429929978306,0.7405142155660875,0.7206271332255094,0.7415201620097414,0.7263575667303028,0.7527308558072084,0.7467515963065645,0.7681106653291092,0.7491752021981315,0.878623132835981,0.7081911797420231,0.6951267117801727,0.6890359594310331,0.6429389582943693,0.7940253159317161,0.7751939956303442,0.8019920490164891,0.7382832894118965,0.754733672531603,0.7674252413698295,0.7339357873652225,0.6882624565125195,0.7646902238435435,0.678970642421868,0.6985161795563058,0.865484850866735,0.7536290975075953,0.6536945877156213,0.7157690043975451,0.8074849832428241,0.0,0.7295732261094131,0.680422088350968,0.755939126526192,0.7419275578014338,0.6849990259041534,0.4689101159878106,0.6808990433159612,0.6328979588521685,0.710373738291743,0.7339789428120963,0.6332544306182147,0.7325884045542194,0.7409349575313807,0.679752241569603,0.8566421311305309,0.8473634107490843,0.760762315150967,0.742483169414733,0.7701342360223427,0.6812424434065926,0.6078238321076016,0.6724615882517668,0.7697410898501273,0.649754110027692,0.7592767958544848,0.512420333945679,0.7601346438652448
MYS,0.7453476266040098,0.6430172564506946,0.5729784420737789,0.5901324569765438,0.6105715820271893,0.6197313303842074,0.6928363667516076,0.5993472423424422,0.5667321591004136,0.5763496366714435,0.8387466148652379,0.5940120072461643,0.6694149139925781,0.6578211939689369,0.6202769461066551,0.6580116751224644,0.6648916591724228,0.710215882174835,0.5970916403101985,0.613134077567777,0.6811815074806554,0.584116831684404,0.6360118727547066,0.6272630364347822,0.6499722173966844,0.6076220348300019,0.6241183689324301,0.6199060561961205,0.6042877405557258,0.6082353931653312,0.6731954929081247,0.7124946970744959,0.6187753486022041,0.5800615567418353,0.5594264988688232,0.607298915573544,0.647600427087659,0.69727963514199,0.6556627767247656,0.6065111317898627,0.605953579202041,0.6544728110835644,0.716780753746045,0.808049125404258,0.6438446053610463,0.7298565271892484,0.6179611759754606,0.7283836830091134,0.6625330344084706,0.6003372534676712,0.5725979192471671,0.6704544959940478,0.7295732261094131,0.0,0.7123320632652878,0.5912045673940948,0.6258043471466607,0.6273164606306971,0.6234250706555197,0.6140520178289779,0.5616295477742008,0.573691839790221,0.6053867399541722,0.6040094458274685,0.5823238829876413,0.6387313484383073,0.6125596676746373,0.7238268855500725,0.7822209331440424,0.6012179618663924,0.6432418345682173,0.6571610400063779,0.5644262653777941,0.6310278125841485,0.6112696097179743,0.6298310120553792,0.627336064000242,0.6239781381365277,0.6162592698028535,0.630648364443452
NGA,0.7701649945761153,0.8136883006753001,0.6743945270694984,0.701388988719406,0.7511696624886267,0.7527502449275745,0.683208057760156,0.7140135221390994,0.636558786527031,0.7409338879910344,0.9174202723159236,0.7154906719696655,0.76196432011845,0.7463978795648446,0.774881360827459,0.7222089934406473,0.6909091865697785,0.7323707757918944,0.6743583334817489,0.6868046394710269,0.7740196061451602,0.7400737730499588,0.7846883065016143,0.7115693777270632,0.801131246690536,0.751717134718538,0.7280491238036418,0.7700370626490409,0.7299675744275484,0.740995215910292,0.7517854771589195,0.8203606068095607,0.7140428973941477,0.70827816259604,0.7246561219553368,0.7576415032090756,0.7614808986348641,0.7446739080087537,0.7513593256659087,0.739670269626834,0.7529571547892333,0.7925420168206836,0.7212298671037257,0.8023847933753526,0.8121879064760411,0.7462126212920792,0.6950476376711052,0.8213356577841787,0.7279643125629999,0.7013463445933663,0.7421717006292337,0.8069366671888738,0.680422088350968,0.7123320632652878,0.0,0.7205157240298268,0.7325747356154968,0.6764714767237037,0.6736228298088803,0.7094078762999125,0.6217490779625664,0.697580539348199,0.7410181842051937,0.6672788680987104,0.7411194663151119,0.719543552101021,0.6636062235636176,0.8643954375441492,0.825700585928848,0.7761551069092425,0.7490344802254177,0.7815258880363235,0.7370977594436108,0.7123947275197873,0.7280157923010189,0.8109245036085372,0.702114150843664,0.7156152346359792,0.6775287915851437,0.7664140459723402
NLD,0.7575533961891555,0.6097782696946551,0.5482226985646232,0.39408022315378005,0.40983031241812384,0.37828251333213353,0.6471642483172713,0.539100774863211,0.5626638748942875,0.5514968281875073,0.8981028571213063,0.43999868567985023,0.4953673079332997,0.5315821443308401,0.6529955194113874,0.6585561550746803,0.6780872892433275,0.7288398917777957,0.5463648798208084,0.49679704942673414,0.5928084933186422,0.4275238175906634,0.43245997610642184,0.42315011933287194,0.6899030075051742,0.44650899267509614,0.4936911442892099,0.4553411980628457,0.348943237391951,0.34742930896073776,0.534021139719899,0.6347598378516465,0.47251256201184827,0.4410181790121229,0.6379918684971263,0.6279363551869067,0.5087578302701723,0.5832628349082143,0.4451515812110298,0.40223215684107216,0.6288871590649796,0.5378700670721718,0.682147414886115,0.8386513764723327,0.5767051174717066,0.7946028584980492,0.5214130081867637,0.6559952618804206,0.5047478493068347,0.6259897738995845,0.5269648103719284,0.5724316888400187,0.755939126526192,0.5912045673940948,0.7205157240298268,0.0,0.4424880087117421,0.4376402842823359,0.603443881572857,0.5658594861339434,0.6390377020910151,0.45239413702034204,0.4069237086325253,0.5842962262550621,0.5355617590948424,0.5618872852737874,0.5735098908440106,0.6196144726414654,0.7530275021552459,0.5027769622449269,0.435457459554282,0.47810442600732556,0.6313354370318972,0.6526345616700464,0.5210831080139634,0.5599069827611987,0.6590787764095608,0.4025176560736611,0.6689812161325189,0.5683919371602397
NOR,0.7533722580417967,0.6030245363848963,0.6007557448799161,0.4934479848205341,0.5249207078128344,0.5295716079214896,0.6521500335531569,0.5950817359937842,0.6058504653527333,0.6275762905871162,0.8727854313387328,0.513705743605789,0.5907372399294112,0.5904083586897448,0.6795852163390272,0.6874138096749187,0.6796979415359837,0.7342641063378819,0.598014709512329,0.575921538963362,0.6036517898684687,0.5542446234615763,0.5514811261297875,0.4269431595324616,0.6713803807288655,0.551016560659569,0.5102912376167172,0.5222326361679502,0.520426412810662,0.49036312776364704,0.5603746819074965,0.6832582191560336,0.5434628198337751,0.5593745742049008,0.6498424270367731,0.6759842771596857,0.6229482374461262,0.5994326374950171,0.5871778796575151,0.5151663504170693,0.6493925413413195,0.6069725120276043,0.6885815001694848,0.8525184236687664,0.6342147716118952,0.8108249970810064,0.590469754683553,0.7469048836878499,0.5488978304975229,0.6838023595159265,0.5878058973386795,0.6352403604580674,0.7419275578014338,0.6258043471466607,0.7325747356154968,0.4424880087117421,0.0,0.5247987226046161,0.6390354460767362,0.5928195896447016,0.6710160368241637,0.5549424147843216,0.5378638821767313,0.6345541750748118,0.5689343287131243,0.5850726034774566,0.6366910090679458,0.6517138700886356,0.8042074241542038,0.6175864935625578,0.5628732562771924,0.5332371407639084,0.6602816359831265,0.6737508593269644,0.5969398752429055,0.6477071730133408,0.69291660123624,0.5193471381850917,0.6658640018231209,0.6428038190856181
NZL,0.7221755361186523,0.6363541339080498,0.5436292970363652,0.42170142659987886,0.4377420873322674,0.48989035328569874,0.5987005593923985,0.5168542788183961,0.5295060161969438,0.577795964173347,0.901822563447009,0.4920105152519487,0.5416605923305762,0.4827994567312588,0.643144303375131,0.5995518226681182,0.629886172953834,0.685130911380483,0.5290809032754417,0.5174121714304656,0.6295058349941604,0.4731000171199694,0.5231655986218322,0.4940495150881854,0.67098535211015,0.4832243721288279,0.5088864775312724,0.5166290721117509,0.4405372839609979,0.45336180208187954,0.5628020388613564,0.7061674126662325,0.46194621710411266,0.46882747028695426,0.6105008406319333,0.6297069016575326,0.5717350646896807,0.5682019891738058,0.5519717569429706,0.4823944489195041,0.6191297092069435,0.5980110083069367,0.6756222876629459,0.7971493153849076,0.6284011348217494,0.7155017598587462,0.5007496412337835,0.7185955397455775,0.4889489229121654,0.6043168895163356,0.5767814083583684,0.5987877223601944,0.6849990259041534,0.6273164606306971,0.6764714767237037,0.4376402842823359,0.5247987226046161,0.0,0.5549492537660181,0.530736164833742,0.5868234372938879,0.47434115378889546,0.42982953911005756,0.527961454688201,0.5539545693825514,0.6043936638535874,0.5526521018952517,0.7050941780340119,0.7893313702143057,0.530011695577219,0.49656364117450635,0.5210817956808467,0.6297122870814552,0.6181429209939537,0.5004046262982494,0.6463593565348592,0.6530429357735629,0.4867523529424161,0.604893526540806,0.5755258054768524
PAK,0.6510267664947603,0.6980083846140059,0.470413548253369,0.5745644078076751,0.5649394799672541,0.6035702549122783,0.5165257285132395,0.5004228652443071,0.4081056561417821,0.5515543181779139,0.8865387821755459,0.5811718610908376,0.6329133008174924,0.6030201989785947,0.5495552184337559,0.6519414608673206,0.6459544287617794,0.6528728595569082,0.5268684721416134,0.5954319188884634,0.6955243172820192,0.5802500015412286,0.6134959248798777,0.5955320152315676,0.5682330057598924,0.5920018025381375,0.5884318950828846,0.610517922482963,0.590404880674534,0.5992225317569873,0.6081885989996555,0.7791425323297418,0.5478861766085827,0.5379891327493285,0.5838632363515526,0.5321029807098671,0.7064800263208272,0.6878122599443928,0.6776424246520383,0.5753805133185181,0.6311682215095104,0.6227940174953087,0.6667741066889175,0.7171626227533537,0.6247741977079734,0.6443395722772559,0.5469833892352434,0.7812360048484505,0.6278286066378508,0.5536725167113095,0.5738690212040332,0.6758399849063685,0.4689101159878106,0.6234250706555197,0.6736228298088803,0.603443881572857,0.6390354460767362,0.5549492537660181,0.0,0.5726934795797853,0.541198196657304,0.5600938718913567,0.5585833314446238,0.4553796373094911,0.5462305962108012,0.6316321936713215,0.5832917202045304,0.7606271695988633,0.805723289201118,0.5647373889647163,0.5976812499375771,0.6165040903598813,0.5370538616670969,0.5570213117326759,0.47864544369695833,0.6295851156574974,0.5724712437552477,0.5974326200104192,0.46333563809741035,0.637692247296675
PER,0.749654945105188,0.6516903498136252,0.48534959389275445,0.5032568221658194,0.5772934527535905,0.5581754263869875,0.6168720456494377,0.539135142194072,0.5403648228848786,0.5461927796636369,0.8668695207408399,0.5260964593148978,0.6492914865689174,0.5241612056614722,0.5948918671775084,0.5677585213699073,0.5690454190375732,0.6254303708667943,0.48596442541985224,0.5325450722451402,0.6814719901951373,0.5856135655423933,0.5952760876654342,0.5884327388549818,0.6061231997375515,0.5468312741062961,0.5619617032168527,0.5873566510006425,0.5462077282822357,0.5585865892472707,0.59534740926877,0.7912508618998155,0.5564280833575825,0.547640110304556,0.5640426117678586,0.6034136467954804,0.6551759520549783,0.6352266837826606,0.6163651349347556,0.5308376130089413,0.572132374638205,0.602580401215215,0.632942378388506,0.79135421659601,0.6370982561535218,0.7307285351345866,0.538712969075733,0.7858477870757413,0.6092327551143161,0.5583169853154802,0.5320831571373399,0.6792633307923169,0.6808990433159612,0.6140520178289779,0.7094078762999125,0.5658594861339434,0.5928195896447016,0.530736164833742,0.5726934795797853,0.0,0.5907694145977902,0.5334163968327793,0.5165561999995687,0.5572078687306466,0.5730613990208725,0.6134269982221476,0.5219500601862783,0.7796934414875888,0.8115729853329487,0.6141167545840398,0.5799077278174217,0.6277267209957645,0.5489284302696779,0.5850058863429829,0.5007623846457225,0.6377684085229967,0.6391174307362678,0.5628622736484516,0.5830890508231202,0.5669066622231962
PHL,0.7267707728318917,0.7414867335158853,0.5532617531711023,0.6232793647667337,0.6439784829393578,0.6529906245020458,0.6171496502315945,0.5743828408730488,0.4497568058575617,0.5979435824009389,0.9061830918478305,0.6536233486797057,0.6576474329880633,0.6055604352741519,0.6230708087394967,0.6029131394951855,0.6044550633122907,0.6374058718992713,0.5409470886607097,0.5707700477106173,0.7097096567371767,0.6248167045021615,0.684783822225379,0.6493429486360642,0.6653471650422025,0.6362388812425489,0.623940548233884,0.6573925134362395,0.642845409556044,0.6617424372360025,0.6678022945756674,0.7293331304691069,0.5888713415516614,0.5649243887710599,0.5399347450576614,0.6218690436531016,0.6898713471368716,0.6832534604268335,0.6816416013318707,0.6396414835723233,0.6263046779743497,0.6783917664725114,0.7365358092123142,0.7693195177422496,0.6688715292431587,0.6464908170229904,0.5613722494344181,0.8166961580340946,0.6500655155387816,0.5115308740403621,0.5901864647775067,0.6730296940232353,0.6328979588521685,0.5616295477742008,0.6217490779625664,0.6390377020910151,0.6710160368241637,0.5868234372938879,0.541198196657304,0.5907694145977902,0.0,0.5730169932512383,0.6109201698804724,0.556067470919233,0.6189485939932895,0.6469362995353746,0.5352000904076194,0.7641277773017192,0.8079509945829998,0.6321430850503306,0.6709165500736113,0.6907561274841675,0.5282592397853887,0.5683704465794853,0.5900388991585083,0.6584277967201629,0.6201073005828213,0.6734315797699448,0.5278116983704894,0.6507504459728312
POL,0.7619770294328839,0.641131089888741,0.5047870033366941,0.4557291634676782,0.41285496017643447,0.4354188262543092,0.6317336220993299,0.4285886132092042,0.461947438516868,0.5212384406675271,0.9036503996001221,0.48792333058642084,0.5543743146932445,0.562656395984642,0.552200076350031,0.5865338346559619,0.6392367738932715,0.6792832746717055,0.5430114767772822,0.48867165818854474,0.6425081000407032,0.35089378038160257,0.45568531375821214,0.5152209468808783,0.6625109927924515,0.4035449226375674,0.4657454612851,0.44983283855736167,0.4224814244020693,0.4746561891955347,0.5751956257679325,0.6966873499121536,0.43893345612211543,0.373906892905691,0.5435040958863737,0.580730532184906,0.5863490057657454,0.6289508282819258,0.5855788424064704,0.3995790344938337,0.5915621136254388,0.49659832176153695,0.6795156554243105,0.787597858623283,0.5497971749636568,0.7258180858655693,0.4352667865426848,0.7314723129414199,0.4850644482121173,0.5386290785120924,0.48943860857342436,0.6252345478073738,0.710373738291743,0.573691839790221,0.697580539348199,0.45239413702034204,0.5549424147843216,0.47434115378889546,0.5600938718913567,0.5334163968327793,0.5730169932512383,0.0,0.41409749826885894,0.47095252720749337,0.4955205947653276,0.5893758525228099,0.5387291054173124,0.7032606554126981,0.8052244694760874,0.39871206223385913,0.38734562163595215,0.4698380931529988,0.5470165514528551,0.5823071503443951,0.4500739175398538,0.5606984172981394,0.5722764794656924,0.5025742238083963,0.6024671028025615,0.5395039575868472
PRT,0.7419977833353193,0.6168451925357386,0.5284287180344798,0.409435344781101,0.3662327383225032,0.388376349986807,0.6019578032756765,0.46952976088687143,0.5096266203775903,0.5394870429743597,0.9043440504553384,0.48990328791461923,0.5213201746535431,0.5278765907149218,0.6042866067532432,0.6055931513283178,0.6439733110353825,0.701794695268372,0.5078540328628517,0.507068822635502,0.5830682271329345,0.3967568652782622,0.46953264573784637,0.49847204649779747,0.658653836108741,0.32623724364756407,0.47775978085731763,0.4683594729010963,0.3692950329989398,0.404283923875517,0.529025641719462,0.6802724594178228,0.42750841001559264,0.42979681953540383,0.5627310641795641,0.6015253537046263,0.5344084078582618,0.5867263212210704,0.5346910608974811,0.3789343493954536,0.5962756661618563,0.5147529505110576,0.7095988160530191,0.8145928406821917,0.5671412191532521,0.7540398032516215,0.4827577155271212,0.7081401190156957,0.4569042390798459,0.564104674472811,0.5214777496385072,0.541798153971103,0.7339789428120963,0.6053867399541722,0.7410181842051937,0.4069237086325253,0.5378638821767313,0.42982953911005756,0.5585833314446238,0.5165561999995687,0.6109201698804724,0.41409749826885894,0.0,0.5362993379040571,0.5390443310317322,0.5367716365548404,0.5222887738971796,0.6768396626921105,0.7787474388855696,0.41666015381975985,0.3922445473042584,0.5078441568049161,0.5559603506307632,0.5998203798960072,0.4174911168488205,0.5705225906805516,0.6677335790796285,0.4986159568224438,0.6007693418166254,0.5691270215160638
ROU,0.7087329172672798,0.6848739815389828,0.48982484339951565,0.53179152067581,0.5154989684736313,0.5599147377342896,0.5917071514111979,0.45556889893643376,0.449874845734956,0.5769802654948649,0.9067128891202352,0.5774108846497044,0.629914452799085,0.5906541029253808,0.5303299844078264,0.6220345251453304,0.6364374190755214,0.634726190417895,0.550429419400721,0.5902382627434173,0.6851199063289588,0.4845787307769045,0.5881995292220141,0.6084765013266215,0.5945741526791017,0.5358691912454909,0.5436198087478317,0.580740757591492,0.550156270664027,0.580128955465086,0.6123043611349274,0.7889864840244755,0.5290494431293915,0.5123632492163401,0.5790984879651934,0.5535652487910534,0.6742526478064773,0.6765937472057221,0.6700760786710283,0.5240213843830767,0.6047395886333395,0.5964254792265606,0.6764547241315205,0.7053459502044456,0.6134641805013142,0.6707312580769537,0.49373269623645527,0.7886892050370069,0.549706177876473,0.5537864674484425,0.5455178902967354,0.669917269901531,0.6332544306182147,0.6040094458274685,0.6672788680987104,0.5842962262550621,0.6345541750748118,0.527961454688201,0.4553796373094911,0.5572078687306466,0.556067470919233,0.47095252720749337,0.5362993379040571,0.0,0.512492669314047,0.6460340291645309,0.5495364439435938,0.7690850909297875,0.8107289519232733,0.49115576449794873,0.5395959528766727,0.5944882339335564,0.5532317171628701,0.5746208925819362,0.4559609545577668,0.6291156027879038,0.5493095022394292,0.6034685094873561,0.5386691377116765,0.6007142029210362
RUS,0.709126355984151,0.5642573930204673,0.5194349100807303,0.527160055599488,0.5013945374937475,0.5357110942046243,0.6547347808200897,0.5026830387869152,0.5390938685761159,0.5269951106002702,0.850991844297887,0.5187616941303826,0.616140054932239,0.5923162215981724,0.5855201256388567,0.6497328525243262,0.672892966797554,0.6973401551881248,0.5803904065671728,0.6008276297692886,0.7031464473829596,0.5157944018942692,0.5538220171099658,0.5840580341778538,0.5859394446060494,0.533311333197637,0.5608142840574214,0.5691410621950096,0.5319490348258592,0.5405006332467402,0.6038433346640493,0.7631214926109497,0.507704768812215,0.49940960574961396,0.5911978006470588,0.5688780943959278,0.689429356610183,0.6507742675977435,0.6314561064095111,0.5205443426915977,0.5875275379074713,0.5768373142065064,0.6319753363014456,0.7948504835019159,0.607189297575146,0.7314202365837406,0.52205072422995,0.7546184966841472,0.572123273568265,0.59802277898135,0.5267548148416424,0.6610023526485818,0.7325884045542194,0.5823238829876413,0.7411194663151119,0.5355617590948424,0.5689343287131243,0.5539545693825514,0.5462305962108012,0.5730613990208725,0.6189485939932895,0.4955205947653276,0.5390443310317322,0.512492669314047,0.0,0.6273374864443219,0.6047449613597686,0.7278516526851794,0.8059443014732638,0.49129632706843374,0.5659016083048611,0.5662769742413118,0.5797358697798772,0.6328341487302922,0.5049206463114119,0.5950739384914802,0.594178084621424,0.5513746854885098,0.6183564361593984,0.578744300130215
SAU,0.7381911901448514,0.6431636079493549,0.5856750789413959,0.5466441727056431,0.6004155579000858,0.5702420489455913,0.6712192996686077,0.6036275679429134,0.6335821134888134,0.607651969908536,0.8706039243919355,0.6088543392588588,0.634236292211607,0.6723268242365998,0.6899449289455354,0.7101221257166863,0.6958813250197411,0.7268897531189554,0.5721181235311373,0.5708516244963276,0.6732916912907521,0.618355904093492,0.6411232440651905,0.5987761526585267,0.6763362059637575,0.5276725028296829,0.5999664851824815,0.6194042557507143,0.584981784619218,0.581427941991214,0.6376445072472543,0.681735338755068,0.5698811949927525,0.5997300658354529,0.6373682045851448,0.654489632711825,0.6644629177442025,0.659086677506796,0.6385766051501816,0.5713938259240455,0.6434154873900487,0.6372186013830735,0.666137745985902,0.8350640646310936,0.6934109212806406,0.7726056755475434,0.618169570584489,0.7851872664046586,0.6224100751604351,0.6504758277490116,0.6023121958780795,0.6877525990008747,0.7409349575313807,0.6387313484383073,0.719543552101021,0.5618872852737874,0.5850726034774566,0.6043936638535874,0.6316321936713215,0.6134269982221476,0.6469362995353746,0.5893758525228099,0.5367716365548404,0.6460340291645309,0.6273374864443219,0.0,0.6207621050453662,0.7512852052814445,0.7883272539056363,0.6275408641732396,0.5958355208814106,0.6729877716813883,0.6563697801940257,0.6710279843890933,0.6003571832095029,0.6652082892256833,0.68530103335262,0.6185981228774439,0.6422940578477365,0.6346245835110016
SEN,0.759005906818457,0.7423000212969479,0.524447961767369,0.5575996879480813,0.5923976560639657,0.5543360795314836,0.5972976793891138,0.5468317709783415,0.5124580095833616,0.621992054985262,0.9264408081538852,0.6059408842595394,0.6605624961721551,0.5584306462082257,0.6407450167222926,0.5809533736716598,0.571581495377692,0.6197112879270681,0.5168962167342916,0.525758977384925,0.6590146516762592,0.5736352234862178,0.63148517012593,0.6065351899036048,0.658900057217339,0.5427540884055354,0.5541781297066553,0.6058418082722825,0.5585747820165512,0.6057523784723035,0.5798147939532812,0.7851141466513984,0.5533787591443203,0.5454295642467473,0.5989477537630166,0.6158673839048595,0.6609552298808206,0.6359494004245346,0.6301395598580002,0.5672417719652574,0.5780862931003257,0.6431712841002836,0.7143861618150934,0.7450100665503523,0.6566457267836759,0.7173837984982512,0.5302770737549729,0.8024242032757797,0.5506681827300213,0.508070100958671,0.6048044908501917,0.6828134090854773,0.679752241569603,0.6125596676746373,0.6636062235636176,0.5735098908440106,0.6366910090679458,0.5526521018952517,0.5832917202045304,0.5219500601862783,0.5352000904076194,0.5387291054173124,0.5222887738971796,0.5495364439435938,0.6047449613597686,0.6207621050453662,0.0,0.7842905834418076,0.7980505108240421,0.6037345027714665,0.600069252055264,0.652219165864274,0.6094960392188058,0.5485530301521118,0.5498469090130084,0.6778716836606876,0.6267434872179423,0.6240842289827694,0.5729386882244729,0.6156369122814507
SGP,0.848047005930625,0.6939903427462047,0.7572910323245361,0.6812564331873662,0.6693632002835811,0.63361239407241,0.7792465874032123,0.7330867618827326,0.7270080962894239,0.7239234797270834,0.9077539827172963,0.7195938742228734,0.601105736063182,0.7217684894218678,0.7418686174823447,0.8134303112731229,0.8344416187112468,0.8779919779795515,0.7628370265775382,0.7162413778026768,0.7024362974971127,0.6797305215465186,0.6662596190770127,0.6370133148161584,0.7719456758564088,0.6773523217121666,0.7155605160971672,0.625500452845691,0.656691194161053,0.6517309165848916,0.6784407404182196,0.6178247355942555,0.6944068165206932,0.6645462464046534,0.7616297169023746,0.7630851093292043,0.6294515047666128,0.7472326354143066,0.6403411349486365,0.669529693547361,0.7852284293843408,0.688422483484179,0.8438322883296494,0.9124159504918001,0.6306218602950284,0.888426688967785,0.7324467729135982,0.7713716157036756,0.7195295061753755,0.8012546484399917,0.6704399664054752,0.5910897273862509,0.8566421311305309,0.7238268855500725,0.8643954375441492,0.6196144726414654,0.6517138700886356,0.7050941780340119,0.7606271695988633,0.7796934414875888,0.7641277773017192,0.7032606554126981,0.6768396626921105,0.7690850909297875,0.7278516526851794,0.7512852052814445,0.7842905834418076,0.0,0.8502006865771209,0.7081956317975615,0.6972863170030191,0.676721577576527,0.722470967176616,0.7968109190093665,0.7164057680966885,0.5857255584226965,0.803070728289195,0.6767138621715372,0.794714710890896,0.7668082105393887
STP,0.8647133465631353,0.8474904537023719,0.7964907059156703,0.7391647389108449,0.7739772227578713,0.7838451303228683,0.7808381003190593,0.7787165221776365,0.8056810228314754,0.8134534798365844,0.9372737878694971,0.7911686386648695,0.8079417237762067,0.8193327232122681,0.8623054080810292,0.8395851369989151,0.8210811455154792,0.8321634360685376,0.7897398006522673,0.7636496397366144,0.7201514041262502,0.8008141190527595,0.8025183700510137,0.7933568843080385,0.8607087759723795,0.7977070706381393,0.7673041696905085,0.8099631598750755,0.7592753326929558,0.7363900073090359,0.7943115370332706,0.7744194264582531,0.7705817932226252,0.7804690049598938,0.8383976680443417,0.8036031227196518,0.7586018808331504,0.7563254343049692,0.7978266253500277,0.7885582660590463,0.8024147780816334,0.8162661851540114,0.8302164832165903,0.8559802685976504,0.8524576251422197,0.814675350471597,0.7725431460621603,0.7012345183741847,0.7627431246187628,0.8002056016587704,0.8395307113174865,0.7817990388865274,0.8473634107490843,0.7822209331440424,0.825700585928848,0.7530275021552459,0.8042074241542038,0.7893313702143057,0.805723289201118,0.8115729853329487,0.8079509945829998,0.8052244694760874,0.7787474388855696,0.8107289519232733,0.8059443014732638,0.7883272539056363,0.7980505108240421,0.8502006865771209,0.0,0.7936338487955098,0.7872983317534475,0.8257993478393136,0.8126645077723622,0.7711429820485517,0.7852827430164164,0.8444958492943855,0.8278729586456753,0.7836521188410445,0.8287628356566626,0.8011110574735474
SVK,0.7444294451258086,0.652304812282647,0.5624252413359333,0.5053448389726648,0.40608206471837915,0.46960028718904145,0.6685276134180642,0.47047936406403523,0.5319829204615583,0.5453323601758212,0.9096701321553856,0.5438392968734537,0.5583145546291158,0.5947011624928461,0.5808757983113763,0.6518505483506922,0.7151076799835167,0.7338563777476484,0.6000382269635145,0.5883586576667955,0.6609655863022237,0.3719564878398955,0.4826287338695261,0.5841509510907846,0.6604277938182663,0.4193368458236352,0.5125766631162755,0.5034321150932546,0.4528197082475142,0.48863004925161957,0.6247962335815738,0.7102029509918234,0.47865005091367174,0.44098367421631973,0.6057361438121958,0.5991107616502537,0.6055998040360511,0.6469298447254308,0.636372250974888,0.44117191949805695,0.6336967350822829,0.5124308802258519,0.7170345784523958,0.7892679243131318,0.5665321817449285,0.7495859503665202,0.46979704715206755,0.7309369276052831,0.49311342865952595,0.581139705701261,0.5351799760078234,0.5847135313392647,0.760762315150967,0.6012179618663924,0.7761551069092425,0.5027769622449269,0.6175864935625578,0.530011695577219,0.5647373889647163,0.6141167545840398,0.6321430850503306,0.39871206223385913,0.41666015381975985,0.49115576449794873,0.49129632706843374,0.6275408641732396,0.6037345027714665,0.7081956317975615,0.7936338487955098,0.0,0.42815116774129536,0.504252295707936,0.5654761638305897,0.6433549786993634,0.4490709012558438,0.5612556447105841,0.6230702356078349,0.5666586009812811,0.6263364525103683,0.5875036657600476
SVN,0.7762890410135713,0.6537603313259609,0.5383532042410342,0.45115851464906515,0.3888050262696872,0.43315841154067847,0.6200709821832049,0.5009098630565633,0.5416966393214445,0.5786836661979659,0.9304408257408139,0.5024848091006419,0.525992573014518,0.5913810430754665,0.581825543055676,0.660987495038937,0.7017165551439354,0.7147002460272955,0.5820840640307644,0.5582753190137195,0.6260776535790826,0.3683793948555767,0.4364442815407881,0.5181635249052722,0.6964661066531632,0.37653510620343333,0.48069377916886324,0.47689106747181037,0.39785552922318573,0.4256520274438215,0.5742054785648834,0.6988795127989917,0.4533936299657811,0.4318302532843014,0.6083910370227668,0.6196823762747511,0.5486542278137906,0.6133656981118437,0.5698445359605923,0.35740278928687824,0.6414208499169111,0.5095293997521138,0.7226467467793625,0.8149493468374114,0.5505599448468849,0.7888427943899071,0.5183421896729434,0.7007748996075003,0.48928637718678847,0.6129923678213525,0.522968117911005,0.5818678061857496,0.742483169414733,0.6432418345682173,0.7490344802254177,0.435457459554282,0.5628732562771924,0.49656364117450635,0.5976812499375771,0.5799077278174217,0.6709165500736113,0.38734562163595215,0.3922445473042584,0.5395959528766727,0.5659016083048611,0.5958355208814106,0.600069252055264,0.6972863170030191,0.7872983317534475,0.42815116774129536,0.0,0.4813568071154539,0.6124652463516413,0.60278223352823,0.4464062996117118,0.5771934096998138,0.6600252908482696,0.5056680222996837,0.650330097345105,0.6031584369259209
SWE,0.8077218836784571,0.6782258272922123,0.5874534355495871,0.5062422470493592,0.3816974884511997,0.47630436878439814,0.7020941790193517,0.5610548744251701,0.5902892694794938,0.5851307230545838,0.9281738618835903,0.45317500658165066,0.5251815602621338,0.5642852083409242,0.6012167250207253,0.6592838806250609,0.7260767994326295,0.7515772467637253,0.6322284926180093,0.6014535546227234,0.6888491763563727,0.41874042490864255,0.3994096871527778,0.5190418634922443,0.7165749037505599,0.5156486887186247,0.5019145810633061,0.41039695760000494,0.44785832900739725,0.4872925326898866,0.5794374220508061,0.7099137134795435,0.5569610666064233,0.43535909267493694,0.6572051188190665,0.6553651233250359,0.6244322053279665,0.6693703348114773,0.5472655317947346,0.44241824122255247,0.6748926758847061,0.47431876171671317,0.7394335716510574,0.8214257664154184,0.5266565021226299,0.82213064018993,0.5795316064687074,0.7198550619729356,0.5343159913662715,0.6485164976489359,0.5473688439663865,0.6190803381302961,0.7701342360223427,0.6571610400063779,0.7815258880363235,0.47810442600732556,0.5332371407639084,0.5210817956808467,0.6165040903598813,0.6277267209957645,0.6907561274841675,0.4698380931529988,0.5078441568049161,0.5944882339335564,0.5662769742413118,0.6729877716813883,0.652219165864274,0.676721577576527,0.8257993478393136,0.504252295707936,0.4813568071154539,0.0,0.6397060463617614,0.6674474174206864,0.5440667227452399,0.5588128660174612,0.6599376214824574,0.45875988938428947,0.710750857560035,0.5927236337496642
THA,0.753169884225044,0.7025133637152817,0.5250399097850544,0.6331212969302159,0.5894920292417624,0.6246900725321853,0.6403491342297445,0.5688051308421036,0.4651777123129527,0.5418401552691174,0.8917485680694477,0.5982168367533351,0.651137626011728,0.6284654668718603,0.5071615612070974,0.6352582958395352,0.6294360247847848,0.6850022856558229,0.5442789090820214,0.5710351231294183,0.7065104087343009,0.5812051107305829,0.6054683983993191,0.6321690290376453,0.6124905693124683,0.5662659217729854,0.6195083699457006,0.613414694477702,0.5894852081122419,0.6294507297675489,0.6318409908747685,0.7512530778553569,0.5806348005700676,0.5229330921925686,0.4879959124677021,0.5806263467471385,0.6681639436581777,0.6966402391701093,0.6581983860539777,0.5647763940426985,0.6036610004769265,0.5469779875961334,0.749868549354282,0.799432519864037,0.5354238074793687,0.7188044664181439,0.578888158914287,0.8045366078183613,0.6823340087944656,0.5422404540568997,0.5075359061113927,0.6255113335598221,0.6812424434065926,0.5644262653777941,0.7370977594436108,0.6313354370318972,0.6602816359831265,0.6297122870814552,0.5370538616670969,0.5489284302696779,0.5282592397853887,0.5470165514528551,0.5559603506307632,0.5532317171628701,0.5797358697798772,0.6563697801940257,0.6094960392188058,0.722470967176616,0.8126645077723622,0.5654761638305897,0.6124652463516413,0.6397060463617614,0.0,0.569826526046445,0.5158011606220416,0.5201113342193883,0.6415298887000989,0.6179484991399843,0.5173753346236972,0.6382584519682469
TUN,0.7266949348070183,0.7229594314563412,0.5403165485189639,0.60572722734649,0.6302928342493218,0.6405297124896011,0.5621013557921702,0.5575845516878467,0.5070752348717955,0.610568289693023,0.9082356768595605,0.6255706431675857,0.68362849683945,0.6575536747304669,0.5766634517396434,0.637623353533349,0.5789471677611528,0.6258791494437032,0.597391826027454,0.5993741076494036,0.6852142378322919,0.6316594255943369,0.650585196962526,0.6448113665187729,0.6551001299386905,0.6101507107443915,0.6050511799502853,0.6330272604235897,0.6252543813381617,0.6522149372332118,0.6370866422620779,0.8018165624020029,0.6008140834446007,0.5751217427702079,0.57372169600658,0.5946201701558248,0.7113083126018056,0.6897504874577578,0.6943945871188252,0.5956255930663683,0.6325563808002699,0.6524660752835493,0.7114745502445974,0.730754715854639,0.6435452552589201,0.6812935577665623,0.5959280819523953,0.8059500714588632,0.6475987544940874,0.5374425066398237,0.6186685487228943,0.700331803550881,0.6078238321076016,0.6310278125841485,0.7123947275197873,0.6526345616700464,0.6737508593269644,0.6181429209939537,0.5570213117326759,0.5850058863429829,0.5683704465794853,0.5823071503443951,0.5998203798960072,0.5746208925819362,0.6328341487302922,0.6710279843890933,0.5485530301521118,0.7968109190093665,0.7711429820485517,0.6433549786993634,0.60278223352823,0.6674474174206864,0.569826526046445,0.0,0.5304641762688073,0.6730800246187839,0.6225690655649926,0.6551530874640202,0.5560423511951285,0.643834721350419
TUR,0.7181835069712934,0.6560115408947379,0.4572910485016048,0.47882895760580213,0.4395646546695448,0.4815566510571981,0.549761764518235,0.4399060095958168,0.45037503020976416,0.5137224489317948,0.9000441025067567,0.5160744683031966,0.5773890452301536,0.5736212800108793,0.4999190492532959,0.6187054334530206,0.6224663582872197,0.6427157013916138,0.5014750162088553,0.5285003216492468,0.6263968589542057,0.4457171061012559,0.5167103701638467,0.548575275676001,0.5567924088439324,0.42531945664505755,0.5186731753086504,0.5185838932499955,0.4663695707452227,0.4986680896975498,0.5481139483228206,0.7570953969583284,0.4870483517967543,0.4721183140891034,0.5328410683006544,0.5208239245296796,0.6284825750186773,0.611509182966331,0.6066552860941108,0.42186093777830636,0.5834634481383704,0.5226872281170061,0.6936584388713563,0.7403771087574019,0.5292631777293305,0.7251371980815883,0.4951151407813922,0.7281079970385604,0.5194767626455566,0.5099540549222042,0.48822967363316394,0.6038299999866299,0.6724615882517668,0.6112696097179743,0.7280157923010189,0.5210831080139634,0.5969398752429055,0.5004046262982494,0.47864544369695833,0.5007623846457225,0.5900388991585083,0.4500739175398538,0.4174911168488205,0.4559609545577668,0.5049206463114119,0.6003571832095029,0.5498469090130084,0.7164057680966885,0.7852827430164164,0.4490709012558438,0.4464062996117118,0.5440667227452399,0.5158011606220416,0.5304641762688073,0.0,0.5585291430600272,0.5885545525969833,0.5466202931156391,0.5480864552614038,0.5527155428206735
TWN,0.814716650986964,0.684131376928643,0.5829671309775145,0.6265965771012662,0.5460113730637217,0.5492370381860134,0.7060009081263204,0.6015344762368411,0.577251900306707,0.5549436193576006,0.9129692377991002,0.5735265512676847,0.5869738993947831,0.6466702365978372,0.5022405217930884,0.7024452305001494,0.7580630698865568,0.779231435521933,0.6192214806362704,0.6131128465465008,0.7309027951228669,0.5402047570581731,0.514820793289835,0.6206116209150141,0.6677774896284348,0.564458662771991,0.6428527023350403,0.5052546857720681,0.5631163878680381,0.5970330234828326,0.6268873310346569,0.6914831204584369,0.6117224436204314,0.4967810184887209,0.5951263906385615,0.6104113462068405,0.6473824515418531,0.7136945931805395,0.5717192868805637,0.520334068178671,0.6550079766953794,0.46388779586882345,0.7784679147224655,0.7995779515040476,0.3908746631440635,0.8177444500114507,0.6390696052076743,0.7489829298128563,0.698178534221269,0.6424928739880232,0.49551457430902734,0.6111141182573596,0.7697410898501273,0.6298310120553792,0.8109245036085372,0.5599069827611987,0.6477071730133408,0.6463593565348592,0.6295851156574974,0.6377684085229967,0.6584277967201629,0.5606984172981394,0.5705225906805516,0.6291156027879038,0.5950739384914802,0.6652082892256833,0.6778716836606876,0.5857255584226965,0.8444958492943855,0.5612556447105841,0.5771934096998138,0.5588128660174612,0.5201113342193883,0.6730800246187839,0.5585291430600272,0.0,0.6394002006020006,0.5530152048956003,0.6648396969533659,0.6210175444587827
UKR,0.7760668737990905,0.7455292391988213,0.543273437496361,0.6352559813434993,0.6422193084465172,0.6379837118353262,0.6661541369782389,0.5609368128397282,0.5480238205420372,0.6289483609786736,0.9053558422207842,0.6260675058477089,0.7061364764625168,0.679008814347148,0.594492398396286,0.6828953246942178,0.6969546180959322,0.6442014166457674,0.6566139255666547,0.6460122055938139,0.7546087839123592,0.6081443886939111,0.6606560358505322,0.6739180828951135,0.6564239925293678,0.6510554170011105,0.6590816548388181,0.6431008076631616,0.6417855448127521,0.6831750766305081,0.7012060569767968,0.8122575734215858,0.6422599224139631,0.6073869795721007,0.6446106031554981,0.6163898960963864,0.7434778350979754,0.7464751930770905,0.705705475698792,0.6326234376002118,0.6349902750077323,0.6368658429252776,0.6868871331596482,0.6469851340545535,0.6670263527605961,0.7371863587789662,0.614543839907858,0.8111178686904367,0.6672063384288642,0.6040313595146525,0.6049665977651423,0.7761388829085181,0.649754110027692,0.627336064000242,0.702114150843664,0.6590787764095608,0.69291660123624,0.6530429357735629,0.5724712437552477,0.6391174307362678,0.6201073005828213,0.5722764794656924,0.6677335790796285,0.5493095022394292,0.594178084621424,0.68530103335262,0.6267434872179423,0.803070728289195,0.8278729586456753,0.6230702356078349,0.6600252908482696,0.6599376214824574,0.6415298887000989,0.6225690655649926,0.5885545525969833,0.6394002006020006,0.0,0.6614828436753364,0.6357845617637745,0.6486657095462922
USA,0.7716528383998743,0.6435241951319067,0.5200055264907566,0.46013905994356863,0.4325973281553346,0.46318742665716556,0.6842437389743813,0.5868825441151636,0.5925471454907726,0.5352537658821042,0.8824474243920228,0.3770340109436753,0.5344176558415967,0.559364508925303,0.6093487780475991,0.6613854941813564,0.678845737063683,0.7407761477477958,0.5388509692314076,0.5537009153848808,0.6955311526324625,0.4735407902310659,0.4133287906078041,0.47893302318389536,0.6849782086030378,0.530703356294507,0.5531890652395138,0.48458762538950023,0.4136931990324463,0.40818763583978046,0.5535425588898611,0.682117540941894,0.5423512072542749,0.43885685437884825,0.6409298977686915,0.6233964600965634,0.590176952960514,0.6272508035659375,0.46398407407660314,0.4504111470938624,0.6246231412000809,0.5090190001005588,0.6779940069630066,0.844563058896118,0.5420148000808225,0.8024835528613607,0.5732918040935869,0.6807396607293751,0.5910880220201625,0.6377105723637455,0.49246586586184554,0.6312979132963776,0.7592767958544848,0.6239781381365277,0.7156152346359792,0.4025176560736611,0.5193471381850917,0.4867523529424161,0.5974326200104192,0.5628622736484516,0.6734315797699448,0.5025742238083963,0.4986159568224438,0.6034685094873561,0.5513746854885098,0.6185981228774439,0.6240842289827694,0.6767138621715372,0.7836521188410445,0.5666586009812811,0.5056680222996837,0.45875988938428947,0.6179484991399843,0.6551530874640202,0.5466202931156391,0.5530152048956003,0.6614828436753364,0.0,0.6809614798431821,0.5414822785726261
VNM,0.6710950396785517,0.7124913732747921,0.5159424973450071,0.6384470287545744,0.6565292625731306,0.6743598580832134,0.4960638833042931,0.5757015478692048,0.4768315836774609,0.6134117231668544,0.8663868982411238,0.6475444599728312,0.7051599127492806,0.6405623448436546,0.5665743308285245,0.6467541036713987,0.6292875222822156,0.6685287901249756,0.5460785757119552,0.6081858598501423,0.7081201976595898,0.6379672706991791,0.704867892758861,0.654841521779736,0.6175365713566492,0.6280063755499515,0.6215262211551645,0.6726615279640615,0.6603672520571465,0.6709959496430643,0.6568666356832439,0.8178795694521621,0.5902292854969925,0.6188079443433818,0.5607084169806623,0.5806105323877095,0.7134969818653243,0.6879778319692843,0.7278749917932721,0.6290211863267702,0.6349991606108651,0.674112427906893,0.6952654146896085,0.7181794773085,0.6701794131724038,0.628618517148782,0.5827730944947038,0.8224578990114024,0.6698729873994494,0.5554993014901113,0.608261702238203,0.6858904425636075,0.512420333945679,0.6162592698028535,0.6775287915851437,0.6689812161325189,0.6658640018231209,0.604893526540806,0.46333563809741035,0.5830890508231202,0.5278116983704894,0.6024671028025615,0.6007693418166254,0.5386691377116765,0.6183564361593984,0.6422940578477365,0.5729386882244729,0.794714710890896,0.8287628356566626,0.6263364525103683,0.650330097345105,0.710750857560035,0.5173753346236972,0.5560423511951285,0.5480864552614038,0.6648396969533659,0.6357845617637745,0.6809614798431821,0.0,0.6882502942019401
ZAF,0.7759282146112374,0.6815917759137787,0.5628837306519532,0.5422692367944257,0.5653900266837264,0.5676123327288339,0.7204376908772491,0.57316232890742,0.6076254320588304,0.5522111520694686,0.859287846675319,0.5432919008549644,0.667348647836622,0.5997167230649033,0.6008657972378053,0.6588680436344561,0.6797181443567807,0.7209214969928741,0.5722162787700682,0.5959342600865379,0.7370163861160832,0.5488974514028218,0.5747686156671392,0.6142544632401269,0.6672016693914681,0.5835769447561999,0.6325357466938675,0.5870059064110102,0.5590613633959043,0.5851061283886674,0.6320134638740368,0.7732766860187903,0.5872312473593814,0.5314510036962711,0.6278474746766072,0.6095824168612799,0.6978862669950963,0.6851294394380586,0.6237017405586188,0.5598036939563508,0.6146541711791594,0.6003026459278266,0.6913036174911645,0.8166350326610602,0.6307782656423643,0.7641201804168606,0.5861827819616451,0.7744379203666104,0.653207720761892,0.6054547125964354,0.5734841675389193,0.7073176053244351,0.7601346438652448,0.630648364443452,0.7664140459723402,0.5683919371602397,0.6428038190856181,0.5755258054768524,0.637692247296675,0.5669066622231962,0.6507504459728312,0.5395039575868472,0.5691270215160638,0.6007142029210362,0.578744300130215,0.6346245835110016,0.6156369122814507,0.7668082105393887,0.8011110574735474,0.5875036657600476,0.6031584369259209,0.5927236337496642,0.6382584519682469,0.643834721350419,0.5527155428206735,0.6210175444587827,0.6486657095462922,0.5414822785726261,0.6882502942019401,0.0
