,AGO,ARE,ARG,AUS,AUT,BEL,BGD,BGR,BLR,BRA,BRN,CAN,CHE,CHL,CHN,CIV,CMR,COD,COL,CRI,CYP,CZE,DEU,DNK,EGY,ESP,EST,FIN,FRA,GBR,GRC,HKG,HRV,HUN,IDN,IND,IRL,ISL,ISR,ITA,JOR,JPN,KAZ,KHM,KOR,LAO,LTU,LUX,LVA,MAR,MEX,MLT,MMR,MYS,NGA,NLD,NOR,NZL,PAK,PER,PHL,POL,PRT,ROU,RUS,SAU,SEN,SGP,STP,SVK,SVN,SWE,THA,TUN,TUR,TWN,UKR,USA,VNM,ZAF
AGO,0.0,0.6410856414232801,0.6841053010498315,0.7299426662373576,0.7391489903897438,0.7672965265203151,0.7299330768554488,0.7413429895806728,0.7047850267995363,0.6961814760214283,0.8090959783548048,0.7125258804963998,0.7609362414306449,0.7707285797894522,0.7614347214252953,0.7786217251916553,0.7259729597849597,0.8092936046607148,0.6961420503521721,0.721978963671787,0.7969414793410274,0.7589150948181264,0.7712834765123312,0.7446075102440696,0.7237037008689369,0.7362280196740169,0.7529213746611786,0.7732373698697709,0.7333005707395909,0.7244399834553341,0.7434382189708154,0.8168290185685606,0.7072220628748356,0.7258642956946445,0.6893603892133673,0.702706758385127,0.7853496558446634,0.7935977781693325,0.7826472742182725,0.7559468520150899,0.7348092809728903,0.7950087521934524,0.6859973699137198,0.8051499466530174,0.8020516861904108,0.680307141504438,0.7389356001854523,0.8489995989596,0.7608292064885906,0.7081987165502849,0.7165155508271372,0.7968603413250976,0.6881947095018625,0.7083575248910423,0.7573443331973593,0.7305122249481916,0.716434357555997,0.7130000065988918,0.6332759422894779,0.7169254315260345,0.6991737470998679,0.7396448159823672,0.7182240985392854,0.6956058988887022,0.6854131587073694,0.7051826173682191,0.7412977640617185,0.8121079258256709,0.8665259587383393,0.744565161079779,0.7755602870356533,0.7742825322150544,0.7260416584876969,0.7074847949901989,0.7068782942635021,0.8033266698008801,0.7421625971951468,0.7415038987372337,0.7077902233671624,0.7417181144753929
ARE,0.6410856414232801,0.0,0.6838539171708454,0.6059915139187532,0.625501012818913,0.5699347895604443,0.7631319124127208,0.6325139911383462,0.6935546425399745,0.602614258570839,0.700013338775341,0.6070477507270958,0.6652950307604382,0.6946672228991275,0.7242165169394245,0.7220974832798106,0.7260694520847779,0.8427887880120724,0.6549844975474458,0.6478652466335678,0.699834449010947,0.6293456448579824,0.6413236705625912,0.6485246186921167,0.7223830738389603,0.6041280540321731,0.6708345389413372,0.6236270923547004,0.609730638683108,0.5975088987037986,0.6573084430999759,0.7181804822182417,0.63320315258302,0.6216535734770114,0.6604596173376431,0.6761114935550437,0.7139239249755788,0.7194026525442115,0.6409074931958443,0.6129062487828328,0.6702233470066566,0.6818630444123268,0.7126784324490694,0.898923660031276,0.7033868201992473,0.8023427136901888,0.6560713385687893,0.7703651060255511,0.6811744645028696,0.7248893535175618,0.6250064582409449,0.7038951362971255,0.7868011075205097,0.6803332861915191,0.8036937162943255,0.5937208237940993,0.5869889046482049,0.6362504488535715,0.7164384492557612,0.6693832122909704,0.7190755204560377,0.6079843894886251,0.5878285743512425,0.65657804006673,0.5855475861289406,0.659039567261072,0.7196878615797097,0.6422098129302332,0.8392274897672479,0.6328448847211985,0.6426994936991921,0.6581853061165337,0.6930466489947725,0.7274089754978261,0.6530392424751159,0.6890625759072249,0.7570849977819494,0.6464724170784378,0.7337853554001497,0.6535358606756063
ARG,0.6841053010498315,0.6838539171708454,0.0,0.5658083067465651,0.5337989381618495,0.5303503028872225,0.5994763845413029,0.5328004831885691,0.44268961743995794,0.40029126281704897,0.8821551355097289,0.5266971937640085,0.5806864656843576,0.5915213625630471,0.5068676266458407,0.6230949247834467,0.5888633761157519,0.6316948656637317,0.46539024644773214,0.5464619200474946,0.6900816841138959,0.5501480192393218,0.5490961079206274,0.5861828960772966,0.5804950389727732,0.49127705122305776,0.5850876618188836,0.5965600029109848,0.5538810393382684,0.5559061872203829,0.6063877245995632,0.7646562311490647,0.5317550119148144,0.4864708254518417,0.5168543907029559,0.5104615360533324,0.6149455754973283,0.6659204244401284,0.567506286415737,0.5066645500666913,0.5670202779639344,0.5414919907802845,0.6460664216099208,0.765513357336901,0.5591757556019084,0.7028917331605701,0.5515980672857653,0.7711692899460189,0.6285382164768908,0.5151345512085641,0.4647583590078638,0.6971036759262754,0.6280516790383204,0.5361858552144976,0.6743494268421978,0.527376246367329,0.6082590773416524,0.5381714188635839,0.47737667955183216,0.46155770584140393,0.5443272001521905,0.5067353325851501,0.5078194731289887,0.5109018953235187,0.5110040854789835,0.5922452714978668,0.517800912509676,0.7273341078551245,0.80759234908234,0.5900473826762552,0.5585322821339233,0.5783899149341923,0.522798727705817,0.5367135193172127,0.4643393085745553,0.6084836466529401,0.5579865647066933,0.5051752652993386,0.5541615749532597,0.5485550278991412
AUS,0.7299426662373576,0.6059915139187532,0.5658083067465651,0.0,0.4605259292823867,0.4624881598450593,0.6399713017684397,0.4672846113569584,0.6023851008588669,0.5021842398472924,0.8805384531481585,0.46391064190944253,0.5455037944293156,0.5262346339909008,0.6546246431333353,0.6693523106453011,0.6318397735071404,0.7036422878236319,0.5525921998689249,0.5340375702059775,0.5961625987475636,0.4762214217812329,0.521136303243111,0.5291031215915459,0.7068288100109151,0.44228584889965644,0.5347778561908418,0.5328502200617352,0.4286142309863462,0.4041301924300439,0.5744254519114618,0.6681546033035328,0.5418235287636409,0.5172465497780512,0.6098063697886024,0.5994776673555174,0.5822263514757089,0.6246763781526871,0.5493197231652615,0.4700473027961144,0.6481177811578651,0.5850163367989344,0.6048784259620682,0.8263932560961144,0.6460675690126003,0.7612285001950346,0.5547112726027129,0.7017104043918717,0.5213494751125102,0.6429467183303993,0.5639665972408539,0.6112205840244116,0.715381380244888,0.6225346126751914,0.7235163161149423,0.42010950902173894,0.49467171763109385,0.44380148593152685,0.6161285583996822,0.5319168307324169,0.6368270448422396,0.46611043326188506,0.43917327060091244,0.5164250309839524,0.5554762814735055,0.5929195862106335,0.5686763819840125,0.6761964051866368,0.7673594743669627,0.5440470019439465,0.46426814309663267,0.5068689697184957,0.6722668518718691,0.6142108741306772,0.5387411746705668,0.690728993106274,0.665274713646953,0.4894128482988763,0.6587683093677408,0.5518349086529133
AUT,0.7391489903897438,0.625501012818913,0.5337989381618495,0.4605259292823867,0.0,0.3837021918760287,0.653932709160574,0.4763171227374671,0.558542698792374,0.48471340531603413,0.9146211097605661,0.47322795974016213,0.4152363245226212,0.5207879184058888,0.5984913292672183,0.6513027538615647,0.6776561145103007,0.7860434776567046,0.5429520703790991,0.5255624958941076,0.5847517812952389,0.3545026666883108,0.3796294085997671,0.5052027451790293,0.6974047915228967,0.3318293473114231,0.4494868715591992,0.44246317190343465,0.33745551231247856,0.36225385903832286,0.5533751240636199,0.6550004561394788,0.47960628278293327,0.42446529898568625,0.613542049837874,0.6146333984489966,0.5927215438615114,0.6217705358886035,0.49951101745156024,0.33737276679471234,0.6583665492732848,0.49703267919561134,0.6845781437781377,0.8412269027784722,0.5508775207350554,0.7648337748565974,0.5020800673238812,0.6683833861892189,0.4401590977244721,0.6448455632615129,0.5428082240627727,0.5680328762404283,0.7509896119437965,0.6301106566150148,0.7602402514271072,0.39402116101446044,0.5011930213178666,0.44871250512438815,0.5755216045425644,0.5652959049019705,0.6505390973836923,0.40289504989364294,0.3227446134590018,0.48150189296774376,0.503657781316044,0.6280842704641296,0.5980153301739896,0.6450310737482974,0.7870825864849376,0.39845617995387417,0.38049015650925705,0.3931628397498711,0.6180853218973351,0.6385168760269304,0.4514603634635332,0.59846694356934,0.6614271657570863,0.45808266350592297,0.6767501229345259,0.5668477851615575
BEL,0.7672965265203151,0.5699347895604443,0.5303503028872225,0.4624881598450593,0.3837021918760287,0.0,0.6477329449801141,0.46752354450919026,0.556408534549816,0.4582038795914792,0.8766543058946822,0.4838067676432614,0.47472969193904485,0.5434904522043443,0.6282976642419038,0.6288485151420747,0.6542895027540871,0.7705807584091076,0.5370400942810594,0.4883894353582107,0.5709737217649202,0.4156043587950879,0.38958462881155376,0.4869328562112109,0.6881913338944692,0.34615497567962134,0.501691609884096,0.4689011558723768,0.3624246895790613,0.3896511547871407,0.5273088427096213,0.6585067053268161,0.48657632713349924,0.4199730936510422,0.6353065283483051,0.6074771355498116,0.5762125368624531,0.6057049420067351,0.4607363735938778,0.3636304850454119,0.6250819903973727,0.501311389786176,0.6812514227342822,0.8341823869639943,0.562654347683796,0.8020611368142788,0.5032615540236585,0.684455430122025,0.4995810322937558,0.6274023622778303,0.5302733009833104,0.5988312559799082,0.7494289096887502,0.6249571186950472,0.7485305883519737,0.37227415924085794,0.5071470741821456,0.48107143688997833,0.6200736961612502,0.5496344145367056,0.6503492628136283,0.42153659902531443,0.36510587554371193,0.5350888188274328,0.5280603597572217,0.6101492244051486,0.5654237718952991,0.5953677654634776,0.7903413209627758,0.4733694672641905,0.40169649471427754,0.45975123039563126,0.6462368754425771,0.6451469182917791,0.5011881852599464,0.5959228112794318,0.6565160578980277,0.4646795955020385,0.682477749357644,0.5580282271527278
BGD,0.7299330768554488,0.7631319124127208,0.5994763845413029,0.6399713017684397,0.653932709160574,0.6477329449801141,0.0,0.5977833031961292,0.5391421471942094,0.6256425257505744,0.9247929839284895,0.6542266866242606,0.7034734721252948,0.6749585031443992,0.6446775853032037,0.6815357778825598,0.640877766692697,0.6800648603523523,0.6221082303631249,0.6262715522313231,0.6833892121976897,0.6706016654281273,0.6855301550950781,0.6518787391681028,0.7030572424160842,0.624356056566286,0.6336062747537813,0.6842661555044469,0.6453666146743234,0.6627475572539054,0.6416827821210944,0.7429509715787834,0.63174711102716,0.6402345150082379,0.6381233644767643,0.6021920065378846,0.7060257402803097,0.6567735633896802,0.6853106794692825,0.62830917682293,0.6632127872826853,0.6914769098239446,0.6993960775191572,0.6759791664348667,0.6871201968108424,0.6589721966864139,0.6594057089579438,0.769004446748013,0.6551503526551737,0.5997341095428372,0.6707125960644045,0.7243932236337887,0.5328712100185421,0.6823026739247281,0.6957244973836266,0.6523008086635667,0.6629577724429399,0.6166371070740571,0.5313205919775079,0.6033294382312608,0.6171300481047912,0.628699397009221,0.6036939658741077,0.6034563385380532,0.6505337763583173,0.6806546000545505,0.5936616633477086,0.7708659662741726,0.7858764278131872,0.7086017762126376,0.6406174515636736,0.6865121476552818,0.6408297223257599,0.5713442630504189,0.5400222106310194,0.7239563803553898,0.6609788342859003,0.6895506796110039,0.5489696770243336,0.7104644858724706
BGR,0.7413429895806728,0.6325139911383462,0.5328004831885691,0.4672846113569584,0.4763171227374671,0.46752354450919026,0.5977833031961292,0.0,0.5060032258197904,0.5080779948040025,0.8885218242180437,0.5090184751735979,0.5736432498223681,0.5542861128100492,0.5952582125743632,0.6088244614503188,0.6326737724528081,0.6846275990745696,0.5458105925618862,0.511800009518555,0.651575290612828,0.4597142713448114,0.5098100373206168,0.5651205496269669,0.6680971887767628,0.4315605280787492,0.5233238603317757,0.5270591311182832,0.4807002135706821,0.5172988878582279,0.5451378088412211,0.7154525584475788,0.48777123854566007,0.47015430072306197,0.5998631510240978,0.5289138646292972,0.6288522924530607,0.6324901706868453,0.5609147781316588,0.45390309486846436,0.5599054318198959,0.5519450892287597,0.6448313118496528,0.7590983872951,0.6084791336542582,0.7190751221980428,0.5104919116885219,0.7184301877272123,0.5335848478105293,0.5651283827099218,0.5540376188365177,0.6524934130625581,0.686288666723707,0.6075817057872346,0.6970344345051076,0.4852339813906532,0.5766515613341344,0.49566282972866266,0.5819679349638676,0.5309564078310982,0.5727892460143502,0.39125555416131813,0.4561528405113372,0.4488773282641397,0.5028551197891113,0.6056100576291538,0.5262051385823067,0.7196532811962796,0.7753317398489951,0.5219319476950773,0.46005890116016895,0.5030104140979639,0.6058796357255792,0.6103642363340787,0.47621754538300254,0.6305319057377503,0.5833624807367718,0.5518427926350802,0.6288903756990937,0.5392280726285705
BLR,0.7047850267995363,0.6935546425399745,0.44268961743995794,0.6023851008588669,0.558542698792374,0.556408534549816,0.5391421471942094,0.5060032258197904,0.0,0.48978196224358694,0.9088236444483613,0.5776947471637962,0.6163918761168805,0.6127386047261043,0.4730214478395581,0.5731502523689379,0.5923422235259781,0.5997826338970971,0.5147991015330275,0.5286362068940936,0.6576384595516527,0.554714483089179,0.5626686067094968,0.5880988801541694,0.6027945248235014,0.49070433486498244,0.572987078221963,0.5690069348855517,0.5642666628666256,0.6051676765967774,0.572747663740422,0.76245356408209,0.524869599583687,0.48281848579125985,0.47663937934916784,0.5113720007024367,0.652715107886298,0.6294733688593616,0.6216036819315236,0.5302792340526646,0.5145082999827656,0.5606475895105439,0.7166649858017715,0.740754253974394,0.5392838502994719,0.6501557810113903,0.5397563984419969,0.7726939818744101,0.6203881064353517,0.41457000606725763,0.5225551360914886,0.7062904795197311,0.5790478444744108,0.5548507189743948,0.6664977959335261,0.56698426534159,0.6281403216388556,0.5364621424983956,0.43106127469270256,0.5097368426572643,0.480420740061463,0.48241088199151116,0.5034153662228013,0.5069579469772572,0.5392241701951402,0.6589783103184105,0.5063215781930382,0.7142220985762862,0.8170062935945641,0.5967036210993987,0.5894197104967186,0.5832370395410825,0.47208231484962115,0.539200310028792,0.43683286446159453,0.5986877225104965,0.5642017373682083,0.5975208977127602,0.5054427741613682,0.5857741101204967
BRA,0.6961814760214283,0.602614258570839,0.40029126281704897,0.5021842398472924,0.48471340531603413,0.4582038795914792,0.6256425257505744,0.5080779948040025,0.48978196224358694,0.0,0.8391155223065053,0.4609791764395059,0.5515838313719426,0.5607864148298952,0.5144057626315426,0.6013596065578191,0.6100319628681005,0.6891742809551363,0.44888645679862615,0.5135579477021052,0.6881004719635216,0.4982295626408535,0.4759234364499342,0.5577578742904901,0.6131062795656396,0.43353780921977564,0.5657318188029405,0.5302514360522922,0.46726657366815333,0.4884007886188583,0.5682677383457819,0.7146353037713876,0.5033805288627222,0.4379973235953654,0.5070884648735652,0.5270843027726724,0.6159676868882129,0.649715932624275,0.541060867169763,0.43980726965491085,0.5726559826828227,0.48209773655739313,0.6357239752909806,0.8155982981422872,0.5220321850391358,0.7272355508656518,0.5176601546906294,0.7326456360130892,0.611443712137482,0.5292992438329144,0.41360710331013634,0.6667953677115008,0.6791519438175295,0.5235405012058474,0.7168528275699889,0.46008252312240466,0.5709028564999197,0.5299643208950638,0.5195314018815651,0.4459351094307017,0.5576290262058071,0.45004548562015534,0.4356758613000181,0.5156722091135238,0.46724231045071757,0.563725961291697,0.5527439788161661,0.6832049055657423,0.7967495654300545,0.4993306999350779,0.5056973031412768,0.5318142448287755,0.5098252034114947,0.5667059164373228,0.43126724648673137,0.5632429145146436,0.584843797635445,0.4703205935965295,0.586615183651422,0.49990924887201454
BRN,0.8090959783548048,0.700013338775341,0.8821551355097289,0.8805384531481585,0.9146211097605661,0.8766543058946822,0.9247929839284895,0.8885218242180437,0.9088236444483613,0.8391155223065053,0.0,0.8400215238448622,0.9236224019960187,0.9086021869642459,0.8994346098474666,0.8864980614369083,0.8577995337717383,0.942480581558489,0.8295617383688517,0.8944388643907607,0.9325084422871749,0.9105680155672723,0.9068972329290039,0.892472204307541,0.8268864581038875,0.9089796958690081,0.9108349802334026,0.8949124405140504,0.9043914579819373,0.8927791201207778,0.8776154370548159,0.9418529030296263,0.876333367436126,0.8961815656642128,0.8413400793543169,0.8513247162118395,0.9384610336306005,0.9357827836527852,0.8920820878506337,0.9043568131261176,0.8381984615419131,0.912947111554626,0.8351853756516482,0.9602126217604519,0.9256944621330234,0.8968087221183203,0.8810462741743568,0.9514787090162115,0.9334407720834924,0.8865718402188195,0.8477641789838752,0.9320540066422845,0.8902421526828146,0.8417565566154183,0.9298385800702584,0.8844587063566822,0.8662289748462166,0.9001867156219141,0.876928338306997,0.8533929071833845,0.8973421154398122,0.8920542557558275,0.8970508127538779,0.9039076520715662,0.8336941886828737,0.8508227524674464,0.9044916222297734,0.8974614413114602,0.9508691609241636,0.9075593795284163,0.9275633688025802,0.9166758732935149,0.8857994106695216,0.8855747651191865,0.8971411464612484,0.9126493181300392,0.894815502791322,0.8690606348708071,0.8791207268813093,0.8432660658461105
CAN,0.7125258804963998,0.6070477507270958,0.5266971937640085,0.46391064190944253,0.47322795974016213,0.4838067676432614,0.6542266866242606,0.5090184751735979,0.5776947471637962,0.4609791764395059,0.8400215238448622,0.0,0.5572819175570678,0.55478034607556,0.6351581985255117,0.6278114373972269,0.6188121888449025,0.7391417653880146,0.5195467091137683,0.5300092777260909,0.6571398953943721,0.5103768355338394,0.4752943379429385,0.5284066975799855,0.6720742814941464,0.47362167430453456,0.5326240615407097,0.49577844875672966,0.4490312308875227,0.4488078378234873,0.5474987460291268,0.6822069342837515,0.5403824489002101,0.4645744460300123,0.5940905144488305,0.5952271831926135,0.6077114556843549,0.6292744043064108,0.49688159964848627,0.489122585549284,0.6083126618688292,0.5365589746927226,0.6218380488717132,0.8392207914844414,0.5899559172080967,0.7651799141629234,0.5525171592728244,0.6969394207837357,0.5806337459607657,0.615609773459395,0.5103191772854465,0.6528879872975375,0.7170465125442711,0.5887429741770412,0.7181943795694623,0.42467444534478593,0.48943593361387555,0.5030750402973562,0.602455062051195,0.5062953822867049,0.6430115251060912,0.4983488522120477,0.48181326540936614,0.5647858811004292,0.5089568731823033,0.5743242560269164,0.6025676368644836,0.6897920950802967,0.7661374155162773,0.5709261221816285,0.5201395320450813,0.46628543598630273,0.6281334356756672,0.6087340060883765,0.546704525990792,0.6389502790461149,0.6417971245768307,0.3758137051826146,0.6786345046416025,0.5352598586055443
CHE,0.7609362414306449,0.6652950307604382,0.5806864656843576,0.5455037944293156,0.4152363245226212,0.47472969193904485,0.7034734721252948,0.5736432498223681,0.6163918761168805,0.5515838313719426,0.9236224019960187,0.5572819175570678,0.0,0.5450774449884509,0.6446295673005361,0.6762449390594183,0.6919114442028843,0.8112589352841941,0.6023255889778879,0.5442987965951116,0.6104998612166229,0.5051905105676672,0.48011261087207624,0.5009990650974969,0.737896575907458,0.48869261401341424,0.5247237813328619,0.5211497636746036,0.4582437452588911,0.46643029891596294,0.5839772182943145,0.6201825373572578,0.5445760160051489,0.49001525723117684,0.6437102051330647,0.68746818263394,0.5400966190351223,0.6423434570429409,0.4911850298421379,0.4798650466758042,0.6872308345223571,0.5417828150806162,0.7222083048466093,0.874079995663522,0.5850898870548266,0.7918994338156259,0.5721972590550736,0.6997333830103772,0.5490637787505411,0.6871554203207898,0.5749543789841677,0.5623933958881263,0.7804613787544376,0.6596849408874212,0.7659736427480506,0.453650732747821,0.5601745353395448,0.531175202547978,0.6252203410279736,0.6271826542959469,0.6421128677369319,0.5328366287615539,0.47625316972798265,0.5806917523264516,0.5946619815960171,0.6461072898853609,0.646588398935761,0.5434954707378865,0.8158424581885789,0.5167753300417407,0.5094338543025305,0.4934785123614169,0.6403479596282483,0.6795577629959223,0.571945006737733,0.6055026250445567,0.695920151190227,0.523434216517267,0.7046739986457466,0.6464756382250312
CHL,0.7707285797894522,0.6946672228991275,0.5915213625630471,0.5262346339909008,0.5207879184058888,0.5434904522043443,0.6749585031443992,0.5542861128100492,0.6127386047261043,0.5607864148298952,0.9086021869642459,0.55478034607556,0.5450774449884509,0.0,0.6616594110632773,0.6449564606190187,0.6649948657171125,0.7205808119295766,0.5859679202602965,0.5619101089832128,0.6488854888303764,0.574729796431592,0.5548020148698658,0.5999978926266488,0.7335908025562768,0.5374880382325138,0.5538710349026674,0.5566716606113237,0.5119766294159721,0.5354739986107087,0.5810740159006726,0.7232965649150366,0.5397468462176117,0.5503012206830047,0.6510783658145001,0.6881008051665728,0.6232495987796228,0.6386495898732313,0.5366180151694473,0.5531300942153503,0.664990159077453,0.6107477360541687,0.6859125257688619,0.8651218422544357,0.628124051372737,0.7455090554820472,0.5714244185202675,0.7494378077758045,0.5944785712666819,0.6530398989068713,0.6005057796916534,0.6474492354674157,0.7467845801866774,0.6747603900470456,0.7578117609837944,0.5161242924888542,0.5677134763244464,0.5073323209930155,0.6461675238742893,0.5443559560823397,0.6177055512452159,0.5552238651051802,0.5164735919471408,0.6035574197464534,0.5986223390793116,0.675397315593405,0.5868490657888586,0.6973193927138696,0.8239297111910704,0.6020791757233978,0.5747823978157215,0.5406809708292358,0.6458675377471047,0.6638207801912253,0.5958255596845647,0.6732406169761982,0.7004678598640105,0.5518578419580412,0.6447423162574274,0.6042123838786747
CHN,0.7614347214252953,0.7242165169394245,0.5068676266458407,0.6546246431333353,0.5984913292672183,0.6282976642419038,0.6446775853032037,0.5952582125743632,0.4730214478395581,0.5144057626315426,0.8994346098474666,0.6351581985255117,0.6446295673005361,0.6616594110632773,0.0,0.6795990922432938,0.6866544390900443,0.7386956450030197,0.5736327173254762,0.6835977521860308,0.7554578252276124,0.5852292841614235,0.5862407684743972,0.6819566073426088,0.6208847472778289,0.5740423870758813,0.658514186498894,0.6113699794110204,0.646633820138959,0.666024590966761,0.6760065159450528,0.8370709304591845,0.6332359862055333,0.5617832447323883,0.5142294397989693,0.5221889134357937,0.7264219323724308,0.7358164149315835,0.6495801092847767,0.5636521999120719,0.618453257544716,0.5486578172134613,0.7491894553950955,0.7989503051771175,0.44913100182841664,0.7571506222973131,0.6581972197724651,0.8201451983592439,0.7142941802500955,0.5710619902987749,0.5021509669750596,0.7342852982792754,0.6736004533726946,0.5856987328385339,0.7957034883722091,0.6411872257960959,0.6949441518798117,0.6492267555504182,0.5610557640621782,0.5860146300756687,0.6289836930976312,0.5693799495396944,0.602840146693749,0.5686163318169817,0.5710261332106387,0.6947811664604958,0.643879793712077,0.7281701353242909,0.878958336602578,0.6072799271397887,0.6314476733304054,0.6178847687746453,0.492911222631683,0.6150076452524046,0.47676191998066014,0.5048162567472583,0.611093588199957,0.6321945508342491,0.5464678466156316,0.6054120270100808
CIV,0.7786217251916553,0.7220974832798106,0.6230949247834467,0.6693523106453011,0.6513027538615647,0.6288485151420747,0.6815357778825598,0.6088244614503188,0.5731502523689379,0.6013596065578191,0.8864980614369083,0.6278114373972269,0.6762449390594183,0.6449564606190187,0.6795990922432938,0.0,0.589331563178348,0.7232806443089532,0.6100382231285185,0.5954838489168184,0.737397552047388,0.6605710056550171,0.6581824741559602,0.6734439265184782,0.7121716036963147,0.6240351237733671,0.6091156161238847,0.6378534437045612,0.635211209329822,0.6733356052164704,0.6458886910162893,0.8026567970486495,0.6376550497094893,0.6114529839400328,0.6147869374051963,0.6733358939586154,0.7278690822260834,0.7296335343195637,0.674713931481877,0.6207274561216528,0.6220768725063207,0.6766419005961082,0.7476827632271311,0.825215059670185,0.6999932173398832,0.6999573104108655,0.5797509536505294,0.8042201398582774,0.6400343579329664,0.6087396776202814,0.6395927466251594,0.7651408706937746,0.7375553167283957,0.6647364781020333,0.7252635691804306,0.6471387735609366,0.6898954729312609,0.6052426378926412,0.6589208715214133,0.5766706646319518,0.6137244553359433,0.5886216113165116,0.6007648397487148,0.645556519531711,0.6410860899909986,0.7081979406663882,0.5871279458706243,0.7829810683809675,0.8499868647653206,0.6872625997393577,0.6776004010108246,0.6411092324000107,0.6469518274334787,0.6564032595339667,0.6203802550403131,0.7305642772196009,0.6799754892396975,0.660685341234334,0.652234925631104,0.6485583684955567
CMR,0.7259729597849597,0.7260694520847779,0.5888633761157519,0.6318397735071404,0.6776561145103007,0.6542895027540871,0.640877766692697,0.6326737724528081,0.5923422235259781,0.6100319628681005,0.8577995337717383,0.6188121888449025,0.6919114442028843,0.6649948657171125,0.6866544390900443,0.589331563178348,0.0,0.6855485986748164,0.5750308153394006,0.5785539658139904,0.6919573789258483,0.681498800011703,0.7023584299009968,0.6557038951679421,0.6688567789791079,0.6404854033107088,0.619805804280705,0.6816999457631937,0.6639628869238664,0.6606488424632054,0.6343736548850165,0.7772699899667107,0.6300334714566321,0.6499219751654846,0.5840312060194653,0.6577749542604797,0.7144657888282037,0.702494722085575,0.6990097781789902,0.6595428168010478,0.6188652725572141,0.7044181577141645,0.6889695721728765,0.7980361496800662,0.7345435715596145,0.6991802451375844,0.5992947464858942,0.8272779936458079,0.6592233769467426,0.6292457436891995,0.6511228413634577,0.739991840474765,0.710884911206894,0.6321462221172197,0.6981246251791934,0.6491954645397574,0.6595921611397905,0.6233881298759123,0.630890438870415,0.5387118916545697,0.6211802614567736,0.6280463917461487,0.6214722331727268,0.6246169150497778,0.6435850891331163,0.6593660920475881,0.5735169745318497,0.7868015037347095,0.8013137316737747,0.7364840792966499,0.694175275997693,0.6903510726150636,0.6227782270448029,0.5555976736113859,0.6191375211681078,0.766479881614283,0.6646135583631287,0.6564846125572831,0.6452036114256621,0.6755899906967595
COD,0.8092936046607148,0.8427887880120724,0.6316948656637317,0.7036422878236319,0.7860434776567046,0.7705807584091076,0.6800648603523523,0.6846275990745696,0.5997826338970971,0.6891742809551363,0.942480581558489,0.7391417653880146,0.8112589352841941,0.7205808119295766,0.7386956450030197,0.7232806443089532,0.6855485986748164,0.0,0.6945557077743996,0.7044239621399933,0.8139722404700612,0.7803432247829414,0.7970868064539165,0.7730253722529808,0.7545580528022822,0.730911504715333,0.7578219849020627,0.7956041005921606,0.7630004879784561,0.7886044810545393,0.7652345872446978,0.8685051410918841,0.7462856701943915,0.7374178376492249,0.6967989674401444,0.7166642938731785,0.769998489074433,0.7500378752644257,0.791567847181981,0.7673413358187711,0.7087818126645562,0.784633972015891,0.6990871500831938,0.7570703408662878,0.8039586701171167,0.7211610783477154,0.7214700813927102,0.8799324709983615,0.7707969843088995,0.6311238351390099,0.7014649166922693,0.8481329046592402,0.6805252980725154,0.7227842056465366,0.6879194322524236,0.7600562052636978,0.7826668906189508,0.6868633941934501,0.6736521712362274,0.6391761384290398,0.60908556115126,0.7239728572598947,0.7518032215826125,0.7077022162515373,0.7247320540618317,0.7773278230857654,0.6212645627639004,0.8980519788343334,0.8512816445226635,0.8101333822982327,0.7866979764798064,0.787748260879454,0.7165874300213272,0.6529830261905829,0.6796573450071722,0.8256736122772494,0.6670827084555347,0.7749233470415537,0.6575720056983843,0.7254667015578392
COL,0.6961420503521721,0.6549844975474458,0.46539024644773214,0.5525921998689249,0.5429520703790991,0.5370400942810594,0.6221082303631249,0.5458105925618862,0.5147991015330275,0.44888645679862615,0.8295617383688517,0.5195467091137683,0.6023255889778879,0.5859679202602965,0.5736327173254762,0.6100382231285185,0.5750308153394006,0.6945557077743996,0.0,0.5383577413780504,0.6674640335572574,0.5789047878617535,0.5716379873139482,0.5830079570154302,0.6142626098217335,0.5030959562538816,0.5905548863056841,0.5908695845453424,0.5334369657975185,0.5344624799707403,0.5677565873375123,0.7384520237786149,0.5395843874736859,0.5237206619597138,0.52560404673432,0.5713208185472123,0.6357838670905058,0.6473906237299368,0.5571876211611336,0.527059676155204,0.5502245473950045,0.5884028633739858,0.6698857227508148,0.8209078556536552,0.6095230230637811,0.7014111824356123,0.5448979205550581,0.7672727310540013,0.6383009433608299,0.5549586848475866,0.5253680581618503,0.6607639592586473,0.6980282622113587,0.5739647006576761,0.7071385755877853,0.5330621300396425,0.6070776081289443,0.5445467136809519,0.5431038282501263,0.4627491826344687,0.5692928129011819,0.535864811349788,0.4967244502111125,0.5512058413252113,0.5551198261884199,0.5987394601310178,0.5296629429336521,0.7276984433805757,0.8036468814248201,0.6234838679351627,0.5948708162111773,0.6133048977491398,0.5533357941732165,0.5955651065187857,0.5039771249075004,0.6402724562057319,0.6564196233185782,0.5358978903931276,0.5920089987239474,0.556348239384145
CRI,0.721978963671787,0.6478652466335678,0.5464619200474946,0.5340375702059775,0.5255624958941076,0.4883894353582107,0.6262715522313231,0.511800009518555,0.5286362068940936,0.5135579477021052,0.8944388643907607,0.5300092777260909,0.5442987965951116,0.5619101089832128,0.6835977521860308,0.5954838489168184,0.5785539658139904,0.7044239621399933,0.5383577413780504,0.0,0.5981423205687606,0.5453492234936453,0.5594533807783161,0.5154518093011377,0.6822493647010818,0.4788429251983467,0.5345728632167522,0.5519690336975923,0.47727949798518726,0.5159374068776731,0.5033561348172337,0.6190397773581082,0.5125052724751371,0.4936725482236707,0.5903404408627465,0.6371297156705962,0.5926243694176027,0.6131250677363215,0.5497145944057656,0.5088793451975754,0.6088377294941263,0.5732280525679047,0.6596452315374428,0.8098094497118384,0.6451372276035443,0.7028002152625652,0.4987389057126271,0.7136208459548616,0.5702880751617695,0.5707577147647024,0.5636632509545679,0.6542097737270269,0.7196216773808698,0.6202526197420413,0.6810479086147748,0.4682956229491362,0.5653908846703093,0.5028176526043541,0.6015538952714451,0.5184252583168164,0.5431313621791412,0.4813290929919292,0.4642597753652131,0.5526289653158478,0.5862206293830358,0.5724226782899489,0.5117782009126696,0.677477469745354,0.7644647334435931,0.6029944585152189,0.543879658188796,0.5734742426007469,0.6016677761595794,0.6286296586724176,0.5394818681204196,0.6646017181140481,0.6451338349685762,0.5390682335385298,0.6497065054229599,0.5801276330276041
CYP,0.7969414793410274,0.699834449010947,0.6900816841138959,0.5961625987475636,0.5847517812952389,0.5709737217649202,0.6833892121976897,0.651575290612828,0.6576384595516527,0.6881004719635216,0.9325084422871749,0.6571398953943721,0.6104998612166229,0.6488854888303764,0.7554578252276124,0.737397552047388,0.6919573789258483,0.8139722404700612,0.6674640335572574,0.5981423205687606,0.0,0.619930479735258,0.6271098263601824,0.5709998304368532,0.7354151426479032,0.5730974379365978,0.565729903079739,0.6421172546170479,0.5867640678575473,0.5858471937972058,0.5682503907901167,0.6849206133201651,0.6245664568477899,0.6520805630432194,0.7110226110053932,0.738634512580845,0.7047419269545159,0.665324426625916,0.6591100883512938,0.6194622594746539,0.7073828200149666,0.6960048973804385,0.7532687923424504,0.8653837184881902,0.7210776283991791,0.7994447319822565,0.6493083347612291,0.7432927495229281,0.5668203562554107,0.7241172300705291,0.7103443731360528,0.6347313519380228,0.7843305702802523,0.7249832244015594,0.7875610451052706,0.5927517058389402,0.5917140833769792,0.5962255534978661,0.6952887107463913,0.6773206944353775,0.7269482923956042,0.6155620355380406,0.5666708500032199,0.6399815289287863,0.6902162245347395,0.7238684723546067,0.6265946994082164,0.6449740772076686,0.8177866351361083,0.6614588857380312,0.6002530765775992,0.6480562672882847,0.7315072610347383,0.7080052743510591,0.6482075400864347,0.7504354335366568,0.7741298087237494,0.6741366218409346,0.744516959610546,0.7415482823980882
CZE,0.7589150948181264,0.6293456448579824,0.5501480192393218,0.4762214217812329,0.3545026666883108,0.4156043587950879,0.6706016654281273,0.4597142713448114,0.554714483089179,0.4982295626408535,0.9105680155672723,0.5103768355338394,0.5051905105676672,0.574729796431592,0.5852292841614235,0.6605710056550171,0.681498800011703,0.7803432247829414,0.5789047878617535,0.5453492234936453,0.619930479735258,0.0,0.4033668537631461,0.544056341963568,0.713508218809025,0.3627843707165501,0.46426007901114913,0.48281674794287044,0.4028459344180759,0.4329710870869278,0.5906377435946132,0.6675794445038402,0.5152867018455903,0.39212489810573176,0.6174508996326414,0.6069513683721877,0.625117216996062,0.6618785073247773,0.5419881657152559,0.38515782863986797,0.6567073612855568,0.5001777855100216,0.7048786654859364,0.8436853642316686,0.5341971831015986,0.7775227863127206,0.510061011808232,0.698274900349761,0.465893532962364,0.6367359952658671,0.5339860819243457,0.6033160037452353,0.7502672624805841,0.6020729758587486,0.7558221149454593,0.4343445890203292,0.5359484921839988,0.49448271255310705,0.61404629402948,0.5941009026937956,0.6498540955643971,0.3493655133083862,0.39049487308151776,0.4964585370770549,0.5251825743031863,0.655434755062118,0.6031315737279032,0.6504892945305923,0.801911443672271,0.37317020518648647,0.3602085255324062,0.4023418960925016,0.6137920053341838,0.6371024207724659,0.49098433931065383,0.6048442463297723,0.6513679502842039,0.4983817301341341,0.6753865867737868,0.5553883249166753
DEU,0.7712834765123312,0.6413236705625912,0.5490961079206274,0.521136303243111,0.3796294085997671,0.38958462881155376,0.6855301550950781,0.5098100373206168,0.5626686067094968,0.4759234364499342,0.9068972329290039,0.4752943379429385,0.48011261087207624,0.5548020148698658,0.5862407684743972,0.6581824741559602,0.7023584299009968,0.7970868064539165,0.5716379873139482,0.5594533807783161,0.6271098263601824,0.4033668537631461,0.0,0.5085895518927545,0.7108349034143647,0.38395723848212465,0.5057727490750249,0.46080558564414936,0.37379042015562713,0.421192997109604,0.5498255850770715,0.6814227016563112,0.5193770412996912,0.3871170152682534,0.630499895735863,0.6256026795027181,0.6129186278817985,0.6310376290948786,0.48717642596204586,0.3781345979356199,0.6611641176022351,0.4517938870271898,0.7184551401976351,0.8625911127392711,0.48719175091405126,0.8107206153563953,0.5550941389991156,0.6879750249891144,0.559157361503102,0.6346830659384901,0.5249291493056041,0.6108854804926409,0.762625500176345,0.6327756761635127,0.7838550096110313,0.4161057390004383,0.5298802182434201,0.5269988910231357,0.6128668821676231,0.581580309539088,0.6775546046775558,0.4416577547290923,0.43060403300087335,0.5504075346794525,0.5330476537564386,0.6535514810242012,0.6302219669730165,0.6345121958313357,0.8045271053310021,0.4413390573429151,0.4299861965809133,0.40764554697409244,0.6207611455293026,0.6514696075346025,0.5220299460185132,0.5658398925627347,0.6766334833064067,0.4333097522044503,0.7011057455780019,0.5597081171751989
DNK,0.7446075102440696,0.6485246186921167,0.5861828960772966,0.5291031215915459,0.5052027451790293,0.4869328562112109,0.6518787391681028,0.5651205496269669,0.5880988801541694,0.5577578742904901,0.892472204307541,0.5284066975799855,0.5009990650974969,0.5999978926266488,0.6819566073426088,0.6734439265184782,0.6557038951679421,0.7730253722529808,0.5830079570154302,0.5154518093011377,0.5709998304368532,0.544056341963568,0.5085895518927545,0.0,0.6881817507979022,0.5152849701244866,0.5194554296479603,0.5260391153640857,0.48679738935014044,0.4725266035824739,0.5250137724280518,0.6097107260315457,0.5456924626806305,0.507351900255713,0.6498046421938839,0.6715500608676461,0.594453445055295,0.6103506989721863,0.5347800001303464,0.4816258890723164,0.6600445308097639,0.5731508555271693,0.7065560527379376,0.8535302281269419,0.6198348383541128,0.7763735976300308,0.5660835532755678,0.7123296806875309,0.5866904003071646,0.6840040383343623,0.6012692705902317,0.6308743724809168,0.745879868500215,0.642843199264055,0.7342103900620739,0.438282959697725,0.4590199098815415,0.5226282773802061,0.6189009261987612,0.6089938570168987,0.6599882445158675,0.5394901760273351,0.5050206161742556,0.5870091796572616,0.6016667240487639,0.6477269663648817,0.6307586804565897,0.5953090378586569,0.8008358489606261,0.6096659616667949,0.5311717529156063,0.5253455981208823,0.6636899961868648,0.651708777975296,0.5940490178836305,0.6706514368729742,0.6917209386124752,0.5016231254446476,0.696957406704124,0.61886823458758
EGY,0.7237037008689369,0.7223830738389603,0.5804950389727732,0.7068288100109151,0.6974047915228967,0.6881913338944692,0.7030572424160842,0.6680971887767628,0.6027945248235014,0.6131062795656396,0.8268864581038875,0.6720742814941464,0.737896575907458,0.7335908025562768,0.6208847472778289,0.7121716036963147,0.6688567789791079,0.7545580528022822,0.6142626098217335,0.6822493647010818,0.7354151426479032,0.713508218809025,0.7108349034143647,0.6881817507979022,0.0,0.6598423140995981,0.6887328667204312,0.7152926674157691,0.7044108019730263,0.7145739697991608,0.6667121585530188,0.8359426226014482,0.6611555115315578,0.6885223733691779,0.6101780199112378,0.6266195352351414,0.7880408340952256,0.7458797584382325,0.7464326796627877,0.6723220570201597,0.6180839797467635,0.6985046740564652,0.7283571704590251,0.8118470327052966,0.696052909310605,0.7429882592717503,0.6761264256718473,0.8587015837364297,0.7307011098256507,0.6374320439176316,0.6272685170517537,0.7854333979960101,0.7265609055489121,0.6193523152583938,0.8031510721181406,0.6907591424452674,0.6988679464462341,0.6957718345863652,0.5855891506100432,0.6090271775622185,0.6858626099134683,0.6840496579047944,0.6649065127031883,0.6577061945221783,0.5934165405683823,0.6745000034333253,0.6685197466352842,0.7857851682418582,0.8564736290567805,0.7181253126067766,0.7329690029505528,0.7272924007898871,0.6277049792900168,0.6888983927252044,0.6095352637487409,0.7106366391779264,0.6528549794179033,0.6916820435511665,0.6496260348217033,0.6803803434737015
ESP,0.7362280196740169,0.6041280540321731,0.49127705122305776,0.44228584889965644,0.3318293473114231,0.34615497567962134,0.624356056566286,0.4315605280787492,0.49070433486498244,0.43353780921977564,0.9089796958690081,0.47362167430453456,0.48869261401341424,0.5374880382325138,0.5740423870758813,0.6240351237733671,0.6404854033107088,0.730911504715333,0.5030959562538816,0.4788429251983467,0.5730974379365978,0.3627843707165501,0.38395723848212465,0.5152849701244866,0.6598423140995981,0.0,0.46002519933732067,0.4619473449686492,0.3361685279611114,0.3869392213411668,0.5135665556956004,0.6683018535010458,0.4430371481198212,0.38906152572359454,0.5709568593766511,0.5782190688061931,0.5719925075099672,0.5965238681601768,0.5060704476064861,0.3194777912872851,0.5959325032145371,0.48129508381119884,0.6885215119386231,0.8282452325445477,0.5243820092472532,0.7564183783620032,0.48166588333593635,0.6957688996590474,0.46100739620483183,0.5728481527671911,0.5041104717301215,0.5673607658188794,0.7292911294527332,0.5966620708941542,0.7352481572978856,0.39674490054932615,0.5134040399269342,0.4646063123889872,0.5604940927220174,0.5158790766784697,0.6004799126048146,0.3662829916827389,0.30802719523725286,0.4610879132721386,0.48977976513284316,0.5836523128541596,0.5243265711000646,0.6482215562755435,0.7788341767338852,0.41713795510897667,0.36130331761134715,0.4400551480919075,0.57625047513503,0.6008890059095013,0.4267243709619491,0.5817979536807111,0.6343005686569506,0.4731171621459412,0.6458061613097448,0.5360036358066833
EST,0.7529213746611786,0.6708345389413372,0.5850876618188836,0.5347778561908418,0.4494868715591992,0.501691609884096,0.6336062747537813,0.5233238603317757,0.572987078221963,0.5657318188029405,0.9108349802334026,0.5326240615407097,0.5247237813328619,0.5538710349026674,0.658514186498894,0.6091156161238847,0.619805804280705,0.7578219849020627,0.5905548863056841,0.5345728632167522,0.565729903079739,0.46426007901114913,0.5057727490750249,0.5194554296479603,0.6887328667204312,0.46002519933732067,0.0,0.46876830021560817,0.48014559433598275,0.5029832013799469,0.5734554511630695,0.6790617855163639,0.5082710224440458,0.47423674348081024,0.6153464198464439,0.6620935205578318,0.6224024277114397,0.6469856161428705,0.5790080412752957,0.48332051848234975,0.6483474459540102,0.5962296633761796,0.6993494061964892,0.8421483237948657,0.6230982676708847,0.7259993435477459,0.4867930659930637,0.7403932836365362,0.384427568514749,0.6552627873099707,0.5925714772038256,0.5803790064195596,0.7288094692666557,0.6244342295745744,0.7501239510300314,0.48982102990881277,0.5252870001704248,0.5192207563100785,0.5936900951699106,0.5758473026105771,0.62534182263201,0.46881116132293016,0.4490957767335257,0.5200074307997633,0.5583646341081061,0.6478841883085481,0.5780479636824284,0.6545891121679994,0.7718927332235644,0.5117761979034039,0.47591933623532773,0.45907728210831006,0.6214817158306117,0.595201274892284,0.5543282192283073,0.6603809997205234,0.684424799747597,0.5592707937945098,0.6529522274693673,0.6233662699276946
FIN,0.7732373698697709,0.6236270923547004,0.5965600029109848,0.5328502200617352,0.44246317190343465,0.4689011558723768,0.6842661555044469,0.5270591311182832,0.5690069348855517,0.5302514360522922,0.8949124405140504,0.49577844875672966,0.5211497636746036,0.5566716606113237,0.6113699794110204,0.6378534437045612,0.6816999457631937,0.7956041005921606,0.5908695845453424,0.5519690336975923,0.6421172546170479,0.48281674794287044,0.46080558564414936,0.5260391153640857,0.7152926674157691,0.4619473449686492,0.46876830021560817,0.0,0.4852553217295307,0.5028335777509099,0.5724259842814235,0.6759101027270048,0.5408864158091169,0.4571601277754311,0.6301307689369411,0.6355943247347716,0.6207671602109013,0.6436528751683694,0.5118856506233308,0.45573881118376486,0.6566102141324338,0.5201975062005733,0.7199200986409838,0.8428310373315163,0.5402345416473412,0.7894933003338049,0.5629227434733518,0.7261532421741259,0.5277401614174936,0.6662838746757366,0.5537837167348669,0.6111841051951457,0.7520449678335438,0.639004529604101,0.7856896990301891,0.44843017282063996,0.5214648223028859,0.5303738007392611,0.6342390844813963,0.585679369866401,0.6652595237044263,0.45076819488222564,0.4696531021406702,0.5624059094277216,0.561364119028396,0.6581808052147486,0.6267235734117513,0.6081889470015392,0.818846885016793,0.51136461345433,0.48255183821508857,0.40996730183406443,0.6243319680908497,0.6521457261706564,0.5455288257072702,0.5551629474863706,0.6779812745823058,0.5035111173792822,0.6898368704994776,0.584886227902878
FRA,0.7333005707395909,0.609730638683108,0.5538810393382684,0.4286142309863462,0.33745551231247856,0.3624246895790613,0.6453666146743234,0.4807002135706821,0.5642666628666256,0.46726657366815333,0.9043914579819373,0.4490312308875227,0.4582437452588911,0.5119766294159721,0.646633820138959,0.635211209329822,0.6639628869238664,0.7630004879784561,0.5334369657975185,0.47727949798518726,0.5867640678575473,0.4028459344180759,0.37379042015562713,0.48679738935014044,0.7044108019730263,0.3361685279611114,0.48014559433598275,0.4852553217295307,0.0,0.3286831862164713,0.5231227852996214,0.6270010713956737,0.48613624248113513,0.4079639103987824,0.6284787016931481,0.6292448692483951,0.5526351563940688,0.6143314277838123,0.46000213703798987,0.35241334204734454,0.6575446696989532,0.5095064791087731,0.6844985835333495,0.843530130951854,0.5661648405679273,0.7660599362337716,0.49300151465821423,0.6578314257870735,0.49343455798757907,0.6226219698867741,0.5449120420651188,0.57129763020647,0.7456984512295525,0.6223884133293995,0.7379208230977692,0.34701602050116975,0.49411554243025807,0.4422590816972981,0.5957448836762376,0.5464002903944428,0.6319134377109561,0.43290750156644553,0.33872705564448213,0.5142850970309593,0.5276769943163846,0.6176154639426719,0.5669819701767402,0.6247265770495175,0.7681068858311668,0.44338275324715754,0.4129495280847465,0.43836600746806914,0.6205718685605884,0.6323146325368278,0.4865939387029581,0.6188354171883621,0.6637409205750733,0.4235388121978818,0.6848345016854179,0.5539016174915827
GBR,0.7244399834553341,0.5975088987037986,0.5559061872203829,0.4041301924300439,0.36225385903832286,0.3896511547871407,0.6627475572539054,0.5172988878582279,0.6051676765967774,0.4884007886188583,0.8927791201207778,0.4488078378234873,0.46643029891596294,0.5354739986107087,0.666024590966761,0.6733356052164704,0.6606488424632054,0.7886044810545393,0.5344624799707403,0.5159374068776731,0.5858471937972058,0.4329710870869278,0.421192997109604,0.4725266035824739,0.7145739697991608,0.3869392213411668,0.5029832013799469,0.5028335777509099,0.3286831862164713,0.0,0.5562787173225262,0.6173878844152727,0.5006790225365565,0.4536632328108081,0.6383711149667679,0.6446429687341471,0.5284336103089587,0.5960576518307525,0.4764002881983142,0.38326443418735573,0.6713997142505036,0.5397798060326493,0.6715867245117193,0.8688410461626711,0.5965621920801316,0.7879530882864489,0.5184240537800803,0.6624534630063953,0.5237458592842157,0.6730559414580233,0.5661927019182462,0.5555809119524735,0.7672678651889545,0.6245185775481878,0.7461465320403107,0.3466206481494417,0.47787916154858684,0.4581661874513092,0.6037870020157262,0.5590262870486701,0.6606360316745485,0.4668892626073949,0.37801242710363264,0.5290538473132491,0.543246879464262,0.6256730334949225,0.6101758815257718,0.6264724547904259,0.7564357087382675,0.4745103652521622,0.4318057507925747,0.4815320602313878,0.643464820127475,0.6457135537676559,0.5321585636995038,0.647105485116343,0.6996797325941168,0.4169058825740198,0.6955109680143537,0.5697864868575577
GRC,0.7434382189708154,0.6573084430999759,0.6063877245995632,0.5744254519114618,0.5533751240636199,0.5273088427096213,0.6416827821210944,0.5451378088412211,0.572747663740422,0.5682677383457819,0.8776154370548159,0.5474987460291268,0.5839772182943145,0.5810740159006726,0.6760065159450528,0.6458886910162893,0.6343736548850165,0.7652345872446978,0.5677565873375123,0.5033561348172337,0.5682503907901167,0.5906377435946132,0.5498255850770715,0.5250137724280518,0.6667121585530188,0.5135665556956004,0.5734554511630695,0.5724259842814235,0.5231227852996214,0.5562787173225262,0.0,0.6614570391618046,0.526265003729473,0.5344332902895997,0.6478683042389346,0.6564562033038821,0.6505257923249911,0.6365100457783204,0.556297679501898,0.5383747143508086,0.6256166278374448,0.5927570965929606,0.6881254608940485,0.8188821520065764,0.6135342584153367,0.7346755968314145,0.5526034259826647,0.7418747787829154,0.6118323971450531,0.6340080128385783,0.6011674277693603,0.6778945689020927,0.7386234318592924,0.6737867754297446,0.7485720639367918,0.528008082275107,0.5579776720228988,0.5735001218078157,0.6055431584621007,0.5817858838478656,0.6513373676871934,0.5645232158198653,0.5289527010852955,0.5989467592314954,0.5873831634316665,0.6429956157455367,0.5843386671576972,0.6476687146049201,0.798744422253835,0.6405751256177208,0.5803983846629714,0.5632501388652619,0.6517913256686995,0.6543364582037704,0.5627178186650419,0.6566427812073028,0.6953471963990264,0.5489480524408051,0.6853266615728597,0.5986485955660117
HKG,0.8168290185685606,0.7181804822182417,0.7646562311490647,0.6681546033035328,0.6550004561394788,0.6585067053268161,0.7429509715787834,0.7154525584475788,0.76245356408209,0.7146353037713876,0.9418529030296263,0.6822069342837515,0.6201825373572578,0.7232965649150366,0.8370709304591845,0.8026567970486495,0.7772699899667107,0.8685051410918841,0.7384520237786149,0.6190397773581082,0.6849206133201651,0.6675794445038402,0.6814227016563112,0.6097107260315457,0.8359426226014482,0.6683018535010458,0.6790617855163639,0.6759101027270048,0.6270010713956737,0.6173878844152727,0.6614570391618046,0.0,0.7043792167998755,0.6518053805270245,0.7908313517153855,0.8037236116167691,0.6751367162322119,0.6878778600076841,0.6395936931129383,0.6644468195524917,0.7905002966188207,0.6985373329276268,0.7619707455870602,0.9099550667168174,0.7397119120599471,0.8364367990375534,0.7241948122782526,0.6685118150560756,0.6929276268254009,0.8291595639851989,0.7263984576994063,0.6935467282522711,0.8606971679001284,0.729825117658649,0.7969264213237516,0.6216494075528533,0.6670549232666866,0.6871107551254524,0.7685434540902145,0.7700380892112035,0.7284949783139582,0.6855111032073725,0.6431412870006622,0.7265795157361159,0.7483746106550389,0.7009916826194287,0.767218558319823,0.6278135610923096,0.7534266356911464,0.6989457247328832,0.6714571119166486,0.6833685385409327,0.770224234194964,0.8006563077296155,0.7512133336199054,0.7451855216932644,0.7986679987929269,0.6604648278138852,0.82667435116966,0.7536773672750797
HRV,0.7072220628748356,0.63320315258302,0.5317550119148144,0.5418235287636409,0.47960628278293327,0.48657632713349924,0.63174711102716,0.48777123854566007,0.524869599583687,0.5033805288627222,0.876333367436126,0.5403824489002101,0.5445760160051489,0.5397468462176117,0.6332359862055333,0.6376550497094893,0.6300334714566321,0.7462856701943915,0.5395843874736859,0.5125052724751371,0.6245664568477899,0.5152867018455903,0.5193770412996912,0.5456924626806305,0.6611555115315578,0.4430371481198212,0.5082710224440458,0.5408864158091169,0.48613624248113513,0.5006790225365565,0.526265003729473,0.7043792167998755,0.0,0.46194201884129293,0.5963024280429327,0.6120996063292311,0.6021978114057287,0.6290592697542297,0.5665321437919644,0.47980078369565976,0.5765600541538974,0.5618840591044758,0.6897057687687408,0.8171626491614942,0.5956541618651576,0.703512285035671,0.4940687253751379,0.7560828144491479,0.5539847020908468,0.5850902926052476,0.5657157597117293,0.6376415608159399,0.7057378228599305,0.6349336653578563,0.7177617734710396,0.48256686227572887,0.5504909503174102,0.5147002091162257,0.5520131520875402,0.5546935688833072,0.5829489263632098,0.4715427253670219,0.4553988703433765,0.5218424858511073,0.5179973173326418,0.6082326846292446,0.546956667333927,0.6809282500402883,0.7722970400328351,0.5404250804802702,0.4913612501160914,0.5375248971198968,0.6015424677310587,0.6017318057170754,0.5324205264167424,0.6327281595882904,0.6533308543365632,0.5355618816983867,0.6344968672901288,0.5875421625688696
HUN,0.7258642956946445,0.6216535734770114,0.4864708254518417,0.5172465497780512,0.42446529898568625,0.4199730936510422,0.6402345150082379,0.47015430072306197,0.48281848579125985,0.4379973235953654,0.8961815656642128,0.4645744460300123,0.49001525723117684,0.5503012206830047,0.5617832447323883,0.6114529839400328,0.6499219751654846,0.7374178376492249,0.5237206619597138,0.4936725482236707,0.6520805630432194,0.39212489810573176,0.3871170152682534,0.507351900255713,0.6885223733691779,0.38906152572359454,0.47423674348081024,0.4571601277754311,0.4079639103987824,0.4536632328108081,0.5344332902895997,0.6518053805270245,0.46194201884129293,0.0,0.5841467221430383,0.5789454564609972,0.5586564621574185,0.639507225530856,0.4837323801847864,0.41245238219843394,0.5932031723514434,0.4612231085420837,0.6856095331679074,0.8156007805974578,0.47829040330973305,0.7323633779870702,0.49333119777896006,0.7072196526294651,0.5508345906872023,0.5678669349139659,0.45419645784966123,0.5867204382943385,0.7013673205496525,0.5809613120413029,0.7189280453847717,0.4149256487701539,0.5503395325414232,0.48457856854558345,0.554033518122339,0.5528044645546444,0.5583516639903431,0.3843985894659694,0.41586687836777986,0.5020335741909923,0.5003859172340394,0.6176144393824239,0.5691527576010095,0.6212233961744541,0.7771035769612443,0.4268802014833307,0.44867053066744866,0.42464085225438314,0.5291620991729069,0.5950027763991514,0.5041676009710541,0.5397859849330611,0.6284565040317553,0.44571733350771137,0.627520547071778,0.5234049782034648
IDN,0.6893603892133673,0.6604596173376431,0.5168543907029559,0.6098063697886024,0.613542049837874,0.6353065283483051,0.6381233644767643,0.5998631510240978,0.47663937934916784,0.5070884648735652,0.8413400793543169,0.5940905144488305,0.6437102051330647,0.6510783658145001,0.5142294397989693,0.6147869374051963,0.5840312060194653,0.6967989674401444,0.52560404673432,0.5903404408627465,0.7110226110053932,0.6174508996326414,0.630499895735863,0.6498046421938839,0.6101780199112378,0.5709568593766511,0.6153464198464439,0.6301307689369411,0.6284787016931481,0.6383711149667679,0.6478683042389346,0.7908313517153855,0.5963024280429327,0.5841467221430383,0.0,0.5406790283465891,0.7101827663889274,0.6923274453577485,0.6594767204274269,0.5932287940172605,0.5793219214253963,0.6122258782341111,0.7156976936345167,0.8231948014921657,0.5929351169219598,0.6887727283763688,0.620294240973068,0.8115522291968024,0.6796822469224444,0.5343913616497302,0.5321709230129021,0.7225355738621204,0.6545409189099495,0.5390202322446123,0.7316028806281822,0.6255896102580659,0.6556476056610597,0.6014083053954066,0.5495885924057515,0.5252366133423965,0.552267564492037,0.5449757486345997,0.5570868560029726,0.5550677198957915,0.5698320846897045,0.6136099591201234,0.6065155864995682,0.7349264058686181,0.8440207388366333,0.6423754997803316,0.636751288672337,0.650866174245467,0.4836335943406249,0.5905860777993293,0.49869825897229414,0.6262599547319728,0.6448410203181909,0.6422184295350292,0.5421884550419586,0.6114228282783436
IND,0.702706758385127,0.6761114935550437,0.5104615360533324,0.5994776673555174,0.6146333984489966,0.6074771355498116,0.6021920065378846,0.5289138646292972,0.5113720007024367,0.5270843027726724,0.8513247162118395,0.5952271831926135,0.68746818263394,0.6881008051665728,0.5221889134357937,0.6733358939586154,0.6577749542604797,0.7166642938731785,0.5713208185472123,0.6371297156705962,0.738634512580845,0.6069513683721877,0.6256026795027181,0.6715500608676461,0.6266195352351414,0.5782190688061931,0.6620935205578318,0.6355943247347716,0.6292448692483951,0.6446429687341471,0.6564562033038821,0.8037236116167691,0.6120996063292311,0.5789454564609972,0.5406790283465891,0.0,0.7109490202325656,0.7137793111572445,0.6517315280965844,0.5806791051892419,0.5884134853019021,0.6143633086196405,0.6901097340424867,0.7512190255531735,0.6165754644727744,0.7145856451364673,0.6250305645724831,0.7874053482834633,0.6916057721137389,0.5489455081996981,0.5387443484732093,0.7579719172499201,0.619892163462605,0.5968785568133813,0.7636419897207907,0.6162177855610059,0.674901593735582,0.6284090554048015,0.5311231865001993,0.584543662921566,0.611374379339563,0.55173905593137,0.5931868884236556,0.5404267353483391,0.5549892983369694,0.6385580658131892,0.6106744465535943,0.7559424549997047,0.8142262137621181,0.6304917171800535,0.627241967896939,0.6359513934590754,0.5742857056768937,0.6069734801523835,0.5093941189465361,0.64126813239181,0.6164880860792641,0.6293117408008079,0.5822648709677369,0.5999195568514603
IRL,0.7853496558446634,0.7139239249755788,0.6149455754973283,0.5822263514757089,0.5927215438615114,0.5762125368624531,0.7060257402803097,0.6288522924530607,0.652715107886298,0.6159676868882129,0.9384610336306005,0.6077114556843549,0.5400966190351223,0.6232495987796228,0.7264219323724308,0.7278690822260834,0.7144657888282037,0.769998489074433,0.6357838670905058,0.5926243694176027,0.7047419269545159,0.625117216996062,0.6129186278817985,0.594453445055295,0.7880408340952256,0.5719925075099672,0.6224024277114397,0.6207671602109013,0.5526351563940688,0.5284336103089587,0.6505257923249911,0.6751367162322119,0.6021978114057287,0.5586564621574185,0.7101827663889274,0.7109490202325656,0.0,0.6111707001651885,0.5705154890659881,0.5948943090400295,0.7194869744618954,0.6538492306583282,0.7508362489860392,0.8659115017407072,0.684968821290602,0.7936890563483021,0.6437729573033214,0.6893164202017319,0.653330192403305,0.6977106964065622,0.6462855960715455,0.6183620378008493,0.7864630076049045,0.6944967482598181,0.7447792868420915,0.5530610735970147,0.6386378869054812,0.5973314370018061,0.692745932525273,0.6478584533190257,0.6569454059682213,0.6120637595914714,0.5762967609857511,0.6625013557097185,0.694735832610442,0.7171712603336775,0.6600906401196308,0.675201205632898,0.7457248454301008,0.651243305109341,0.5991703999571741,0.6351257382960402,0.6793260186950609,0.6914375342875342,0.6649664800540331,0.7008460171149918,0.7351193731307148,0.5797856515397408,0.7230617426720992,0.6714017979989843
ISL,0.7935977781693325,0.7194026525442115,0.6659204244401284,0.6246763781526871,0.6217705358886035,0.6057049420067351,0.6567735633896802,0.6324901706868453,0.6294733688593616,0.649715932624275,0.9357827836527852,0.6292744043064108,0.6423434570429409,0.6386495898732313,0.7358164149315835,0.7296335343195637,0.702494722085575,0.7500378752644257,0.6473906237299368,0.6131250677363215,0.665324426625916,0.6618785073247773,0.6310376290948786,0.6103506989721863,0.7458797584382325,0.5965238681601768,0.6469856161428705,0.6436528751683694,0.6143314277838123,0.5960576518307525,0.6365100457783204,0.6878778600076841,0.6290592697542297,0.639507225530856,0.6923274453577485,0.7137793111572445,0.6111707001651885,0.0,0.6354666712297492,0.6376345741421713,0.6782288905991815,0.6774162418148514,0.7582872542106028,0.8501168459192547,0.7106543461286107,0.7938881812001973,0.6797280999529023,0.7363446269775786,0.6517138926698212,0.6871218993052725,0.704933108887135,0.6659644299873776,0.7661663629701879,0.7024386980859679,0.7689090243837841,0.6115197893080659,0.6147425891286413,0.614438745335178,0.688174803426603,0.6251961428965458,0.6700660202086963,0.6455227849516068,0.6016711704808483,0.6738085785274205,0.676972643305083,0.7072864147016322,0.6437584530717223,0.7311682330242368,0.7567086878499589,0.6865611354052582,0.6472609635750854,0.6712705360510145,0.6961827000461237,0.6849455493093681,0.6645497687572552,0.7370069804496386,0.7468132202392531,0.643519459092595,0.713932954473375,0.6920404915708629
ISR,0.7826472742182725,0.6409074931958443,0.567506286415737,0.5493197231652615,0.49951101745156024,0.4607363735938778,0.6853106794692825,0.5609147781316588,0.6216036819315236,0.541060867169763,0.8920820878506337,0.49688159964848627,0.4911850298421379,0.5366180151694473,0.6495801092847767,0.674713931481877,0.6990097781789902,0.791567847181981,0.5571876211611336,0.5497145944057656,0.6591100883512938,0.5419881657152559,0.48717642596204586,0.5347800001303464,0.7464326796627877,0.5060704476064861,0.5790080412752957,0.5118856506233308,0.46000213703798987,0.4764002881983142,0.556297679501898,0.6395936931129383,0.5665321437919644,0.4837323801847864,0.6594767204274269,0.6517315280965844,0.5705154890659881,0.6354666712297492,0.0,0.49308695839359284,0.6434178143916124,0.5376155169176493,0.7194632516662192,0.8623988688534528,0.5526001130238691,0.8154369003935907,0.5890075411577094,0.7086233787720791,0.6351280280715651,0.6685785620887111,0.5545624907720456,0.6070783744619054,0.7708238159017561,0.6468327055439117,0.7454846783398629,0.41853179852402567,0.5634294126897549,0.534111326638831,0.6654460313643402,0.5920005606234374,0.6443703053118117,0.5535920839298516,0.5051381496119988,0.6328002653907586,0.6049390527024181,0.6360290404946974,0.6278878204146187,0.5909844254182276,0.8048176944425961,0.60869523313521,0.542430694683436,0.5141444499881797,0.6310786862298545,0.6699045888880063,0.6023312723059328,0.5660017874511671,0.6998714966778221,0.4466611082868348,0.7071870945504586,0.5829083242360711
ITA,0.7559468520150899,0.6129062487828328,0.5066645500666913,0.4700473027961144,0.33737276679471234,0.3636304850454119,0.62830917682293,0.45390309486846436,0.5302792340526646,0.43980726965491085,0.9043568131261176,0.489122585549284,0.4798650466758042,0.5531300942153503,0.5636521999120719,0.6207274561216528,0.6595428168010478,0.7673413358187711,0.527059676155204,0.5088793451975754,0.6194622594746539,0.38515782863986797,0.3781345979356199,0.4816258890723164,0.6723220570201597,0.3194777912872851,0.48332051848234975,0.45573881118376486,0.35241334204734454,0.38326443418735573,0.5383747143508086,0.6644468195524917,0.47980078369565976,0.41245238219843394,0.5932287940172605,0.5806791051892419,0.5948943090400295,0.6376345741421713,0.49308695839359284,0.0,0.6394970178475179,0.4701808842526025,0.6909766308384472,0.8354383153744381,0.5015014635756023,0.7923860965491524,0.4969184043621046,0.6833256775936617,0.509027984184805,0.630027402742281,0.5062763439735712,0.5944656901752073,0.7394675297063674,0.6152994984425542,0.7539092086834949,0.3734032878248795,0.5109806944060088,0.4833448943575111,0.5869550796506108,0.5318556070283271,0.6393760120651973,0.39697747665218897,0.33817364956451035,0.48945123647699934,0.5167687651189103,0.6086121005305529,0.5826685568346722,0.634668733989384,0.7921043269381088,0.44002515398334624,0.3680034522098545,0.4384024236079903,0.593309417026175,0.6171599654513866,0.43759495759625683,0.571656361552052,0.643830427540007,0.45484736161320544,0.6510831096986642,0.5457569445014443
JOR,0.7348092809728903,0.6702233470066566,0.5670202779639344,0.6481177811578651,0.6583665492732848,0.6250819903973727,0.6632127872826853,0.5599054318198959,0.5145082999827656,0.5726559826828227,0.8381984615419131,0.6083126618688292,0.6872308345223571,0.664990159077453,0.618453257544716,0.6220768725063207,0.6188652725572141,0.7087818126645562,0.5502245473950045,0.6088377294941263,0.7073828200149666,0.6567073612855568,0.6611641176022351,0.6600445308097639,0.6180839797467635,0.5959325032145371,0.6483474459540102,0.6566102141324338,0.6575446696989532,0.6713997142505036,0.6256166278374448,0.7905002966188207,0.5765600541538974,0.5932031723514434,0.5793219214253963,0.5884134853019021,0.7194869744618954,0.6782288905991815,0.6434178143916124,0.6394970178475179,0.0,0.651150647944009,0.7232336112534689,0.8264974577628874,0.6706254349375247,0.7059169790481449,0.6066579124359632,0.819858638911159,0.6931026121466375,0.5542176465911485,0.584412690365995,0.7466602232944681,0.7266789193261883,0.611518494630836,0.7306796897373311,0.6394542042019256,0.6714497311720533,0.6399969241732708,0.6149143324568537,0.5609148751666736,0.6047001976434933,0.5859970964489754,0.6029415231763181,0.6203131890915056,0.5804059589469392,0.6395029208711855,0.5592409204721924,0.7644878906122987,0.8149428195296784,0.6916724271388462,0.6697197511991825,0.679162528637813,0.5950346671845743,0.6250782211372732,0.5961874539638186,0.6900796432936955,0.6386591107560831,0.6411980557677041,0.6372259916467944,0.6101897981273168
JPN,0.7950087521934524,0.6818630444123268,0.5414919907802845,0.5850163367989344,0.49703267919561134,0.501311389786176,0.6914769098239446,0.5519450892287597,0.5606475895105439,0.48209773655739313,0.912947111554626,0.5365589746927226,0.5417828150806162,0.6107477360541687,0.5486578172134613,0.6766419005961082,0.7044181577141645,0.784633972015891,0.5884028633739858,0.5732280525679047,0.6960048973804385,0.5001777855100216,0.4517938870271898,0.5731508555271693,0.6985046740564652,0.48129508381119884,0.5962296633761796,0.5201975062005733,0.5095064791087731,0.5397798060326493,0.5927570965929606,0.6985373329276268,0.5618840591044758,0.4612231085420837,0.6122258782341111,0.6143633086196405,0.6538492306583282,0.6774162418148514,0.5376155169176493,0.4701808842526025,0.651150647944009,0.0,0.722522681000643,0.7998819328484457,0.43390200414929175,0.8077148878745148,0.6032989470195024,0.7477967102308515,0.6403876962235195,0.6367911515488538,0.5157969925094619,0.6638106702666512,0.7560102231412607,0.6347260706905329,0.7867365308978088,0.5152751548201272,0.6047979255628647,0.6116443395084027,0.62537840661317,0.5924786964696421,0.6703435054045308,0.5086268308539383,0.5209321284213917,0.5669966744206029,0.5559648147769091,0.6414760548872228,0.6463536532109302,0.6512819465648285,0.8271108431737367,0.5098705788190911,0.5328611517818027,0.4815528204610414,0.5573774673119601,0.6771460030299362,0.533496875505995,0.5036151365217932,0.6266879995329591,0.515188536329436,0.6603127195836617,0.594425556291135
KAZ,0.6859973699137198,0.7126784324490694,0.6460664216099208,0.6048784259620682,0.6845781437781377,0.6812514227342822,0.6993960775191572,0.6448313118496528,0.7166649858017715,0.6357239752909806,0.8351853756516482,0.6218380488717132,0.7222083048466093,0.6859125257688619,0.7491894553950955,0.7476827632271311,0.6889695721728765,0.6990871500831938,0.6698857227508148,0.6596452315374428,0.7532687923424504,0.7048786654859364,0.7184551401976351,0.7065560527379376,0.7283571704590251,0.6885215119386231,0.6993494061964892,0.7199200986409838,0.6844985835333495,0.6715867245117193,0.6881254608940485,0.7619707455870602,0.6897057687687408,0.6856095331679074,0.7156976936345167,0.6901097340424867,0.7508362489860392,0.7582872542106028,0.7194632516662192,0.6909766308384472,0.7232336112534689,0.722522681000643,0.0,0.8168374649231321,0.7816177512068566,0.7687732758546684,0.6795357077933791,0.7980250136395866,0.7013464082845865,0.7386076831343136,0.6475936722011999,0.787846430241618,0.7339662590371178,0.6999277704925176,0.7259909116940653,0.6624123110784962,0.6860361040207408,0.6578293466610245,0.6736269500989526,0.6387807994762794,0.7077342606835125,0.6675444248665641,0.6851847149090001,0.6544017689370722,0.6052027830010851,0.632973855119911,0.6908578624914118,0.8026463289437872,0.8368072793627926,0.7231737351903765,0.7047738688803146,0.7051545610817657,0.7563154408062561,0.7147131911985178,0.6824663268003308,0.7862351406728229,0.6737746771121554,0.6563668500254679,0.7027350887603852,0.6783437563404427
KHM,0.8051499466530174,0.898923660031276,0.765513357336901,0.8263932560961144,0.8412269027784722,0.8341823869639943,0.6759791664348667,0.7590983872951,0.740754253974394,0.8155982981422872,0.9602126217604519,0.8392207914844414,0.874079995663522,0.8651218422544357,0.7989503051771175,0.825215059670185,0.7980361496800662,0.7570703408662878,0.8209078556536552,0.8098094497118384,0.8653837184881902,0.8436853642316686,0.8625911127392711,0.8535302281269419,0.8118470327052966,0.8282452325445477,0.8421483237948657,0.8428310373315163,0.843530130951854,0.8688410461626711,0.8188821520065764,0.9099550667168174,0.8171626491614942,0.8156007805974578,0.8231948014921657,0.7512190255531735,0.8659115017407072,0.8501168459192547,0.8623988688534528,0.8354383153744381,0.8264974577628874,0.7998819328484457,0.8168374649231321,0.0,0.8314385658690796,0.7352773236213399,0.833275777103384,0.9039564528961773,0.8248265574595331,0.7371469803966336,0.8247467930450485,0.8876929987639713,0.6342820125951649,0.8257486423816685,0.7972438514359429,0.8497397307921446,0.871493206289875,0.8045677658715792,0.6930681639359615,0.8151483617962086,0.7625968086054329,0.8117220345677627,0.8354734813142871,0.7691853096508025,0.8060188731487782,0.8449761018882775,0.7527705414970296,0.9163289166438373,0.8873088333774739,0.8449931856226959,0.8503203876565396,0.8338287101675945,0.8158475926424558,0.7521122768971364,0.758432613042586,0.8084176129947445,0.6590932059269995,0.8543991931636725,0.7335296115589285,0.8370357496918049
KOR,0.8020516861904108,0.7033868201992473,0.5591757556019084,0.6460675690126003,0.5508775207350554,0.562654347683796,0.6871201968108424,0.6084791336542582,0.5392838502994719,0.5220321850391358,0.9256944621330234,0.5899559172080967,0.5850898870548266,0.628124051372737,0.44913100182841664,0.6999932173398832,0.7345435715596145,0.8039586701171167,0.6095230230637811,0.6451372276035443,0.7210776283991791,0.5341971831015986,0.48719175091405126,0.6198348383541128,0.696052909310605,0.5243820092472532,0.6230982676708847,0.5402345416473412,0.5661648405679273,0.5965621920801316,0.6135342584153367,0.7397119120599471,0.5956541618651576,0.47829040330973305,0.5929351169219598,0.6165754644727744,0.684968821290602,0.7106543461286107,0.5526001130238691,0.5015014635756023,0.6706254349375247,0.43390200414929175,0.7816177512068566,0.8314385658690796,0.0,0.8270136739036994,0.6478115434232457,0.7662379883680384,0.6947628663062276,0.6373820163734965,0.5058029974536554,0.6596662342314701,0.7545047381597686,0.6158969520804575,0.8200592677549389,0.5620306710271468,0.6299646220988444,0.6465581013670936,0.6280366101814345,0.6330238856057094,0.6703636006575686,0.5564517032858854,0.5656030674173103,0.6017807533692503,0.5922837425361286,0.695282637599546,0.6851910003985252,0.6175384238823438,0.8589616129040929,0.5556081363583109,0.5754688611152966,0.5402207285560415,0.5121621489998034,0.6727597628978348,0.5359859624834842,0.4168535578722682,0.6736490200706864,0.5653509913807481,0.6449619242732314,0.618090217900724
LAO,0.680307141504438,0.8023427136901888,0.7028917331605701,0.7612285001950346,0.7648337748565974,0.8020611368142788,0.6589721966864139,0.7190751221980428,0.6501557810113903,0.7272355508656518,0.8968087221183203,0.7651799141629234,0.7918994338156259,0.7455090554820472,0.7571506222973131,0.6999573104108655,0.6991802451375844,0.7211610783477154,0.7014111824356123,0.7028002152625652,0.7994447319822565,0.7775227863127206,0.8107206153563953,0.7763735976300308,0.7429882592717503,0.7564183783620032,0.7259993435477459,0.7894933003338049,0.7660599362337716,0.7879530882864489,0.7346755968314145,0.8364367990375534,0.703512285035671,0.7323633779870702,0.6887727283763688,0.7145856451364673,0.7936890563483021,0.7938881812001973,0.8154369003935907,0.7923860965491524,0.7059169790481449,0.8077148878745148,0.7687732758546684,0.7352773236213399,0.8270136739036994,0.0,0.7120533459422406,0.8720530838038867,0.7383378787393556,0.6538754131959476,0.7631457008150222,0.8202567648906908,0.6318107799293765,0.7438339791928875,0.7406422487637074,0.7903860951405969,0.8045815082264749,0.6989521780753776,0.6030491677127748,0.7294122666664721,0.6316038308872894,0.7173495993651412,0.7307758451587035,0.6960026464157386,0.7209519015091136,0.7676872896661814,0.6889507059298385,0.872334773447431,0.8265310970954071,0.7673009570812268,0.7991244716997756,0.7907277397543352,0.711391304697424,0.6833518163601268,0.7034050904076202,0.8252574978258581,0.7209430103831561,0.7961162778816814,0.622668761973476,0.7547979104807854
LTU,0.7389356001854523,0.6560713385687893,0.5515980672857653,0.5547112726027129,0.5020800673238812,0.5032615540236585,0.6594057089579438,0.5104919116885219,0.5397563984419969,0.5176601546906294,0.8810462741743568,0.5525171592728244,0.5721972590550736,0.5714244185202675,0.6581972197724651,0.5797509536505294,0.5992947464858942,0.7214700813927102,0.5448979205550581,0.4987389057126271,0.6493083347612291,0.510061011808232,0.5550941389991156,0.5660835532755678,0.6761264256718473,0.48166588333593635,0.4867930659930637,0.5629227434733518,0.49300151465821423,0.5184240537800803,0.5526034259826647,0.7241948122782526,0.4940687253751379,0.49333119777896006,0.620294240973068,0.6250305645724831,0.6437729573033214,0.6797280999529023,0.5890075411577094,0.4969184043621046,0.6066579124359632,0.6032989470195024,0.6795357077933791,0.833275777103384,0.6478115434232457,0.7120533459422406,0.0,0.7597495825306242,0.5220856686725814,0.6100268045104019,0.5680710787804435,0.6653269374700115,0.7297542280979502,0.6396012077476684,0.7446928700652955,0.4923099614643263,0.5834671698767037,0.5096923020734033,0.5730342201058938,0.5517533703839211,0.5933390610956008,0.4746186609130002,0.462384883522891,0.5434641895029042,0.5282646790331439,0.6353218264597232,0.5422575910865504,0.6868472008505027,0.7915315052177694,0.5540375684713424,0.5373557942036535,0.5497523446524005,0.6170341164866218,0.6240236709767738,0.5149983863628292,0.6737625625503608,0.6454526583711061,0.5556063800912473,0.648964884391802,0.5802805397317793
LUX,0.8489995989596,0.7703651060255511,0.7711692899460189,0.7017104043918717,0.6683833861892189,0.684455430122025,0.769004446748013,0.7184301877272123,0.7726939818744101,0.7326456360130892,0.9514787090162115,0.6969394207837357,0.6997333830103772,0.7494378077758045,0.8201451983592439,0.8042201398582774,0.8272779936458079,0.8799324709983615,0.7672727310540013,0.7136208459548616,0.7432927495229281,0.698274900349761,0.6879750249891144,0.7123296806875309,0.8587015837364297,0.6957688996590474,0.7403932836365362,0.7261532421741259,0.6578314257870735,0.6624534630063953,0.7418747787829154,0.6685118150560756,0.7560828144491479,0.7072196526294651,0.8115522291968024,0.7874053482834633,0.6893164202017319,0.7363446269775786,0.7086233787720791,0.6833256775936617,0.819858638911159,0.7477967102308515,0.7980250136395866,0.9039564528961773,0.7662379883680384,0.8720530838038867,0.7597495825306242,0.0,0.7249317995512278,0.8202573429735592,0.7700884782588128,0.7594538748844687,0.8589455075157943,0.7360604434542678,0.8232634683388032,0.6673956927395024,0.7285990942475076,0.729059916545454,0.7904950322272968,0.7805551393434336,0.7944305999826573,0.7126622744625468,0.6789079360726369,0.7651784959418538,0.7528552971088653,0.7914223465377122,0.7903746079376656,0.7708479158964775,0.7104431100605977,0.7183538921095385,0.6925142431919671,0.7130394652569392,0.8217412296403167,0.8184953356381532,0.7468884475716429,0.7732654176876155,0.8077421801056683,0.684483571764784,0.8356734085507661,0.7648666524361931
LVA,0.7608292064885906,0.6811744645028696,0.6285382164768908,0.5213494751125102,0.4401590977244721,0.4995810322937558,0.6551503526551737,0.5335848478105293,0.6203881064353517,0.611443712137482,0.9334407720834924,0.5806337459607657,0.5490637787505411,0.5944785712666819,0.7142941802500955,0.6400343579329664,0.6592233769467426,0.7707969843088995,0.6383009433608299,0.5702880751617695,0.5668203562554107,0.465893532962364,0.559157361503102,0.5866904003071646,0.7307011098256507,0.46100739620483183,0.384427568514749,0.5277401614174936,0.49343455798757907,0.5237458592842157,0.6118323971450531,0.6929276268254009,0.5539847020908468,0.5508345906872023,0.6796822469224444,0.6916057721137389,0.653330192403305,0.6517138926698212,0.6351280280715651,0.509027984184805,0.6931026121466375,0.6403876962235195,0.7013464082845865,0.8248265574595331,0.6947628663062276,0.7383378787393556,0.5220856686725814,0.7249317995512278,0.0,0.687731794746606,0.6584941656657217,0.6120899407329562,0.7622629043989618,0.6815491774443482,0.7442861450092986,0.5277093163016274,0.5703091428154763,0.5147017752507498,0.6361300175828178,0.6229394838139575,0.6758104125493448,0.4865271690215157,0.4543512842955748,0.5321728469015319,0.5768737801303722,0.6778487126243875,0.588588184470278,0.6912186492788857,0.7847814210813163,0.49190802626089813,0.4810617626285836,0.49457783246769554,0.7044553993428727,0.6551389463671722,0.5519380114481728,0.7206482328793709,0.6961785936652204,0.6067286484819375,0.70404857226039,0.6669563652034471
MAR,0.7081987165502849,0.7248893535175618,0.5151345512085641,0.6429467183303993,0.6448455632615129,0.6274023622778303,0.5997341095428372,0.5651283827099218,0.41457000606725763,0.5292992438329144,0.8865718402188195,0.615609773459395,0.6871554203207898,0.6530398989068713,0.5710619902987749,0.6087396776202814,0.6292457436891995,0.6311238351390099,0.5549586848475866,0.5707577147647024,0.7241172300705291,0.6367359952658671,0.6346830659384901,0.6840040383343623,0.6374320439176316,0.5728481527671911,0.6552627873099707,0.6662838746757366,0.6226219698867741,0.6730559414580233,0.6340080128385783,0.8291595639851989,0.5850902926052476,0.5678669349139659,0.5343913616497302,0.5489455081996981,0.6977106964065622,0.6871218993052725,0.6685785620887111,0.630027402742281,0.5542176465911485,0.6367911515488538,0.7386076831343136,0.7371469803966336,0.6373820163734965,0.6538754131959476,0.6100268045104019,0.8202573429735592,0.687731794746606,0.0,0.5599224656839776,0.7579552635205417,0.6299946148733674,0.6097555624816529,0.7158586082066766,0.6347939293569193,0.7022813292734764,0.5972830814753004,0.5411955080600992,0.5434652152335329,0.5236418643893209,0.5687131965115763,0.5770410424971772,0.5889815388181394,0.6048854557432071,0.6627130863249224,0.49354020157018597,0.7910399176841125,0.8344187359014732,0.6556436051730264,0.6605562342521824,0.6617136244397626,0.5551241834250218,0.5458493854506402,0.5271235962804849,0.6705222215167094,0.6153643689361595,0.6464558415164939,0.5739881826778822,0.5935984518632067
MEX,0.7165155508271372,0.6250064582409449,0.4647583590078638,0.5639665972408539,0.5428082240627727,0.5302733009833104,0.6707125960644045,0.5540376188365177,0.5225551360914886,0.41360710331013634,0.8477641789838752,0.5103191772854465,0.5749543789841677,0.6005057796916534,0.5021509669750596,0.6395927466251594,0.6511228413634577,0.7014649166922693,0.5253680581618503,0.5636632509545679,0.7103443731360528,0.5339860819243457,0.5249291493056041,0.6012692705902317,0.6272685170517537,0.5041104717301215,0.5925714772038256,0.5537837167348669,0.5449120420651188,0.5661927019182462,0.6011674277693603,0.7263984576994063,0.5657157597117293,0.45419645784966123,0.5321709230129021,0.5387443484732093,0.6462855960715455,0.704933108887135,0.5545624907720456,0.5062763439735712,0.584412690365995,0.5157969925094619,0.6475936722011999,0.8247467930450485,0.5058029974536554,0.7631457008150222,0.5680710787804435,0.7700884782588128,0.6584941656657217,0.5599224656839776,0.0,0.6868279296896402,0.7013770141788772,0.5523394781495047,0.7480358138412829,0.5203741942553425,0.5989038964138843,0.5781643169644066,0.5812909842698673,0.5152990727191615,0.5785866352004522,0.4911241118307691,0.5324833046746806,0.5484772492615921,0.5004316489199077,0.6114461100714581,0.6025855605919722,0.6601236303553888,0.8473160551284339,0.5596696320580639,0.5713097916324776,0.5598233742844192,0.5147415280241148,0.6160064941776693,0.497173040537452,0.5518740078698117,0.611411893805194,0.5098221256469833,0.5999996393063175,0.5547672061530563
MLT,0.7968603413250976,0.7038951362971255,0.6971036759262754,0.6112205840244116,0.5680328762404283,0.5988312559799082,0.7243932236337887,0.6524934130625581,0.7062904795197311,0.6667953677115008,0.9320540066422845,0.6528879872975375,0.5623933958881263,0.6474492354674157,0.7342852982792754,0.7651408706937746,0.739991840474765,0.8481329046592402,0.6607639592586473,0.6542097737270269,0.6347313519380228,0.6033160037452353,0.6108854804926409,0.6308743724809168,0.7854333979960101,0.5673607658188794,0.5803790064195596,0.6111841051951457,0.57129763020647,0.5555809119524735,0.6778945689020927,0.6935467282522711,0.6376415608159399,0.5867204382943385,0.7225355738621204,0.7579719172499201,0.6183620378008493,0.6659644299873776,0.6070783744619054,0.5944656901752073,0.7466602232944681,0.6638106702666512,0.787846430241618,0.8876929987639713,0.6596662342314701,0.8202567648906908,0.6653269374700115,0.7594538748844687,0.6120899407329562,0.7579552635205417,0.6868279296896402,0.0,0.8208630925279373,0.7172820823142488,0.82950437222643,0.5893564537369855,0.6446654308530104,0.6197453132598995,0.7143963955859532,0.6987568639730316,0.7014317152539885,0.6282571616862985,0.5601534379759702,0.6559025047810788,0.6937035905155058,0.7343884459875338,0.70431160414609,0.6410570872731826,0.7986028543788595,0.5929910433783384,0.6036421396158955,0.6338933077241954,0.6616069596057971,0.7276229289302922,0.6616412123855552,0.6764335538216496,0.7998333149886224,0.6517888688254294,0.7304739718738222,0.7218156323896627
MMR,0.6881947095018625,0.7868011075205097,0.6280516790383204,0.715381380244888,0.7509896119437965,0.7494289096887502,0.5328712100185421,0.686288666723707,0.5790478444744108,0.6791519438175295,0.8902421526828146,0.7170465125442711,0.7804613787544376,0.7467845801866774,0.6736004533726946,0.7375553167283957,0.710884911206894,0.6805252980725154,0.6980282622113587,0.7196216773808698,0.7843305702802523,0.7502672624805841,0.762625500176345,0.745879868500215,0.7265609055489121,0.7292911294527332,0.7288094692666557,0.7520449678335438,0.7456984512295525,0.7672678651889545,0.7386234318592924,0.8606971679001284,0.7057378228599305,0.7013673205496525,0.6545409189099495,0.619892163462605,0.7864630076049045,0.7661663629701879,0.7708238159017561,0.7394675297063674,0.7266789193261883,0.7560102231412607,0.7339662590371178,0.6342820125951649,0.7545047381597686,0.6318107799293765,0.7297542280979502,0.8589455075157943,0.7622629043989618,0.6299946148733674,0.7013770141788772,0.8208630925279373,0.0,0.7120323273988122,0.6949699935843029,0.7368839801979344,0.7475633341318816,0.6797556534902026,0.4801163595909005,0.6710198729829473,0.6260057727273941,0.6974471817038295,0.721815656979617,0.6811715606426006,0.7168576772245533,0.7413173855323058,0.6760016171543828,0.8341432207480537,0.8504868691607651,0.7746279787344515,0.7533306710045748,0.7499961841406092,0.6813571378421135,0.6081270014811843,0.6491139561635259,0.7700014052187848,0.6450416659674264,0.7512104119869173,0.5509810107965611,0.7360653692745842
MYS,0.7083575248910423,0.6803332861915191,0.5361858552144976,0.6225346126751914,0.6301106566150148,0.6249571186950472,0.6823026739247281,0.6075817057872346,0.5548507189743948,0.5235405012058474,0.8417565566154183,0.5887429741770412,0.6596849408874212,0.6747603900470456,0.5856987328385339,0.6647364781020333,0.6321462221172197,0.7227842056465366,0.5739647006576761,0.6202526197420413,0.7249832244015594,0.6020729758587486,0.6327756761635127,0.642843199264055,0.6193523152583938,0.5966620708941542,0.6244342295745744,0.639004529604101,0.6223884133293995,0.6245185775481878,0.6737867754297446,0.729825117658649,0.6349336653578563,0.5809613120413029,0.5390202322446123,0.5968785568133813,0.6944967482598181,0.7024386980859679,0.6468327055439117,0.6152994984425542,0.611518494630836,0.6347260706905329,0.6999277704925176,0.8257486423816685,0.6158969520804575,0.7438339791928875,0.6396012077476684,0.7360604434542678,0.6815491774443482,0.6097555624816529,0.5523394781495047,0.7172820823142488,0.7120323273988122,0.0,0.7238354848579467,0.5903747942440383,0.6331737469790446,0.6337163759131422,0.6078337820121835,0.5892262816228282,0.5816810348237583,0.5706922300586775,0.6007685139341646,0.6273583381215158,0.5819581314926965,0.6380073511133791,0.6187621570629073,0.7163907904533785,0.8089003872769299,0.6310644352236748,0.6504825756398467,0.6432485300618178,0.5551876136162012,0.6216656438285003,0.6123201955246274,0.631251607030523,0.6095318193764923,0.6151164614170035,0.6225748843285064,0.6369151316901853
NGA,0.7573443331973593,0.8036937162943255,0.6743494268421978,0.7235163161149423,0.7602402514271072,0.7485305883519737,0.6957244973836266,0.6970344345051076,0.6664977959335261,0.7168528275699889,0.9298385800702584,0.7181943795694623,0.7659736427480506,0.7578117609837944,0.7957034883722091,0.7252635691804306,0.6981246251791934,0.6879194322524236,0.7071385755877853,0.6810479086147748,0.7875610451052706,0.7558221149454593,0.7838550096110313,0.7342103900620739,0.8031510721181406,0.7352481572978856,0.7501239510300314,0.7856896990301891,0.7379208230977692,0.7461465320403107,0.7485720639367918,0.7969264213237516,0.7177617734710396,0.7189280453847717,0.7316028806281822,0.7636419897207907,0.7447792868420915,0.7689090243837841,0.7454846783398629,0.7539092086834949,0.7306796897373311,0.7867365308978088,0.7259909116940653,0.7972438514359429,0.8200592677549389,0.7406422487637074,0.7446928700652955,0.8232634683388032,0.7442861450092986,0.7158586082066766,0.7480358138412829,0.82950437222643,0.6949699935843029,0.7238354848579467,0.0,0.7334659414580009,0.7589263762099853,0.6793455293873459,0.6925320823098696,0.7031299166101759,0.6226443587016689,0.7147713583310614,0.7280582743700327,0.7144588765314751,0.7480323696015855,0.7380280078291446,0.6594035388826451,0.8492928016684197,0.8503755405643809,0.7955134957144211,0.7676717505382507,0.7727539983672087,0.7498280669150837,0.714419478161457,0.7334872746417872,0.8250404819766769,0.7108129141943699,0.7197543581234324,0.7357158012598141,0.755356003660473
NLD,0.7305122249481916,0.5937208237940993,0.527376246367329,0.42010950902173894,0.39402116101446044,0.37227415924085794,0.6523008086635667,0.4852339813906532,0.56698426534159,0.46008252312240466,0.8844587063566822,0.42467444534478593,0.453650732747821,0.5161242924888542,0.6411872257960959,0.6471387735609366,0.6491954645397574,0.7600562052636978,0.5330621300396425,0.4682956229491362,0.5927517058389402,0.4343445890203292,0.4161057390004383,0.438282959697725,0.6907591424452674,0.39674490054932615,0.48982102990881277,0.44843017282063996,0.34701602050116975,0.3466206481494417,0.528008082275107,0.6216494075528533,0.48256686227572887,0.4149256487701539,0.6255896102580659,0.6162177855610059,0.5530610735970147,0.6115197893080659,0.41853179852402567,0.3734032878248795,0.6394542042019256,0.5152751548201272,0.6624123110784962,0.8497397307921446,0.5620306710271468,0.7903860951405969,0.4923099614643263,0.6673956927395024,0.5277093163016274,0.6347939293569193,0.5203741942553425,0.5893564537369855,0.7368839801979344,0.5903747942440383,0.7334659414580009,0.0,0.4292961287115971,0.44922802169806547,0.6028353122163718,0.5450011305850609,0.6158600904728754,0.44411270538323433,0.39682544101993633,0.537157958438123,0.5211042574775684,0.5751893236833979,0.58092826766472,0.5840298259117781,0.7720796765756038,0.49864096024150917,0.4377704793909765,0.45465121184284646,0.6275819682419441,0.6300177302367725,0.5334269332737129,0.5797582642346922,0.6571595667023272,0.39471614718030157,0.6787822551539564,0.5415452831906137
NOR,0.716434357555997,0.5869889046482049,0.6082590773416524,0.49467171763109385,0.5011930213178666,0.5071470741821456,0.6629577724429399,0.5766515613341344,0.6281403216388556,0.5709028564999197,0.8662289748462166,0.48943593361387555,0.5601745353395448,0.5677134763244464,0.6949441518798117,0.6898954729312609,0.6595921611397905,0.7826668906189508,0.6070776081289443,0.5653908846703093,0.5917140833769792,0.5359484921839988,0.5298802182434201,0.4590199098815415,0.6988679464462341,0.5134040399269342,0.5252870001704248,0.5214648223028859,0.49411554243025807,0.47787916154858684,0.5579776720228988,0.6670549232666866,0.5504909503174102,0.5503395325414232,0.6556476056610597,0.674901593735582,0.6386378869054812,0.6147425891286413,0.5634294126897549,0.5109806944060088,0.6714497311720533,0.6047979255628647,0.6860361040207408,0.871493206289875,0.6299646220988444,0.8045815082264749,0.5834671698767037,0.7285990942475076,0.5703091428154763,0.7022813292734764,0.5989038964138843,0.6446654308530104,0.7475633341318816,0.6331737469790446,0.7589263762099853,0.4292961287115971,0.0,0.5248211797983876,0.6612931433979122,0.5846298102299146,0.6905899957513223,0.5489272286310735,0.5161062603787482,0.5881927532050805,0.5477699053126065,0.6305561728272722,0.6378259906067327,0.6235202971493764,0.8112939706044693,0.6107734280308226,0.5330204559356804,0.5206129334919397,0.6842262418419814,0.654723435155058,0.6121855439369494,0.6747429874005257,0.7054768106865573,0.5157643309946859,0.7039199512025018,0.6242509399464773
NZL,0.7130000065988918,0.6362504488535715,0.5381714188635839,0.44380148593152685,0.44871250512438815,0.48107143688997833,0.6166371070740571,0.49566282972866266,0.5364621424983956,0.5299643208950638,0.9001867156219141,0.5030750402973562,0.531175202547978,0.5073323209930155,0.6492267555504182,0.6052426378926412,0.6233881298759123,0.6868633941934501,0.5445467136809519,0.5028176526043541,0.5962255534978661,0.49448271255310705,0.5269988910231357,0.5226282773802061,0.6957718345863652,0.4646063123889872,0.5192207563100785,0.5303738007392611,0.4422590816972981,0.4581661874513092,0.5735001218078157,0.6871107551254524,0.5147002091162257,0.48457856854558345,0.6014083053954066,0.6284090554048015,0.5973314370018061,0.614438745335178,0.534111326638831,0.4833448943575111,0.6399969241732708,0.6116443395084027,0.6578293466610245,0.8045677658715792,0.6465581013670936,0.6989521780753776,0.5096923020734033,0.729059916545454,0.5147017752507498,0.5972830814753004,0.5781643169644066,0.6197453132598995,0.6797556534902026,0.6337163759131422,0.6793455293873459,0.44922802169806547,0.5248211797983876,0.0,0.5762162395353385,0.5475390453215513,0.5717295129696955,0.4724859739980079,0.4375847136683099,0.5266235018241122,0.5643023969986287,0.6431296333312558,0.5391187828104471,0.695862937533045,0.8083913322855596,0.5561875670622701,0.5155595994963558,0.5077449317608461,0.6438297458272245,0.6199354456488608,0.5305265959785966,0.6908481005464886,0.6577659736844157,0.4995728992660676,0.6206800528860068,0.5678355983950653
PAK,0.6332759422894779,0.7164384492557612,0.47737667955183216,0.6161285583996822,0.5755216045425644,0.6200736961612502,0.5313205919775079,0.5819679349638676,0.43106127469270256,0.5195314018815651,0.876928338306997,0.602455062051195,0.6252203410279736,0.6461675238742893,0.5610557640621782,0.6589208715214133,0.630890438870415,0.6736521712362274,0.5431038282501263,0.6015538952714451,0.6952887107463913,0.61404629402948,0.6128668821676231,0.6189009261987612,0.5855891506100432,0.5604940927220174,0.5936900951699106,0.6342390844813963,0.5957448836762376,0.6037870020157262,0.6055431584621007,0.7685434540902145,0.5520131520875402,0.554033518122339,0.5495885924057515,0.5311231865001993,0.692745932525273,0.688174803426603,0.6654460313643402,0.5869550796506108,0.6149143324568537,0.62537840661317,0.6736269500989526,0.6930681639359615,0.6280366101814345,0.6030491677127748,0.5730342201058938,0.7904950322272968,0.6361300175828178,0.5411955080600992,0.5812909842698673,0.7143963955859532,0.4801163595909005,0.6078337820121835,0.6925320823098696,0.6028353122163718,0.6612931433979122,0.5762162395353385,0.0,0.5641619784688178,0.5528164786578873,0.5811651105697261,0.551575244527801,0.5396649528632922,0.5382475269163207,0.6476733954250251,0.5818056532941135,0.7441710931325201,0.813501784219186,0.6005506745121059,0.6326102062269979,0.6199507867409202,0.5497321158712692,0.5605573743293988,0.47107523252225736,0.6581163308579329,0.5826644534967774,0.6040655256670817,0.5399953758011851,0.6252538944699544
PER,0.7169254315260345,0.6693832122909704,0.46155770584140393,0.5319168307324169,0.5652959049019705,0.5496344145367056,0.6033294382312608,0.5309564078310982,0.5097368426572643,0.4459351094307017,0.8533929071833845,0.5062953822867049,0.6271826542959469,0.5443559560823397,0.5860146300756687,0.5766706646319518,0.5387118916545697,0.6391761384290398,0.4627491826344687,0.5184252583168164,0.6773206944353775,0.5941009026937956,0.581580309539088,0.6089938570168987,0.6090271775622185,0.5158790766784697,0.5758473026105771,0.585679369866401,0.5464002903944428,0.5590262870486701,0.5817858838478656,0.7700380892112035,0.5546935688833072,0.5528044645546444,0.5252366133423965,0.584543662921566,0.6478584533190257,0.6251961428965458,0.5920005606234374,0.5318556070283271,0.5609148751666736,0.5924786964696421,0.6387807994762794,0.8151483617962086,0.6330238856057094,0.7294122666664721,0.5517533703839211,0.7805551393434336,0.6229394838139575,0.5434652152335329,0.5152990727191615,0.6987568639730316,0.6710198729829473,0.5892262816228282,0.7031299166101759,0.5450011305850609,0.5846298102299146,0.5475390453215513,0.5641619784688178,0.0,0.5964029141803111,0.5264674039137904,0.5075216071168128,0.5703515958499841,0.5482972488182007,0.6207550537372036,0.50540455049332,0.7583564462108237,0.8099470347393778,0.6479422510252424,0.5824142193193701,0.6061511340577154,0.5420345558308206,0.5563785017438815,0.4926456964460126,0.6615378151530813,0.6339459244953871,0.5437476623525496,0.5858925975163466,0.5597584830455513
PHL,0.6991737470998679,0.7190755204560377,0.5443272001521905,0.6368270448422396,0.6505390973836923,0.6503492628136283,0.6171300481047912,0.5727892460143502,0.480420740061463,0.5576290262058071,0.8973421154398122,0.6430115251060912,0.6421128677369319,0.6177055512452159,0.6289836930976312,0.6137244553359433,0.6211802614567736,0.60908556115126,0.5692928129011819,0.5431313621791412,0.7269482923956042,0.6498540955643971,0.6775546046775558,0.6599882445158675,0.6858626099134683,0.6004799126048146,0.62534182263201,0.6652595237044263,0.6319134377109561,0.6606360316745485,0.6513373676871934,0.7284949783139582,0.5829489263632098,0.5583516639903431,0.552267564492037,0.611374379339563,0.6569454059682213,0.6700660202086963,0.6443703053118117,0.6393760120651973,0.6047001976434933,0.6703435054045308,0.7077342606835125,0.7625968086054329,0.6703636006575686,0.6316038308872894,0.5933390610956008,0.7944305999826573,0.6758104125493448,0.5236418643893209,0.5785866352004522,0.7014317152539885,0.6260057727273941,0.5816810348237583,0.6226443587016689,0.6158600904728754,0.6905899957513223,0.5717295129696955,0.5528164786578873,0.5964029141803111,0.0,0.5792734100583719,0.5971099836028153,0.5881315986365643,0.614506343417327,0.640358615889332,0.530745828522255,0.7384750986980242,0.7964609781088116,0.6643268318768364,0.6856253253727539,0.6749021991686256,0.543720992696259,0.6013189642451683,0.6025039219154893,0.6699684479533392,0.6179093066559358,0.6612780403626978,0.5770577414075061,0.6323875023939984
POL,0.7396448159823672,0.6079843894886251,0.5067353325851501,0.46611043326188506,0.40289504989364294,0.42153659902531443,0.628699397009221,0.39125555416131813,0.48241088199151116,0.45004548562015534,0.8920542557558275,0.4983488522120477,0.5328366287615539,0.5552238651051802,0.5693799495396944,0.5886216113165116,0.6280463917461487,0.7239728572598947,0.535864811349788,0.4813290929919292,0.6155620355380406,0.3493655133083862,0.4416577547290923,0.5394901760273351,0.6840496579047944,0.3662829916827389,0.46881116132293016,0.45076819488222564,0.43290750156644553,0.4668892626073949,0.5645232158198653,0.6855111032073725,0.4715427253670219,0.3843985894659694,0.5449757486345997,0.55173905593137,0.6120637595914714,0.6455227849516068,0.5535920839298516,0.39697747665218897,0.5859970964489754,0.5086268308539383,0.6675444248665641,0.8117220345677627,0.5564517032858854,0.7173495993651412,0.4746186609130002,0.7126622744625468,0.4865271690215157,0.5687131965115763,0.4911241118307691,0.6282571616862985,0.6974471817038295,0.5706922300586775,0.7147713583310614,0.44411270538323433,0.5489272286310735,0.4724859739980079,0.5811651105697261,0.5264674039137904,0.5792734100583719,0.0,0.38290910639027537,0.43566790512777953,0.4888837105104349,0.6216084280981947,0.536922086207791,0.6750482551932638,0.8061847970313181,0.42622341911365097,0.37192907438182676,0.45154084298259256,0.5650974874463364,0.5909369492643181,0.44637399033755537,0.6002585203269827,0.5887050358771782,0.5131664013715544,0.6157968189334637,0.5384065627459018
PRT,0.7182240985392854,0.5878285743512425,0.5078194731289887,0.43917327060091244,0.3227446134590018,0.36510587554371193,0.6036939658741077,0.4561528405113372,0.5034153662228013,0.4356758613000181,0.8970508127538779,0.48181326540936614,0.47625316972798265,0.5164735919471408,0.602840146693749,0.6007648397487148,0.6214722331727268,0.7518032215826125,0.4967244502111125,0.4642597753652131,0.5666708500032199,0.39049487308151776,0.43060403300087335,0.5050206161742556,0.6649065127031883,0.30802719523725286,0.4490957767335257,0.4696531021406702,0.33872705564448213,0.37801242710363264,0.5289527010852955,0.6431412870006622,0.4553988703433765,0.41586687836777986,0.5570868560029726,0.5931868884236556,0.5762967609857511,0.6016711704808483,0.5051381496119988,0.33817364956451035,0.6029415231763181,0.5209321284213917,0.6851847149090001,0.8354734813142871,0.5656030674173103,0.7307758451587035,0.462384883522891,0.6789079360726369,0.4543512842955748,0.5770410424971772,0.5324833046746806,0.5601534379759702,0.721815656979617,0.6007685139341646,0.7280582743700327,0.39682544101993633,0.5161062603787482,0.4375847136683099,0.551575244527801,0.5075216071168128,0.5971099836028153,0.38290910639027537,0.0,0.47716649481023266,0.5134206347333226,0.5891346607624561,0.521875506889998,0.6443270843152878,0.758868293325709,0.4269595062274199,0.37875697849199197,0.4765755845710139,0.5793337635684619,0.5983857446628911,0.41081201656708066,0.6099008427369066,0.6657164407581473,0.485044537988324,0.6270616369682918,0.5356521110668022
ROU,0.6956058988887022,0.65657804006673,0.5109018953235187,0.5164250309839524,0.48150189296774376,0.5350888188274328,0.6034563385380532,0.4488773282641397,0.5069579469772572,0.5156722091135238,0.9039076520715662,0.5647858811004292,0.5806917523264516,0.6035574197464534,0.5686163318169817,0.645556519531711,0.6246169150497778,0.7077022162515373,0.5512058413252113,0.5526289653158478,0.6399815289287863,0.4964585370770549,0.5504075346794525,0.5870091796572616,0.6577061945221783,0.4610879132721386,0.5200074307997633,0.5624059094277216,0.5142850970309593,0.5290538473132491,0.5989467592314954,0.7265795157361159,0.5218424858511073,0.5020335741909923,0.5550677198957915,0.5404267353483391,0.6625013557097185,0.6738085785274205,0.6328002653907586,0.48945123647699934,0.6203131890915056,0.5669966744206029,0.6544017689370722,0.7691853096508025,0.6017807533692503,0.6960026464157386,0.5434641895029042,0.7651784959418538,0.5321728469015319,0.5889815388181394,0.5484772492615921,0.6559025047810788,0.6811715606426006,0.6273583381215158,0.7144588765314751,0.537157958438123,0.5881927532050805,0.5266235018241122,0.5396649528632922,0.5703515958499841,0.5881315986365643,0.43566790512777953,0.47716649481023266,0.0,0.5011757227956493,0.6062239847291386,0.5667379975492697,0.7324726684191233,0.814970402526429,0.5195088490771038,0.49864553584154914,0.5462652564308029,0.5789927221757161,0.6138825077342659,0.46443444445575655,0.6393090176924938,0.618121790007989,0.5909376809678477,0.6038454445897027,0.6050445689873915
RUS,0.6854131587073694,0.5855475861289406,0.5110040854789835,0.5554762814735055,0.503657781316044,0.5280603597572217,0.6505337763583173,0.5028551197891113,0.5392241701951402,0.46724231045071757,0.8336941886828737,0.5089568731823033,0.5946619815960171,0.5986223390793116,0.5710261332106387,0.6410860899909986,0.6435850891331163,0.7247320540618317,0.5551198261884199,0.5862206293830358,0.6902162245347395,0.5251825743031863,0.5330476537564386,0.6016667240487639,0.5934165405683823,0.48977976513284316,0.5583646341081061,0.561364119028396,0.5276769943163846,0.543246879464262,0.5873831634316665,0.7483746106550389,0.5179973173326418,0.5003859172340394,0.5698320846897045,0.5549892983369694,0.694735832610442,0.676972643305083,0.6049390527024181,0.5167687651189103,0.5804059589469392,0.5559648147769091,0.6052027830010851,0.8060188731487782,0.5922837425361286,0.7209519015091136,0.5282646790331439,0.7528552971088653,0.5768737801303722,0.6048854557432071,0.5004316489199077,0.6937035905155058,0.7168576772245533,0.5819581314926965,0.7480323696015855,0.5211042574775684,0.5477699053126065,0.5643023969986287,0.5382475269163207,0.5482972488182007,0.614506343417327,0.4888837105104349,0.5134206347333226,0.5011757227956493,0.0,0.6192642973232606,0.5976766500106833,0.6946457318815252,0.8164023509724344,0.5143429602763957,0.5719536371969937,0.5414327050678296,0.5771715255441341,0.6384989593958191,0.49311761030253193,0.6115961974658239,0.5842162391387179,0.5370461415155409,0.6364047988751893,0.5594049109249837
SAU,0.7051826173682191,0.659039567261072,0.5922452714978668,0.5929195862106335,0.6280842704641296,0.6101492244051486,0.6806546000545505,0.6056100576291538,0.6589783103184105,0.563725961291697,0.8508227524674464,0.5743242560269164,0.6461072898853609,0.675397315593405,0.6947811664604958,0.7081979406663882,0.6593660920475881,0.7773278230857654,0.5987394601310178,0.5724226782899489,0.7238684723546067,0.655434755062118,0.6535514810242012,0.6477269663648817,0.6745000034333253,0.5836523128541596,0.6478841883085481,0.6581808052147486,0.6176154639426719,0.6256730334949225,0.6429956157455367,0.7009916826194287,0.6082326846292446,0.6176144393824239,0.6136099591201234,0.6385580658131892,0.7171712603336775,0.7072864147016322,0.6360290404946974,0.6086121005305529,0.6395029208711855,0.6414760548872228,0.632973855119911,0.8449761018882775,0.695282637599546,0.7676872896661814,0.6353218264597232,0.7914223465377122,0.6778487126243875,0.6627130863249224,0.6114461100714581,0.7343884459875338,0.7413173855323058,0.6380073511133791,0.7380280078291446,0.5751893236833979,0.6305561728272722,0.6431296333312558,0.6476733954250251,0.6207550537372036,0.640358615889332,0.6216084280981947,0.5891346607624561,0.6062239847291386,0.6192642973232606,0.0,0.640949956156839,0.7364748185944018,0.7913959836991925,0.6834460921389356,0.6423013238446396,0.6592340311842129,0.6732488989947918,0.6810993009410558,0.6285220003723514,0.690219034912993,0.6682060791312552,0.6060923932470947,0.6913714845180278,0.6163217724527079
SEN,0.7412977640617185,0.7196878615797097,0.517800912509676,0.5686763819840125,0.5980153301739896,0.5654237718952991,0.5936616633477086,0.5262051385823067,0.5063215781930382,0.5527439788161661,0.9044916222297734,0.6025676368644836,0.646588398935761,0.5868490657888586,0.643879793712077,0.5871279458706243,0.5735169745318497,0.6212645627639004,0.5296629429336521,0.5117782009126696,0.6265946994082164,0.6031315737279032,0.6302219669730165,0.6307586804565897,0.6685197466352842,0.5243265711000646,0.5780479636824284,0.6267235734117513,0.5669819701767402,0.6101758815257718,0.5843386671576972,0.767218558319823,0.546956667333927,0.5691527576010095,0.6065155864995682,0.6106744465535943,0.6600906401196308,0.6437584530717223,0.6278878204146187,0.5826685568346722,0.5592409204721924,0.6463536532109302,0.6908578624914118,0.7527705414970296,0.6851910003985252,0.6889507059298385,0.5422575910865504,0.7903746079376656,0.588588184470278,0.49354020157018597,0.6025855605919722,0.70431160414609,0.6760016171543828,0.6187621570629073,0.6594035388826451,0.58092826766472,0.6378259906067327,0.5391187828104471,0.5818056532941135,0.50540455049332,0.530745828522255,0.536922086207791,0.521875506889998,0.5667379975492697,0.5976766500106833,0.640949956156839,0.0,0.7702602978133698,0.8094249408593109,0.6532752850470586,0.6063877903920142,0.6366823512749471,0.6261331407936301,0.5375088192497575,0.5545238467632251,0.7077416091287757,0.6206978524111841,0.6160410264478808,0.6130196341707597,0.6055635167261574
SGP,0.8121079258256709,0.6422098129302332,0.7273341078551245,0.6761964051866368,0.6450310737482974,0.5953677654634776,0.7708659662741726,0.7196532811962796,0.7142220985762862,0.6832049055657423,0.8974614413114602,0.6897920950802967,0.5434954707378865,0.6973193927138696,0.7281701353242909,0.7829810683809675,0.7868015037347095,0.8980519788343334,0.7276984433805757,0.677477469745354,0.6449740772076686,0.6504892945305923,0.6345121958313357,0.5953090378586569,0.7857851682418582,0.6482215562755435,0.6545891121679994,0.6081889470015392,0.6247265770495175,0.6264724547904259,0.6476687146049201,0.6278135610923096,0.6809282500402883,0.6212233961744541,0.7349264058686181,0.7559424549997047,0.675201205632898,0.7311682330242368,0.5909844254182276,0.634668733989384,0.7644878906122987,0.6512819465648285,0.8026463289437872,0.9163289166438373,0.6175384238823438,0.872334773447431,0.6868472008505027,0.7708479158964775,0.6912186492788857,0.7910399176841125,0.6601236303553888,0.6410570872731826,0.8341432207480537,0.7163907904533785,0.8492928016684197,0.5840298259117781,0.6235202971493764,0.695862937533045,0.7441710931325201,0.7583564462108237,0.7384750986980242,0.6750482551932638,0.6443270843152878,0.7324726684191233,0.6946457318815252,0.7364748185944018,0.7702602978133698,0.0,0.8486822469938926,0.6528293929685822,0.6675953183241785,0.6507425074533092,0.6900092321266688,0.7839710072412858,0.7110100078418221,0.5778810883984393,0.7880996633151978,0.6609312245569481,0.7657568259020943,0.7424474582149878
STP,0.8665259587383393,0.8392274897672479,0.80759234908234,0.7673594743669627,0.7870825864849376,0.7903413209627758,0.7858764278131872,0.7753317398489951,0.8170062935945641,0.7967495654300545,0.9508691609241636,0.7661374155162773,0.8158424581885789,0.8239297111910704,0.878958336602578,0.8499868647653206,0.8013137316737747,0.8512816445226635,0.8036468814248201,0.7644647334435931,0.8177866351361083,0.801911443672271,0.8045271053310021,0.8008358489606261,0.8564736290567805,0.7788341767338852,0.7718927332235644,0.818846885016793,0.7681068858311668,0.7564357087382675,0.798744422253835,0.7534266356911464,0.7722970400328351,0.7771035769612443,0.8440207388366333,0.8142262137621181,0.7457248454301008,0.7567086878499589,0.8048176944425961,0.7921043269381088,0.8149428195296784,0.8271108431737367,0.8368072793627926,0.8873088333774739,0.8589616129040929,0.8265310970954071,0.7915315052177694,0.7104431100605977,0.7847814210813163,0.8344187359014732,0.8473160551284339,0.7986028543788595,0.8504868691607651,0.8089003872769299,0.8503755405643809,0.7720796765756038,0.8112939706044693,0.8083913322855596,0.813501784219186,0.8099470347393778,0.7964609781088116,0.8061847970313181,0.758868293325709,0.814970402526429,0.8164023509724344,0.7913959836991925,0.8094249408593109,0.8486822469938926,0.0,0.8099670484400384,0.7891153697234263,0.825701104699985,0.8251915573312206,0.7966641208827031,0.8158301323958919,0.862118593798432,0.8445787888173426,0.785936789221271,0.8408478841241998,0.8040198791001709
SVK,0.744565161079779,0.6328448847211985,0.5900473826762552,0.5440470019439465,0.39845617995387417,0.4733694672641905,0.7086017762126376,0.5219319476950773,0.5967036210993987,0.4993306999350779,0.9075593795284163,0.5709261221816285,0.5167753300417407,0.6020791757233978,0.6072799271397887,0.6872625997393577,0.7364840792966499,0.8101333822982327,0.6234838679351627,0.6029944585152189,0.6614588857380312,0.37317020518648647,0.4413390573429151,0.6096659616667949,0.7181253126067766,0.41713795510897667,0.5117761979034039,0.51136461345433,0.44338275324715754,0.4745103652521622,0.6405751256177208,0.6989457247328832,0.5404250804802702,0.4268802014833307,0.6423754997803316,0.6304917171800535,0.651243305109341,0.6865611354052582,0.60869523313521,0.44002515398334624,0.6916724271388462,0.5098705788190911,0.7231737351903765,0.8449931856226959,0.5556081363583109,0.7673009570812268,0.5540375684713424,0.7183538921095385,0.49190802626089813,0.6556436051730264,0.5596696320580639,0.5929910433783384,0.7746279787344515,0.6310644352236748,0.7955134957144211,0.49864096024150917,0.6107734280308226,0.5561875670622701,0.6005506745121059,0.6479422510252424,0.6643268318768364,0.42622341911365097,0.4269595062274199,0.5195088490771038,0.5143429602763957,0.6834460921389356,0.6532752850470586,0.6528293929685822,0.8099670484400384,0.0,0.4439559790132338,0.46084961439483335,0.6014424531912334,0.6845294521905999,0.5068646626763924,0.585382792807224,0.678699695553835,0.5611734172750922,0.6857054240873323,0.6047682121345226
SVN,0.7755602870356533,0.6426994936991921,0.5585322821339233,0.46426814309663267,0.38049015650925705,0.40169649471427754,0.6406174515636736,0.46005890116016895,0.5894197104967186,0.5056973031412768,0.9275633688025802,0.5201395320450813,0.5094338543025305,0.5747823978157215,0.6314476733304054,0.6776004010108246,0.694175275997693,0.7866979764798064,0.5948708162111773,0.543879658188796,0.6002530765775992,0.3602085255324062,0.4299861965809133,0.5311717529156063,0.7329690029505528,0.36130331761134715,0.47591933623532773,0.48255183821508857,0.4129495280847465,0.4318057507925747,0.5803983846629714,0.6714571119166486,0.4913612501160914,0.44867053066744866,0.636751288672337,0.627241967896939,0.5991703999571741,0.6472609635750854,0.542430694683436,0.3680034522098545,0.6697197511991825,0.5328611517818027,0.7047738688803146,0.8503203876565396,0.5754688611152966,0.7991244716997756,0.5373557942036535,0.6925142431919671,0.4810617626285836,0.6605562342521824,0.5713097916324776,0.6036421396158955,0.7533306710045748,0.6504825756398467,0.7676717505382507,0.4377704793909765,0.5330204559356804,0.5155595994963558,0.6326102062269979,0.5824142193193701,0.6856253253727539,0.37192907438182676,0.37875697849199197,0.49864553584154914,0.5719536371969937,0.6423013238446396,0.6063877903920142,0.6675953183241785,0.7891153697234263,0.4439559790132338,0.0,0.4540868091662839,0.65505366437522,0.6245210387986831,0.48967219994384903,0.6334015079378019,0.6837309533324504,0.5131900798607002,0.697444506782987,0.5956132950046266
SWE,0.7742825322150544,0.6581853061165337,0.5783899149341923,0.5068689697184957,0.3931628397498711,0.45975123039563126,0.6865121476552818,0.5030104140979639,0.5832370395410825,0.5318142448287755,0.9166758732935149,0.46628543598630273,0.4934785123614169,0.5406809708292358,0.6178847687746453,0.6411092324000107,0.6903510726150636,0.787748260879454,0.6133048977491398,0.5734742426007469,0.6480562672882847,0.4023418960925016,0.40764554697409244,0.5253455981208823,0.7272924007898871,0.4400551480919075,0.45907728210831006,0.40996730183406443,0.43836600746806914,0.4815320602313878,0.5632501388652619,0.6833685385409327,0.5375248971198968,0.42464085225438314,0.650866174245467,0.6359513934590754,0.6351257382960402,0.6712705360510145,0.5141444499881797,0.4384024236079903,0.679162528637813,0.4815528204610414,0.7051545610817657,0.8338287101675945,0.5402207285560415,0.7907277397543352,0.5497523446524005,0.7130394652569392,0.49457783246769554,0.6617136244397626,0.5598233742844192,0.6338933077241954,0.7499961841406092,0.6432485300618178,0.7727539983672087,0.45465121184284646,0.5206129334919397,0.5077449317608461,0.6199507867409202,0.6061511340577154,0.6749021991686256,0.45154084298259256,0.4765755845710139,0.5462652564308029,0.5414327050678296,0.6592340311842129,0.6366823512749471,0.6507425074533092,0.825701104699985,0.46084961439483335,0.4540868091662839,0.0,0.653763990759322,0.6526621306341724,0.5479127637766915,0.6010126794215193,0.6635852809396595,0.4606113213401531,0.6992893017170472,0.5736248668813624
THA,0.7260416584876969,0.6930466489947725,0.522798727705817,0.6722668518718691,0.6180853218973351,0.6462368754425771,0.6408297223257599,0.6058796357255792,0.47208231484962115,0.5098252034114947,0.8857994106695216,0.6281334356756672,0.6403479596282483,0.6458675377471047,0.492911222631683,0.6469518274334787,0.6227782270448029,0.7165874300213272,0.5533357941732165,0.6016677761595794,0.7315072610347383,0.6137920053341838,0.6207611455293026,0.6636899961868648,0.6277049792900168,0.57625047513503,0.6214817158306117,0.6243319680908497,0.6205718685605884,0.643464820127475,0.6517913256686995,0.770224234194964,0.6015424677310587,0.5291620991729069,0.4836335943406249,0.5742857056768937,0.6793260186950609,0.6961827000461237,0.6310786862298545,0.593309417026175,0.5950346671845743,0.5573774673119601,0.7563154408062561,0.8158475926424558,0.5121621489998034,0.711391304697424,0.6170341164866218,0.8217412296403167,0.7044553993428727,0.5551241834250218,0.5147415280241148,0.6616069596057971,0.6813571378421135,0.5551876136162012,0.7498280669150837,0.6275819682419441,0.6842262418419814,0.6438297458272245,0.5497321158712692,0.5420345558308206,0.543720992696259,0.5650974874463364,0.5793337635684619,0.5789927221757161,0.5771715255441341,0.6732488989947918,0.6261331407936301,0.6900092321266688,0.8251915573312206,0.6014424531912334,0.65505366437522,0.653763990759322,0.0,0.5981135477902219,0.519562024587905,0.5211062961152146,0.6508174781808337,0.6345400005903192,0.5210165369313519,0.6339090608237944
TUN,0.7074847949901989,0.7274089754978261,0.5367135193172127,0.6142108741306772,0.6385168760269304,0.6451469182917791,0.5713442630504189,0.6103642363340787,0.539200310028792,0.5667059164373228,0.8855747651191865,0.6087340060883765,0.6795577629959223,0.6638207801912253,0.6150076452524046,0.6564032595339667,0.5555976736113859,0.6529830261905829,0.5955651065187857,0.6286296586724176,0.7080052743510591,0.6371024207724659,0.6514696075346025,0.651708777975296,0.6888983927252044,0.6008890059095013,0.595201274892284,0.6521457261706564,0.6323146325368278,0.6457135537676559,0.6543364582037704,0.8006563077296155,0.6017318057170754,0.5950027763991514,0.5905860777993293,0.6069734801523835,0.6914375342875342,0.6849455493093681,0.6699045888880063,0.6171599654513866,0.6250782211372732,0.6771460030299362,0.7147131911985178,0.7521122768971364,0.6727597628978348,0.6833518163601268,0.6240236709767738,0.8184953356381532,0.6551389463671722,0.5458493854506402,0.6160064941776693,0.7276229289302922,0.6081270014811843,0.6216656438285003,0.714419478161457,0.6300177302367725,0.654723435155058,0.6199354456488608,0.5605573743293988,0.5563785017438815,0.6013189642451683,0.5909369492643181,0.5983857446628911,0.6138825077342659,0.6384989593958191,0.6810993009410558,0.5375088192497575,0.7839710072412858,0.7966641208827031,0.6845294521905999,0.6245210387986831,0.6526621306341724,0.5981135477902219,0.0,0.5662658711113815,0.7194594769463645,0.646025808663704,0.6388776992140548,0.5968248299311801,0.6348774517113421
TUR,0.7068782942635021,0.6530392424751159,0.4643393085745553,0.5387411746705668,0.4514603634635332,0.5011881852599464,0.5400222106310194,0.47621754538300254,0.43683286446159453,0.43126724648673137,0.8971411464612484,0.546704525990792,0.571945006737733,0.5958255596845647,0.47676191998066014,0.6203802550403131,0.6191375211681078,0.6796573450071722,0.5039771249075004,0.5394818681204196,0.6482075400864347,0.49098433931065383,0.5220299460185132,0.5940490178836305,0.6095352637487409,0.4267243709619491,0.5543282192283073,0.5455288257072702,0.4865939387029581,0.5321585636995038,0.5627178186650419,0.7512133336199054,0.5324205264167424,0.5041676009710541,0.49869825897229414,0.5093941189465361,0.6649664800540331,0.6645497687572552,0.6023312723059328,0.43759495759625683,0.5961874539638186,0.533496875505995,0.6824663268003308,0.758432613042586,0.5359859624834842,0.7034050904076202,0.5149983863628292,0.7468884475716429,0.5519380114481728,0.5271235962804849,0.497173040537452,0.6616412123855552,0.6491139561635259,0.6123201955246274,0.7334872746417872,0.5334269332737129,0.6121855439369494,0.5305265959785966,0.47107523252225736,0.4926456964460126,0.6025039219154893,0.44637399033755537,0.41081201656708066,0.46443444445575655,0.49311761030253193,0.6285220003723514,0.5545238467632251,0.7110100078418221,0.8158301323958919,0.5068646626763924,0.48967219994384903,0.5479127637766915,0.519562024587905,0.5662658711113815,0.0,0.5846409946046748,0.6035880308291857,0.5723813602665568,0.5554740721613944,0.5682328498851217
TWN,0.8033266698008801,0.6890625759072249,0.6084836466529401,0.690728993106274,0.59846694356934,0.5959228112794318,0.7239563803553898,0.6305319057377503,0.5986877225104965,0.5632429145146436,0.9126493181300392,0.6389502790461149,0.6055026250445567,0.6732406169761982,0.5048162567472583,0.7305642772196009,0.766479881614283,0.8256736122772494,0.6402724562057319,0.6646017181140481,0.7504354335366568,0.6048442463297723,0.5658398925627347,0.6706514368729742,0.7106366391779264,0.5817979536807111,0.6603809997205234,0.5551629474863706,0.6188354171883621,0.647105485116343,0.6566427812073028,0.7451855216932644,0.6327281595882904,0.5397859849330611,0.6262599547319728,0.64126813239181,0.7008460171149918,0.7370069804496386,0.5660017874511671,0.571656361552052,0.6900796432936955,0.5036151365217932,0.7862351406728229,0.8084176129947445,0.4168535578722682,0.8252574978258581,0.6737625625503608,0.7732654176876155,0.7206482328793709,0.6705222215167094,0.5518740078698117,0.6764335538216496,0.7700014052187848,0.631251607030523,0.8250404819766769,0.5797582642346922,0.6747429874005257,0.6908481005464886,0.6581163308579329,0.6615378151530813,0.6699684479533392,0.6002585203269827,0.6099008427369066,0.6393090176924938,0.6115961974658239,0.690219034912993,0.7077416091287757,0.5778810883984393,0.862118593798432,0.585382792807224,0.6334015079378019,0.6010126794215193,0.5211062961152146,0.7194594769463645,0.5846409946046748,0.0,0.6660823627415888,0.6092320399595692,0.6615967627056941,0.6430574978598255
UKR,0.7421625971951468,0.7570849977819494,0.5579865647066933,0.665274713646953,0.6614271657570863,0.6565160578980277,0.6609788342859003,0.5833624807367718,0.5642017373682083,0.584843797635445,0.894815502791322,0.6417971245768307,0.695920151190227,0.7004678598640105,0.611093588199957,0.6799754892396975,0.6646135583631287,0.6670827084555347,0.6564196233185782,0.6451338349685762,0.7741298087237494,0.6513679502842039,0.6766334833064067,0.6917209386124752,0.6528549794179033,0.6343005686569506,0.684424799747597,0.6779812745823058,0.6637409205750733,0.6996797325941168,0.6953471963990264,0.7986679987929269,0.6533308543365632,0.6284565040317553,0.6448410203181909,0.6164880860792641,0.7351193731307148,0.7468132202392531,0.6998714966778221,0.643830427540007,0.6386591107560831,0.6266879995329591,0.6737746771121554,0.6590932059269995,0.6736490200706864,0.7209430103831561,0.6454526583711061,0.8077421801056683,0.6961785936652204,0.6153643689361595,0.611411893805194,0.7998333149886224,0.6450416659674264,0.6095318193764923,0.7108129141943699,0.6571595667023272,0.7054768106865573,0.6577659736844157,0.5826644534967774,0.6339459244953871,0.6179093066559358,0.5887050358771782,0.6657164407581473,0.618121790007989,0.5842162391387179,0.6682060791312552,0.6206978524111841,0.7880996633151978,0.8445787888173426,0.678699695553835,0.6837309533324504,0.6635852809396595,0.6508174781808337,0.646025808663704,0.6035880308291857,0.6660823627415888,0.0,0.6557827397710347,0.6479832714389613,0.6453435908842322
USA,0.7415038987372337,0.6464724170784378,0.5051752652993386,0.4894128482988763,0.45808266350592297,0.4646795955020385,0.6895506796110039,0.5518427926350802,0.5975208977127602,0.4703205935965295,0.8690606348708071,0.3758137051826146,0.523434216517267,0.5518578419580412,0.6321945508342491,0.660685341234334,0.6564846125572831,0.7749233470415537,0.5358978903931276,0.5390682335385298,0.6741366218409346,0.4983817301341341,0.4333097522044503,0.5016231254446476,0.6916820435511665,0.4731171621459412,0.5592707937945098,0.5035111173792822,0.4235388121978818,0.4169058825740198,0.5489480524408051,0.6604648278138852,0.5355618816983867,0.44571733350771137,0.6422184295350292,0.6293117408008079,0.5797856515397408,0.643519459092595,0.4466611082868348,0.45484736161320544,0.6411980557677041,0.515188536329436,0.6563668500254679,0.8543991931636725,0.5653509913807481,0.7961162778816814,0.5556063800912473,0.684483571764784,0.6067286484819375,0.6464558415164939,0.5098221256469833,0.6517888688254294,0.7512104119869173,0.6151164614170035,0.7197543581234324,0.39471614718030157,0.5157643309946859,0.4995728992660676,0.6040655256670817,0.5437476623525496,0.6612780403626978,0.5131664013715544,0.485044537988324,0.5909376809678477,0.5370461415155409,0.6060923932470947,0.6160410264478808,0.6609312245569481,0.785936789221271,0.5611734172750922,0.5131900798607002,0.4606113213401531,0.6345400005903192,0.6388776992140548,0.5723813602665568,0.6092320399595692,0.6557827397710347,0.0,0.6918777901044747,0.5150284090578536
VNM,0.7077902233671624,0.7337853554001497,0.5541615749532597,0.6587683093677408,0.6767501229345259,0.682477749357644,0.5489696770243336,0.6288903756990937,0.5054427741613682,0.586615183651422,0.8791207268813093,0.6786345046416025,0.7046739986457466,0.6447423162574274,0.5464678466156316,0.652234925631104,0.6452036114256621,0.6575720056983843,0.5920089987239474,0.6497065054229599,0.744516959610546,0.6753865867737868,0.7011057455780019,0.696957406704124,0.6496260348217033,0.6458061613097448,0.6529522274693673,0.6898368704994776,0.6848345016854179,0.6955109680143537,0.6853266615728597,0.82667435116966,0.6344968672901288,0.627520547071778,0.5421884550419586,0.5822648709677369,0.7230617426720992,0.713932954473375,0.7071870945504586,0.6510831096986642,0.6372259916467944,0.6603127195836617,0.7027350887603852,0.7335296115589285,0.6449619242732314,0.622668761973476,0.648964884391802,0.8356734085507661,0.70404857226039,0.5739881826778822,0.5999996393063175,0.7304739718738222,0.5509810107965611,0.6225748843285064,0.7357158012598141,0.6787822551539564,0.7039199512025018,0.6206800528860068,0.5399953758011851,0.5858925975163466,0.5770577414075061,0.6157968189334637,0.6270616369682918,0.6038454445897027,0.6364047988751893,0.6913714845180278,0.6130196341707597,0.7657568259020943,0.8408478841241998,0.6857054240873323,0.697444506782987,0.6992893017170472,0.5210165369313519,0.5968248299311801,0.5554740721613944,0.6615967627056941,0.6479832714389613,0.6918777901044747,0.0,0.6701880020439696
ZAF,0.7417181144753929,0.6535358606756063,0.5485550278991412,0.5518349086529133,0.5668477851615575,0.5580282271527278,0.7104644858724706,0.5392280726285705,0.5857741101204967,0.49990924887201454,0.8432660658461105,0.5352598586055443,0.6464756382250312,0.6042123838786747,0.6054120270100808,0.6485583684955567,0.6755899906967595,0.7254667015578392,0.556348239384145,0.5801276330276041,0.7415482823980882,0.5553883249166753,0.5597081171751989,0.61886823458758,0.6803803434737015,0.5360036358066833,0.6233662699276946,0.584886227902878,0.5539016174915827,0.5697864868575577,0.5986485955660117,0.7536773672750797,0.5875421625688696,0.5234049782034648,0.6114228282783436,0.5999195568514603,0.6714017979989843,0.6920404915708629,0.5829083242360711,0.5457569445014443,0.6101897981273168,0.594425556291135,0.6783437563404427,0.8370357496918049,0.618090217900724,0.7547979104807854,0.5802805397317793,0.7648666524361931,0.6669563652034471,0.5935984518632067,0.5547672061530563,0.7218156323896627,0.7360653692745842,0.6369151316901853,0.755356003660473,0.5415452831906137,0.6242509399464773,0.5678355983950653,0.6252538944699544,0.5597584830455513,0.6323875023939984,0.5384065627459018,0.5356521110668022,0.6050445689873915,0.5594049109249837,0.6163217724527079,0.6055635167261574,0.7424474582149878,0.8040198791001709,0.6047682121345226,0.5956132950046266,0.5736248668813624,0.6339090608237944,0.6348774517113421,0.5682328498851217,0.6430574978598255,0.6453435908842322,0.5150284090578536,0.6701880020439696,0.0
