,AGO,ARE,ARG,AUS,AUT,BEL,BGD,BGR,BLR,BRA,BRN,CAN,CHE,CHL,CHN,CIV,CMR,COD,COL,CRI,CYP,CZE,DEU,DNK,EGY,ESP,EST,FIN,FRA,GBR,GRC,HKG,HRV,HUN,IDN,IND,IRL,ISL,ISR,ITA,JOR,JPN,KAZ,KHM,KOR,LAO,LTU,LUX,LVA,MAR,MEX,MLT,MMR,MYS,NGA,NLD,NOR,NZL,PAK,PER,PHL,POL,PRT,ROU,RUS,SAU,SEN,SGP,STP,SVK,SVN,SWE,THA,TUN,TUR,TWN,UKR,USA,VNM,ZAF
AGO,0.0,0.6505851843911031,0.7124785325127921,0.7701890090639458,0.775288985024098,0.7957527964551516,0.771127919283379,0.7461479987243916,0.7343442438261906,0.7199570130431745,0.8598671910322739,0.7683630648815718,0.7941436887679489,0.7704246607769716,0.7865642671451393,0.7930035355118489,0.7541878391007361,0.749543808229671,0.7338102047913532,0.7757272831856158,0.8226028931315922,0.7899648485513908,0.8092152012520417,0.7860507831418836,0.7471824649713308,0.7920066420891558,0.7830414232342889,0.8079394471667812,0.780729926000725,0.7733591797131127,0.7766357590914867,0.870410561206739,0.7376444972612486,0.7603930810371713,0.7295746589469045,0.7616875446404867,0.830899592965669,0.8226332398030167,0.8220226108338896,0.7924442645572868,0.7788148766970825,0.8216620937499046,0.7448591062337288,0.8313100734831571,0.8277448958427517,0.7233707747306456,0.7449624345283039,0.8691629128271637,0.7984481466622247,0.7318591776119586,0.7722050784848803,0.7982343797837125,0.7365354911732435,0.7331254025093287,0.7971144027101069,0.7755423124117078,0.7750662450744067,0.7522792287708931,0.6745940201026233,0.7613588477765909,0.7218196377802608,0.7752966808736522,0.7752026821681635,0.720749492279314,0.7241147529443684,0.7636859509694823,0.7983093705040346,0.847507277216033,0.8765876287688095,0.7698530574214091,0.8032525835150752,0.8200602334342086,0.7443298828063548,0.7446657277056697,0.7540711160432889,0.8143287769791074,0.7652637940096603,0.798934958310194,0.6992126000002524,0.7827575497634365
ARE,0.6505851843911031,0.0,0.6294848350401916,0.6077607269642179,0.6304791422239162,0.6180223861363343,0.7485281159390765,0.6409843404931831,0.6850772312473713,0.5788840354606614,0.7320683704351658,0.6267577271074551,0.6947472544868549,0.6959670208180084,0.6624701279456218,0.7164774549330933,0.7373075232305084,0.724066995566246,0.6774071531701642,0.6938595311278722,0.7309281447009172,0.6370076370177485,0.6532964232821586,0.66510295539779,0.6291088752774612,0.6030406501318187,0.6957746746208922,0.6488439226128974,0.6318471468516275,0.6109226391031218,0.6812190226784443,0.7632552126550733,0.622483027629214,0.6424033352844479,0.6240107241024082,0.6139105019306502,0.692180103647256,0.7413086696700081,0.6803301704543141,0.6304273915764103,0.6491163075401174,0.6729046697925515,0.7322012718061329,0.85317075818806,0.6881192684625738,0.7885775107069979,0.6644593484304426,0.7714492244608258,0.7237169974801717,0.6784367987493664,0.6524399808432721,0.7164416221138367,0.7927266632316363,0.6305289600361015,0.830597050816529,0.6067830287523546,0.6120608340547193,0.6507310509783631,0.7040928557935878,0.6450993322730826,0.6988395021123128,0.6327243069739633,0.6180041144068157,0.6783215262299727,0.5625771917465828,0.6650627300783204,0.7347098650767947,0.6628126318673199,0.8556849849685496,0.6620653507171028,0.6629098584836353,0.6785785218796384,0.6641138588681375,0.6966781097944901,0.6383175182374125,0.6708833548097869,0.7367615195068784,0.6603940474185134,0.7077614691648507,0.6621274208270175
ARG,0.7124785325127921,0.6294848350401916,0.0,0.5196152483629513,0.5180702299234755,0.4876647045964916,0.601053896637309,0.5123929175794328,0.46696164857945527,0.45324026481805774,0.9222421594057465,0.508698227124889,0.603034994115119,0.5786668066671451,0.4991901539422626,0.6050651343537107,0.608709485882026,0.61285136398244,0.4731467741209491,0.5542495399074057,0.6958487126330988,0.5091225943940257,0.5509600299411366,0.5600751660912404,0.5436068067220935,0.5006705412458129,0.5614248677955531,0.5709727908982825,0.5307776209973909,0.5388222132117041,0.5921290990582424,0.7894265677350947,0.5167430078558719,0.46645755809908807,0.5417279283744754,0.5210559650234808,0.6335631376853588,0.6782627473084465,0.5960590817708181,0.5014275498439608,0.5709631401467623,0.5521333209126441,0.6790983388716523,0.7348858532172597,0.5515965704047,0.7221200485514121,0.5367452968609991,0.7442271199042636,0.5928395359058265,0.5083875145496355,0.5050770298772789,0.6594082699571032,0.6493887718795661,0.5705062926054459,0.6950443273500688,0.5181497622012051,0.58732942524455,0.5227852991131722,0.49965171108702827,0.5086794196796689,0.5298548966523333,0.5021132912078649,0.5166269717574029,0.48660431028754053,0.5123757952216469,0.60795550763173,0.5294715905060186,0.7397842308338723,0.801800303777597,0.523698797638394,0.523106438698894,0.5738931389082784,0.5258882531948176,0.5416650821638377,0.4814976668913672,0.5761922217372769,0.5602063676514696,0.549363979874553,0.5383268155940327,0.5640909102815069
AUS,0.7701890090639458,0.6077607269642179,0.5196152483629513,0.0,0.42339075179033786,0.42448125401335673,0.6028039542779233,0.5220315468053546,0.5461678912918352,0.5153874971239829,0.9121621081263566,0.46242535970558296,0.5224402787955716,0.5488276252086898,0.5993794936563516,0.6324096461349924,0.6323657821954777,0.6593928967922899,0.5178059675179156,0.5321184896304183,0.6105453030112209,0.43824474886401726,0.48499808011389656,0.49435190053203043,0.6731252105597032,0.41750451463137456,0.4976898557850009,0.4994588981246815,0.4038010808429906,0.3733094625422564,0.5362611874462754,0.6750929358740375,0.4842093360879196,0.45597867386840835,0.5803727639540353,0.5789853819732359,0.5367747873488191,0.5811454729996226,0.5503500479043241,0.4368456370740211,0.6080990614668899,0.5280745434066986,0.6522903621983688,0.7822771325193971,0.5870026136636378,0.753490704820352,0.5257279639315605,0.6360183476283214,0.5100161262988074,0.5850443773979795,0.5723798686176529,0.6033900766999613,0.7168786253596706,0.5982696340569907,0.7000107823890779,0.3803524132517188,0.4872544232500773,0.42267916142816087,0.5711566095947003,0.5307423388032533,0.5791069765812676,0.42723492122613216,0.40059606328724506,0.556841935312724,0.525208287180554,0.5980078767999062,0.5613855717340948,0.6897438230756511,0.736992093300049,0.4946928589186682,0.44707274658068763,0.500378846017848,0.6254196709438765,0.5932880278060968,0.4836945525213936,0.5968779789850037,0.6543414553904152,0.4671842604989744,0.6576814731179855,0.5394935298272909
AUT,0.775288985024098,0.6304791422239162,0.5180702299234755,0.42339075179033786,0.0,0.3771542518833617,0.6292894142401155,0.5353630456764976,0.5472314131528875,0.5018293743025075,0.9299079326570497,0.41085042293599733,0.445086821452555,0.534540826597578,0.5656399702675963,0.6311427207523159,0.685817926956722,0.7089134136049667,0.530163550035682,0.527960410368055,0.6455689125304537,0.3581894029591744,0.37124876191024414,0.4580534281093362,0.6765568176341089,0.39780560454240876,0.49364881447131276,0.4205320764996361,0.3552294081822358,0.3632771899991685,0.49945696927946626,0.6401042143758922,0.4925992042131128,0.39203074861134607,0.5837896576665741,0.596871347497636,0.5476337749032053,0.6058560089698876,0.49800346186985894,0.3546152112419219,0.6150386970767113,0.4452517990500069,0.7208567870384792,0.7955646836699395,0.48940202183315396,0.7692749760461834,0.5333769891502224,0.623784899838132,0.5266859526015926,0.5887683883644285,0.5221502262778293,0.5682222955183878,0.7630329358731389,0.6142391637654466,0.7496486013227172,0.39825284630135027,0.4982235602066996,0.43474629103403206,0.5740786183621265,0.5887935682745797,0.6039519996779762,0.3991335197674645,0.35818785848315254,0.5469882231364426,0.5157841082415653,0.6332931368605828,0.5885916337685716,0.6754795899801854,0.7754407368846108,0.4221128684824482,0.39681949819497764,0.3827878787551513,0.5733224256070254,0.6040251600534459,0.44907992878256386,0.5113117813938878,0.6713360740449676,0.4201500291115374,0.6712979265356486,0.5525293943008928
BEL,0.7957527964551516,0.6180223861363343,0.4876647045964916,0.42448125401335673,0.3771542518833617,0.0,0.6279056501436594,0.5242380645401362,0.5562620107992372,0.48572552068992164,0.9176723990735571,0.4550964982425196,0.4747053602179608,0.552078076535069,0.5898187767782463,0.6244703019854576,0.6783266214357218,0.7116797344913787,0.5470398865265045,0.49777547265356953,0.6235102104929966,0.4101502825527357,0.38341004130604134,0.47500697713509166,0.6582715934976048,0.3801835218656178,0.5052603149042711,0.48160527597476094,0.3519208669345286,0.3838290273458466,0.5214790749784887,0.6693410704885255,0.48361538885113553,0.41245537815330435,0.5946371532245297,0.5825150563949206,0.5509033169337268,0.6064205883490857,0.4772008069707042,0.3423778141106684,0.6270697276212761,0.4698400375833501,0.7133802825204658,0.7927702034326073,0.5094930162897836,0.8036107149654799,0.5397738620229618,0.6450655438036863,0.5359636356019609,0.580631840153509,0.534367173536477,0.5989488868769733,0.7710444600231553,0.6200021373568021,0.7466979562993594,0.3737490088498655,0.5124476823443956,0.48805071761736624,0.6086072031204505,0.5729076766848387,0.6087884995281017,0.40540671550153234,0.3784600467001754,0.5860730247725855,0.5331419650535903,0.6030658761690205,0.5475623047159386,0.6320027397393558,0.7777511515454177,0.45496781458633584,0.4030861962067828,0.45293890048562263,0.5994181642325973,0.6064977729555515,0.48059015957296597,0.5292014152585337,0.6651652692968179,0.45432793665464777,0.6804561191687432,0.5589836112792126
BGD,0.771127919283379,0.7485281159390765,0.601053896637309,0.6028039542779233,0.6292894142401155,0.6279056501436594,0.0,0.5840412198911786,0.552224574063495,0.6476947762591572,0.9405214220870853,0.6634662253111837,0.7065380953681714,0.6654856698218092,0.6391991796374554,0.6788921259776393,0.6476789412062478,0.6664255043880251,0.600974036669269,0.5963068685215452,0.6793995877405609,0.626556994390564,0.6816935545235339,0.6278937384881514,0.6860747902556994,0.6161233654345621,0.6002778355260617,0.6792232865039579,0.6267078182715743,0.6353346228853348,0.6298970372398378,0.7615639863158163,0.602829797180556,0.6062701136736814,0.6695926121935223,0.6372140063162682,0.6990490231704997,0.6405124156895927,0.7019025110063187,0.5930808616588696,0.6798259506793947,0.6878465204683833,0.7295362721488752,0.6515162180143792,0.6627064977054921,0.7080800431416547,0.6255888178209069,0.7462333134785532,0.6128012600120389,0.6227716621657268,0.6725188836340531,0.6903419506469258,0.5954390119058564,0.7019799208450582,0.6881694751468344,0.6289028281716526,0.649103149063285,0.5892976417475514,0.5414750094325868,0.6370759990367941,0.6108868208175772,0.6119969571191932,0.5769268950701548,0.6105420365282663,0.6571008369791517,0.7039752333565461,0.6086406540964266,0.7870925090576375,0.7807061826673215,0.6461991948366235,0.6081443054492679,0.6938329360083259,0.6464314420319534,0.5743415112323355,0.5673963879005465,0.6749738806009729,0.6692511659291674,0.6867826691302964,0.5172999867281765,0.7167585876001198
BGR,0.7461479987243916,0.6409843404931831,0.5123929175794328,0.5220315468053546,0.5353630456764976,0.5242380645401362,0.5840412198911786,0.0,0.4629706029038985,0.5388075936654044,0.9074299370855681,0.5841788764386769,0.621113963300346,0.6048067765552148,0.5508225212790114,0.5964409018098115,0.6352186290044428,0.6383397414614499,0.575002921684806,0.5863969090681007,0.6656113106720366,0.5185371220747416,0.5750541738279165,0.5732473041431233,0.6126833819788244,0.5070961639913688,0.5514813719073679,0.5569519988349355,0.5483869281954281,0.5785692837520201,0.568657369982983,0.7717100852965902,0.48196660786520107,0.4643611222368319,0.57450414723593,0.5415134512061557,0.6618039600670786,0.6557520173775586,0.6513547630285906,0.5213183610700817,0.5606460006772837,0.5922515447160933,0.7061054674331029,0.7113348230060078,0.6177744034124703,0.6868224689199687,0.4976015463915096,0.7451769467463315,0.5519168486926326,0.5323507865394073,0.6049464943578329,0.6625723615053601,0.635872853566413,0.6326290696431114,0.7087760516704064,0.5697481977380662,0.6067442379620422,0.551345258954169,0.4839242607757048,0.5831339709186593,0.54529826657441,0.4680165517092908,0.5294083187921547,0.48488938497290957,0.5162222874361162,0.6765541700843454,0.5819501071982769,0.7395370669709945,0.7891353074054144,0.48738891122243966,0.5317278863409609,0.5830117067247561,0.5664163294565063,0.5683764771627962,0.49260336331515453,0.6147482058427889,0.5735777797586824,0.6243057969236299,0.5929438223320199,0.5986011409880418
BLR,0.7343442438261906,0.6850772312473713,0.46696164857945527,0.5461678912918352,0.5472314131528875,0.5562620107992372,0.552224574063495,0.4629706029038985,0.0,0.5346279699400734,0.9260265221742985,0.5651018526131065,0.6369150371732611,0.6207549207315597,0.5011357094614947,0.5967744278975573,0.5922959560088475,0.616986423433817,0.5138107916450391,0.544771059216905,0.6454732596502395,0.5144626392231947,0.5900581878351333,0.5693868040103406,0.6032493098038124,0.5070154869489363,0.5648551008913409,0.5779595980529073,0.553141758618153,0.5920783844179743,0.5861384105542821,0.7728372978798106,0.49491723816980354,0.42924681957426275,0.5161096598562238,0.5565502965185596,0.6418834324810112,0.6684378364509141,0.6650242470231045,0.5408909993790585,0.5703804454267888,0.5758394456258635,0.7485184717218657,0.7374423106596518,0.5513553775689468,0.6678599448258232,0.5328089195662091,0.7516039770136528,0.6084705495647058,0.46171505765354276,0.5697601789021547,0.6556595298981318,0.5521622511554706,0.5872044922694437,0.6218624204485316,0.5566648035371707,0.6036600539271714,0.5334886395990311,0.42713955907991313,0.5882582666870431,0.4332926402400645,0.49422511562377147,0.5239508831554606,0.4607778821127236,0.555416890302098,0.6908729474873376,0.5315066818287961,0.7342506410227944,0.8150623354480352,0.5378624664132822,0.5492408834770901,0.6077013093868753,0.4757097651642248,0.5304525086528983,0.48579700619565536,0.5818799180000455,0.546468543818373,0.625923819985593,0.49710729507965284,0.6191624743469526
BRA,0.7199570130431745,0.5788840354606614,0.45324026481805774,0.5153874971239829,0.5018293743025075,0.48572552068992164,0.6476947762591572,0.5388075936654044,0.5346279699400734,0.0,0.8583593939961205,0.5024583900922954,0.585203851966061,0.5853993607558782,0.5387720857921321,0.6120210628732655,0.6542045448620375,0.7074596539480067,0.5207233106583256,0.5685489113055869,0.693250545636218,0.5219349463260206,0.5285854508261344,0.557221288360297,0.5791965078533148,0.4991572783332996,0.6001188747351828,0.5523037324457063,0.5024006960933411,0.5033300920820923,0.6058027499456599,0.7315392031328047,0.5437451819893767,0.4795134754754157,0.5429150638972273,0.5243458422765984,0.6532468813596657,0.6726178473307559,0.5802001891034722,0.49604128781315143,0.5986372653191714,0.545021983452552,0.6985065903407935,0.7911691866754005,0.5415256647430067,0.7357212646797143,0.5360797568108037,0.6992336347167557,0.6341408669210572,0.5411217071238008,0.536583481944667,0.6449571738898142,0.7173415653166355,0.5666402746216871,0.7315017710710687,0.5087006390472593,0.5967669191298227,0.5532754959664226,0.5489394343533311,0.5505751163408791,0.55154444833284,0.510402806599186,0.5129392941755492,0.5620238248924845,0.5158099832655919,0.6213565568239832,0.6124594253548263,0.6758953722151547,0.7921970843331222,0.5237580125225014,0.5319192023170772,0.5642527344731125,0.5189459207848806,0.569296535763318,0.4926698008674777,0.5416293451674774,0.6381186536070583,0.5352579301448109,0.6097559076695024,0.5415088222800476
BRN,0.8598671910322739,0.7320683704351658,0.9222421594057465,0.9121621081263566,0.9299079326570497,0.9176723990735571,0.9405214220870853,0.9074299370855681,0.9260265221742985,0.8583593939961205,0.0,0.9046717581048883,0.9365627893550139,0.9191011463638781,0.9159525311761904,0.8982969581197423,0.8999264281307119,0.9329829998059838,0.9137295330474879,0.9242256977631145,0.9246982249598054,0.93354773897215,0.9290979682974384,0.9214300216975894,0.8548586632442866,0.9276034578507933,0.9349937597855256,0.9275480958202676,0.9238060129382479,0.9210065802002045,0.9105289796900781,0.9501636076537913,0.9002337273234459,0.9221427474713357,0.8859084456989923,0.8844202009850076,0.9444524074131542,0.9469269035644425,0.9163817812614768,0.9253044979900803,0.8899304669922641,0.9307381931420994,0.9038936594368349,0.9569198923560415,0.9396297594170322,0.9003064587659299,0.8784633975823721,0.944968735161594,0.9448972432977996,0.9136140865967934,0.92909655979606,0.9477743029217152,0.9289262532264478,0.8807124932915293,0.9488920673742829,0.9188996725918737,0.9134200474755922,0.9243123305772593,0.918821834410979,0.8965406054630474,0.9150023274610938,0.9217798789090923,0.9254493030264731,0.9240528105946018,0.885907305223665,0.9019935890903473,0.9370594273318138,0.8529638362478018,0.9427624352576497,0.9319028381275193,0.941619923370813,0.9395562715369156,0.9095209423167403,0.9144609013706704,0.916703269796063,0.9323601538386632,0.9284354858609981,0.9210694883897116,0.9106837620259124,0.8789933727429415
CAN,0.7683630648815718,0.6267577271074551,0.508698227124889,0.46242535970558296,0.41085042293599733,0.4550964982425196,0.6634662253111837,0.5841788764386769,0.5651018526131065,0.5024583900922954,0.9046717581048883,0.0,0.5406194331020723,0.5626436510742708,0.568207269410834,0.6083414681535362,0.660936986023422,0.7037047992594797,0.5508586482425798,0.5560972003330014,0.6882695642303576,0.45715919912696223,0.4295431694093547,0.5062268973935545,0.6783308715924325,0.4910542616245075,0.5332120821874821,0.47373089410306907,0.4145253974692818,0.42925615962315455,0.5466049880577014,0.7142081953728778,0.5345782488019207,0.4294407340391464,0.5915125341230111,0.6192956103146179,0.6165599201600749,0.6354542483356298,0.5196655152657347,0.46478978966028794,0.6207555796295676,0.4736716584192592,0.6960514632819597,0.8002141213982675,0.5135500215817411,0.7822784245670537,0.5636652354026864,0.6815606383424555,0.5923505735334555,0.5869618075058289,0.5416749116418592,0.6565954583317193,0.7467474362929245,0.6122926021360673,0.7305363333380701,0.4296813958958244,0.5233525059197423,0.48055814597660623,0.6043977116291931,0.5628806688137133,0.6118940183522249,0.4856247719986534,0.4742540616075519,0.6047034780387259,0.5414139235900395,0.6539626582096852,0.5971401891334699,0.6958347843298999,0.7850545731819529,0.5313307490269608,0.4779019371497006,0.43882087901504785,0.5968302697779262,0.606441743593358,0.5365373700853688,0.5401700014743047,0.6614777772684749,0.3958078575530302,0.6726593561358221,0.5382243063842391
CHE,0.7941436887679489,0.6947472544868549,0.603034994115119,0.5224402787955716,0.445086821452555,0.4747053602179608,0.7065380953681714,0.621113963300346,0.6369150371732611,0.585203851966061,0.9365627893550139,0.5406194331020723,0.0,0.5846601951746302,0.6535284892225629,0.6870213066913068,0.7184087632974012,0.7811026883851472,0.6069932054199938,0.5548855082250889,0.6635078709945156,0.5311401332116301,0.48530299760663403,0.496816953795747,0.734519954622167,0.5527875067130437,0.5711389419878715,0.5292879621210866,0.48082707332305485,0.4664949360227802,0.5580496750702055,0.6361965816250053,0.5555146778453244,0.5249338391832017,0.6603358385211415,0.693931323745771,0.5557068550641516,0.6437443364189152,0.5148766235125785,0.4965190925261509,0.7014499699625109,0.5410122517728169,0.7541837784048676,0.8465495977858036,0.5858339310200061,0.7985200175414626,0.6073288741655662,0.663281226244685,0.5979030475639889,0.6673654973654167,0.5965181509091578,0.5459956416780298,0.8050150583747261,0.6709398034580563,0.7713490731448974,0.470367868964263,0.5707035907985498,0.5321465475012853,0.6356281289574287,0.6621625837295435,0.6343673505573565,0.5310164438360933,0.5134275961678142,0.6452546755246702,0.6189060138028825,0.6785053878492235,0.6520115925374996,0.6023354317790865,0.7980148356653611,0.549693606872054,0.527963085150376,0.509626980439991,0.6437959431302788,0.6691660974718789,0.5900944139086135,0.5626810478682021,0.7326815947494707,0.525268223465885,0.7232008749723524,0.6600968438912515
CHL,0.7704246607769716,0.6959670208180084,0.5786668066671451,0.5488276252086898,0.534540826597578,0.552078076535069,0.6654856698218092,0.6048067765552148,0.6207549207315597,0.5853993607558782,0.9191011463638781,0.5626436510742708,0.5846601951746302,0.0,0.6497358408842768,0.6396567717936339,0.6716775459060226,0.67701498161933,0.576053939000266,0.591884258255928,0.7015646705515892,0.5804989845375181,0.579608578510882,0.5689416882598463,0.6902253834024433,0.5984486196403063,0.5930905741234233,0.5783381705491735,0.5464454336324353,0.5692195879451792,0.5483182200842392,0.7582486429391571,0.5859440899877928,0.5612568791786495,0.6444856888635279,0.687692520453285,0.6586762370279364,0.6579661531838105,0.5577936026918212,0.5719740346787755,0.6724007448532802,0.6205241733947279,0.7275993882127191,0.7989912203826217,0.6149776952427146,0.7147116195067595,0.6116774563221504,0.7420806294872586,0.625373175311783,0.6190144414807317,0.6237237187742957,0.6586334440259975,0.7470714204271464,0.6739182763677524,0.7554627234749686,0.5462853796935135,0.5892233485917217,0.49162311686650223,0.6131480631589676,0.5343279443591255,0.5841372680043085,0.5677823079056779,0.5502245817695213,0.6028547111425555,0.6033586723198904,0.7165601253647403,0.5684560453306131,0.7262514477404448,0.8293278031762773,0.5901276578469227,0.6034888050851503,0.5665465256654669,0.6348419061242474,0.65466845866639,0.5939813024171089,0.6393437136585275,0.6972594374144008,0.5830646973014164,0.6739048487940612,0.6088893466474777
CHN,0.7865642671451393,0.6624701279456218,0.4991901539422626,0.5993794936563516,0.5656399702675963,0.5898187767782463,0.6391991796374554,0.5508225212790114,0.5011357094614947,0.5387720857921321,0.9159525311761904,0.568207269410834,0.6535284892225629,0.6497358408842768,0.0,0.6670802412765742,0.6771648529132956,0.706238109611651,0.5802289705872388,0.64799319935294,0.7474530520551033,0.5291975312819891,0.5712520751806384,0.6251402230608062,0.6150373971365957,0.5457545925598724,0.6493389093519114,0.5647668605414549,0.607395988318765,0.6279209876652495,0.6479871078643509,0.8055276859044674,0.5993429651923402,0.5204770471968063,0.5276418059738678,0.524093561199133,0.6954305243951512,0.7168260126718107,0.6597913320238215,0.5300295467737737,0.6008005253064757,0.5151873053970962,0.7603899777611302,0.7520133850511995,0.4586423484411497,0.7718148855742883,0.6270807142216972,0.7773837516850245,0.6878607158762285,0.5747246849007329,0.5191664363170512,0.6795451234883683,0.6973175200675183,0.6201181500953096,0.7677156153504667,0.6230580443718987,0.6597518799601049,0.6326087778043996,0.5864024239582623,0.60572205747851,0.5987400918969528,0.5630960710815952,0.5921803035194243,0.5391437239146549,0.5822104087119077,0.7047600774845633,0.6319243547138943,0.72504969264492,0.8637486832774175,0.5761794126998162,0.554927644703427,0.5919857421869182,0.4962351222855659,0.5731487782116419,0.5089422652382792,0.48651939776865116,0.5989635150751805,0.6135651586945021,0.5627162166566116,0.6012631902172278
CIV,0.7930035355118489,0.7164774549330933,0.6050651343537107,0.6324096461349924,0.6311427207523159,0.6244703019854576,0.6788921259776393,0.5964409018098115,0.5967744278975573,0.6120210628732655,0.8982969581197423,0.6083414681535362,0.6870213066913068,0.6396567717936339,0.6670802412765742,0.0,0.589322943254891,0.7269699813596037,0.6183346102114309,0.6171887541284968,0.7235930688024016,0.6332289868649351,0.661416092297255,0.6372278929635647,0.693778879339251,0.6282032768913439,0.576997609188084,0.6290133669194684,0.6214016540197808,0.6612021210155942,0.6601114983720008,0.8180677974789085,0.6094332312189569,0.5795684686661492,0.6166960836611249,0.683927906374016,0.7176198570240228,0.7344408933290784,0.6912107684859827,0.6118199218001473,0.6343347453471234,0.6686824719876452,0.7755005102455323,0.7884048709508634,0.6804082335857399,0.7190738720818456,0.5716085320887716,0.7902354397811061,0.6301104113254046,0.6037638889696079,0.6735760397727208,0.7233561459816015,0.7460774172366733,0.6720172246993983,0.7162811614253584,0.6547901665197184,0.668156877961512,0.5855645812332704,0.6610023547238998,0.5880230177202825,0.5776601751006718,0.5846194262409106,0.6107377267695291,0.6398873270059776,0.648933038807835,0.7412689022653308,0.5825384103225493,0.789562734771365,0.8424880362558398,0.6450186545446037,0.6418010356080676,0.6539238761758642,0.6332633666349968,0.6299195598060123,0.6302759424899905,0.6880445060190932,0.6969706813171873,0.6743148222580354,0.667775572545589,0.6637200666876685
CMR,0.7541878391007361,0.7373075232305084,0.608709485882026,0.6323657821954777,0.685817926956722,0.6783266214357218,0.6476789412062478,0.6352186290044428,0.5922959560088475,0.6542045448620375,0.8999264281307119,0.660936986023422,0.7184087632974012,0.6716775459060226,0.6771648529132956,0.589322943254891,0.0,0.6802599039338293,0.5744516176126384,0.6061058807144736,0.712014411655634,0.6737809173547231,0.7226825649716017,0.6566374881342214,0.7045714272010563,0.6636826024641643,0.6247970806476013,0.687976627340687,0.6728046940706701,0.6753592910752351,0.6607468081385387,0.821011313644737,0.6378370753699728,0.6264239083868818,0.6002145485711863,0.6690985937767432,0.7223384931616448,0.7199854241724677,0.7176706156273462,0.6699130818042711,0.6461043413930998,0.7131313183604612,0.7329802190816584,0.7742460954726181,0.7262460041414912,0.7212712499645044,0.6235502014709784,0.8170026414022583,0.6509334418489126,0.6253922829992381,0.6901584176729673,0.7303971975773161,0.7150402952219298,0.6628498089060506,0.6819784555001034,0.676508265413537,0.66795664308226,0.6291529710436087,0.6526224785405244,0.6049347644935209,0.574456481569927,0.637274746016281,0.648721051738972,0.6336542926493018,0.6790154258667049,0.7037853815085372,0.5652292346002993,0.8274705916105692,0.8146813965426065,0.6931807299640433,0.6917021398582317,0.7236574758864399,0.6361335720995859,0.5725102284546226,0.6456081917017337,0.7480944064747916,0.6866981414928028,0.7050087699123848,0.6295905079005385,0.6922606511676238
COD,0.749543808229671,0.724066995566246,0.61285136398244,0.6593928967922899,0.7089134136049667,0.7116797344913787,0.6664255043880251,0.6383397414614499,0.616986423433817,0.7074596539480067,0.9329829998059838,0.7037047992594797,0.7811026883851472,0.67701498161933,0.706238109611651,0.7269699813596037,0.6802599039338293,0.0,0.6822598942071374,0.6858128751846957,0.7648451089847927,0.7006073672758274,0.7383307847650211,0.7126722682426689,0.717844725707312,0.6746396952783843,0.6876162916317133,0.7148967626604648,0.7008958563150859,0.7266246476499986,0.705346812331704,0.8375943537496424,0.6761933552630119,0.6517317049481488,0.6876093888914241,0.722819512059821,0.7242928345673735,0.7222426921855842,0.7629554977004158,0.7078423893857515,0.7084726068979607,0.7426054364157892,0.7257499224764838,0.7265322488596289,0.7535896325043325,0.7329655890878162,0.6776121403759904,0.8282528535897432,0.6604487650177827,0.647153166408743,0.704318601795872,0.7803984155524916,0.7042812436680084,0.7178807156232427,0.7360408206839747,0.7117031250892242,0.7147526229725216,0.6672233453951594,0.6710662242261273,0.6349832180267446,0.652214463370285,0.6766026155133585,0.6842234397214291,0.6531330039112281,0.6907766120453239,0.7482719192042359,0.6550465234409043,0.8725805193127033,0.825791002995049,0.7086266074307627,0.7073311840301505,0.7388827297233196,0.6950662503068648,0.6336763758120957,0.6559114014274778,0.7692679307153377,0.6637560975044731,0.7364296948290713,0.6916658924986615,0.7309584098993138
COL,0.7338102047913532,0.6774071531701642,0.4731467741209491,0.5178059675179156,0.530163550035682,0.5470398865265045,0.600974036669269,0.575002921684806,0.5138107916450391,0.5207233106583256,0.9137295330474879,0.5508586482425798,0.6069932054199938,0.576053939000266,0.5802289705872388,0.6183346102114309,0.5744516176126384,0.6822598942071374,0.0,0.5410508016886664,0.6793045688207757,0.5479094094006326,0.5782859685256315,0.540773006782206,0.6225279632447295,0.5380382932216647,0.5669442655196915,0.5813320389336741,0.5382067101654221,0.5371864392016159,0.567750911552382,0.7512620462455617,0.5395554777574714,0.49827142189245643,0.5659500761371699,0.6013137818964344,0.6246307813761629,0.6559588088798495,0.5968761074421027,0.528758634450733,0.5755811304640022,0.5820045585549131,0.6945766251459411,0.7936918236200213,0.5944593672263625,0.7003641930096606,0.5526503026806099,0.7328790631559216,0.6269476087306016,0.5498048985587044,0.5752821829675084,0.6520753398376785,0.6996803148354296,0.6080210254914403,0.6786253815917374,0.5259534721385256,0.5970177226292396,0.5287924901128243,0.5472477883938118,0.5307233665817733,0.5169496915124746,0.525518742221339,0.5117851602126643,0.5476903933751314,0.589244907743446,0.6150908019076928,0.5270399757139966,0.7638860818728123,0.787697614428631,0.5745677579357811,0.5651559385784061,0.6220485138300114,0.5576082056515208,0.5860157064383474,0.5223111058788227,0.6080299071510785,0.6638423654869549,0.5567983720589872,0.5698043695735726,0.581841273750405
CRI,0.7757272831856158,0.6938595311278722,0.5542495399074057,0.5321184896304183,0.527960410368055,0.49777547265356953,0.5963068685215452,0.5863969090681007,0.544771059216905,0.5685489113055869,0.9242256977631145,0.5560972003330014,0.5548855082250889,0.591884258255928,0.64799319935294,0.6171887541284968,0.6061058807144736,0.6858128751846957,0.5410508016886664,0.0,0.6127009003093379,0.5450524832568515,0.5781227118307144,0.5105378158969034,0.6712293181468246,0.5383728564009927,0.5274169534054564,0.5679452733205814,0.5089000438386866,0.5360235158100427,0.5122331828767742,0.6578450406068136,0.5123587918091252,0.49723568015455744,0.5886486466540319,0.6603681841524193,0.624316973905308,0.6325558127415566,0.5833144559883915,0.5266193181357568,0.6362806860944884,0.5696823344979933,0.6979520627143031,0.7575502306490847,0.6125374053854136,0.7044798898762094,0.5317447895359663,0.709696457765845,0.5809474966743711,0.5711539500640221,0.5818128810209267,0.6422698062867733,0.7248240895243913,0.6334908029270859,0.6800720113882971,0.48902993206982237,0.5712516938338078,0.5196121807878741,0.6002790934996415,0.5651682746849612,0.5457202782706854,0.4751664493763932,0.5068211582855447,0.6112127543284456,0.6135279922929352,0.6090062374808719,0.5160417557462842,0.7105398960955459,0.7629667670167412,0.5812718682488565,0.5373419653889822,0.6026835734936002,0.5693747861955124,0.5885719852500155,0.5425975114244588,0.5935042518116739,0.668248260235747,0.5716380520737289,0.6180674859739153,0.6114900837098188
CYP,0.8226028931315922,0.7309281447009172,0.6958487126330988,0.6105453030112209,0.6455689125304537,0.6235102104929966,0.6793995877405609,0.6656113106720366,0.6454732596502395,0.693250545636218,0.9246982249598054,0.6882695642303576,0.6635078709945156,0.7015646705515892,0.7474530520551033,0.7235930688024016,0.712014411655634,0.7648451089847927,0.6793045688207757,0.6127009003093379,0.0,0.653845048729665,0.6780496792116716,0.5778317718533391,0.7092118885206681,0.6205400555185739,0.5893911448711001,0.6722231848129472,0.6316645259734249,0.6216583158492217,0.5846808056302398,0.7290416882321002,0.6159994029931629,0.6569610138952836,0.6875673031241016,0.7159918938333474,0.6681459869732397,0.6468322318828851,0.6950771739898797,0.6408283094667098,0.6939479878174861,0.701495566848854,0.7905003984824926,0.8251201901821033,0.7114286535480097,0.7797966539948398,0.6587867880980203,0.6904794185539012,0.6349585008291105,0.6688845940390359,0.7509228797310485,0.6747908357316802,0.7758433340188465,0.693354522423072,0.78140603946295,0.6113042787620538,0.604648006437492,0.6474888821620863,0.6960409153603627,0.6991503304501053,0.6872807890234615,0.6384359922715639,0.6110655516125515,0.7164717351818025,0.7109122516163309,0.731648876017687,0.6749881098962962,0.6969164457778666,0.7372134549457683,0.6874429146123792,0.6560005961705716,0.6933219666087516,0.7053410279737866,0.6756531630564095,0.6569618377617813,0.7179588043447652,0.7578805618807789,0.7069712870710642,0.7286140024971406,0.73378590708578
CZE,0.7899648485513908,0.6370076370177485,0.5091225943940257,0.43824474886401726,0.3581894029591744,0.4101502825527357,0.626556994390564,0.5185371220747416,0.5144626392231947,0.5219349463260206,0.93354773897215,0.45715919912696223,0.5311401332116301,0.5804989845375181,0.5291975312819891,0.6332289868649351,0.6737809173547231,0.7006073672758274,0.5479094094006326,0.5450524832568515,0.653845048729665,0.0,0.4036334542681699,0.5198346442330368,0.6633221293336008,0.3697239866636256,0.4752746474378801,0.4647876355306233,0.39349389635982307,0.42361528309142393,0.5597186475180302,0.6885009755032224,0.5028920802110087,0.3969493065223123,0.5733912024473946,0.5827430926854346,0.5684973701338791,0.6377344118889803,0.5783415817197531,0.38998129782699165,0.6147147672271386,0.47582758632140376,0.7371160291129288,0.7784669056238124,0.49937030593192044,0.757454379108884,0.5273142856659792,0.6813291388288908,0.5052457020726066,0.5703820648970901,0.5221661988497133,0.5963272167073624,0.7502929975679592,0.5900384503722693,0.7350436221094984,0.4297441370183872,0.531402537965395,0.4704337234641199,0.578657768492841,0.6064961363426572,0.5878824550675096,0.3515226577771402,0.38857290601890593,0.5027381610108101,0.5131604713726264,0.6592009874486834,0.5617325407697719,0.6988539812535279,0.7963236526150258,0.37080252594240015,0.3631543490076806,0.42247392360136543,0.5739408629675667,0.5946962462634918,0.4347983389059701,0.5359690591897415,0.6314080100731518,0.48602785657184217,0.6471770717686219,0.5469728239368747
DEU,0.8092152012520417,0.6532964232821586,0.5509600299411366,0.48499808011389656,0.37124876191024414,0.38341004130604134,0.6816935545235339,0.5750541738279165,0.5900581878351333,0.5285854508261344,0.9290979682974384,0.4295431694093547,0.48530299760663403,0.579608578510882,0.5712520751806384,0.661416092297255,0.7226825649716017,0.7383307847650211,0.5782859685256315,0.5781227118307144,0.6780496792116716,0.4036334542681699,0.0,0.4849204645355262,0.6906937911963106,0.43859918360687333,0.5394969530285959,0.46265148072093715,0.35408606139502286,0.40353927778648274,0.554749347487056,0.6884734166597976,0.5503955357411171,0.41654730024762043,0.6325388620595682,0.6291095239496398,0.5905759233076043,0.6354587853463439,0.5131156977243584,0.3689960811883915,0.6591729204622181,0.42862353980975165,0.7484520153138646,0.8341677398908395,0.4652547751821027,0.8257401709773637,0.5854429273321254,0.6576084433202765,0.5953735754886985,0.6136254693925765,0.5260476681392862,0.6261071267951902,0.7919148380307071,0.6428498378007802,0.788552810330434,0.41770985182191656,0.520000713199272,0.5161070631659445,0.6278283986233584,0.6092239930032682,0.6599920971314762,0.46732833455039113,0.4616199595012701,0.6204564814135554,0.5595285118733102,0.6755963298826544,0.6227241272188533,0.6564843902657984,0.8006070640851376,0.4840430043701976,0.4302638842819248,0.39444204147901696,0.6029334458554378,0.6308353707268527,0.532295942278156,0.5009543661761338,0.6969093300707836,0.3983525593105036,0.7147455997774502,0.5680971168990209
DNK,0.7860507831418836,0.66510295539779,0.5600751660912404,0.49435190053203043,0.4580534281093362,0.47500697713509166,0.6278937384881514,0.5732473041431233,0.5693868040103406,0.557221288360297,0.9214300216975894,0.5062268973935545,0.496816953795747,0.5689416882598463,0.6251402230608062,0.6372278929635647,0.6566374881342214,0.7126722682426689,0.540773006782206,0.5105378158969034,0.5778317718533391,0.5198346442330368,0.4849204645355262,0.0,0.6704738373607769,0.5211835788385502,0.5018774391123466,0.4849140436389239,0.4679448609748221,0.4678376491193407,0.46545198306397423,0.6626116232840635,0.5205357667461471,0.4759050530713074,0.6071106192223176,0.6479777330175964,0.5611988508980456,0.5969835429667961,0.5152090392531934,0.45762575002982464,0.6338353505148321,0.5194531815585569,0.7242945100253496,0.818006261535378,0.5596169989532681,0.7712358340361891,0.5772024147093378,0.6628202607179104,0.5907141029366557,0.6235538445005842,0.5961489136201402,0.6190149969729218,0.7463131536162444,0.6327842215221627,0.7200492866843066,0.4259462254214301,0.442086796620682,0.5080083648789322,0.6087333620031269,0.6075796267334839,0.604700347729452,0.49005054823583893,0.5081034183718458,0.6318634674863043,0.58740210483908,0.6479973902602748,0.6044822057608401,0.6458628463392919,0.7891749886946253,0.5849931476254641,0.5219716353054072,0.49434098391198333,0.6068571299160131,0.6173904015675914,0.5655590436405259,0.5694972496344505,0.690068716776258,0.48892918553695736,0.676396436774696,0.6125027831646132
EGY,0.7471824649713308,0.6291088752774612,0.5436068067220935,0.6731252105597032,0.6765568176341089,0.6582715934976048,0.6860747902556994,0.6126833819788244,0.6032493098038124,0.5791965078533148,0.8548586632442866,0.6783308715924325,0.734519954622167,0.6902253834024433,0.6150373971365957,0.693778879339251,0.7045714272010563,0.717844725707312,0.6225279632447295,0.6712293181468246,0.7092118885206681,0.6633221293336008,0.6906937911963106,0.6704738373607769,0.0,0.64764302821062,0.6687922598681156,0.689192549188029,0.6864997046048514,0.6937782518313651,0.6464040984513615,0.8317902081716949,0.6451295791158163,0.6419627629794296,0.6385370018536957,0.6213008008815923,0.769568262982977,0.7267408827858814,0.7297967332894896,0.6515175456659477,0.6152044675049384,0.6833069926201149,0.7354345323331107,0.7757938108842128,0.6760405773465799,0.7496848637956463,0.616619845690079,0.8307830012864369,0.7036941323388606,0.6397981670187979,0.6528664638132515,0.7452362479110715,0.7388450764449332,0.6361662098048311,0.8017523849617936,0.6760435261920331,0.6715787893793671,0.6746948093576153,0.5936041245405429,0.6116453986996836,0.6467107393425647,0.6655462115768124,0.663295253599074,0.5855655206407788,0.5845976802797941,0.6723884273934086,0.6642852478598954,0.7510839915893075,0.8589325610931485,0.6539049644546955,0.6890361012728655,0.717227992108618,0.6009842272379242,0.6418669680816514,0.5855143608143075,0.6733010811481074,0.6572662033715393,0.7044745663135382,0.6075591925742403,0.6693314283747012
ESP,0.7920066420891558,0.6030406501318187,0.5006705412458129,0.41750451463137456,0.39780560454240876,0.3801835218656178,0.6161233654345621,0.5070961639913688,0.5070154869489363,0.4991572783332996,0.9276034578507933,0.4910542616245075,0.5527875067130437,0.5984486196403063,0.5457545925598724,0.6282032768913439,0.6636826024641643,0.6746396952783843,0.5380382932216647,0.5383728564009927,0.6205400555185739,0.3697239866636256,0.43859918360687333,0.5211835788385502,0.64764302821062,0.0,0.513293419864353,0.48417110331807106,0.38934963408207,0.4207758209038247,0.5443215437710509,0.7041543070537771,0.4565156173728163,0.4215797913444629,0.5431375117160453,0.5577210541603705,0.53289953487909,0.618260711066767,0.5801962282868289,0.360697182214686,0.5976496022012252,0.48087744510661373,0.748836765605673,0.7930988363227446,0.5081530614130576,0.7801798628759313,0.5392624451655961,0.6828570114338919,0.5294809253446201,0.5421658127183708,0.531127463691401,0.5979444874204366,0.7440034877721383,0.6079348632863184,0.7451339232321113,0.42882786625646174,0.5363623479644417,0.4928800313101019,0.5957263068124365,0.5649965751063027,0.5958704852328572,0.408408714292404,0.3216433574732914,0.5587892381558803,0.5402498318350845,0.5969939976990688,0.5407914829501806,0.6877780050705251,0.790322225591696,0.445546423498967,0.37931774970527726,0.4999935012098394,0.541362498738675,0.5765088908525227,0.41806110896445137,0.5343374342593542,0.6685627798499343,0.5217374308854767,0.6446652555552463,0.5710743005760447
EST,0.7830414232342889,0.6957746746208922,0.5614248677955531,0.4976898557850009,0.49364881447131276,0.5052603149042711,0.6002778355260617,0.5514813719073679,0.5648551008913409,0.6001188747351828,0.9349937597855256,0.5332120821874821,0.5711389419878715,0.5930905741234233,0.6493389093519114,0.576997609188084,0.6247970806476013,0.6876162916317133,0.5669442655196915,0.5274169534054564,0.5893911448711001,0.4752746474378801,0.5394969530285959,0.5018774391123466,0.6687922598681156,0.513293419864353,0.0,0.5040402544564521,0.5054966697692591,0.5185870469450002,0.5591938428714515,0.720501526063881,0.4953336631225655,0.5036936532715809,0.605999847976824,0.67426397993416,0.620437435169748,0.6349744910575953,0.6260773094425341,0.48971881470344797,0.636019097908607,0.5892081830346968,0.7137243616936049,0.7809244532860693,0.6316942433632055,0.7342941145144686,0.4551294102293627,0.7196708572881071,0.389075310263008,0.6161191313522388,0.6175483930050333,0.6132683007551825,0.7325347078705866,0.6467522207066188,0.7160096205320801,0.5087463126007065,0.4977973081475475,0.4966640833928729,0.5865168183682014,0.5831121982257005,0.5904738703264293,0.46181430409327195,0.48398257820303914,0.5702459688321384,0.5624107991338482,0.6474096882285408,0.5580793073492952,0.7306377683499286,0.7696118357080171,0.5194160348477223,0.49285068873272764,0.5048011173888544,0.6244826826211205,0.5914036855672311,0.54610229030677,0.6273075916997501,0.6736444497281283,0.5658206117087372,0.6432583509186787,0.6282909068330281
FIN,0.8079394471667812,0.6488439226128974,0.5709727908982825,0.4994588981246815,0.4205320764996361,0.48160527597476094,0.6792232865039579,0.5569519988349355,0.5779595980529073,0.5523037324457063,0.9275480958202676,0.47373089410306907,0.5292879621210866,0.5783381705491735,0.5647668605414549,0.6290133669194684,0.687976627340687,0.7148967626604648,0.5813320389336741,0.5679452733205814,0.6722231848129472,0.4647876355306233,0.46265148072093715,0.4849140436389239,0.689192549188029,0.48417110331807106,0.5040402544564521,0.0,0.47442278023558443,0.4864926436031838,0.5680745639978378,0.6612431941234518,0.5270493567624018,0.46555969870354663,0.6019740100835057,0.6339100166813526,0.5625366368559794,0.6396450224095674,0.5457977117684424,0.4513347407484929,0.6333475294502241,0.48278150331391545,0.7474156382586316,0.8026567698338183,0.5124183340385047,0.7979287220995251,0.5578072360783837,0.6989476781416357,0.5458504600942351,0.6381772961714354,0.5672197842767395,0.6003859567255534,0.7671245273731375,0.6273682031063995,0.7692499583142288,0.4532035101349799,0.5025599792971326,0.5158676813286112,0.6242075479563883,0.6064451730512428,0.6243443792468724,0.45954854609720425,0.47680774012787014,0.6076813480367896,0.5796194783518454,0.6663789414137926,0.6122018200789188,0.644999054283664,0.8117074855601778,0.5237192472033141,0.4782438935507782,0.40491294221464613,0.6083746901237596,0.6199143525244204,0.5413048131689645,0.4940609775598492,0.6738818409200669,0.4838800423260316,0.6854489309103949,0.5876236674896262
FRA,0.780729926000725,0.6318471468516275,0.5307776209973909,0.4038010808429906,0.3552294081822358,0.3519208669345286,0.6267078182715743,0.5483869281954281,0.553141758618153,0.5024006960933411,0.9238060129382479,0.4145253974692818,0.48082707332305485,0.5464454336324353,0.607395988318765,0.6214016540197808,0.6728046940706701,0.7008958563150859,0.5382067101654221,0.5089000438386866,0.6316645259734249,0.39349389635982307,0.35408606139502286,0.4679448609748221,0.6864997046048514,0.38934963408207,0.5054966697692591,0.47442278023558443,0.0,0.3342575174791568,0.5250315036136057,0.6440120407954544,0.4987779314364822,0.3939202548487256,0.6043777556674319,0.6066714931826076,0.5291008067868208,0.5996554828947537,0.47961472760015234,0.35197530575024016,0.6390002407371996,0.4687013931470646,0.7107627337583022,0.8047836221900493,0.5117726514537168,0.7813894124901116,0.5284744917742661,0.6265640916801238,0.5329048968995256,0.5679963590056256,0.5352864859441456,0.5891066471236118,0.7545955179768679,0.6083783077045216,0.7299287609010815,0.34662009491908585,0.5020219599296237,0.4494820614233061,0.599308757727658,0.5687943550860745,0.6041087994198258,0.42185236275497273,0.3762254885519811,0.584944873289092,0.5426096777083078,0.6406127345689465,0.5623553517782894,0.6580778109814318,0.7523869894054297,0.46166929650390387,0.39773988850308556,0.4370873772249394,0.5824316346188383,0.5998885770822059,0.48728808947311997,0.5279436710970844,0.669774607229767,0.40172753666355837,0.6816812837104402,0.5534308096102161
GBR,0.7733591797131127,0.6109226391031218,0.5388222132117041,0.3733094625422564,0.3632771899991685,0.3838290273458466,0.6353346228853348,0.5785692837520201,0.5920783844179743,0.5033300920820923,0.9210065802002045,0.42925615962315455,0.4664949360227802,0.5692195879451792,0.6279209876652495,0.6612021210155942,0.6753592910752351,0.7266246476499986,0.5371864392016159,0.5360235158100427,0.6216583158492217,0.42361528309142393,0.40353927778648274,0.4678376491193407,0.6937782518313651,0.4207758209038247,0.5185870469450002,0.4864926436031838,0.3342575174791568,0.0,0.5462020134918916,0.630329328653014,0.5141382584795092,0.46561724277782,0.6270130124378089,0.6151267950048469,0.5056885612906448,0.5743186279772846,0.4919734318794653,0.3774623339541088,0.6492122128313277,0.4942237993184967,0.687326085223,0.8248612998419825,0.5467523137047134,0.8009207449848966,0.5517444923554875,0.6063871863951964,0.5350921607152329,0.6320406264417433,0.5515318840925061,0.5682336215136818,0.7784736822291158,0.6054304729418543,0.7440472499049571,0.33558007686941516,0.47761373737325563,0.4592584859442876,0.6046860784837415,0.5778031903673374,0.6295396279367264,0.4530290039556921,0.40442698261761384,0.6012277486698279,0.54311978707989,0.6142068516856259,0.6060408238377416,0.6481206259673895,0.736794311906448,0.4869265433096797,0.42654840444736414,0.4661872263445615,0.6226785354691554,0.6205430592252463,0.5066801806901974,0.5537478469736234,0.7060601590930741,0.39605814352091595,0.6892758858699363,0.5804246833284751
GRC,0.7766357590914867,0.6812190226784443,0.5921290990582424,0.5362611874462754,0.49945696927946626,0.5214790749784887,0.6298970372398378,0.568657369982983,0.5861384105542821,0.6058027499456599,0.9105289796900781,0.5466049880577014,0.5580496750702055,0.5483182200842392,0.6479871078643509,0.6601114983720008,0.6607468081385387,0.705346812331704,0.567750911552382,0.5122331828767742,0.5846808056302398,0.5597186475180302,0.554749347487056,0.46545198306397423,0.6464040984513615,0.5443215437710509,0.5591938428714515,0.5680745639978378,0.5250315036136057,0.5462020134918916,0.0,0.7149415354481733,0.5426244183495557,0.5284325842538299,0.6233854132887579,0.6626434642252184,0.6487413742466954,0.6168630957278279,0.5468036332370926,0.5321902250113282,0.6321863231451013,0.5703950186203179,0.7349649425205624,0.7917954406367298,0.5968319956067993,0.7563406853830682,0.5962427609921314,0.7085186557530465,0.6082923217521176,0.6083361047680449,0.6416897950700058,0.6564390686852858,0.7488808159289534,0.685943221138313,0.7403230811898537,0.5265305571600705,0.5430320972912732,0.5521472131621947,0.6095596525515881,0.6043045799227172,0.6267076814449233,0.5419500595078333,0.5162693488486293,0.6273387518393319,0.6035819639239429,0.6794525907344062,0.5706163318263703,0.687667427141444,0.8044359626039482,0.6116877360455958,0.5626421376106728,0.5661081169164303,0.6309139279873499,0.6294507588210144,0.5633831157800395,0.6137032701520453,0.7018180313879886,0.5568806844192357,0.6674044842938177,0.637571617875355
HKG,0.870410561206739,0.7632552126550733,0.7894265677350947,0.6750929358740375,0.6401042143758922,0.6693410704885255,0.7615639863158163,0.7717100852965902,0.7728372978798106,0.7315392031328047,0.9501636076537913,0.7142081953728778,0.6361965816250053,0.7582486429391571,0.8055276859044674,0.8180677974789085,0.821011313644737,0.8375943537496424,0.7512620462455617,0.6578450406068136,0.7290416882321002,0.6885009755032224,0.6884734166597976,0.6626116232840635,0.8317902081716949,0.7041543070537771,0.720501526063881,0.6612431941234518,0.6440120407954544,0.630329328653014,0.7149415354481733,0.0,0.7196881842281065,0.674405204427061,0.7786414210517824,0.8026252097453161,0.6742641968479567,0.7228211176712149,0.6593557443193447,0.6841357729324912,0.7897819409410198,0.69771679826189,0.7958893727592526,0.8931778020402127,0.6943119428614143,0.8483526288111874,0.7171696529930953,0.7162202248437787,0.718736679718056,0.8153834335286492,0.690372349626307,0.6552821868016513,0.885277475042609,0.7085974417868692,0.8397639386572211,0.6234199464862156,0.6754293428484294,0.702131861518098,0.7802964275003558,0.7932910935400416,0.7253100032320392,0.6717201171215021,0.6659833424105748,0.8042920400530669,0.7579766053847661,0.7126851804643026,0.7859893479132102,0.64041493345686,0.7717526891243665,0.7194019556950787,0.6976430282793146,0.6951342679849379,0.7459658323402018,0.7867223275287062,0.751367961128843,0.6490831862693425,0.8286440573751295,0.663161801646659,0.8265656324244469,0.7604472313008332
HRV,0.7376444972612486,0.622483027629214,0.5167430078558719,0.4842093360879196,0.4925992042131128,0.48361538885113553,0.602829797180556,0.48196660786520107,0.49491723816980354,0.5437451819893767,0.9002337273234459,0.5345782488019207,0.5555146778453244,0.5859440899877928,0.5993429651923402,0.6094332312189569,0.6378370753699728,0.6761933552630119,0.5395554777574714,0.5123587918091252,0.6159994029931629,0.5028920802110087,0.5503955357411171,0.5205357667461471,0.6451295791158163,0.4565156173728163,0.4953336631225655,0.5270493567624018,0.4987779314364822,0.5141382584795092,0.5426244183495557,0.7196881842281065,0.0,0.4589308845425195,0.5657396585712389,0.5977446959134941,0.5779302082946495,0.6317499377833465,0.5978500429175956,0.48318717759239077,0.5770461345637145,0.5526476325561144,0.721239357534825,0.7687151940235966,0.6030367615664685,0.6987843155195372,0.4709759405482292,0.7196261080124793,0.539046307103565,0.5478295724960475,0.6039177232541901,0.613979261690586,0.6876438983594066,0.6166169256709817,0.6940906353382091,0.48362174450717416,0.5370845658134719,0.4839085675995869,0.5369027373607812,0.5768667664674129,0.535096127245264,0.4367001033608863,0.4585884256681569,0.5385796165657313,0.5316042228916406,0.6282136031300327,0.5565438868956102,0.6922137999257958,0.7655775251045519,0.5085908507878818,0.46911641865215564,0.5671021675773007,0.5666698560633276,0.5729789567522565,0.5214584469695397,0.5925374723667739,0.63963374813776,0.5667839609783474,0.6015161142521609,0.5977173891150741
HUN,0.7603930810371713,0.6424033352844479,0.46645755809908807,0.45597867386840835,0.39203074861134607,0.41245537815330435,0.6062701136736814,0.4643611222368319,0.42924681957426275,0.4795134754754157,0.9221427474713357,0.4294407340391464,0.5249338391832017,0.5612568791786495,0.5204770471968063,0.5795684686661492,0.6264239083868818,0.6517317049481488,0.49827142189245643,0.49723568015455744,0.6569610138952836,0.3969493065223123,0.41654730024762043,0.4759050530713074,0.6419627629794296,0.4215797913444629,0.5036936532715809,0.46555969870354663,0.3939202548487256,0.46561724277782,0.5284325842538299,0.674405204427061,0.4589308845425195,0.0,0.5382340404656181,0.5626801428402793,0.561939335522618,0.6438708495846216,0.536272344313535,0.4174014640388147,0.5776711581915377,0.4553170744140553,0.709338318732937,0.7619496316666975,0.48020169854928096,0.7153695734824089,0.4876138609448302,0.6856138136896881,0.562862285831552,0.49139534552155356,0.4854386707500056,0.6084439676596898,0.6812347479369354,0.5883493959000365,0.6826713318549034,0.44679697075003205,0.5418881353389934,0.4601260340822785,0.5293908543502253,0.5601996707805702,0.5026473718285489,0.3817716519574283,0.43421490135598123,0.5224948216652722,0.5026682054468383,0.6476204387692986,0.5290532126888147,0.6881199416322731,0.7763276069374835,0.4444577081080774,0.43175139252699657,0.44774534356909806,0.5156945051419978,0.5425645603046653,0.47144221657432805,0.5089097521069726,0.6023971135541625,0.4651616894263448,0.6134817148231151,0.5247134705926194
IDN,0.7295746589469045,0.6240107241024082,0.5417279283744754,0.5803727639540353,0.5837896576665741,0.5946371532245297,0.6695926121935223,0.57450414723593,0.5161096598562238,0.5429150638972273,0.8859084456989923,0.5915125341230111,0.6603358385211415,0.6444856888635279,0.5276418059738678,0.6166960836611249,0.6002145485711863,0.6876093888914241,0.5659500761371699,0.5886486466540319,0.6875673031241016,0.5733912024473946,0.6325388620595682,0.6071106192223176,0.6385370018536957,0.5431375117160453,0.605999847976824,0.6019740100835057,0.6043777556674319,0.6270130124378089,0.6233854132887579,0.7786414210517824,0.5657396585712389,0.5382340404656181,0.0,0.5798502584699685,0.6897919220843851,0.701756944163377,0.6712485881782024,0.5678912853453104,0.5804652342771566,0.5853496536207813,0.7528993360466562,0.7935864314322776,0.5942216801905034,0.7118007481533034,0.5866443741574144,0.7712304382077108,0.6671599703426462,0.5334230752007981,0.5848240536053825,0.6732464179317337,0.7063994568605348,0.5601888728513545,0.7330262937298709,0.6123284774186419,0.6347203598346107,0.6027454712427788,0.6087093903716502,0.5856350197596103,0.5304776204017961,0.5431671516378416,0.550573976606614,0.5910552519200655,0.5814249788374322,0.6689981512788851,0.5980144218644522,0.7379828583334297,0.8407836819215404,0.610019679485591,0.5903437647472288,0.6512078365585121,0.4734116505059234,0.5718638626761874,0.5258028631982821,0.5878892038789103,0.6504234032995362,0.6510431540356993,0.573652552699992,0.6232826037727939
IND,0.7616875446404867,0.6139105019306502,0.5210559650234808,0.5789853819732359,0.596871347497636,0.5825150563949206,0.6372140063162682,0.5415134512061557,0.5565502965185596,0.5243458422765984,0.8844202009850076,0.6192956103146179,0.693931323745771,0.687692520453285,0.524093561199133,0.683927906374016,0.6690985937767432,0.722819512059821,0.6013137818964344,0.6603681841524193,0.7159918938333474,0.5827430926854346,0.6291095239496398,0.6479777330175964,0.6213008008815923,0.5577210541603705,0.67426397993416,0.6339100166813526,0.6066714931826076,0.6151267950048469,0.6626434642252184,0.8026252097453161,0.5977446959134941,0.5626801428402793,0.5798502584699685,0.0,0.6824725059301369,0.7145693505434199,0.6615943834871482,0.5682540841614718,0.6055285801863665,0.6031516657622054,0.7448643699235804,0.7608442241228868,0.6051530040046517,0.7626551011490346,0.6257323288892653,0.7420524871464523,0.6831869923753263,0.5836181346952555,0.6081282555975266,0.7121085305861289,0.6902901698580209,0.6121409909995668,0.7757242494257022,0.6105255553395271,0.666956557340083,0.6339842246192776,0.5796008940409146,0.6368051508543003,0.6210277269977172,0.5924794386458719,0.596746124781608,0.5842528678995162,0.575042613662727,0.6813317884257533,0.6532673361063749,0.7320098168057305,0.8150631558970668,0.5938614622199311,0.6070389602836255,0.6546430602161921,0.583925847655881,0.6071466583628823,0.5350691771038771,0.6216112211061363,0.6406277419459371,0.650656411341456,0.6082879055254362,0.6200452258897134
IRL,0.830899592965669,0.692180103647256,0.6335631376853588,0.5367747873488191,0.5476337749032053,0.5509033169337268,0.6990490231704997,0.6618039600670786,0.6418834324810112,0.6532468813596657,0.9444524074131542,0.6165599201600749,0.5557068550641516,0.6586762370279364,0.6954305243951512,0.7176198570240228,0.7223384931616448,0.7242928345673735,0.6246307813761629,0.624316973905308,0.6681459869732397,0.5684973701338791,0.5905759233076043,0.5611988508980456,0.769568262982977,0.53289953487909,0.620437435169748,0.5625366368559794,0.5291008067868208,0.5056885612906448,0.6487413742466954,0.6742641968479567,0.5779302082946495,0.561939335522618,0.6897919220843851,0.6824725059301369,0.0,0.6368619554573053,0.5856094112677456,0.5604628341436185,0.7048673345310353,0.6019320389949967,0.7950324809135569,0.8416926007878924,0.6351852336792926,0.8140347163601112,0.6360904617338409,0.6710699367596755,0.6330190154785502,0.6911941764550237,0.6527125037600265,0.561265059416181,0.7889342206903058,0.6699661329605621,0.7471707277985917,0.5191212149944148,0.6025603090686406,0.581073234603234,0.7058957368703863,0.6667487908925198,0.6634968508336562,0.5732274547158437,0.5423009756454967,0.6777696560920567,0.6992056100781855,0.716223639122432,0.6590813751252103,0.6535083435390475,0.7797227143485597,0.6253974286933425,0.5565028184568195,0.5990517512805585,0.6659403136769173,0.6884547004156993,0.635032553711545,0.6278781267870112,0.7630297361125198,0.5731452950291206,0.7275473318547422,0.699148543498006
ISL,0.8226332398030167,0.7413086696700081,0.6782627473084465,0.5811454729996226,0.6058560089698876,0.6064205883490857,0.6405124156895927,0.6557520173775586,0.6684378364509141,0.6726178473307559,0.9469269035644425,0.6354542483356298,0.6437443364189152,0.6579661531838105,0.7168260126718107,0.7344408933290784,0.7199854241724677,0.7222426921855842,0.6559588088798495,0.6325558127415566,0.6468322318828851,0.6377344118889803,0.6354587853463439,0.5969835429667961,0.7267408827858814,0.618260711066767,0.6349744910575953,0.6396450224095674,0.5996554828947537,0.5743186279772846,0.6168630957278279,0.7228211176712149,0.6317499377833465,0.6438708495846216,0.701756944163377,0.7145693505434199,0.6368619554573053,0.0,0.663003807289459,0.6171005345973406,0.6923964853344194,0.6580315663288145,0.753991525071317,0.8071376610916192,0.6941147965010456,0.8003632807796633,0.6640847038886663,0.7037031002431505,0.6401809408398869,0.6806319546977818,0.7201957486271835,0.6661679508429913,0.7826900256533599,0.716095437369896,0.7718037985405103,0.5950078020903963,0.5850535489543628,0.5917533762206605,0.6918133380622985,0.6622415343710127,0.6850257870372737,0.6317373918698985,0.6054367322846761,0.7112154130350469,0.6644160531366924,0.7212278355424275,0.6532623044124285,0.7523188528558618,0.7574414920986402,0.6555752637698293,0.6301730752495658,0.6734555872257826,0.7066710721451787,0.6764804414464365,0.6399784080967784,0.6967415815730469,0.7668661345608468,0.6239883437184129,0.7064939669092813,0.693474764824717
ISR,0.8220226108338896,0.6803301704543141,0.5960590817708181,0.5503500479043241,0.49800346186985894,0.4772008069707042,0.7019025110063187,0.6513547630285906,0.6650242470231045,0.5802001891034722,0.9163817812614768,0.5196655152657347,0.5148766235125785,0.5577936026918212,0.6597913320238215,0.6912107684859827,0.7176706156273462,0.7629554977004158,0.5968761074421027,0.5833144559883915,0.6950771739898797,0.5783415817197531,0.5131156977243584,0.5152090392531934,0.7297967332894896,0.5801962282868289,0.6260773094425341,0.5457977117684424,0.47961472760015234,0.4919734318794653,0.5468036332370926,0.6593557443193447,0.5978500429175956,0.536272344313535,0.6712485881782024,0.6615943834871482,0.5856094112677456,0.663003807289459,0.0,0.520562714413872,0.6591016523889075,0.5612120502520193,0.7344803983743952,0.8445926123067568,0.5526439906368653,0.8310333489587219,0.6383249705160843,0.6662727101560496,0.6731849940843154,0.6720031140086978,0.6069733173911659,0.6424806576103759,0.8144011174803788,0.656395858762408,0.7674770890765624,0.4470265096701422,0.5725241025975223,0.5576170238121418,0.6908084452549534,0.634856307010815,0.6600969762276064,0.5837648724163947,0.5448828044538185,0.6955285045229411,0.6345973267891428,0.663018138207547,0.632925087798927,0.6157647680444875,0.7950504498121302,0.6352096167885327,0.5711307151003944,0.5319563595410468,0.6625831666401271,0.6856801910830724,0.6298097675877009,0.5502229626088979,0.7368970128902591,0.4620436070902057,0.7457218869654549,0.6216006116501015
ITA,0.7924442645572868,0.6304273915764103,0.5014275498439608,0.4368456370740211,0.3546152112419219,0.3423778141106684,0.5930808616588696,0.5213183610700817,0.5408909993790585,0.49604128781315143,0.9253044979900803,0.46478978966028794,0.4965190925261509,0.5719740346787755,0.5300295467737737,0.6118199218001473,0.6699130818042711,0.7078423893857515,0.528758634450733,0.5266193181357568,0.6408283094667098,0.38998129782699165,0.3689960811883915,0.45762575002982464,0.6515175456659477,0.360697182214686,0.48971881470344797,0.4513347407484929,0.35197530575024016,0.3774623339541088,0.5321902250113282,0.6841357729324912,0.48318717759239077,0.4174014640388147,0.5678912853453104,0.5682540841614718,0.5604628341436185,0.6171005345973406,0.520562714413872,0.0,0.6228487481464449,0.44472619249507717,0.721464495689761,0.7946801312622587,0.47998476344929747,0.8029843045665479,0.5310947468042966,0.6456530356278922,0.534549848181367,0.5914285778874462,0.5110099197756228,0.5817050191080896,0.7529474692647118,0.6175002214269907,0.7405487006122371,0.3995219900417228,0.5061637840441422,0.48736700990701537,0.5928913629777441,0.5594000062583911,0.6117672027682381,0.4136193340317541,0.38155037778832,0.5600126726782043,0.5343398510078163,0.6200340800023714,0.5679862266620155,0.6685335279306489,0.7891247512975058,0.45542742381686335,0.3589116355650034,0.44802043881234066,0.5561796424529052,0.5697378050211516,0.44140797117545566,0.4996371095747319,0.6695138402742973,0.4489808246916398,0.6414542222907353,0.5670185113861281
JOR,0.7788148766970825,0.6491163075401174,0.5709631401467623,0.6080990614668899,0.6150386970767113,0.6270697276212761,0.6798259506793947,0.5606460006772837,0.5703804454267888,0.5986372653191714,0.8899304669922641,0.6207555796295676,0.7014499699625109,0.6724007448532802,0.6008005253064757,0.6343347453471234,0.6461043413930998,0.7084726068979607,0.5755811304640022,0.6362806860944884,0.6939479878174861,0.6147147672271386,0.6591729204622181,0.6338353505148321,0.6152044675049384,0.5976496022012252,0.636019097908607,0.6333475294502241,0.6390002407371996,0.6492122128313277,0.6321863231451013,0.7897819409410198,0.5770461345637145,0.5776711581915377,0.5804652342771566,0.6055285801863665,0.7048673345310353,0.6923964853344194,0.6591016523889075,0.6228487481464449,0.0,0.639860600325164,0.7529102269202865,0.8078525319177776,0.654830069131404,0.7135435060745319,0.5759423017532574,0.7828608783819924,0.6805585712103246,0.5748820521023521,0.6437582137895366,0.7101713466348603,0.7610321199290899,0.6121904705744027,0.7543474321838116,0.6275455302057458,0.6397595530737813,0.6279343662008904,0.6424522571726144,0.5909159811148834,0.6026289106700715,0.5865575701629601,0.6054439658182338,0.6030274719054604,0.5772088164660162,0.6784475444962209,0.600363467028201,0.7777040425302107,0.8075328379746762,0.6134272445590551,0.6314865184087358,0.6802195176159213,0.6016904192328121,0.6219543422731678,0.6053910579955243,0.6502536787053065,0.6578223791812791,0.6522831987429046,0.637509620438572,0.6195199644150132
JPN,0.8216620937499046,0.6729046697925515,0.5521333209126441,0.5280745434066986,0.4452517990500069,0.4698400375833501,0.6878465204683833,0.5922515447160933,0.5758394456258635,0.545021983452552,0.9307381931420994,0.4736716584192592,0.5410122517728169,0.6205241733947279,0.5151873053970962,0.6686824719876452,0.7131313183604612,0.7426054364157892,0.5820045585549131,0.5696823344979933,0.701495566848854,0.47582758632140376,0.42862353980975165,0.5194531815585569,0.6833069926201149,0.48087744510661373,0.5892081830346968,0.48278150331391545,0.4687013931470646,0.4942237993184967,0.5703950186203179,0.69771679826189,0.5526476325561144,0.4553170744140553,0.5853496536207813,0.6031516657622054,0.6019320389949967,0.6580315663288145,0.5612120502520193,0.44472619249507717,0.639860600325164,0.0,0.7508977012987161,0.7842641235083407,0.4285700631764069,0.8134045470759387,0.5933125684247743,0.7083094048951726,0.62962850635707,0.6073008577827941,0.5382439886465595,0.6194020640787937,0.7769146515668279,0.656294553289423,0.7878199743078618,0.5101462203946354,0.578430842243166,0.5810811115615621,0.6327687328621133,0.6142120686917364,0.6436136506588491,0.5023376858566961,0.49345533579113343,0.6125650462614565,0.5710719095794963,0.6674043929177257,0.6328624996516109,0.6796779507176226,0.8020625890040746,0.5147447949766554,0.4851036832961332,0.47112954912143473,0.5359840685670668,0.6311756587415456,0.5165705847530079,0.45563396785178445,0.6740686324337981,0.5001654583836691,0.6772967275870838,0.5947737258753943
KAZ,0.7448591062337288,0.7322012718061329,0.6790983388716523,0.6522903621983688,0.7208567870384792,0.7133802825204658,0.7295362721488752,0.7061054674331029,0.7485184717218657,0.6985065903407935,0.9038936594368349,0.6960514632819597,0.7541837784048676,0.7275993882127191,0.7603899777611302,0.7755005102455323,0.7329802190816584,0.7257499224764838,0.6945766251459411,0.6979520627143031,0.7905003984824926,0.7371160291129288,0.7484520153138646,0.7242945100253496,0.7354345323331107,0.748836765605673,0.7137243616936049,0.7474156382586316,0.7107627337583022,0.687326085223,0.7349649425205624,0.7958893727592526,0.721239357534825,0.709338318732937,0.7528993360466562,0.7448643699235804,0.7950324809135569,0.753991525071317,0.7344803983743952,0.721464495689761,0.7529102269202865,0.7508977012987161,0.0,0.8271671333157007,0.7985019782260957,0.7894520005060119,0.6966543547815116,0.8013833948828328,0.719934577568598,0.7546119184524118,0.7205550105792883,0.810521000738877,0.7844186200071132,0.7172257745643954,0.7749356965494353,0.6877313798660633,0.7108548294114144,0.7021695639400765,0.7112330347117938,0.6559099879633841,0.7341586342214937,0.6914792351790517,0.7297166931858239,0.7266859748323556,0.653031082902743,0.6026847600214614,0.7506511437054151,0.8422972114281084,0.8323266497436528,0.7272485764424556,0.734825460758819,0.7552730054079853,0.7718980423081654,0.7232681687215314,0.7258646400401394,0.7846074225579619,0.7083362388900752,0.7157380844237109,0.7181921750931566,0.7114335649866294
KHM,0.8313100734831571,0.85317075818806,0.7348858532172597,0.7822771325193971,0.7955646836699395,0.7927702034326073,0.6515162180143792,0.7113348230060078,0.7374423106596518,0.7911691866754005,0.9569198923560415,0.8002141213982675,0.8465495977858036,0.7989912203826217,0.7520133850511995,0.7884048709508634,0.7742460954726181,0.7265322488596289,0.7936918236200213,0.7575502306490847,0.8251201901821033,0.7784669056238124,0.8341677398908395,0.818006261535378,0.7757938108842128,0.7930988363227446,0.7809244532860693,0.8026567698338183,0.8047836221900493,0.8248612998419825,0.7917954406367298,0.8931778020402127,0.7687151940235966,0.7619496316666975,0.7935864314322776,0.7608442241228868,0.8416926007878924,0.8071376610916192,0.8445926123067568,0.7946801312622587,0.8078525319177776,0.7842641235083407,0.8271671333157007,0.0,0.8018268114226343,0.7640105569756317,0.7708475551124743,0.8687990469422735,0.7488901116553977,0.7233423220659202,0.8054087310677678,0.8309047248582797,0.6931932167699284,0.8008062907127969,0.7836237610125479,0.8192810082674236,0.827523960684325,0.7706167981102149,0.7193788450053055,0.7754744231143922,0.7513900374605174,0.7678825872521252,0.7904274324994283,0.7130967820127956,0.7825138856196081,0.8375286028085117,0.7405168534469154,0.9024849132395582,0.8431938569759776,0.7548390216371295,0.7862281886836302,0.8101717219127739,0.7811297214454237,0.7291724695885148,0.7349801566139773,0.7902008145502663,0.6512955073787303,0.8392224266839344,0.7134056793052229,0.8067534824625293
KOR,0.8277448958427517,0.6881192684625738,0.5515965704047,0.5870026136636378,0.48940202183315396,0.5094930162897836,0.6627064977054921,0.6177744034124703,0.5513553775689468,0.5415256647430067,0.9396297594170322,0.5135500215817411,0.5858339310200061,0.6149776952427146,0.4586423484411497,0.6804082335857399,0.7262460041414912,0.7535896325043325,0.5944593672263625,0.6125374053854136,0.7114286535480097,0.49937030593192044,0.4652547751821027,0.5596169989532681,0.6760405773465799,0.5081530614130576,0.6316942433632055,0.5124183340385047,0.5117726514537168,0.5467523137047134,0.5968319956067993,0.6943119428614143,0.6030367615664685,0.48020169854928096,0.5942216801905034,0.6051530040046517,0.6351852336792926,0.6941147965010456,0.5526439906368653,0.47998476344929747,0.654830069131404,0.4285700631764069,0.7985019782260957,0.8018268114226343,0.0,0.8290246809150517,0.6482117990901706,0.7144155314478428,0.6752804948054414,0.6128158208600364,0.49825175870790456,0.6012607537905349,0.7752540176598076,0.6284255357813332,0.7931527011637908,0.5366824776978003,0.5930500549462142,0.6040550371903466,0.6382491704800041,0.6434939053870437,0.6298658775885263,0.564896398643526,0.5316632933684375,0.620162559969255,0.6129049666775377,0.7064158489076553,0.6333266140736337,0.622034748938865,0.8394552982254171,0.5699191867636659,0.5310478686919176,0.502582629840546,0.5070387289574878,0.6222685689002799,0.5383867040411319,0.36597069851036296,0.6857191319843348,0.5251053972994109,0.6558633792401339,0.6178611186519882
LAO,0.7233707747306456,0.7885775107069979,0.7221200485514121,0.753490704820352,0.7692749760461834,0.8036107149654799,0.7080800431416547,0.6868224689199687,0.6678599448258232,0.7357212646797143,0.9003064587659299,0.7822784245670537,0.7985200175414626,0.7147116195067595,0.7718148855742883,0.7190738720818456,0.7212712499645044,0.7329655890878162,0.7003641930096606,0.7044798898762094,0.7797966539948398,0.757454379108884,0.8257401709773637,0.7712358340361891,0.7496848637956463,0.7801798628759313,0.7342941145144686,0.7979287220995251,0.7813894124901116,0.8009207449848966,0.7563406853830682,0.8483526288111874,0.6987843155195372,0.7153695734824089,0.7118007481533034,0.7626551011490346,0.8140347163601112,0.8003632807796633,0.8310333489587219,0.8029843045665479,0.7135435060745319,0.8134045470759387,0.7894520005060119,0.7640105569756317,0.8290246809150517,0.0,0.6782361786279321,0.8620018451407578,0.7609574188370091,0.66533614126193,0.7913334566356023,0.8012792589701061,0.6719226810980913,0.7436105472040436,0.7338118133305601,0.7883024533984666,0.8092027246392742,0.7109721816103999,0.6425358984362025,0.7271495479379052,0.6443722297779003,0.709604932777075,0.7596832158912857,0.6706628384031227,0.73491637920594,0.7976785194000654,0.7439813806541938,0.8852761782403138,0.8241821207749506,0.7433707912141407,0.7832839830567279,0.8174761776754975,0.7336438599435801,0.7017920571342358,0.7428728177012737,0.813764948693918,0.7074084735911289,0.8178496331982277,0.6488282353968382,0.7727090017581637
LTU,0.7449624345283039,0.6644593484304426,0.5367452968609991,0.5257279639315605,0.5333769891502224,0.5397738620229618,0.6255888178209069,0.4976015463915096,0.5328089195662091,0.5360797568108037,0.8784633975823721,0.5636652354026864,0.6073288741655662,0.6116774563221504,0.6270807142216972,0.5716085320887716,0.6235502014709784,0.6776121403759904,0.5526503026806099,0.5317447895359663,0.6587867880980203,0.5273142856659792,0.5854429273321254,0.5772024147093378,0.616619845690079,0.5392624451655961,0.4551294102293627,0.5578072360783837,0.5284744917742661,0.5517444923554875,0.5962427609921314,0.7171696529930953,0.4709759405482292,0.4876138609448302,0.5866443741574144,0.6257323288892653,0.6360904617338409,0.6640847038886663,0.6383249705160843,0.5310947468042966,0.5759423017532574,0.5933125684247743,0.6966543547815116,0.7708475551124743,0.6482117990901706,0.6782361786279321,0.0,0.7495790943627296,0.4791817577461977,0.5811247596910513,0.6121664038812309,0.6466990759359679,0.7032322798184912,0.6178730409769354,0.6810376585621963,0.5439687343680157,0.5916536689000986,0.5265983260042153,0.5388787734268551,0.5687318399000323,0.5075764607620452,0.4617389596981479,0.5111704479374976,0.5189373309343769,0.5343263656993963,0.6367689015818929,0.5591485260941155,0.7233944863599504,0.7539666148010284,0.4868615245350035,0.5363658413348957,0.5984565550073574,0.5753712390438372,0.5900526655763749,0.5421605806557681,0.6246927867944795,0.6203941009731468,0.5961198998744999,0.6097862390993088,0.5890401349270069
LUX,0.8691629128271637,0.7714492244608258,0.7442271199042636,0.6360183476283214,0.623784899838132,0.6450655438036863,0.7462333134785532,0.7451769467463315,0.7516039770136528,0.6992336347167557,0.944968735161594,0.6815606383424555,0.663281226244685,0.7420806294872586,0.7773837516850245,0.7902354397811061,0.8170026414022583,0.8282528535897432,0.7328790631559216,0.709696457765845,0.6904794185539012,0.6813291388288908,0.6576084433202765,0.6628202607179104,0.8307830012864369,0.6828570114338919,0.7196708572881071,0.6989476781416357,0.6265640916801238,0.6063871863951964,0.7085186557530465,0.7162202248437787,0.7196261080124793,0.6856138136896881,0.7712304382077108,0.7420524871464523,0.6710699367596755,0.7037031002431505,0.6662727101560496,0.6456530356278922,0.7828608783819924,0.7083094048951726,0.8013833948828328,0.8687990469422735,0.7144155314478428,0.8620018451407578,0.7495790943627296,0.0,0.7291076358554676,0.7630918615896333,0.7562318080437199,0.7298073401495547,0.8575123340446453,0.7106788953428107,0.8239235214681242,0.6205254853202178,0.7091079740130181,0.696104104008339,0.7640101163786959,0.7694753586922398,0.7797469373275594,0.6908638248339121,0.6737403032273424,0.7831777608899194,0.7292399231219803,0.7834809322294197,0.7782198910420896,0.7526583129208213,0.6889761527783059,0.7061406848251262,0.6780643765621054,0.6922502916654857,0.7815374340517873,0.7683520977044784,0.7161902577654727,0.7062513707070045,0.8173106666942045,0.638287820394917,0.8238915159399661,0.7414978723535051
LVA,0.7984481466622247,0.7237169974801717,0.5928395359058265,0.5100161262988074,0.5266859526015926,0.5359636356019609,0.6128012600120389,0.5519168486926326,0.6084705495647058,0.6341408669210572,0.9448972432977996,0.5923505735334555,0.5979030475639889,0.625373175311783,0.6878607158762285,0.6301104113254046,0.6509334418489126,0.6604487650177827,0.6269476087306016,0.5809474966743711,0.6349585008291105,0.5052457020726066,0.5953735754886985,0.5907141029366557,0.7036941323388606,0.5294809253446201,0.389075310263008,0.5458504600942351,0.5329048968995256,0.5350921607152329,0.6082923217521176,0.718736679718056,0.539046307103565,0.562862285831552,0.6671599703426462,0.6831869923753263,0.6330190154785502,0.6401809408398869,0.6731849940843154,0.534549848181367,0.6805585712103246,0.62962850635707,0.719934577568598,0.7488901116553977,0.6752804948054414,0.7609574188370091,0.4791817577461977,0.7291076358554676,0.0,0.6514497571999363,0.6616043343074646,0.6266592159321157,0.7617854150008677,0.6772512910728791,0.7260114582982434,0.5552189579112985,0.5666866169038873,0.5360018271451868,0.6098821444591617,0.6306153544760322,0.6136194936420053,0.5008739949715694,0.5019972985489658,0.5823149038656193,0.5788953876661107,0.6886064960648681,0.5830411459816962,0.7514759987634707,0.7410435963263001,0.4872608164899636,0.5179956540762168,0.5590781610515987,0.6730388511317276,0.6214788614158432,0.5462429105870231,0.6789341006619272,0.6772765068673225,0.6243967926649399,0.6927835918830556,0.6619659866661417
MAR,0.7318591776119586,0.6784367987493664,0.5083875145496355,0.5850443773979795,0.5887683883644285,0.580631840153509,0.6227716621657268,0.5323507865394073,0.46171505765354276,0.5411217071238008,0.9136140865967934,0.5869618075058289,0.6673654973654167,0.6190144414807317,0.5747246849007329,0.6037638889696079,0.6253922829992381,0.647153166408743,0.5498048985587044,0.5711539500640221,0.6688845940390359,0.5703820648970901,0.6136254693925765,0.6235538445005842,0.6397981670187979,0.5421658127183708,0.6161191313522388,0.6381772961714354,0.5679963590056256,0.6320406264417433,0.6083361047680449,0.8153834335286492,0.5478295724960475,0.49139534552155356,0.5334230752007981,0.5836181346952555,0.6911941764550237,0.6806319546977818,0.6720031140086978,0.5914285778874462,0.5748820521023521,0.6073008577827941,0.7546119184524118,0.7233423220659202,0.6128158208600364,0.66533614126193,0.5811247596910513,0.7630918615896333,0.6514497571999363,0.0,0.5991876474571703,0.695591199741941,0.6647019542573311,0.6141567278124076,0.695200155298471,0.6072880443382994,0.676336284344633,0.5897473051694283,0.5636120553466787,0.5915485556286828,0.49793566100116127,0.5411021890780351,0.5588902839763601,0.5697470269682107,0.5878715482923622,0.6942976701883121,0.5336483371327185,0.7866013536213983,0.8009766047712921,0.5688214576173442,0.6023371448198296,0.6427006522215415,0.5555922047072456,0.5535722518102729,0.5231589483139222,0.635600472628734,0.6040298324778564,0.6504135819615756,0.5838892308861147,0.6032717969516702
MEX,0.7722050784848803,0.6524399808432721,0.5050770298772789,0.5723798686176529,0.5221502262778293,0.534367173536477,0.6725188836340531,0.6049464943578329,0.5697601789021547,0.536583481944667,0.92909655979606,0.5416749116418592,0.5965181509091578,0.6237237187742957,0.5191664363170512,0.6735760397727208,0.6901584176729673,0.704318601795872,0.5752821829675084,0.5818128810209267,0.7509228797310485,0.5221661988497133,0.5260476681392862,0.5961489136201402,0.6528664638132515,0.531127463691401,0.6175483930050333,0.5672197842767395,0.5352864859441456,0.5515318840925061,0.6416897950700058,0.690372349626307,0.6039177232541901,0.4854386707500056,0.5848240536053825,0.6081282555975266,0.6527125037600265,0.7201957486271835,0.6069733173911659,0.5110099197756228,0.6437582137895366,0.5382439886465595,0.7205550105792883,0.8054087310677678,0.49825175870790456,0.7913334566356023,0.6121664038812309,0.7562318080437199,0.6616043343074646,0.5991876474571703,0.0,0.6337275477200418,0.750866841583467,0.6037144393256434,0.7582854494293825,0.5404771619771848,0.6144559236726985,0.6086904080202499,0.628422799268762,0.595672866252469,0.5894424362570297,0.5437850336562464,0.5457644669791217,0.5984352433200606,0.5806608185978008,0.6302988132257313,0.6222997352399108,0.6964160205032112,0.8566014809880876,0.5741094523959969,0.5417604346488034,0.5617168639298532,0.5335318229971162,0.6293733513496385,0.5443273852585847,0.5147830080556353,0.6595749768166435,0.5474582394934243,0.6344477830831614,0.6202374621144964
MLT,0.7982343797837125,0.7164416221138367,0.6594082699571032,0.6033900766999613,0.5682222955183878,0.5989488868769733,0.6903419506469258,0.6625723615053601,0.6556595298981318,0.6449571738898142,0.9477743029217152,0.6565954583317193,0.5459956416780298,0.6586334440259975,0.6795451234883683,0.7233561459816015,0.7303971975773161,0.7803984155524916,0.6520753398376785,0.6422698062867733,0.6747908357316802,0.5963272167073624,0.6261071267951902,0.6190149969729218,0.7452362479110715,0.5979444874204366,0.6132683007551825,0.6003859567255534,0.5891066471236118,0.5682336215136818,0.6564390686852858,0.6552821868016513,0.613979261690586,0.6084439676596898,0.6732464179317337,0.7121085305861289,0.561265059416181,0.6661679508429913,0.6424806576103759,0.5817050191080896,0.7101713466348603,0.6194020640787937,0.810521000738877,0.8309047248582797,0.6012607537905349,0.8012792589701061,0.6466990759359679,0.7298073401495547,0.6266592159321157,0.695591199741941,0.6337275477200418,0.0,0.8100648401889478,0.6837230773592159,0.8065611412664413,0.5995281445257875,0.6383055471549319,0.6295709781412604,0.6675903543056383,0.6961059072350672,0.6404115583078237,0.6223864615559517,0.5610709389676838,0.6672818594672499,0.6676546235668048,0.7416113973055458,0.692249316049025,0.650583318875726,0.7830668707824294,0.6026253785321393,0.6008837090190473,0.6186307494273955,0.6078839439679647,0.6668360276921879,0.6133673874013477,0.5764490471113978,0.788685119842524,0.6420915517839763,0.6964436748259684,0.7082532269731373
MMR,0.7365354911732435,0.7927266632316363,0.6493887718795661,0.7168786253596706,0.7630329358731389,0.7710444600231553,0.5954390119058564,0.635872853566413,0.5521622511554706,0.7173415653166355,0.9289262532264478,0.7467474362929245,0.8050150583747261,0.7470714204271464,0.6973175200675183,0.7460774172366733,0.7150402952219298,0.7042812436680084,0.6996803148354296,0.7248240895243913,0.7758433340188465,0.7502929975679592,0.7919148380307071,0.7463131536162444,0.7388450764449332,0.7440034877721383,0.7325347078705866,0.7671245273731375,0.7545955179768679,0.7784736822291158,0.7488808159289534,0.885277475042609,0.6876438983594066,0.6812347479369354,0.7063994568605348,0.6902901698580209,0.7889342206903058,0.7826900256533599,0.8144011174803788,0.7529474692647118,0.7610321199290899,0.7769146515668279,0.7844186200071132,0.6931932167699284,0.7752540176598076,0.6719226810980913,0.7032322798184912,0.8575123340446453,0.7617854150008677,0.6647019542573311,0.750866841583467,0.8100648401889478,0.0,0.7522147494846713,0.6546261841087953,0.7567559566010502,0.7675755651550904,0.6871808725065719,0.47407682109160615,0.7267013622508292,0.6349359549922899,0.7189133044633198,0.7439451667534513,0.6373188699509889,0.7543643746666413,0.7846836439069338,0.7104459985473891,0.8630673433461574,0.8552917871344191,0.761959686230751,0.7403433919596079,0.7856327095152293,0.699683406631801,0.6547968699964244,0.7065067100708355,0.7783260311556903,0.6254109374045059,0.7940452903316929,0.565891264028242,0.7762578109281285
MYS,0.7331254025093287,0.6305289600361015,0.5705062926054459,0.5982696340569907,0.6142391637654466,0.6200021373568021,0.7019799208450582,0.6326290696431114,0.5872044922694437,0.5666402746216871,0.8807124932915293,0.6122926021360673,0.6709398034580563,0.6739182763677524,0.6201181500953096,0.6720172246993983,0.6628498089060506,0.7178807156232427,0.6080210254914403,0.6334908029270859,0.693354522423072,0.5900384503722693,0.6428498378007802,0.6327842215221627,0.6361662098048311,0.6079348632863184,0.6467522207066188,0.6273682031063995,0.6083783077045216,0.6054304729418543,0.685943221138313,0.7085974417868692,0.6166169256709817,0.5883493959000365,0.5601888728513545,0.6121409909995668,0.6699661329605621,0.716095437369896,0.656395858762408,0.6175002214269907,0.6121904705744027,0.656294553289423,0.7172257745643954,0.8008062907127969,0.6284255357813332,0.7436105472040436,0.6178730409769354,0.7106788953428107,0.6772512910728791,0.6141567278124076,0.6037144393256434,0.6837230773592159,0.7522147494846713,0.0,0.7364200280377802,0.5822465918701443,0.6204677224283258,0.6309808990800669,0.6499874501494093,0.634700826714472,0.5618872685251503,0.5878827752724418,0.6188095396324959,0.6231084165455064,0.584236817436157,0.6403052640316899,0.6275632020922026,0.7233215221193975,0.7908208042388679,0.6189549323685986,0.6512400370168167,0.6598856111709862,0.5707799771091017,0.6315836000312945,0.6368116634969437,0.6234984846460754,0.6481087229698643,0.6414726567531948,0.6246520424699299,0.6395910950179985
NGA,0.7971144027101069,0.830597050816529,0.6950443273500688,0.7000107823890779,0.7496486013227172,0.7466979562993594,0.6881694751468344,0.7087760516704064,0.6218624204485316,0.7315017710710687,0.9488920673742829,0.7305363333380701,0.7713490731448974,0.7554627234749686,0.7677156153504667,0.7162811614253584,0.6819784555001034,0.7360408206839747,0.6786253815917374,0.6800720113882971,0.78140603946295,0.7350436221094984,0.788552810330434,0.7200492866843066,0.8017523849617936,0.7451339232321113,0.7160096205320801,0.7692499583142288,0.7299287609010815,0.7440472499049571,0.7403230811898537,0.8397639386572211,0.6940906353382091,0.6826713318549034,0.7330262937298709,0.7757242494257022,0.7471707277985917,0.7718037985405103,0.7674770890765624,0.7405487006122371,0.7543474321838116,0.7878199743078618,0.7749356965494353,0.7836237610125479,0.7931527011637908,0.7338118133305601,0.6810376585621963,0.8239235214681242,0.7260114582982434,0.695200155298471,0.7582854494293825,0.8065611412664413,0.6546261841087953,0.7364200280377802,0.0,0.7216216481241368,0.7474168178847895,0.665065367211988,0.6649986270346124,0.7317815589358106,0.6031239439453039,0.6739462974264178,0.7360267529109965,0.660049919837266,0.7492925524995244,0.777103056625167,0.6642894896061746,0.8701533443948486,0.8327410302375133,0.7435908832771336,0.7360132998846469,0.7905819055514846,0.7363876996530728,0.7229918670290808,0.7392081810119191,0.7998593206867148,0.6968515913024175,0.7434588321010485,0.7000151213315458,0.771684246379182
NLD,0.7755423124117078,0.6067830287523546,0.5181497622012051,0.3803524132517188,0.39825284630135027,0.3737490088498655,0.6289028281716526,0.5697481977380662,0.5566648035371707,0.5087006390472593,0.9188996725918737,0.4296813958958244,0.470367868964263,0.5462853796935135,0.6230580443718987,0.6547901665197184,0.676508265413537,0.7117031250892242,0.5259534721385256,0.48902993206982237,0.6113042787620538,0.4297441370183872,0.41770985182191656,0.4259462254214301,0.6760435261920331,0.42882786625646174,0.5087463126007065,0.4532035101349799,0.34662009491908585,0.33558007686941516,0.5265305571600705,0.6234199464862156,0.48362174450717416,0.44679697075003205,0.6123284774186419,0.6105255553395271,0.5191212149944148,0.5950078020903963,0.4470265096701422,0.3995219900417228,0.6275455302057458,0.5101462203946354,0.6877313798660633,0.8192810082674236,0.5366824776978003,0.7883024533984666,0.5439687343680157,0.6205254853202178,0.5552189579112985,0.6072880443382994,0.5404771619771848,0.5995281445257875,0.7567559566010502,0.5822465918701443,0.7216216481241368,0.0,0.43046152733172816,0.4438455347852851,0.6000423976589568,0.5805366880362133,0.5945544855101389,0.42888108307483924,0.40289222986942036,0.5981510192536792,0.5335751960171604,0.5853881866339471,0.5665949027631215,0.6159156881710214,0.7547236785273711,0.5083002022713102,0.43224291800678916,0.4666950096918906,0.6150950752803958,0.6227603955798205,0.530107655131634,0.5218256258827606,0.6758548832362716,0.4045589224836915,0.6767949900226851,0.5595421387298257
NOR,0.7750662450744067,0.6120608340547193,0.58732942524455,0.4872544232500773,0.4982235602066996,0.5124476823443956,0.649103149063285,0.6067442379620422,0.6036600539271714,0.5967669191298227,0.9134200474755922,0.5233525059197423,0.5707035907985498,0.5892233485917217,0.6597518799601049,0.668156877961512,0.66795664308226,0.7147526229725216,0.5970177226292396,0.5712516938338078,0.604648006437492,0.531402537965395,0.520000713199272,0.442086796620682,0.6715787893793671,0.5363623479644417,0.4977973081475475,0.5025599792971326,0.5020219599296237,0.47761373737325563,0.5430320972912732,0.6754293428484294,0.5370845658134719,0.5418881353389934,0.6347203598346107,0.666956557340083,0.6025603090686406,0.5850535489543628,0.5725241025975223,0.5061637840441422,0.6397595530737813,0.578430842243166,0.7108548294114144,0.827523960684325,0.5930500549462142,0.8092027246392742,0.5916536689000986,0.7091079740130181,0.5666866169038873,0.676336284344633,0.6144559236726985,0.6383055471549319,0.7675755651550904,0.6204677224283258,0.7474168178847895,0.43046152733172816,0.0,0.5132245559478765,0.6463164803594094,0.6051578799807571,0.6447199309383451,0.5275995119280472,0.5266126727992411,0.640184780581612,0.5562202860906713,0.6269739052712747,0.621305420043383,0.6555226952983905,0.7915661406257226,0.6026290509742182,0.555529860740098,0.5107189109506229,0.6536333988519153,0.640857524055693,0.5968673507428726,0.6066326024731691,0.7156649823250837,0.5173732808245769,0.6950864797048191,0.6195774748890974
NZL,0.7522792287708931,0.6507310509783631,0.5227852991131722,0.42267916142816087,0.43474629103403206,0.48805071761736624,0.5892976417475514,0.551345258954169,0.5334886395990311,0.5532754959664226,0.9243123305772593,0.48055814597660623,0.5321465475012853,0.49162311686650223,0.6326087778043996,0.5855645812332704,0.6291529710436087,0.6672233453951594,0.5287924901128243,0.5196121807878741,0.6474888821620863,0.4704337234641199,0.5161070631659445,0.5080083648789322,0.6746948093576153,0.4928800313101019,0.4966640833928729,0.5158676813286112,0.4494820614233061,0.4592584859442876,0.5521472131621947,0.702131861518098,0.4839085675995869,0.4601260340822785,0.6027454712427788,0.6339842246192776,0.581073234603234,0.5917533762206605,0.5576170238121418,0.48736700990701537,0.6279343662008904,0.5810811115615621,0.7021695639400765,0.7706167981102149,0.6040550371903466,0.7109721816103999,0.5265983260042153,0.696104104008339,0.5360018271451868,0.5897473051694283,0.6086904080202499,0.6295709781412604,0.6871808725065719,0.6309808990800669,0.665065367211988,0.4438455347852851,0.5132245559478765,0.0,0.5501857789887662,0.5545994326472399,0.5390372205139448,0.4557859402597202,0.44857340218085123,0.5404900402088882,0.5605012191264246,0.6584425344159365,0.5492657627939674,0.7103322287914487,0.7898101873080006,0.5194602611864912,0.49859723080180796,0.5095054322574007,0.6239004370560214,0.6088238230848504,0.5176340039640648,0.6198944684364094,0.6629214163622867,0.5007206979221255,0.6260178628061812,0.5806191790109918
PAK,0.6745940201026233,0.7040928557935878,0.49965171108702827,0.5711566095947003,0.5740786183621265,0.6086072031204505,0.5414750094325868,0.4839242607757048,0.42713955907991313,0.5489394343533311,0.918821834410979,0.6043977116291931,0.6356281289574287,0.6131480631589676,0.5864024239582623,0.6610023547238998,0.6526224785405244,0.6710662242261273,0.5472477883938118,0.6002790934996415,0.6960409153603627,0.578657768492841,0.6278283986233584,0.6087333620031269,0.5936041245405429,0.5957263068124365,0.5865168183682014,0.6242075479563883,0.599308757727658,0.6046860784837415,0.6095596525515881,0.7802964275003558,0.5369027373607812,0.5293908543502253,0.6087093903716502,0.5796008940409146,0.7058957368703863,0.6918133380622985,0.6908084452549534,0.5928913629777441,0.6424522571726144,0.6327687328621133,0.7112330347117938,0.7193788450053055,0.6382491704800041,0.6425358984362025,0.5388787734268551,0.7640101163786959,0.6098821444591617,0.5636120553466787,0.628422799268762,0.6675903543056383,0.47407682109160615,0.6499874501494093,0.6649986270346124,0.6000423976589568,0.6463164803594094,0.5501857789887662,0.0,0.6168506836598217,0.5327834484674497,0.5637712481824634,0.5747658581204942,0.46235824283334104,0.5622774019645633,0.6945277454785296,0.6234165148294852,0.7609202667147661,0.8032838619656532,0.5443365957567228,0.5973320248743441,0.6243805540702434,0.5659418459456055,0.5841086163686676,0.5305790164119442,0.6405192386706481,0.5737285099185137,0.6305267951657657,0.5102691085623006,0.6502591042942226
PER,0.7613588477765909,0.6450993322730826,0.5086794196796689,0.5307423388032533,0.5887935682745797,0.5729076766848387,0.6370759990367941,0.5831339709186593,0.5882582666870431,0.5505751163408791,0.8965406054630474,0.5628806688137133,0.6621625837295435,0.5343279443591255,0.60572205747851,0.5880230177202825,0.6049347644935209,0.6349832180267446,0.5307233665817733,0.5651682746849612,0.6991503304501053,0.6064961363426572,0.6092239930032682,0.6075796267334839,0.6116453986996836,0.5649965751063027,0.5831121982257005,0.6064451730512428,0.5687943550860745,0.5778031903673374,0.6043045799227172,0.7932910935400416,0.5768667664674129,0.5601996707805702,0.5856350197596103,0.6368051508543003,0.6667487908925198,0.6622415343710127,0.634856307010815,0.5594000062583911,0.5909159811148834,0.6142120686917364,0.6559099879633841,0.7754744231143922,0.6434939053870437,0.7271495479379052,0.5687318399000323,0.7694753586922398,0.6306153544760322,0.5915485556286828,0.595672866252469,0.6961059072350672,0.7267013622508292,0.634700826714472,0.7317815589358106,0.5805366880362133,0.6051578799807571,0.5545994326472399,0.6168506836598217,0.0,0.5895956281547524,0.5662090525932952,0.5461236338026261,0.5980039186224954,0.5943946811480675,0.6551173673656097,0.5561624819675051,0.781614833454408,0.8166689883973379,0.6217792424281248,0.5962849606545351,0.6400673311516145,0.5806711825532131,0.6017092713979317,0.5692410891862197,0.6413147539413206,0.6731463225190859,0.5958117391640934,0.6271977212853882,0.5968475312026241
PHL,0.7218196377802608,0.6988395021123128,0.5298548966523333,0.5791069765812676,0.6039519996779762,0.6087884995281017,0.6108868208175772,0.54529826657441,0.4332926402400645,0.55154444833284,0.9150023274610938,0.6118940183522249,0.6343673505573565,0.5841372680043085,0.5987400918969528,0.5776601751006718,0.574456481569927,0.652214463370285,0.5169496915124746,0.5457202782706854,0.6872807890234615,0.5878824550675096,0.6599920971314762,0.604700347729452,0.6467107393425647,0.5958704852328572,0.5904738703264293,0.6243443792468724,0.6041087994198258,0.6295396279367264,0.6267076814449233,0.7253100032320392,0.535096127245264,0.5026473718285489,0.5304776204017961,0.6210277269977172,0.6634968508336562,0.6850257870372737,0.6600969762276064,0.6117672027682381,0.6026289106700715,0.6436136506588491,0.7341586342214937,0.7513900374605174,0.6298658775885263,0.6443722297779003,0.5075764607620452,0.7797469373275594,0.6136194936420053,0.49793566100116127,0.5894424362570297,0.6404115583078237,0.6349359549922899,0.5618872685251503,0.6031239439453039,0.5945544855101389,0.6447199309383451,0.5390372205139448,0.5327834484674497,0.5895956281547524,0.0,0.532536447478229,0.5727694916848172,0.5354227719541113,0.5867167202087343,0.6816008481801225,0.5114764908430224,0.747861047488271,0.8095968743961109,0.5900792494156857,0.6279936550724678,0.6575530451623761,0.5205949445938638,0.5576340639038099,0.5815307599319104,0.6283584932352592,0.6138901261938671,0.6655588549861612,0.5370847511812994,0.629712105060035
POL,0.7752966808736522,0.6327243069739633,0.5021132912078649,0.42723492122613216,0.3991335197674645,0.40540671550153234,0.6119969571191932,0.4680165517092908,0.49422511562377147,0.510402806599186,0.9217798789090923,0.4856247719986534,0.5310164438360933,0.5677823079056779,0.5630960710815952,0.5846194262409106,0.637274746016281,0.6766026155133585,0.525518742221339,0.4751664493763932,0.6384359922715639,0.3515226577771402,0.46732833455039113,0.49005054823583893,0.6655462115768124,0.408408714292404,0.46181430409327195,0.45954854609720425,0.42185236275497273,0.4530290039556921,0.5419500595078333,0.6717201171215021,0.4367001033608863,0.3817716519574283,0.5431671516378416,0.5924794386458719,0.5732274547158437,0.6317373918698985,0.5837648724163947,0.4136193340317541,0.5865575701629601,0.5023376858566961,0.6914792351790517,0.7678825872521252,0.564896398643526,0.709604932777075,0.4617389596981479,0.6908638248339121,0.5008739949715694,0.5411021890780351,0.5437850336562464,0.6223864615559517,0.7189133044633198,0.5878827752724418,0.6739462974264178,0.42888108307483924,0.5275995119280472,0.4557859402597202,0.5637712481824634,0.5662090525932952,0.532536447478229,0.0,0.41351862175320353,0.5008992860652505,0.4962213293022554,0.6204153768874646,0.5317481464570452,0.7051598200343427,0.7929464908602503,0.40118286825751936,0.3822901011617679,0.4820042697635277,0.5644068403134568,0.5747106808022324,0.46225946274340624,0.5637912782069754,0.5987841896607506,0.5115524028237454,0.6275474652033302,0.5433897641256678
PRT,0.7752026821681635,0.6180041144068157,0.5166269717574029,0.40059606328724506,0.35818785848315254,0.3784600467001754,0.5769268950701548,0.5294083187921547,0.5239508831554606,0.5129392941755492,0.9254493030264731,0.4742540616075519,0.5134275961678142,0.5502245817695213,0.5921803035194243,0.6107377267695291,0.648721051738972,0.6842234397214291,0.5117851602126643,0.5068211582855447,0.6110655516125515,0.38857290601890593,0.4616199595012701,0.5081034183718458,0.663295253599074,0.3216433574732914,0.48398257820303914,0.47680774012787014,0.3762254885519811,0.40442698261761384,0.5162693488486293,0.6659833424105748,0.4585884256681569,0.43421490135598123,0.550573976606614,0.596746124781608,0.5423009756454967,0.6054367322846761,0.5448828044538185,0.38155037778832,0.6054439658182338,0.49345533579113343,0.7297166931858239,0.7904274324994283,0.5316632933684375,0.7596832158912857,0.5111704479374976,0.6737403032273424,0.5019972985489658,0.5588902839763601,0.5457644669791217,0.5610709389676838,0.7439451667534513,0.6188095396324959,0.7360267529109965,0.40289222986942036,0.5266126727992411,0.44857340218085123,0.5747658581204942,0.5461236338026261,0.5727694916848172,0.41351862175320353,0.0,0.5632710688103868,0.5545503162310677,0.5973193329145478,0.5269144908164073,0.6874715760223729,0.7774555676224576,0.44315543559355935,0.3887455633644992,0.4993390860809397,0.5551440721489239,0.5801022265511269,0.4209974547400799,0.5428737549020701,0.6912686713489521,0.4970614274812479,0.6263739092155096,0.5711248937640334
ROU,0.720749492279314,0.6783215262299727,0.48660431028754053,0.556841935312724,0.5469882231364426,0.5860730247725855,0.6105420365282663,0.48488938497290957,0.4607778821127236,0.5620238248924845,0.9240528105946018,0.6047034780387259,0.6452546755246702,0.6028547111425555,0.5391437239146549,0.6398873270059776,0.6336542926493018,0.6531330039112281,0.5476903933751314,0.6112127543284456,0.7164717351818025,0.5027381610108101,0.6204564814135554,0.6318634674863043,0.5855655206407788,0.5587892381558803,0.5702459688321384,0.6076813480367896,0.584944873289092,0.6012277486698279,0.6273387518393319,0.8042920400530669,0.5385796165657313,0.5224948216652722,0.5910552519200655,0.5842528678995162,0.6777696560920567,0.7112154130350469,0.6955285045229411,0.5600126726782043,0.6030274719054604,0.6125650462614565,0.7266859748323556,0.7130967820127956,0.620162559969255,0.6706628384031227,0.5189373309343769,0.7831777608899194,0.5823149038656193,0.5697470269682107,0.5984352433200606,0.6672818594672499,0.6373188699509889,0.6231084165455064,0.660049919837266,0.5981510192536792,0.640184780581612,0.5404900402088882,0.46235824283334104,0.5980039186224954,0.5354227719541113,0.5008992860652505,0.5632710688103868,0.0,0.5279500196222322,0.7024653930359783,0.5733066789373393,0.7829011797404631,0.8303233176936918,0.46594373847792114,0.5626726178154036,0.6210361990006832,0.5592817938485791,0.5916999020540216,0.4882317959297851,0.6374889882369738,0.5598213849998709,0.6437114305195314,0.5497730327006736,0.6197563831685975
RUS,0.7241147529443684,0.5625771917465828,0.5123757952216469,0.525208287180554,0.5157841082415653,0.5331419650535903,0.6571008369791517,0.5162222874361162,0.555416890302098,0.5158099832655919,0.885907305223665,0.5414139235900395,0.6189060138028825,0.6033586723198904,0.5822104087119077,0.648933038807835,0.6790154258667049,0.6907766120453239,0.589244907743446,0.6135279922929352,0.7109122516163309,0.5131604713726264,0.5595285118733102,0.58740210483908,0.5845976802797941,0.5402498318350845,0.5624107991338482,0.5796194783518454,0.5426096777083078,0.54311978707989,0.6035819639239429,0.7579766053847661,0.5316042228916406,0.5026682054468383,0.5814249788374322,0.575042613662727,0.6992056100781855,0.6644160531366924,0.6345973267891428,0.5343398510078163,0.5772088164660162,0.5710719095794963,0.653031082902743,0.7825138856196081,0.6129049666775377,0.73491637920594,0.5343263656993963,0.7292399231219803,0.5788953876661107,0.5878715482923622,0.5806608185978008,0.6676546235668048,0.7543643746666413,0.584236817436157,0.7492925524995244,0.5335751960171604,0.5562202860906713,0.5605012191264246,0.5622774019645633,0.5943946811480675,0.5867167202087343,0.4962213293022554,0.5545503162310677,0.5279500196222322,0.0,0.6541230116850173,0.6120035041576568,0.7200520189000773,0.8036897578657536,0.4722939896035034,0.5715202463400876,0.5720597370856867,0.5789581414339535,0.6222496882553981,0.5228999409244997,0.5993047544815971,0.6075357875651719,0.5771501910772088,0.6341625164092908,0.5717444174572394
SAU,0.7636859509694823,0.6650627300783204,0.60795550763173,0.5980078767999062,0.6332931368605828,0.6030658761690205,0.7039752333565461,0.6765541700843454,0.6908729474873376,0.6213565568239832,0.9019935890903473,0.6539626582096852,0.6785053878492235,0.7165601253647403,0.7047600774845633,0.7412689022653308,0.7037853815085372,0.7482719192042359,0.6150908019076928,0.6090062374808719,0.731648876017687,0.6592009874486834,0.6755963298826544,0.6479973902602748,0.6723884273934086,0.5969939976990688,0.6474096882285408,0.6663789414137926,0.6406127345689465,0.6142068516856259,0.6794525907344062,0.7126851804643026,0.6282136031300327,0.6476204387692986,0.6689981512788851,0.6813317884257533,0.716223639122432,0.7212278355424275,0.663018138207547,0.6200340800023714,0.6784475444962209,0.6674043929177257,0.6026847600214614,0.8375286028085117,0.7064158489076553,0.7976785194000654,0.6367689015818929,0.7834809322294197,0.6886064960648681,0.6942976701883121,0.6302988132257313,0.7416113973055458,0.7846836439069338,0.6403052640316899,0.777103056625167,0.5853881866339471,0.6269739052712747,0.6584425344159365,0.6945277454785296,0.6551173673656097,0.6816008481801225,0.6204153768874646,0.5973193329145478,0.7024653930359783,0.6541230116850173,0.0,0.6795544231252738,0.769391258754035,0.8105729008430101,0.6733252033457363,0.6529888985073475,0.706882929082267,0.6857460646446976,0.6978808864795011,0.654096976575261,0.682937331187349,0.7109637982310117,0.6580927107583944,0.6670329702124493,0.6743238013022436
SEN,0.7983093705040346,0.7347098650767947,0.5294715905060186,0.5613855717340948,0.5885916337685716,0.5475623047159386,0.6086406540964266,0.5819501071982769,0.5315066818287961,0.6124594253548263,0.9370594273318138,0.5971401891334699,0.6520115925374996,0.5684560453306131,0.6319243547138943,0.5825384103225493,0.5652292346002993,0.6550465234409043,0.5270399757139966,0.5160417557462842,0.6749881098962962,0.5617325407697719,0.6227241272188533,0.6044822057608401,0.6642852478598954,0.5407914829501806,0.5580793073492952,0.6122018200789188,0.5623553517782894,0.6060408238377416,0.5706163318263703,0.7859893479132102,0.5565438868956102,0.5290532126888147,0.5980144218644522,0.6532673361063749,0.6590813751252103,0.6532623044124285,0.632925087798927,0.5679862266620155,0.600363467028201,0.6328624996516109,0.7506511437054151,0.7405168534469154,0.6333266140736337,0.7439813806541938,0.5591485260941155,0.7782198910420896,0.5830411459816962,0.5336483371327185,0.6222997352399108,0.692249316049025,0.7104459985473891,0.6275632020922026,0.6642894896061746,0.5665949027631215,0.621305420043383,0.5492657627939674,0.6234165148294852,0.5561624819675051,0.5114764908430224,0.5317481464570452,0.5269144908164073,0.5733066789373393,0.6120035041576568,0.6795544231252738,0.0,0.7800705522431844,0.8135037871508326,0.5926080141881809,0.5828143928951447,0.6470538003661865,0.6090747031156433,0.560655286510423,0.5821925518696689,0.6599814879203908,0.6498953442958318,0.6327550018442691,0.6140284050572701,0.619745030276426
SGP,0.847507277216033,0.6628126318673199,0.7397842308338723,0.6897438230756511,0.6754795899801854,0.6320027397393558,0.7870925090576375,0.7395370669709945,0.7342506410227944,0.6758953722151547,0.8529638362478018,0.6958347843298999,0.6023354317790865,0.7262514477404448,0.72504969264492,0.789562734771365,0.8274705916105692,0.8725805193127033,0.7638860818728123,0.7105398960955459,0.6969164457778666,0.6988539812535279,0.6564843902657984,0.6458628463392919,0.7510839915893075,0.6877780050705251,0.7306377683499286,0.644999054283664,0.6580778109814318,0.6481206259673895,0.687667427141444,0.64041493345686,0.6922137999257958,0.6881199416322731,0.7379828583334297,0.7320098168057305,0.6535083435390475,0.7523188528558618,0.6157647680444875,0.6685335279306489,0.7777040425302107,0.6796779507176226,0.8422972114281084,0.9024849132395582,0.622034748938865,0.8852761782403138,0.7233944863599504,0.7526583129208213,0.7514759987634707,0.7866013536213983,0.6964160205032112,0.650583318875726,0.8630673433461574,0.7233215221193975,0.8701533443948486,0.6159156881710214,0.6555226952983905,0.7103322287914487,0.7609202667147661,0.781614833454408,0.747861047488271,0.7051598200343427,0.6874715760223729,0.7829011797404631,0.7200520189000773,0.769391258754035,0.7800705522431844,0.0,0.847891444620827,0.7291430467327108,0.715667562185617,0.6627354268974389,0.6957959979003182,0.7876696319202202,0.7319273677236505,0.5746319553743083,0.8024546662716606,0.6733006915156888,0.8031201747988124,0.752122210337891
STP,0.8765876287688095,0.8556849849685496,0.801800303777597,0.736992093300049,0.7754407368846108,0.7777511515454177,0.7807061826673215,0.7891353074054144,0.8150623354480352,0.7921970843331222,0.9427624352576497,0.7850545731819529,0.7980148356653611,0.8293278031762773,0.8637486832774175,0.8424880362558398,0.8146813965426065,0.825791002995049,0.787697614428631,0.7629667670167412,0.7372134549457683,0.7963236526150258,0.8006070640851376,0.7891749886946253,0.8589325610931485,0.790322225591696,0.7696118357080171,0.8117074855601778,0.7523869894054297,0.736794311906448,0.8044359626039482,0.7717526891243665,0.7655775251045519,0.7763276069374835,0.8407836819215404,0.8150631558970668,0.7797227143485597,0.7574414920986402,0.7950504498121302,0.7891247512975058,0.8075328379746762,0.8020625890040746,0.8323266497436528,0.8431938569759776,0.8394552982254171,0.8241821207749506,0.7539666148010284,0.6889761527783059,0.7410435963263001,0.8009766047712921,0.8566014809880876,0.7830668707824294,0.8552917871344191,0.7908208042388679,0.8327410302375133,0.7547236785273711,0.7915661406257226,0.7898101873080006,0.8032838619656532,0.8166689883973379,0.8095968743961109,0.7929464908602503,0.7774555676224576,0.8303233176936918,0.8036897578657536,0.8105729008430101,0.8135037871508326,0.847891444620827,0.0,0.7828945984253574,0.7835897355602037,0.8207971474313853,0.8207537544632467,0.7636850059008686,0.8055586712962065,0.8293936691202327,0.8472967652891106,0.7741879299491858,0.8453595193267831,0.7977273136612144
SVK,0.7698530574214091,0.6620653507171028,0.523698797638394,0.4946928589186682,0.4221128684824482,0.45496781458633584,0.6461991948366235,0.48738891122243966,0.5378624664132822,0.5237580125225014,0.9319028381275193,0.5313307490269608,0.549693606872054,0.5901276578469227,0.5761794126998162,0.6450186545446037,0.6931807299640433,0.7086266074307627,0.5745677579357811,0.5812718682488565,0.6874429146123792,0.37080252594240015,0.4840430043701976,0.5849931476254641,0.6539049644546955,0.445546423498967,0.5194160348477223,0.5237192472033141,0.46166929650390387,0.4869265433096797,0.6116877360455958,0.7194019556950787,0.5085908507878818,0.4444577081080774,0.610019679485591,0.5938614622199311,0.6253974286933425,0.6555752637698293,0.6352096167885327,0.45542742381686335,0.6134272445590551,0.5147447949766554,0.7272485764424556,0.7548390216371295,0.5699191867636659,0.7433707912141407,0.4868615245350035,0.7061406848251262,0.4872608164899636,0.5688214576173442,0.5741094523959969,0.6026253785321393,0.761959686230751,0.6189549323685986,0.7435908832771336,0.5083002022713102,0.6026290509742182,0.5194602611864912,0.5443365957567228,0.6217792424281248,0.5900792494156857,0.40118286825751936,0.44315543559355935,0.46594373847792114,0.4722939896035034,0.6733252033457363,0.5926080141881809,0.7291430467327108,0.7828945984253574,0.0,0.43804497383366703,0.5122196045990463,0.5727082619594952,0.6179912779837362,0.44258977518504683,0.5747786802889575,0.6176529527832255,0.5665928990019238,0.6521689908837425,0.5749392659842206
SVN,0.8032525835150752,0.6629098584836353,0.523106438698894,0.44707274658068763,0.39681949819497764,0.4030861962067828,0.6081443054492679,0.5317278863409609,0.5492408834770901,0.5319192023170772,0.941619923370813,0.4779019371497006,0.527963085150376,0.6034888050851503,0.554927644703427,0.6418010356080676,0.6917021398582317,0.7073311840301505,0.5651559385784061,0.5373419653889822,0.6560005961705716,0.3631543490076806,0.4302638842819248,0.5219716353054072,0.6890361012728655,0.37931774970527726,0.49285068873272764,0.4782438935507782,0.39773988850308556,0.42654840444736414,0.5626421376106728,0.6976430282793146,0.46911641865215564,0.43175139252699657,0.5903437647472288,0.6070389602836255,0.5565028184568195,0.6301730752495658,0.5711307151003944,0.3589116355650034,0.6314865184087358,0.4851036832961332,0.734825460758819,0.7862281886836302,0.5310478686919176,0.7832839830567279,0.5363658413348957,0.6780643765621054,0.5179956540762168,0.6023371448198296,0.5417604346488034,0.6008837090190473,0.7403433919596079,0.6512400370168167,0.7360132998846469,0.43224291800678916,0.555529860740098,0.49859723080180796,0.5973320248743441,0.5962849606545351,0.6279936550724678,0.3822901011617679,0.3887455633644992,0.5626726178154036,0.5715202463400876,0.6529888985073475,0.5828143928951447,0.715667562185617,0.7835897355602037,0.43804497383366703,0.0,0.4828602062823615,0.5957021264960003,0.5725155917300389,0.4617455488195127,0.5364819436047473,0.6731379350113764,0.4940011290879902,0.6582982855782364,0.5858314128375408
SWE,0.8200602334342086,0.6785785218796384,0.5738931389082784,0.500378846017848,0.3827878787551513,0.45293890048562263,0.6938329360083259,0.5830117067247561,0.6077013093868753,0.5642527344731125,0.9395562715369156,0.43882087901504785,0.509626980439991,0.5665465256654669,0.5919857421869182,0.6539238761758642,0.7236574758864399,0.7388827297233196,0.6220485138300114,0.6026835734936002,0.6933219666087516,0.42247392360136543,0.39444204147901696,0.49434098391198333,0.717227992108618,0.4999935012098394,0.5048011173888544,0.40491294221464613,0.4370873772249394,0.4661872263445615,0.5661081169164303,0.6951342679849379,0.5671021675773007,0.44774534356909806,0.6512078365585121,0.6546430602161921,0.5990517512805585,0.6734555872257826,0.5319563595410468,0.44802043881234066,0.6802195176159213,0.47112954912143473,0.7552730054079853,0.8101717219127739,0.502582629840546,0.8174761776754975,0.5984565550073574,0.6922502916654857,0.5590781610515987,0.6427006522215415,0.5617168639298532,0.6186307494273955,0.7856327095152293,0.6598856111709862,0.7905819055514846,0.4666950096918906,0.5107189109506229,0.5095054322574007,0.6243805540702434,0.6400673311516145,0.6575530451623761,0.4820042697635277,0.4993390860809397,0.6210361990006832,0.5720597370856867,0.706882929082267,0.6470538003661865,0.6627354268974389,0.8207971474313853,0.5122196045990463,0.4828602062823615,0.0,0.6381556547961234,0.6535946611242883,0.5601568817552274,0.5307803940701503,0.6877475325846074,0.45214246014843346,0.7238172090597282,0.5887214929651217
THA,0.7443298828063548,0.6641138588681375,0.5258882531948176,0.6254196709438765,0.5733224256070254,0.5994181642325973,0.6464314420319534,0.5664163294565063,0.4757097651642248,0.5189459207848806,0.9095209423167403,0.5968302697779262,0.6437959431302788,0.6348419061242474,0.4962351222855659,0.6332633666349968,0.6361335720995859,0.6950662503068648,0.5576082056515208,0.5693747861955124,0.7053410279737866,0.5739408629675667,0.6029334458554378,0.6068571299160131,0.6009842272379242,0.541362498738675,0.6244826826211205,0.6083746901237596,0.5824316346188383,0.6226785354691554,0.6309139279873499,0.7459658323402018,0.5666698560633276,0.5156945051419978,0.4734116505059234,0.583925847655881,0.6659403136769173,0.7066710721451787,0.6625831666401271,0.5561796424529052,0.6016904192328121,0.5359840685670668,0.7718980423081654,0.7811297214454237,0.5070387289574878,0.7336438599435801,0.5753712390438372,0.7815374340517873,0.6730388511317276,0.5555922047072456,0.5335318229971162,0.6078839439679647,0.699683406631801,0.5707799771091017,0.7363876996530728,0.6150950752803958,0.6536333988519153,0.6239004370560214,0.5659418459456055,0.5806711825532131,0.5205949445938638,0.5644068403134568,0.5551440721489239,0.5592817938485791,0.5789581414339535,0.6857460646446976,0.6090747031156433,0.6957959979003182,0.8207537544632467,0.5727082619594952,0.5957021264960003,0.6381556547961234,0.0,0.5739191994866677,0.5270092801598604,0.49994716487621865,0.6495793822301724,0.6348013255817221,0.5318408826302938,0.6443546720948017
TUN,0.7446657277056697,0.6966781097944901,0.5416650821638377,0.5932880278060968,0.6040251600534459,0.6064977729555515,0.5743415112323355,0.5683764771627962,0.5304525086528983,0.569296535763318,0.9144609013706704,0.606441743593358,0.6691660974718789,0.65466845866639,0.5731487782116419,0.6299195598060123,0.5725102284546226,0.6336763758120957,0.5860157064383474,0.5885719852500155,0.6756531630564095,0.5946962462634918,0.6308353707268527,0.6173904015675914,0.6418669680816514,0.5765088908525227,0.5914036855672311,0.6199143525244204,0.5998885770822059,0.6205430592252463,0.6294507588210144,0.7867223275287062,0.5729789567522565,0.5425645603046653,0.5718638626761874,0.6071466583628823,0.6884547004156993,0.6764804414464365,0.6856801910830724,0.5697378050211516,0.6219543422731678,0.6311756587415456,0.7232681687215314,0.7291724695885148,0.6222685689002799,0.7017920571342358,0.5900526655763749,0.7683520977044784,0.6214788614158432,0.5535722518102729,0.6293733513496385,0.6668360276921879,0.6547968699964244,0.6315836000312945,0.7229918670290808,0.6227603955798205,0.640857524055693,0.6088238230848504,0.5841086163686676,0.6017092713979317,0.5576340639038099,0.5747106808022324,0.5801022265511269,0.5916999020540216,0.6222496882553981,0.6978808864795011,0.560655286510423,0.7876696319202202,0.7636850059008686,0.6179912779837362,0.5725155917300389,0.6535946611242883,0.5739191994866677,0.0,0.555013089716621,0.6431429338178213,0.6344294500818547,0.6423689468794919,0.5774774286989408,0.6316282903762082
TUR,0.7540711160432889,0.6383175182374125,0.4814976668913672,0.4836945525213936,0.44907992878256386,0.48059015957296597,0.5673963879005465,0.49260336331515453,0.48579700619565536,0.4926698008674777,0.916703269796063,0.5365373700853688,0.5900944139086135,0.5939813024171089,0.5089422652382792,0.6302759424899905,0.6456081917017337,0.6559114014274778,0.5223111058788227,0.5425975114244588,0.6569618377617813,0.4347983389059701,0.532295942278156,0.5655590436405259,0.5855143608143075,0.41806110896445137,0.54610229030677,0.5413048131689645,0.48728808947311997,0.5066801806901974,0.5633831157800395,0.751367961128843,0.5214584469695397,0.47144221657432805,0.5258028631982821,0.5350691771038771,0.635032553711545,0.6399784080967784,0.6298097675877009,0.44140797117545566,0.6053910579955243,0.5165705847530079,0.7258646400401394,0.7349801566139773,0.5383867040411319,0.7428728177012737,0.5421605806557681,0.7161902577654727,0.5462429105870231,0.5231589483139222,0.5443273852585847,0.6133673874013477,0.7065067100708355,0.6368116634969437,0.7392081810119191,0.530107655131634,0.5968673507428726,0.5176340039640648,0.5305790164119442,0.5692410891862197,0.5815307599319104,0.46225946274340624,0.4209974547400799,0.4882317959297851,0.5228999409244997,0.654096976575261,0.5821925518696689,0.7319273677236505,0.8055586712962065,0.44258977518504683,0.4617455488195127,0.5601568817552274,0.5270092801598604,0.555013089716621,0.0,0.5619149931564645,0.6264394090824802,0.589455034679819,0.5877928885187871,0.5711710695852352
TWN,0.8143287769791074,0.6708833548097869,0.5761922217372769,0.5968779789850037,0.5113117813938878,0.5292014152585337,0.6749738806009729,0.6147482058427889,0.5818799180000455,0.5416293451674774,0.9323601538386632,0.5401700014743047,0.5626810478682021,0.6393437136585275,0.48651939776865116,0.6880445060190932,0.7480944064747916,0.7692679307153377,0.6080299071510785,0.5935042518116739,0.7179588043447652,0.5359690591897415,0.5009543661761338,0.5694972496344505,0.6733010811481074,0.5343374342593542,0.6273075916997501,0.4940609775598492,0.5279436710970844,0.5537478469736234,0.6137032701520453,0.6490831862693425,0.5925374723667739,0.5089097521069726,0.5878892038789103,0.6216112211061363,0.6278781267870112,0.6967415815730469,0.5502229626088979,0.4996371095747319,0.6502536787053065,0.45563396785178445,0.7846074225579619,0.7902008145502663,0.36597069851036296,0.813764948693918,0.6246927867944795,0.7062513707070045,0.6789341006619272,0.635600472628734,0.5147830080556353,0.5764490471113978,0.7783260311556903,0.6234984846460754,0.7998593206867148,0.5218256258827606,0.6066326024731691,0.6198944684364094,0.6405192386706481,0.6413147539413206,0.6283584932352592,0.5637912782069754,0.5428737549020701,0.6374889882369738,0.5993047544815971,0.682937331187349,0.6599814879203908,0.5746319553743083,0.8293936691202327,0.5747786802889575,0.5364819436047473,0.5307803940701503,0.49994716487621865,0.6431429338178213,0.5619149931564645,0.0,0.6721804892634416,0.5266495337699029,0.6550900474038788,0.6116267130641333
UKR,0.7652637940096603,0.7367615195068784,0.5602063676514696,0.6543414553904152,0.6713360740449676,0.6651652692968179,0.6692511659291674,0.5735777797586824,0.546468543818373,0.6381186536070583,0.9284354858609981,0.6614777772684749,0.7326815947494707,0.6972594374144008,0.5989635150751805,0.6969706813171873,0.6866981414928028,0.6637560975044731,0.6638423654869549,0.668248260235747,0.7578805618807789,0.6314080100731518,0.6969093300707836,0.690068716776258,0.6572662033715393,0.6685627798499343,0.6736444497281283,0.6738818409200669,0.669774607229767,0.7060601590930741,0.7018180313879886,0.8286440573751295,0.63963374813776,0.6023971135541625,0.6504234032995362,0.6406277419459371,0.7630297361125198,0.7668661345608468,0.7368970128902591,0.6695138402742973,0.6578223791812791,0.6740686324337981,0.7083362388900752,0.6512955073787303,0.6857191319843348,0.7074084735911289,0.6203941009731468,0.8173106666942045,0.6772765068673225,0.6040298324778564,0.6595749768166435,0.788685119842524,0.6254109374045059,0.6481087229698643,0.6968515913024175,0.6758548832362716,0.7156649823250837,0.6629214163622867,0.5737285099185137,0.6731463225190859,0.6138901261938671,0.5987841896607506,0.6912686713489521,0.5598213849998709,0.6075357875651719,0.7109637982310117,0.6498953442958318,0.8024546662716606,0.8472967652891106,0.6176529527832255,0.6731379350113764,0.6877475325846074,0.6495793822301724,0.6344294500818547,0.6264394090824802,0.6721804892634416,0.0,0.7126421766063858,0.6213373457718068,0.6699768468289806
USA,0.798934958310194,0.6603940474185134,0.549363979874553,0.4671842604989744,0.4201500291115374,0.45432793665464777,0.6867826691302964,0.6243057969236299,0.625923819985593,0.5352579301448109,0.9210694883897116,0.3958078575530302,0.525268223465885,0.5830646973014164,0.6135651586945021,0.6743148222580354,0.7050087699123848,0.7364296948290713,0.5567983720589872,0.5716380520737289,0.7069712870710642,0.48602785657184217,0.3983525593105036,0.48892918553695736,0.7044745663135382,0.5217374308854767,0.5658206117087372,0.4838800423260316,0.40172753666355837,0.39605814352091595,0.5568806844192357,0.663161801646659,0.5667839609783474,0.4651616894263448,0.6510431540356993,0.650656411341456,0.5731452950291206,0.6239883437184129,0.4620436070902057,0.4489808246916398,0.6522831987429046,0.5001654583836691,0.7157380844237109,0.8392224266839344,0.5251053972994109,0.8178496331982277,0.5961198998744999,0.638287820394917,0.6243967926649399,0.6504135819615756,0.5474582394934243,0.6420915517839763,0.7940452903316929,0.6414726567531948,0.7434588321010485,0.4045589224836915,0.5173732808245769,0.5007206979221255,0.6305267951657657,0.5958117391640934,0.6655588549861612,0.5115524028237454,0.4970614274812479,0.6437114305195314,0.5771501910772088,0.6580927107583944,0.6327550018442691,0.6733006915156888,0.7741879299491858,0.5665928990019238,0.4940011290879902,0.45214246014843346,0.6348013255817221,0.6423689468794919,0.589455034679819,0.5266495337699029,0.7126421766063858,0.0,0.714069146893983,0.549392046834847
VNM,0.6992126000002524,0.7077614691648507,0.5383268155940327,0.6576814731179855,0.6712979265356486,0.6804561191687432,0.5172999867281765,0.5929438223320199,0.49710729507965284,0.6097559076695024,0.9106837620259124,0.6726593561358221,0.7232008749723524,0.6739048487940612,0.5627162166566116,0.667775572545589,0.6295905079005385,0.6916658924986615,0.5698043695735726,0.6180674859739153,0.7286140024971406,0.6471770717686219,0.7147455997774502,0.676396436774696,0.6075591925742403,0.6446652555552463,0.6432583509186787,0.6854489309103949,0.6816812837104402,0.6892758858699363,0.6674044842938177,0.8265656324244469,0.6015161142521609,0.6134817148231151,0.573652552699992,0.6082879055254362,0.7275473318547422,0.7064939669092813,0.7457218869654549,0.6414542222907353,0.637509620438572,0.6772967275870838,0.7181921750931566,0.7134056793052229,0.6558633792401339,0.6488282353968382,0.6097862390993088,0.8238915159399661,0.6927835918830556,0.5838892308861147,0.6344477830831614,0.6964436748259684,0.565891264028242,0.6246520424699299,0.7000151213315458,0.6767949900226851,0.6950864797048191,0.6260178628061812,0.5102691085623006,0.6271977212853882,0.5370847511812994,0.6275474652033302,0.6263739092155096,0.5497730327006736,0.6341625164092908,0.6670329702124493,0.6140284050572701,0.8031201747988124,0.8453595193267831,0.6521689908837425,0.6582982855782364,0.7238172090597282,0.5318408826302938,0.5774774286989408,0.5877928885187871,0.6550900474038788,0.6213373457718068,0.714069146893983,0.0,0.7075198014675108
ZAF,0.7827575497634365,0.6621274208270175,0.5640909102815069,0.5394935298272909,0.5525293943008928,0.5589836112792126,0.7167585876001198,0.5986011409880418,0.6191624743469526,0.5415088222800476,0.8789933727429415,0.5382243063842391,0.6600968438912515,0.6088893466474777,0.6012631902172278,0.6637200666876685,0.6922606511676238,0.7309584098993138,0.581841273750405,0.6114900837098188,0.73378590708578,0.5469728239368747,0.5680971168990209,0.6125027831646132,0.6693314283747012,0.5710743005760447,0.6282909068330281,0.5876236674896262,0.5534308096102161,0.5804246833284751,0.637571617875355,0.7604472313008332,0.5977173891150741,0.5247134705926194,0.6232826037727939,0.6200452258897134,0.699148543498006,0.693474764824717,0.6216006116501015,0.5670185113861281,0.6195199644150132,0.5947737258753943,0.7114335649866294,0.8067534824625293,0.6178611186519882,0.7727090017581637,0.5890401349270069,0.7414978723535051,0.6619659866661417,0.6032717969516702,0.6202374621144964,0.7082532269731373,0.7762578109281285,0.6395910950179985,0.771684246379182,0.5595421387298257,0.6195774748890974,0.5806191790109918,0.6502591042942226,0.5968475312026241,0.629712105060035,0.5433897641256678,0.5711248937640334,0.6197563831685975,0.5717444174572394,0.6743238013022436,0.619745030276426,0.752122210337891,0.7977273136612144,0.5749392659842206,0.5858314128375408,0.5887214929651217,0.6443546720948017,0.6316282903762082,0.5711710695852352,0.6116267130641333,0.6699768468289806,0.549392046834847,0.7075198014675108,0.0
