,AGO,ARE,ARG,AUS,AUT,BEL,BGD,BGR,BLR,BRA,BRN,CAN,CHE,CHL,CHN,CIV,CMR,COD,COL,CRI,CYP,CZE,DEU,DNK,EGY,ESP,EST,FIN,FRA,GBR,GRC,HKG,HRV,HUN,IDN,IND,IRL,ISL,ISR,ITA,JOR,JPN,KAZ,KHM,KOR,LAO,LTU,LUX,LVA,MAR,MEX,MLT,MMR,MYS,NGA,NLD,NOR,NZL,PAK,PER,PHL,POL,PRT,ROU,RUS,SAU,SEN,SGP,STP,SVK,SVN,SWE,THA,TUN,TUR,TWN,UKR,USA,VNM,ZAF
AGO,0.0,0.5992063974725903,0.7513261729781335,0.756981911162198,0.7737346162889106,0.7928530019084779,0.8042513704668154,0.8388334589697011,0.7791226236046794,0.743701394752871,0.8641319259910203,0.799636482686904,0.7918453472698284,0.7777656727305114,0.800934408299366,0.8146571219903912,0.7915498356794901,0.7788482502396659,0.7648538239034354,0.806557669829823,0.8466701733538748,0.7713606851874015,0.7971767652034075,0.7927591035436194,0.7697210188241188,0.7817054759066441,0.7833060798769385,0.8136736932415483,0.7728343341779098,0.7589271268276615,0.790696246153701,0.8627591652351226,0.7692078943724048,0.7811006291127136,0.7591198900382671,0.7870277264470998,0.8102560775520502,0.8252576154193667,0.8201349840991453,0.7805469802226052,0.7937042973922791,0.8210455505951655,0.760113039624809,0.8936467015262571,0.8363679502769237,0.7835645784337248,0.7672770513655739,0.8556613077334334,0.829930732164493,0.779473542710868,0.7789854258782634,0.8370327984731467,0.824589668256858,0.7619988351322353,0.831873625624814,0.7629920658992991,0.7723119081797314,0.7754383430038806,0.7390586747555525,0.7880234397382984,0.7758328990668214,0.7825811666295875,0.7601927802714505,0.7512126378445101,0.7480302450325389,0.7552274223608156,0.8135201070605991,0.8591637199527372,0.8984707100559453,0.7710873219033353,0.795412111757187,0.8239116910682146,0.767492060724714,0.7872698944712907,0.7875116176206693,0.8134488086582751,0.806870947220559,0.790365981679936,0.7630509553113303,0.8042646518656082
ARE,0.5992063974725903,0.0,0.6562074781067169,0.5702203789808463,0.5990556011808379,0.5972962056281811,0.722688699708295,0.7507316440561118,0.6051515667839754,0.579503968252776,0.7562606476795939,0.6339833965453544,0.6687693912442434,0.6643333776952195,0.6593789208373415,0.705198607479358,0.7050826346517406,0.7094095643330629,0.6723563198376062,0.6960053204827034,0.7401383790613832,0.5907666378541336,0.610205413508862,0.6236818302488726,0.626589512320733,0.5898442123900693,0.6730058523352584,0.6420293690652357,0.592736482573504,0.5787751158129196,0.652738139360376,0.7389887942414654,0.6081783301096174,0.6401064731698879,0.607902833333124,0.6090064115594342,0.6751876091402021,0.7058599719648105,0.6469177711090507,0.5956876087139275,0.6290779283654021,0.6528801063983477,0.711645144725466,0.8872555249517127,0.6779567318517545,0.777105928081346,0.6947507375221198,0.7149072684313477,0.7312124196082647,0.6433320960204036,0.6430052334082075,0.7369695822637246,0.7829818581348514,0.6259775263597542,0.8129387649566421,0.5810260148873083,0.5760065465157624,0.6193398312145497,0.690510037859271,0.6472114257026608,0.66087400365022,0.628453248561994,0.6009478187363605,0.6524409488254088,0.5843381264182476,0.6359844886588804,0.7168446541113774,0.6687928050383656,0.8453352929668586,0.6425448728084371,0.643994448672694,0.650646604008445,0.6422216544098921,0.6895263223097953,0.6561233390673659,0.6534871582429721,0.7203641972866859,0.6182682072672295,0.6993039739345941,0.6497597029798239
ARG,0.7513261729781335,0.6562074781067169,0.0,0.5530283345709154,0.5688722626761441,0.5639557973062358,0.636381769268301,0.7230197807851029,0.539418142396749,0.48655775832608644,0.9088380962121321,0.5883384283105718,0.6320991317590968,0.6177306193492375,0.5560292031205718,0.6121547512484105,0.6138052426375333,0.6388560823558205,0.5331091438061986,0.5806186420435226,0.7440382516346321,0.546008460977264,0.5923370772932159,0.5716190234603867,0.5585892162959593,0.5125175881247432,0.5968783634440168,0.5795212684769279,0.5590923494295412,0.5614531836764406,0.5647880733626547,0.8157311696717306,0.5601241844185597,0.48194784669339985,0.5570221842017721,0.5914970691059147,0.6648128224187052,0.7216461035931332,0.6450488415509109,0.5395120035483189,0.591212198677516,0.5848397934392576,0.7039216968931931,0.7870499644681439,0.5839350861625667,0.7279893792007531,0.5775275431434349,0.7304056401016034,0.6640726131057071,0.5358434180253511,0.5076138500367815,0.7170592019025094,0.6761104459786704,0.5862353666192615,0.7252747152453988,0.5747601313087594,0.6133383740277462,0.5669622804970347,0.5379787623865012,0.5673074265941053,0.5746091486964041,0.5411131642204182,0.5587967163358334,0.5253247347241687,0.5656529003160439,0.635746212012729,0.5655164403214077,0.7563439747883969,0.8347817882061251,0.5708151238701544,0.5921083633822742,0.5999604285275065,0.5498942588710145,0.5880952898649792,0.5435457368968392,0.5712901394269916,0.5856630902497113,0.5642445174783755,0.5797450114491816,0.6089743371032739
AUS,0.756981911162198,0.5702203789808463,0.5530283345709154,0.0,0.4450754010266088,0.461236843936868,0.5836838536739554,0.6691048401044102,0.5358157550201631,0.5540140916399211,0.9139546765652656,0.546652322154331,0.5440601943049389,0.5795317285034102,0.6093280714264702,0.6272630245202029,0.6250638148779382,0.6344372175588078,0.5699109069819717,0.5624303439586609,0.6662927748437377,0.4417903302685742,0.5080240334519605,0.4852632186734436,0.6642470352367452,0.43266999326893124,0.546484183019082,0.5223040699806925,0.42833083522958226,0.41320569073620894,0.5015126413625229,0.6889241029041641,0.5133489173044915,0.4890591033036075,0.5711747999443726,0.5900417345972314,0.5516453535785618,0.6039393597542386,0.5810696675780574,0.4494315486724863,0.6038423834906967,0.5343564234593332,0.664726550011166,0.8104666037329615,0.5925544673735754,0.7344092806064554,0.5792731388483428,0.6115541955481247,0.5853414821001521,0.5758111419077253,0.5593065964961407,0.6831051733717789,0.6893942577358435,0.6128877541056156,0.7087881788229932,0.4250769226669622,0.48550518476176246,0.44813620452001757,0.5640110973999769,0.5706458743525022,0.5904742017752772,0.46328011590897233,0.43078658653944896,0.5570066209271393,0.5580122622832885,0.5975302719524398,0.5525448879782996,0.7125482896887597,0.7649864226199944,0.5068804683641044,0.4733244790087669,0.5166536481971574,0.6165199517688067,0.5985690312395568,0.5517069456811928,0.5753945962390774,0.6394902177701172,0.4931417063301967,0.6508245879339661,0.572146137302815
AUT,0.7737346162889106,0.5990556011808379,0.5688722626761441,0.4450754010266088,0.0,0.40232934671486975,0.6290517395737609,0.6452421059445007,0.5310819532946881,0.528902917650465,0.9278909869607528,0.48652192612859363,0.4672401022779226,0.5642394838814554,0.5696734196585254,0.6292915426498871,0.6723121234681401,0.7097726181863827,0.5749642415681704,0.5506427779091634,0.6641746286029934,0.3672328409042354,0.3834442752400538,0.412557181736981,0.6609555563542386,0.37907802532548035,0.5700421360160902,0.4432634163755572,0.3671998778067898,0.3873848980897863,0.45101983247574623,0.6574307577006641,0.5282995729870137,0.43724478139289946,0.5683760878160042,0.6074782748105808,0.5881402558055355,0.6342166318842964,0.5253415073858583,0.3745627281871433,0.627666932761294,0.44417220741971136,0.7364181169221597,0.8377613246972202,0.4973779389133932,0.7580399278876007,0.5896271014701873,0.5635909185089527,0.6095544885650273,0.5754360265429823,0.5238176266887119,0.6557861222400746,0.7579009039893598,0.6176313969553767,0.7578999306940706,0.4181661790695745,0.4811586974550696,0.4546483004408009,0.5869016653769148,0.6251508746982922,0.6001508726217746,0.4895014285807311,0.40027848693261875,0.5680896764994964,0.5594405888917084,0.634622107785149,0.5933713259067678,0.6849059681821684,0.7812116877059817,0.4519235572616217,0.42764767569104356,0.42229778726710576,0.5668694273110583,0.6069503259270752,0.503147579430925,0.4878259521518588,0.6684014967554154,0.42336625718236714,0.6693094650421599,0.5629834748150748
BEL,0.7928530019084779,0.5972962056281811,0.5639557973062358,0.461236843936868,0.40232934671486975,0.0,0.6276746582621962,0.6856964834855854,0.5334262726364326,0.5178787152578933,0.9225193578537062,0.5391659558087549,0.5350790376490244,0.5802552670269203,0.5850570922020727,0.6241962472199438,0.6733163779263831,0.7094751003892212,0.5980488813357488,0.5386628776364425,0.6512800073999583,0.40875071704721844,0.41189805753435144,0.47197673681995,0.6532836203650371,0.3850728452100084,0.5682109935870873,0.5093376751972365,0.371440973842495,0.40560999766039274,0.5089794006695805,0.6888844267938788,0.526328794089053,0.45757962766430227,0.5978692992951229,0.6128169661123593,0.6181014978998778,0.6581007300206612,0.5358359123310441,0.3707957786115216,0.6431238404406049,0.49461548724566345,0.7302199619001931,0.8452592254557209,0.5186817169855201,0.7962691841731943,0.6028330100694683,0.6010504060263063,0.597454635536909,0.5672789627505811,0.533149582141015,0.6700066204494629,0.7660203873979509,0.6266832761541533,0.7502430370391718,0.38513562888724795,0.511910517757242,0.49518618874985204,0.6269805820093003,0.6150046309870422,0.612082430037568,0.49631526600475195,0.4068377893738878,0.6007351620214678,0.567279535982448,0.6325944548541669,0.5541882904311499,0.6647806224692895,0.7892479237105668,0.4711416978864053,0.4379585641612795,0.4751027677076807,0.598244366050608,0.6252606714606993,0.5307790983175128,0.5174061885977338,0.6598142742944738,0.47093695921006284,0.6756308667244982,0.5833586829370679
BGD,0.8042513704668154,0.722688699708295,0.636381769268301,0.5836838536739554,0.6290517395737609,0.6276746582621962,0.0,0.7316237151394855,0.5868921268601168,0.670645486366522,0.9399964631411478,0.6872644700179242,0.7012404964948482,0.6844241536963868,0.6620802737548674,0.6602874971418771,0.633185946883929,0.6764290933727276,0.6491738554934507,0.5925835151546379,0.6880624368552247,0.6036827890926668,0.6749444206111878,0.6077877636686871,0.7029803249299482,0.6050576558091594,0.5974481719945927,0.681920745646102,0.6163095654490219,0.623969343173338,0.584573999197099,0.7771422392862816,0.6076738155822834,0.5999094926411288,0.6710190346934857,0.6496399763585445,0.6442706863381388,0.657142409387984,0.702283432052309,0.5801898259534524,0.6647973051311803,0.6782931257435268,0.7457411609136814,0.6938876654833823,0.6355776170916861,0.702600916047019,0.6218908467818954,0.6936060527672182,0.6411062219002198,0.6410651817883265,0.6686397933143496,0.7198741958761188,0.5986226604678656,0.713956514055693,0.7019495383805122,0.6258646767964614,0.6372134341439025,0.5857078586036091,0.5642740326678276,0.682283139286685,0.6210383881487488,0.576914926932645,0.5708673801135066,0.6288042868884655,0.6813084855213826,0.7097969624268823,0.5853375223174894,0.798069260960054,0.7878059089474612,0.6393422249972425,0.6169112283748944,0.6867123394836879,0.6631752560929405,0.5688332958446641,0.6156532958011868,0.6530020770422035,0.6805633191144366,0.6833030337077738,0.5705027604366805,0.7408950007974657
BGR,0.8388334589697011,0.7507316440561118,0.7230197807851029,0.6691048401044102,0.6452421059445007,0.6856964834855854,0.7316237151394855,0.0,0.6860296200734842,0.7422164365725933,0.93790427169171,0.696968584985607,0.7152091670037057,0.6800114580038414,0.7436817529220415,0.7206714490100312,0.7466594880793204,0.7606903770627162,0.7228253135095692,0.7316109594666799,0.7890607889530498,0.6399041800724939,0.6394337092362735,0.6569176808139997,0.7744443041898329,0.6981390709233468,0.7372410810508427,0.6724247327288347,0.6459016042416451,0.6810949621312231,0.645841205237543,0.8003323459273229,0.7279779945448925,0.6486801362213647,0.7622186610640191,0.7395104606109258,0.7576578861007511,0.7843678101911877,0.6946958531229818,0.6829781435642647,0.7526942353178573,0.718240760275794,0.8092444208078045,0.8440517801809821,0.7124891151366822,0.8102983145311933,0.7343993324873263,0.7723441472086092,0.7327572244139048,0.7278816672723222,0.6914619594490178,0.8148581392662646,0.7816411428791161,0.7675166062394329,0.8234087051253415,0.6596314175870389,0.6877542510076635,0.6564181954796338,0.7079981656270251,0.7401395992239344,0.7371203563327885,0.6778956766056036,0.7084583341466489,0.6865593451841587,0.703029977732203,0.8068525043236233,0.6933136236168834,0.8006652212012011,0.8646720893811989,0.7046812946291428,0.6827832980597843,0.6502352104472735,0.7570080279338183,0.747412866330435,0.7017435554559539,0.7167817001837679,0.738030656141531,0.6353992397354881,0.7783030167297166,0.6999709171372296
BLR,0.7791226236046794,0.6051515667839754,0.539418142396749,0.5358157550201631,0.5310819532946881,0.5334262726364326,0.5868921268601168,0.6860296200734842,0.0,0.5161921987727703,0.8795834030500356,0.5977449535615835,0.6360744384083128,0.645468377242181,0.5147195299331982,0.5621028240422694,0.6204090337440079,0.6454805089118355,0.5920022369984042,0.554074235168482,0.6941444859241196,0.48670096689383413,0.5732055483707627,0.5358200469222802,0.5993087583132306,0.4724588902006318,0.5524219282247463,0.5409006382616577,0.5259892983032753,0.5719608975592564,0.5398855306540425,0.7889403298987774,0.4857735832110125,0.403796387737672,0.5542956615447329,0.555002618909295,0.6338568965530011,0.6886597166219983,0.6695468297507376,0.5050702559464895,0.5690753562643417,0.5672996286563033,0.7787229724339089,0.7647443467684517,0.5527806638815151,0.7006521192958055,0.4715555598973601,0.692556138444017,0.6172115274991684,0.5100973531635821,0.5720893311995485,0.6789052656910499,0.5887935206574042,0.6273523447851439,0.6837501302483174,0.5479316755723364,0.56717585470128,0.5297008504290365,0.47870928271417074,0.642819724829331,0.5105916208357273,0.4617843903605933,0.5151862576670134,0.4579335785657134,0.5868369233375283,0.7247353994270033,0.538837936373137,0.7092951031546074,0.8372822254246665,0.5008804099481932,0.5487252214923233,0.5999833847389955,0.5148834220174141,0.5247253549268602,0.5365935536812605,0.5370617917004467,0.5916601863130252,0.6057667867465004,0.5556618018222321,0.6274051100357286
BRA,0.743701394752871,0.579503968252776,0.48655775832608644,0.5540140916399211,0.528902917650465,0.5178787152578933,0.670645486366522,0.7422164365725933,0.5161921987727703,0.0,0.8402549717301839,0.5773177326765558,0.597995368973916,0.6000691542368909,0.5558597883794788,0.6146007365253665,0.6564277272359256,0.7190169517025412,0.5646038943108265,0.6021003623471326,0.7466811371101909,0.5383502796965642,0.5371184022350647,0.5568829745078443,0.5801424401771977,0.5105424851333128,0.651074877951402,0.5701612954518301,0.5194312191555862,0.5139591588790402,0.5825619450813231,0.760543176609565,0.5794648063129914,0.5001034454085627,0.5420236119162872,0.563385462997427,0.6629931459602648,0.7093839175691388,0.5968504490551348,0.5046316312970468,0.6132145728720412,0.5471074666108666,0.7204872168239104,0.8397867014275705,0.5597096642563314,0.7617322131893645,0.5910465841636151,0.6940869332160863,0.702610724602334,0.5564037110142538,0.5384042674006528,0.7116256473863454,0.7247224305873579,0.587930548481636,0.7490520951812877,0.548570875835595,0.5896898591892414,0.563846942836057,0.562992991418919,0.5911282609487293,0.5914528690370305,0.551122474017949,0.5309228235255808,0.5737586177608665,0.5644307324690516,0.6400453349092184,0.6367925376590134,0.6680069155354909,0.8306426876642825,0.559853224505536,0.5765728689497553,0.5761877714325935,0.5349418784361334,0.6053254478752134,0.551149441032224,0.5355052648449358,0.6419587472441491,0.5241915112804715,0.6374551884146286,0.5587267959576596
BRN,0.8641319259910203,0.7562606476795939,0.9088380962121321,0.9139546765652656,0.9278909869607528,0.9225193578537062,0.9399964631411478,0.93790427169171,0.8795834030500356,0.8402549717301839,0.0,0.9183701529374216,0.938163502716922,0.9085542312032027,0.9147106967185618,0.8953246165956005,0.8747861864857599,0.9318932626647886,0.9010252209794517,0.9296033825428605,0.9331820406946697,0.9174311520083916,0.9234125659661345,0.9196861750865882,0.830673260386907,0.930435032213466,0.9361681212750971,0.9282968191394635,0.9259832689602004,0.9212997646947748,0.920323847161934,0.9478402769217248,0.8957033664082222,0.9261797201683523,0.8667809033140667,0.8626695388529628,0.945384421388648,0.9470273899766547,0.9126851089799068,0.9200785401818847,0.8765528548377138,0.9331035671827826,0.879866549870091,0.9654439301112734,0.9445180019290165,0.9044329581219267,0.903111196196415,0.9475567024269088,0.9509423940983117,0.911625384626251,0.9178096554755694,0.9592266359310854,0.926358121977376,0.8514913061082325,0.9408284722443722,0.9194515898199034,0.9013247791160409,0.9193416919976715,0.9131495655364602,0.8742969207074112,0.9015517174365629,0.9152191829664632,0.9288647854876576,0.9049167644261585,0.8745669973394975,0.8754531273222093,0.9451948129876219,0.8597624495334916,0.9453701084132655,0.9289346271202441,0.9385395547979457,0.9389707334483185,0.8909253303711626,0.9139719743485099,0.9217031633300119,0.9276107171897,0.9179470882739433,0.9178281814265815,0.8996931298149162,0.8695873382309599
CAN,0.799636482686904,0.6339833965453544,0.5883384283105718,0.546652322154331,0.48652192612859363,0.5391659558087549,0.6872644700179242,0.696968584985607,0.5977449535615835,0.5773177326765558,0.9183701529374216,0.0,0.6163414179624161,0.6250508174762985,0.6160187977610907,0.6618559971430661,0.695873027030693,0.711239756571095,0.6345001273880219,0.6358448429923708,0.7181581718713229,0.5276960160124897,0.5129098576644628,0.5242928736253141,0.7072926901182828,0.5104355382545854,0.6214658533466448,0.5096467087332163,0.5017449392418668,0.5109339090945825,0.567104903160707,0.7216801355820146,0.6180706710665997,0.5408932301000865,0.6077565124041607,0.6553119792050547,0.657390413629905,0.7059588159271728,0.5998570131019212,0.5311350350441602,0.6679664390936346,0.5316629143525078,0.7605758276540127,0.8471711087969541,0.5626165870923305,0.7884607968456984,0.674335938633066,0.6599213028850953,0.6737137275557485,0.6147700950629293,0.5772399610341552,0.7124797813243782,0.7623126164263307,0.636315014058318,0.7731143941241972,0.5284773697689011,0.5589916715944442,0.5509486293079847,0.6545444178053196,0.6426108492532401,0.6413506726639705,0.5779268597118505,0.5640589663995302,0.6329992858599195,0.6143712841950862,0.6944820731519981,0.6493260638743333,0.7127105025296939,0.8103264465376021,0.5828526249048953,0.5449359270443717,0.5048521695699392,0.6143878177163876,0.6603082471195907,0.586492325591,0.5607957136896502,0.6795959755370067,0.475146990845703,0.7007003040726208,0.6019072695746716
CHE,0.7918453472698284,0.6687693912442434,0.6320991317590968,0.5440601943049389,0.4672401022779226,0.5350790376490244,0.7012404964948482,0.7152091670037057,0.6360744384083128,0.597995368973916,0.938163502716922,0.6163414179624161,0.0,0.5911721286318816,0.6551582714968196,0.6897846087260975,0.7148755093167399,0.7637213117215994,0.6428444345326371,0.5971563473166703,0.6832787637852686,0.546531388026171,0.4902818813112337,0.5067545487483365,0.7257661843254978,0.5664080521652017,0.6137351332888213,0.562307197606141,0.4886073910277275,0.48192753060939447,0.5620324071348193,0.6544534161931184,0.5804900420054415,0.5618432595058408,0.6484746573553894,0.6970263911647069,0.6276823492041019,0.6521362006387869,0.543989089129433,0.515021874089937,0.7028545230303258,0.5457824929918393,0.7507881534886011,0.8795390643000028,0.608250441598696,0.7872306211828753,0.6482945162852017,0.629730664368476,0.6758124140284991,0.6630074628957063,0.5978472429787547,0.6381566712632689,0.7935015030904267,0.6834064347828249,0.7769529969130299,0.5022392125559477,0.5682222118145183,0.5451058189991215,0.6338089999463123,0.686934656399538,0.6728116592657503,0.5947982472792221,0.5434460908407124,0.6691831354664576,0.6443368516162212,0.677145151129716,0.6588885510816259,0.6083530882503339,0.8105548420024741,0.5739322113443749,0.5620274219914321,0.5293895290039727,0.6516659718655032,0.6741158360949593,0.6374228612334784,0.559957545491275,0.7230958192184893,0.5315043221493321,0.7297119485030626,0.6865948171535997
CHL,0.7777656727305114,0.6643333776952195,0.6177306193492375,0.5795317285034102,0.5642394838814554,0.5802552670269203,0.6844241536963868,0.6800114580038414,0.645468377242181,0.6000691542368909,0.9085542312032027,0.6250508174762985,0.5911721286318816,0.0,0.6609688791055891,0.6460527909918033,0.6753972985098874,0.7076390377426041,0.6376994630542017,0.6467058551055946,0.7302827753523193,0.5944000304672766,0.593935968805009,0.5754226653865839,0.7013136512609944,0.6054715421030322,0.64378421402535,0.6050494350304811,0.563612054323963,0.5788766100931052,0.5691384090316456,0.7601401886780154,0.6387803557602595,0.595196080372527,0.636633949104313,0.7045677190041597,0.683009896241145,0.696248949535578,0.5785814600152924,0.5865887613339195,0.6980039272598769,0.6231494299411802,0.7460514391277565,0.8591249482437163,0.6352323542904754,0.7353306061316262,0.6607807014391878,0.7277006946743964,0.6928365927752707,0.6291487673298433,0.6297775596641679,0.7320713757054661,0.7436701538765091,0.6940850776691867,0.7885653461174813,0.5601883173556711,0.5954624528940821,0.5399129088615049,0.6427738332797884,0.5668123996219878,0.6298634563895235,0.6230345608458838,0.5741005340604682,0.6672365960433313,0.6427956561770063,0.7112000685323713,0.5952054370402571,0.70966466033005,0.8443462576589401,0.6366419708033709,0.6238783525584632,0.5847873896613831,0.6562321608486749,0.6798835694993658,0.6335304373525115,0.6364691961057292,0.7213269776742607,0.5917491046837162,0.6930237564968842,0.6318816827312618
CHN,0.800934408299366,0.6593789208373415,0.5560292031205718,0.6093280714264702,0.5696734196585254,0.5850570922020727,0.6620802737548674,0.7436817529220415,0.5147195299331982,0.5558597883794788,0.9147106967185618,0.6160187977610907,0.6551582714968196,0.6609688791055891,0.0,0.6809192046530425,0.6927366862080665,0.73346577209682,0.6187834546399152,0.6496441817362735,0.7635785339511693,0.5166926421244328,0.5638957820095817,0.6154384529782768,0.6274206021083554,0.52444977354324,0.6562809908718781,0.5909405036918834,0.6036554039287587,0.6135175110045386,0.640255708192143,0.8055967240573105,0.6159802959901893,0.5273885650546193,0.5543259695294911,0.5783630995077179,0.7177186926690624,0.7430017800425535,0.6828169186901423,0.5197048371838613,0.6137882318596589,0.5334820600434228,0.7826595171349938,0.8097772574941609,0.4669247327512181,0.771129053704747,0.6359620039233972,0.719388758092078,0.7162617341268518,0.5874496151110395,0.5195416185458075,0.6871018409466827,0.7220386909210829,0.613959607088254,0.7783978661135912,0.6535926850835,0.6509089205428537,0.6321390645252839,0.6074162715584486,0.6657015514973437,0.6331231525618378,0.5413694162974649,0.5806083099265862,0.5178778726917997,0.6139332606973819,0.7234035437746015,0.6453996670925445,0.7331256134210772,0.8873231641637428,0.5520981282464766,0.5770135783208477,0.6161506503743578,0.5128273330424159,0.5833405377542779,0.5239235611003206,0.48716836245978273,0.6139410511305662,0.6013469011229591,0.5731434123410832,0.6385303107912913
CIV,0.8146571219903912,0.705198607479358,0.6121547512484105,0.6272630245202029,0.6292915426498871,0.6241962472199438,0.6602874971418771,0.7206714490100312,0.5621028240422694,0.6146007365253665,0.8953246165956005,0.6618559971430661,0.6897846087260975,0.6460527909918033,0.6809192046530425,0.0,0.5801641981161172,0.7153833950712709,0.6304092648162773,0.600720197994859,0.7205997277447274,0.61501904223643,0.6642507722630226,0.6055497995536159,0.6892010595453288,0.6110252604918721,0.6002375349562494,0.631814551488724,0.6124752397165911,0.6517231324108985,0.603947073749912,0.8231195792216083,0.6010075881735283,0.5482619795240428,0.596078019082311,0.6753306324782359,0.7030458267198755,0.7442404243951685,0.6868661976268536,0.6130379751447222,0.6367549095303915,0.6727798590031534,0.7829277549678108,0.8213823199648124,0.6735862096122643,0.7001936737821349,0.5791281169464094,0.7642844603808036,0.6285659919329305,0.5889519372519373,0.6616157973023539,0.7338077181138583,0.7135014633877145,0.6805778158038134,0.7085590482803352,0.6342373719565041,0.6457683475043181,0.5703195314951123,0.6399394818044373,0.6260136198134317,0.5700517344647333,0.5742175386608772,0.5938656935888392,0.6404423597573062,0.6658833110034006,0.7345063551685214,0.5831532272390035,0.7648360739140463,0.8430294305289057,0.6300924490351374,0.6504015161503538,0.6457736040581478,0.6375505870634164,0.6298523882675525,0.6349973032363517,0.6556836254951163,0.6822713744547547,0.6654934426453732,0.6534795432675926,0.6684038011117073
CMR,0.7915498356794901,0.7050826346517406,0.6138052426375333,0.6250638148779382,0.6723121234681401,0.6733163779263831,0.633185946883929,0.7466594880793204,0.6204090337440079,0.6564277272359256,0.8747861864857599,0.695873027030693,0.7148755093167399,0.6753972985098874,0.6927366862080665,0.5801641981161172,0.0,0.6697902127858709,0.5959020900974841,0.5926244032935332,0.7302603266624514,0.6453743496134193,0.7108240743811362,0.6265157453876216,0.6954834257120371,0.6398656223066033,0.6157889839622208,0.693416699229688,0.6587823626407843,0.6667463351230293,0.6036619310568542,0.8204345657782393,0.6235536353998012,0.6079296822992691,0.6084783401225384,0.6579455925925622,0.7259845155519162,0.742472109291779,0.7100578911552524,0.6659360350390809,0.6385177851611108,0.7173145220573586,0.7382856197979653,0.8092574889068496,0.7120518458831968,0.7200321997280367,0.6228055372008765,0.7820760473834713,0.6655409795782751,0.6314866764925103,0.686328069934489,0.7623054017370116,0.7053183025380925,0.6581333140443568,0.6949887936175353,0.6560431328482194,0.6598740386138883,0.6155121467766326,0.6452458253503203,0.6471024297149297,0.590402892794219,0.6192562661411773,0.630295143704735,0.6361999131835719,0.6786270963307112,0.6910530830659392,0.5711170151454373,0.8097240253769664,0.8153893784776827,0.6851763680577581,0.6860271400530424,0.7073666249206305,0.6467849580596887,0.5861106503223645,0.6689403747398719,0.7023611179308603,0.6842596195742073,0.6932917448879804,0.6443763311178636,0.6991985603574863
COD,0.7788482502396659,0.7094095643330629,0.6388560823558205,0.6344372175588078,0.7097726181863827,0.7094751003892212,0.6764290933727276,0.7606903770627162,0.6454805089118355,0.7190169517025412,0.9318932626647886,0.711239756571095,0.7637213117215994,0.7076390377426041,0.73346577209682,0.7153833950712709,0.6697902127858709,0.0,0.6864063991624436,0.6425807078535578,0.7834911682487398,0.6848591255181756,0.7343758142487298,0.6784434532321617,0.7372606431109338,0.6496380652426261,0.6548984541945468,0.7090140739807883,0.6908150837640461,0.7114129644417553,0.6653897278767152,0.8379633711238352,0.6740967342708256,0.6352772969949463,0.6821907998468201,0.7469487102447343,0.6986460700512527,0.7661121890764008,0.7715004727758433,0.7004042882674159,0.7118815728501644,0.7437640211119192,0.74669824370376,0.7817986279788656,0.7377010157955645,0.7195470378912467,0.6774910803961424,0.7826808793887653,0.7002437803887168,0.639734372577625,0.6912949696745091,0.7980836522324842,0.6965520296584007,0.726429101320777,0.741702057856782,0.6931099027584195,0.6950199459844192,0.6740428178712411,0.6880544978080969,0.6619180227579069,0.6195399569353369,0.6482280587424635,0.6853839475214152,0.6393605965206769,0.7188616296721474,0.7495482101271154,0.6252202057437245,0.873329188088664,0.8294966312806368,0.7028775966548562,0.7220910265632113,0.7326553321478557,0.6849529083325894,0.6440488896328234,0.6974087619091961,0.73744292793361,0.6682564575120279,0.7266554689657552,0.7014956376981362,0.7327727178631036
COL,0.7648538239034354,0.6723563198376062,0.5331091438061986,0.5699109069819717,0.5749642415681704,0.5980488813357488,0.6491738554934507,0.7228253135095692,0.5920022369984042,0.5646038943108265,0.9010252209794517,0.6345001273880219,0.6428444345326371,0.6376994630542017,0.6187834546399152,0.6304092648162773,0.5959020900974841,0.6864063991624436,0.0,0.5939420596089509,0.7323849261843074,0.5725600395041951,0.6107774068431805,0.5753923627650395,0.619209452317871,0.5611004247974579,0.6007785026112797,0.620245843045582,0.5643608473579877,0.5539508432525788,0.5829818111757824,0.7679424137125785,0.591759820340236,0.5157537804664839,0.5920289557324685,0.6597629877795399,0.6693155077041749,0.7118707636065653,0.6436004142822012,0.5868668977722735,0.59959905294564,0.6365161867480561,0.708157076990753,0.8429343683921687,0.6292069294994883,0.7051315321065478,0.5769135376346723,0.7367721017191404,0.6787152435586367,0.5958675664833865,0.605911988929498,0.7125863725177305,0.7315145335007938,0.5888206834195515,0.7161946331960174,0.573202557982374,0.6246486016782863,0.5957689124723585,0.5862935862183419,0.5824933198342683,0.596886008162871,0.5857852312750537,0.5604009860090771,0.5878773697280694,0.6269165910758216,0.6280522465400976,0.5764385590653809,0.7765660469661964,0.7923582918323102,0.5921334896366421,0.6168554386259096,0.6599060668657957,0.5754542923599092,0.6060647328483166,0.5804428456569868,0.6071419759789902,0.6656949415233271,0.5788470540679739,0.6211006026065258,0.6219557237316345
CRI,0.806557669829823,0.6960053204827034,0.5806186420435226,0.5624303439586609,0.5506427779091634,0.5386628776364425,0.5925835151546379,0.7316109594666799,0.554074235168482,0.6021003623471326,0.9296033825428605,0.6358448429923708,0.5971563473166703,0.6467058551055946,0.6496441817362735,0.600720197994859,0.5926244032935332,0.6425807078535578,0.5939420596089509,0.0,0.6541532939930644,0.543490500061504,0.5966395199729128,0.4953608863074083,0.6654976805810527,0.5253703459599319,0.5337180809806996,0.5892425138081447,0.5377232562652121,0.5703412627950314,0.5085086606174254,0.7270245472234592,0.5286378817818195,0.5073648916241643,0.5725102435655577,0.6881086788034241,0.6576208256940521,0.6845805037328093,0.6420021099017152,0.544173919119296,0.6353273603258767,0.5983149601378478,0.7298060666160282,0.8021458163372023,0.6206960126699761,0.6972974991419,0.5424794664798046,0.693410898357078,0.64110728905407,0.5642509409007652,0.583002254517207,0.6829537269433841,0.7061372805874074,0.6464312013285464,0.6841948339271258,0.5199056217618158,0.5672338365734279,0.541844017982257,0.6026369842032915,0.6205636330929334,0.5158505692630431,0.5210850634716081,0.5138155572961233,0.6082854634381032,0.6388343655030249,0.6232938796270043,0.512401515127428,0.7289585669051246,0.7885068142372234,0.5732371480390499,0.5633749942055679,0.6320490772919695,0.5758196553775918,0.584437027396389,0.5767160630753424,0.5782343092860591,0.651362759365763,0.6050948818008268,0.6267341474690405,0.6542332841027636
CYP,0.8466701733538748,0.7401383790613832,0.7440382516346321,0.6662927748437377,0.6641746286029934,0.6512800073999583,0.6880624368552247,0.7890607889530498,0.6941444859241196,0.7466811371101909,0.9331820406946697,0.7181581718713229,0.6832787637852686,0.7302827753523193,0.7635785339511693,0.7205997277447274,0.7302603266624514,0.7834911682487398,0.7323849261843074,0.6541532939930644,0.0,0.6837650720855477,0.6805066996910916,0.6010856705615464,0.7188187530942457,0.6500906985918181,0.5915915555410945,0.6943080885166624,0.657285506851514,0.666480108178509,0.6224412647667746,0.7577949451151877,0.6598829870960363,0.6994979948070402,0.7140902396502143,0.7607525760382909,0.7250343570281216,0.6826226255558148,0.7143729902756638,0.6748135692598735,0.717131070098659,0.715659800672602,0.825594684715005,0.8748901081265077,0.7023998482879323,0.7888639526789968,0.7040610336756042,0.7194199206501656,0.6465762289311922,0.7058273696629056,0.7522660243573994,0.7214149078724633,0.7935956825554977,0.7271042394302508,0.7966470833168743,0.6332712848340081,0.6200564522974665,0.6754599213520739,0.729831166654644,0.743596936124068,0.7069015170790525,0.7100386710477788,0.6646832156418484,0.7338838376679904,0.7520340523082876,0.7616115660174388,0.6852752168520693,0.7075811866592537,0.7853803035826298,0.7174612964659307,0.7134823700111105,0.6998290304994026,0.7289508861780173,0.7041872750394869,0.7038588079323612,0.7001770394883744,0.779484257441721,0.7233828892557163,0.755053225134159,0.7753574223007518
CZE,0.7713606851874015,0.5907666378541336,0.546008460977264,0.4417903302685742,0.3672328409042354,0.40875071704721844,0.6036827890926668,0.6399041800724939,0.48670096689383413,0.5383502796965642,0.9174311520083916,0.5276960160124897,0.546531388026171,0.5944000304672766,0.5166926421244328,0.61501904223643,0.6453743496134193,0.6848591255181756,0.5725600395041951,0.543490500061504,0.6837650720855477,0.0,0.42898600217155064,0.4741545653830549,0.6409326254661901,0.378643003476897,0.5374550202262283,0.47880344566181976,0.40585844236700414,0.43707504642011236,0.5091661023318005,0.7201907529511435,0.4978080027038102,0.4121852059267048,0.5593076715655615,0.567209053982906,0.6187779081526218,0.6599792193351661,0.5954480011643548,0.3832001007938112,0.6019675198945731,0.47078114046278535,0.7308852543648544,0.7895273461865416,0.5156397534120724,0.733509313465039,0.5465331048705296,0.6224687293450691,0.5823351174465708,0.5556934830244588,0.5364165712423139,0.6612613213279749,0.7280617854558836,0.6096862896035292,0.7431882116838511,0.4409216695766899,0.5219838846422822,0.4648355272418217,0.5713950177290137,0.6262413330969675,0.5766001457335921,0.39520786504228905,0.417380958569086,0.48292391905776233,0.5275171241775461,0.6570136543681496,0.5434785774506585,0.7204431823630106,0.8020710375495783,0.36811102638359844,0.41404853969259525,0.4484681940518123,0.5763686452752601,0.5740393252464817,0.47523068508508187,0.5081556391583135,0.6002477256441396,0.4936337960858677,0.6270935837179635,0.5385631184211905
DEU,0.7971767652034075,0.610205413508862,0.5923370772932159,0.5080240334519605,0.3834442752400538,0.41189805753435144,0.6749444206111878,0.6394337092362735,0.5732055483707627,0.5371184022350647,0.9234125659661345,0.5129098576644628,0.4902818813112337,0.593935968805009,0.5638957820095817,0.6642507722630226,0.7108240743811362,0.7343758142487298,0.6107774068431805,0.5966395199729128,0.6805066996910916,0.42898600217155064,0.0,0.44211140164634727,0.6852938842249771,0.42101510614359705,0.5991430966174683,0.47309974191630366,0.37522473143713936,0.40748375835448986,0.5247834279341804,0.7011210135159117,0.5728723795340369,0.4828935132083637,0.5916302511928495,0.6321439136808855,0.6404589617842714,0.6674674648293433,0.5261456322197797,0.36826653394928344,0.6631371017210175,0.4283759784499429,0.7556504757935238,0.8738419313435776,0.498566914101677,0.8086136421894126,0.6542001613867808,0.6028442817153873,0.6428904925928067,0.59653861229522,0.5195828330114065,0.6884206115656701,0.7837922318728591,0.6376455065823131,0.7819750328498989,0.4365661638212952,0.5170245553817885,0.5225305451347037,0.6482025721287054,0.6401164824015081,0.6672644605968798,0.5291866067184565,0.47675082258793433,0.6187509610676077,0.5885499870771067,0.6659006258224327,0.6301254668812828,0.6654611622001879,0.8100065817322754,0.509430170028552,0.4512832372053309,0.4475991492685172,0.6037490977909649,0.6322516193245726,0.5439782551261645,0.4843473969966309,0.6950303203407867,0.39958432114708475,0.6990919502338724,0.5837408118176097
DNK,0.7927591035436194,0.6236818302488726,0.5716190234603867,0.4852632186734436,0.412557181736981,0.47197673681995,0.6077877636686871,0.6569176808139997,0.5358200469222802,0.5568829745078443,0.9196861750865882,0.5242928736253141,0.5067545487483365,0.5754226653865839,0.6154384529782768,0.6055497995536159,0.6265157453876216,0.6784434532321617,0.5753923627650395,0.4953608863074083,0.6010856705615464,0.4741545653830549,0.44211140164634727,0.0,0.6660949331475158,0.45319557447456665,0.5073490841156488,0.47317119707191235,0.42668142711854745,0.4442536558177756,0.4360548723958662,0.6742785646591314,0.5064582050010307,0.46544943511859327,0.5737480547762147,0.6430683546174286,0.590900868724594,0.6258137577749379,0.5184190131634215,0.43480931892853825,0.6316109353491117,0.49725586589336823,0.732687138689345,0.8392664263746014,0.5305756082759601,0.745274451436525,0.5884368000870587,0.6090800977380811,0.6064451185880441,0.5763687495937883,0.5712840281322034,0.667368535163223,0.7268240196834794,0.6257658179579072,0.7128407035786035,0.390842671540746,0.4180602506753097,0.4810354467330242,0.6063011774122616,0.6258753887483725,0.5689762702675126,0.5190728031803182,0.48045244558223477,0.6010099337346732,0.587772972791306,0.632697965611979,0.5681963628383051,0.6458191391046338,0.7788392734604563,0.5513021805788357,0.5013723534685487,0.4872396257443107,0.5870511115502801,0.6007789686139509,0.5512006816561394,0.4992272306043796,0.6626829511906105,0.46573825025516147,0.6655288653721393,0.596848257616109
EGY,0.7697210188241188,0.626589512320733,0.5585892162959593,0.6642470352367452,0.6609555563542386,0.6532836203650371,0.7029803249299482,0.7744443041898329,0.5993087583132306,0.5801424401771977,0.830673260386907,0.7072926901182828,0.7257661843254978,0.7013136512609944,0.6274206021083554,0.6892010595453288,0.6954834257120371,0.7372606431109338,0.619209452317871,0.6654976805810527,0.7188187530942457,0.6409326254661901,0.6852938842249771,0.6660949331475158,0.0,0.6382570842444351,0.6679932081662046,0.6835195378781547,0.6860142105112703,0.6761000997930465,0.6585116528236963,0.8321987068311886,0.6455512752542185,0.616182695141908,0.6101294055419147,0.6532663682476266,0.7755417270701799,0.7411707395211575,0.736562092844653,0.6411801896718877,0.6137416013010469,0.6799479016074937,0.7483003354518456,0.8243241216078836,0.6686447145205583,0.7593647420117264,0.641830090420216,0.7829087641517251,0.6954933752021417,0.6335783807624438,0.6465895596707456,0.7768103344705876,0.755346931428474,0.6152888238500982,0.8111166254293171,0.6761769404288093,0.6527125945272715,0.6797064027638938,0.6119395232863108,0.6476216769853184,0.6634664697838358,0.6508912415721699,0.664282970778373,0.5976045741810613,0.5982181245627525,0.6683723492264736,0.6840655901179653,0.7482374262054332,0.8651073387221576,0.6469287328679999,0.7018625762075936,0.705380462925764,0.5965856123193546,0.6558503433176679,0.6238982398595998,0.6464527801357742,0.6622399499366963,0.6905276616901447,0.6342435955177115,0.6816671006548582
ESP,0.7817054759066441,0.5898442123900693,0.5125175881247432,0.43266999326893124,0.37907802532548035,0.3850728452100084,0.6050576558091594,0.6981390709233468,0.4724588902006318,0.5105424851333128,0.930435032213466,0.5104355382545854,0.5664080521652017,0.6054715421030322,0.52444977354324,0.6110252604918721,0.6398656223066033,0.6496380652426261,0.5611004247974579,0.5253703459599319,0.6500906985918181,0.378643003476897,0.42101510614359705,0.45319557447456665,0.6382570842444351,0.0,0.5468418280230062,0.4925030226268461,0.3875598919553942,0.4230582802998527,0.46604980633823817,0.7220726224558157,0.47921841484845523,0.4224501626946725,0.5178720213512753,0.5766073605708066,0.5719299533127294,0.6347324796233509,0.5829749840580065,0.36653615457706096,0.5848303437711135,0.45940020786034447,0.7606587131811479,0.8331216907225338,0.47606976679147855,0.757361695836993,0.577693800644406,0.6124028699295496,0.6097106103636943,0.5043817446272919,0.5055197991759607,0.6508414902362812,0.7263570110871356,0.6019702133086445,0.7308473921317803,0.44441150192943596,0.5146700215683679,0.49716919241204144,0.5978426434108234,0.5900820704482088,0.5586824117405156,0.45818700506679616,0.3651154633319718,0.5421282317494549,0.5822010812092259,0.6321704535674239,0.5343011273416562,0.7137920041335934,0.7865570864355033,0.47211070327169846,0.4161605744005989,0.5045399018522346,0.512598540025969,0.5619341583669922,0.48762632563762165,0.4731034629661509,0.6509445162194227,0.4875658386334109,0.624457825302554,0.5728903909511458
EST,0.7833060798769385,0.6730058523352584,0.5968783634440168,0.546484183019082,0.5700421360160902,0.5682109935870873,0.5974481719945927,0.7372410810508427,0.5524219282247463,0.651074877951402,0.9361681212750971,0.6214658533466448,0.6137351332888213,0.64378421402535,0.6562809908718781,0.6002375349562494,0.6157889839622208,0.6548984541945468,0.6007785026112797,0.5337180809806996,0.5915915555410945,0.5374550202262283,0.5991430966174683,0.5073490841156488,0.6679932081662046,0.5468418280230062,0.0,0.5800230893474254,0.5542039650693468,0.569764506031134,0.5628098629526331,0.7633063057808787,0.5089327165694423,0.5174016246718295,0.6089858132010075,0.6773806399432571,0.6416685845833232,0.65060573738235,0.6760717607838828,0.5554093129807209,0.6349508895418855,0.6341004515503768,0.7398933002544307,0.809162549755612,0.6455903276259609,0.6886453395648656,0.48508569495781756,0.7182222477459566,0.5104926517220043,0.5924879339522063,0.6461870472865129,0.6627391346907398,0.6912251964794365,0.6529985517240366,0.691379779717213,0.5273834983890955,0.5160253756613806,0.5474742067574251,0.5785421577117791,0.6657632954843506,0.5647857750480193,0.5110008466827681,0.5511172028763953,0.5687354471719668,0.5941994800221742,0.6658604325839531,0.5466000095315758,0.7250965123117078,0.7810858037952598,0.5457886573792716,0.5773789177289878,0.5999697820234302,0.6232748190960626,0.5892625402328907,0.5859017089363219,0.6141607096228179,0.6570142967146773,0.6237096950237069,0.6263097271794529,0.6829411279288137
FIN,0.8136736932415483,0.6420293690652357,0.5795212684769279,0.5223040699806925,0.4432634163755572,0.5093376751972365,0.681920745646102,0.6724247327288347,0.5409006382616577,0.5701612954518301,0.9282968191394635,0.5096467087332163,0.562307197606141,0.6050494350304811,0.5909405036918834,0.631814551488724,0.693416699229688,0.7090140739807883,0.620245843045582,0.5892425138081447,0.6943080885166624,0.47880344566181976,0.47309974191630366,0.47317119707191235,0.6835195378781547,0.4925030226268461,0.5800230893474254,0.0,0.48748403360571757,0.5069788917732765,0.552150688307025,0.7205483525859163,0.5475679660436851,0.4996662607380071,0.594031638322501,0.642674495287352,0.647831480651453,0.6714620177801384,0.6032482576907091,0.48628296945808686,0.6446038330882106,0.49199419016392143,0.7630612050386548,0.8272005300362646,0.5267907602060029,0.7808913620993372,0.6112650190310589,0.6613350835219356,0.614452581580566,0.6127713313443811,0.5623228150651306,0.6842190537584542,0.7520639179912837,0.6406347112841012,0.7744051420722835,0.5015247717095626,0.4815200676294772,0.525381890992396,0.6258293360512488,0.6360499151256831,0.6367938877948988,0.4981902820564179,0.5186586207381749,0.5986171222330665,0.5990412845520725,0.6930723201268059,0.6212752301785104,0.6787015941935063,0.8247283569626475,0.5103133023733295,0.5000849853789351,0.4223100338358127,0.6140327272302698,0.6339734216372244,0.5595795400361951,0.5024947337297669,0.6477632820055653,0.48761266343650417,0.6775499762366229,0.6045612949343492
FRA,0.7728343341779098,0.592736482573504,0.5590923494295412,0.42833083522958226,0.3671998778067898,0.371440973842495,0.6163095654490219,0.6459016042416451,0.5259892983032753,0.5194312191555862,0.9259832689602004,0.5017449392418668,0.4886073910277275,0.563612054323963,0.6036554039287587,0.6124752397165911,0.6587823626407843,0.6908150837640461,0.5643608473579877,0.5377232562652121,0.657285506851514,0.40585844236700414,0.37522473143713936,0.42668142711854745,0.6860142105112703,0.3875598919553942,0.5542039650693468,0.48748403360571757,0.0,0.33792816235666784,0.4856207374860964,0.6540078059177713,0.5243931446369564,0.4442060099174336,0.5811895259375751,0.6070005093225554,0.5488270117998595,0.6334738982655119,0.49758849416095796,0.363040359900872,0.6441116543816935,0.4625427936522886,0.7241421289355513,0.8432460416306794,0.5185308384289166,0.7629569572213275,0.5856272236409161,0.5885398937670827,0.6066801519115955,0.5466739283562363,0.5250263741290243,0.6440137609129448,0.7383689652961004,0.6241674629989645,0.7378629807676248,0.35613740845040764,0.5024288518647253,0.44776458151403514,0.6000888797683848,0.6015167823036401,0.5918745965876631,0.501523090568689,0.4049426622207242,0.5920787965481709,0.5726069632765209,0.6408502865198966,0.55727304232177,0.6587863207824467,0.7664344881286861,0.47907956959143644,0.42828650571782034,0.4538808963949132,0.5772210800766275,0.5965003238917818,0.5324452847840733,0.5001486869186094,0.6667075075059742,0.40226939251993177,0.6676588057395749,0.5698177324721294
GBR,0.7589271268276615,0.5787751158129196,0.5614531836764406,0.41320569073620894,0.3873848980897863,0.40560999766039274,0.623969343173338,0.6810949621312231,0.5719608975592564,0.5139591588790402,0.9212997646947748,0.5109339090945825,0.48192753060939447,0.5788766100931052,0.6135175110045386,0.6517231324108985,0.6667463351230293,0.7114129644417553,0.5539508432525788,0.5703412627950314,0.666480108178509,0.43707504642011236,0.40748375835448986,0.4442536558177756,0.6761000997930465,0.4230582802998527,0.569764506031134,0.5069788917732765,0.33792816235666784,0.0,0.5093939182174164,0.6452897649015061,0.5414907475876247,0.4992401564992525,0.5983580243828556,0.6213900667820486,0.5493778433808851,0.6233616415430493,0.5007832101694613,0.3790994956548242,0.6500976882089943,0.48359963399034683,0.6947975589841868,0.8642761645921545,0.5398603858047549,0.7918541978760727,0.6180796510700148,0.5740604346543744,0.6175337600377411,0.6140087747094604,0.5416484907216952,0.6557264901516758,0.7649607511474936,0.6035608546050631,0.7414963246632708,0.355174387501033,0.481755511485587,0.4722128077000748,0.6043683666093128,0.5953512036028875,0.6378972760809508,0.5247122371423407,0.4409169382377024,0.6034869977911828,0.5628141965226428,0.6096136898892714,0.5903550824026058,0.658394807193558,0.7579948575836327,0.510245839994574,0.46172235971784487,0.47763933111698303,0.5999591263232382,0.6216219883142918,0.5492989137213173,0.5271248523136668,0.6829539176396693,0.39968437904332876,0.6769704602434181,0.5941789359334408
GRC,0.790696246153701,0.652738139360376,0.5647880733626547,0.5015126413625229,0.45101983247574623,0.5089794006695805,0.584573999197099,0.645841205237543,0.5398855306540425,0.5825619450813231,0.920323847161934,0.567104903160707,0.5620324071348193,0.5691384090316456,0.640255708192143,0.603947073749912,0.6036619310568542,0.6653897278767152,0.5829818111757824,0.5085086606174254,0.6224412647667746,0.5091661023318005,0.5247834279341804,0.4360548723958662,0.6585116528236963,0.46604980633823817,0.5628098629526331,0.552150688307025,0.4856207374860964,0.5093939182174164,0.0,0.7344215011098366,0.5205460162560412,0.4815881482439724,0.5900829791175816,0.6384763901645012,0.5997524770145138,0.6361893585430183,0.5398332252471812,0.4949914696316898,0.6127768891666411,0.5558440538720743,0.7306883789485855,0.7900161945413074,0.5694991067187724,0.7134415738124488,0.5973155037992344,0.6179478313635532,0.6037602328021872,0.5532743937608003,0.6119255430284344,0.6871732780797098,0.6866841522344903,0.6730715484638302,0.7146472957697394,0.4818890445468344,0.5392922477771233,0.5202805299222181,0.5838094753242089,0.6048595306658642,0.5662652201238064,0.5355080719876901,0.48611628647978633,0.5971870097965545,0.6058146468446797,0.6554220188121544,0.524051196935006,0.7120728331144242,0.7736705227192868,0.5830299736935551,0.5327282025178156,0.5564604202214027,0.6064124880220476,0.5790651893911718,0.5397211878221767,0.559754756326897,0.6648185519624064,0.5269540016801292,0.6488996956510152,0.6273166285477756
HKG,0.8627591652351226,0.7389887942414654,0.8157311696717306,0.6889241029041641,0.6574307577006641,0.6888844267938788,0.7771422392862816,0.8003323459273229,0.7889403298987774,0.760543176609565,0.9478402769217248,0.7216801355820146,0.6544534161931184,0.7601401886780154,0.8055967240573105,0.8231195792216083,0.8204345657782393,0.8379633711238352,0.7679424137125785,0.7270245472234592,0.7577949451151877,0.7201907529511435,0.7011210135159117,0.6742785646591314,0.8321987068311886,0.7220726224558157,0.7633063057808787,0.7205483525859163,0.6540078059177713,0.6452897649015061,0.7344215011098366,0.0,0.7597988289567965,0.7450731360465911,0.7846148139354291,0.798720289410871,0.6797599306030209,0.7574850423536175,0.6562316530478361,0.7082235797539401,0.8077988088117398,0.7046814141968107,0.8158750437038389,0.928945633250686,0.6902276807623694,0.8554876268624861,0.786154709313456,0.7030472764207474,0.7809318949218723,0.8126750079862899,0.700385578071383,0.6915022621114227,0.8813851839574196,0.7201082777384699,0.8427890056305736,0.6451550651712896,0.6806400899140751,0.7159491660558501,0.7928367855848727,0.7934158043042131,0.7487163905752371,0.7510944817281042,0.6899098427948284,0.8136756583939713,0.7738394490183076,0.7197758904639422,0.8014950623376641,0.6414565678102047,0.7676194369854542,0.7495246927862982,0.721926748401977,0.7184958716742956,0.7313882942137924,0.8026198621611424,0.7849228197861555,0.6888507848275024,0.8315997361256445,0.6537253580488883,0.8296533204091122,0.7706367186779061
HRV,0.7692078943724048,0.6081783301096174,0.5601241844185597,0.5133489173044915,0.5282995729870137,0.526328794089053,0.6076738155822834,0.7279779945448925,0.4857735832110125,0.5794648063129914,0.8957033664082222,0.6180706710665997,0.5804900420054415,0.6387803557602595,0.6159802959901893,0.6010075881735283,0.6235536353998012,0.6740967342708256,0.591759820340236,0.5286378817818195,0.6598829870960363,0.4978080027038102,0.5728723795340369,0.5064582050010307,0.6455512752542185,0.47921841484845523,0.5089327165694423,0.5475679660436851,0.5243931446369564,0.5414907475876247,0.5205460162560412,0.7597988289567965,0.0,0.464838009997432,0.579754476559671,0.6184852310061902,0.6014101966562236,0.6534380125586337,0.6303100084153732,0.5049432050514596,0.5772617700478251,0.5930222405131336,0.747400715984763,0.7975761957416957,0.6140368105269245,0.7086368746841895,0.5010827705969971,0.6918614512043076,0.5875618284729238,0.5585852083542464,0.6148161098349517,0.6661086265592439,0.6748773590620774,0.6355441215163742,0.7225476528649805,0.5134483723227286,0.5225880243285068,0.5258447688600237,0.5613021472677389,0.6308598784721576,0.5534273594282328,0.46398668891230344,0.5031850709119157,0.5642469834802403,0.5904678953243088,0.6438346527431152,0.561103774903358,0.6958421519406314,0.7903078588272119,0.5203274111500582,0.5302803285901034,0.5806415279207312,0.5874803980776608,0.5737130592679798,0.5938868137248883,0.5768692574236743,0.6344247316925234,0.5896042342247267,0.6199340268847255,0.6458746079193881
HUN,0.7811006291127136,0.6401064731698879,0.48194784669339985,0.4890591033036075,0.43724478139289946,0.45757962766430227,0.5999094926411288,0.6486801362213647,0.403796387737672,0.5001034454085627,0.9261797201683523,0.5408932301000865,0.5618432595058408,0.595196080372527,0.5273885650546193,0.5482619795240428,0.6079296822992691,0.6352772969949463,0.5157537804664839,0.5073648916241643,0.6994979948070402,0.4121852059267048,0.4828935132083637,0.46544943511859327,0.616182695141908,0.4224501626946725,0.5174016246718295,0.4996662607380071,0.4442060099174336,0.4992401564992525,0.4815881482439724,0.7450731360465911,0.464838009997432,0.0,0.5287833850555586,0.5773269936735459,0.6007070731970292,0.6787396967416264,0.5927552964180506,0.4531236598291046,0.5667108403084917,0.5166783758886837,0.7276208164635789,0.7723074799177786,0.5246289214537144,0.6727232055141679,0.4727248170985601,0.6583942442475067,0.5958065995504294,0.4767747537911871,0.5171566803593638,0.6724306297231804,0.6315347472328082,0.5973980473010423,0.6797071189328844,0.48694841794347987,0.5425093114360355,0.48689170627560824,0.48254930477082375,0.5922129431459651,0.5174644258740568,0.40772094958906574,0.463636246982412,0.4803612316218831,0.5401827559712528,0.6485819323163026,0.5072994887362363,0.7208841466647148,0.7903636522653694,0.4440420764800791,0.45915532126709147,0.5181946932073769,0.5285862687940174,0.5265356763213453,0.4902056283314224,0.5124012302646167,0.5688117146338137,0.5061949592718987,0.5970743481088299,0.5758845992122256
IDN,0.7591198900382671,0.607902833333124,0.5570221842017721,0.5711747999443726,0.5683760878160042,0.5978692992951229,0.6710190346934857,0.7622186610640191,0.5542956615447329,0.5420236119162872,0.8667809033140667,0.6077565124041607,0.6484746573553894,0.636633949104313,0.5543259695294911,0.596078019082311,0.6084783401225384,0.6821907998468201,0.5920289557324685,0.5725102435655577,0.7140902396502143,0.5593076715655615,0.5916302511928495,0.5737480547762147,0.6101294055419147,0.5178720213512753,0.6089858132010075,0.594031638322501,0.5811895259375751,0.5983580243828556,0.5900829791175816,0.7846148139354291,0.579754476559671,0.5287833850555586,0.0,0.6013272429992244,0.6864184408205379,0.7004210043350658,0.6577928609168819,0.5527231758044637,0.5616000562561433,0.5695579554508426,0.7532576410999201,0.8358508916550819,0.5839126681887419,0.7002000150367204,0.6024510717086132,0.7237600760825951,0.6931898808931078,0.5346922912581563,0.5660800588103401,0.6986408374104797,0.709439258333118,0.5591864983690723,0.7551408000712887,0.6117187677116481,0.6080249365337811,0.579423881634349,0.6110349202116561,0.6105487572479315,0.5471764643925957,0.5480347141189784,0.5456623263507638,0.5895335409084861,0.6137719270860044,0.6598009563777752,0.5991274247581511,0.7281415461871985,0.855286248944219,0.6034034936479692,0.6032088546056241,0.6283097456341924,0.5079605578998649,0.5717919185846775,0.5547221244101941,0.5424452869249714,0.643754906338892,0.6057306236812318,0.5881861330085448,0.6343078979831499
IND,0.7870277264470998,0.6090064115594342,0.5914970691059147,0.5900417345972314,0.6074782748105808,0.6128169661123593,0.6496399763585445,0.7395104606109258,0.555002618909295,0.563385462997427,0.8626695388529628,0.6553119792050547,0.6970263911647069,0.7045677190041597,0.5783630995077179,0.6753306324782359,0.6579455925925622,0.7469487102447343,0.6597629877795399,0.6881086788034241,0.7607525760382909,0.567209053982906,0.6321439136808855,0.6430683546174286,0.6532663682476266,0.5766073605708066,0.6773806399432571,0.642674495287352,0.6070005093225554,0.6213900667820486,0.6384763901645012,0.798720289410871,0.6184852310061902,0.5773269936735459,0.6013272429992244,0.0,0.6541802470357726,0.7375876926020749,0.6637972815372437,0.5868353102906286,0.6252207760925241,0.6300961792934804,0.7602765607779906,0.7743595677585815,0.6384576273594555,0.7644791680252049,0.635434687015919,0.7113180471347521,0.7168790947008927,0.6031623905686088,0.6268122499283312,0.7502791336493102,0.6707769447332069,0.6459247694529807,0.7903106426609978,0.6371487025570263,0.669163650348854,0.6460845401180818,0.5836081764602784,0.6970760697385807,0.6269328128726346,0.6010093673048242,0.6176860634970186,0.5650405001173866,0.6153280423996758,0.7040005231032634,0.6648361568454668,0.7415264004994423,0.8233002240125787,0.6098474023340266,0.6272786727717647,0.662743780829226,0.625633815743421,0.6237645266450716,0.5801375635322721,0.6343399345718561,0.6525573111901584,0.6581362572363997,0.6498730177197708,0.6505721738277744
IRL,0.8102560775520502,0.6751876091402021,0.6648128224187052,0.5516453535785618,0.5881402558055355,0.6181014978998778,0.6442706863381388,0.7576578861007511,0.6338568965530011,0.6629931459602648,0.945384421388648,0.657390413629905,0.6276823492041019,0.683009896241145,0.7177186926690624,0.7030458267198755,0.7259845155519162,0.6986460700512527,0.6693155077041749,0.6576208256940521,0.7250343570281216,0.6187779081526218,0.6404589617842714,0.590900868724594,0.7755417270701799,0.5719299533127294,0.6416685845833232,0.647831480651453,0.5488270117998595,0.5493778433808851,0.5997524770145138,0.6797599306030209,0.6014101966562236,0.6007070731970292,0.6864184408205379,0.6541802470357726,0.0,0.6742748995483487,0.616024067323341,0.618596403675888,0.7090801838588915,0.6606820080636803,0.7923306695763712,0.8150051855397711,0.6742376073892165,0.7487254543985332,0.6560720839025795,0.6719310005898891,0.6738531309745461,0.6533214097422818,0.6905723861913095,0.6857806988471024,0.7057801891564246,0.6920391912080806,0.7573004293027333,0.5655087816569868,0.6308551070644856,0.5913184161162771,0.6578776145356278,0.7040196055778587,0.6263293859371557,0.6231181281386657,0.5677852166499289,0.6715021130012926,0.7199790077634804,0.7108412264248536,0.6509105397256667,0.7165539535791581,0.7640509537367247,0.6583542393506655,0.6127255083065514,0.6542782630378271,0.6725658499809303,0.6660175690076063,0.6812233187449387,0.6642424121587847,0.7354517068370302,0.6098056025932405,0.7042356861374441,0.7149464657109673
ISL,0.8252576154193667,0.7058599719648105,0.7216461035931332,0.6039393597542386,0.6342166318842964,0.6581007300206612,0.657142409387984,0.7843678101911877,0.6886597166219983,0.7093839175691388,0.9470273899766547,0.7059588159271728,0.6521362006387869,0.696248949535578,0.7430017800425535,0.7442404243951685,0.742472109291779,0.7661121890764008,0.7118707636065653,0.6845805037328093,0.6826226255558148,0.6599792193351661,0.6674674648293433,0.6258137577749379,0.7411707395211575,0.6347324796233509,0.65060573738235,0.6714620177801384,0.6334738982655119,0.6233616415430493,0.6361893585430183,0.7574850423536175,0.6534380125586337,0.6787396967416264,0.7004210043350658,0.7375876926020749,0.6742748995483487,0.0,0.7164320171932574,0.6530588933258896,0.6876494928489764,0.6820320197391273,0.7889441711176207,0.8568611514525427,0.7097963366463318,0.7827726716994289,0.7137313389845701,0.6494845231417127,0.6915107291777681,0.6923107939447921,0.7307368388209514,0.7158174949011664,0.7674890413685234,0.736996579228856,0.7971100431692436,0.6275443205757149,0.5842866544228915,0.6347472096314921,0.7080102398049294,0.7317383251495795,0.7067448901562022,0.674365616292033,0.6535268789088983,0.7277148082366481,0.7049110232261002,0.7438228155875901,0.6659451605225595,0.7532689175474498,0.7740716793583375,0.6684192301312109,0.6792675365124594,0.6822618752849631,0.726678913111133,0.6959081118643576,0.6855690434088733,0.6913761780888245,0.7827848929904756,0.6704936380267154,0.7319631157806163,0.7519344710417944
ISR,0.8201349840991453,0.6469177711090507,0.6450488415509109,0.5810696675780574,0.5253415073858583,0.5358359123310441,0.702283432052309,0.6946958531229818,0.6695468297507376,0.5968504490551348,0.9126851089799068,0.5998570131019212,0.543989089129433,0.5785814600152924,0.6828169186901423,0.6868661976268536,0.7100578911552524,0.7715004727758433,0.6436004142822012,0.6420021099017152,0.7143729902756638,0.5954480011643548,0.5261456322197797,0.5184190131634215,0.736562092844653,0.5829749840580065,0.6760717607838828,0.6032482576907091,0.49758849416095796,0.5007832101694613,0.5398332252471812,0.6562316530478361,0.6303100084153732,0.5927552964180506,0.6577928609168819,0.6637972815372437,0.616024067323341,0.7164320171932574,0.0,0.5376416153915463,0.6832360719161577,0.5825396218643548,0.7449877937090056,0.8861328871100941,0.5909894876718241,0.8324622327131651,0.7159961110834829,0.644292111334117,0.7317466699020737,0.6670587960759254,0.6188536859870711,0.7072743224541825,0.810688551980529,0.6664439519169636,0.7839022171829808,0.4855996928531005,0.5917144665330475,0.5651225478778534,0.7113339935768641,0.6662270321079365,0.6818660480370661,0.6643327093689716,0.5787455625900252,0.7114099096081248,0.6483402467245024,0.66027156103317,0.6714718348656405,0.5887472596662328,0.8051217808852067,0.655596615408434,0.6013933977723993,0.5700686262597164,0.6623008023692245,0.7073390392356507,0.6475939263491264,0.5752723484207232,0.7442890745291478,0.487831806121918,0.753284854836552,0.6369363662632129
ITA,0.7805469802226052,0.5956876087139275,0.5395120035483189,0.4494315486724863,0.3745627281871433,0.3707957786115216,0.5801898259534524,0.6829781435642647,0.5050702559464895,0.5046316312970468,0.9200785401818847,0.5311350350441602,0.515021874089937,0.5865887613339195,0.5197048371838613,0.6130379751447222,0.6659360350390809,0.7004042882674159,0.5868668977722735,0.544173919119296,0.6748135692598735,0.3832001007938112,0.36826653394928344,0.43480931892853825,0.6411801896718877,0.36653615457706096,0.5554093129807209,0.48628296945808686,0.363040359900872,0.3790994956548242,0.4949914696316898,0.7082235797539401,0.5049432050514596,0.4531236598291046,0.5527231758044637,0.5868353102906286,0.618596403675888,0.6530588933258896,0.5376416153915463,0.0,0.6233377282736033,0.43695576751300347,0.7344011277639674,0.8359248820921428,0.4714655523328272,0.7946720708989016,0.5978936778652542,0.5789489170979667,0.6109303316725562,0.5723285875811803,0.49154322643534565,0.6605749711917831,0.7422866930576467,0.6216281842076499,0.7374189768304191,0.4201699569946069,0.4998370216384898,0.4779324110343777,0.5976779807322402,0.6032431201163427,0.6113616370059926,0.47439861247774245,0.390129381117651,0.572681641899612,0.562063458057944,0.6280392469195416,0.5673615531879311,0.6723968808906198,0.8195042164056873,0.4565707790724548,0.42230838280226346,0.46743006064354775,0.5569924868503536,0.5793335575672646,0.5019199000115623,0.46551843930064024,0.6576012458107073,0.44073646794198135,0.6323690985765359,0.5870757331190822
JOR,0.7937042973922791,0.6290779283654021,0.591212198677516,0.6038423834906967,0.627666932761294,0.6431238404406049,0.6647973051311803,0.7526942353178573,0.5690753562643417,0.6132145728720412,0.8765528548377138,0.6679664390936346,0.7028545230303258,0.6980039272598769,0.6137882318596589,0.6367549095303915,0.6385177851611108,0.7118815728501644,0.59959905294564,0.6353273603258767,0.717131070098659,0.6019675198945731,0.6631371017210175,0.6316109353491117,0.6137416013010469,0.5848303437711135,0.6349508895418855,0.6446038330882106,0.6441116543816935,0.6500976882089943,0.6127768891666411,0.8077988088117398,0.5772617700478251,0.5667108403084917,0.5616000562561433,0.6252207760925241,0.7090801838588915,0.6876494928489764,0.6832360719161577,0.6233377282736033,0.0,0.6541011661317793,0.7643816068959159,0.8404685916466454,0.6610988842332332,0.7098726124916062,0.6016130680974094,0.7432697990606396,0.6880833820164752,0.5669606162892564,0.6440221912049023,0.7106854696975522,0.7497224758502914,0.6208505691410193,0.7497590300817855,0.6477652991887103,0.636252083299695,0.6225615437285367,0.6494869237362775,0.6320555441177872,0.6048887920761843,0.573622655304526,0.6185577657271428,0.6107131265793159,0.5965113482858754,0.6847279044589938,0.6261994804360841,0.7800296777750018,0.8323932464205295,0.609223871541529,0.6530878614808698,0.6844061643789859,0.6157737007243288,0.638424773422534,0.5883213194517037,0.6271531419893567,0.6605785826264049,0.6675175149577549,0.6344748816001661,0.6662971859335036
JPN,0.8210455505951655,0.6528801063983477,0.5848397934392576,0.5343564234593332,0.44417220741971136,0.49461548724566345,0.6782931257435268,0.718240760275794,0.5672996286563033,0.5471074666108666,0.9331035671827826,0.5316629143525078,0.5457824929918393,0.6231494299411802,0.5334820600434228,0.6727798590031534,0.7173145220573586,0.7437640211119192,0.6365161867480561,0.5983149601378478,0.715659800672602,0.47078114046278535,0.4283759784499429,0.49725586589336823,0.6799479016074937,0.45940020786034447,0.6341004515503768,0.49199419016392143,0.4625427936522886,0.48359963399034683,0.5558440538720743,0.7046814141968107,0.5930222405131336,0.5166783758886837,0.5695579554508426,0.6300961792934804,0.6606820080636803,0.6820320197391273,0.5825396218643548,0.43695576751300347,0.6541011661317793,0.0,0.768392587073418,0.8261174591370465,0.44237162433524707,0.8097857481067459,0.6553141425661009,0.6417869789201501,0.6755610923020163,0.6039811832628175,0.5145058333779192,0.662004305759336,0.7726332068551289,0.6558869581846698,0.7989812077575572,0.5397293585269038,0.5620905546362239,0.5746110597747718,0.6398228719602779,0.6521033064317956,0.6682438085484745,0.5568994094075647,0.502289984758275,0.608829239621371,0.6007289139605168,0.683174358240355,0.6469953464566841,0.6658767218339297,0.8218472875835792,0.5198897590409627,0.4918966324028566,0.47742020014705816,0.5424159070506057,0.6353905337641201,0.5261218365412778,0.4278989356442585,0.6740148031568153,0.4784373309633501,0.6787469020921096,0.6119205350601425
KAZ,0.760113039624809,0.711645144725466,0.7039216968931931,0.664726550011166,0.7364181169221597,0.7302199619001931,0.7457411609136814,0.8092444208078045,0.7787229724339089,0.7204872168239104,0.879866549870091,0.7605758276540127,0.7507881534886011,0.7460514391277565,0.7826595171349938,0.7829277549678108,0.7382856197979653,0.74669824370376,0.708157076990753,0.7298060666160282,0.825594684715005,0.7308852543648544,0.7556504757935238,0.732687138689345,0.7483003354518456,0.7606587131811479,0.7398933002544307,0.7630612050386548,0.7241421289355513,0.6947975589841868,0.7306883789485855,0.8158750437038389,0.747400715984763,0.7276208164635789,0.7532576410999201,0.7602765607779906,0.7923306695763712,0.7889441711176207,0.7449877937090056,0.7344011277639674,0.7643816068959159,0.768392587073418,0.0,0.8660296655231559,0.8111966533868813,0.800822722054241,0.7630133990909117,0.7753580539217461,0.767545422370285,0.770226843475137,0.7375502374945081,0.8420242225805259,0.7959367598478012,0.7187035167840243,0.7701308429596715,0.7091500532430713,0.7282891725751682,0.7264426254956962,0.7355249917476443,0.6916050249041927,0.7555384266283625,0.7088329608014085,0.7424372989610454,0.7648627219176697,0.6547491956031285,0.6099819325005968,0.7622516154866946,0.8384533460009359,0.8442787306709612,0.7436331732695992,0.7465736713362825,0.7556065422772582,0.7909176327314505,0.7476013344122984,0.754326334788463,0.7947538924336218,0.7218095910104783,0.7274056334603313,0.7267459351372076,0.7282493689203723
KHM,0.8936467015262571,0.8872555249517127,0.7870499644681439,0.8104666037329615,0.8377613246972202,0.8452592254557209,0.6938876654833823,0.8440517801809821,0.7647443467684517,0.8397867014275705,0.9654439301112734,0.8471711087969541,0.8795390643000028,0.8591249482437163,0.8097772574941609,0.8213823199648124,0.8092574889068496,0.7817986279788656,0.8429343683921687,0.8021458163372023,0.8748901081265077,0.7895273461865416,0.8738419313435776,0.8392664263746014,0.8243241216078836,0.8331216907225338,0.809162549755612,0.8272005300362646,0.8432460416306794,0.8642761645921545,0.7900161945413074,0.928945633250686,0.7975761957416957,0.7723074799177786,0.8358508916550819,0.7743595677585815,0.8150051855397711,0.8568611514525427,0.8861328871100941,0.8359248820921428,0.8404685916466454,0.8261174591370465,0.8660296655231559,0.0,0.8318676650467581,0.7539511780990236,0.7683218294352708,0.8603004199166854,0.7891326067335527,0.7658590592592508,0.8356635821028581,0.8946676453743597,0.612116290368674,0.8494478118578155,0.8358013445801522,0.8583796614340266,0.864146045825811,0.8141225914828244,0.6943905971889056,0.8547085094703899,0.7880999322926358,0.7660711933499753,0.8358307958726531,0.7120252893991327,0.8324733291498256,0.8754253495359383,0.7649728744382123,0.9304597369966217,0.8805278325187205,0.7696059746459553,0.8285928964984656,0.8383669664954604,0.8293596779085223,0.7550682426687627,0.7855613890216874,0.8165582561160638,0.6728398661065615,0.870032384394631,0.7528550820810287,0.848627064083366
KOR,0.8363679502769237,0.6779567318517545,0.5839350861625667,0.5925544673735754,0.4973779389133932,0.5186817169855201,0.6355776170916861,0.7124891151366822,0.5527806638815151,0.5597096642563314,0.9445180019290165,0.5626165870923305,0.608250441598696,0.6352323542904754,0.4669247327512181,0.6735862096122643,0.7120518458831968,0.7377010157955645,0.6292069294994883,0.6206960126699761,0.7023998482879323,0.5156397534120724,0.498566914101677,0.5305756082759601,0.6686447145205583,0.47606976679147855,0.6455903276259609,0.5267907602060029,0.5185308384289166,0.5398603858047549,0.5694991067187724,0.6902276807623694,0.6140368105269245,0.5246289214537144,0.5839126681887419,0.6384576273594555,0.6742376073892165,0.7097963366463318,0.5909894876718241,0.4714655523328272,0.6610988842332332,0.44237162433524707,0.8111966533868813,0.8318676650467581,0.0,0.8214181661668348,0.6659015713059514,0.6566883115910426,0.6884661698786908,0.6003857001911288,0.49304171000306785,0.6343233686107582,0.7604171232732782,0.6275011668422835,0.7855103425964501,0.5734941463909496,0.587755188805559,0.6089636146573465,0.642403348678743,0.6691983354131518,0.6466289065863906,0.5726875572707254,0.5269723865106217,0.5901563024834471,0.6418488415512541,0.7228617409335115,0.6386508656095098,0.6390179613304074,0.8464274018078156,0.5658634031119029,0.5477901594720889,0.5429438991278086,0.5036602283344578,0.6133642463910898,0.54313345714058,0.37611606111079887,0.6774443611073822,0.5139268790696659,0.6393138617789436,0.6407621677611846
LAO,0.7835645784337248,0.777105928081346,0.7279893792007531,0.7344092806064554,0.7580399278876007,0.7962691841731943,0.702600916047019,0.8102983145311933,0.7006521192958055,0.7617322131893645,0.9044329581219267,0.7884607968456984,0.7872306211828753,0.7353306061316262,0.771129053704747,0.7001936737821349,0.7200321997280367,0.7195470378912467,0.7051315321065478,0.6972974991419,0.7888639526789968,0.733509313465039,0.8086136421894126,0.745274451436525,0.7593647420117264,0.757361695836993,0.6886453395648656,0.7808913620993372,0.7629569572213275,0.7918541978760727,0.7134415738124488,0.8554876268624861,0.7086368746841895,0.6727232055141679,0.7002000150367204,0.7644791680252049,0.7487254543985332,0.7827726716994289,0.8324622327131651,0.7946720708989016,0.7098726124916062,0.8097857481067459,0.800822722054241,0.7539511780990236,0.8214181661668348,0.0,0.6270502575617115,0.8428839730885781,0.7436454845975494,0.6832232110735111,0.7815890635604807,0.7970235062203268,0.6441813957780927,0.7613822503153012,0.7680384140314224,0.7679589588883461,0.7853395638483361,0.7172831081297019,0.644713979033156,0.7355610907245259,0.6409489829777564,0.6498293910444278,0.7534331239746327,0.6654133680780028,0.7421909473866404,0.792354590266922,0.7070163487145475,0.8908335130157667,0.821032975056862,0.7290581729890296,0.7726555865228705,0.8041412462690608,0.739994419697184,0.691546453294421,0.7428330012363263,0.7907258253176088,0.6976116700777086,0.8073373241883144,0.6814919561656207,0.7933930386159082
LTU,0.7672770513655739,0.6947507375221198,0.5775275431434349,0.5792731388483428,0.5896271014701873,0.6028330100694683,0.6218908467818954,0.7343993324873263,0.4715555598973601,0.5910465841636151,0.903111196196415,0.674335938633066,0.6482945162852017,0.6607807014391878,0.6359620039233972,0.5791281169464094,0.6228055372008765,0.6774910803961424,0.5769135376346723,0.5424794664798046,0.7040610336756042,0.5465331048705296,0.6542001613867808,0.5884368000870587,0.641830090420216,0.577693800644406,0.48508569495781756,0.6112650190310589,0.5856272236409161,0.6180796510700148,0.5973155037992344,0.786154709313456,0.5010827705969971,0.4727248170985601,0.6024510717086132,0.635434687015919,0.6560720839025795,0.7137313389845701,0.7159961110834829,0.5978936778652542,0.6016130680974094,0.6553141425661009,0.7630133990909117,0.7683218294352708,0.6659015713059514,0.6270502575617115,0.0,0.7686156959121855,0.5769223326871232,0.5768103715526458,0.6498568863214825,0.6876464203861596,0.6158327908886994,0.663144192995964,0.668464898484047,0.5912920366159586,0.6206611219190302,0.5569016582209194,0.46927352513313686,0.665146249070852,0.5183620612364931,0.4828170339665367,0.5672238422325195,0.49588242494147794,0.6028360664762901,0.6992435627282961,0.5672406212379094,0.7621442992226578,0.7834343559475709,0.5071172160712413,0.5959783527726487,0.6595154720712241,0.5896864230315532,0.5971313487942341,0.5936665553983109,0.6306394192177289,0.5960516737577877,0.6673330233463171,0.5856735812448385,0.6742042173696237
LUX,0.8556613077334334,0.7149072684313477,0.7304056401016034,0.6115541955481247,0.5635909185089527,0.6010504060263063,0.6936060527672182,0.7723441472086092,0.692556138444017,0.6940869332160863,0.9475567024269088,0.6599213028850953,0.629730664368476,0.7277006946743964,0.719388758092078,0.7642844603808036,0.7820760473834713,0.7826808793887653,0.7367721017191404,0.693410898357078,0.7194199206501656,0.6224687293450691,0.6028442817153873,0.6090800977380811,0.7829087641517251,0.6124028699295496,0.7182222477459566,0.6613350835219356,0.5885398937670827,0.5740604346543744,0.6179478313635532,0.7030472764207474,0.6918614512043076,0.6583942442475067,0.7237600760825951,0.7113180471347521,0.6719310005898891,0.6494845231417127,0.644292111334117,0.5789489170979667,0.7432697990606396,0.6417869789201501,0.7753580539217461,0.8603004199166854,0.6566883115910426,0.8428839730885781,0.7686156959121855,0.0,0.7400588013494442,0.7171978454021535,0.6902759939906431,0.7563050672411297,0.8266784970383361,0.7049769985867942,0.7923452698796329,0.5969006893826669,0.6569698541772429,0.6420762458765225,0.7338533503104934,0.7432484109109523,0.7455293919994633,0.6639560911823696,0.6392297825425555,0.7461633405901124,0.6928784587286331,0.7470426919070859,0.7326797653248799,0.7377453769177301,0.7630794134752772,0.6687784685408685,0.6576230483426259,0.6452990849496787,0.7449321387974002,0.7394694474024974,0.68453892646883,0.6566442546287663,0.7668320958823424,0.6002777831187526,0.7875583098252016,0.7240804289592907
LVA,0.829930732164493,0.7312124196082647,0.6640726131057071,0.5853414821001521,0.6095544885650273,0.597454635536909,0.6411062219002198,0.7327572244139048,0.6172115274991684,0.702610724602334,0.9509423940983117,0.6737137275557485,0.6758124140284991,0.6928365927752707,0.7162617341268518,0.6285659919329305,0.6655409795782751,0.7002437803887168,0.6787152435586367,0.64110728905407,0.6465762289311922,0.5823351174465708,0.6428904925928067,0.6064451185880441,0.6954933752021417,0.6097106103636943,0.5104926517220043,0.614452581580566,0.6066801519115955,0.6175337600377411,0.6037602328021872,0.7809318949218723,0.5875618284729238,0.5958065995504294,0.6931898808931078,0.7168790947008927,0.6738531309745461,0.6915107291777681,0.7317466699020737,0.6109303316725562,0.6880833820164752,0.6755610923020163,0.767545422370285,0.7891326067335527,0.6884661698786908,0.7436454845975494,0.5769223326871232,0.7400588013494442,0.0,0.6609044357862174,0.7130617892064245,0.714660669106416,0.7301748601207115,0.7022239060279729,0.7479143811517369,0.6053681235730137,0.5872683804349819,0.6039058239456759,0.6385300634747878,0.6931620279211718,0.6411895548510063,0.5644369812395065,0.6040887980062192,0.6432599509281367,0.6495108536805969,0.7352249190041136,0.5808345100500305,0.7797875408731804,0.7684368118580355,0.5669642201368945,0.6260842155003845,0.6140826505601207,0.6960269347467173,0.6453843245256016,0.6488331637064723,0.6757271672564065,0.6740611220551587,0.6798756365408625,0.690992681792267,0.7211871575220481
MAR,0.779473542710868,0.6433320960204036,0.5358434180253511,0.5758111419077253,0.5754360265429823,0.5672789627505811,0.6410651817883265,0.7278816672723222,0.5100973531635821,0.5564037110142538,0.911625384626251,0.6147700950629293,0.6630074628957063,0.6291487673298433,0.5874496151110395,0.5889519372519373,0.6314866764925103,0.639734372577625,0.5958675664833865,0.5642509409007652,0.7058273696629056,0.5556934830244588,0.59653861229522,0.5763687495937883,0.6335783807624438,0.5043817446272919,0.5924879339522063,0.6127713313443811,0.5466739283562363,0.6140087747094604,0.5532743937608003,0.8126750079862899,0.5585852083542464,0.4767747537911871,0.5346922912581563,0.6031623905686088,0.6533214097422818,0.6923107939447921,0.6670587960759254,0.5723285875811803,0.5669606162892564,0.6039811832628175,0.770226843475137,0.7658590592592508,0.6003857001911288,0.6832232110735111,0.5768103715526458,0.7171978454021535,0.6609044357862174,0.0,0.5879602602541749,0.7252102263999954,0.6844575374185162,0.6142338991586055,0.7396413070763974,0.594818672523902,0.6457281002060389,0.5880999127160239,0.5951093608895822,0.6225317872604782,0.5216550637934482,0.5369064606719921,0.5469056861016406,0.563924465062897,0.6091008087494908,0.6869494068698512,0.5478858887731761,0.7653163229366506,0.8169334175650237,0.5732434122328347,0.6075196307382827,0.6210379159655279,0.5672715862250768,0.5609273664693694,0.5387209795840302,0.583041558893579,0.6159601664132675,0.6167251967771323,0.6199059017918426,0.6116156305328259
MEX,0.7789854258782634,0.6430052334082075,0.5076138500367815,0.5593065964961407,0.5238176266887119,0.533149582141015,0.6686397933143496,0.6914619594490178,0.5720893311995485,0.5384042674006528,0.9178096554755694,0.5772399610341552,0.5978472429787547,0.6297775596641679,0.5195416185458075,0.6616157973023539,0.686328069934489,0.6912949696745091,0.605911988929498,0.583002254517207,0.7522660243573994,0.5364165712423139,0.5195828330114065,0.5712840281322034,0.6465895596707456,0.5055197991759607,0.6461870472865129,0.5623228150651306,0.5250263741290243,0.5416484907216952,0.6119255430284344,0.700385578071383,0.6148161098349517,0.5171566803593638,0.5660800588103401,0.6268122499283312,0.6905723861913095,0.7307368388209514,0.6188536859870711,0.49154322643534565,0.6440221912049023,0.5145058333779192,0.7375502374945081,0.8356635821028581,0.49304171000306785,0.7815890635604807,0.6498568863214825,0.6902759939906431,0.7130617892064245,0.5879602602541749,0.0,0.6709584889228793,0.7346063086060001,0.5925920096932111,0.7459921724673967,0.5636858833180209,0.6060112735543611,0.5927515535308737,0.6276714862128592,0.6240536831322431,0.618098415265179,0.5443287329053931,0.5362441772894774,0.5910929481647029,0.608829251691361,0.6379582841430699,0.6219496720000433,0.7100814408990933,0.8659907475938994,0.5818657650068524,0.5625042783326358,0.5664574483313191,0.5385309310683603,0.6361322202075712,0.5606507158608444,0.5014166953301439,0.6432043305967122,0.5042399352753788,0.6205344744928813,0.6208149106789775
MLT,0.8370327984731467,0.7369695822637246,0.7170592019025094,0.6831051733717789,0.6557861222400746,0.6700066204494629,0.7198741958761188,0.8148581392662646,0.6789052656910499,0.7116256473863454,0.9592266359310854,0.7124797813243782,0.6381566712632689,0.7320713757054661,0.6871018409466827,0.7338077181138583,0.7623054017370116,0.7980836522324842,0.7125863725177305,0.6829537269433841,0.7214149078724633,0.6612613213279749,0.6884206115656701,0.667368535163223,0.7768103344705876,0.6508414902362812,0.6627391346907398,0.6842190537584542,0.6440137609129448,0.6557264901516758,0.6871732780797098,0.6915022621114227,0.6661086265592439,0.6724306297231804,0.6986408374104797,0.7502791336493102,0.6857806988471024,0.7158174949011664,0.7072743224541825,0.6605749711917831,0.7106854696975522,0.662004305759336,0.8420242225805259,0.8946676453743597,0.6343233686107582,0.7970235062203268,0.6876464203861596,0.7563050672411297,0.714660669106416,0.7252102263999954,0.6709584889228793,0.0,0.8264393609104879,0.7267559401530256,0.8238069706373693,0.669148612377188,0.7022565381514816,0.6994058545399824,0.7235688183029304,0.7538822085904382,0.6798651304133017,0.6729429705255522,0.6443460603313782,0.7209114005819547,0.7237933572575976,0.7777404759218791,0.707201828698235,0.7162757180851572,0.829470376870476,0.6538042759090329,0.6819488601642346,0.6918768711659504,0.637808405715668,0.6963965628363376,0.6729386802623548,0.6385866939763335,0.7946916602036981,0.6870197265174284,0.706787551003621,0.7741977197401717
MMR,0.824589668256858,0.7829818581348514,0.6761104459786704,0.6893942577358435,0.7579009039893598,0.7660203873979509,0.5986226604678656,0.7816411428791161,0.5887935206574042,0.7247224305873579,0.926358121977376,0.7623126164263307,0.7935015030904267,0.7436701538765091,0.7220386909210829,0.7135014633877145,0.7053183025380925,0.6965520296584007,0.7315145335007938,0.7061372805874074,0.7935956825554977,0.7280617854558836,0.7837922318728591,0.7268240196834794,0.755346931428474,0.7263570110871356,0.6912251964794365,0.7520639179912837,0.7383689652961004,0.7649607511474936,0.6866841522344903,0.8813851839574196,0.6748773590620774,0.6315347472328082,0.709439258333118,0.6707769447332069,0.7057801891564246,0.7674890413685234,0.810688551980529,0.7422866930576467,0.7497224758502914,0.7726332068551289,0.7959367598478012,0.612116290368674,0.7604171232732782,0.6441813957780927,0.6158327908886994,0.8266784970383361,0.7301748601207115,0.6844575374185162,0.7346063086060001,0.8264393609104879,0.0,0.767911297753841,0.7231950361900904,0.7496973826457834,0.7460422884708512,0.679267110206169,0.4689477698106287,0.7548774066768007,0.656701873867764,0.6464260214405241,0.7293804862184977,0.6054405922982173,0.763724502615265,0.7923436773014753,0.6472916594114099,0.8604085452422376,0.848225183344465,0.7391631133733986,0.7358819026822598,0.775331610179202,0.7173198189169991,0.6262017039950954,0.7328310963413509,0.7494446159632909,0.6335483440104962,0.7774748537838124,0.6205974628491872,0.7934026225579217
MYS,0.7619988351322353,0.6259775263597542,0.5862353666192615,0.6128877541056156,0.6176313969553767,0.6266832761541533,0.713956514055693,0.7675166062394329,0.6273523447851439,0.587930548481636,0.8514913061082325,0.636315014058318,0.6834064347828249,0.6940850776691867,0.613959607088254,0.6805778158038134,0.6581333140443568,0.726429101320777,0.5888206834195515,0.6464312013285464,0.7271042394302508,0.6096862896035292,0.6376455065823131,0.6257658179579072,0.6152888238500982,0.6019702133086445,0.6529985517240366,0.6406347112841012,0.6241674629989645,0.6035608546050631,0.6730715484638302,0.7201082777384699,0.6355441215163742,0.5973980473010423,0.5591864983690723,0.6459247694529807,0.6920391912080806,0.736996579228856,0.6664439519169636,0.6216281842076499,0.6208505691410193,0.6558869581846698,0.7187035167840243,0.8494478118578155,0.6275011668422835,0.7613822503153012,0.663144192995964,0.7049769985867942,0.7022239060279729,0.6142338991586055,0.5925920096932111,0.7267559401530256,0.767911297753841,0.0,0.7340329465969104,0.6116410170497905,0.630247215804061,0.6341988157027063,0.6605216052744904,0.6637014841776175,0.6131955550961442,0.6147091046582372,0.6371878234769539,0.6078483205427807,0.6038231398204686,0.6125672352357626,0.6616873810346581,0.7123187209449496,0.8109417150307464,0.628099273727832,0.6701765800019927,0.6711918915621795,0.5753720363576907,0.669370594143588,0.6514399472169955,0.6009470263767924,0.6353672826407047,0.6267264344630729,0.6202475417051216,0.6584242972479113
NGA,0.831873625624814,0.8129387649566421,0.7252747152453988,0.7087881788229932,0.7578999306940706,0.7502430370391718,0.7019495383805122,0.8234087051253415,0.6837501302483174,0.7490520951812877,0.9408284722443722,0.7731143941241972,0.7769529969130299,0.7885653461174813,0.7783978661135912,0.7085590482803352,0.6949887936175353,0.741702057856782,0.7161946331960174,0.6841948339271258,0.7966470833168743,0.7431882116838511,0.7819750328498989,0.7128407035786035,0.8111166254293171,0.7308473921317803,0.691379779717213,0.7744051420722835,0.7378629807676248,0.7414963246632708,0.7146472957697394,0.8427890056305736,0.7225476528649805,0.6797071189328844,0.7551408000712887,0.7903106426609978,0.7573004293027333,0.7971100431692436,0.7839022171829808,0.7374189768304191,0.7497590300817855,0.7989812077575572,0.7701308429596715,0.8358013445801522,0.7855103425964501,0.7680384140314224,0.668464898484047,0.7923452698796329,0.7479143811517369,0.7396413070763974,0.7459921724673967,0.8238069706373693,0.7231950361900904,0.7340329465969104,0.0,0.7254252934011556,0.7371718392529637,0.6780114213048101,0.7215531189102822,0.7541488579009745,0.6889728373992609,0.6768443457664283,0.7251696322742345,0.7096663254475474,0.7588379381867163,0.7562319011565166,0.6855968172764554,0.8610553585358741,0.8480194864992112,0.7400128333219785,0.7540609032758555,0.8007394466545916,0.7563913955913011,0.744447796152529,0.7593820875178702,0.7856381789568827,0.724605166170533,0.7574788914752167,0.727027375646922,0.8073680617679725
NLD,0.7629920658992991,0.5810260148873083,0.5747601313087594,0.4250769226669622,0.4181661790695745,0.38513562888724795,0.6258646767964614,0.6596314175870389,0.5479316755723364,0.548570875835595,0.9194515898199034,0.5284773697689011,0.5022392125559477,0.5601883173556711,0.6535926850835,0.6342373719565041,0.6560431328482194,0.6931099027584195,0.573202557982374,0.5199056217618158,0.6332712848340081,0.4409216695766899,0.4365661638212952,0.390842671540746,0.6761769404288093,0.44441150192943596,0.5273834983890955,0.5015247717095626,0.35613740845040764,0.355174387501033,0.4818890445468344,0.6451550651712896,0.5134483723227286,0.48694841794347987,0.6117187677116481,0.6371487025570263,0.5655087816569868,0.6275443205757149,0.4855996928531005,0.4201699569946069,0.6477652991887103,0.5397293585269038,0.7091500532430713,0.8583796614340266,0.5734941463909496,0.7679589588883461,0.5912920366159586,0.5969006893826669,0.6053681235730137,0.594818672523902,0.5636858833180209,0.669148612377188,0.7496973826457834,0.6116410170497905,0.7254252934011556,0.0,0.433916917014937,0.4560303256811493,0.6137275570796381,0.6128313726803883,0.5959045696153471,0.5202312765887611,0.4414305247934713,0.6084441857008596,0.5646069183902275,0.6119175427110134,0.5493122868189859,0.6487612707237332,0.7547288766713954,0.5188054189668675,0.4700638529728283,0.4962928532876996,0.6235801908088171,0.6253102488761156,0.5859787342061489,0.537681275702656,0.6798357692043674,0.43577623833915585,0.6767036175713106,0.5838833031984867
NOR,0.7723119081797314,0.5760065465157624,0.6133383740277462,0.48550518476176246,0.4811586974550696,0.511910517757242,0.6372134341439025,0.6877542510076635,0.56717585470128,0.5896898591892414,0.9013247791160409,0.5589916715944442,0.5682222118145183,0.5954624528940821,0.6509089205428537,0.6457683475043181,0.6598740386138883,0.6950199459844192,0.6246486016782863,0.5672338365734279,0.6200564522974665,0.5219838846422822,0.5170245553817885,0.4180602506753097,0.6527125945272715,0.5146700215683679,0.5160253756613806,0.4815200676294772,0.5024288518647253,0.481755511485587,0.5392922477771233,0.6806400899140751,0.5225880243285068,0.5425093114360355,0.6080249365337811,0.669163650348854,0.6308551070644856,0.5842866544228915,0.5917144665330475,0.4998370216384898,0.636252083299695,0.5620905546362239,0.7282891725751682,0.864146045825811,0.587755188805559,0.7853395638483361,0.6206611219190302,0.6569698541772429,0.5872683804349819,0.6457281002060389,0.6060112735543611,0.7022565381514816,0.7460422884708512,0.630247215804061,0.7371718392529637,0.433916917014937,0.0,0.5035148498146038,0.628638502925375,0.6241542688381078,0.6222890719707492,0.5419301280167638,0.5149706966281267,0.644108272883161,0.5797265302049694,0.6275356234628038,0.6048466126893608,0.6457520940374301,0.7903286545235089,0.5752813704497038,0.5335624446452177,0.5008606293827598,0.6318075052465205,0.6306828337799342,0.604818113566332,0.568884921845084,0.6929023406786212,0.5159557836630977,0.684834617678238,0.6256340307801336
NZL,0.7754383430038806,0.6193398312145497,0.5669622804970347,0.44813620452001757,0.4546483004408009,0.49518618874985204,0.5857078586036091,0.6564181954796338,0.5297008504290365,0.563846942836057,0.9193416919976715,0.5509486293079847,0.5451058189991215,0.5399129088615049,0.6321390645252839,0.5703195314951123,0.6155121467766326,0.6740428178712411,0.5957689124723585,0.541844017982257,0.6754599213520739,0.4648355272418217,0.5225305451347037,0.4810354467330242,0.6797064027638938,0.49716919241204144,0.5474742067574251,0.525381890992396,0.44776458151403514,0.4722128077000748,0.5202805299222181,0.7159491660558501,0.5258447688600237,0.48689170627560824,0.579423881634349,0.6460845401180818,0.5913184161162771,0.6347472096314921,0.5651225478778534,0.4779324110343777,0.6225615437285367,0.5746110597747718,0.7264426254956962,0.8141225914828244,0.6089636146573465,0.7172831081297019,0.5569016582209194,0.6420762458765225,0.6039058239456759,0.5880999127160239,0.5927515535308737,0.6994058545399824,0.679267110206169,0.6341988157027063,0.6780114213048101,0.4560303256811493,0.5035148498146038,0.0,0.571812031371219,0.6067941483125926,0.569827402321706,0.484941778630442,0.46766533427007556,0.5835640659603415,0.5993537279320347,0.6602744805609182,0.5354655257334063,0.7093375508841572,0.8032360301073357,0.5307280331643485,0.5205025310645038,0.5126858392062433,0.6277683518459366,0.6155983125168496,0.5925263311883316,0.5795554167372678,0.6640233877361138,0.5171883639930108,0.6375824674173354,0.6166416590444129
PAK,0.7390586747555525,0.690510037859271,0.5379787623865012,0.5640110973999769,0.5869016653769148,0.6269805820093003,0.5642740326678276,0.7079981656270251,0.47870928271417074,0.562992991418919,0.9131495655364602,0.6545444178053196,0.6338089999463123,0.6427738332797884,0.6074162715584486,0.6399394818044373,0.6452458253503203,0.6880544978080969,0.5862935862183419,0.6026369842032915,0.729831166654644,0.5713950177290137,0.6482025721287054,0.6063011774122616,0.6119395232863108,0.5978426434108234,0.5785421577117791,0.6258293360512488,0.6000888797683848,0.6043683666093128,0.5838094753242089,0.7928367855848727,0.5613021472677389,0.48254930477082375,0.6110349202116561,0.5836081764602784,0.6578776145356278,0.7080102398049294,0.7113339935768641,0.5976779807322402,0.6494869237362775,0.6398228719602779,0.7355249917476443,0.6943905971889056,0.642403348678743,0.644713979033156,0.46927352513313686,0.7338533503104934,0.6385300634747878,0.5951093608895822,0.6276714862128592,0.7235688183029304,0.4689477698106287,0.6605216052744904,0.7215531189102822,0.6137275570796381,0.628638502925375,0.571812031371219,0.0,0.6660487374410532,0.5935258653575665,0.5287477215567108,0.5778422327890718,0.4884587899830128,0.611054400023188,0.7028520315638878,0.6051125919511892,0.7662959207622138,0.8117746188182422,0.5607455505700408,0.6048719489654569,0.6310170236878253,0.5757623617870821,0.5817993896234046,0.5890083720999809,0.6228646161106842,0.5885155565576684,0.6323376352547961,0.5659612519999883,0.6882853445871782
PER,0.7880234397382984,0.6472114257026608,0.5673074265941053,0.5706458743525022,0.6251508746982922,0.6150046309870422,0.682283139286685,0.7401395992239344,0.642819724829331,0.5911282609487293,0.8742969207074112,0.6426108492532401,0.686934656399538,0.5668123996219878,0.6657015514973437,0.6260136198134317,0.6471024297149297,0.6619180227579069,0.5824933198342683,0.6205636330929334,0.743596936124068,0.6262413330969675,0.6401164824015081,0.6258753887483725,0.6476216769853184,0.5900820704482088,0.6657632954843506,0.6360499151256831,0.6015167823036401,0.5953512036028875,0.6048595306658642,0.7934158043042131,0.6308598784721576,0.5922129431459651,0.6105487572479315,0.6970760697385807,0.7040196055778587,0.7317383251495795,0.6662270321079365,0.6032431201163427,0.6320555441177872,0.6521033064317956,0.6916050249041927,0.8547085094703899,0.6691983354131518,0.7355610907245259,0.665146249070852,0.7432484109109523,0.6931620279211718,0.6225317872604782,0.6240536831322431,0.7538822085904382,0.7548774066768007,0.6637014841776175,0.7541488579009745,0.6128313726803883,0.6241542688381078,0.6067941483125926,0.6660487374410532,0.0,0.6542499743577554,0.602319553636359,0.5936935782075903,0.6682957983014921,0.6478990893395136,0.6717940510008393,0.6289332992768635,0.7833677589241421,0.8265234533956548,0.6642746158821113,0.6379567863895795,0.6626123405134724,0.6289106184957417,0.6546952900201306,0.6256813033722828,0.656753065451207,0.7014481117740013,0.6058637094500045,0.6851286614271787,0.6184515241919217
PHL,0.7758328990668214,0.66087400365022,0.5746091486964041,0.5904742017752772,0.6001508726217746,0.612082430037568,0.6210383881487488,0.7371203563327885,0.5105916208357273,0.5914528690370305,0.9015517174365629,0.6413506726639705,0.6728116592657503,0.6298634563895235,0.6331231525618378,0.5700517344647333,0.590402892794219,0.6195399569353369,0.596886008162871,0.5158505692630431,0.7069015170790525,0.5766001457335921,0.6672644605968798,0.5689762702675126,0.6634664697838358,0.5586824117405156,0.5647857750480193,0.6367938877948988,0.5918745965876631,0.6378972760809508,0.5662652201238064,0.7487163905752371,0.5534273594282328,0.5174644258740568,0.5471764643925957,0.6269328128726346,0.6263293859371557,0.7067448901562022,0.6818660480370661,0.6113616370059926,0.6048887920761843,0.6682438085484745,0.7555384266283625,0.7880999322926358,0.6466289065863906,0.6409489829777564,0.5183620612364931,0.7455293919994633,0.6411895548510063,0.5216550637934482,0.618098415265179,0.6798651304133017,0.656701873867764,0.6131955550961442,0.6889728373992609,0.5959045696153471,0.6222890719707492,0.569827402321706,0.5935258653575665,0.6542499743577554,0.0,0.5373142861211848,0.5719868284873522,0.5646847050816929,0.617123501150415,0.666366867622492,0.5274604557876835,0.746260684347086,0.7978225275004677,0.5905170391134743,0.6405755167106867,0.6642308943953115,0.5597292487141513,0.5712005582142816,0.6099163062931762,0.6146963708454102,0.6342890797809579,0.6723582176619811,0.5902890725766481,0.6636152668184655
POL,0.7825811666295875,0.628453248561994,0.5411131642204182,0.46328011590897233,0.4895014285807311,0.49631526600475195,0.576914926932645,0.6778956766056036,0.4617843903605933,0.551122474017949,0.9152191829664632,0.5779268597118505,0.5947982472792221,0.6230345608458838,0.5413694162974649,0.5742175386608772,0.6192562661411773,0.6482280587424635,0.5857852312750537,0.5210850634716081,0.7100386710477788,0.39520786504228905,0.5291866067184565,0.5190728031803182,0.6508912415721699,0.45818700506679616,0.5110008466827681,0.4981902820564179,0.501523090568689,0.5247122371423407,0.5355080719876901,0.7510944817281042,0.46398668891230344,0.40772094958906574,0.5480347141189784,0.6010093673048242,0.6231181281386657,0.674365616292033,0.6643327093689716,0.47439861247774245,0.573622655304526,0.5568994094075647,0.7088329608014085,0.7660711933499753,0.5726875572707254,0.6498293910444278,0.4828170339665367,0.6639560911823696,0.5644369812395065,0.5369064606719921,0.5443287329053931,0.6729429705255522,0.6464260214405241,0.6147091046582372,0.6768443457664283,0.5202312765887611,0.5419301280167638,0.484941778630442,0.5287477215567108,0.602319553636359,0.5373142861211848,0.0,0.48149404680326935,0.48988717542060456,0.5499773041559722,0.6566925691700858,0.5303075898050578,0.7416880812365112,0.829328122851552,0.4409455702236194,0.4830559087884575,0.5360948082036022,0.582940899483811,0.5766184054251257,0.5381960424777398,0.5512737598644484,0.551309128556666,0.55782818601176,0.5813224106967082,0.6110486424194664
PRT,0.7601927802714505,0.6009478187363605,0.5587967163358334,0.43078658653944896,0.40027848693261875,0.4068377893738878,0.5708673801135066,0.7084583341466489,0.5151862576670134,0.5309228235255808,0.9288647854876576,0.5640589663995302,0.5434460908407124,0.5741005340604682,0.5806083099265862,0.5938656935888392,0.630295143704735,0.6853839475214152,0.5604009860090771,0.5138155572961233,0.6646832156418484,0.417380958569086,0.47675082258793433,0.48045244558223477,0.664282970778373,0.3651154633319718,0.5511172028763953,0.5186586207381749,0.4049426622207242,0.4409169382377024,0.48611628647978633,0.6899098427948284,0.5031850709119157,0.463636246982412,0.5456623263507638,0.6176860634970186,0.5677852166499289,0.6535268789088983,0.5787455625900252,0.390129381117651,0.6185577657271428,0.502289984758275,0.7424372989610454,0.8358307958726531,0.5269723865106217,0.7534331239746327,0.5672238422325195,0.6392297825425555,0.6040887980062192,0.5469056861016406,0.5362441772894774,0.6443460603313782,0.7293804862184977,0.6371878234769539,0.7251696322742345,0.4414305247934713,0.5149706966281267,0.46766533427007556,0.5778422327890718,0.5936935782075903,0.5719868284873522,0.48149404680326935,0.0,0.5909346006927432,0.611035173375637,0.6148459401171243,0.545334875983676,0.7169256217032565,0.803780063325116,0.48446401106220377,0.42661210564822755,0.5166548014287281,0.5441172555816775,0.5789118270344373,0.525987994421472,0.5176168176148506,0.6908199950399757,0.5033039313753741,0.6239012094534487,0.5925551796069558
ROU,0.7512126378445101,0.6524409488254088,0.5253247347241687,0.5570066209271393,0.5680896764994964,0.6007351620214678,0.6288042868884655,0.6865593451841587,0.4579335785657134,0.5737586177608665,0.9049167644261585,0.6329992858599195,0.6691831354664576,0.6672365960433313,0.5178778726917997,0.6404423597573062,0.6361999131835719,0.6393605965206769,0.5878773697280694,0.6082854634381032,0.7338838376679904,0.48292391905776233,0.6187509610676077,0.6010099337346732,0.5976045741810613,0.5421282317494549,0.5687354471719668,0.5986171222330665,0.5920787965481709,0.6034869977911828,0.5971870097965545,0.8136756583939713,0.5642469834802403,0.4803612316218831,0.5895335409084861,0.5650405001173866,0.6715021130012926,0.7277148082366481,0.7114099096081248,0.572681641899612,0.6107131265793159,0.608829239621371,0.7648627219176697,0.7120252893991327,0.5901563024834471,0.6654133680780028,0.49588242494147794,0.7461633405901124,0.6432599509281367,0.563924465062897,0.5910929481647029,0.7209114005819547,0.6054405922982173,0.6078483205427807,0.7096663254475474,0.6084441857008596,0.644108272883161,0.5835640659603415,0.4884587899830128,0.6682957983014921,0.5646847050816929,0.48988717542060456,0.5909346006927432,0.0,0.5818079018669494,0.720085325052363,0.5844519204878186,0.7762543738343585,0.824867564968404,0.48595104543937057,0.5985614234693257,0.6311048255077627,0.5337234847648202,0.5748580427301169,0.5379834554032648,0.5712660402195109,0.5413223802553866,0.6381032588759369,0.5522411732290242,0.6234954120046133
RUS,0.7480302450325389,0.5843381264182476,0.5656529003160439,0.5580122622832885,0.5594405888917084,0.567279535982448,0.6813084855213826,0.703029977732203,0.5868369233375283,0.5644307324690516,0.8745669973394975,0.6143712841950862,0.6443368516162212,0.6427956561770063,0.6139332606973819,0.6658833110034006,0.6786270963307112,0.7188616296721474,0.6269165910758216,0.6388343655030249,0.7520340523082876,0.5275171241775461,0.5885499870771067,0.587772972791306,0.5982181245627525,0.5822010812092259,0.5941994800221742,0.5990412845520725,0.5726069632765209,0.5628141965226428,0.6058146468446797,0.7738394490183076,0.5904678953243088,0.5401827559712528,0.6137719270860044,0.6153280423996758,0.7199790077634804,0.7049110232261002,0.6483402467245024,0.562063458057944,0.5965113482858754,0.6007289139605168,0.6547491956031285,0.8324733291498256,0.6418488415512541,0.7421909473866404,0.6028360664762901,0.6928784587286331,0.6495108536805969,0.6091008087494908,0.608829251691361,0.7237933572575976,0.763724502615265,0.6038231398204686,0.7588379381867163,0.5646069183902275,0.5797265302049694,0.5993537279320347,0.611054400023188,0.6478990893395136,0.617123501150415,0.5499773041559722,0.611035173375637,0.5818079018669494,0.0,0.6377587138745607,0.6404902486840489,0.722177574708313,0.8151509120317773,0.5235223979441477,0.5980337671887271,0.5871971215514697,0.6191423524119295,0.6583831163746551,0.5697183466983401,0.5983229171805773,0.6097833775423669,0.5840875158395473,0.6670806285361209,0.6046136947751124
SAU,0.7552274223608156,0.6359844886588804,0.635746212012729,0.5975302719524398,0.634622107785149,0.6325944548541669,0.7097969624268823,0.8068525043236233,0.7247353994270033,0.6400453349092184,0.8754531273222093,0.6944820731519981,0.677145151129716,0.7112000685323713,0.7234035437746015,0.7345063551685214,0.6910530830659392,0.7495482101271154,0.6280522465400976,0.6232938796270043,0.7616115660174388,0.6570136543681496,0.6659006258224327,0.632697965611979,0.6683723492264736,0.6321704535674239,0.6658604325839531,0.6930723201268059,0.6408502865198966,0.6096136898892714,0.6554220188121544,0.7197758904639422,0.6438346527431152,0.6485819323163026,0.6598009563777752,0.7040005231032634,0.7108412264248536,0.7438228155875901,0.66027156103317,0.6280392469195416,0.6847279044589938,0.683174358240355,0.6099819325005968,0.8754253495359383,0.7228617409335115,0.792354590266922,0.6992435627282961,0.7470426919070859,0.7352249190041136,0.6869494068698512,0.6379582841430699,0.7777404759218791,0.7923436773014753,0.6125672352357626,0.7562319011565166,0.6119175427110134,0.6275356234628038,0.6602744805609182,0.7028520315638878,0.6717940510008393,0.666366867622492,0.6566925691700858,0.6148459401171243,0.720085325052363,0.6377587138745607,0.0,0.6838513799081867,0.7633518892821035,0.8047752091120541,0.6718309242061262,0.6717141079133128,0.7065474738702603,0.6893674481837322,0.7169845092081489,0.6943492325460184,0.6744701756762114,0.7077620259769718,0.6487784172111292,0.6877136280855554,0.6856270297845067
SEN,0.8135201070605991,0.7168446541113774,0.5655164403214077,0.5525448879782996,0.5933713259067678,0.5541882904311499,0.5853375223174894,0.6933136236168834,0.538837936373137,0.6367925376590134,0.9451948129876219,0.6493260638743333,0.6588885510816259,0.5952054370402571,0.6453996670925445,0.5831532272390035,0.5711170151454373,0.6252202057437245,0.5764385590653809,0.512401515127428,0.6852752168520693,0.5434785774506585,0.6301254668812828,0.5681963628383051,0.6840655901179653,0.5343011273416562,0.5466000095315758,0.6212752301785104,0.55727304232177,0.5903550824026058,0.524051196935006,0.8014950623376641,0.561103774903358,0.5072994887362363,0.5991274247581511,0.6648361568454668,0.6509105397256667,0.6659451605225595,0.6714718348656405,0.5673615531879311,0.6261994804360841,0.6469953464566841,0.7622516154866946,0.7649728744382123,0.6386508656095098,0.7070163487145475,0.5672406212379094,0.7326797653248799,0.5808345100500305,0.5478858887731761,0.6219496720000433,0.707201828698235,0.6472916594114099,0.6616873810346581,0.6855968172764554,0.5493122868189859,0.6048466126893608,0.5354655257334063,0.6051125919511892,0.6289332992768635,0.5274604557876835,0.5303075898050578,0.545334875983676,0.5844519204878186,0.6404902486840489,0.6838513799081867,0.0,0.7903342311401099,0.8139329251525825,0.5798895710570396,0.5973966167553835,0.637173837375549,0.6346985979978973,0.5509836275083239,0.6025214750318387,0.6302625501659616,0.6476765539321223,0.6413902037043099,0.6143913589235668,0.667130531854644
SGP,0.8591637199527372,0.6687928050383656,0.7563439747883969,0.7125482896887597,0.6849059681821684,0.6647806224692895,0.798069260960054,0.8006652212012011,0.7092951031546074,0.6680069155354909,0.8597624495334916,0.7127105025296939,0.6083530882503339,0.70966466033005,0.7331256134210772,0.7648360739140463,0.8097240253769664,0.873329188088664,0.7765660469661964,0.7289585669051246,0.7075811866592537,0.7204431823630106,0.6654611622001879,0.6458191391046338,0.7482374262054332,0.7137920041335934,0.7250965123117078,0.6787015941935063,0.6587863207824467,0.658394807193558,0.7120728331144242,0.6414565678102047,0.6958421519406314,0.7208841466647148,0.7281415461871985,0.7415264004994423,0.7165539535791581,0.7532689175474498,0.5887472596662328,0.6723968808906198,0.7800296777750018,0.6658767218339297,0.8384533460009359,0.9304597369966217,0.6390179613304074,0.8908335130157667,0.7621442992226578,0.7377453769177301,0.7797875408731804,0.7653163229366506,0.7100814408990933,0.7162757180851572,0.8604085452422376,0.7123187209449496,0.8610553585358741,0.6487612707237332,0.6457520940374301,0.7093375508841572,0.7662959207622138,0.7833677589241421,0.746260684347086,0.7416880812365112,0.7169256217032565,0.7762543738343585,0.722177574708313,0.7633518892821035,0.7903342311401099,0.0,0.8515265804741874,0.7417612278768362,0.7329353340673006,0.6648825730156219,0.6874947803620179,0.7854149467725225,0.7571045973257978,0.6050908131095789,0.7930218917380553,0.6490650022943238,0.8093249333206567,0.746053324543808
STP,0.8984707100559453,0.8453352929668586,0.8347817882061251,0.7649864226199944,0.7812116877059817,0.7892479237105668,0.7878059089474612,0.8646720893811989,0.8372822254246665,0.8306426876642825,0.9453701084132655,0.8103264465376021,0.8105548420024741,0.8443462576589401,0.8873231641637428,0.8430294305289057,0.8153893784776827,0.8294966312806368,0.7923582918323102,0.7885068142372234,0.7853803035826298,0.8020710375495783,0.8100065817322754,0.7788392734604563,0.8651073387221576,0.7865570864355033,0.7810858037952598,0.8247283569626475,0.7664344881286861,0.7579948575836327,0.7736705227192868,0.7676194369854542,0.7903078588272119,0.7903636522653694,0.855286248944219,0.8233002240125787,0.7640509537367247,0.7740716793583375,0.8051217808852067,0.8195042164056873,0.8323932464205295,0.8218472875835792,0.8442787306709612,0.8805278325187205,0.8464274018078156,0.821032975056862,0.7834343559475709,0.7630794134752772,0.7684368118580355,0.8169334175650237,0.8659907475938994,0.829470376870476,0.848225183344465,0.8109417150307464,0.8480194864992112,0.7547288766713954,0.7903286545235089,0.8032360301073357,0.8117746188182422,0.8265234533956548,0.7978225275004677,0.829328122851552,0.803780063325116,0.824867564968404,0.8151509120317773,0.8047752091120541,0.8139329251525825,0.8515265804741874,0.0,0.7924146825158846,0.8200752250096274,0.8307024435266358,0.8195616304209036,0.7839583752651776,0.8070541012538524,0.8365603743477175,0.8526926699787547,0.800326069681182,0.8665766205874792,0.8136694084015121
SVK,0.7710873219033353,0.6425448728084371,0.5708151238701544,0.5068804683641044,0.4519235572616217,0.4711416978864053,0.6393422249972425,0.7046812946291428,0.5008804099481932,0.559853224505536,0.9289346271202441,0.5828526249048953,0.5739322113443749,0.6366419708033709,0.5520981282464766,0.6300924490351374,0.6851763680577581,0.7028775966548562,0.5921334896366421,0.5732371480390499,0.7174612964659307,0.36811102638359844,0.509430170028552,0.5513021805788357,0.6469287328679999,0.47211070327169846,0.5457886573792716,0.5103133023733295,0.47907956959143644,0.510245839994574,0.5830299736935551,0.7495246927862982,0.5203274111500582,0.4440420764800791,0.6034034936479692,0.6098474023340266,0.6583542393506655,0.6684192301312109,0.655596615408434,0.4565707790724548,0.609223871541529,0.5198897590409627,0.7436331732695992,0.7696059746459553,0.5658634031119029,0.7290581729890296,0.5071172160712413,0.6687784685408685,0.5669642201368945,0.5732434122328347,0.5818657650068524,0.6538042759090329,0.7391631133733986,0.628099273727832,0.7400128333219785,0.5188054189668675,0.5752813704497038,0.5307280331643485,0.5607455505700408,0.6642746158821113,0.5905170391134743,0.4409455702236194,0.48446401106220377,0.48595104543937057,0.5235223979441477,0.6718309242061262,0.5798895710570396,0.7417612278768362,0.7924146825158846,0.0,0.4762900773321498,0.5308267896316264,0.5755829261819343,0.6125160886849502,0.5181331868444553,0.5324501490954323,0.5827492972602707,0.5616558219251412,0.6298347086082127,0.5947463997612016
SVN,0.795412111757187,0.643994448672694,0.5921083633822742,0.4733244790087669,0.42764767569104356,0.4379585641612795,0.6169112283748944,0.6827832980597843,0.5487252214923233,0.5765728689497553,0.9385395547979457,0.5449359270443717,0.5620274219914321,0.6238783525584632,0.5770135783208477,0.6504015161503538,0.6860271400530424,0.7220910265632113,0.6168554386259096,0.5633749942055679,0.7134823700111105,0.41404853969259525,0.4512832372053309,0.5013723534685487,0.7018625762075936,0.4161605744005989,0.5773789177289878,0.5000849853789351,0.42828650571782034,0.46172235971784487,0.5327282025178156,0.721926748401977,0.5302803285901034,0.45915532126709147,0.6032088546056241,0.6272786727717647,0.6127255083065514,0.6792675365124594,0.6013933977723993,0.42230838280226346,0.6530878614808698,0.4918966324028566,0.7465736713362825,0.8285928964984656,0.5477901594720889,0.7726555865228705,0.5959783527726487,0.6576230483426259,0.6260842155003845,0.6075196307382827,0.5625042783326358,0.6819488601642346,0.7358819026822598,0.6701765800019927,0.7540609032758555,0.4700638529728283,0.5335624446452177,0.5205025310645038,0.6048719489654569,0.6379567863895795,0.6405755167106867,0.4830559087884575,0.42661210564822755,0.5985614234693257,0.5980337671887271,0.6717141079133128,0.5973966167553835,0.7329353340673006,0.8200752250096274,0.4762900773321498,0.0,0.5055120758772438,0.6079865980561823,0.6093388174681953,0.538959515252153,0.5305240320944465,0.6816784230059753,0.5027555513081665,0.6641462073386312,0.6032387620567536
SWE,0.8239116910682146,0.650646604008445,0.5999604285275065,0.5166536481971574,0.42229778726710576,0.4751027677076807,0.6867123394836879,0.6502352104472735,0.5999833847389955,0.5761877714325935,0.9389707334483185,0.5048521695699392,0.5293895290039727,0.5847873896613831,0.6161506503743578,0.6457736040581478,0.7073666249206305,0.7326553321478557,0.6599060668657957,0.6320490772919695,0.6998290304994026,0.4484681940518123,0.4475991492685172,0.4872396257443107,0.705380462925764,0.5045399018522346,0.5999697820234302,0.4223100338358127,0.4538808963949132,0.47763933111698303,0.5564604202214027,0.7184958716742956,0.5806415279207312,0.5181946932073769,0.6283097456341924,0.662743780829226,0.6542782630378271,0.6822618752849631,0.5700686262597164,0.46743006064354775,0.6844061643789859,0.47742020014705816,0.7556065422772582,0.8383669664954604,0.5429438991278086,0.8041412462690608,0.6595154720712241,0.6452990849496787,0.6140826505601207,0.6210379159655279,0.5664574483313191,0.6918768711659504,0.775331610179202,0.6711918915621795,0.8007394466545916,0.4962928532876996,0.5008606293827598,0.5126858392062433,0.6310170236878253,0.6626123405134724,0.6642308943953115,0.5360948082036022,0.5166548014287281,0.6311048255077627,0.5871971215514697,0.7065474738702603,0.637173837375549,0.6648825730156219,0.8307024435266358,0.5308267896316264,0.5055120758772438,0.0,0.6470589779185024,0.6538372312625687,0.5801524234077308,0.5239573995408342,0.6761592935258957,0.4586896252635885,0.7194479342149804,0.6015609269611741
THA,0.767492060724714,0.6422216544098921,0.5498942588710145,0.6165199517688067,0.5668694273110583,0.598244366050608,0.6631752560929405,0.7570080279338183,0.5148834220174141,0.5349418784361334,0.8909253303711626,0.6143878177163876,0.6516659718655032,0.6562321608486749,0.5128273330424159,0.6375505870634164,0.6467849580596887,0.6849529083325894,0.5754542923599092,0.5758196553775918,0.7289508861780173,0.5763686452752601,0.6037490977909649,0.5870511115502801,0.5965856123193546,0.512598540025969,0.6232748190960626,0.6140327272302698,0.5772210800766275,0.5999591263232382,0.6064124880220476,0.7313882942137924,0.5874803980776608,0.5285862687940174,0.5079605578998649,0.625633815743421,0.6725658499809303,0.726678913111133,0.6623008023692245,0.5569924868503536,0.6157737007243288,0.5424159070506057,0.7909176327314505,0.8293596779085223,0.5036602283344578,0.739994419697184,0.5896864230315532,0.7449321387974002,0.6960269347467173,0.5672715862250768,0.5385309310683603,0.637808405715668,0.7173198189169991,0.5753720363576907,0.7563913955913011,0.6235801908088171,0.6318075052465205,0.6277683518459366,0.5757623617870821,0.6289106184957417,0.5597292487141513,0.582940899483811,0.5441172555816775,0.5337234847648202,0.6191423524119295,0.6893674481837322,0.6346985979978973,0.6874947803620179,0.8195616304209036,0.5755829261819343,0.6079865980561823,0.6470589779185024,0.0,0.589822704244463,0.5402737517488937,0.47374577629340336,0.661354354424036,0.5965648662277222,0.5665266305007398,0.6514709180587512
TUN,0.7872698944712907,0.6895263223097953,0.5880952898649792,0.5985690312395568,0.6069503259270752,0.6252606714606993,0.5688332958446641,0.747412866330435,0.5247253549268602,0.6053254478752134,0.9139719743485099,0.6603082471195907,0.6741158360949593,0.6798835694993658,0.5833405377542779,0.6298523882675525,0.5861106503223645,0.6440488896328234,0.6060647328483166,0.584437027396389,0.7041872750394869,0.5740393252464817,0.6322516193245726,0.6007789686139509,0.6558503433176679,0.5619341583669922,0.5892625402328907,0.6339734216372244,0.5965003238917818,0.6216219883142918,0.5790651893911718,0.8026198621611424,0.5737130592679798,0.5265356763213453,0.5717919185846775,0.6237645266450716,0.6660175690076063,0.6959081118643576,0.7073390392356507,0.5793335575672646,0.638424773422534,0.6353905337641201,0.7476013344122984,0.7550682426687627,0.6133642463910898,0.691546453294421,0.5971313487942341,0.7394694474024974,0.6453843245256016,0.5609273664693694,0.6361322202075712,0.6963965628363376,0.6262017039950954,0.669370594143588,0.744447796152529,0.6253102488761156,0.6306828337799342,0.6155983125168496,0.5817993896234046,0.6546952900201306,0.5712005582142816,0.5766184054251257,0.5789118270344373,0.5748580427301169,0.6583831163746551,0.7169845092081489,0.5509836275083239,0.7854149467725225,0.7839583752651776,0.6125160886849502,0.6093388174681953,0.6538372312625687,0.589822704244463,0.0,0.5956645351628961,0.6094419013083697,0.6401779839983563,0.6413144731674865,0.580196015499993,0.6689699326972135
TUR,0.7875116176206693,0.6561233390673659,0.5435457368968392,0.5517069456811928,0.503147579430925,0.5307790983175128,0.6156532958011868,0.7017435554559539,0.5365935536812605,0.551149441032224,0.9217031633300119,0.586492325591,0.6374228612334784,0.6335304373525115,0.5239235611003206,0.6349973032363517,0.6689403747398719,0.6974087619091961,0.5804428456569868,0.5767160630753424,0.7038588079323612,0.47523068508508187,0.5439782551261645,0.5512006816561394,0.6238982398595998,0.48762632563762165,0.5859017089363219,0.5595795400361951,0.5324452847840733,0.5492989137213173,0.5397211878221767,0.7849228197861555,0.5938868137248883,0.4902056283314224,0.5547221244101941,0.5801375635322721,0.6812233187449387,0.6855690434088733,0.6475939263491264,0.5019199000115623,0.5883213194517037,0.5261218365412778,0.754326334788463,0.7855613890216874,0.54313345714058,0.7428330012363263,0.5936665553983109,0.68453892646883,0.6488331637064723,0.5387209795840302,0.5606507158608444,0.6729386802623548,0.7328310963413509,0.6514399472169955,0.7593820875178702,0.5859787342061489,0.604818113566332,0.5925263311883316,0.5890083720999809,0.6256813033722828,0.6099163062931762,0.5381960424777398,0.525987994421472,0.5379834554032648,0.5697183466983401,0.6943492325460184,0.6025214750318387,0.7571045973257978,0.8070541012538524,0.5181331868444553,0.538959515252153,0.5801524234077308,0.5402737517488937,0.5956645351628961,0.0,0.5427057299815927,0.641885825133084,0.5790417193870098,0.6301250919212706,0.6004828833210344
TWN,0.8134488086582751,0.6534871582429721,0.5712901394269916,0.5753945962390774,0.4878259521518588,0.5174061885977338,0.6530020770422035,0.7167817001837679,0.5370617917004467,0.5355052648449358,0.9276107171897,0.5607957136896502,0.559957545491275,0.6364691961057292,0.48716836245978273,0.6556836254951163,0.7023611179308603,0.73744292793361,0.6071419759789902,0.5782343092860591,0.7001770394883744,0.5081556391583135,0.4843473969966309,0.4992272306043796,0.6464527801357742,0.4731034629661509,0.6141607096228179,0.5024947337297669,0.5001486869186094,0.5271248523136668,0.559754756326897,0.6888507848275024,0.5768692574236743,0.5124012302646167,0.5424452869249714,0.6343399345718561,0.6642424121587847,0.6913761780888245,0.5752723484207232,0.46551843930064024,0.6271531419893567,0.4278989356442585,0.7947538924336218,0.8165582561160638,0.37611606111079887,0.7907258253176088,0.6306394192177289,0.6566442546287663,0.6757271672564065,0.583041558893579,0.5014166953301439,0.6385866939763335,0.7494446159632909,0.6009470263767924,0.7856381789568827,0.537681275702656,0.568884921845084,0.5795554167372678,0.6228646161106842,0.656753065451207,0.6146963708454102,0.5512737598644484,0.5176168176148506,0.5712660402195109,0.5983229171805773,0.6744701756762114,0.6302625501659616,0.6050908131095789,0.8365603743477175,0.5324501490954323,0.5305240320944465,0.5239573995408342,0.47374577629340336,0.6094419013083697,0.5427057299815927,0.0,0.6452867550019947,0.49296775386572544,0.6168289808570229,0.6062905639717255
UKR,0.806870947220559,0.7203641972866859,0.5856630902497113,0.6394902177701172,0.6684014967554154,0.6598142742944738,0.6805633191144366,0.738030656141531,0.5916601863130252,0.6419587472441491,0.9179470882739433,0.6795959755370067,0.7230958192184893,0.7213269776742607,0.6139410511305662,0.6822713744547547,0.6842596195742073,0.6682564575120279,0.6656949415233271,0.651362759365763,0.779484257441721,0.6002477256441396,0.6950303203407867,0.6626829511906105,0.6622399499366963,0.6509445162194227,0.6570142967146773,0.6477632820055653,0.6667075075059742,0.6829539176396693,0.6648185519624064,0.8315997361256445,0.6344247316925234,0.5688117146338137,0.643754906338892,0.6525573111901584,0.7354517068370302,0.7827848929904756,0.7442890745291478,0.6576012458107073,0.6605785826264049,0.6740148031568153,0.7218095910104783,0.6728398661065615,0.6774443611073822,0.6976116700777086,0.5960516737577877,0.7668320958823424,0.6740611220551587,0.6159601664132675,0.6432043305967122,0.7946916602036981,0.6335483440104962,0.6353672826407047,0.724605166170533,0.6798357692043674,0.6929023406786212,0.6640233877361138,0.5885155565576684,0.7014481117740013,0.6342890797809579,0.551309128556666,0.6908199950399757,0.5413223802553866,0.6097833775423669,0.7077620259769718,0.6476765539321223,0.7930218917380553,0.8526926699787547,0.5827492972602707,0.6816784230059753,0.6761592935258957,0.661354354424036,0.6401779839983563,0.641885825133084,0.6452867550019947,0.0,0.6934021752819957,0.6298628718798145,0.6747617079194198
USA,0.790365981679936,0.6182682072672295,0.5642445174783755,0.4931417063301967,0.42336625718236714,0.47093695921006284,0.6833030337077738,0.6353992397354881,0.6057667867465004,0.5241915112804715,0.9178281814265815,0.475146990845703,0.5315043221493321,0.5917491046837162,0.6013469011229591,0.6654934426453732,0.6932917448879804,0.7266554689657552,0.5788470540679739,0.6050948818008268,0.7233828892557163,0.4936337960858677,0.39958432114708475,0.46573825025516147,0.6905276616901447,0.4875658386334109,0.6237096950237069,0.48761266343650417,0.40226939251993177,0.39968437904332876,0.5269540016801292,0.6537253580488883,0.5896042342247267,0.5061949592718987,0.6057306236812318,0.6581362572363997,0.6098056025932405,0.6704936380267154,0.487831806121918,0.44073646794198135,0.6675175149577549,0.4784373309633501,0.7274056334603313,0.870032384394631,0.5139268790696659,0.8073373241883144,0.6673330233463171,0.6002777831187526,0.6798756365408625,0.6167251967771323,0.5042399352753788,0.6870197265174284,0.7774748537838124,0.6267264344630729,0.7574788914752167,0.43577623833915585,0.5159557836630977,0.5171883639930108,0.6323376352547961,0.6058637094500045,0.6723582176619811,0.55782818601176,0.5033039313753741,0.6381032588759369,0.5840875158395473,0.6487784172111292,0.6413902037043099,0.6490650022943238,0.800326069681182,0.5616558219251412,0.5027555513081665,0.4586896252635885,0.5965648662277222,0.6413144731674865,0.5790417193870098,0.49296775386572544,0.6934021752819957,0.0,0.6993140250932964,0.5628871965872645
VNM,0.7630509553113303,0.6993039739345941,0.5797450114491816,0.6508245879339661,0.6693094650421599,0.6756308667244982,0.5705027604366805,0.7783030167297166,0.5556618018222321,0.6374551884146286,0.8996931298149162,0.7007003040726208,0.7297119485030626,0.6930237564968842,0.5731434123410832,0.6534795432675926,0.6443763311178636,0.7014956376981362,0.6211006026065258,0.6267341474690405,0.755053225134159,0.6270935837179635,0.6990919502338724,0.6655288653721393,0.6342435955177115,0.624457825302554,0.6263097271794529,0.6775499762366229,0.6676588057395749,0.6769704602434181,0.6488996956510152,0.8296533204091122,0.6199340268847255,0.5970743481088299,0.5881861330085448,0.6498730177197708,0.7042356861374441,0.7319631157806163,0.753284854836552,0.6323690985765359,0.6344748816001661,0.6787469020921096,0.7267459351372076,0.7528550820810287,0.6393138617789436,0.6814919561656207,0.5856735812448385,0.7875583098252016,0.690992681792267,0.6199059017918426,0.6205344744928813,0.706787551003621,0.6205974628491872,0.6202475417051216,0.727027375646922,0.6767036175713106,0.684834617678238,0.6375824674173354,0.5659612519999883,0.6851286614271787,0.5902890725766481,0.5813224106967082,0.6239012094534487,0.5522411732290242,0.6670806285361209,0.6877136280855554,0.6143913589235668,0.8093249333206567,0.8665766205874792,0.6298347086082127,0.6641462073386312,0.7194479342149804,0.5665266305007398,0.580196015499993,0.6301250919212706,0.6168289808570229,0.6298628718798145,0.6993140250932964,0.0,0.7323963807666249
ZAF,0.8042646518656082,0.6497597029798239,0.6089743371032739,0.572146137302815,0.5629834748150748,0.5833586829370679,0.7408950007974657,0.6999709171372296,0.6274051100357286,0.5587267959576596,0.8695873382309599,0.6019072695746716,0.6865948171535997,0.6318816827312618,0.6385303107912913,0.6684038011117073,0.6991985603574863,0.7327727178631036,0.6219557237316345,0.6542332841027636,0.7753574223007518,0.5385631184211905,0.5837408118176097,0.596848257616109,0.6816671006548582,0.5728903909511458,0.6829411279288137,0.6045612949343492,0.5698177324721294,0.5941789359334408,0.6273166285477756,0.7706367186779061,0.6458746079193881,0.5758845992122256,0.6343078979831499,0.6505721738277744,0.7149464657109673,0.7519344710417944,0.6369363662632129,0.5870757331190822,0.6662971859335036,0.6119205350601425,0.7282493689203723,0.848627064083366,0.6407621677611846,0.7933930386159082,0.6742042173696237,0.7240804289592907,0.7211871575220481,0.6116156305328259,0.6208149106789775,0.7741977197401717,0.7934026225579217,0.6584242972479113,0.8073680617679725,0.5838833031984867,0.6256340307801336,0.6166416590444129,0.6882853445871782,0.6184515241919217,0.6636152668184655,0.6110486424194664,0.5925551796069558,0.6234954120046133,0.6046136947751124,0.6856270297845067,0.667130531854644,0.746053324543808,0.8136694084015121,0.5947463997612016,0.6032387620567536,0.6015609269611741,0.6514709180587512,0.6689699326972135,0.6004828833210344,0.6062905639717255,0.6747617079194198,0.5628871965872645,0.7323963807666249,0.0
