,AGO,ARE,ARG,AUS,AUT,BEL,BGD,BGR,BLR,BRA,BRN,CAN,CHE,CHL,CHN,CIV,CMR,COD,COL,CRI,CYP,CZE,DEU,DNK,EGY,ESP,EST,FIN,FRA,GBR,GRC,HKG,HRV,HUN,IDN,IND,IRL,ISL,ISR,ITA,JOR,JPN,KAZ,KHM,KOR,LAO,LTU,LUX,LVA,MAR,MEX,MLT,MMR,MYS,NGA,NLD,NOR,NZL,PAK,PER,PHL,POL,PRT,ROU,RUS,SAU,SEN,SGP,STP,SVK,SVN,SWE,THA,TUN,TUR,TWN,UKR,USA,VNM,ZAF
AGO,0.0,0.6685053510134268,0.6981508103619579,0.7359566423742168,0.7713226032493166,0.7823439203016646,0.7283429068264936,0.7690379565815599,0.7135675300426341,0.7317504788887895,0.8285763792679188,0.7184903159094493,0.7980954198496181,0.7674179405722401,0.7676166987059656,0.7764646175895784,0.7705444268407765,0.8632942748261738,0.7198672049031751,0.7390675309650481,0.8234005419023908,0.7721426960296234,0.7783176074306875,0.7628112954988131,0.698420814144429,0.7536077544939023,0.7527934730888027,0.7748268652222619,0.7649502443657881,0.7581927018097372,0.7689347677338014,0.8230835014794442,0.7458203618021806,0.7348744466105535,0.7035828889380958,0.7620717656080539,0.8383533374684524,0.7900233853604053,0.7741206404443277,0.7647775490965629,0.7586520222308396,0.8007123982333161,0.7183478831288408,0.8321222832469276,0.8024389210840938,0.7155194700437268,0.7781709802239581,0.8807293334751173,0.7587971364791769,0.7500793593773792,0.7346927277323883,0.8484243329346751,0.7196338293641263,0.6979028197703566,0.7969385326811941,0.7419790786399135,0.7234490860961524,0.7325376251401068,0.6663241261683504,0.7409620109138135,0.7383653463742098,0.7553294980783897,0.7472788490351354,0.7315355554596094,0.7105057983161084,0.6798953343443687,0.7446781902494755,0.8424267692968961,0.8614909258704869,0.7769419202662127,0.783557376878821,0.774626544107653,0.7331648988595827,0.6915234516602963,0.7350574857658128,0.805522642031917,0.7269476246971174,0.7515165169684891,0.7626001285427533,0.7682637693689776
ARE,0.6685053510134268,0.0,0.7354982496569762,0.6905005525524046,0.6974025722269818,0.692715351318889,0.7741977190728608,0.6901119764760562,0.6641370325300194,0.6567029806656697,0.7235742306992707,0.6988888239986901,0.7353957565281267,0.722641312394702,0.7371166679825029,0.7357327922438817,0.7807229502435657,0.8624091856979432,0.6659546509776934,0.712209142934236,0.7347775796395194,0.7305977856825949,0.7199536177506026,0.7208487902934585,0.7233964139011861,0.6973350527495462,0.7270188809935058,0.6973655064672944,0.7104073890637038,0.6823162713697204,0.7347920222339392,0.7745540099433608,0.6887274050940091,0.6905650229113258,0.6817604485455452,0.7493987614678626,0.7591570260542255,0.7596696723820474,0.7119507415584633,0.7034625958363498,0.6815907451263458,0.7413469729459803,0.7864704730037101,0.8755548464642874,0.7486336430424715,0.7676641444385641,0.7113043378024719,0.8699380957611533,0.7176420742767086,0.7859085296464161,0.7016243406771854,0.7757931491329842,0.8209358351181909,0.6760491436524614,0.8173999275720857,0.6862646678868248,0.6571460946713891,0.6995884732756483,0.7176689880464276,0.7163866466040264,0.7345882411258867,0.6775942158084728,0.6778857799949239,0.706665949304666,0.6433033956559225,0.6833395632816773,0.7759615650964542,0.7460635988335583,0.8882575351760312,0.6852251927314985,0.7233280366211188,0.7096993122626981,0.7016998935425339,0.7697193939503073,0.6984796706400997,0.7450692148937331,0.7468037401582096,0.7323939049445674,0.7334672768367614,0.7476675280241144
ARG,0.6981508103619579,0.7354982496569762,0.0,0.6033672726333467,0.5859054621798411,0.5682995329748334,0.6378579342977387,0.5892823748330748,0.4942681655244232,0.43846661926147534,0.8992317777098571,0.5481116163338444,0.6200621985059026,0.5610681601168,0.5354029296885151,0.600633652609719,0.6388894994342288,0.7453198993772805,0.4982623259665792,0.5649695809289371,0.7497193652493782,0.5917844306930039,0.6039952181054523,0.6286209795038362,0.5738405497526026,0.529268282437217,0.6281430303523882,0.6150965505407212,0.5962870140651478,0.5958899766389902,0.5920710575422773,0.7475643827297941,0.571123594796116,0.5218181144535364,0.5771727295201061,0.5432644833369699,0.7461821607297702,0.6713756830337045,0.615081081004809,0.5474408607171346,0.5694892737688445,0.5801846273164408,0.6811562418938433,0.7647421753684265,0.5810191824175498,0.7019488967436115,0.5921059820683953,0.826202639362858,0.6475269589240251,0.5503134940320322,0.503853484909579,0.7971157696753943,0.6580510562787449,0.5586126688913473,0.6669515014505205,0.5799188636050148,0.6547322108607031,0.573110657245066,0.5070313125803366,0.5022145746827513,0.5623411719434726,0.5546152842016854,0.5325912928104843,0.5557702581295328,0.5155698777549703,0.6651681901349337,0.5549246338368078,0.7688628226423121,0.8067188523036587,0.6327337409104907,0.6142272884864333,0.6257614283759076,0.5579828374456758,0.5687865568662136,0.523880407735069,0.6288534412245137,0.5490519840998491,0.568777814119093,0.6143406859851744,0.5783289463416402
AUS,0.7359566423742168,0.6905005525524046,0.6033672726333467,0.0,0.460222075205137,0.46033989784335805,0.6405601301809043,0.47150509470904195,0.6446195692193459,0.5441529806127177,0.9069197023448886,0.4488080637819249,0.5580224950897801,0.4918972755745531,0.6459321148404827,0.6585228088726678,0.6520405487533528,0.7129760158647237,0.5405560244422929,0.5119417774118343,0.6301600416175034,0.504886080131508,0.5146757691710214,0.5482627032481681,0.7012584882872904,0.4645662739850579,0.5059495041882681,0.5139163903159388,0.43259950885308723,0.39917152647490556,0.6121638586179948,0.660947457359451,0.48436939845716437,0.493543876952486,0.6773672379127705,0.6291135854129714,0.7730999114156466,0.5781668321841613,0.5523782123280995,0.4860314349251335,0.6167913017209067,0.5942871645868365,0.6520405692819217,0.79080527425204,0.629735817577112,0.7244835364781513,0.5756007812235759,0.7496028370266731,0.5055698454161437,0.6531913007384875,0.6178638087947538,0.7111260738043971,0.7533824421922936,0.6799310136475618,0.7111235512062051,0.426724435190818,0.4888443851006086,0.44444867888409845,0.622393350931842,0.5420328616507899,0.6556137025153833,0.4756835530991622,0.46496772092772104,0.513514904341065,0.5547911472904709,0.6894893083210989,0.5640096605775244,0.7178876579688012,0.7689805808187703,0.5211071108062392,0.4923605706071636,0.4936472465032074,0.7007032743144069,0.6182452980446312,0.5555691847571615,0.6801258028837132,0.6552029854735494,0.4889312360881995,0.6750592754402406,0.5456334751821037
AUT,0.7713226032493166,0.6974025722269818,0.5859054621798411,0.460222075205137,0.0,0.3831887813620308,0.6626615057761998,0.43129627771365725,0.5905522179190297,0.5194112472767604,0.9337016214012238,0.45620518909026353,0.4635416902134363,0.5145435106805024,0.5857689807091312,0.6581088682617885,0.6960920760139833,0.7916111474476843,0.5371905862657994,0.5189009485338474,0.6326115453660609,0.35932619786436004,0.36191398118329576,0.5117130826279573,0.6818373842291563,0.363065246902042,0.43230507771035526,0.4076910190793829,0.36458563420934836,0.3620722408858473,0.5751736107767998,0.6421649718179911,0.44634692671674525,0.3941465390548716,0.6797434031194407,0.6036185452352206,0.7640309894247393,0.5753201170519466,0.4961989366940921,0.34252230434526243,0.6207622344076041,0.4799268902844,0.736122735131773,0.8080683653460193,0.5018548762895914,0.7437432242966738,0.5191820678225842,0.7230629923233054,0.44447240154217643,0.6493847769571859,0.5735324097484651,0.6699244444798339,0.7908293056633857,0.6536867304792546,0.7369375279815962,0.3984796343659617,0.518414393986114,0.43420567988823555,0.6057230001647647,0.5792276251037209,0.649720837120188,0.39925442782506476,0.32826594798606484,0.48054766679960786,0.48895532854781554,0.7246106438868283,0.6282487897064131,0.669761143084132,0.801370599467689,0.38188938928188493,0.3919581631733274,0.3769197598714617,0.6372798708597782,0.6548096776654909,0.4875947982830704,0.56434179914787,0.6344364526352012,0.4520449887146751,0.6885182873710042,0.5979337334111976
BEL,0.7823439203016646,0.692715351318889,0.5682995329748334,0.46033989784335805,0.3831887813620308,0.0,0.653138646253739,0.4139314841316974,0.5907945593507784,0.5087013665564817,0.9191854781200858,0.47756799756897284,0.4843311213694081,0.4974169980132341,0.6122762465012836,0.638535906424534,0.694844206972708,0.7891178961659433,0.5483282475776788,0.48352448090663586,0.6179284002674313,0.43966744937228763,0.3888680303508141,0.4958429901353182,0.670355518024637,0.352290033590523,0.47966223128374347,0.448165307660603,0.3664187442611199,0.3622052136913382,0.5848950576353986,0.6638704491239814,0.46435228994432987,0.4137414302580749,0.7092509875678554,0.6010607752921766,0.7217659950401356,0.5624165921678884,0.4848604627431856,0.3854666918639837,0.5984487171088386,0.5163076239458962,0.7419322547835889,0.8080126624748531,0.5346592949366331,0.8018084326909025,0.5240535223505992,0.7057059251014822,0.4968169245392879,0.6487852960734742,0.5773948398979869,0.7062325540753296,0.7876611668797178,0.641990056066082,0.737755496417875,0.35647472656682344,0.504552272742262,0.4667983445878537,0.6360866126538706,0.5578242142844004,0.6479467480400415,0.42395438830455856,0.3856324508688077,0.5168018825498054,0.5241200251036386,0.7193058153852993,0.5999695180301619,0.6665769849014508,0.7926632463689162,0.4638901755256566,0.41060778095780404,0.4455363026565627,0.6730519667215838,0.6615017789567702,0.535020887723415,0.6021383991906347,0.6360741186183668,0.45948082212897706,0.6949488749569157,0.5923644776827929
BGD,0.7283429068264936,0.7741977190728608,0.6378579342977387,0.6405601301809043,0.6626615057761998,0.653138646253739,0.0,0.6341109727144134,0.5479406617703994,0.638925156276898,0.9334639739865316,0.6585848100685362,0.701971309634022,0.6543384668502689,0.5973680957457269,0.6379267073593005,0.6081124104112293,0.7806346339124902,0.6200175280112794,0.6320501785038145,0.7219559839150834,0.6620096202800524,0.687709946379202,0.662029473377278,0.6573780464397415,0.6125401558625987,0.643568126206754,0.6824248602486034,0.6545036231693272,0.6679759466696767,0.6489655224347973,0.7301255464762362,0.6167089094476919,0.6278087503831391,0.6626732223877224,0.6182523456643153,0.817314405933629,0.6473505029756288,0.6637546126141918,0.6313474804610466,0.6645014424179022,0.6902573239041796,0.7262433844601576,0.6849197463641765,0.6849128042556403,0.6928298310846376,0.6618712187052509,0.8162835059351307,0.6558924726683619,0.5978859317374521,0.673281706398978,0.775469742971435,0.56645842474162,0.7039138787429097,0.6593514887238121,0.6530060128898747,0.6531115939901633,0.6120957685201579,0.5098835345379642,0.6188189308012488,0.6535615378922813,0.619059246675611,0.5913666606673299,0.6277931666879416,0.6343408627194496,0.7336686895051425,0.6040071702057351,0.7807901069380427,0.7817898055951533,0.6893201476425729,0.6566836063084485,0.6902246092495804,0.6402426209750769,0.5881303527681943,0.5188768467248895,0.7046384964091157,0.6487974360377892,0.6985846824602416,0.6053563821330642,0.7000880816924049
BGR,0.7690379565815599,0.6901119764760562,0.5892823748330748,0.47150509470904195,0.43129627771365725,0.4139314841316974,0.6341109727144134,0.0,0.5887382469261131,0.5193397860580574,0.9241923201616026,0.5079313667905738,0.5580915267038725,0.534401663500514,0.5985407678942272,0.6102561455416429,0.682277181838577,0.766725973540428,0.5468051722509647,0.5257113908944694,0.6468846840452901,0.4224489543986899,0.4587676894192939,0.5647450495237175,0.6583351799359164,0.396635989826912,0.4857278874722336,0.48562151237053375,0.4482765443231942,0.44761180422645874,0.6086595161664199,0.663459544570509,0.4674075856363943,0.43413424290069597,0.6785351966994485,0.5725089037328001,0.7719399828778933,0.5982896654312285,0.5401550602063258,0.4061669580865096,0.5771937347355769,0.5320227508825198,0.7224344907147644,0.766149388766776,0.5673011429483229,0.7658641464560456,0.501441460447749,0.7306731594942836,0.4692516839743636,0.6462928224104207,0.5769541662342774,0.7062432192795142,0.7699895204344295,0.6343404578264636,0.7061257700125783,0.45828293952107313,0.5433626234312251,0.4969514059645368,0.6298074367501405,0.5712709276284558,0.6350711324108644,0.3601994562788584,0.41414630044088535,0.49001692960866305,0.5022220606522031,0.7108514647054969,0.6044712692953245,0.7168503344679094,0.7986234132275839,0.4305608363245539,0.4034622584444262,0.4623767977023504,0.6512575668424708,0.634196608369969,0.497447132286429,0.6096600719256648,0.5711898972887149,0.5303448579506731,0.6640705905164516,0.5958170370938533
BLR,0.7135675300426341,0.6641370325300194,0.4942681655244232,0.6446195692193459,0.5905522179190297,0.5907945593507784,0.5479406617703994,0.5887382469261131,0.0,0.48052769325471084,0.8852943394663397,0.596878147318625,0.6451142906867707,0.5993022138949753,0.48785819845831446,0.5416923851671541,0.6009594403171457,0.7721650104932625,0.5124065843949068,0.5681657499969206,0.7142414846901188,0.5985954285243996,0.6101340513541045,0.6097135550018065,0.5467554171256003,0.5226981164211605,0.6306216844868863,0.5971514549240117,0.611797000841609,0.6295672684169693,0.546619586255813,0.7415419321367297,0.5632538495740477,0.5087935931616251,0.5337154452095151,0.5283376766425474,0.7212779951889859,0.661264582920348,0.6155776989536648,0.5528223983998074,0.526942049114205,0.5854675916002025,0.7332063650285807,0.7373529368540999,0.563803150662387,0.640740692847724,0.552625496164134,0.8294152861313546,0.6412774134313923,0.4930627035805746,0.5283798764325125,0.7702836816311925,0.5728942845839035,0.5501804298810797,0.6714288840991758,0.601880305353625,0.6466309037543027,0.5814645997865621,0.4145819603491995,0.5445880563093279,0.5130781933435282,0.5251645637267284,0.513665993303428,0.5631341388859685,0.5112629789556286,0.6895616939635278,0.5727677298309183,0.7230459461953244,0.8157086786675964,0.6113324395827235,0.636202504280072,0.6308693867063568,0.48349766287762663,0.597703007766278,0.4402670927927105,0.5893719024255356,0.5478279511459005,0.650312353377074,0.538639598055133,0.6174870508084049
BRA,0.7317504788887895,0.6567029806656697,0.43846661926147534,0.5441529806127177,0.5194112472767604,0.5087013665564817,0.638925156276898,0.5193397860580574,0.48052769325471084,0.0,0.8640374300010347,0.4842042351145301,0.5695342270046431,0.5177378265977401,0.5169799842722469,0.5581913098476338,0.6439236607596819,0.7295436294280443,0.4458838968629447,0.5070759656165177,0.7441032091664677,0.5362006812127397,0.5218848663890366,0.5889373671147722,0.5999907017658173,0.4588465666007806,0.5874848618664337,0.5359539621107864,0.5063330544653553,0.5325028387537448,0.5842684922653428,0.7089164186121908,0.5337331598828847,0.45405543972021795,0.5513294400963324,0.5365052534314185,0.7318290536520242,0.6331194999680559,0.5565385255791273,0.46363307663640524,0.559985902415879,0.5065699397206663,0.6633423492170581,0.7825023924527608,0.5278164860548581,0.722516005456931,0.5402501942649076,0.7979384826966053,0.6058640312239488,0.5506578446054956,0.46295374728491656,0.7638053709162397,0.6914797037460181,0.5327265953061842,0.6995763248364064,0.4997942869172348,0.6115593657993792,0.5548080969724035,0.511632634000223,0.46164452433925346,0.5565728734788422,0.4784793239810093,0.4554758144017049,0.5083836708426103,0.46698222395360267,0.6533957348626472,0.5755409092038704,0.7232833887791225,0.805490063628136,0.531608281459571,0.5494192157586987,0.5686759191849232,0.5409817665500584,0.5876146973140023,0.47304158782030237,0.5776949915411026,0.5484434017694492,0.5267492999905129,0.6031010302071503,0.5253339785157317
BRN,0.8285763792679188,0.7235742306992707,0.8992317777098571,0.9069197023448886,0.9337016214012238,0.9191854781200858,0.9334639739865316,0.9241923201616026,0.8852943394663397,0.8640374300010347,0.0,0.884090720218234,0.9452129889467246,0.9207570542812449,0.909070200836608,0.88874979228088,0.933151972875959,0.9563127637637195,0.853509431579071,0.9191485328944133,0.9454168757809297,0.9426216498380945,0.9274274835730585,0.9191524968051695,0.8611468473197702,0.9282986438117727,0.9227813231478775,0.9183398643575345,0.9305422467131192,0.9190669389365771,0.9067063659228157,0.9473784626104921,0.9103387741145554,0.9190302664664137,0.8301291617371804,0.9071806228089386,0.8938652629003523,0.9456044916275589,0.8924928840817002,0.9216325145357854,0.8709410242390526,0.9260182857676967,0.8972173512910384,0.9611656326817684,0.9320546835024235,0.9077732044058193,0.9161113729509825,0.9641329149122528,0.9398767564644441,0.9436668543632365,0.8926015353997091,0.9588289026813732,0.9034730601714831,0.8165962128791106,0.9524599119868127,0.916377274168512,0.8917622233366015,0.9230066361405447,0.8907572325564637,0.8911617777966168,0.8996501564161997,0.9198839205345376,0.9199299279051644,0.9172226354900987,0.8679861965864287,0.7823374619053062,0.9262228800408628,0.9286631404078743,0.9596449552743698,0.9293427001382393,0.9463757607846133,0.926203814691412,0.8945095978625707,0.914060930350221,0.9134460531535509,0.9362871525246771,0.9091720973198987,0.9072357774492058,0.9016242503372305,0.8762804056812493
CAN,0.7184903159094493,0.6988888239986901,0.5481116163338444,0.4488080637819249,0.45620518909026353,0.47756799756897284,0.6585848100685362,0.5079313667905738,0.596878147318625,0.4842042351145301,0.884090720218234,0.0,0.5581170373290536,0.512008477699607,0.5977775926754237,0.6184667953183725,0.6467556938415013,0.742042427212498,0.5202955555859063,0.5082881705753803,0.7017445180714558,0.48188509145998176,0.44841709731385254,0.5452339102176877,0.6689412973525382,0.44654082514743193,0.4808099868907269,0.45813078304890104,0.451114924850796,0.44747065518025425,0.5792574325280516,0.6721597583267247,0.509863379986422,0.4373398386907942,0.630456434891347,0.5884536554342282,0.7686054158914885,0.5884036075808818,0.48701443673244094,0.46188722601299187,0.5894381783353729,0.5104595776317704,0.6445552862223185,0.8031317299169429,0.545676579263135,0.7421275147725234,0.5274939860764631,0.7203346690918969,0.5531617524294518,0.6090831395361651,0.5266406178539995,0.7487874004614621,0.7388640544370454,0.5934417884879934,0.6971894844615966,0.43755992708241603,0.5071390035506443,0.4885031507945806,0.5961247597000848,0.5031757687204056,0.6242492552642778,0.4611259342917249,0.46882840712329565,0.5059567649847028,0.48663741622858486,0.669553416337634,0.601010298438608,0.7226080895968592,0.7553269164562836,0.5442481032056772,0.5178345967253273,0.44567290796188375,0.6385871104141816,0.606123906583488,0.548133392727323,0.595064644644139,0.5994601292879169,0.3579881664729542,0.6845576771652061,0.5216265183231173
CHE,0.7980954198496181,0.7353957565281267,0.6200621985059026,0.5580224950897801,0.4635416902134363,0.4843311213694081,0.701971309634022,0.5580915267038725,0.6451142906867707,0.5695342270046431,0.9452129889467246,0.5581170373290536,0.0,0.538075675337335,0.6378548351971506,0.6925525366314478,0.7085449622432425,0.8052566221475994,0.6203132495780508,0.5358770574834424,0.6836989689903599,0.5201503028731318,0.5011734426075671,0.48117585792384016,0.7400151551364013,0.49519627237940733,0.5382100086991822,0.5416394557913875,0.48344594108972994,0.47882888267501783,0.5966852144714743,0.6349853954427023,0.5391901107593672,0.5095179125301533,0.7139522879597308,0.6877051351806629,0.6780457981401558,0.6044634750731621,0.5117987717237298,0.49414823141783437,0.6634381452564231,0.56647252073002,0.7507346388871745,0.8539858785332785,0.580345341160652,0.7869329186890854,0.5920333012591891,0.7458026023237586,0.5642416482887094,0.6922645134722315,0.6196861735742829,0.684550301871659,0.8080041670832389,0.6845538862454975,0.7430520258565273,0.45533918750034735,0.5676678904903634,0.5466071529124473,0.6528820745759818,0.6315290897568789,0.6565120024971208,0.5453639580166507,0.5050092189497308,0.5796401797795107,0.5969089370883853,0.7532329241284449,0.6603087670342318,0.6046132966032172,0.819860867302714,0.5561818767437785,0.5241853643691475,0.5129882048017665,0.6758081934873248,0.6921598022359597,0.6149420434066681,0.611662547746689,0.6607448137979289,0.5293747421635411,0.7073705460470413,0.6531850657727375
CHL,0.7674179405722401,0.722641312394702,0.5610681601168,0.4918972755745531,0.5145435106805024,0.4974169980132341,0.6543384668502689,0.534401663500514,0.5993022138949753,0.5177378265977401,0.9207570542812449,0.512008477699607,0.538075675337335,0.0,0.6210019771475545,0.6126030879150294,0.6601765825291175,0.702356773646031,0.5597933046294927,0.5130478543111413,0.6912761436998227,0.5640516957761612,0.5435872426804583,0.5848603094158371,0.6822139627381417,0.4901809701707323,0.5367936870610089,0.5177367780785934,0.4883358938992415,0.5033994549269751,0.599022609823107,0.6917202787877296,0.5350966392597674,0.5082032822094561,0.6592021846934888,0.6382686329531702,0.7570740880050544,0.5967335525617558,0.5402458826918821,0.518121158366508,0.6306796830271247,0.5973354147116687,0.6882268420803677,0.8158718211601332,0.6086044559207795,0.7144165381781825,0.5426266227892813,0.7505843702106587,0.5510555205301491,0.6302440907487904,0.5759348570712761,0.7302717519041307,0.7353285968948846,0.641474288501521,0.7114628409875936,0.48824649849669643,0.5628771786596409,0.5035540721830021,0.6278729193182669,0.5096639562896188,0.593315885356175,0.5007982030533792,0.47667594105737027,0.5643184614613072,0.5700270440102422,0.7266799819141716,0.5188387450975245,0.7148965376071403,0.781061441052973,0.5842713766161286,0.5761501083071248,0.5473834271793896,0.6562758875916916,0.6392176660587279,0.5736595015178931,0.6451939335135758,0.6303436709030589,0.527426262588974,0.5999237435493339,0.5759218152815871
CHN,0.7676166987059656,0.7371166679825029,0.5354029296885151,0.6459321148404827,0.5857689807091312,0.6122762465012836,0.5973680957457269,0.5985407678942272,0.48785819845831446,0.5169799842722469,0.909070200836608,0.5977775926754237,0.6378548351971506,0.6210019771475545,0.0,0.6345247752390314,0.6740107874385247,0.7918486497590548,0.5885655438599082,0.6717509307918412,0.7617721584357033,0.5617457879402714,0.5964797460207759,0.6541471126527221,0.5928648581344034,0.5721514873472818,0.6451862023920582,0.5749825544051541,0.6468410266044827,0.6523541903469101,0.6574084406611929,0.7955259075532163,0.6200525264352854,0.5433974318218904,0.5357606159535411,0.5000265056974541,0.7696040623866487,0.6864441331999579,0.6230353124704365,0.5594118941673302,0.5970828343571919,0.5371930311040575,0.7460977942676926,0.7575656429849248,0.4511085245315688,0.7366623015420557,0.6333125418467422,0.8426552644874281,0.6809849901268183,0.5785312589122459,0.5055716735955345,0.7567536204498816,0.6555631515794903,0.5861419669465389,0.7342701732014474,0.6295145318806896,0.6758450933413327,0.6369841574102202,0.5331473392617455,0.5887825474056412,0.6420106831469793,0.5656112096408488,0.5704329162127735,0.5740175272726659,0.5356090328723055,0.7285508892219245,0.6204545727509142,0.7167333927440648,0.8648569154349517,0.6087218420248417,0.6084454273188195,0.6194634141187144,0.49615317949525145,0.6063471237862459,0.4702704861144701,0.5076369944491644,0.6074006343912491,0.6451400881267666,0.531510077764548,0.6294243336966364
CIV,0.7764646175895784,0.7357327922438817,0.600633652609719,0.6585228088726678,0.6581088682617885,0.638535906424534,0.6379267073593005,0.6102561455416429,0.5416923851671541,0.5581913098476338,0.88874979228088,0.6184667953183725,0.6925525366314478,0.6126030879150294,0.6345247752390314,0.0,0.5995094227152427,0.7671761677463231,0.5841125997675758,0.6054842402007117,0.7452499584360406,0.6637562296019078,0.6600690770344408,0.6780470325477845,0.6433706066889182,0.5970071379819017,0.6046646663478398,0.6440839559467122,0.6524757197954244,0.6830807384736441,0.637743844785712,0.7932405887987766,0.6125212249833305,0.5873122743434778,0.6185302590544088,0.6280754611242547,0.7619146561139277,0.6997396483513862,0.6496133590858068,0.6202849162860016,0.6147565641114815,0.6706283137932583,0.7359084572882802,0.7706979025746544,0.6781538133823333,0.7234250936662913,0.5831575086761688,0.8475570531260994,0.6125330763295523,0.5763938813024617,0.6243273070350822,0.8127253252463721,0.6978340140687374,0.6308284639969663,0.6999538776800542,0.6520826327100521,0.6889318195836973,0.6278474311944036,0.6062226053579165,0.5693912805098291,0.5775682116546202,0.5689206135285537,0.583525092946892,0.6109170404545768,0.6009973430559327,0.7388890090050608,0.5762065993783927,0.7881950734647329,0.8323715339201748,0.6798301060031317,0.6785733176797359,0.6609522678469758,0.6387223067369766,0.6217204170454292,0.5814913855136947,0.7126518756328936,0.6040100187519629,0.672284722411078,0.6352214285546746,0.6361296590716989
CMR,0.7705444268407765,0.7807229502435657,0.6388894994342288,0.6520405487533528,0.6960920760139833,0.694844206972708,0.6081124104112293,0.682277181838577,0.6009594403171457,0.6439236607596819,0.933151972875959,0.6467556938415013,0.7085449622432425,0.6601765825291175,0.6740107874385247,0.5995094227152427,0.0,0.7603147225459355,0.6139331587746568,0.6167661575344818,0.735939869477385,0.6972757588004248,0.7237226246314203,0.6896295862690576,0.7009147478797995,0.6449228531403166,0.6452596713283136,0.6942019516287009,0.6869608362455346,0.691489192431732,0.6573510571011091,0.7654084167756371,0.6275513246939616,0.6527154623127317,0.6537198614707957,0.6889574357931908,0.8254570096958904,0.6876689719631808,0.7104281926750549,0.6705694742591175,0.660211741598671,0.7285104106655754,0.7169479206738043,0.7434308762182077,0.728577962190342,0.6971295486888589,0.6405526672753363,0.8652543133947357,0.6543147843562138,0.6306396574219681,0.6892128259224788,0.8123967185680561,0.6971993673625942,0.7046935718588456,0.6877334506405509,0.6774206097800984,0.6887946589814053,0.6399458049518106,0.6095667507076574,0.6052299688086819,0.6512209793116152,0.6499755294708182,0.6380612722681271,0.6489087976700775,0.6652768685146969,0.7440933928966103,0.5818419276073611,0.7975745481866677,0.7937281770822027,0.7276083974800344,0.7006687072555664,0.7060623281834982,0.6747592409432203,0.5767273396081029,0.6073356987030916,0.7578419699355742,0.648848339211652,0.7080535431938487,0.6773441538180672,0.7003818261743244
COD,0.8632942748261738,0.8624091856979432,0.7453198993772805,0.7129760158647237,0.7916111474476843,0.7891178961659433,0.7806346339124902,0.766725973540428,0.7721650104932625,0.7295436294280443,0.9563127637637195,0.742042427212498,0.8052566221475994,0.702356773646031,0.7918486497590548,0.7671761677463231,0.7603147225459355,0.0,0.7651384028879332,0.7539251207892764,0.841466049345036,0.7966531297164455,0.8085730039051001,0.8071977313096651,0.7720312801188922,0.7507632946152756,0.7933312906087772,0.7959509035437957,0.7720292985011424,0.8024027266485618,0.779125916493555,0.8378264106213719,0.7758201545373464,0.7670431354142122,0.7919968956833984,0.7687804217463048,0.8908538438471408,0.8020933767256077,0.8021570342195655,0.7646537800746488,0.7539420936329442,0.7954304422928431,0.7414584845008454,0.815342783469034,0.8104222876718232,0.8169944308091421,0.7695777728518065,0.9163602292938509,0.7935943232029518,0.765948042000812,0.7511726926200806,0.88401223908368,0.8259569696079732,0.7999771632043498,0.8150634965392107,0.773395333545705,0.7930921159814213,0.7679652209701514,0.7834307615628514,0.7155434879364194,0.7670461543035166,0.749602941496494,0.7575014465429784,0.7698684522023838,0.7671490207204007,0.8433633670377915,0.6951201697195447,0.8843501412424613,0.8679309699220508,0.8057388307431208,0.7864596817915023,0.7965122922741029,0.7972928760114563,0.7490625579123371,0.7278460669077423,0.8268469920560367,0.7575417816353552,0.7952124573075243,0.7390926088964581,0.7509800282997791
COL,0.7198672049031751,0.6659546509776934,0.4982623259665792,0.5405560244422929,0.5371905862657994,0.5483282475776788,0.6200175280112794,0.5468051722509647,0.5124065843949068,0.4458838968629447,0.853509431579071,0.5202955555859063,0.6203132495780508,0.5597933046294927,0.5885655438599082,0.5841125997675758,0.6139331587746568,0.7651384028879332,0.0,0.5407703737568923,0.7103942986141535,0.5841283645632539,0.5824512213141849,0.6130014685949333,0.6131300607307297,0.5050695553834418,0.5870707372444861,0.5727455222029089,0.5421450204868801,0.537474486056016,0.5911154068151369,0.7153316148035038,0.5448186035694261,0.5328725845317591,0.5790726805354366,0.5955842822641015,0.7570927162703942,0.630069496967842,0.5720300832417291,0.5230907747007904,0.5628968647952722,0.5980573491696968,0.6899278286784954,0.7861594717856527,0.6065844496172969,0.6742796191846394,0.5788697403109433,0.8080392361713811,0.5995970067979361,0.5794434620375226,0.5622562103876093,0.7423577766815327,0.7152334377595382,0.5745891778384037,0.6895047888828117,0.5353349758412486,0.6084634742857058,0.5383568891262801,0.5443418617294612,0.49459589035854284,0.5699532272208369,0.529198387521173,0.48110251317193736,0.5532946737992076,0.5145992636749989,0.6307746761278962,0.5630547396445706,0.7468074365048408,0.801002923716825,0.595005554774814,0.597841634947673,0.613095405167281,0.5826629180033644,0.6196007522213011,0.5083011134392537,0.6402263584707194,0.622640303179613,0.5710862215522615,0.6272743095975788,0.5722830460442323
CRI,0.7390675309650481,0.712209142934236,0.5649695809289371,0.5119417774118343,0.5189009485338474,0.48352448090663586,0.6320501785038145,0.5257113908944694,0.5681657499969206,0.5070759656165177,0.9191485328944133,0.5082881705753803,0.5358770574834424,0.5130478543111413,0.6717509307918412,0.6054842402007117,0.6167661575344818,0.7539251207892764,0.5407703737568923,0.0,0.6639713035770065,0.5452267040722807,0.5379466437455744,0.5087624600278007,0.6739587262107489,0.45169378748492495,0.529889300703646,0.5472532563338101,0.4545600588619099,0.4850506636553862,0.5582746161505028,0.6168367949699958,0.48145742931284463,0.4934408305879167,0.664407647908995,0.6394729888977623,0.7453303495448869,0.5528994902698628,0.5452109827351418,0.49668309147954387,0.6116585714577626,0.5544709078153347,0.6898899101910362,0.787410633622321,0.6235255724478092,0.7215381977182715,0.536088378062959,0.746361719492352,0.5533444034550745,0.5977644479052654,0.5855622637290022,0.7500909509341586,0.7405717905200001,0.6396479326289682,0.6619788030663784,0.45852365119496524,0.553580816986673,0.5126690262249407,0.6064040371690532,0.5086393279162061,0.5618648037331272,0.4876802162613969,0.471713705200458,0.521288565499497,0.5845139541172947,0.6841286303199682,0.5568619974252265,0.7048286204306445,0.7644362711833101,0.5710726367672961,0.5400290985079103,0.5597088709983341,0.6355072453336588,0.6433555832463865,0.5560071100956305,0.6451683828050608,0.6052315072862942,0.524148325068054,0.6800391877021077,0.6033470544189901
CYP,0.8234005419023908,0.7347775796395194,0.7497193652493782,0.6301600416175034,0.6326115453660609,0.6179284002674313,0.7219559839150834,0.6468846840452901,0.7142414846901188,0.7441032091664677,0.9454168757809297,0.7017445180714558,0.6836989689903599,0.6912761436998227,0.7617721584357033,0.7452499584360406,0.735939869477385,0.841466049345036,0.7103942986141535,0.6639713035770065,0.0,0.6692145835820981,0.6594708771370271,0.6109990246046488,0.7255467092615886,0.6270818275901556,0.6285046693790225,0.6616974172442371,0.628633129916056,0.6168231375573828,0.6454632677685763,0.7361529282984453,0.6421455085568906,0.6728059196706078,0.7777922029552045,0.7690486470533322,0.7945283511623161,0.6980076855703264,0.7086901353640729,0.6707433999679935,0.7207496368456798,0.7382226464716202,0.8269472877082026,0.8483221555693725,0.7488359963850951,0.8129472698385712,0.6846493243104619,0.7928941600432935,0.6032105572806601,0.7492544452918071,0.7595756928710876,0.7549546560404353,0.8264230274004409,0.771040743237871,0.7768347262110256,0.6279608297572402,0.6322422736197878,0.6325110772857896,0.7410180643899489,0.7043965848269574,0.7653400397750552,0.6541838598090618,0.6369127543582003,0.7042615356434561,0.7211586272133768,0.802704087380048,0.6788642152879247,0.6792585213715904,0.8462715691139875,0.6835244681887355,0.6532017639561043,0.6706235091148525,0.7725852535842889,0.7534311957264006,0.6918083352233371,0.7651061121327009,0.7623439270963013,0.7022616820420325,0.7803403022139713,0.7756123420804996
CZE,0.7721426960296234,0.7305977856825949,0.5917844306930039,0.504886080131508,0.35932619786436004,0.43966744937228763,0.6620096202800524,0.4224489543986899,0.5985954285243996,0.5362006812127397,0.9426216498380945,0.48188509145998176,0.5201503028731318,0.5640516957761612,0.5617457879402714,0.6637562296019078,0.6972757588004248,0.7966531297164455,0.5841283645632539,0.5452267040722807,0.6692145835820981,0.0,0.3717485495689556,0.5390580835829524,0.7040423772591954,0.37466060150782665,0.4421881297499226,0.45496467555821635,0.44287883123722327,0.4444231444174241,0.6195920639920942,0.6637141290561596,0.4757193842669062,0.32880437521091704,0.6670427212959128,0.5946696103769233,0.7841859558572682,0.6146215629405727,0.53851461837806,0.3867778726777899,0.6439371276830776,0.4660687893318391,0.7487274075620375,0.8108876753437033,0.477853301950616,0.7719521368944883,0.4991483527246785,0.750497912457025,0.4701778814982091,0.6307916406351675,0.533077777878577,0.7007154701350014,0.765811992703323,0.6439223389041149,0.7294914714443179,0.4425242218550479,0.5532142990032571,0.490040249207507,0.613862205312944,0.6136727248360433,0.6507281992088074,0.3545937282420901,0.410423168538041,0.4610907845216448,0.5091895006261536,0.7379750105640274,0.6391599492822341,0.6947893209308279,0.8066002825517187,0.35149237103495357,0.3510411287294377,0.3818000875328905,0.6287900882840568,0.6323904977649852,0.5162105865522022,0.5696763847375633,0.6108884224775761,0.48067709956392196,0.6765062367591473,0.6012389832313569
DEU,0.7783176074306875,0.7199536177506026,0.6039952181054523,0.5146757691710214,0.36191398118329576,0.3888680303508141,0.687709946379202,0.4587676894192939,0.6101340513541045,0.5218848663890366,0.9274274835730585,0.44841709731385254,0.5011734426075671,0.5435872426804583,0.5964797460207759,0.6600690770344408,0.7237226246314203,0.8085730039051001,0.5824512213141849,0.5379466437455744,0.6594708771370271,0.3717485495689556,0.0,0.5080627721429356,0.6977245786863545,0.3741781198595624,0.48015459732444427,0.4385081868180549,0.4038907233285334,0.40548930552574974,0.5758706513415711,0.6744181742233581,0.5035751443044035,0.37169686675504277,0.6911546301966065,0.6082325358842507,0.7635796405627941,0.5817424705768883,0.4911304242715818,0.37175429285708944,0.6426226375082779,0.44745362910255326,0.7583026482607895,0.8393773658847721,0.4703346059941449,0.8043067521462695,0.5443540435681979,0.7240594808590844,0.5342575374399674,0.6490550022418154,0.5624163636679566,0.7064019742881488,0.7981175470242425,0.6526071503856693,0.7543929097106317,0.40277821398073754,0.5372765957464353,0.5313745975627355,0.6307826883218061,0.5868672163116846,0.6675449037804095,0.4267350603931564,0.4199625269154329,0.4876240515956576,0.5129059120329313,0.7392717082057206,0.6468844792900418,0.6718590238855391,0.8095960330167603,0.4264832727835264,0.42722866988335517,0.39563174244779625,0.646816197582755,0.655837907389132,0.5545264627210862,0.561547706231293,0.6507332171571716,0.4223390389932114,0.7138633349025522,0.587515874447371
DNK,0.7628112954988131,0.7208487902934585,0.6286209795038362,0.5482627032481681,0.5117130826279573,0.4958429901353182,0.662029473377278,0.5647450495237175,0.6097135550018065,0.5889373671147722,0.9191524968051695,0.5452339102176877,0.48117585792384016,0.5848603094158371,0.6541471126527221,0.6780470325477845,0.6896295862690576,0.8071977313096651,0.6130014685949333,0.5087624600278007,0.6109990246046488,0.5390580835829524,0.5080627721429356,0.0,0.711093853384749,0.5106120014124854,0.531972731915713,0.5198454543525648,0.5097592619371254,0.49422133082399394,0.5331289687860038,0.6026334342482397,0.5336772652924654,0.518124585052712,0.7069222185157795,0.6794502163130584,0.7268132632718404,0.5834161891783249,0.5239675926341246,0.49369337938191415,0.6560680992675062,0.5616968993754221,0.7518827479578054,0.833178922913482,0.6003793263638058,0.7792882306743435,0.5773328935384291,0.7546071311637413,0.5817142432827821,0.6914742301617688,0.6352592969772218,0.73333241768657,0.7761342287883007,0.6839724287894309,0.7354389840385189,0.45573401423650844,0.48880080012192223,0.5423186445268857,0.6357994032995723,0.6362775199333307,0.6551643802734441,0.5506035444262919,0.5240442827379101,0.5851751395064986,0.6081008510176055,0.7332856614870604,0.6627957535828422,0.5855362109249841,0.8184936825473919,0.5977411693201903,0.5468876942359264,0.5280733364255875,0.6931914834482809,0.6756379554136166,0.6082936485145599,0.6353482505639861,0.6527884689945037,0.5284970057672056,0.7193209681124408,0.6430864589037866
EGY,0.698420814144429,0.7233964139011861,0.5738405497526026,0.7012584882872904,0.6818373842291563,0.670355518024637,0.6573780464397415,0.6583351799359164,0.5467554171256003,0.5999907017658173,0.8611468473197702,0.6689412973525382,0.7400151551364013,0.6822139627381417,0.5928648581344034,0.6433706066889182,0.7009147478797995,0.7720312801188922,0.6131300607307297,0.6739587262107489,0.7255467092615886,0.7040423772591954,0.6977245786863545,0.711093853384749,0.0,0.6532598208551055,0.6804992588346318,0.6878504147476109,0.7007797004526098,0.7188114655807306,0.6311377718905661,0.8340592199883015,0.6649425642236851,0.6511631369987467,0.6153280700003189,0.6082940996529606,0.7785898824853029,0.7247641703909655,0.7218746773897865,0.6545782769037612,0.5955166153560967,0.6823229100535169,0.738472922286084,0.760891552517147,0.6712015211525743,0.7479954075487374,0.6777660549756952,0.8818516941775922,0.7046162214950455,0.6467262890989107,0.6236521129652856,0.8142448174771671,0.6884504847550784,0.614603138247768,0.7530390442711021,0.6844657911068084,0.7134245242045064,0.6697514786669253,0.5734338699741072,0.5936478735826389,0.6708082250045584,0.6471667083767909,0.6357667479832211,0.660414083768249,0.5816005801179128,0.6777017968992143,0.6323987217721388,0.7990739323012097,0.8677575022167838,0.7104576044861948,0.7072961800951592,0.7191932427274139,0.5944131120167928,0.6334416503349773,0.5650604512080848,0.6844183267200595,0.6315468762506565,0.7070347635639201,0.6641666374554333,0.6888556430770112
ESP,0.7536077544939023,0.6973350527495462,0.529268282437217,0.4645662739850579,0.363065246902042,0.352290033590523,0.6125401558625987,0.396635989826912,0.5226981164211605,0.4588465666007806,0.9282986438117727,0.44654082514743193,0.49519627237940733,0.4901809701707323,0.5721514873472818,0.5970071379819017,0.6449228531403166,0.7507632946152756,0.5050695553834418,0.45169378748492495,0.6270818275901556,0.37466060150782665,0.3741781198595624,0.5106120014124854,0.6532598208551055,0.0,0.45239120429214297,0.44345008411002806,0.36294855673763804,0.3949933492666051,0.5358116641671451,0.6389464170683665,0.4112471959284533,0.3384631400288275,0.6351919155630357,0.5758098823293661,0.7433516622218289,0.5616923995031039,0.5030245323521647,0.3259779449335963,0.5627336573470827,0.4705260078244279,0.7106593855399017,0.7916691772381373,0.49277062113076536,0.7484048364397359,0.468835338155643,0.7532918602121571,0.47506495165655344,0.5657387221597904,0.5061549896104456,0.6945401287853088,0.7479948014054735,0.6013371050807674,0.6887687733006261,0.38900841762301275,0.5060115173050758,0.4705241014447711,0.5732928039920983,0.5106992303691844,0.5721348355765682,0.34703739587066557,0.32041328853401746,0.44193354454905537,0.4796339660402013,0.6982696407050027,0.5464410741654401,0.6894026320769168,0.7874665834005631,0.4204969992057904,0.38443535442606763,0.4158237240762575,0.6034424485189398,0.6126061547556904,0.47169165595038626,0.5699965902057901,0.5907702959160056,0.45604063109231147,0.6653154869685028,0.5546056242468136
EST,0.7527934730888027,0.7270188809935058,0.6281430303523882,0.5059495041882681,0.43230507771035526,0.47966223128374347,0.643568126206754,0.4857278874722336,0.6306216844868863,0.5874848618664337,0.9227813231478775,0.4808099868907269,0.5382100086991822,0.5367936870610089,0.6451862023920582,0.6046646663478398,0.6452596713283136,0.7933312906087772,0.5870707372444861,0.529889300703646,0.6285046693790225,0.4421881297499226,0.48015459732444427,0.531972731915713,0.6804992588346318,0.45239120429214297,0.0,0.44431615027020493,0.4679260696545594,0.48014742827931906,0.5960894804736407,0.6676162168147743,0.4708223106048651,0.4550363097250268,0.6741392166385012,0.6697478160461571,0.7803430081564936,0.6154423297841776,0.5438289174947976,0.4603267924970769,0.6468542826181033,0.5760189048699839,0.7217948419922473,0.8158493553253139,0.5918959519194168,0.745194452616458,0.4565352290931671,0.766868629746956,0.3474423237937152,0.669498834083107,0.6177590944447798,0.6852158752588478,0.7658331985198906,0.6486137536987988,0.7230343475550327,0.45715944493665656,0.5161460824608317,0.48998285879788583,0.6267186557567322,0.5901985312290059,0.6453403594871148,0.4348275377115784,0.4281705807765121,0.4905124738997198,0.5401318433836213,0.7178936791238647,0.6127330939455734,0.6903047039908998,0.7943111586842141,0.49418440326360225,0.45634742267286804,0.42987356582996505,0.6688936537164301,0.6109761599778896,0.5696792046953768,0.6385256201510432,0.6337755993240821,0.5095551798586113,0.6914485208955564,0.6238565843521504
FIN,0.7748268652222619,0.6973655064672944,0.6150965505407212,0.5139163903159388,0.4076910190793829,0.448165307660603,0.6824248602486034,0.48562151237053375,0.5971514549240117,0.5359539621107864,0.9183398643575345,0.45813078304890104,0.5416394557913875,0.5177367780785934,0.5749825544051541,0.6440839559467122,0.6942019516287009,0.7959509035437957,0.5727455222029089,0.5472532563338101,0.6616974172442371,0.45496467555821635,0.4385081868180549,0.5198454543525648,0.6878504147476109,0.44345008411002806,0.44431615027020493,0.0,0.48036881452353536,0.4686709175514121,0.6132858988610249,0.6821757273051743,0.49760741527932856,0.44633245103431624,0.6754728180905176,0.6261048181440627,0.7450102453103514,0.5982881283191169,0.5033340426659494,0.4315024545325954,0.6089316950402123,0.4955218181505768,0.7427899278934843,0.8205559621106505,0.5015103889584626,0.7804406077095091,0.517050603240652,0.7616538689275099,0.49687305998089765,0.6598157350740226,0.5780007369295526,0.6923285651244333,0.7829569528522535,0.6384100799909858,0.7596342030941879,0.4367254067901245,0.5152255189992994,0.5157439028788773,0.6298462971006381,0.5861892340382757,0.660117367669557,0.4360780237782076,0.44828746260735797,0.5353561810972112,0.5364923334403152,0.7335365778410052,0.6421985471450689,0.6560445634442904,0.8173586030695694,0.5015066301842439,0.46291560786619323,0.4026349939829096,0.6674704813996315,0.6537592534834501,0.5505124594491433,0.5439818739531275,0.6395804141967057,0.47621949492221466,0.6733594327249607,0.5931709518074183
FRA,0.7649502443657881,0.7104073890637038,0.5962870140651478,0.43259950885308723,0.36458563420934836,0.3664187442611199,0.6545036231693272,0.4482765443231942,0.611797000841609,0.5063330544653553,0.9305422467131192,0.451114924850796,0.48344594108972994,0.4883358938992415,0.6468410266044827,0.6524757197954244,0.6869608362455346,0.7720292985011424,0.5421450204868801,0.4545600588619099,0.628633129916056,0.44287883123722327,0.4038907233285334,0.5097592619371254,0.7007797004526098,0.36294855673763804,0.4679260696545594,0.48036881452353536,0.0,0.321584880864564,0.5814632734100919,0.6251753528987881,0.4670994317961303,0.4237873734341757,0.7029589410442281,0.6294615382274137,0.7471372323437513,0.5632242525849847,0.4924283290866741,0.3788621395069157,0.6417956225586287,0.5184273332302217,0.7283519645428025,0.8188780547979537,0.5675688695985327,0.7561451637255205,0.534730314411136,0.7011984520821457,0.481227339796344,0.6428835226604124,0.5963965021446006,0.690496264949059,0.7890664562962839,0.6705780673704757,0.7255974296966604,0.3648776140802576,0.5117760368794422,0.46123468469155954,0.61737221278244,0.5517375415244425,0.6493478314701535,0.4389889497291753,0.36021882409686634,0.4862328422468894,0.5265078234102045,0.7223171018727739,0.6004217201994363,0.6751190846753623,0.7661396680579856,0.43029181839841807,0.4486307083911968,0.45085946435776114,0.6599911035461855,0.6497557074387063,0.5279454749391906,0.6201675881029205,0.650737896693994,0.43179142934327847,0.7070761163680759,0.5900016436109868
GBR,0.7581927018097372,0.6823162713697204,0.5958899766389902,0.39917152647490556,0.3620722408858473,0.3622052136913382,0.6679759466696767,0.44761180422645874,0.6295672684169693,0.5325028387537448,0.9190669389365771,0.44747065518025425,0.47882888267501783,0.5033994549269751,0.6523541903469101,0.6830807384736441,0.691489192431732,0.8024027266485618,0.537474486056016,0.4850506636553862,0.6168231375573828,0.4444231444174241,0.40548930552574974,0.49422133082399394,0.7188114655807306,0.3949933492666051,0.48014742827931906,0.4686709175514121,0.321584880864564,0.0,0.5906575413749368,0.6171873501129647,0.4668090716386952,0.44191579472949677,0.7059076616791363,0.6423468571934678,0.7389240024301109,0.535290534842949,0.47555706728732156,0.39870620033722604,0.634766504419313,0.5336805632434501,0.7241543987974839,0.8345381732251032,0.5745081775083313,0.7621096997767652,0.5499836552348141,0.6868888930708861,0.4951382073955317,0.6763538405215221,0.6068551102787414,0.6823238850736719,0.8012660299469637,0.6686953454852721,0.7307963904490579,0.3578925129675869,0.4906202612661097,0.4370308855911506,0.6284179441141365,0.5631598709017785,0.6651653221664765,0.4503698619719403,0.38193431036388004,0.4990618836570602,0.5395714974949292,0.717265763235817,0.629255366892475,0.6680337817552102,0.7652761336302015,0.44161548058967004,0.445068129045038,0.45246222969988553,0.675340530520382,0.6645467490397949,0.5591035251729711,0.6329295062657003,0.6671198936629348,0.41411857436899163,0.7177843360912312,0.592695795774161
GRC,0.7689347677338014,0.7347920222339392,0.5920710575422773,0.6121638586179948,0.5751736107767998,0.5848950576353986,0.6489655224347973,0.6086595161664199,0.546619586255813,0.5842684922653428,0.9067063659228157,0.5792574325280516,0.5966852144714743,0.599022609823107,0.6574084406611929,0.637743844785712,0.6573510571011091,0.779125916493555,0.5911154068151369,0.5582746161505028,0.6454632677685763,0.6195920639920942,0.5758706513415711,0.5331289687860038,0.6311377718905661,0.5358116641671451,0.5960894804736407,0.6132858988610249,0.5814632734100919,0.5906575413749368,0.0,0.6675110605996815,0.5674698553405385,0.562243824946597,0.6929966441374451,0.6744002457369027,0.7723459675847595,0.6319317283180668,0.573225563375652,0.559978902886272,0.6209201146397424,0.6222915043179303,0.7165751656126523,0.8063607053276612,0.6254734428655917,0.7165544075527506,0.6081754216414772,0.823804630734918,0.6346431966854215,0.6510893697038921,0.6363994531663505,0.7586110372079915,0.7417487075292527,0.6812202301053036,0.7337854443330648,0.585546888393229,0.5991562458915919,0.6000855761325476,0.5732557990707192,0.5856786998194478,0.6248173822313122,0.6013512653241478,0.5442176872308414,0.6056939528259526,0.5725786471889301,0.7281890723709357,0.6056055050205801,0.6602683213057257,0.8077808098178579,0.6559200587092744,0.6369835749394497,0.6045813086071767,0.6547910930679783,0.6652053422103792,0.5806303300504697,0.655250497449374,0.6444130560409166,0.583439517076151,0.6841548309565214,0.6187750602457857
HKG,0.8230835014794442,0.7745540099433608,0.7475643827297941,0.660947457359451,0.6421649718179911,0.6638704491239814,0.7301255464762362,0.663459544570509,0.7415419321367297,0.7089164186121908,0.9473784626104921,0.6721597583267247,0.6349853954427023,0.6917202787877296,0.7955259075532163,0.7932405887987766,0.7654084167756371,0.8378264106213719,0.7153316148035038,0.6168367949699958,0.7361529282984453,0.6637141290561596,0.6744181742233581,0.6026334342482397,0.8340592199883015,0.6389464170683665,0.6676162168147743,0.6821757273051743,0.6251753528987881,0.6171873501129647,0.6675110605996815,0.0,0.6654977394543015,0.6546615329113988,0.7952990533733489,0.7894760278150658,0.8480589739453426,0.6902128035567779,0.6323403532885808,0.6493130312619331,0.7349923606542853,0.6833914622009631,0.792646959944874,0.8718489104999579,0.7326907158372089,0.8226567069344601,0.7117364440504684,0.7647239467681404,0.6811529520892582,0.812224973330223,0.7258093794812415,0.7757758693865625,0.8607856688091665,0.7547581010147826,0.7812788764293056,0.6168970953339427,0.664366407144734,0.6702332572860299,0.7554202090381855,0.7473777501426755,0.7042222090107179,0.674070501959928,0.6337612997783472,0.6859865943108696,0.7315919679300159,0.7348143637111225,0.7717575559837521,0.635271486120771,0.7604125511105313,0.6956443764821567,0.668116344952636,0.674113664369315,0.7754685183558192,0.7838113568712878,0.728961989731063,0.7220601491961401,0.768761069313926,0.6490482711961506,0.8055243944583941,0.7317248859188122
HRV,0.7458203618021806,0.6887274050940091,0.571123594796116,0.48436939845716437,0.44634692671674525,0.46435228994432987,0.6167089094476919,0.4674075856363943,0.5632538495740477,0.5337331598828847,0.9103387741145554,0.509863379986422,0.5391901107593672,0.5350966392597674,0.6200525264352854,0.6125212249833305,0.6275513246939616,0.7758201545373464,0.5448186035694261,0.48145742931284463,0.6421455085568906,0.4757193842669062,0.5035751443044035,0.5336772652924654,0.6649425642236851,0.4112471959284533,0.4708223106048651,0.49760741527932856,0.4670994317961303,0.4668090716386952,0.5674698553405385,0.6654977394543015,0.0,0.43988196667529217,0.650331875638073,0.622047761787084,0.7383790262061335,0.5807874604630243,0.5505395934685355,0.44323836247044257,0.5670595063408278,0.5373056771310862,0.7281110500408454,0.7959909021356805,0.5788077694620937,0.7102751550885389,0.49269980293016086,0.7780206888320549,0.4877672522205415,0.6170851902134094,0.602768402346104,0.7097545734795805,0.7399311938499167,0.6406280443341194,0.6930513958166696,0.4839589334646584,0.5358483632367089,0.48614195431709534,0.5847450509438104,0.5451280317948485,0.592380648985339,0.4213788326106682,0.4290155356200316,0.4783124485559807,0.5339180085636451,0.6829927622206615,0.5761315784301342,0.7170780889372322,0.7702699298428703,0.5095470876198739,0.4442736150971686,0.4986281712718407,0.6353169997803937,0.6177531836871663,0.5116773351050766,0.6353017691376369,0.6255603770421374,0.5475587400292974,0.660303402207451,0.5848317929023138
HUN,0.7348744466105535,0.6905650229113258,0.5218181144535364,0.493543876952486,0.3941465390548716,0.4137414302580749,0.6278087503831391,0.43413424290069597,0.5087935931616251,0.45405543972021795,0.9190302664664137,0.4373398386907942,0.5095179125301533,0.5082032822094561,0.5433974318218904,0.5873122743434778,0.6527154623127317,0.7670431354142122,0.5328725845317591,0.4934408305879167,0.6728059196706078,0.32880437521091704,0.37169686675504277,0.518124585052712,0.6511631369987467,0.3384631400288275,0.4550363097250268,0.44633245103431624,0.4237873734341757,0.44191579472949677,0.562243824946597,0.6546615329113988,0.43988196667529217,0.0,0.6246844942461393,0.5628122271987104,0.7276694179239002,0.6031572035232856,0.48675210418643555,0.3753629062663967,0.5701520455021729,0.45373582698435344,0.7076042261729801,0.7921269239419738,0.4506435645187368,0.7406883156430367,0.4611754225027376,0.765091699830455,0.4964188126975953,0.565235427045268,0.45008236363231713,0.6887311131858751,0.7146445180858528,0.5859342016148515,0.6974944514373431,0.41627924727844634,0.5402863892088541,0.48267943023705534,0.5589773143473301,0.5466343043539317,0.561405683443512,0.34070376336202696,0.38995309684093427,0.4253642264510055,0.4773458118415648,0.700401681164725,0.5904520074957154,0.6755530603133889,0.7914302534730999,0.39740583600721247,0.4054835821628234,0.41458513533595914,0.5704855183044135,0.5840668556603736,0.4796234702488629,0.5354931002205564,0.5816164866658615,0.44832971459693255,0.6298755718616744,0.5536084975748486
IDN,0.7035828889380958,0.6817604485455452,0.5771727295201061,0.6773672379127705,0.6797434031194407,0.7092509875678554,0.6626732223877224,0.6785351966994485,0.5337154452095151,0.5513294400963324,0.8301291617371804,0.630456434891347,0.7139522879597308,0.6592021846934888,0.5357606159535411,0.6185302590544088,0.6537198614707957,0.7919968956833984,0.5790726805354366,0.664407647908995,0.7777922029552045,0.6670427212959128,0.6911546301966065,0.7069222185157795,0.6153280700003189,0.6351919155630357,0.6741392166385012,0.6754728180905176,0.7029589410442281,0.7059076616791363,0.6929966441374451,0.7952990533733489,0.650331875638073,0.6246844942461393,0.0,0.6099925800869631,0.7937773063177167,0.7313927106523244,0.6987222233342523,0.6534877382489226,0.6077322246174932,0.6547775309050555,0.7558918307465076,0.8260443050170234,0.6350164550098166,0.6949102666236807,0.6641921660163236,0.8840499713617864,0.7102891334793118,0.6078720106706734,0.5692639161996581,0.8198091625763031,0.664956987832632,0.5098608938629273,0.7228857942322642,0.6898916248763501,0.7076507489088419,0.6707401366067676,0.5774119442312156,0.5959166921890922,0.6187708507424857,0.6109832102559609,0.6136796518531121,0.6196385325695182,0.6077945984494212,0.6403492428140842,0.6486845195524412,0.7969652916970973,0.8686548849938786,0.6943046740861306,0.7036931404129295,0.7064412494443978,0.5165097222941553,0.6258808050129532,0.5671875396033892,0.6650133004836728,0.655226218797874,0.7077480780157713,0.609231638083055,0.6723475027879121
IND,0.7620717656080539,0.7493987614678626,0.5432644833369699,0.6291135854129714,0.6036185452352206,0.6010607752921766,0.6182523456643153,0.5725089037328001,0.5283376766425474,0.5365052534314185,0.9071806228089386,0.5884536554342282,0.6877051351806629,0.6382686329531702,0.5000265056974541,0.6280754611242547,0.6889574357931908,0.7687804217463048,0.5955842822641015,0.6394729888977623,0.7690486470533322,0.5946696103769233,0.6082325358842507,0.6794502163130584,0.6082940996529606,0.5758098823293661,0.6697478160461571,0.6261048181440627,0.6294615382274137,0.6423468571934678,0.6744002457369027,0.7894760278150658,0.622047761787084,0.5628122271987104,0.6099925800869631,0.0,0.7632372392554688,0.6896822346158392,0.6562148918660695,0.5739845123592144,0.5895093606999285,0.5781562737708597,0.7464402815282821,0.7125628179818547,0.573685369820722,0.7545894871900306,0.6454676278920909,0.8082149525879975,0.6826928840505577,0.5574882271140824,0.5525289388918678,0.8113722852172259,0.6884656700170219,0.6156956376127556,0.7153722889437842,0.6268219710331284,0.6802098360171753,0.6355135060263486,0.5654091130755379,0.5848772362881883,0.607119491385467,0.563588004430556,0.5857091600750212,0.5706405245083087,0.5592879559087428,0.7343489901430174,0.6128724738543407,0.7947432735084297,0.8315509551638426,0.6188327547839606,0.624577718900299,0.6344550824090387,0.5798904405431443,0.6140425285033193,0.5073650729279778,0.6019067014723156,0.6063913380019933,0.6461662786188133,0.6231929785730187,0.6314507997580948
IRL,0.8383533374684524,0.7591570260542255,0.7461821607297702,0.7730999114156466,0.7640309894247393,0.7217659950401356,0.817314405933629,0.7719399828778933,0.7212779951889859,0.7318290536520242,0.8938652629003523,0.7686054158914885,0.6780457981401558,0.7570740880050544,0.7696040623866487,0.7619146561139277,0.8254570096958904,0.8908538438471408,0.7570927162703942,0.7453303495448869,0.7945283511623161,0.7841859558572682,0.7635796405627941,0.7268132632718404,0.7785898824853029,0.7433516622218289,0.7803430081564936,0.7450102453103514,0.7471372323437513,0.7389240024301109,0.7723459675847595,0.8480589739453426,0.7383790262061335,0.7276694179239002,0.7937773063177167,0.7632372392554688,0.0,0.7816707585455454,0.7539716916678121,0.756302574191148,0.7431127719803214,0.743672625560397,0.85327694107738,0.896023900342174,0.7712457725474823,0.8417705103718955,0.7597582713114253,0.887157673643414,0.7969845277723151,0.7881981508830729,0.7414520141409364,0.8138705068031001,0.8415808135944433,0.7684755056926629,0.8672178451852368,0.7475164482031068,0.7875372918201957,0.7819710955265607,0.7624208360614606,0.7511462563155584,0.7599711145642666,0.7537089759422417,0.7455001148334562,0.7712341363180675,0.7571377567033506,0.8027295889690672,0.7975467228310915,0.7695033821964118,0.89692447119329,0.7689961183350866,0.776903000861627,0.7696323363463303,0.7591486718115618,0.8138325271538556,0.7605604735755691,0.7751954286963157,0.7978107095718513,0.7687981538201445,0.7760604256790383,0.7861740839522203
ISL,0.7900233853604053,0.7596696723820474,0.6713756830337045,0.5781668321841613,0.5753201170519466,0.5624165921678884,0.6473505029756288,0.5982896654312285,0.661264582920348,0.6331194999680559,0.9456044916275589,0.5884036075808818,0.6044634750731621,0.5967335525617558,0.6864441331999579,0.6997396483513862,0.6876689719631808,0.8020933767256077,0.630069496967842,0.5528994902698628,0.6980076855703264,0.6146215629405727,0.5817424705768883,0.5834161891783249,0.7247641703909655,0.5616923995031039,0.6154423297841776,0.5982881283191169,0.5632242525849847,0.535290534842949,0.6319317283180668,0.6902128035567779,0.5807874604630243,0.6031572035232856,0.7313927106523244,0.6896822346158392,0.7816707585455454,0.0,0.5988573725259271,0.5890854252612087,0.6713608393846219,0.6309744776121458,0.7557548973052451,0.8362916806218931,0.6610666412633474,0.759762925546008,0.6674595612555915,0.776508814201905,0.6346872576402728,0.6648949486128035,0.6879187148257337,0.7342440454029661,0.7766573025616736,0.7003452028710817,0.733153031955605,0.5545329057821773,0.5608052605505145,0.5490738700935232,0.6787571585738991,0.5947188700113902,0.6684718946919006,0.6048506873248115,0.5789773294707923,0.6245836926745578,0.6274801245226712,0.7576408654345544,0.6407093974476489,0.7288031852358252,0.7877319705543864,0.6286190702523433,0.6169989193919665,0.6157603273230406,0.7016979391535015,0.6843322585933683,0.6403480856119526,0.6938844338134004,0.7106091543226779,0.6058848751809717,0.7132783375065032,0.6746123863569735
ISR,0.7741206404443277,0.7119507415584633,0.615081081004809,0.5523782123280995,0.4961989366940921,0.4848604627431856,0.6637546126141918,0.5401550602063258,0.6155776989536648,0.5565385255791273,0.8924928840817002,0.48701443673244094,0.5117987717237298,0.5402458826918821,0.6230353124704365,0.6496133590858068,0.7104281926750549,0.8021570342195655,0.5720300832417291,0.5452109827351418,0.7086901353640729,0.53851461837806,0.4911304242715818,0.5239675926341246,0.7218746773897865,0.5030245323521647,0.5438289174947976,0.5033340426659494,0.4924283290866741,0.47555706728732156,0.573225563375652,0.6323403532885808,0.5505395934685355,0.48675210418643555,0.6987222233342523,0.6562148918660695,0.7539716916678121,0.5988573725259271,0.0,0.5020472082692914,0.6350960125819165,0.5439507312338779,0.7398298282912593,0.8325827451121234,0.5165443614678052,0.7912090189284241,0.5814470497726297,0.7261964658864979,0.6063413286288001,0.682653187222818,0.593681375692704,0.6601632740348938,0.7760743920935607,0.6410497172368936,0.7219436667507593,0.4597005276627247,0.5576128043387942,0.5366826185130427,0.6401216099437499,0.5990015418179331,0.6364619293696857,0.5327671426935865,0.49927572323185243,0.5921055768677426,0.5684977234823441,0.7347963656522715,0.6508696327301382,0.6208096702419154,0.798184275607788,0.592161705341938,0.5661560780415597,0.5273362988594591,0.6419598023364397,0.6850527607714532,0.5922194963225477,0.5608048064097706,0.652493467462673,0.4627819760812471,0.6651750050998095,0.5976678865553228
ITA,0.7647775490965629,0.7034625958363498,0.5474408607171346,0.4860314349251335,0.34252230434526243,0.3854666918639837,0.6313474804610466,0.4061669580865096,0.5528223983998074,0.46363307663640524,0.9216325145357854,0.46188722601299187,0.49414823141783437,0.518121158366508,0.5594118941673302,0.6202849162860016,0.6705694742591175,0.7646537800746488,0.5230907747007904,0.49668309147954387,0.6707433999679935,0.3867778726777899,0.37175429285708944,0.49369337938191415,0.6545782769037612,0.3259779449335963,0.4603267924970769,0.4315024545325954,0.3788621395069157,0.39870620033722604,0.559978902886272,0.6493130312619331,0.44323836247044257,0.3753629062663967,0.6534877382489226,0.5739845123592144,0.756302574191148,0.5890854252612087,0.5020472082692914,0.0,0.5918369802004065,0.4522206283568759,0.7232276135184298,0.7950045627188754,0.46818054983942925,0.767990962679388,0.4912453757003236,0.7312953575333464,0.508886719016943,0.6418301625524845,0.5407018861641972,0.696491433035217,0.7668911127799204,0.6268220498352891,0.7273340016314085,0.39077410050339345,0.5325224000364804,0.49646568841473343,0.5735782522677401,0.5430992392529093,0.6306263651488497,0.3934984465084742,0.3491960608855071,0.45872743210577843,0.4817185361138933,0.7071765209850462,0.6134291106985068,0.67073750135907,0.7914594366606063,0.4103739185024465,0.37403780598914166,0.4310644988677768,0.6075743179978835,0.6188997576109603,0.4708040075547758,0.5479523498690836,0.5935095568076141,0.4547261761550086,0.6703897617798338,0.566934080446205
JOR,0.7586520222308396,0.6815907451263458,0.5694892737688445,0.6167913017209067,0.6207622344076041,0.5984487171088386,0.6645014424179022,0.5771937347355769,0.526942049114205,0.559985902415879,0.8709410242390526,0.5894381783353729,0.6634381452564231,0.6306796830271247,0.5970828343571919,0.6147565641114815,0.660211741598671,0.7539420936329442,0.5628968647952722,0.6116585714577626,0.7207496368456798,0.6439371276830776,0.6426226375082779,0.6560680992675062,0.5955166153560967,0.5627336573470827,0.6468542826181033,0.6089316950402123,0.6417956225586287,0.634766504419313,0.6209201146397424,0.7349923606542853,0.5670595063408278,0.5701520455021729,0.6077322246174932,0.5895093606999285,0.7431127719803214,0.6713608393846219,0.6350960125819165,0.5918369802004065,0.0,0.6338431748258493,0.740640817695787,0.7898617064799089,0.6273994288805721,0.7397513240368186,0.6148194791235673,0.8370101575582753,0.6646182549782674,0.6017489606904235,0.5764360785604544,0.7954662949648721,0.75181659431628,0.592107447930356,0.718486082765856,0.6070721498665121,0.6342074638505625,0.6023605274826583,0.631988795808597,0.5636402107632864,0.5955657335554783,0.5633584010444486,0.566369412917806,0.6077249805931603,0.5795167461606929,0.6884780875490775,0.6090799274032059,0.7750401693982385,0.8105218745091358,0.673036350037467,0.6366192960987141,0.6515311231940087,0.6010060481840979,0.6474585159843805,0.5571382443670776,0.6457209813719371,0.6434197145014708,0.6403808176932871,0.6498246345426079,0.5994731997954656
JPN,0.8007123982333161,0.7413469729459803,0.5801846273164408,0.5942871645868365,0.4799268902844,0.5163076239458962,0.6902573239041796,0.5320227508825198,0.5854675916002025,0.5065699397206663,0.9260182857676967,0.5104595776317704,0.56647252073002,0.5973354147116687,0.5371930311040575,0.6706283137932583,0.7285104106655754,0.7954304422928431,0.5980573491696968,0.5544709078153347,0.7382226464716202,0.4660687893318391,0.44745362910255326,0.5616968993754221,0.6823229100535169,0.4705260078244279,0.5760189048699839,0.4955218181505768,0.5184273332302217,0.5336805632434501,0.6222915043179303,0.6833914622009631,0.5373056771310862,0.45373582698435344,0.6547775309050555,0.5781562737708597,0.743672625560397,0.6309744776121458,0.5439507312338779,0.4522206283568759,0.6338431748258493,0.0,0.7553412082049517,0.7949521052249078,0.4268384411461149,0.7906738009189579,0.5770690585656458,0.7693615969294675,0.6309172436539414,0.6378720229389215,0.5413328125697638,0.738939914685325,0.7751070496108272,0.6268255582313959,0.7471548338234384,0.5233819052223702,0.6038519161956117,0.6057279379048647,0.6226573270195934,0.5862210676855351,0.656967009471713,0.4987218398609372,0.4902327330339859,0.5153329045799493,0.5224124970081815,0.7345157855777847,0.6616706173797449,0.6850182334908591,0.8342971372394964,0.5135898583619506,0.5109123767328383,0.49557091600891984,0.5902047675155371,0.6789603316729564,0.5418442890414393,0.49807747836996275,0.6261280114222405,0.5192153498755775,0.6761589646490815,0.5929375529662709
KAZ,0.7183478831288408,0.7864704730037101,0.6811562418938433,0.6520405692819217,0.736122735131773,0.7419322547835889,0.7262433844601576,0.7224344907147644,0.7332063650285807,0.6633423492170581,0.8972173512910384,0.6445552862223185,0.7507346388871745,0.6882268420803677,0.7460977942676926,0.7359084572882802,0.7169479206738043,0.7414584845008454,0.6899278286784954,0.6898899101910362,0.8269472877082026,0.7487274075620375,0.7583026482607895,0.7518827479578054,0.738472922286084,0.7106593855399017,0.7217948419922473,0.7427899278934843,0.7283519645428025,0.7241543987974839,0.7165751656126523,0.792646959944874,0.7281110500408454,0.7076042261729801,0.7558918307465076,0.7464402815282821,0.85327694107738,0.7557548973052451,0.7398298282912593,0.7232276135184298,0.740640817695787,0.7553412082049517,0.0,0.8226612797607576,0.787277566725957,0.7741970485458236,0.7151439779915694,0.8698322744010598,0.7329878218806434,0.7547552616284113,0.6717584472354707,0.8564723883023223,0.7833745160523367,0.7450450696261539,0.7810594001974926,0.7041768442816342,0.7374720236500445,0.7077602705209795,0.7051229083142871,0.655332482037307,0.7317059181712234,0.7168151846956645,0.732319075801458,0.7081209182277789,0.6596122177767939,0.7298472236618524,0.6956518464534982,0.8399745408257879,0.8376209059415409,0.7554125845729437,0.7458293967521424,0.7336237672531188,0.780227049617567,0.70623430385632,0.7200781301903483,0.7995188681434048,0.6919804844383712,0.6915980327117796,0.7682493341895799,0.6798532439146735
KHM,0.8321222832469276,0.8755548464642874,0.7647421753684265,0.79080527425204,0.8080683653460193,0.8080126624748531,0.6849197463641765,0.766149388766776,0.7373529368540999,0.7825023924527608,0.9611656326817684,0.8031317299169429,0.8539858785332785,0.8158718211601332,0.7575656429849248,0.7706979025746544,0.7434308762182077,0.815342783469034,0.7861594717856527,0.787410633622321,0.8483221555693725,0.8108876753437033,0.8393773658847721,0.833178922913482,0.760891552517147,0.7916691772381373,0.8158493553253139,0.8205559621106505,0.8188780547979537,0.8345381732251032,0.8063607053276612,0.8718489104999579,0.7959909021356805,0.7921269239419738,0.8260443050170234,0.7125628179818547,0.896023900342174,0.8362916806218931,0.8325827451121234,0.7950045627188754,0.7898617064799089,0.7949521052249078,0.8226612797607576,0.0,0.8027041838651503,0.805884198085741,0.8013904392143604,0.9023217297035881,0.8021269972955015,0.7475685786674566,0.802912528067134,0.8884324196282573,0.7330086762174977,0.8278818150214716,0.8118802720054206,0.8222711622280735,0.8397530762158187,0.7884541889960188,0.7339428024171748,0.7927997297445243,0.7812063718143784,0.7825992775779406,0.7781505399264889,0.7765553400621613,0.7697171263665091,0.8466026553227496,0.7542647837290433,0.8861117243735513,0.8568781504916059,0.8094461093541123,0.8072983649870615,0.8200834595898793,0.8001591250829986,0.7515965320383537,0.7120219208730565,0.7937209044020026,0.6983871053646875,0.8418111937609709,0.7433485778936944,0.8112283267309759
KOR,0.8024389210840938,0.7486336430424715,0.5810191824175498,0.629735817577112,0.5018548762895914,0.5346592949366331,0.6849128042556403,0.5673011429483229,0.563803150662387,0.5278164860548581,0.9320546835024235,0.545676579263135,0.580345341160652,0.6086044559207795,0.4511085245315688,0.6781538133823333,0.728577962190342,0.8104222876718232,0.6065844496172969,0.6235255724478092,0.7488359963850951,0.477853301950616,0.4703346059941449,0.6003793263638058,0.6712015211525743,0.49277062113076536,0.5918959519194168,0.5015103889584626,0.5675688695985327,0.5745081775083313,0.6254734428655917,0.7326907158372089,0.5788077694620937,0.4506435645187368,0.6350164550098166,0.573685369820722,0.7712457725474823,0.6610666412633474,0.5165443614678052,0.46818054983942925,0.6273994288805721,0.4268384411461149,0.787277566725957,0.8027041838651503,0.0,0.8212254309996192,0.6004976357935136,0.790916672770226,0.661949563536394,0.6333977637613388,0.5204673706393467,0.6926409000307219,0.7672324845280427,0.5961231876077656,0.7710616062944695,0.5470417873887282,0.6255374338419527,0.632384093971924,0.6284150033417688,0.6212177199001571,0.6573021179633322,0.5267869816562769,0.5183860597502244,0.5475546950752669,0.5529529833306898,0.7541725395469876,0.6785996111215208,0.6434925374342679,0.8484757323051312,0.5373973129043524,0.5484231212218165,0.538309359608099,0.5253819091517725,0.6699482580073566,0.5483850238437006,0.3999061368654549,0.6524859525383868,0.5518863133866162,0.6215911444524213,0.6289808940681888
LAO,0.7155194700437268,0.7676641444385641,0.7019488967436115,0.7244835364781513,0.7437432242966738,0.8018084326909025,0.6928298310846376,0.7658641464560456,0.640740692847724,0.722516005456931,0.9077732044058193,0.7421275147725234,0.7869329186890854,0.7144165381781825,0.7366623015420557,0.7234250936662913,0.6971295486888589,0.8169944308091421,0.6742796191846394,0.7215381977182715,0.8129472698385712,0.7719521368944883,0.8043067521462695,0.7792882306743435,0.7479954075487374,0.7484048364397359,0.745194452616458,0.7804406077095091,0.7561451637255205,0.7621096997767652,0.7165544075527506,0.8226567069344601,0.7102751550885389,0.7406883156430367,0.6949102666236807,0.7545894871900306,0.8417705103718955,0.759762925546008,0.7912090189284241,0.767990962679388,0.7397513240368186,0.7906738009189579,0.7741970485458236,0.805884198085741,0.8212254309996192,0.0,0.7440769122157247,0.8977985342627245,0.725986084286831,0.6829265140753538,0.7558708170074648,0.8443595239960248,0.6687347074754834,0.7598252064860803,0.7658176088093928,0.7898429336722881,0.7840172549611416,0.7026694849941212,0.6216469448769042,0.7140462958351566,0.676739024656016,0.7304310924039394,0.7058799224143602,0.7253802212616326,0.7062117397259947,0.7793826393083193,0.6678033075014708,0.8715937663964051,0.812387504475498,0.7547297826328169,0.7934499645263591,0.7867240549766372,0.7162337335439483,0.7048089277627946,0.6770914152657669,0.8198715575894913,0.7338231400695977,0.794941658775952,0.6361277202943462,0.7283294900049821
LTU,0.7781709802239581,0.7113043378024719,0.5921059820683953,0.5756007812235759,0.5191820678225842,0.5240535223505992,0.6618712187052509,0.501441460447749,0.552625496164134,0.5402501942649076,0.9161113729509825,0.5274939860764631,0.5920333012591891,0.5426266227892813,0.6333125418467422,0.5831575086761688,0.6405526672753363,0.7695777728518065,0.5788697403109433,0.536088378062959,0.6846493243104619,0.4991483527246785,0.5443540435681979,0.5773328935384291,0.6777660549756952,0.468835338155643,0.4565352290931671,0.517050603240652,0.534730314411136,0.5499836552348141,0.6081754216414772,0.7117364440504684,0.49269980293016086,0.4611754225027376,0.6641921660163236,0.6454676278920909,0.7597582713114253,0.6674595612555915,0.5814470497726297,0.4912453757003236,0.6148194791235673,0.5770690585656458,0.7151439779915694,0.8013904392143604,0.6004976357935136,0.7440769122157247,0.0,0.8063361726915748,0.48637476396133983,0.6593216645267754,0.5970406453788134,0.7364305139920391,0.744018003503291,0.6317768915293361,0.7222234229007338,0.5221100962850507,0.5920974775349785,0.54747831050316,0.613895554587671,0.5763556146696276,0.5997161225302461,0.4168842824395714,0.49713506570111743,0.5299441703958298,0.5333980436961387,0.7223263233876623,0.623661477222119,0.7106574932687405,0.80044095794469,0.5474419067510312,0.516751470845649,0.5199300907184302,0.6410458028080679,0.6172535952832731,0.5341523154769917,0.6451357765522047,0.5957367318536849,0.5773823444891332,0.6769712161010859,0.6264972697161598
LUX,0.8807293334751173,0.8699380957611533,0.826202639362858,0.7496028370266731,0.7230629923233054,0.7057059251014822,0.8162835059351307,0.7306731594942836,0.8294152861313546,0.7979384826966053,0.9641329149122528,0.7203346690918969,0.7458026023237586,0.7505843702106587,0.8426552644874281,0.8475570531260994,0.8652543133947357,0.9163602292938509,0.8080392361713811,0.746361719492352,0.7928941600432935,0.750497912457025,0.7240594808590844,0.7546071311637413,0.8818516941775922,0.7532918602121571,0.766868629746956,0.7616538689275099,0.7011984520821457,0.6868888930708861,0.823804630734918,0.7647239467681404,0.7780206888320549,0.765091699830455,0.8840499713617864,0.8082149525879975,0.887157673643414,0.776508814201905,0.7261964658864979,0.7312953575333464,0.8370101575582753,0.7693615969294675,0.8698322744010598,0.9023217297035881,0.790916672770226,0.8977985342627245,0.8063361726915748,0.0,0.7837786882618311,0.8528091888355763,0.8236757053434665,0.8397762712047904,0.9002926474446911,0.8273940799075752,0.8334781281722456,0.7049878375750874,0.7678203171982362,0.7518186408834687,0.8389248003832255,0.8305023778462906,0.8496500150725979,0.7660414160951613,0.7472121173118986,0.784944936138103,0.7981474786105919,0.8676330929414826,0.836333184236867,0.825639766577791,0.7635438024561629,0.7528400878984512,0.7471657752682836,0.7355522007050054,0.8777893379660539,0.8609124169907068,0.8216101725734218,0.8010582413831688,0.8221249742266054,0.6928251326474142,0.8601647096244989,0.8296069638508924
LVA,0.7587971364791769,0.7176420742767086,0.6475269589240251,0.5055698454161437,0.44447240154217643,0.4968169245392879,0.6558924726683619,0.4692516839743636,0.6412774134313923,0.6058640312239488,0.9398767564644441,0.5531617524294518,0.5642416482887094,0.5510555205301491,0.6809849901268183,0.6125330763295523,0.6543147843562138,0.7935943232029518,0.5995970067979361,0.5533444034550745,0.6032105572806601,0.4701778814982091,0.5342575374399674,0.5817142432827821,0.7046162214950455,0.47506495165655344,0.3474423237937152,0.49687305998089765,0.481227339796344,0.4951382073955317,0.6346431966854215,0.6811529520892582,0.4877672522205415,0.4964188126975953,0.7102891334793118,0.6826928840505577,0.7969845277723151,0.6346872576402728,0.6063413286288001,0.508886719016943,0.6646182549782674,0.6309172436539414,0.7329878218806434,0.8021269972955015,0.661949563536394,0.725986084286831,0.48637476396133983,0.7837786882618311,0.0,0.661389846922257,0.6420484351873623,0.6997614917817515,0.7815110944337818,0.6966510797257017,0.7292930953700202,0.5061688095677453,0.5611725243859786,0.49072504548524126,0.6509222754683442,0.6139067596276695,0.6529485804517585,0.448133533013493,0.440123351950407,0.5343611458642121,0.570671410518788,0.74307151282285,0.6058744939244007,0.7181734092778164,0.7954053485372197,0.48970353939862243,0.46934714871822586,0.4939206286544237,0.7073458382793663,0.629753975349205,0.569141987228073,0.6949620771084516,0.6481354008846076,0.5783186043625754,0.7078734503666677,0.6601697611269315
MAR,0.7500793593773792,0.7859085296464161,0.5503134940320322,0.6531913007384875,0.6493847769571859,0.6487852960734742,0.5978859317374521,0.6462928224104207,0.4930627035805746,0.5506578446054956,0.9436668543632365,0.6090831395361651,0.6922645134722315,0.6302440907487904,0.5785312589122459,0.5763938813024617,0.6306396574219681,0.765948042000812,0.5794434620375226,0.5977644479052654,0.7492544452918071,0.6307916406351675,0.6490550022418154,0.6914742301617688,0.6467262890989107,0.5657387221597904,0.669498834083107,0.6598157350740226,0.6428835226604124,0.6763538405215221,0.6510893697038921,0.812224973330223,0.6170851902134094,0.565235427045268,0.6078720106706734,0.5574882271140824,0.7881981508830729,0.6648949486128035,0.682653187222818,0.6418301625524845,0.6017489606904235,0.6378720229389215,0.7547552616284113,0.7475685786674566,0.6333977637613388,0.6829265140753538,0.6593216645267754,0.8528091888355763,0.661389846922257,0.0,0.5807514904349516,0.8179468706151919,0.638555964102397,0.640755979967774,0.6647399520138119,0.6532666006410948,0.6987967016708357,0.6317405482605561,0.5456776673483804,0.5557810130625034,0.5365177569577267,0.5943573588171852,0.5836888357772609,0.5922893857046627,0.6131948201715909,0.7570609674078449,0.49645851844512456,0.8275324237207544,0.8175431473668027,0.6665802617812945,0.6710600380174206,0.6766727229391224,0.5966976402242851,0.5636022498747801,0.554826760724252,0.6734448245563217,0.6231762661307152,0.6626116278028091,0.6137238325023205,0.6424104030493782
MEX,0.7346927277323883,0.7016243406771854,0.503853484909579,0.6178638087947538,0.5735324097484651,0.5773948398979869,0.673281706398978,0.5769541662342774,0.5283798764325125,0.46295374728491656,0.8926015353997091,0.5266406178539995,0.6196861735742829,0.5759348570712761,0.5055716735955345,0.6243273070350822,0.6892128259224788,0.7511726926200806,0.5622562103876093,0.5855622637290022,0.7595756928710876,0.533077777878577,0.5624163636679566,0.6352592969772218,0.6236521129652856,0.5061549896104456,0.6177590944447798,0.5780007369295526,0.5963965021446006,0.6068551102787414,0.6363994531663505,0.7258093794812415,0.602768402346104,0.45008236363231713,0.5692639161996581,0.5525289388918678,0.7414520141409364,0.6879187148257337,0.593681375692704,0.5407018861641972,0.5764360785604544,0.5413328125697638,0.6717584472354707,0.802912528067134,0.5204673706393467,0.7558708170074648,0.5970406453788134,0.8236757053434665,0.6420484351873623,0.5807514904349516,0.0,0.7505745410368784,0.7143107340375214,0.5534189739131142,0.7260563392449602,0.5689304045288003,0.6366050385315604,0.6103973460060372,0.5868795827362153,0.5315428656138111,0.5702737191578434,0.5156392256009281,0.5449576557479814,0.546556949771079,0.5284627204890858,0.6859065649776085,0.6103039653296403,0.7081471396841795,0.8407147969701302,0.5715239130102023,0.5951749661960517,0.5907616185950384,0.5337477616548326,0.6230947656925777,0.5349807078880577,0.5592112094716243,0.602077710832455,0.5653989336310066,0.6276965895378751,0.6003486380124383
MLT,0.8484243329346751,0.7757931491329842,0.7971157696753943,0.7111260738043971,0.6699244444798339,0.7062325540753296,0.775469742971435,0.7062432192795142,0.7702836816311925,0.7638053709162397,0.9588289026813732,0.7487874004614621,0.684550301871659,0.7302717519041307,0.7567536204498816,0.8127253252463721,0.8123967185680561,0.88401223908368,0.7423577766815327,0.7500909509341586,0.7549546560404353,0.7007154701350014,0.7064019742881488,0.73333241768657,0.8142448174771671,0.6945401287853088,0.6852158752588478,0.6923285651244333,0.690496264949059,0.6823238850736719,0.7586110372079915,0.7757758693865625,0.7097545734795805,0.6887311131858751,0.8198091625763031,0.8113722852172259,0.8138705068031001,0.7342440454029661,0.6601632740348938,0.696491433035217,0.7954662949648721,0.738939914685325,0.8564723883023223,0.8884324196282573,0.6926409000307219,0.8443595239960248,0.7364305139920391,0.8397762712047904,0.6997614917817515,0.8179468706151919,0.7505745410368784,0.0,0.871824308523545,0.779069952703972,0.8512964563663357,0.6969476173140554,0.7237039224216332,0.714801026768451,0.7773840542713231,0.7738269190286995,0.7878530538176967,0.7099779214520445,0.6742150227193651,0.7406117400040749,0.7452849087052478,0.8397214296395366,0.7890318467956612,0.6571565226980978,0.8721978370460295,0.6863755148552765,0.7137226015759356,0.7071596287221075,0.7238698200256278,0.8053727085380565,0.7457858534816475,0.6785030672990754,0.809843155279016,0.7434699780121894,0.7346803595785961,0.794018821520021
MMR,0.7196338293641263,0.8209358351181909,0.6580510562787449,0.7533824421922936,0.7908293056633857,0.7876611668797178,0.56645842474162,0.7699895204344295,0.5728942845839035,0.6914797037460181,0.9034730601714831,0.7388640544370454,0.8080041670832389,0.7353285968948846,0.6555631515794903,0.6978340140687374,0.6971993673625942,0.8259569696079732,0.7152334377595382,0.7405717905200001,0.8264230274004409,0.765811992703323,0.7981175470242425,0.7761342287883007,0.6884504847550784,0.7479948014054735,0.7658331985198906,0.7829569528522535,0.7890664562962839,0.8012660299469637,0.7417487075292527,0.8607856688091665,0.7399311938499167,0.7146445180858528,0.664956987832632,0.6884656700170219,0.8415808135944433,0.7766573025616736,0.7760743920935607,0.7668911127799204,0.75181659431628,0.7751070496108272,0.7833745160523367,0.7330086762174977,0.7672324845280427,0.6687347074754834,0.744018003503291,0.9002926474446911,0.7815110944337818,0.638555964102397,0.7143107340375214,0.871824308523545,0.0,0.7145845119885343,0.7187485367801195,0.7776555930060032,0.7668378635911051,0.7210402024927185,0.4677283465455903,0.6953615365390798,0.6750828520695109,0.7248315261611958,0.7385566978588294,0.7388059765661564,0.7172090081163146,0.7665439533324775,0.6785497294961214,0.8610471753070051,0.8453214090261634,0.7929171163203731,0.7903960937450412,0.7893598700235487,0.6871471426441754,0.6436842821752634,0.6441794575454908,0.7776909440219949,0.6443206342435536,0.7889337651151467,0.5904449444264562,0.7398926239484545
MYS,0.6979028197703566,0.6760491436524614,0.5586126688913473,0.6799310136475618,0.6536867304792546,0.641990056066082,0.7039138787429097,0.6343404578264636,0.5501804298810797,0.5327265953061842,0.8165962128791106,0.5934417884879934,0.6845538862454975,0.641474288501521,0.5861419669465389,0.6308284639969663,0.7046935718588456,0.7999771632043498,0.5745891778384037,0.6396479326289682,0.771040743237871,0.6439223389041149,0.6526071503856693,0.6839724287894309,0.614603138247768,0.6013371050807674,0.6486137536987988,0.6384100799909858,0.6705780673704757,0.6686953454852721,0.6812202301053036,0.7547581010147826,0.6406280443341194,0.5859342016148515,0.5098608938629273,0.6156956376127556,0.7684755056926629,0.7003452028710817,0.6410497172368936,0.6268220498352891,0.592107447930356,0.6268255582313959,0.7450450696261539,0.8278818150214716,0.5961231876077656,0.7598252064860803,0.6317768915293361,0.8273940799075752,0.6966510797257017,0.640755979967774,0.5534189739131142,0.779069952703972,0.7145845119885343,0.0,0.7279218875776116,0.6355007680892463,0.6620214361459145,0.6560274421597568,0.6253152270751483,0.6054724994455107,0.5732470658076653,0.5874424465051187,0.6031876376939224,0.6258514121617299,0.5796993192045934,0.6207232525612644,0.6605221757444327,0.7376184352781788,0.8327181612794595,0.6679551498391701,0.6781845123930539,0.6761701805608614,0.5366764274830477,0.6478889693099548,0.6239208143546217,0.6095236595566929,0.6054462387486109,0.6580473084853747,0.6369802894792871,0.6590035659614879
NGA,0.7969385326811941,0.8173999275720857,0.6669515014505205,0.7111235512062051,0.7369375279815962,0.737755496417875,0.6593514887238121,0.7061257700125783,0.6714288840991758,0.6995763248364064,0.9524599119868127,0.6971894844615966,0.7430520258565273,0.7114628409875936,0.7342701732014474,0.6999538776800542,0.6877334506405509,0.8150634965392107,0.6895047888828117,0.6619788030663784,0.7768347262110256,0.7294914714443179,0.7543929097106317,0.7354389840385189,0.7530390442711021,0.6887687733006261,0.7230343475550327,0.7596342030941879,0.7255974296966604,0.7307963904490579,0.7337854443330648,0.7812788764293056,0.6930513958166696,0.6974944514373431,0.7228857942322642,0.7153722889437842,0.8672178451852368,0.733153031955605,0.7219436667507593,0.7273340016314085,0.718486082765856,0.7471548338234384,0.7810594001974926,0.8118802720054206,0.7710616062944695,0.7658176088093928,0.7222234229007338,0.8334781281722456,0.7292930953700202,0.6647399520138119,0.7260563392449602,0.8512964563663357,0.7187485367801195,0.7279218875776116,0.0,0.7124595893414665,0.7378199333073978,0.6768644526735823,0.6941469447326503,0.6840124746165592,0.6562708265182595,0.6835250790293302,0.6953800028989228,0.6759010047719718,0.7234902735845758,0.7715278513744988,0.6546450320601274,0.8649439281166987,0.8471213774282985,0.7742277832701445,0.7485702042834894,0.747726384914834,0.7305285575544181,0.7055611891574907,0.6790614990386722,0.7858778760944207,0.6786248444570138,0.7175494461237156,0.7413621130768433,0.7598722025105399
NLD,0.7419790786399135,0.6862646678868248,0.5799188636050148,0.426724435190818,0.3984796343659617,0.35647472656682344,0.6530060128898747,0.45828293952107313,0.601880305353625,0.4997942869172348,0.916377274168512,0.43755992708241603,0.45533918750034735,0.48824649849669643,0.6295145318806896,0.6520826327100521,0.6774206097800984,0.773395333545705,0.5353349758412486,0.45852365119496524,0.6279608297572402,0.4425242218550479,0.40277821398073754,0.45573401423650844,0.6844657911068084,0.38900841762301275,0.45715944493665656,0.4367254067901245,0.3648776140802576,0.3578925129675869,0.585546888393229,0.6168970953339427,0.4839589334646584,0.41627924727844634,0.6898916248763501,0.6268219710331284,0.7475164482031068,0.5545329057821773,0.4597005276627247,0.39077410050339345,0.6070721498665121,0.5233819052223702,0.7041768442816342,0.8222711622280735,0.5470417873887282,0.7898429336722881,0.5221100962850507,0.7049878375750874,0.5061688095677453,0.6532666006410948,0.5689304045288003,0.6969476173140554,0.7776555930060032,0.6355007680892463,0.7124595893414665,0.0,0.4520808208165055,0.4396779836222023,0.6225566490717095,0.5614318039758215,0.6206479970882611,0.4354874679077668,0.42005909508017636,0.5123580424812582,0.5351257151976403,0.6823749166775908,0.6153048812658717,0.6379062903586648,0.7886576957726925,0.4843810085990875,0.4489912075116566,0.44871701315046936,0.6647188774979432,0.6353594449244471,0.5608476385785487,0.5817827634602011,0.6201640868311572,0.39966334604174825,0.7053264130199914,0.5873681935130491
NOR,0.7234490860961524,0.6571460946713891,0.6547322108607031,0.4888443851006086,0.518414393986114,0.504552272742262,0.6531115939901633,0.5433626234312251,0.6466309037543027,0.6115593657993792,0.8917622233366015,0.5071390035506443,0.5676678904903634,0.5628771786596409,0.6758450933413327,0.6889318195836973,0.6887946589814053,0.7930921159814213,0.6084634742857058,0.553580816986673,0.6322422736197878,0.5532142990032571,0.5372765957464353,0.48880080012192223,0.7134245242045064,0.5060115173050758,0.5161460824608317,0.5152255189992994,0.5117760368794422,0.4906202612661097,0.5991562458915919,0.664366407144734,0.5358483632367089,0.5402863892088541,0.7076507489088419,0.6802098360171753,0.7875372918201957,0.5608052605505145,0.5576128043387942,0.5325224000364804,0.6342074638505625,0.6038519161956117,0.7374720236500445,0.8397530762158187,0.6255374338419527,0.7840172549611416,0.5920974775349785,0.7678203171982362,0.5611725243859786,0.6987967016708357,0.6366050385315604,0.7237039224216332,0.7668378635911051,0.6620214361459145,0.7378199333073978,0.4520808208165055,0.0,0.49509712109361653,0.6697130852134539,0.6037820237361583,0.6746352101357447,0.534020337078108,0.5358524459684192,0.573075915259175,0.5458548385491183,0.7080781858853251,0.6561917740093375,0.6657130051995177,0.8279902722207308,0.6068644860208512,0.5714773011560416,0.5119493306440231,0.7036077453398061,0.6692349013611244,0.6168859389881541,0.6613168410512935,0.6768146078017199,0.5267513852541825,0.7199985228895497,0.6444778915595125
NZL,0.7325376251401068,0.6995884732756483,0.573110657245066,0.44444867888409845,0.43420567988823555,0.4667983445878537,0.6120957685201579,0.4969514059645368,0.5814645997865621,0.5548080969724035,0.9230066361405447,0.4885031507945806,0.5466071529124473,0.5035540721830021,0.6369841574102202,0.6278474311944036,0.6399458049518106,0.7679652209701514,0.5383568891262801,0.5126690262249407,0.6325110772857896,0.490040249207507,0.5313745975627355,0.5423186445268857,0.6697514786669253,0.4705241014447711,0.48998285879788583,0.5157439028788773,0.46123468469155954,0.4370308855911506,0.6000855761325476,0.6702332572860299,0.48614195431709534,0.48267943023705534,0.6707401366067676,0.6355135060263486,0.7819710955265607,0.5490738700935232,0.5366826185130427,0.49646568841473343,0.6023605274826583,0.6057279379048647,0.7077602705209795,0.7884541889960188,0.632384093971924,0.7026694849941212,0.54747831050316,0.7518186408834687,0.49072504548524126,0.6317405482605561,0.6103973460060372,0.714801026768451,0.7210402024927185,0.6560274421597568,0.6768644526735823,0.4396779836222023,0.49509712109361653,0.0,0.5999705110080233,0.5769853401462726,0.619897928809005,0.46737420689088455,0.4499258740287481,0.5256244258562803,0.5540016306164374,0.7241246418544339,0.5988572216071835,0.7352652953511605,0.8009589770320011,0.5367481401076133,0.5229438614528105,0.49632859415103453,0.6680825465286582,0.6289367342201706,0.5497428373329872,0.6730769597480694,0.6343201630142091,0.49672647850691115,0.6670687143452039,0.6038974609682201
PAK,0.6663241261683504,0.7176689880464276,0.5070313125803366,0.622393350931842,0.6057230001647647,0.6360866126538706,0.5098835345379642,0.6298074367501405,0.4145819603491995,0.511632634000223,0.8907572325564637,0.5961247597000848,0.6528820745759818,0.6278729193182669,0.5331473392617455,0.6062226053579165,0.6095667507076574,0.7834307615628514,0.5443418617294612,0.6064040371690532,0.7410180643899489,0.613862205312944,0.6307826883218061,0.6357994032995723,0.5734338699741072,0.5732928039920983,0.6267186557567322,0.6298462971006381,0.61737221278244,0.6284179441141365,0.5732557990707192,0.7554202090381855,0.5847450509438104,0.5589773143473301,0.5774119442312156,0.5654091130755379,0.7624208360614606,0.6787571585738991,0.6401216099437499,0.5735782522677401,0.631988795808597,0.6226573270195934,0.7051229083142871,0.7339428024171748,0.6284150033417688,0.6216469448769042,0.613895554587671,0.8389248003832255,0.6509222754683442,0.5456776673483804,0.5868795827362153,0.7773840542713231,0.4677283465455903,0.6253152270751483,0.6941469447326503,0.6225566490717095,0.6697130852134539,0.5999705110080233,0.0,0.5591698562982516,0.5947612332849188,0.5877720864359225,0.5373867598355173,0.5894630288831056,0.5312146340494286,0.6793020192909868,0.5811107631832511,0.7604338398289248,0.8070868292746078,0.6182939379941665,0.640293437657695,0.6462101905713364,0.5480084343681255,0.5562682934540611,0.4558116888488793,0.6500679531602114,0.5664374956597399,0.6297460936871407,0.5701458195895073,0.610945082232825
PER,0.7409620109138135,0.7163866466040264,0.5022145746827513,0.5420328616507899,0.5792276251037209,0.5578242142844004,0.6188189308012488,0.5712709276284558,0.5445880563093279,0.46164452433925346,0.8911617777966168,0.5031757687204056,0.6315290897568789,0.5096639562896188,0.5887825474056412,0.5693912805098291,0.6052299688086819,0.7155434879364194,0.49459589035854284,0.5086393279162061,0.7043965848269574,0.6136727248360433,0.5868672163116846,0.6362775199333307,0.5936478735826389,0.5106992303691844,0.5901985312290059,0.5861892340382757,0.5517375415244425,0.5631598709017785,0.5856786998194478,0.7473777501426755,0.5451280317948485,0.5466343043539317,0.5959166921890922,0.5848772362881883,0.7511462563155584,0.5947188700113902,0.5990015418179331,0.5430992392529093,0.5636402107632864,0.5862210676855351,0.655332482037307,0.7927997297445243,0.6212177199001571,0.7140462958351566,0.5763556146696276,0.8305023778462906,0.6139067596276695,0.5557810130625034,0.5315428656138111,0.7738269190286995,0.6953615365390798,0.6054724994455107,0.6840124746165592,0.5614318039758215,0.6037820237361583,0.5769853401462726,0.5591698562982516,0.0,0.5932519275928791,0.5325551529783588,0.5150080579273386,0.5709242409759584,0.5316807655058062,0.686420651804276,0.49333891628099447,0.7693351607462586,0.7853565690077363,0.6334019574072954,0.6045397203315881,0.6212977870509252,0.5786485449232962,0.5733172496373502,0.5112779703010009,0.6559852177436805,0.6069030548783488,0.5658076997059687,0.6424926031520333,0.5430724385140339
PHL,0.7383653463742098,0.7345882411258867,0.5623411719434726,0.6556137025153833,0.649720837120188,0.6479467480400415,0.6535615378922813,0.6350711324108644,0.5130781933435282,0.5565728734788422,0.8996501564161997,0.6242492552642778,0.6565120024971208,0.593315885356175,0.6420106831469793,0.5775682116546202,0.6512209793116152,0.7670461543035166,0.5699532272208369,0.5618648037331272,0.7653400397750552,0.6507281992088074,0.6675449037804095,0.6551643802734441,0.6708082250045584,0.5721348355765682,0.6453403594871148,0.660117367669557,0.6493478314701535,0.6651653221664765,0.6248173822313122,0.7042222090107179,0.592380648985339,0.561405683443512,0.6187708507424857,0.607119491385467,0.7599711145642666,0.6684718946919006,0.6364619293696857,0.6306263651488497,0.5955657335554783,0.656967009471713,0.7317059181712234,0.7812063718143784,0.6573021179633322,0.676739024656016,0.5997161225302461,0.8496500150725979,0.6529485804517585,0.5365177569577267,0.5702737191578434,0.7878530538176967,0.6750828520695109,0.5732470658076653,0.6562708265182595,0.6206479970882611,0.6746352101357447,0.619897928809005,0.5947612332849188,0.5932519275928791,0.0,0.5945868546393998,0.6014275540778922,0.597436871558461,0.6019408087023145,0.7062518844936121,0.5763868265586589,0.7410801491694994,0.7879760483740231,0.6873039350565651,0.6944884284223924,0.6875915151201871,0.604741405610223,0.6374585103948366,0.6121100681279386,0.6554028327465958,0.6039016076957723,0.6595707211460757,0.6228960527418874,0.6416096867792751
POL,0.7553294980783897,0.6775942158084728,0.5546152842016854,0.4756835530991622,0.39925442782506476,0.42395438830455856,0.619059246675611,0.3601994562788584,0.5251645637267284,0.4784793239810093,0.9198839205345376,0.4611259342917249,0.5453639580166507,0.5007982030533792,0.5656112096408488,0.5689206135285537,0.6499755294708182,0.749602941496494,0.529198387521173,0.4876802162613969,0.6541838598090618,0.3545937282420901,0.4267350603931564,0.5506035444262919,0.6471667083767909,0.34703739587066557,0.4348275377115784,0.4360780237782076,0.4389889497291753,0.4503698619719403,0.6013512653241478,0.674070501959928,0.4213788326106682,0.34070376336202696,0.6109832102559609,0.563588004430556,0.7537089759422417,0.6048506873248115,0.5327671426935865,0.3934984465084742,0.5633584010444486,0.4987218398609372,0.7168151846956645,0.7825992775779406,0.5267869816562769,0.7304310924039394,0.4168842824395714,0.7660414160951613,0.448133533013493,0.5943573588171852,0.5156392256009281,0.7099779214520445,0.7248315261611958,0.5874424465051187,0.6835250790293302,0.4354874679077668,0.534020337078108,0.46737420689088455,0.5877720864359225,0.5325551529783588,0.5945868546393998,0.0,0.3825075800076586,0.42192820652392254,0.4800485451465888,0.7122706938690043,0.578727536046594,0.7158702916832614,0.8078459348478394,0.3996940969416086,0.37159132887031465,0.42845135694746134,0.6015610045858635,0.5993776884872398,0.4572289269710069,0.5842419205865585,0.5528260718941838,0.5035531664461307,0.6317786638262936,0.5799114367877231
PRT,0.7472788490351354,0.6778857799949239,0.5325912928104843,0.46496772092772104,0.32826594798606484,0.3856324508688077,0.5913666606673299,0.41414630044088535,0.513665993303428,0.4554758144017049,0.9199299279051644,0.46882840712329565,0.5050092189497308,0.47667594105737027,0.5704329162127735,0.583525092946892,0.6380612722681271,0.7575014465429784,0.48110251317193736,0.471713705200458,0.6369127543582003,0.410423168538041,0.4199625269154329,0.5240442827379101,0.6357667479832211,0.32041328853401746,0.4281705807765121,0.44828746260735797,0.36021882409686634,0.38193431036388004,0.5442176872308414,0.6337612997783472,0.4290155356200316,0.38995309684093427,0.6136796518531121,0.5857091600750212,0.7455001148334562,0.5789773294707923,0.49927572323185243,0.3491960608855071,0.566369412917806,0.4902327330339859,0.732319075801458,0.7781505399264889,0.5183860597502244,0.7058799224143602,0.49713506570111743,0.7472121173118986,0.440123351950407,0.5836888357772609,0.5449576557479814,0.6742150227193651,0.7385566978588294,0.6031876376939224,0.6953800028989228,0.42005909508017636,0.5358524459684192,0.4499258740287481,0.5373867598355173,0.5150080579273386,0.6014275540778922,0.3825075800076586,0.0,0.4514939971622802,0.4819631510225445,0.6933300143996212,0.558394543136383,0.6892779868394509,0.7790662200437212,0.4024266090540288,0.4209733672359202,0.45048381311155633,0.5749692243101262,0.6069005080238488,0.41985984581369884,0.578084584222304,0.6037297780303127,0.4767451643832546,0.6311093822868956,0.5553775685052944
ROU,0.7315355554596094,0.706665949304666,0.5557702581295328,0.513514904341065,0.48054766679960786,0.5168018825498054,0.6277931666879416,0.49001692960866305,0.5631341388859685,0.5083836708426103,0.9172226354900987,0.5059567649847028,0.5796401797795107,0.5643184614613072,0.5740175272726659,0.6109170404545768,0.6489087976700775,0.7698684522023838,0.5532946737992076,0.521288565499497,0.7042615356434561,0.4610907845216448,0.4876240515956576,0.5851751395064986,0.660414083768249,0.44193354454905537,0.4905124738997198,0.5353561810972112,0.4862328422468894,0.4990618836570602,0.6056939528259526,0.6859865943108696,0.4783124485559807,0.4253642264510055,0.6196385325695182,0.5706405245083087,0.7712341363180675,0.6245836926745578,0.5921055768677426,0.45872743210577843,0.6077249805931603,0.5153329045799493,0.7081209182277789,0.7765553400621613,0.5475546950752669,0.7253802212616326,0.5299441703958298,0.784944936138103,0.5343611458642121,0.5922893857046627,0.546556949771079,0.7406117400040749,0.7388059765661564,0.6258514121617299,0.6759010047719718,0.5123580424812582,0.573075915259175,0.5256244258562803,0.5894630288831056,0.5709242409759584,0.597436871558461,0.42192820652392254,0.4514939971622802,0.0,0.5064102196254826,0.6800424025492671,0.6034838125330799,0.7472813646770903,0.8162982962925864,0.4770339847747334,0.487783429756339,0.4982056627897383,0.5920209229186765,0.6228872159484513,0.48689205852826506,0.6201870224575957,0.6164642752297078,0.5356084877652624,0.6705792142491565,0.6017474900119155
RUS,0.7105057983161084,0.6433033956559225,0.5155698777549703,0.5547911472904709,0.48895532854781554,0.5241200251036386,0.6343408627194496,0.5022220606522031,0.5112629789556286,0.46698222395360267,0.8679861965864287,0.48663741622858486,0.5969089370883853,0.5700270440102422,0.5356090328723055,0.6009973430559327,0.6652768685146969,0.7671490207204007,0.5145992636749989,0.5845139541172947,0.7211586272133768,0.5091895006261536,0.5129059120329313,0.6081008510176055,0.5816005801179128,0.4796339660402013,0.5401318433836213,0.5364923334403152,0.5265078234102045,0.5395714974949292,0.5725786471889301,0.7315919679300159,0.5339180085636451,0.4773458118415648,0.6077945984494212,0.5592879559087428,0.7571377567033506,0.6274801245226712,0.5684977234823441,0.4817185361138933,0.5795167461606929,0.5224124970081815,0.6596122177767939,0.7697171263665091,0.5529529833306898,0.7062117397259947,0.5333980436961387,0.7981474786105919,0.570671410518788,0.6131948201715909,0.5284627204890858,0.7452849087052478,0.7172090081163146,0.5796993192045934,0.7234902735845758,0.5351257151976403,0.5458548385491183,0.5540016306164374,0.5312146340494286,0.5316807655058062,0.6019408087023145,0.4800485451465888,0.4819631510225445,0.5064102196254826,0.0,0.6555294815784635,0.6018110230667566,0.7185964521081191,0.8086337295345692,0.521298773129135,0.5466685364630617,0.5386861206408684,0.5854229683316363,0.6133847390633481,0.4907611022629958,0.580339212620909,0.5442083051921126,0.5373751459240248,0.6375785931237566,0.5618070324077836
SAU,0.6798953343443687,0.6833395632816773,0.6651681901349337,0.6894893083210989,0.7246106438868283,0.7193058153852993,0.7336686895051425,0.7108514647054969,0.6895616939635278,0.6533957348626472,0.7823374619053062,0.669553416337634,0.7532329241284449,0.7266799819141716,0.7285508892219245,0.7388890090050608,0.7440933928966103,0.8433633670377915,0.6307746761278962,0.6841286303199682,0.802704087380048,0.7379750105640274,0.7392717082057206,0.7332856614870604,0.6777017968992143,0.6982696407050027,0.7178936791238647,0.7335365778410052,0.7223171018727739,0.717265763235817,0.7281890723709357,0.7348143637111225,0.6829927622206615,0.700401681164725,0.6403492428140842,0.7343489901430174,0.8027295889690672,0.7576408654345544,0.7347963656522715,0.7071765209850462,0.6884780875490775,0.7345157855777847,0.7298472236618524,0.8466026553227496,0.7541725395469876,0.7793826393083193,0.7223263233876623,0.8676330929414826,0.74307151282285,0.7570609674078449,0.6859065649776085,0.8397214296395366,0.7665439533324775,0.6207232525612644,0.7715278513744988,0.6823749166775908,0.7080781858853251,0.7241246418544339,0.6793020192909868,0.686420651804276,0.7062518844936121,0.7122706938690043,0.6933300143996212,0.6800424025492671,0.6555294815784635,0.0,0.7367258922029839,0.7996999124651072,0.8424184004166253,0.7466034819147308,0.7405389717112323,0.7452589191932038,0.7173762106439909,0.7195881317035541,0.6902116033936425,0.7592268003942518,0.7176941445743885,0.7153776975196838,0.7669582730341604,0.7209902255881443
SEN,0.7446781902494755,0.7759615650964542,0.5549246338368078,0.5640096605775244,0.6282487897064131,0.5999695180301619,0.6040071702057351,0.6044712692953245,0.5727677298309183,0.5755409092038704,0.9262228800408628,0.601010298438608,0.6603087670342318,0.5188387450975245,0.6204545727509142,0.5762065993783927,0.5818419276073611,0.6951201697195447,0.5630547396445706,0.5568619974252265,0.6788642152879247,0.6391599492822341,0.6468844792900418,0.6627957535828422,0.6323987217721388,0.5464410741654401,0.6127330939455734,0.6421985471450689,0.6004217201994363,0.629255366892475,0.6056055050205801,0.7717575559837521,0.5761315784301342,0.5904520074957154,0.6486845195524412,0.6128724738543407,0.7975467228310915,0.6407093974476489,0.6508696327301382,0.6134291106985068,0.6090799274032059,0.6616706173797449,0.6956518464534982,0.7542647837290433,0.6785996111215208,0.6678033075014708,0.623661477222119,0.836333184236867,0.6058744939244007,0.49645851844512456,0.6103039653296403,0.7890318467956612,0.6785497294961214,0.6605221757444327,0.6546450320601274,0.6153048812658717,0.6561917740093375,0.5988572216071835,0.5811107631832511,0.49333891628099447,0.5763868265586589,0.578727536046594,0.558394543136383,0.6034838125330799,0.6018110230667566,0.7367258922029839,0.0,0.7976930090434945,0.8044830598138097,0.6738463956027813,0.6485595787364757,0.660244007308853,0.6577471792991036,0.5661387362647473,0.5655773470850739,0.7130921704056049,0.6203731625503862,0.6368518121060314,0.6036652591999988,0.5989077500866533
SGP,0.8424267692968961,0.7460635988335583,0.7688628226423121,0.7178876579688012,0.669761143084132,0.6665769849014508,0.7807901069380427,0.7168503344679094,0.7230459461953244,0.7232833887791225,0.9286631404078743,0.7226080895968592,0.6046132966032172,0.7148965376071403,0.7167333927440648,0.7881950734647329,0.7975745481866677,0.8843501412424613,0.7468074365048408,0.7048286204306445,0.6792585213715904,0.6947893209308279,0.6718590238855391,0.5855362109249841,0.7990739323012097,0.6894026320769168,0.6903047039908998,0.6560445634442904,0.6751190846753623,0.6680337817552102,0.6602683213057257,0.635271486120771,0.7170780889372322,0.6755530603133889,0.7969652916970973,0.7947432735084297,0.7695033821964118,0.7288031852358252,0.6208096702419154,0.67073750135907,0.7750401693982385,0.6850182334908591,0.8399745408257879,0.8861117243735513,0.6434925374342679,0.8715937663964051,0.7106574932687405,0.825639766577791,0.7181734092778164,0.8275324237207544,0.7081471396841795,0.6571565226980978,0.8610471753070051,0.7376184352781788,0.8649439281166987,0.6379062903586648,0.6657130051995177,0.7352652953511605,0.7604338398289248,0.7693351607462586,0.7410801491694994,0.7158702916832614,0.6892779868394509,0.7472813646770903,0.7185964521081191,0.7996999124651072,0.7976930090434945,0.0,0.8552390448166295,0.7077354571861901,0.7094076656955708,0.6957780949215241,0.7126633216225357,0.7965988434760661,0.7459293647705088,0.5867946888914954,0.7804244372162097,0.7033838989864971,0.7322828498653099,0.7786979222114498
STP,0.8614909258704869,0.8882575351760312,0.8067188523036587,0.7689805808187703,0.801370599467689,0.7926632463689162,0.7817898055951533,0.7986234132275839,0.8157086786675964,0.805490063628136,0.9596449552743698,0.7553269164562836,0.819860867302714,0.781061441052973,0.8648569154349517,0.8323715339201748,0.7937281770822027,0.8679309699220508,0.801002923716825,0.7644362711833101,0.8462715691139875,0.8066002825517187,0.8095960330167603,0.8184936825473919,0.8677575022167838,0.7874665834005631,0.7943111586842141,0.8173586030695694,0.7661396680579856,0.7652761336302015,0.8077808098178579,0.7604125511105313,0.7702699298428703,0.7914302534730999,0.8686548849938786,0.8315509551638426,0.89692447119329,0.7877319705543864,0.798184275607788,0.7914594366606063,0.8105218745091358,0.8342971372394964,0.8376209059415409,0.8568781504916059,0.8484757323051312,0.812387504475498,0.80044095794469,0.7635438024561629,0.7954053485372197,0.8175431473668027,0.8407147969701302,0.8721978370460295,0.8453214090261634,0.8327181612794595,0.8471213774282985,0.7886576957726925,0.8279902722207308,0.8009589770320011,0.8070868292746078,0.7853565690077363,0.7879760483740231,0.8078459348478394,0.7790662200437212,0.8162982962925864,0.8086337295345692,0.8424184004166253,0.8044830598138097,0.8552390448166295,0.0,0.8173578689571099,0.7946139330484162,0.8399993145380342,0.8244936711868753,0.7950235275995255,0.8150995222767321,0.8432721720425679,0.8331795780343177,0.7908981058029746,0.8342757318729552,0.807231897325108
SVK,0.7769419202662127,0.6852251927314985,0.6327337409104907,0.5211071108062392,0.38188938928188493,0.4638901755256566,0.6893201476425729,0.4305608363245539,0.6113324395827235,0.531608281459571,0.9293427001382393,0.5442481032056772,0.5561818767437785,0.5842713766161286,0.6087218420248417,0.6798301060031317,0.7276083974800344,0.8057388307431208,0.595005554774814,0.5710726367672961,0.6835244681887355,0.35149237103495357,0.4264832727835264,0.5977411693201903,0.7104576044861948,0.4204969992057904,0.49418440326360225,0.5015066301842439,0.43029181839841807,0.44161548058967004,0.6559200587092744,0.6956443764821567,0.5095470876198739,0.39740583600721247,0.6943046740861306,0.6188327547839606,0.7689961183350866,0.6286190702523433,0.592161705341938,0.4103739185024465,0.673036350037467,0.5135898583619506,0.7554125845729437,0.8094461093541123,0.5373973129043524,0.7547297826328169,0.5474419067510312,0.7528400878984512,0.48970353939862243,0.6665802617812945,0.5715239130102023,0.6863755148552765,0.7929171163203731,0.6679551498391701,0.7742277832701445,0.4843810085990875,0.6068644860208512,0.5367481401076133,0.6182939379941665,0.6334019574072954,0.6873039350565651,0.3996940969416086,0.4024266090540288,0.4770339847747334,0.521298773129135,0.7466034819147308,0.6738463956027813,0.7077354571861901,0.8173578689571099,0.0,0.39063035367218785,0.4409620753134593,0.6394982516050168,0.67357656216783,0.5205532132973524,0.6150253654502289,0.6455527460491121,0.5474123773297911,0.6961392766132647,0.6311609462725044
SVN,0.783557376878821,0.7233280366211188,0.6142272884864333,0.4923605706071636,0.3919581631733274,0.41060778095780404,0.6566836063084485,0.4034622584444262,0.636202504280072,0.5494192157586987,0.9463757607846133,0.5178345967253273,0.5241853643691475,0.5761501083071248,0.6084454273188195,0.6785733176797359,0.7006687072555664,0.7864596817915023,0.597841634947673,0.5400290985079103,0.6532017639561043,0.3510411287294377,0.42722866988335517,0.5468876942359264,0.7072961800951592,0.38443535442606763,0.45634742267286804,0.46291560786619323,0.4486307083911968,0.445068129045038,0.6369835749394497,0.668116344952636,0.4442736150971686,0.4054835821628234,0.7036931404129295,0.624577718900299,0.776903000861627,0.6169989193919665,0.5661560780415597,0.37403780598914166,0.6366192960987141,0.5109123767328383,0.7458293967521424,0.8072983649870615,0.5484231212218165,0.7934499645263591,0.516751470845649,0.7471657752682836,0.46934714871822586,0.6710600380174206,0.5951749661960517,0.7137226015759356,0.7903960937450412,0.6781845123930539,0.7485702042834894,0.4489912075116566,0.5714773011560416,0.5229438614528105,0.640293437657695,0.6045397203315881,0.6944884284223924,0.37159132887031465,0.4209733672359202,0.487783429756339,0.5466685364630617,0.7405389717112323,0.6485595787364757,0.7094076656955708,0.7946139330484162,0.39063035367218785,0.0,0.4347241367896723,0.6780260579884695,0.6309404112196988,0.5204686158749436,0.6100045861752131,0.6337516374849999,0.5281609218888011,0.7081172617700761,0.6241387224832985
SWE,0.774626544107653,0.7096993122626981,0.6257614283759076,0.4936472465032074,0.3769197598714617,0.4455363026565627,0.6902246092495804,0.4623767977023504,0.6308693867063568,0.5686759191849232,0.926203814691412,0.44567290796188375,0.5129882048017665,0.5473834271793896,0.6194634141187144,0.6609522678469758,0.7060623281834982,0.7965122922741029,0.613095405167281,0.5597088709983341,0.6706235091148525,0.3818000875328905,0.39563174244779625,0.5280733364255875,0.7191932427274139,0.4158237240762575,0.42987356582996505,0.4026349939829096,0.45085946435776114,0.45246222969988553,0.6045813086071767,0.674113664369315,0.4986281712718407,0.41458513533595914,0.7064412494443978,0.6344550824090387,0.7696323363463303,0.6157603273230406,0.5273362988594591,0.4310644988677768,0.6515311231940087,0.49557091600891984,0.7336237672531188,0.8200834595898793,0.538309359608099,0.7867240549766372,0.5199300907184302,0.7355522007050054,0.4939206286544237,0.6766727229391224,0.5907616185950384,0.7071596287221075,0.7893598700235487,0.6761701805608614,0.747726384914834,0.44871701315046936,0.5119493306440231,0.49632859415103453,0.6462101905713364,0.6212977870509252,0.6875915151201871,0.42845135694746134,0.45048381311155633,0.4982056627897383,0.5386861206408684,0.7452589191932038,0.660244007308853,0.6957780949215241,0.8399993145380342,0.4409620753134593,0.4347241367896723,0.0,0.6947741056155246,0.6662097717584585,0.5643111378546976,0.6154517561173107,0.6444437415685694,0.45112763897110175,0.7164246588503379,0.6030088007495698
THA,0.7331648988595827,0.7016998935425339,0.5579828374456758,0.7007032743144069,0.6372798708597782,0.6730519667215838,0.6402426209750769,0.6512575668424708,0.48349766287762663,0.5409817665500584,0.8945095978625707,0.6385871104141816,0.6758081934873248,0.6562758875916916,0.49615317949525145,0.6387223067369766,0.6747592409432203,0.7972928760114563,0.5826629180033644,0.6355072453336588,0.7725852535842889,0.6287900882840568,0.646816197582755,0.6931914834482809,0.5944131120167928,0.6034424485189398,0.6688936537164301,0.6674704813996315,0.6599911035461855,0.675340530520382,0.6547910930679783,0.7754685183558192,0.6353169997803937,0.5704855183044135,0.5165097222941553,0.5798904405431443,0.7591486718115618,0.7016979391535015,0.6419598023364397,0.6075743179978835,0.6010060481840979,0.5902047675155371,0.780227049617567,0.8001591250829986,0.5253819091517725,0.7162337335439483,0.6410458028080679,0.8777893379660539,0.7073458382793663,0.5966976402242851,0.5337477616548326,0.7238698200256278,0.6871471426441754,0.5366764274830477,0.7305285575544181,0.6647188774979432,0.7036077453398061,0.6680825465286582,0.5480084343681255,0.5786485449232962,0.604741405610223,0.6015610045858635,0.5749692243101262,0.5920209229186765,0.5854229683316363,0.7173762106439909,0.6577471792991036,0.7126633216225357,0.8244936711868753,0.6394982516050168,0.6780260579884695,0.6947741056155246,0.0,0.6178227971854303,0.5260247423716091,0.520519456963616,0.658525181155442,0.6829159858418054,0.5513931671330647,0.668420300209903
TUN,0.6915234516602963,0.7697193939503073,0.5687865568662136,0.6182452980446312,0.6548096776654909,0.6615017789567702,0.5881303527681943,0.634196608369969,0.597703007766278,0.5876146973140023,0.914060930350221,0.606123906583488,0.6921598022359597,0.6392176660587279,0.6063471237862459,0.6217204170454292,0.5767273396081029,0.7490625579123371,0.6196007522213011,0.6433555832463865,0.7534311957264006,0.6323904977649852,0.655837907389132,0.6756379554136166,0.6334416503349773,0.6126061547556904,0.6109761599778896,0.6537592534834501,0.6497557074387063,0.6645467490397949,0.6652053422103792,0.7838113568712878,0.6177531836871663,0.5840668556603736,0.6258808050129532,0.6140425285033193,0.8138325271538556,0.6843322585933683,0.6850527607714532,0.6188997576109603,0.6474585159843805,0.6789603316729564,0.70623430385632,0.7515965320383537,0.6699482580073566,0.7048089277627946,0.6172535952832731,0.8609124169907068,0.629753975349205,0.5636022498747801,0.6230947656925777,0.8053727085380565,0.6436842821752634,0.6478889693099548,0.7055611891574907,0.6353594449244471,0.6692349013611244,0.6289367342201706,0.5562682934540611,0.5733172496373502,0.6374585103948366,0.5993776884872398,0.6069005080238488,0.6228872159484513,0.6133847390633481,0.7195881317035541,0.5661387362647473,0.7965988434760661,0.7950235275995255,0.67357656216783,0.6309404112196988,0.6662097717584585,0.6178227971854303,0.0,0.5716365232878318,0.7052451119090194,0.609997026734784,0.6587212083391473,0.642894955804635,0.6568453353118399
TUR,0.7350574857658128,0.6984796706400997,0.523880407735069,0.5555691847571615,0.4875947982830704,0.535020887723415,0.5188768467248895,0.497447132286429,0.4402670927927105,0.47304158782030237,0.9134460531535509,0.548133392727323,0.6149420434066681,0.5736595015178931,0.4702704861144701,0.5814913855136947,0.6073356987030916,0.7278460669077423,0.5083011134392537,0.5560071100956305,0.6918083352233371,0.5162105865522022,0.5545264627210862,0.6082936485145599,0.5650604512080848,0.47169165595038626,0.5696792046953768,0.5505124594491433,0.5279454749391906,0.5591035251729711,0.5806303300504697,0.728961989731063,0.5116773351050766,0.4796234702488629,0.5671875396033892,0.5073650729279778,0.7605604735755691,0.6403480856119526,0.5922194963225477,0.4708040075547758,0.5571382443670776,0.5418442890414393,0.7200781301903483,0.7120219208730565,0.5483850238437006,0.6770914152657669,0.5341523154769917,0.8216101725734218,0.569141987228073,0.554826760724252,0.5349807078880577,0.7457858534816475,0.6441794575454908,0.6239208143546217,0.6790614990386722,0.5608476385785487,0.6168859389881541,0.5497428373329872,0.4558116888488793,0.5112779703010009,0.6121100681279386,0.4572289269710069,0.41985984581369884,0.48689205852826506,0.4907611022629958,0.6902116033936425,0.5655773470850739,0.7459293647705088,0.8150995222767321,0.5205532132973524,0.5204686158749436,0.5643111378546976,0.5260247423716091,0.5716365232878318,0.0,0.5847097987028621,0.5807886393806385,0.6026804236020838,0.5810146407469154,0.5977818709904369
TWN,0.805522642031917,0.7450692148937331,0.6288534412245137,0.6801258028837132,0.56434179914787,0.6021383991906347,0.7046384964091157,0.6096600719256648,0.5893719024255356,0.5776949915411026,0.9362871525246771,0.595064644644139,0.611662547746689,0.6451939335135758,0.5076369944491644,0.7126518756328936,0.7578419699355742,0.8268469920560367,0.6402263584707194,0.6451683828050608,0.7651061121327009,0.5696763847375633,0.561547706231293,0.6353482505639861,0.6844183267200595,0.5699965902057901,0.6385256201510432,0.5439818739531275,0.6201675881029205,0.6329295062657003,0.655250497449374,0.7220601491961401,0.6353017691376369,0.5354931002205564,0.6650133004836728,0.6019067014723156,0.7751954286963157,0.6938844338134004,0.5608048064097706,0.5479523498690836,0.6457209813719371,0.49807747836996275,0.7995188681434048,0.7937209044020026,0.3999061368654549,0.8198715575894913,0.6451357765522047,0.8010582413831688,0.6949620771084516,0.6734448245563217,0.5592112094716243,0.6785030672990754,0.7776909440219949,0.6095236595566929,0.7858778760944207,0.5817827634602011,0.6613168410512935,0.6730769597480694,0.6500679531602114,0.6559852177436805,0.6554028327465958,0.5842419205865585,0.578084584222304,0.6201870224575957,0.580339212620909,0.7592268003942518,0.7130921704056049,0.5867946888914954,0.8432721720425679,0.6150253654502289,0.6100045861752131,0.6154517561173107,0.520519456963616,0.7052451119090194,0.5847097987028621,0.0,0.6642069582851484,0.6097320181722896,0.6119991164949818,0.6677701098509751
UKR,0.7269476246971174,0.7468037401582096,0.5490519840998491,0.6552029854735494,0.6344364526352012,0.6360741186183668,0.6487974360377892,0.5711898972887149,0.5478279511459005,0.5484434017694492,0.9091720973198987,0.5994601292879169,0.6607448137979289,0.6303436709030589,0.6074006343912491,0.6040100187519629,0.648848339211652,0.7575417816353552,0.622640303179613,0.6052315072862942,0.7623439270963013,0.6108884224775761,0.6507332171571716,0.6527884689945037,0.6315468762506565,0.5907702959160056,0.6337755993240821,0.6395804141967057,0.650737896693994,0.6671198936629348,0.6444130560409166,0.768761069313926,0.6255603770421374,0.5816164866658615,0.655226218797874,0.6063913380019933,0.7978107095718513,0.7106091543226779,0.652493467462673,0.5935095568076141,0.6434197145014708,0.6261280114222405,0.6919804844383712,0.6983871053646875,0.6524859525383868,0.7338231400695977,0.5957367318536849,0.8221249742266054,0.6481354008846076,0.6231762661307152,0.602077710832455,0.809843155279016,0.6443206342435536,0.6054462387486109,0.6786248444570138,0.6201640868311572,0.6768146078017199,0.6343201630142091,0.5664374956597399,0.6069030548783488,0.6039016076957723,0.5528260718941838,0.6037297780303127,0.6164642752297078,0.5442083051921126,0.7176941445743885,0.6203731625503862,0.7804244372162097,0.8331795780343177,0.6455527460491121,0.6337516374849999,0.6444437415685694,0.658525181155442,0.609997026734784,0.5807886393806385,0.6642069582851484,0.0,0.6476029922348542,0.6498921856905479,0.6378753088386848
USA,0.7515165169684891,0.7323939049445674,0.568777814119093,0.4889312360881995,0.4520449887146751,0.45948082212897706,0.6985846824602416,0.5303448579506731,0.650312353377074,0.5267492999905129,0.9072357774492058,0.3579881664729542,0.5293747421635411,0.527426262588974,0.6451400881267666,0.672284722411078,0.7080535431938487,0.7952124573075243,0.5710862215522615,0.524148325068054,0.7022616820420325,0.48067709956392196,0.4223390389932114,0.5284970057672056,0.7070347635639201,0.45604063109231147,0.5095551798586113,0.47621949492221466,0.43179142934327847,0.41411857436899163,0.583439517076151,0.6490482711961506,0.5475587400292974,0.44832971459693255,0.7077480780157713,0.6461662786188133,0.7687981538201445,0.6058848751809717,0.4627819760812471,0.4547261761550086,0.6403808176932871,0.5192153498755775,0.6915980327117796,0.8418111937609709,0.5518863133866162,0.794941658775952,0.5773823444891332,0.6928251326474142,0.5783186043625754,0.6626116278028091,0.5653989336310066,0.7434699780121894,0.7889337651151467,0.6580473084853747,0.7175494461237156,0.39966334604174825,0.5267513852541825,0.49672647850691115,0.6297460936871407,0.5658076997059687,0.6595707211460757,0.5035531664461307,0.4767451643832546,0.5356084877652624,0.5373751459240248,0.7153776975196838,0.6368518121060314,0.7033838989864971,0.7908981058029746,0.5474123773297911,0.5281609218888011,0.45112763897110175,0.6829159858418054,0.6587212083391473,0.6026804236020838,0.6097320181722896,0.6476029922348542,0.0,0.7274299518408963,0.5534128533237999
VNM,0.7626001285427533,0.7334672768367614,0.6143406859851744,0.6750592754402406,0.6885182873710042,0.6949488749569157,0.6053563821330642,0.6640705905164516,0.538639598055133,0.6031010302071503,0.9016242503372305,0.6845576771652061,0.7073705460470413,0.5999237435493339,0.531510077764548,0.6352214285546746,0.6773441538180672,0.7390926088964581,0.6272743095975788,0.6800391877021077,0.7803403022139713,0.6765062367591473,0.7138633349025522,0.7193209681124408,0.6641666374554333,0.6653154869685028,0.6914485208955564,0.6733594327249607,0.7070761163680759,0.7177843360912312,0.6841548309565214,0.8055243944583941,0.660303402207451,0.6298755718616744,0.609231638083055,0.6231929785730187,0.7760604256790383,0.7132783375065032,0.6651750050998095,0.6703897617798338,0.6498246345426079,0.6761589646490815,0.7682493341895799,0.7433485778936944,0.6215911444524213,0.6361277202943462,0.6769712161010859,0.8601647096244989,0.7078734503666677,0.6137238325023205,0.6276965895378751,0.7346803595785961,0.5904449444264562,0.6369802894792871,0.7413621130768433,0.7053264130199914,0.7199985228895497,0.6670687143452039,0.5701458195895073,0.6424926031520333,0.6228960527418874,0.6317786638262936,0.6311093822868956,0.6705792142491565,0.6375785931237566,0.7669582730341604,0.6036652591999988,0.7322828498653099,0.8342757318729552,0.6961392766132647,0.7081172617700761,0.7164246588503379,0.5513931671330647,0.642894955804635,0.5810146407469154,0.6119991164949818,0.6498921856905479,0.7274299518408963,0.0,0.6584426073071353
ZAF,0.7682637693689776,0.7476675280241144,0.5783289463416402,0.5456334751821037,0.5979337334111976,0.5923644776827929,0.7000880816924049,0.5958170370938533,0.6174870508084049,0.5253339785157317,0.8762804056812493,0.5216265183231173,0.6531850657727375,0.5759218152815871,0.6294243336966364,0.6361296590716989,0.7003818261743244,0.7509800282997791,0.5722830460442323,0.6033470544189901,0.7756123420804996,0.6012389832313569,0.587515874447371,0.6430864589037866,0.6888556430770112,0.5546056242468136,0.6238565843521504,0.5931709518074183,0.5900016436109868,0.592695795774161,0.6187750602457857,0.7317248859188122,0.5848317929023138,0.5536084975748486,0.6723475027879121,0.6314507997580948,0.7861740839522203,0.6746123863569735,0.5976678865553228,0.566934080446205,0.5994731997954656,0.5929375529662709,0.6798532439146735,0.8112283267309759,0.6289808940681888,0.7283294900049821,0.6264972697161598,0.8296069638508924,0.6601697611269315,0.6424104030493782,0.6003486380124383,0.794018821520021,0.7398926239484545,0.6590035659614879,0.7598722025105399,0.5873681935130491,0.6444778915595125,0.6038974609682201,0.610945082232825,0.5430724385140339,0.6416096867792751,0.5799114367877231,0.5553775685052944,0.6017474900119155,0.5618070324077836,0.7209902255881443,0.5989077500866533,0.7786979222114498,0.807231897325108,0.6311609462725044,0.6241387224832985,0.6030088007495698,0.668420300209903,0.6568453353118399,0.5977818709904369,0.6677701098509751,0.6378753088386848,0.5534128533237999,0.6584426073071353,0.0
