,AGO,ARE,ARG,AUS,AUT,BEL,BGD,BGR,BLR,BRA,BRN,CAN,CHE,CHL,CHN,CIV,CMR,COD,COL,CRI,CYP,CZE,DEU,DNK,EGY,ESP,EST,FIN,FRA,GBR,GRC,HKG,HRV,HUN,IDN,IND,IRL,ISL,ISR,ITA,JOR,JPN,KAZ,KHM,KOR,LAO,LTU,LUX,LVA,MAR,MEX,MLT,MMR,MYS,NGA,NLD,NOR,NZL,PAK,PER,PHL,POL,PRT,ROU,RUS,SAU,SEN,SGP,STP,SVK,SVN,SWE,THA,TUN,TUR,TWN,UKR,USA,VNM,ZAF
AGO,0.0,0.6514198223770912,0.69233212348549,0.744290384071061,0.7490756587521155,0.7766055132104603,0.7498226894722227,0.7316968545277742,0.7315144048400144,0.7200093708185269,0.8444878504679159,0.7424597853441944,0.7699483052912358,0.7484160118392569,0.7721674189608206,0.7816064319607432,0.7553983290408154,0.7218044716413428,0.7087930775515799,0.7479230697048278,0.8232180120448346,0.7718272189355013,0.7864939289740484,0.7655721837551783,0.7499169014832536,0.7711140847986493,0.7656653398010632,0.7866880928752632,0.7524002606041994,0.7475422450566559,0.7634902659333994,0.8460755916555878,0.7122748730764635,0.7436676716439199,0.7309384818394492,0.7490399848165794,0.8043346871906636,0.8038621939033858,0.7980010022718806,0.7687986471624088,0.768761036001683,0.8107118659896336,0.7215563526523532,0.8474946062911198,0.8204576670639981,0.7073751351819839,0.7283555497627584,0.8591537941140893,0.7780727798889853,0.7197615901831442,0.7312021215967869,0.7811724024322789,0.7277484701521177,0.7314736288001932,0.7830417343613354,0.750909139801452,0.7481843812970137,0.7351767702403258,0.6600206190264221,0.7375425155001014,0.7161390476425229,0.7564336710912501,0.7449500914579748,0.7066881659591254,0.6940396335726028,0.7383213758635532,0.7622877068127174,0.851254362578862,0.8639888252258606,0.7476265749429793,0.7770999359015868,0.8058117483483639,0.7422361562966142,0.7297582691324159,0.7260370218332843,0.8084323068815383,0.7607898679571297,0.7599572526868595,0.6930463100356125,0.7701185719061424
ARE,0.6514198223770912,0.0,0.6655024233319733,0.5889671069944776,0.6285594357031925,0.6112821520876488,0.7466339001881612,0.6188960020356984,0.6988125381916771,0.5995503295535453,0.7345961386546754,0.6147162488564571,0.6915776672347116,0.6883206313418074,0.6874505420046724,0.7227194941402126,0.74000267853333,0.7297093457951173,0.6861415779196522,0.6811852125592024,0.7316232720362785,0.637872825853397,0.6524159589620282,0.669036288366179,0.6574812046175561,0.5967071183149353,0.6935392740785788,0.6427436751550372,0.6235575067621874,0.6011504615627662,0.6769998270511692,0.7617131816405963,0.6083813594948471,0.63835568071259,0.6524969967857631,0.6447841205497901,0.6782744286887216,0.7145247155656473,0.6851812063624968,0.6276487008476075,0.6660168830325428,0.682327461061897,0.7169332909090023,0.8764395341005126,0.7059096791060776,0.8064014847696855,0.6529240431128883,0.776723888154146,0.7049303872151922,0.6923693805613828,0.6332096969099466,0.7072112186313229,0.7821715062543576,0.6449226311724208,0.8237904898947328,0.6116909871949808,0.6106016629371239,0.6340135760344571,0.7186839783645493,0.6484723110636528,0.7135309282885308,0.6264510351386777,0.6109959670873708,0.6971684294718472,0.5755823971030029,0.657521914523039,0.7233658099760135,0.6689996507387563,0.8493182314316532,0.6581824960782947,0.6484545751048602,0.6741445072079142,0.6895886681912121,0.7058400299521305,0.6325784818613754,0.6841466907012865,0.7377416114318017,0.6548816608899162,0.7102344882793105,0.6684163743892679
ARG,0.69233212348549,0.6655024233319733,0.0,0.5359363500409435,0.5352634943527478,0.5126674408907351,0.5997691675031974,0.5204049310806665,0.45377797575430695,0.4777840828701652,0.8772848624447758,0.5028936443056904,0.6079518988921482,0.5771065557183237,0.5024797457469291,0.6045159414517295,0.6124270743005427,0.6083395746354306,0.46569741224940336,0.5531595842883724,0.7074342426320216,0.5295560826563275,0.5629341208198354,0.5745675375336065,0.5497252624895549,0.5226400770896092,0.5721062707042325,0.5773484616221196,0.5452772680872346,0.555897370588571,0.6012528168844409,0.7993159501115924,0.5338832989649804,0.48335405004674464,0.5337689760907488,0.5111351214719136,0.6319840157971922,0.6723651585658966,0.604814418507631,0.5166885368034952,0.5754116180311178,0.5629600838004061,0.6503016940076632,0.7801386293585388,0.5550531928639824,0.7096768729045361,0.5352553546349518,0.7544709085086427,0.6090235242705411,0.5027821703437334,0.4676279660773921,0.681114101477252,0.6173839750939732,0.5835498627148361,0.6858638136846408,0.5494682818996727,0.598808835443896,0.5361980248313676,0.48159684039147815,0.49296192988371573,0.5348819639286103,0.4995394670359761,0.5292550861414276,0.4886093290201762,0.516280725912817,0.5811668190040079,0.5212490004450719,0.7553383809633137,0.7934656313571877,0.5604081098838185,0.5426101714202675,0.5935207250286156,0.5214462742041794,0.5430465143993114,0.46116276638625203,0.5797007054498219,0.539432626152155,0.529543805408204,0.5134173863753663,0.5617484870258657
AUS,0.744290384071061,0.5889671069944776,0.5359363500409435,0.0,0.43587584807545054,0.4343170040501583,0.6150323599843629,0.4884059074846297,0.5552494467757442,0.5562404151102138,0.8848969829973965,0.4546287978861911,0.5356015017223305,0.5348306741971524,0.6109750781619402,0.6398087858976469,0.6359004258650984,0.6622892000416309,0.5271239209601256,0.5333321621175653,0.6087110648930818,0.45219310707836197,0.4883490454255343,0.5003942614867588,0.6775659035556688,0.41693142621358087,0.5118717988434828,0.4966146941968048,0.40986148918956555,0.3770221710240528,0.5501903808466697,0.684246344555976,0.4803833004678401,0.4602940201766662,0.5823313045467856,0.5750186526233177,0.5201735452706554,0.5763212348002833,0.5496338955318599,0.43592000382671364,0.5981453273294394,0.5387128338952634,0.6268734926211981,0.827217097146969,0.5963720865235946,0.7538772877883742,0.5169647139346141,0.6587618816090011,0.5116883408887728,0.598186733481574,0.5438428608600244,0.6066784973524874,0.7049231058431312,0.5922589219743942,0.7092885810195964,0.38969443623124883,0.4816054916476698,0.42151349132587224,0.5863066487630594,0.5106050009794055,0.603448841361292,0.45019397934749944,0.4080044037503524,0.5515495161623248,0.5321077796349969,0.5479775801116958,0.5594719922709858,0.6803467635814033,0.7378614181350087,0.5176234085898512,0.4499936795470837,0.5074359332621018,0.6257985346374053,0.6001294295858993,0.4765774899852328,0.6190351025509665,0.6280636360054132,0.45759844853407794,0.6402210440104035,0.5416615595888166
AUT,0.7490756587521155,0.6285594357031925,0.5352634943527478,0.43587584807545054,0.0,0.3855123771254609,0.6411789347670319,0.5093035949322842,0.5563640912599211,0.5424349543867267,0.9165690806728186,0.43499868159740873,0.4460857812679449,0.5156395918135644,0.5774772103246245,0.6390671218341561,0.6900786831014912,0.7148744436453308,0.5345029943654264,0.5333167901792979,0.6505345193294195,0.3475619618959191,0.36383961698252465,0.47211403473142954,0.6794686082158228,0.40095386438256964,0.48950145658137695,0.4177052895252851,0.3496520307701778,0.37420131795231903,0.5135890885992794,0.6542682479113845,0.48422085491343464,0.3835673928781758,0.5971910842695862,0.6007395894044404,0.5436324816540941,0.6077782130198983,0.5034674984272536,0.350824934654036,0.6250581759752977,0.45779988975990604,0.6983017389370658,0.8300427340580118,0.5011059315753877,0.7709136403821838,0.5166178787093353,0.6375261835065684,0.5124931619679438,0.6018063942638284,0.49168999822180975,0.5536751782039354,0.7544723273518023,0.611654083508272,0.7526245244016012,0.41053842070837354,0.5095334902642259,0.43058380924047,0.5710454847422517,0.5800174878515721,0.6186289480986344,0.40139948783557916,0.35988941766149674,0.5430178216071473,0.5090225280166601,0.5923808824661148,0.5915520763205617,0.6726004916275453,0.7743433671938437,0.4164444246697289,0.3891303102290552,0.38503807527503864,0.5772825324957164,0.6178400830381746,0.4353126574879099,0.5364473192976238,0.6410801152570208,0.4236746875874879,0.6577645249755946,0.5636858755353282
BEL,0.7766055132104603,0.6112821520876488,0.5126674408907351,0.4343170040501583,0.3855123771254609,0.0,0.6370815384766271,0.5022505459524935,0.5627427625556781,0.5120078177320445,0.9019553793640491,0.4570561441281575,0.4882954668197642,0.5394521147097896,0.5992013057343091,0.6301182019288505,0.6764373143296597,0.71134527493229,0.5497380418523571,0.49779866657050587,0.6305208184881584,0.41984183564928096,0.38315724624945824,0.4811147409491333,0.6525031210364989,0.390609274747715,0.5162411159663796,0.46838840598972725,0.35255185355628854,0.39285751553208104,0.519627969927174,0.6831815885545934,0.48519826070798944,0.4096614516916728,0.6125215862097584,0.5854053145110006,0.5450511531216672,0.5926430223366973,0.47206093867058213,0.34794297422935383,0.6247995163083877,0.47966345998470633,0.695737336095283,0.82803308433769,0.5187095796729907,0.8103762999348365,0.5215699523494907,0.6589534989131014,0.5419320966545675,0.5973303173513631,0.4977365305024114,0.6095764243548325,0.7586360871745799,0.6254438678453502,0.7517196204652228,0.3800779573971113,0.5155658749213186,0.48035098074243365,0.6158690450704591,0.5586833969199825,0.6302657131123593,0.41695508878666293,0.382831527881707,0.584591360692231,0.5369048992588569,0.567903385679456,0.5464116120672338,0.6339346050034276,0.7817851545551939,0.48196171112193353,0.41752626215902766,0.45658597375372817,0.606975806459191,0.6220733809380915,0.4732262810995669,0.5407591236811592,0.6400552708483982,0.4428156819531583,0.6704104204321581,0.5665421407546941
BGD,0.7498226894722227,0.7466339001881612,0.5997691675031974,0.6150323599843629,0.6411789347670319,0.6370815384766271,0.0,0.5702286694468104,0.5452808565690382,0.6834824603288611,0.9254743945143323,0.6645923749721968,0.711027915953021,0.6612621275329587,0.6378082193565349,0.6749868766998767,0.6643046703846296,0.6748542398002737,0.6081983642637017,0.6127931287808449,0.6801052238326671,0.639114208094874,0.6880020322145299,0.6358747890514378,0.6935815915279213,0.6269458076006871,0.6131800175970826,0.6782446559166552,0.6343078821573798,0.6431262808900308,0.6367790135280873,0.7626649300769971,0.6161719101150996,0.615675189722761,0.6649029961108143,0.6246865827978707,0.6945888641847258,0.6490362219051811,0.7067701109306954,0.6073000969572292,0.6755119963230117,0.6941365278253809,0.7135504512133979,0.7260921845167717,0.6783409133921683,0.6981673799026762,0.6198559864614901,0.7562452114696411,0.6173402740038428,0.6240052199036266,0.6616909129897459,0.7086965654930852,0.5588435190027292,0.6987252308910678,0.700828944022601,0.6433768165890627,0.6468849196909051,0.5910878061563769,0.5304058857026227,0.6282846433981867,0.6091934656691729,0.6281625454043621,0.5935031209397181,0.5938062128507533,0.6573997828642604,0.6740148866978524,0.6080533073193334,0.7839792007635676,0.7780113747093367,0.6710375200265978,0.6189872882820444,0.6982642808242241,0.6398079422971693,0.560482484774406,0.5554591306243628,0.6953376695055616,0.6578050725277941,0.6784962731068676,0.49869429829925727,0.7216189404088789
BGR,0.7316968545277742,0.6188960020356984,0.5204049310806665,0.4884059074846297,0.5093035949322842,0.5022505459524935,0.5702286694468104,0.0,0.48591625810617867,0.5638845176572203,0.8962435322926986,0.5698552934547486,0.6157622932571857,0.5926950115207799,0.5477814802096702,0.5878687349793216,0.6313934175818038,0.6440671110140868,0.5672067945617245,0.5674125205857644,0.6555654388999849,0.5004634863096686,0.5620555382682859,0.5664182991535092,0.6221079049177723,0.4716100692867254,0.5487790462825222,0.5371421564280673,0.5205610267319793,0.5530817527593245,0.5618843844897425,0.7647826792672442,0.47100628824194457,0.4658896581605029,0.5698680766189671,0.5121726279281841,0.6331800126826357,0.6442922686884286,0.6416092673969044,0.4879614964613643,0.5607130759693052,0.5877447941138149,0.6752479889778031,0.7571589674346286,0.6173074883398175,0.6935409749198674,0.488656345823117,0.7352391793757467,0.5421478641064484,0.5335325377914113,0.5591198360146693,0.668633857518913,0.6341301317562554,0.6195844622456079,0.7232248036536344,0.5546551976197014,0.5984341572995848,0.5277565952174857,0.5103234150747888,0.5603932652841382,0.563717836013879,0.4401098746269394,0.4858668361419393,0.47835211948144796,0.5158468463019014,0.6167946954168279,0.5526007306998977,0.7366440146036743,0.7773590509789927,0.49008805680500367,0.5064778438409128,0.5730706259516798,0.5727312997852018,0.5596440368363462,0.44967147146179576,0.6120339100790263,0.5683930336931889,0.602394958189571,0.5812274135256209,0.5899831341283089
BLR,0.7315144048400144,0.6988125381916771,0.45377797575430695,0.5552494467757442,0.5563640912599211,0.5627427625556781,0.5452808565690382,0.48591625810617867,0.0,0.5689662414018044,0.91879851628117,0.5696407102492351,0.6401638352327901,0.6035474198058703,0.5072711266495341,0.5867163420412023,0.6063421515993174,0.6070742563919378,0.5124132382787145,0.5406788409090105,0.6488804778235089,0.542386023269517,0.5850439543697179,0.5698439383170283,0.615837167429043,0.5183949931863969,0.5699952230674851,0.5836804121997199,0.5592187072180507,0.5945114011195859,0.5900767530339456,0.7702796291678659,0.5187784789181739,0.4552384693896154,0.5178178628043102,0.5563744156460665,0.6248019409051897,0.6489302094747332,0.662442119813337,0.5441491271428909,0.5710176705005808,0.5789385089833985,0.7212669424273773,0.800733495056259,0.551947227697715,0.6629779361816514,0.5264707499196964,0.757750230422319,0.6121474208087728,0.46298399439949606,0.5328844384226364,0.6734299091336899,0.553462109936842,0.5926155970180783,0.6487239052562469,0.5741681678500358,0.6016007184458502,0.54134406720001,0.43701149188514404,0.5594256995057697,0.4453558998045387,0.483037944663887,0.533384038023719,0.46211791073064856,0.5624736729339959,0.6514210514148605,0.5293157947833386,0.739661064048195,0.8040776301464375,0.5588438814511653,0.5645763267334567,0.6114275340380954,0.4803189523634388,0.5240716409402714,0.4815885783244551,0.5926673070536054,0.5445777249396948,0.5994328968512865,0.4828074901079983,0.6243550462491378
BRA,0.7200093708185269,0.5995503295535453,0.4777840828701652,0.5562404151102138,0.5424349543867267,0.5120078177320445,0.6834824603288611,0.5638845176572203,0.5689662414018044,0.0,0.8071881025041314,0.5234139933746503,0.6126568491358423,0.5951518507223703,0.5507859120640353,0.6182533820253184,0.6722191291775182,0.7214386577123816,0.5349959943934621,0.5812630911952659,0.7322914671692988,0.5560766800583172,0.543287759219062,0.5940513770645295,0.5758864447309091,0.5376749329747956,0.6243111695958063,0.5697951730692122,0.536897834997448,0.5485579844519606,0.6291922908029233,0.7593370338535944,0.5703892588516505,0.5094590867267964,0.5575317921495735,0.5395186386234089,0.6775299066563604,0.6976963442137704,0.6003586238522761,0.5255446768398869,0.6213795753063596,0.5679327617491089,0.6998380836171283,0.8432211132858324,0.5592947391299313,0.7496746102672498,0.5585181727842495,0.7379399978153502,0.6760484676008848,0.5617635448998529,0.5086702298153166,0.6892714689147011,0.7197649260141195,0.5886669580283379,0.7513690467794192,0.5568041798958938,0.6311908443636401,0.5849077966574491,0.5683132260012602,0.5573035925698281,0.5823198073393179,0.5159720669675223,0.5447239083860573,0.5885936347826498,0.5375851214281785,0.6051230522247436,0.6118595882663193,0.6880128408375036,0.8147820374376961,0.5535381393304365,0.5783895483554508,0.5889509222382492,0.5356052287976497,0.6098577830576237,0.5104686706604943,0.561808248168116,0.6339580271906772,0.5451962256778883,0.6127997680306443,0.5612307956636164
BRN,0.8444878504679159,0.7345961386546754,0.8772848624447758,0.8848969829973965,0.9165690806728186,0.9019553793640491,0.9254743945143323,0.8962435322926986,0.91879851628117,0.8071881025041314,0.0,0.8742154023210154,0.9262943116362301,0.9027389201966952,0.8905009382121286,0.8904728318910529,0.8797616094295847,0.9201268904383632,0.8645285564653719,0.9089643358888394,0.9226990214521746,0.9203638380393133,0.9129673364778765,0.8987856809964466,0.7978621749758349,0.9147143786421662,0.921237608747923,0.9137171320349804,0.9095207375771096,0.8960532577549328,0.8952875653514789,0.9429435426565327,0.8833577391893059,0.9105591615797973,0.8619691734950261,0.8562669079493304,0.9325914032954251,0.9348409075740868,0.9051892945323678,0.9082803071110694,0.8749799617690857,0.9239945553674658,0.8406156297656346,0.9564294897694731,0.9320273141468755,0.8942253054198617,0.874767628038472,0.9397315895074634,0.9314508602845897,0.9016612567160229,0.8824484278625673,0.9364280018004053,0.897808291553688,0.8353061509226896,0.925478692001315,0.900772623228223,0.8764855434061498,0.9076524088071392,0.8915345041806818,0.864585917886905,0.9001735630883406,0.9048107923810804,0.911427906755146,0.9141428082762288,0.8511379027182354,0.8749319032160606,0.9169009590756875,0.8627145671332458,0.9364015054102265,0.9182227184782834,0.9321509744418973,0.9293979302738924,0.8902963742834272,0.9018963627398994,0.8984113784446802,0.92149825993066,0.9064177602066904,0.8908052183405305,0.8672500030888641,0.8610267973827738
CAN,0.7424597853441944,0.6147162488564571,0.5028936443056904,0.4546287978861911,0.43499868159740873,0.4570561441281575,0.6645923749721968,0.5698552934547486,0.5696407102492351,0.5234139933746503,0.8742154023210154,0.0,0.5574038973404176,0.548547125215567,0.5783098864647086,0.614360396728301,0.6536840784344865,0.6985314122707644,0.5399308522442794,0.5560072864956673,0.6943790822755859,0.46924536033308356,0.445333184879466,0.5118612612558446,0.6664598387214983,0.5054595891385759,0.541302387898457,0.47313602900912494,0.4266726384436295,0.4333181438931759,0.5458879990295127,0.7246165210992324,0.5439636279730407,0.4383769252087016,0.5878273289355147,0.5998841039420112,0.6179478260339424,0.6318451691725434,0.5223723776317905,0.46558221083175694,0.614596488343957,0.48545123457332917,0.6556679302487315,0.829926288520032,0.5339598817013407,0.7817024706998806,0.5442315456785238,0.6960995263059659,0.5891194079013672,0.5947338123222102,0.4989331761157259,0.6589481408410643,0.7250590087569807,0.5993934301770545,0.7259803945450526,0.43576034334325314,0.5134721019865038,0.4819828682495327,0.6000869922140675,0.5320518122497336,0.6282208386911545,0.47993681161558316,0.4841275357566372,0.6071144313260775,0.528840756310455,0.6133158245793638,0.5981897862325203,0.7074672387980537,0.7836957166214092,0.5441825511366061,0.49567079565636507,0.44207908871631435,0.5977606311077687,0.6159526322155439,0.5125350349102545,0.5643656604896264,0.6246670329190323,0.3790512350653308,0.6530981228713839,0.5418567019652989
CHE,0.7699483052912358,0.6915776672347116,0.6079518988921482,0.5356015017223305,0.4460857812679449,0.4882954668197642,0.711027915953021,0.6157622932571857,0.6401638352327901,0.6126568491358423,0.9262943116362301,0.5574038973404176,0.0,0.5698013125117624,0.660830902500637,0.6862512608139311,0.7116301461865142,0.777292080496957,0.6067196929542873,0.5555459008980509,0.6728807956836744,0.5177414424230036,0.4871405631232058,0.5069652174886814,0.7334128211573043,0.5566548082148741,0.5739642344170924,0.5283746267746798,0.4832447135188212,0.48258229319627427,0.5724824121460372,0.6394112786782115,0.5575238312697542,0.5098717762373167,0.6593351915254746,0.6938564054578303,0.5522991327798293,0.6414299449904597,0.5166606716839572,0.4972042088557958,0.7013829934785641,0.5469976045835283,0.7404506910990158,0.8733598659055314,0.5919835330777582,0.7968272094931983,0.5920706887976248,0.6783794153663487,0.5993380719551687,0.6780795641720233,0.5798561575574992,0.5442431972367386,0.7970552988294218,0.6670917477940476,0.7655882414746474,0.4843950607148227,0.575803377121899,0.5353377681050654,0.6403765206118698,0.6538137843739888,0.6416973025788696,0.5451714120744243,0.5099634341829321,0.6406848681364061,0.6211527786526178,0.635888661450013,0.6548692240039756,0.606543922016353,0.7978092569168864,0.5639400941415244,0.5124840929957893,0.5252894465792824,0.6418441317532475,0.6759499329978319,0.573116708151519,0.5823705825351854,0.7052723750671402,0.5218911514228115,0.7077037901251939,0.6639780835903993
CHL,0.7484160118392569,0.6883206313418074,0.5771065557183237,0.5348306741971524,0.5156395918135644,0.5394521147097896,0.6612621275329587,0.5926950115207799,0.6035474198058703,0.5951518507223703,0.9027389201966952,0.548547125215567,0.5698013125117624,0.0,0.6348718074425792,0.6263527768828753,0.653814630401196,0.6732993646024449,0.5616629859536291,0.5719233641546961,0.703005262037844,0.5610698405924537,0.5690470585692802,0.5603844654277641,0.6902091628330304,0.5836825104268615,0.5826181276526747,0.5573065990749666,0.5275705556650899,0.5542960165461539,0.5550521249705446,0.7493976898921846,0.5597797913304113,0.5312177413566133,0.6308143788060124,0.6716331157085611,0.6315664250673555,0.63723415394037,0.5431134916764087,0.5507409354836356,0.6527338134645096,0.6130325989362841,0.7043659572735017,0.8350938765830626,0.6104264710607407,0.7173108275870639,0.5799365229312482,0.7396301362724196,0.6137360809405509,0.6149258695104888,0.5876045184154244,0.6400436057367593,0.7358551865121982,0.6563769648227574,0.7550911965444895,0.5328335927590795,0.5844664105563021,0.4813774859834598,0.6070609828901552,0.5269058161973524,0.5850636192127612,0.5560492480302212,0.5289613455467254,0.6009490206681454,0.5903099705145115,0.6764555910689863,0.5547297582529839,0.7210757744401575,0.8157424653876739,0.5935792632444785,0.5854061630685575,0.5607624016927969,0.6164974250393087,0.6498970853615618,0.5649066033581757,0.6403704067123779,0.6749596516806138,0.5604913820353713,0.6477932144722917,0.5948194483967907
CHN,0.7721674189608206,0.6874505420046724,0.5024797457469291,0.6109750781619402,0.5774772103246245,0.5992013057343091,0.6378082193565349,0.5477814802096702,0.5072711266495341,0.5507859120640353,0.8905009382121286,0.5783098864647086,0.660830902500637,0.6348718074425792,0.0,0.671715603053462,0.6875492903648743,0.7037695920415931,0.5801811544913704,0.660034178839849,0.762090066543708,0.542242499031558,0.5779043668525712,0.6418314971321591,0.6167431037998466,0.5667181085755357,0.6537759334864572,0.577908123688348,0.6187267371720168,0.6443612707133841,0.6593869831854287,0.8175905591320335,0.6087265850753372,0.5268589229981933,0.5350105187510434,0.5154850023123063,0.692906738570763,0.7191206108786102,0.6703346989994696,0.5386258613274963,0.6085575780724997,0.5302757709123572,0.7507466880423428,0.784709368203923,0.4595220512587064,0.7618995510651105,0.6149656682339169,0.7905337451954102,0.6948518176178206,0.5790613630213015,0.49680872614017707,0.6977571505183099,0.6683426322037033,0.6304414800796718,0.7717216893177093,0.6531886386249834,0.6750730569080391,0.6371075968428348,0.559991699784113,0.5978745251194639,0.6027685284183638,0.5417665365480725,0.6036133314803981,0.5255234308911942,0.5826642798161507,0.68826389382654,0.6322613154484561,0.734965060733423,0.8574575436102333,0.5784024181353663,0.578717761274534,0.601481346591031,0.49473363354591227,0.5744193481661565,0.49676492398000505,0.4888806267268138,0.5885243514633572,0.6106169956216502,0.5529410153093951,0.5979392261324821
CIV,0.7816064319607432,0.7227194941402126,0.6045159414517295,0.6398087858976469,0.6390671218341561,0.6301182019288505,0.6749868766998767,0.5878687349793216,0.5867163420412023,0.6182533820253184,0.8904728318910529,0.614360396728301,0.6862512608139311,0.6263527768828753,0.671715603053462,0.0,0.5803450715031471,0.7204470735886624,0.6105602505190951,0.6057122260068306,0.7257548253948594,0.6402624163138472,0.6637308831606475,0.6432725875276375,0.6860917898095579,0.6329570006054264,0.5818316294016509,0.6307346224201053,0.6213469575176804,0.6634962749762753,0.6581163421729319,0.8199099740158567,0.6175767122050876,0.590615866636199,0.611499004697297,0.6717603284284399,0.7227019524427662,0.7317039312669114,0.689194575682289,0.6135593796873209,0.6361157655780684,0.677251697985328,0.7521032470640254,0.8222216252604017,0.6917940836762329,0.7089462342789883,0.5492216832214152,0.7945644200899137,0.6266522499859145,0.5916315835744177,0.6492538999453873,0.7415644359768764,0.7334356072598804,0.6620946699304755,0.7207378551105547,0.6619047837982374,0.6842106192719163,0.5941936104037878,0.6515296393366707,0.5722138113119082,0.5809360311174075,0.5805045289849452,0.6048793118661273,0.6304253494044537,0.6494501363259971,0.7186502953380862,0.5733309945954309,0.7956337787181569,0.8367599819839565,0.6546866154732668,0.6547076334991608,0.6575257821270403,0.6267703085745537,0.6299416735922868,0.6135447592969357,0.701249771674982,0.6698833726641005,0.6668078188171487,0.6384799429357675,0.6614941948976235
CMR,0.7553983290408154,0.74000267853333,0.6124270743005427,0.6359004258650984,0.6900786831014912,0.6764373143296597,0.6643046703846296,0.6313934175818038,0.6063421515993174,0.6722191291775182,0.8797616094295847,0.6536840784344865,0.7116301461865142,0.653814630401196,0.6875492903648743,0.5803450715031471,0.0,0.6795013077314853,0.5957520060779419,0.6082031102849295,0.7174504776036693,0.6807147444427946,0.7188940773640919,0.6632851891672007,0.7172453126456174,0.6628391758639883,0.6313577959690925,0.6836054474182897,0.6677456247362075,0.6723805646604153,0.6641453039906854,0.820956862440137,0.6445133181609365,0.6367004828036281,0.6058621934373951,0.6658985499693187,0.7182064824032417,0.7161331189537706,0.7096927025163173,0.6689665861267603,0.647975060207668,0.7173816507810329,0.7216995745962266,0.8285342007513381,0.7274561158523472,0.7259050405708468,0.6117251007595257,0.8226948813402116,0.6464297027722187,0.6239974142053478,0.6838782734705564,0.7477104334685807,0.7232640540760982,0.674173284147944,0.7099911792771234,0.6818985252810789,0.6775083027049228,0.629964909003165,0.663401321776684,0.5902516592893619,0.5974665556798485,0.6399030652646799,0.6464970506144501,0.6435229964737186,0.6777896609746822,0.7068516256850953,0.5676254656727141,0.824269145076124,0.8130925312674776,0.7160889438244067,0.7027687902755821,0.7237445698127464,0.6341508474742984,0.5849002148107698,0.6302538243110616,0.7613104052557106,0.6930298530108129,0.6870895756009486,0.6389270410678828,0.6834140038633973
COD,0.7218044716413428,0.7297093457951173,0.6083395746354306,0.6622892000416309,0.7148744436453308,0.71134527493229,0.6748542398002737,0.6440671110140868,0.6070742563919378,0.7214386577123816,0.9201268904383632,0.6985314122707644,0.777292080496957,0.6732993646024449,0.7037695920415931,0.7204470735886624,0.6795013077314853,0.0,0.6781865290105245,0.6781415945635059,0.7796945491855043,0.7100789310696209,0.7394611710202265,0.7133074188694635,0.7234355108969227,0.6785496005310193,0.6969151395247555,0.7149067477991927,0.7027687793058693,0.7317158812568336,0.7145887250495395,0.8427603135721515,0.6861499997957035,0.6615808980929239,0.6822869569454991,0.7150339049999107,0.7206908421271844,0.7300088095094965,0.7593361389485925,0.708741953661832,0.7007082611533858,0.7404759118655617,0.7092240486620244,0.7755749969829242,0.7506636748739551,0.7288186588757428,0.6724800264730286,0.8476547343190912,0.6816308813791567,0.6413724140604591,0.6811672831029915,0.7899372238161027,0.6797941418445096,0.7118118412843256,0.7444843830609732,0.7175924147106436,0.7196146465133344,0.6736316867908922,0.6674033522458629,0.6281013122419922,0.631407300444749,0.6698712965296284,0.6892662412698969,0.6289570156269706,0.6925797952317851,0.7235910886282939,0.6334462698370926,0.87206808229805,0.8236593527021735,0.7203035889850866,0.7077544517244302,0.7439414574854253,0.6820178048260781,0.6255146207742226,0.6415616319754462,0.7697095591032725,0.6452432656109938,0.7310072285728677,0.6715783220515488,0.7165209532693345
COL,0.7087930775515799,0.6861415779196522,0.46569741224940336,0.5271239209601256,0.5345029943654264,0.5497380418523571,0.6081983642637017,0.5672067945617245,0.5124132382787145,0.5349959943934621,0.8645285564653719,0.5399308522442794,0.6067196929542873,0.5616629859536291,0.5801811544913704,0.6105602505190951,0.5957520060779419,0.6781865290105245,0.0,0.5452896393029187,0.6866736581275553,0.557541684531392,0.575990011570448,0.5468288642754578,0.6205334972032595,0.5390020373709171,0.5797046756001778,0.5800936981948405,0.5361595479108417,0.5365760762738645,0.5765245671203458,0.7529154027664003,0.542376350418915,0.5054875045104393,0.5558749373870635,0.5833064975968898,0.6139329809291774,0.6478144759469764,0.5926813570123833,0.5252213938151976,0.5698957529369603,0.5875403425721153,0.6727124130353614,0.8392245713065193,0.5991982526273837,0.6981717078534391,0.5514248590936609,0.7442357180275705,0.6296023906326889,0.5480971987434999,0.5485206549080053,0.6574166874553145,0.6854798324012072,0.6076265011912253,0.6902417729476766,0.5427973040509048,0.592076514446736,0.5270071029421765,0.5374621857597865,0.5063697397963656,0.5254693581404231,0.5396284819622278,0.5071843264417616,0.5575254404100257,0.5835360754127061,0.5798494228236839,0.520899638215937,0.760085260800537,0.7844452317852029,0.5968827354373442,0.5709795108736819,0.6297109045011753,0.5437579310051021,0.5945624673953794,0.5014701368574012,0.6201375203332012,0.6523254970346521,0.5397176077057576,0.5462456170434932,0.5780673283999213
CRI,0.7479230697048278,0.6811852125592024,0.5531595842883724,0.5333321621175653,0.5333167901792979,0.49779866657050587,0.6127931287808449,0.5674125205857644,0.5406788409090105,0.5812630911952659,0.9089643358888394,0.5560072864956673,0.5555459008980509,0.5719233641546961,0.660034178839849,0.6057122260068306,0.6082031102849295,0.6781415945635059,0.5452896393029187,0.0,0.6160800501642066,0.5468212986878977,0.5727165556262825,0.5119156607729661,0.6674467582288733,0.5264257533986586,0.5354365565353956,0.555139783735155,0.49401161549674477,0.5276309926948614,0.5168243380388876,0.653459525592211,0.5140731625449667,0.49553356297626716,0.578734558178334,0.642734613905598,0.5967978354321559,0.6246612916069465,0.5760638159445087,0.5143784163327728,0.6245502610354817,0.5711705782559157,0.6754619282267286,0.8135456875137296,0.6232495908319337,0.7077706461529164,0.5133870681451298,0.7158767582096461,0.5810129132381279,0.5767805553403447,0.5548488620806289,0.6416079429789528,0.7196906262111638,0.6206434772020831,0.6957064915353223,0.49061275130138904,0.5618548226888931,0.5125967014403215,0.6072702019605963,0.5458615944176294,0.5522772082517607,0.4866654683684516,0.4945041643894667,0.6123847113886797,0.6081280067631939,0.5709205431422643,0.5163737407344741,0.7119575457525048,0.7589662682898624,0.5906307977494588,0.5470744001460444,0.602944541481332,0.565635834622843,0.5890591493979274,0.52621013241227,0.6143566780410338,0.6423770226822112,0.5542370329115219,0.6050711948257399,0.6046725350713039
CYP,0.8232180120448346,0.7316232720362785,0.7074342426320216,0.6087110648930818,0.6505345193294195,0.6305208184881584,0.6801052238326671,0.6555654388999849,0.6488804778235089,0.7322914671692988,0.9226990214521746,0.6943790822755859,0.6728807956836744,0.703005262037844,0.762090066543708,0.7257548253948594,0.7174504776036693,0.7796945491855043,0.6866736581275553,0.6160800501642066,0.0,0.6633136373630321,0.6871002327909107,0.5810709837830954,0.7165886442485142,0.6153092512512179,0.5836746973412482,0.6791116465815854,0.6352589297438029,0.6188013036342529,0.569297384418576,0.7344223453320058,0.6228817395091958,0.6676719650713263,0.6953309584775339,0.7140043942483681,0.644739493751319,0.6246143973283356,0.701411848464075,0.6442439781528256,0.689628961306061,0.7161707144020321,0.7811693790670992,0.8645256012079309,0.729944479749562,0.7816497223710869,0.6648041189996736,0.7026168659624037,0.6314481602787828,0.6740446813329112,0.7336626939036806,0.6764054261202954,0.7768031171710745,0.69241542132464,0.7855904005928274,0.6109613858053558,0.6059624461044878,0.647537307652962,0.7120531516883742,0.6966015945125601,0.7053136070750391,0.6522857421771899,0.6081330345121375,0.711731849679617,0.7169832424003377,0.6934537390117341,0.6760971732014744,0.7154768618748555,0.7311332635101213,0.6864467683091174,0.6505485988694463,0.7021959006605308,0.7143446413364796,0.6862419690988071,0.6473135411716054,0.7394212100846774,0.744371031571281,0.7016800239987507,0.71929917121379,0.7483804899014966
CZE,0.7718272189355013,0.637872825853397,0.5295560826563275,0.45219310707836197,0.3475619618959191,0.41984183564928096,0.639114208094874,0.5004634863096686,0.542386023269517,0.5560766800583172,0.9203638380393133,0.46924536033308356,0.5177414424230036,0.5610698405924537,0.542242499031558,0.6402624163138472,0.6807147444427946,0.7100789310696209,0.557541684531392,0.5468212986878977,0.6633136373630321,0.0,0.4131707476910143,0.5306500374412174,0.6720322794347175,0.3894878373261636,0.4768873563606086,0.4450164763813674,0.3943393212294235,0.4312737464255311,0.5777859934960462,0.6837507222662255,0.5016130853126741,0.3948265473853439,0.5851505031845785,0.5903373956475807,0.5516834564700341,0.6399139040835813,0.5654406201036491,0.384031595718135,0.6263876487839402,0.48232648532784184,0.7186949599516963,0.8101651879528973,0.49855284883544937,0.7673817793676897,0.49391007390565617,0.6900053949524113,0.49403653035285633,0.593385195579425,0.48548182121230604,0.5832729636259769,0.7439786966299365,0.5897033294807471,0.7459679572723823,0.4317130120591026,0.5440398853913682,0.47015389700181015,0.5839084980233614,0.5974323224167807,0.6022771996124807,0.3480207737535575,0.3931838704436146,0.5008158868858114,0.5203043325746266,0.6131696662087961,0.5693929702040508,0.681173675134904,0.7948279994471251,0.3759412706011264,0.3564347619379888,0.4207001549444015,0.57580424913832,0.6167137242062266,0.4353252131135113,0.5278753779172269,0.6067387000248629,0.47764008654295975,0.633892196949527,0.5568943457656248
DEU,0.7864939289740484,0.6524159589620282,0.5629341208198354,0.4883490454255343,0.36383961698252465,0.38315724624945824,0.6880020322145299,0.5620555382682859,0.5850439543697179,0.543287759219062,0.9129673364778765,0.445333184879466,0.4871405631232058,0.5690470585692802,0.5779043668525712,0.6637308831606475,0.7188940773640919,0.7394611710202265,0.575990011570448,0.5727165556262825,0.6871002327909107,0.4131707476910143,0.0,0.49095950689684803,0.6904317544416401,0.44994220181782135,0.5394974803202875,0.46313543212649383,0.36131636219158525,0.4136778320184985,0.5609106205015985,0.6945361313935904,0.5479482321899657,0.407904015333614,0.6364476425938599,0.6275808778067373,0.5899686102107312,0.6292333519344422,0.5162548344755707,0.3691478631704678,0.6580575853343147,0.427709056607878,0.7282630741242713,0.8581123231372054,0.46425634821239914,0.8211068924240162,0.5643372394518281,0.6639623370599239,0.5970676564831934,0.6197894704492206,0.5028013609164447,0.6165255709450779,0.777139616453994,0.637278267219802,0.7864811858578434,0.4258696057625206,0.5360926557247419,0.5161613810280118,0.6246257448080454,0.5986143350799794,0.6619142119624747,0.45018831864892245,0.46337675961506825,0.6156782603430808,0.5549062795713798,0.6343762459549834,0.6254884035603214,0.6592930550923966,0.7951667690063139,0.48460359082147847,0.43251913016409943,0.40634010027080153,0.6042000082631076,0.6396391823325163,0.5116961962570977,0.5063699013038669,0.6605968229212477,0.40732544469666615,0.7037704981320916,0.5716041397443464
DNK,0.7655721837551783,0.669036288366179,0.5745675375336065,0.5003942614867588,0.47211403473142954,0.4811147409491333,0.6358747890514378,0.5664182991535092,0.5698439383170283,0.5940513770645295,0.8987856809964466,0.5118612612558446,0.5069652174886814,0.5603844654277641,0.6418314971321591,0.6432725875276375,0.6632851891672007,0.7133074188694635,0.5468288642754578,0.5119156607729661,0.5810709837830954,0.5306500374412174,0.49095950689684803,0.0,0.6740508359850644,0.5292804875008652,0.5109420839194778,0.49441191532133394,0.469833738562543,0.47508883895973203,0.4729222298635521,0.6698202581683191,0.5249411406525072,0.48239147691489603,0.6149659525064404,0.6483640454898888,0.56697297716709,0.5917064065342559,0.5207290696112644,0.4626897145033188,0.6333681045648366,0.5348832711275964,0.7021063588569322,0.8526261183713415,0.5783173240214444,0.7725164653090791,0.5621903251983819,0.6811636934825656,0.5909998756699366,0.6359033138255895,0.5847922185528185,0.6234295650032742,0.7400641885152525,0.6340672521915272,0.7258396799473518,0.44128717170798504,0.4352864977617257,0.5118293889800904,0.6140722028825859,0.5980855483009379,0.6229806645816368,0.5096886301510174,0.5124347437032984,0.6396550140468187,0.5877097636053474,0.6129522036607928,0.607906266793411,0.6523527877754843,0.7884368241429384,0.5992192158960908,0.5250063664932805,0.5011507939585936,0.6164619894107211,0.627991197563685,0.5554889463780013,0.6068220689825881,0.6699010109906836,0.48723953632776373,0.6643601583748832,0.6209021756098643
EGY,0.7499169014832536,0.6574812046175561,0.5497252624895549,0.6775659035556688,0.6794686082158228,0.6525031210364989,0.6935815915279213,0.6221079049177723,0.615837167429043,0.5758864447309091,0.7978621749758349,0.6664598387214983,0.7334128211573043,0.6902091628330304,0.6167431037998466,0.6860917898095579,0.7172453126456174,0.7234355108969227,0.6205334972032595,0.6674467582288733,0.7165886442485142,0.6720322794347175,0.6904317544416401,0.6740508359850644,0.0,0.6497428805470049,0.6639922424329393,0.6880776909676926,0.6909373192996259,0.6986671827323275,0.6399018150331042,0.8397814584507046,0.6488349236790695,0.6587201955820368,0.6332551891984998,0.6133914032018719,0.7635538922896592,0.7255575472492529,0.7394827205984751,0.6520977346664639,0.6238332191435393,0.6897893179676947,0.7352828859201112,0.8079131264917498,0.6813020246113826,0.7502583855866335,0.6349313333147235,0.8397223295024917,0.7045576872440806,0.636702886029983,0.6259896024185874,0.7525977048557326,0.722345216354698,0.6535350132996487,0.8072405758264841,0.6930583657116436,0.6727891086377742,0.6759565170099497,0.5783278742223318,0.6095221149592362,0.6531429851047249,0.6536561846963037,0.6646854861711301,0.6010252378559531,0.5831864003071454,0.67029740693224,0.6525669398524493,0.7486282682161786,0.8559614955377332,0.6561004253165849,0.6929970896321022,0.7206968620061878,0.6058725653644208,0.6506749582014337,0.5564137773797757,0.6728860694362464,0.6569668327632633,0.6975013418669279,0.6144377017804005,0.6712548485885499
ESP,0.7711140847986493,0.5967071183149353,0.5226400770896092,0.41693142621358087,0.40095386438256964,0.390609274747715,0.6269458076006871,0.4716100692867254,0.5183949931863969,0.5376749329747956,0.9147143786421662,0.5054595891385759,0.5566548082148741,0.5836825104268615,0.5667181085755357,0.6329570006054264,0.6628391758639883,0.6785496005310193,0.5390020373709171,0.5264257533986586,0.6153092512512179,0.3894878373261636,0.44994220181782135,0.5292804875008652,0.6497428805470049,0.0,0.5104044409265862,0.48509820223832556,0.3905077516795219,0.42180650596948366,0.5406409729380218,0.712760033436722,0.44709576727683725,0.43224622013416397,0.5559099242150751,0.5682691208276056,0.515213546482036,0.6046921798670222,0.5794917924358328,0.36021924616432033,0.5921035844761899,0.49507017274098425,0.7263559549231724,0.8301771728398043,0.5209313315477226,0.7784806365765068,0.5126690538463077,0.6933378371794275,0.515071320584087,0.5567232844664215,0.5036208819710188,0.6053730447092752,0.7341579533996996,0.6076262384284125,0.7506107374593078,0.4394963426854648,0.5365477284837717,0.4785842956417715,0.6002701851475153,0.5506259792293092,0.610514908683118,0.40026208264521906,0.32730650712632764,0.549352091700416,0.5376721441662103,0.5288287394928786,0.5346065673998964,0.6786805056298477,0.7893381990904621,0.4344251931844373,0.3760215160417727,0.5091331951694263,0.5525740039082752,0.5932775139771755,0.4125987027209642,0.5545707532551041,0.6398924460798586,0.520493954485957,0.6275771184142989,0.5781217210466796
EST,0.7656653398010632,0.6935392740785788,0.5721062707042325,0.5118717988434828,0.48950145658137695,0.5162411159663796,0.6131800175970826,0.5487790462825222,0.5699952230674851,0.6243111695958063,0.921237608747923,0.541302387898457,0.5739642344170924,0.5826181276526747,0.6537759334864572,0.5818316294016509,0.6313577959690925,0.6969151395247555,0.5797046756001778,0.5354365565353956,0.5836746973412482,0.4768873563606086,0.5394974803202875,0.5109420839194778,0.6639922424329393,0.5104044409265862,0.0,0.4948778105315739,0.5032540187894331,0.5187194088160378,0.5758769448480817,0.7254794344501234,0.5015550403776634,0.5162297436319927,0.6124544135872563,0.666832970369994,0.6044683671500651,0.632141296884867,0.6265738928251577,0.4809868607878541,0.6362195773634441,0.5955765008516751,0.702703321560902,0.8294916126118392,0.6333667098555252,0.7399645726947269,0.44672204339207267,0.7239950600921917,0.39968040661851373,0.6218380303060963,0.5966932521462218,0.6047251189391041,0.7296414586511407,0.6339280645270082,0.7320980636089749,0.511803364022219,0.5143902618558347,0.5119680095313779,0.5952005031342437,0.5708158317882228,0.6147532136975451,0.4821134223586109,0.4853114636026682,0.5683083753959148,0.5717867817106819,0.6109761553448995,0.5665480916067106,0.7295857764074589,0.7641531451590486,0.5247013198974237,0.48646535160115084,0.5141268103406752,0.6172179830920518,0.6030056938313557,0.5232064194902846,0.6454058236310338,0.6563114643476099,0.5628417371150828,0.623451581155584,0.6417385984043114
FIN,0.7866880928752632,0.6427436751550372,0.5773484616221196,0.4966146941968048,0.4177052895252851,0.46838840598972725,0.6782446559166552,0.5371421564280673,0.5836804121997199,0.5697951730692122,0.9137171320349804,0.47313602900912494,0.5283746267746798,0.5573065990749666,0.577908123688348,0.6307346224201053,0.6836054474182897,0.7149067477991927,0.5800936981948405,0.555139783735155,0.6791116465815854,0.4450164763813674,0.46313543212649383,0.49441191532133394,0.6880776909676926,0.48509820223832556,0.4948778105315739,0.0,0.4638161817302513,0.483465698553694,0.5661049468387723,0.6641111643886338,0.5332424712909011,0.4488335932053618,0.607981860155561,0.624871415241377,0.5667928336612647,0.6339886046115936,0.5360583394130185,0.43997116921382023,0.6334511425534264,0.4848186711099745,0.723980471681706,0.8188962587984078,0.5056347313849676,0.7979184998371776,0.5289189748769054,0.7022127326605289,0.5379430228874426,0.6426088073414791,0.5431208570907371,0.599540856597663,0.7554313245986453,0.6233062261141384,0.7722880344592546,0.45808830684032864,0.5102677151326188,0.5087325002837688,0.62171855845812,0.5916475906527727,0.6392782542677898,0.44765499033723555,0.4670557989700461,0.6006483711540882,0.5724899972698951,0.6145517880131377,0.6011508164338251,0.6402251204980072,0.8044554321076407,0.5194135004125136,0.4720661632388728,0.4091155277216692,0.6088891664021454,0.6284423122510737,0.5152697107085459,0.5034207168746855,0.6367764486680273,0.4776022162860105,0.6744191471094982,0.5851357315286724
FRA,0.7524002606041994,0.6235575067621874,0.5452772680872346,0.40986148918956555,0.3496520307701778,0.35255185355628854,0.6343078821573798,0.5205610267319793,0.5592187072180507,0.536897834997448,0.9095207375771096,0.4266726384436295,0.4832447135188212,0.5275705556650899,0.6187267371720168,0.6213469575176804,0.6677456247362075,0.7027687793058693,0.5361595479108417,0.49401161549674477,0.6352589297438029,0.3943393212294235,0.36131636219158525,0.469833738562543,0.6909373192996259,0.3905077516795219,0.5032540187894331,0.4638161817302513,0.0,0.3323317824168318,0.5235614932758121,0.6526199281891549,0.48411779677053185,0.3801248056343723,0.6101916654125137,0.6098258940795135,0.5207829721068061,0.5929721872447254,0.47423548455801307,0.34583903144797895,0.6366163587411363,0.4801142415589485,0.687004502061318,0.8389812705059128,0.5284735090343606,0.7773801903219953,0.49508494144361076,0.6394721447622113,0.5278110394861345,0.5795846481506738,0.508130455932457,0.5860113125180213,0.7468973137907743,0.6049846992602327,0.7332424156025893,0.3449678255565938,0.5095958821365075,0.4387809951713784,0.6061164226686336,0.5536596959845298,0.6183792384643214,0.41542675963529213,0.37176515555310297,0.5801434175761774,0.539869045892626,0.5904126026798564,0.5568890658771133,0.6565584246909133,0.7521082922379032,0.4638703300460517,0.39047586896765274,0.444700817930351,0.5871488317637507,0.6108834858112479,0.4672913159412318,0.5552598147314635,0.6345702714925672,0.40462964910595517,0.6643474364335715,0.5596934995538972
GBR,0.7475422450566559,0.6011504615627662,0.555897370588571,0.3770221710240528,0.37420131795231903,0.39285751553208104,0.6431262808900308,0.5530817527593245,0.5945114011195859,0.5485579844519606,0.8960532577549328,0.4333181438931759,0.48258229319627427,0.5542960165461539,0.6443612707133841,0.6634962749762753,0.6723805646604153,0.7317158812568336,0.5365760762738645,0.5276309926948614,0.6188013036342529,0.4312737464255311,0.4136778320184985,0.47508883895973203,0.6986671827323275,0.42180650596948366,0.5187194088160378,0.483465698553694,0.3323317824168318,0.0,0.5482744901801635,0.6401282169518352,0.5033252602487983,0.45444492686707805,0.6314684470051981,0.6200869707148897,0.49533875697852797,0.5638334062816456,0.49162016849618395,0.3786707451151985,0.641248307632286,0.5097629707248182,0.6703095796551468,0.8584357768347814,0.5674232737766469,0.7997461390377492,0.5260443886932731,0.6180935588566129,0.540806218218201,0.6406841846287397,0.5357571523580101,0.5650547836589681,0.7661065373489698,0.600445208433695,0.7398114240066115,0.33618859878335555,0.47609469695103307,0.44961391787181565,0.6122094711023589,0.5638486344496402,0.6450763147656082,0.46658404760573197,0.401462210002583,0.6096844656688832,0.5441969759271247,0.5737473929332998,0.6028246047204184,0.6455320609198888,0.7300806090294724,0.498067819806755,0.4195781442619566,0.4804106756472358,0.6236040282479082,0.6370649966696414,0.4957212511998196,0.5844326075692783,0.6746719828065689,0.3944222352209437,0.6737782012970424,0.583089848878759
GRC,0.7634902659333994,0.6769998270511692,0.6012528168844409,0.5501903808466697,0.5135890885992794,0.519627969927174,0.6367790135280873,0.5618843844897425,0.5900767530339456,0.6291922908029233,0.8952875653514789,0.5458879990295127,0.5724824121460372,0.5550521249705446,0.6593869831854287,0.6581163421729319,0.6641453039906854,0.7145887250495395,0.5765245671203458,0.5168243380388876,0.569297384418576,0.5777859934960462,0.5609106205015985,0.4729222298635521,0.6399018150331042,0.5406409729380218,0.5758769448480817,0.5661049468387723,0.5235614932758121,0.5482744901801635,0.0,0.716884633729989,0.5307408337717523,0.5339325676278656,0.6263134525902504,0.6514423402609603,0.6417040858431382,0.6054556700667528,0.5532594028432881,0.5325063872443181,0.6237082887515711,0.5806281735187521,0.7128849481465636,0.8291155818661036,0.6044547042412425,0.757801108975498,0.5904035018152505,0.7289275496112789,0.6033442807896934,0.6104207945520213,0.6124389136389371,0.6527883476011296,0.7500372670296114,0.6782177294154709,0.7637331428997475,0.5333029556079837,0.5424597677891967,0.5625278364577331,0.6228334073891386,0.5967339750766747,0.6477898463630246,0.5607573406083421,0.5242670945519851,0.6387535336885815,0.606857116450462,0.6350405524623712,0.5751014109517976,0.6777605015246049,0.7838356932989461,0.6228071377533874,0.5619612157195712,0.5771199747227184,0.6312302550477498,0.6296977954285264,0.5489882803332287,0.6239289819225003,0.6848381844148883,0.5498630317076496,0.6612418069936477,0.6312239280099118
HKG,0.8460755916555878,0.7617131816405963,0.7993159501115924,0.684246344555976,0.6542682479113845,0.6831815885545934,0.7626649300769971,0.7647826792672442,0.7702796291678659,0.7593370338535944,0.9429435426565327,0.7246165210992324,0.6394112786782115,0.7493976898921846,0.8175905591320335,0.8199099740158567,0.820956862440137,0.8427603135721515,0.7529154027664003,0.653459525592211,0.7344223453320058,0.6837507222662255,0.6945361313935904,0.6698202581683191,0.8397814584507046,0.712760033436722,0.7254794344501234,0.6641111643886338,0.6526199281891549,0.6401282169518352,0.716884633729989,0.0,0.7251758192584512,0.6648926291146019,0.7816875780094613,0.8116518322925278,0.671551698917064,0.7191057741420024,0.6672583121491047,0.6911415188175528,0.7912022877707185,0.7058180021408607,0.7850395836241294,0.9120959764276048,0.7189435188049756,0.8464197477296803,0.722274976156417,0.7319613302088938,0.7295421925884755,0.825092797435632,0.7027763175404708,0.6573721677144597,0.8802476078038374,0.7077282473745744,0.824324618854472,0.6310575876042189,0.6725934547739378,0.702476174648251,0.784654738247972,0.7933044458083827,0.7285612372301918,0.69407370970067,0.6710972583391538,0.8022731845449865,0.7639154541665741,0.6850237241329306,0.7863648871494969,0.6446361015799216,0.774742306834252,0.7177245208686005,0.7000249835557362,0.7117937818346917,0.7519668445574224,0.7935625563376029,0.7535983525228668,0.6874031881473337,0.8055876419725879,0.6726030221072404,0.8212494843869023,0.7728601563945201
HRV,0.7122748730764635,0.6083813594948471,0.5338832989649804,0.4803833004678401,0.48422085491343464,0.48519826070798944,0.6161719101150996,0.47100628824194457,0.5187784789181739,0.5703892588516505,0.8833577391893059,0.5439636279730407,0.5575238312697542,0.5597797913304113,0.6087265850753372,0.6175767122050876,0.6445133181609365,0.6861499997957035,0.542376350418915,0.5140731625449667,0.6228817395091958,0.5016130853126741,0.5479482321899657,0.5249411406525072,0.6488349236790695,0.44709576727683725,0.5015550403776634,0.5332424712909011,0.48411779677053185,0.5033252602487983,0.5307408337717523,0.7251758192584512,0.0,0.469781482819289,0.5735991671280917,0.5899157725730969,0.5644215455343068,0.624377593338855,0.5972807922642752,0.4704137087950736,0.5767490208810777,0.5638593490263113,0.7044093897958386,0.8256663177642475,0.6158828567512571,0.7052745919219512,0.45685259772117437,0.729756932429442,0.5363820546760854,0.5651029847041553,0.5738466872912613,0.6136962209362549,0.7007490914984965,0.6220650450851919,0.7195411191545107,0.48823511773394324,0.5413467139282384,0.4747128121767738,0.5511750884163285,0.5656822008177534,0.5618472537127481,0.4486823936355307,0.4417661265747368,0.5395435554876543,0.5229928829511263,0.5811760124582812,0.5446722845227498,0.6924944216300629,0.765579913849504,0.49008211945513813,0.4617500679048659,0.5660856162192541,0.5726498170414307,0.5870488543098064,0.48987390206694886,0.6178176675759615,0.6400244964118793,0.5588449197700468,0.5885474566481194,0.6005808613136343
HUN,0.7436676716439199,0.63835568071259,0.48335405004674464,0.4602940201766662,0.3835673928781758,0.4096614516916728,0.615675189722761,0.4658896581605029,0.4552384693896154,0.5094590867267964,0.9105591615797973,0.4383769252087016,0.5098717762373167,0.5312177413566133,0.5268589229981933,0.590615866636199,0.6367004828036281,0.6615808980929239,0.5054875045104393,0.49553356297626716,0.6676719650713263,0.3948265473853439,0.407904015333614,0.48239147691489603,0.6587201955820368,0.43224622013416397,0.5162297436319927,0.4488335932053618,0.3801248056343723,0.45444492686707805,0.5339325676278656,0.6648926291146019,0.469781482819289,0.0,0.5563100169103541,0.5577976250160118,0.5341688385310197,0.6306131927868317,0.5125368176937516,0.4049613032179764,0.5905365966344817,0.45580916913466213,0.6830246213213488,0.8142799381084966,0.4735421651696557,0.7259732251966317,0.47301329791201413,0.6905120724499096,0.5609595849145417,0.5195316043325601,0.4415431576622501,0.5884023683411224,0.6822189977410182,0.5853728073379854,0.7071819858895722,0.4444763053353642,0.5494335057012225,0.4583877503987609,0.5392507686514839,0.5504893971163723,0.5274570780492865,0.36693407231605885,0.43475921287295943,0.5256452735790723,0.5022954672840717,0.6079252492534926,0.535801043817084,0.6654390413859583,0.7737135310504534,0.45208182124149215,0.4377804419767557,0.44149446554490857,0.5204994932892919,0.5607407372913297,0.4671931231272651,0.5009496863087288,0.5926307257646647,0.4371735421219036,0.6093441452993471,0.5348115637919554
IDN,0.7309384818394492,0.6524969967857631,0.5337689760907488,0.5823313045467856,0.5971910842695862,0.6125215862097584,0.6649029961108143,0.5698680766189671,0.5178178628043102,0.5575317921495735,0.8619691734950261,0.5878273289355147,0.6593351915254746,0.6308143788060124,0.5350105187510434,0.611499004697297,0.6058621934373951,0.6822869569454991,0.5558749373870635,0.578734558178334,0.6953309584775339,0.5851505031845785,0.6364476425938599,0.6149659525064404,0.6332551891984998,0.5559099242150751,0.6124544135872563,0.607981860155561,0.6101916654125137,0.6314684470051981,0.6263134525902504,0.7816875780094613,0.5735991671280917,0.5563100169103541,0.0,0.5765683769549734,0.6828915655759045,0.6982843012089962,0.6722863816749572,0.5748169762600805,0.5747904467441192,0.5956333678153032,0.7290965587340291,0.8356302672709993,0.5927293504045952,0.7061453526415074,0.5767727137620887,0.7831441175779674,0.6726195688053622,0.5308406458639335,0.556153438344412,0.6901453997183172,0.6853635412383784,0.5572386207691122,0.7338856732920129,0.6315480938846866,0.6382027783043445,0.6058505947280154,0.5958796690933182,0.5630043452063931,0.5342148316601398,0.5363971762193411,0.5540636451275427,0.5899598514889468,0.5845069674118274,0.6376676056154501,0.584199021860117,0.744675623813855,0.8344722365827745,0.6078584200829524,0.6058890783297025,0.6566835164777521,0.4684743353925232,0.5719976977525505,0.528427597023264,0.5935182474892546,0.6311475069161002,0.6376187136931942,0.5441701779437425,0.6238031964622935
IND,0.7490399848165794,0.6447841205497901,0.5111351214719136,0.5750186526233177,0.6007395894044404,0.5854053145110006,0.6246865827978707,0.5121726279281841,0.5563744156460665,0.5395186386234089,0.8562669079493304,0.5998841039420112,0.6938564054578303,0.6716331157085611,0.5154850023123063,0.6717603284284399,0.6658985499693187,0.7150339049999107,0.5833064975968898,0.642734613905598,0.7140043942483681,0.5903373956475807,0.6275808778067373,0.6483640454898888,0.6133914032018719,0.5682691208276056,0.666832970369994,0.624871415241377,0.6098258940795135,0.6200869707148897,0.6514423402609603,0.8116518322925278,0.5899157725730969,0.5577976250160118,0.5765683769549734,0.0,0.6880493762648534,0.7044941650773517,0.6626237972330524,0.5694313208217892,0.5899998637110377,0.6060193539402785,0.7136184401702478,0.7840452293029758,0.6034591919702165,0.7421047019327722,0.6103132935555816,0.7529058472570468,0.671400773961254,0.5683871370638937,0.5588055837806456,0.7293306337302521,0.6528001793788085,0.6154809401047298,0.775360254354618,0.6275924114691518,0.671400667986694,0.6250627816051922,0.5555554676979458,0.6124107744770672,0.61233389912809,0.5713248672962522,0.5995003652169059,0.5643535947467159,0.5679846765638684,0.6526199243595662,0.6168542599760858,0.7443038981387862,0.8016396246917652,0.6046654165595005,0.6172453638087227,0.6546353975649225,0.5793940067118116,0.5950662877337142,0.5208799906327513,0.6118475255544626,0.6161897511429928,0.6288941328888561,0.5853566569276346,0.6104645425510372
IRL,0.8043346871906636,0.6782744286887216,0.6319840157971922,0.5201735452706554,0.5436324816540941,0.5450511531216672,0.6945888641847258,0.6331800126826357,0.6248019409051897,0.6775299066563604,0.9325914032954251,0.6179478260339424,0.5522991327798293,0.6315664250673555,0.692906738570763,0.7227019524427662,0.7182064824032417,0.7206908421271844,0.6139329809291774,0.5967978354321559,0.644739493751319,0.5516834564700341,0.5899686102107312,0.56697297716709,0.7635538922896592,0.515213546482036,0.6044683671500651,0.5667928336612647,0.5207829721068061,0.49533875697852797,0.6417040858431382,0.671551698917064,0.5644215455343068,0.5341688385310197,0.6828915655759045,0.6880493762648534,0.0,0.6116103661094544,0.5815088248090808,0.5545834462707091,0.693807511259339,0.6080539981520792,0.7748341320612191,0.8709537667697187,0.6415090163815745,0.8064982347990253,0.603582126542302,0.6732107416323829,0.6089372046051492,0.6886840285688701,0.6236754666859052,0.5687899937889909,0.7805063122616404,0.6474435913030916,0.7500958919011512,0.4971417202093791,0.5983338360786934,0.5605930491682384,0.6982359088636314,0.642186963795017,0.6557907106359019,0.569350454086267,0.517415771741677,0.6637940551184002,0.6833059145423577,0.6634910493638885,0.6436389405847485,0.6335956328887687,0.7661849511961383,0.6116578125938271,0.5349364025564918,0.6203487739717348,0.6462861168804318,0.691667903452434,0.6110668625574813,0.6405496183387497,0.7250288148944608,0.5733236391139312,0.7003933186239828,0.6900902550734167
ISL,0.8038621939033858,0.7145247155656473,0.6723651585658966,0.5763212348002833,0.6077782130198983,0.5926430223366973,0.6490362219051811,0.6442922686884286,0.6489302094747332,0.6976963442137704,0.9348409075740868,0.6318451691725434,0.6414299449904597,0.63723415394037,0.7191206108786102,0.7317039312669114,0.7161331189537706,0.7300088095094965,0.6478144759469764,0.6246612916069465,0.6246143973283356,0.6399139040835813,0.6292333519344422,0.5917064065342559,0.7255575472492529,0.6046921798670222,0.632141296884867,0.6339886046115936,0.5929721872447254,0.5638334062816456,0.6054556700667528,0.7191057741420024,0.624377593338855,0.6306131927868317,0.6982843012089962,0.7044941650773517,0.6116103661094544,0.0,0.6411636214039621,0.6103165816612286,0.67055404723496,0.6609252864553098,0.7476798749762777,0.8551264612543455,0.6883643739645265,0.8052175474169655,0.653031474306547,0.7120378908076032,0.6409889984313857,0.6784271691758121,0.6844578982544054,0.6524911743842329,0.7799775622351084,0.7003880311595173,0.7659783888501362,0.5860408783049427,0.5794120511191503,0.5768619609008295,0.6983695785072636,0.6444449352075443,0.6848374134347662,0.6411243884998532,0.595450385743389,0.7028385747869131,0.6628394147134524,0.6771682605840389,0.6495804225121419,0.7389195152658528,0.7550416785163933,0.6617994352995641,0.6216626835677835,0.6681857232682897,0.6989134050954711,0.6849085777461011,0.6183998301908106,0.705440302960051,0.7430352296236805,0.6174393470611452,0.700400993092774,0.6923577134330187
ISR,0.7980010022718806,0.6851812063624968,0.604814418507631,0.5496338955318599,0.5034674984272536,0.47206093867058213,0.7067701109306954,0.6416092673969044,0.662442119813337,0.6003586238522761,0.9051892945323678,0.5223723776317905,0.5166606716839572,0.5431134916764087,0.6703346989994696,0.689194575682289,0.7096927025163173,0.7593361389485925,0.5926813570123833,0.5760638159445087,0.701411848464075,0.5654406201036491,0.5162548344755707,0.5207290696112644,0.7394827205984751,0.5794917924358328,0.6265738928251577,0.5360583394130185,0.47423548455801307,0.49162016849618395,0.5532594028432881,0.6672583121491047,0.5972807922642752,0.5125368176937516,0.6722863816749572,0.6626237972330524,0.5815088248090808,0.6411636214039621,0.0,0.5161513210787815,0.6564696724333267,0.569989125650174,0.7155955003122209,0.8683530578429188,0.5707168747207166,0.8300914374611572,0.6371659810912845,0.6811449819992936,0.6698800521441148,0.6781454503586429,0.5809135413702845,0.62758349432679,0.8056096323573942,0.6612732691055652,0.7633694221017759,0.44542332724365724,0.5804084790827304,0.549351545032532,0.6943995868977175,0.6245509428498762,0.6702813609864645,0.5827289477749468,0.5381010762889223,0.695366011279883,0.6333227196038044,0.6388459804675292,0.6315628349994156,0.6363634501549538,0.7937835045630999,0.648156712342848,0.5664948212743321,0.5496799185939382,0.6592712932583454,0.6909329225848715,0.6078103275325902,0.5755020934041968,0.7081606103619652,0.45856074660608875,0.7356194958850834,0.6268176714045015
ITA,0.7687986471624088,0.6276487008476075,0.5166885368034952,0.43592000382671364,0.350824934654036,0.34794297422935383,0.6073000969572292,0.4879614964613643,0.5441491271428909,0.5255446768398869,0.9082803071110694,0.46558221083175694,0.4972042088557958,0.5507409354836356,0.5386258613274963,0.6135593796873209,0.6689665861267603,0.708741953661832,0.5252213938151976,0.5143784163327728,0.6442439781528256,0.384031595718135,0.3691478631704678,0.4626897145033188,0.6520977346664639,0.36021924616432033,0.4809868607878541,0.43997116921382023,0.34583903144797895,0.3786707451151985,0.5325063872443181,0.6911415188175528,0.4704137087950736,0.4049613032179764,0.5748169762600805,0.5694313208217892,0.5545834462707091,0.6103165816612286,0.5161513210787815,0.0,0.6156083553250025,0.4503263639903403,0.7026825548387609,0.8285087534253278,0.48730140195132216,0.8019094017233646,0.5009081351696532,0.6513449281892395,0.5349893622647054,0.5979398273033718,0.4784674705207586,0.5939993515796224,0.7400229265203832,0.6133839519065722,0.7457327380688019,0.4043729909279541,0.509973654811205,0.47582692190161774,0.5921759183402951,0.5418608394944393,0.6197021428788039,0.4003009671841261,0.3746200443008423,0.5554983704963715,0.5292422129404408,0.5727982158542416,0.5632059252249906,0.667362565760234,0.7840999058517967,0.45618300259585165,0.35522652684901934,0.44656377535580394,0.559042795293498,0.5820242626941164,0.42159330807007894,0.5163910327394067,0.6329377299434052,0.4474786646822046,0.6298516720717962,0.5642318286712632
JOR,0.768761036001683,0.6660168830325428,0.5754116180311178,0.5981453273294394,0.6250581759752977,0.6247995163083877,0.6755119963230117,0.5607130759693052,0.5710176705005808,0.6213795753063596,0.8749799617690857,0.614596488343957,0.7013829934785641,0.6527338134645096,0.6085575780724997,0.6361157655780684,0.647975060207668,0.7007082611533858,0.5698957529369603,0.6245502610354817,0.689628961306061,0.6263876487839402,0.6580575853343147,0.6333681045648366,0.6238332191435393,0.5921035844761899,0.6362195773634441,0.6334511425534264,0.6366163587411363,0.641248307632286,0.6237082887515711,0.7912022877707185,0.5767490208810777,0.5905365966344817,0.5747904467441192,0.5899998637110377,0.693807511259339,0.67055404723496,0.6564696724333267,0.6156083553250025,0.0,0.6437396013990135,0.7277785543098739,0.8399656074234005,0.6595239529433558,0.7155107853488829,0.5883015763717993,0.7941228009424606,0.6790779462120023,0.5704734894571906,0.6061081746164609,0.7109542363829707,0.7559023280315135,0.6168360934177607,0.7611942311899241,0.6308538493483711,0.6432987338183787,0.6197747000969195,0.6428730139332255,0.5747740034051474,0.6196076339614118,0.5850982914908546,0.5943343183438179,0.6186227056321469,0.5801203704109439,0.6439436068744407,0.5774299190578476,0.7775982399861172,0.8029634245465364,0.635368133181648,0.6349179598107632,0.6796084015711222,0.6041747095790296,0.6278184675349227,0.5779416167847055,0.6634012275180908,0.648671775302927,0.6398156432431691,0.6292872277342657,0.6251754012374388
JPN,0.8107118659896336,0.682327461061897,0.5629600838004061,0.5387128338952634,0.45779988975990604,0.47966345998470633,0.6941365278253809,0.5877447941138149,0.5789385089833985,0.5679327617491089,0.9239945553674658,0.48545123457332917,0.5469976045835283,0.6130325989362841,0.5302757709123572,0.677251697985328,0.7173816507810329,0.7404759118655617,0.5875403425721153,0.5711705782559157,0.7161707144020321,0.48232648532784184,0.427709056607878,0.5348832711275964,0.6897893179676947,0.49507017274098425,0.5955765008516751,0.4848186711099745,0.4801142415589485,0.5097629707248182,0.5806281735187521,0.7058180021408607,0.5638593490263113,0.45580916913466213,0.5956333678153032,0.6060193539402785,0.6080539981520792,0.6609252864553098,0.569989125650174,0.4503263639903403,0.6437396013990135,0.0,0.7344921940400394,0.8059113145040087,0.4232323192206088,0.816532296073751,0.5823178147413576,0.7202442324082965,0.6400180530345072,0.6205659166869809,0.5098382105775209,0.6348329920494933,0.7685900770280583,0.6631257270683091,0.7951736594316974,0.5322493319871521,0.5931068424982195,0.5851078539991212,0.6332835943969184,0.6084741038191093,0.659797142473395,0.48731408374992446,0.5064595604693584,0.6101865747435541,0.5772474055655644,0.6338592070813839,0.6374267770512382,0.6861938349445413,0.8059695094121688,0.5148542552193636,0.49935649361913215,0.47289277455883977,0.5454942633826521,0.6466219663365523,0.5153981138458322,0.4633870526105501,0.6395628493566837,0.5043057327978316,0.6741925400559533,0.6025655020630971
KAZ,0.7215563526523532,0.7169332909090023,0.6503016940076632,0.6268734926211981,0.6983017389370658,0.695737336095283,0.7135504512133979,0.6752479889778031,0.7212669424273773,0.6998380836171283,0.8406156297656346,0.6556679302487315,0.7404506910990158,0.7043659572735017,0.7507466880423428,0.7521032470640254,0.7216995745962266,0.7092240486620244,0.6727124130353614,0.6754619282267286,0.7811693790670992,0.7186949599516963,0.7282630741242713,0.7021063588569322,0.7352828859201112,0.7263559549231724,0.702703321560902,0.723980471681706,0.687004502061318,0.6703095796551468,0.7128849481465636,0.7850395836241294,0.7044093897958386,0.6830246213213488,0.7290965587340291,0.7136184401702478,0.7748341320612191,0.7476798749762777,0.7155955003122209,0.7026825548387609,0.7277785543098739,0.7344921940400394,0.0,0.8501456582464499,0.781323632199068,0.7748794118694782,0.677283183238047,0.7997214921214136,0.710431348609899,0.7388252528816346,0.6890616554896406,0.7977145852721083,0.744916355242868,0.7138027808243496,0.7403741918066982,0.6732548331278618,0.6822961637800254,0.6728713937548381,0.6794421713963432,0.6382689177733668,0.7249727726299199,0.6782573388291695,0.7066671941937979,0.7039901330071635,0.6275824450050762,0.6521975648574214,0.7152742763389273,0.8358905899758542,0.8179456691615308,0.727026268031038,0.7255732630546472,0.7371221086699395,0.7528718873721376,0.7030874019127537,0.6959368898912628,0.7763228803090988,0.6828687503508544,0.6742310729864268,0.7049933397960081,0.6811984300242772
KHM,0.8474946062911198,0.8764395341005126,0.7801386293585388,0.827217097146969,0.8300427340580118,0.82803308433769,0.7260921845167717,0.7571589674346286,0.800733495056259,0.8432211132858324,0.9564294897694731,0.829926288520032,0.8733598659055314,0.8350938765830626,0.784709368203923,0.8222216252604017,0.8285342007513381,0.7755749969829242,0.8392245713065193,0.8135456875137296,0.8645256012079309,0.8101651879528973,0.8581123231372054,0.8526261183713415,0.8079131264917498,0.8301771728398043,0.8294916126118392,0.8188962587984078,0.8389812705059128,0.8584357768347814,0.8291155818661036,0.9120959764276048,0.8256663177642475,0.8142799381084966,0.8356302672709993,0.7840452293029758,0.8709537667697187,0.8551264612543455,0.8683530578429188,0.8285087534253278,0.8399656074234005,0.8059113145040087,0.8501456582464499,0.0,0.8191164516902943,0.813502200834735,0.8182265882800963,0.8935271034490082,0.7919150697920371,0.7747543577107616,0.823048333605951,0.8707688119654422,0.7740617332392504,0.8383654962896308,0.8506886027488905,0.8554576803625417,0.8628105123870135,0.8196187457546663,0.779352371585279,0.8181491493887122,0.8094809125276584,0.8014520544458431,0.8286226412359844,0.7414295348346578,0.8175412171969215,0.8550517363706536,0.7911966935482944,0.9175519142737436,0.8742003000648012,0.7995807002589523,0.8294961469485671,0.831129391716212,0.8240716489591283,0.77135870994665,0.7724601052252776,0.8009153155117071,0.6858202171764907,0.8560289077321883,0.7709920011908596,0.83390719764539
KOR,0.8204576670639981,0.7059096791060776,0.5550531928639824,0.5963720865235946,0.5011059315753877,0.5187095796729907,0.6783409133921683,0.6173074883398175,0.551947227697715,0.5592947391299313,0.9320273141468755,0.5339598817013407,0.5919835330777582,0.6104264710607407,0.4595220512587064,0.6917940836762329,0.7274561158523472,0.7506636748739551,0.5991982526273837,0.6232495908319337,0.729944479749562,0.49855284883544937,0.46425634821239914,0.5783173240214444,0.6813020246113826,0.5209313315477226,0.6333667098555252,0.5056347313849676,0.5284735090343606,0.5674232737766469,0.6044547042412425,0.7189435188049756,0.6158828567512571,0.4735421651696557,0.5927293504045952,0.6034591919702165,0.6415090163815745,0.6883643739645265,0.5707168747207166,0.48730140195132216,0.6595239529433558,0.4232323192206088,0.781323632199068,0.8191164516902943,0.0,0.8305317664059221,0.6487685565102507,0.7311569184918011,0.6859384541280857,0.6181032482421932,0.47536111149412225,0.6171929791687948,0.7603707504883849,0.651048517442848,0.8096143311146587,0.565518818511322,0.6146747094568067,0.61454720092386,0.6313950579795093,0.6376582564099756,0.6497181720384674,0.5361528775015861,0.5520294861198624,0.613430522502224,0.6075317349910772,0.6768786447283901,0.6410124384680651,0.6344334301735187,0.8464446759479753,0.5652872558424065,0.5434767891616806,0.5175251937481885,0.5212712007332063,0.6344542626788006,0.5245047438175714,0.3629783362187884,0.658053057759226,0.527976435931096,0.6598721487156632,0.6264494792165608
LAO,0.7073751351819839,0.8064014847696855,0.7096768729045361,0.7538772877883742,0.7709136403821838,0.8103762999348365,0.6981673799026762,0.6935409749198674,0.6629779361816514,0.7496746102672498,0.8942253054198617,0.7817024706998806,0.7968272094931983,0.7173108275870639,0.7618995510651105,0.7089462342789883,0.7259050405708468,0.7288186588757428,0.6981717078534391,0.7077706461529164,0.7816497223710869,0.7673817793676897,0.8211068924240162,0.7725164653090791,0.7502583855866335,0.7784806365765068,0.7399645726947269,0.7979184998371776,0.7773801903219953,0.7997461390377492,0.757801108975498,0.8464197477296803,0.7052745919219512,0.7259732251966317,0.7061453526415074,0.7421047019327722,0.8064982347990253,0.8052175474169655,0.8300914374611572,0.8019094017233646,0.7155107853488829,0.816532296073751,0.7748794118694782,0.813502200834735,0.8305317664059221,0.0,0.6888945730606543,0.8652496948941772,0.7588727670239562,0.6624496939301331,0.7765404665951223,0.8003045043504817,0.6696669909603741,0.7359105321737168,0.7546890422061331,0.7962412012913171,0.808521122793689,0.7140636268271708,0.6359523866727366,0.7284238087651862,0.6433862407412062,0.7248809998885795,0.7557724877818269,0.6594086040424706,0.7352026464614926,0.7793217554439932,0.725053522377071,0.8852917624423288,0.8112929032757763,0.7451422963267235,0.7831945550926371,0.8178144095574318,0.7272621651026269,0.6771480618266107,0.7262087905521447,0.8209815826423157,0.7228774850309757,0.8040381820374367,0.6270240171248739,0.7690587595736879
LTU,0.7283555497627584,0.6529240431128883,0.5352553546349518,0.5169647139346141,0.5166178787093353,0.5215699523494907,0.6198559864614901,0.488656345823117,0.5264707499196964,0.5585181727842495,0.874767628038472,0.5442315456785238,0.5920706887976248,0.5799365229312482,0.6149656682339169,0.5492216832214152,0.6117251007595257,0.6724800264730286,0.5514248590936609,0.5133870681451298,0.6648041189996736,0.49391007390565617,0.5643372394518281,0.5621903251983819,0.6349313333147235,0.5126690538463077,0.44672204339207267,0.5289189748769054,0.49508494144361076,0.5260443886932731,0.5904035018152505,0.722274976156417,0.45685259772117437,0.47301329791201413,0.5767727137620887,0.6103132935555816,0.603582126542302,0.653031474306547,0.6371659810912845,0.5009081351696532,0.5883015763717993,0.5823178147413576,0.677283183238047,0.8182265882800963,0.6487685565102507,0.6888945730606543,0.0,0.7592038424649847,0.4805712655934171,0.5775733044277723,0.5590215212751322,0.6481001685926167,0.697487200509264,0.6194262280600428,0.6901818804705687,0.5246692467532856,0.5802130973391704,0.5053756275052111,0.5552347043493445,0.5407513470929155,0.5366421774412853,0.4337184970645994,0.487200525081621,0.5151137113806004,0.5289036143904954,0.6236384983899416,0.5298867460724999,0.7193260418529189,0.7684418398842181,0.48570418233259305,0.5098948330575224,0.578672345216269,0.5684603450086464,0.5938322596598625,0.49710582455179664,0.6324356903437424,0.6110686425127375,0.5724089236414921,0.5826676072720494,0.5914405517390536
LUX,0.8591537941140893,0.776723888154146,0.7544709085086427,0.6587618816090011,0.6375261835065684,0.6589534989131014,0.7562452114696411,0.7352391793757467,0.757750230422319,0.7379399978153502,0.9397315895074634,0.6960995263059659,0.6783794153663487,0.7396301362724196,0.7905337451954102,0.7945644200899137,0.8226948813402116,0.8476547343190912,0.7442357180275705,0.7158767582096461,0.7026168659624037,0.6900053949524113,0.6639623370599239,0.6811636934825656,0.8397223295024917,0.6933378371794275,0.7239950600921917,0.7022127326605289,0.6394721447622113,0.6180935588566129,0.7289275496112789,0.7319613302088938,0.729756932429442,0.6905120724499096,0.7831441175779674,0.7529058472570468,0.6732107416323829,0.7120378908076032,0.6811449819992936,0.6513449281892395,0.7941228009424606,0.7202442324082965,0.7997214921214136,0.8935271034490082,0.7311569184918011,0.8652496948941772,0.7592038424649847,0.0,0.7427025268121082,0.7805944664854367,0.7505678358251601,0.7320322820227788,0.8574499012891154,0.7176892136622286,0.8233786788604454,0.6342472453730499,0.7263029970860905,0.7002760160183347,0.7752898202367726,0.7710338365944839,0.798868599105917,0.7086399353571607,0.6809895902059753,0.7890320649644331,0.7418014066496965,0.7709018557536222,0.7860730232080501,0.7649510114573417,0.7074875784159621,0.7168954176844011,0.678066044869545,0.7042018262534719,0.7883750668488908,0.7844947716202885,0.711845760458168,0.7257556801767236,0.7950608002470929,0.6514774705786165,0.8183967113991596,0.7589280148006671
LVA,0.7780727798889853,0.7049303872151922,0.6090235242705411,0.5116883408887728,0.5124931619679438,0.5419320966545675,0.6173402740038428,0.5421478641064484,0.6121474208087728,0.6760484676008848,0.9314508602845897,0.5891194079013672,0.5993380719551687,0.6137360809405509,0.6948518176178206,0.6266522499859145,0.6464297027722187,0.6816308813791567,0.6296023906326889,0.5810129132381279,0.6314481602787828,0.49403653035285633,0.5970676564831934,0.5909998756699366,0.7045576872440806,0.515071320584087,0.39968040661851373,0.5379430228874426,0.5278110394861345,0.540806218218201,0.6033442807896934,0.7295421925884755,0.5363820546760854,0.5609595849145417,0.6726195688053622,0.671400773961254,0.6089372046051492,0.6409889984313857,0.6698800521441148,0.5349893622647054,0.6790779462120023,0.6400180530345072,0.710431348609899,0.7919150697920371,0.6859384541280857,0.7588727670239562,0.4805712655934171,0.7427025268121082,0.0,0.6525929761349122,0.6360785384343155,0.6394862323234386,0.7493723965259957,0.672480115501878,0.7288566082878731,0.5438199080638506,0.5644622473813027,0.5223526120536798,0.6247197720938672,0.6258879265429625,0.6336140121298797,0.5185679403222312,0.49259385783799053,0.5702715114681526,0.5922608887793404,0.6488045658001794,0.5717035897078973,0.7397425443154286,0.7552742553412978,0.5185753163484095,0.5156572041500093,0.5567899364872779,0.6830657445771476,0.6448987122618558,0.5277424118833101,0.7032433581513295,0.6512402668421895,0.6154301298261156,0.6752387244216822,0.672097904424169
MAR,0.7197615901831442,0.6923693805613828,0.5027821703437334,0.598186733481574,0.6018063942638284,0.5973303173513631,0.6240052199036266,0.5335325377914113,0.46298399439949606,0.5617635448998529,0.9016612567160229,0.5947338123222102,0.6780795641720233,0.6149258695104888,0.5790613630213015,0.5916315835744177,0.6239974142053478,0.6413724140604591,0.5480971987434999,0.5767805553403447,0.6740446813329112,0.593385195579425,0.6197894704492206,0.6359033138255895,0.636702886029983,0.5567232844664215,0.6218380303060963,0.6426088073414791,0.5795846481506738,0.6406841846287397,0.6104207945520213,0.825092797435632,0.5651029847041553,0.5195316043325601,0.5308406458639335,0.5683871370638937,0.6886840285688701,0.6784271691758121,0.6781454503586429,0.5979398273033718,0.5704734894571906,0.6205659166869809,0.7388252528816346,0.7747543577107616,0.6181032482421932,0.6624496939301331,0.5775733044277723,0.7805944664854367,0.6525929761349122,0.0,0.5680926745520435,0.7138061127145382,0.657445658365902,0.6115071750475517,0.7205860130216295,0.6328968088304227,0.6845273940500806,0.5978867922550304,0.5655288133171963,0.5705656011540547,0.5034544144043412,0.5364277621338747,0.5667654495922471,0.5560311821069375,0.5981694615286143,0.6616629353787686,0.5125642514826968,0.798083057948405,0.7988325044349601,0.5794566349756916,0.6177914373311937,0.6493034892666106,0.55010149392989,0.5455087297090426,0.5146115718604715,0.6427115029970407,0.6000043654126457,0.6416866307640394,0.5614803727657445,0.601909270028445
MEX,0.7312021215967869,0.6332096969099466,0.4676279660773921,0.5438428608600244,0.49168999822180975,0.4977365305024114,0.6616909129897459,0.5591198360146693,0.5328844384226364,0.5086702298153166,0.8824484278625673,0.4989331761157259,0.5798561575574992,0.5876045184154244,0.49680872614017707,0.6492538999453873,0.6838782734705564,0.6811672831029915,0.5485206549080053,0.5548488620806289,0.7336626939036806,0.48548182121230604,0.5028013609164447,0.5847922185528185,0.6259896024185874,0.5036208819710188,0.5966932521462218,0.5431208570907371,0.508130455932457,0.5357571523580101,0.6124389136389371,0.7027763175404708,0.5738466872912613,0.4415431576622501,0.556153438344412,0.5588055837806456,0.6236754666859052,0.6844578982544054,0.5809135413702845,0.4784674705207586,0.6061081746164609,0.5098382105775209,0.6890616554896406,0.823048333605951,0.47536111149412225,0.7765404665951223,0.5590215212751322,0.7505678358251601,0.6360785384343155,0.5680926745520435,0.0,0.6340347864058554,0.7191814366382808,0.5886950579704793,0.7471374490841847,0.5313397134435227,0.5918884806213903,0.5780063491079597,0.5945683295724196,0.5501842826804558,0.5793030087027179,0.4855829306589762,0.5220041756386563,0.562399678563544,0.5354051264067613,0.605781347159448,0.5972435785189598,0.6879595780120642,0.840537448410567,0.5432917813082909,0.5212545078976624,0.5489558416338984,0.5072033996413812,0.6167151117760126,0.4879168885057389,0.4993987857431173,0.6124085076521399,0.4997574117012324,0.6120561206152665,0.5811034698502993
MLT,0.7811724024322789,0.7072112186313229,0.681114101477252,0.6066784973524874,0.5536751782039354,0.6095764243548325,0.7086965654930852,0.668633857518913,0.6734299091336899,0.6892714689147011,0.9364280018004053,0.6589481408410643,0.5442431972367386,0.6400436057367593,0.6977571505183099,0.7415644359768764,0.7477104334685807,0.7899372238161027,0.6574166874553145,0.6416079429789528,0.6764054261202954,0.5832729636259769,0.6165255709450779,0.6234295650032742,0.7525977048557326,0.6053730447092752,0.6047251189391041,0.599540856597663,0.5860113125180213,0.5650547836589681,0.6527883476011296,0.6573721677144597,0.6136962209362549,0.5884023683411224,0.6901453997183172,0.7293306337302521,0.5687899937889909,0.6524911743842329,0.62758349432679,0.5939993515796224,0.7109542363829707,0.6348329920494933,0.7977145852721083,0.8707688119654422,0.6171929791687948,0.8003045043504817,0.6481001685926167,0.7320322820227788,0.6394862323234386,0.7138061127145382,0.6340347864058554,0.0,0.8084584935022782,0.6745867498996435,0.8179909913843593,0.5918161923935082,0.6386061854427277,0.6186553877979213,0.677572196274829,0.6957829968212932,0.668638611125524,0.6390527028711133,0.558442078847265,0.6891992237658778,0.6717195147902496,0.6983045244467543,0.6967310547857812,0.6362079995361516,0.7835369982396926,0.6038076662023089,0.5956415530404154,0.629656081352681,0.623587158050468,0.6953568501857275,0.6103988937596944,0.6081701578092086,0.7751286571858309,0.6352972877833342,0.698425661128741,0.7165452544153995
MMR,0.7277484701521177,0.7821715062543576,0.6173839750939732,0.7049231058431312,0.7544723273518023,0.7586360871745799,0.5588435190027292,0.6341301317562554,0.553462109936842,0.7197649260141195,0.897808291553688,0.7250590087569807,0.7970552988294218,0.7358551865121982,0.6683426322037033,0.7334356072598804,0.7232640540760982,0.6797941418445096,0.6854798324012072,0.7196906262111638,0.7768031171710745,0.7439786966299365,0.777139616453994,0.7400641885152525,0.722345216354698,0.7341579533996996,0.7296414586511407,0.7554313245986453,0.7468973137907743,0.7661065373489698,0.7500372670296114,0.8802476078038374,0.7007490914984965,0.6822189977410182,0.6853635412383784,0.6528001793788085,0.7805063122616404,0.7799775622351084,0.8056096323573942,0.7400229265203832,0.7559023280315135,0.7685900770280583,0.744916355242868,0.7740617332392504,0.7603707504883849,0.6696669909603741,0.697487200509264,0.8574499012891154,0.7493723965259957,0.657445658365902,0.7191814366382808,0.8084584935022782,0.0,0.7399154984170283,0.6946646206362898,0.7562539960668108,0.7475589091840054,0.6786318972162271,0.4785883244343322,0.6965018039861367,0.6225130993783654,0.7078917383713486,0.7349784377757433,0.6100294169228162,0.7392182154933427,0.7445913422191737,0.6937314247219124,0.8560294746697783,0.8459260582079194,0.7685194489702762,0.7436913480314188,0.7746897876552321,0.686391489605209,0.6132290042515238,0.6806420475565057,0.7704026147208258,0.6395944852523747,0.7607381361983641,0.5228304902541818,0.7653614771965928
MYS,0.7314736288001932,0.6449226311724208,0.5835498627148361,0.5922589219743942,0.611654083508272,0.6254438678453502,0.6987252308910678,0.6195844622456079,0.5926155970180783,0.5886669580283379,0.8353061509226896,0.5993934301770545,0.6670917477940476,0.6563769648227574,0.6304414800796718,0.6620946699304755,0.674173284147944,0.7118118412843256,0.6076265011912253,0.6206434772020831,0.69241542132464,0.5897033294807471,0.637278267219802,0.6340672521915272,0.6535350132996487,0.6076262384284125,0.6339280645270082,0.6233062261141384,0.6049846992602327,0.600445208433695,0.6782177294154709,0.7077282473745744,0.6220650450851919,0.5853728073379854,0.5572386207691122,0.6154809401047298,0.6474435913030916,0.7003880311595173,0.6612732691055652,0.6133839519065722,0.6168360934177607,0.6631257270683091,0.7138027808243496,0.8383654962896308,0.651048517442848,0.7359105321737168,0.6194262280600428,0.7176892136622286,0.672480115501878,0.6115071750475517,0.5886950579704793,0.6745867498996435,0.7399154984170283,0.0,0.7283677919327896,0.5932641324463789,0.6193533929611107,0.6268414996700545,0.6459731200933284,0.6253260617498441,0.56760137634799,0.5719825897974871,0.6085095344822238,0.6310142611793081,0.5875566038066848,0.6485824760140102,0.620911469978985,0.7231140931772847,0.7832416833244106,0.6114075030417312,0.6488509325528796,0.6617786713110695,0.5756881762872733,0.632022231310076,0.6196427708926818,0.6422697944190899,0.6403020199418522,0.6297454797203692,0.6252163796666208,0.6405386457193034
NGA,0.7830417343613354,0.8237904898947328,0.6858638136846408,0.7092885810195964,0.7526245244016012,0.7517196204652228,0.700828944022601,0.7232248036536344,0.6487239052562469,0.7513690467794192,0.925478692001315,0.7259803945450526,0.7655882414746474,0.7550911965444895,0.7717216893177093,0.7207378551105547,0.7099911792771234,0.7444843830609732,0.6902417729476766,0.6957064915353223,0.7855904005928274,0.7459679572723823,0.7864811858578434,0.7258396799473518,0.8072405758264841,0.7506107374593078,0.7320980636089749,0.7722880344592546,0.7332424156025893,0.7398114240066115,0.7637331428997475,0.824324618854472,0.7195411191545107,0.7071819858895722,0.7338856732920129,0.775360254354618,0.7500958919011512,0.7659783888501362,0.7633694221017759,0.7457327380688019,0.7611942311899241,0.7951736594316974,0.7403741918066982,0.8506886027488905,0.8096143311146587,0.7546890422061331,0.6901818804705687,0.8233786788604454,0.7288566082878731,0.7205860130216295,0.7471374490841847,0.8179909913843593,0.6946646206362898,0.7283677919327896,0.0,0.7253720834289921,0.7352025905964447,0.6797889687795846,0.6968137284297423,0.7238613524889274,0.6337232099028023,0.6984717218585671,0.7402745170168742,0.6709906688721299,0.748934448488503,0.7419807341184678,0.690010929189236,0.8666677165777317,0.8268169377373236,0.77603841676038,0.7560713073344952,0.7891862401548171,0.7406828542242064,0.72737648772153,0.7421549205233124,0.813392306749962,0.7058804504451517,0.7207889389788558,0.703548379739565,0.7742912092542894
NLD,0.750909139801452,0.6116909871949808,0.5494682818996727,0.38969443623124883,0.41053842070837354,0.3800779573971113,0.6433768165890627,0.5546551976197014,0.5741681678500358,0.5568041798958938,0.900772623228223,0.43576034334325314,0.4843950607148227,0.5328335927590795,0.6531886386249834,0.6619047837982374,0.6818985252810789,0.7175924147106436,0.5427973040509048,0.49061275130138904,0.6109613858053558,0.4317130120591026,0.4258696057625206,0.44128717170798504,0.6930583657116436,0.4394963426854648,0.511803364022219,0.45808830684032864,0.3449678255565938,0.33618859878335555,0.5333029556079837,0.6310575876042189,0.48823511773394324,0.4444763053353642,0.6315480938846866,0.6275924114691518,0.4971417202093791,0.5860408783049427,0.44542332724365724,0.4043729909279541,0.6308538493483711,0.5322493319871521,0.6732548331278618,0.8554576803625417,0.565518818511322,0.7962412012913171,0.5246692467532856,0.6342472453730499,0.5438199080638506,0.6328968088304227,0.5313397134435227,0.5918161923935082,0.7562539960668108,0.5932641324463789,0.7253720834289921,0.0,0.4293405249085665,0.43749147991363535,0.620227915597547,0.5737091121361091,0.6235855719021687,0.4521741811987914,0.40573595890595426,0.6115292439205242,0.5415884506881813,0.5570979995032334,0.5720703084051587,0.6222817096347669,0.7483500431638381,0.5201511402288712,0.4311772028018509,0.4824247533990605,0.629972112255854,0.6422847672880593,0.5222829803614188,0.559713677925721,0.6542548354714126,0.39753759262371036,0.6759561083423767,0.5709011745095856
NOR,0.7481843812970137,0.6106016629371239,0.598808835443896,0.4816054916476698,0.5095334902642259,0.5155658749213186,0.6468849196909051,0.5984341572995848,0.6016007184458502,0.6311908443636401,0.8764855434061498,0.5134721019865038,0.575803377121899,0.5844664105563021,0.6750730569080391,0.6842106192719163,0.6775083027049228,0.7196146465133344,0.592076514446736,0.5618548226888931,0.6059624461044878,0.5440398853913682,0.5360926557247419,0.4352864977617257,0.6727891086377742,0.5365477284837717,0.5143902618558347,0.5102677151326188,0.5095958821365075,0.47609469695103307,0.5424597677891967,0.6725934547739378,0.5413467139282384,0.5494335057012225,0.6382027783043445,0.671400667986694,0.5983338360786934,0.5794120511191503,0.5804084790827304,0.509973654811205,0.6432987338183787,0.5931068424982195,0.6822961637800254,0.8628105123870135,0.6146747094568067,0.808521122793689,0.5802130973391704,0.7263029970860905,0.5644622473813027,0.6845273940500806,0.5918884806213903,0.6386061854427277,0.7475589091840054,0.6193533929611107,0.7352025905964447,0.4293405249085665,0.0,0.5115505937426,0.6467970701070944,0.5967980656318235,0.6512219525285332,0.5439354380857738,0.5236263030439848,0.6528589210683836,0.5661190472792839,0.5763757452340492,0.6283167229877199,0.6512028426855428,0.7900882703454614,0.617089255572495,0.5557288557550323,0.5242068498460565,0.6549370847555263,0.6580426403648343,0.587895237994174,0.6372181835888537,0.6907873222149518,0.5130377109757776,0.6728044521789498,0.6327544064898651
NZL,0.7351767702403258,0.6340135760344571,0.5361980248313676,0.42151349132587224,0.43058380924047,0.48035098074243365,0.5910878061563769,0.5277565952174857,0.54134406720001,0.5849077966574491,0.9076524088071392,0.4819828682495327,0.5353377681050654,0.4813774859834598,0.6371075968428348,0.5941936104037878,0.629964909003165,0.6736316867908922,0.5270071029421765,0.5125967014403215,0.647537307652962,0.47015389700181015,0.5161613810280118,0.5118293889800904,0.6759565170099497,0.4785842956417715,0.5119680095313779,0.5087325002837688,0.4387809951713784,0.44961391787181565,0.5625278364577331,0.702476174648251,0.4747128121767738,0.4583877503987609,0.6058505947280154,0.6250627816051922,0.5605930491682384,0.5768619609008295,0.549351545032532,0.47582692190161774,0.6197747000969195,0.5851078539991212,0.6728713937548381,0.8196187457546663,0.61454720092386,0.7140636268271708,0.5053756275052111,0.7002760160183347,0.5223526120536798,0.5978867922550304,0.5780063491079597,0.6186553877979213,0.6786318972162271,0.6268414996700545,0.6797889687795846,0.43749147991363535,0.5115505937426,0.0,0.5646625669478705,0.5350098815233992,0.559985638084266,0.47201360904062717,0.43455790490473956,0.5466347924899908,0.56244063274659,0.6105761669279867,0.548340341343277,0.7034223491227757,0.7833436254497412,0.5430824033953195,0.49189974669253506,0.5143251824262035,0.6231071370780871,0.6067150722362962,0.4974827695706332,0.6388138151950714,0.6443762596651873,0.4844517713520886,0.6071195725420254,0.5781415228199284
PAK,0.6600206190264221,0.7186839783645493,0.48159684039147815,0.5863066487630594,0.5710454847422517,0.6158690450704591,0.5304058857026227,0.5103234150747888,0.43701149188514404,0.5683132260012602,0.8915345041806818,0.6000869922140675,0.6403765206118698,0.6070609828901552,0.559991699784113,0.6515296393366707,0.663401321776684,0.6674033522458629,0.5374621857597865,0.6072702019605963,0.7120531516883742,0.5839084980233614,0.6246257448080454,0.6140722028825859,0.5783278742223318,0.6002701851475153,0.5952005031342437,0.62171855845812,0.6061164226686336,0.6122094711023589,0.6228334073891386,0.784654738247972,0.5511750884163285,0.5392507686514839,0.5958796690933182,0.5555554676979458,0.6982359088636314,0.6983695785072636,0.6943995868977175,0.5921759183402951,0.6428730139332255,0.6332835943969184,0.6794421713963432,0.779352371585279,0.6313950579795093,0.6359523866727366,0.5552347043493445,0.7752898202367726,0.6247197720938672,0.5655288133171963,0.5945683295724196,0.677572196274829,0.4785883244343322,0.6459731200933284,0.6968137284297423,0.620227915597547,0.6467970701070944,0.5646625669478705,0.0,0.6001571214332748,0.5401147650394587,0.5689600979496972,0.574287690426192,0.44710137682722606,0.5572674704858339,0.6451519985012802,0.6072014010447797,0.7659695073092316,0.8026240842488601,0.5600871244384068,0.6082340904320823,0.6258977519959217,0.5521765362001999,0.57110727525951,0.49859182062908963,0.6397445281881804,0.5785339016332406,0.6140555131160417,0.48091343403022,0.650788458815741
PER,0.7375425155001014,0.6484723110636528,0.49296192988371573,0.5106050009794055,0.5800174878515721,0.5586833969199825,0.6282846433981867,0.5603932652841382,0.5594256995057697,0.5573035925698281,0.864585917886905,0.5320518122497336,0.6538137843739888,0.5269058161973524,0.5978745251194639,0.5722138113119082,0.5902516592893619,0.6281013122419922,0.5063697397963656,0.5458615944176294,0.6966015945125601,0.5974323224167807,0.5986143350799794,0.5980855483009379,0.6095221149592362,0.5506259792293092,0.5708158317882228,0.5916475906527727,0.5536596959845298,0.5638486344496402,0.5967339750766747,0.7933044458083827,0.5656822008177534,0.5504893971163723,0.5630043452063931,0.6124107744770672,0.642186963795017,0.6444449352075443,0.6245509428498762,0.5418608394944393,0.5747740034051474,0.6084741038191093,0.6382689177733668,0.8181491493887122,0.6376582564099756,0.7284238087651862,0.5407513470929155,0.7710338365944839,0.6258879265429625,0.5705656011540547,0.5501842826804558,0.6957829968212932,0.6965018039861367,0.6253260617498441,0.7238613524889274,0.5737091121361091,0.5967980656318235,0.5350098815233992,0.6001571214332748,0.0,0.5839542151888291,0.5461701566982291,0.5261414679915701,0.5848952145710955,0.5806216330222805,0.6225912453712776,0.5286256498780045,0.7770947297416249,0.8098131722528532,0.6235168947494558,0.5860930419884111,0.6352565080900856,0.5537590830364778,0.5948222248465507,0.517225492799966,0.6422928201579557,0.6400406891958643,0.5734001203642942,0.594226091596971,0.5745366973560474
PHL,0.7161390476425229,0.7135309282885308,0.5348819639286103,0.603448841361292,0.6186289480986344,0.6302657131123593,0.6091934656691729,0.563717836013879,0.4453558998045387,0.5823198073393179,0.9001735630883406,0.6282208386911545,0.6416973025788696,0.5850636192127612,0.6027685284183638,0.5809360311174075,0.5974665556798485,0.631407300444749,0.5254693581404231,0.5522772082517607,0.7053136070750391,0.6022771996124807,0.6619142119624747,0.6229806645816368,0.6531429851047249,0.610514908683118,0.6147532136975451,0.6392782542677898,0.6183792384643214,0.6450763147656082,0.6477898463630246,0.7285612372301918,0.5618472537127481,0.5274570780492865,0.5342148316601398,0.61233389912809,0.6557907106359019,0.6848374134347662,0.6702813609864645,0.6197021428788039,0.6196076339614118,0.659797142473395,0.7249727726299199,0.8094809125276584,0.6497181720384674,0.6433862407412062,0.5366421774412853,0.798868599105917,0.6336140121298797,0.5034544144043412,0.5793030087027179,0.668638611125524,0.6225130993783654,0.56760137634799,0.6337232099028023,0.6235855719021687,0.6512219525285332,0.559985638084266,0.5401147650394587,0.5839542151888291,0.0,0.5493322678389253,0.5867990320480955,0.5395431486312295,0.6078027367462846,0.6511014618431833,0.523694297198503,0.7565377990470574,0.8023709053085725,0.6134596969297808,0.6482923637323543,0.673994216531195,0.5195611673627082,0.552855947563513,0.5743434491987265,0.6500690296112754,0.6118036357124269,0.658713608021924,0.5200599463938125,0.6391507383295854
POL,0.7564336710912501,0.6264510351386777,0.4995394670359761,0.45019397934749944,0.40139948783557916,0.41695508878666293,0.6281625454043621,0.4401098746269394,0.483037944663887,0.5159720669675223,0.9048107923810804,0.47993681161558316,0.5451714120744243,0.5560492480302212,0.5417665365480725,0.5805045289849452,0.6399030652646799,0.6698712965296284,0.5396284819622278,0.4866654683684516,0.6522857421771899,0.3480207737535575,0.45018831864892245,0.5096886301510174,0.6536561846963037,0.40026208264521906,0.4821134223586109,0.44765499033723555,0.41542675963529213,0.46658404760573197,0.5607573406083421,0.69407370970067,0.4486823936355307,0.36693407231605885,0.5363971762193411,0.5713248672962522,0.569350454086267,0.6411243884998532,0.5827289477749468,0.4003009671841261,0.5850982914908546,0.48731408374992446,0.6782573388291695,0.8014520544458431,0.5361528775015861,0.7248809998885795,0.4337184970645994,0.7086399353571607,0.5185679403222312,0.5364277621338747,0.4855829306589762,0.6390527028711133,0.7078917383713486,0.5719825897974871,0.6984717218585671,0.4521741811987914,0.5439354380857738,0.47201360904062717,0.5689600979496972,0.5461701566982291,0.5493322678389253,0.0,0.4145452250328581,0.48630876726273287,0.49487400884129357,0.5905363584004547,0.5292990532734878,0.7014301532102555,0.8013312194432847,0.4010752315758419,0.39685493712436515,0.4681654825314313,0.5386727186123516,0.5754331223981867,0.4468799499871378,0.5493551463019674,0.5570066594334218,0.5004784186020922,0.6014819497231153,0.5358866173361725
PRT,0.7449500914579748,0.6109959670873708,0.5292550861414276,0.4080044037503524,0.35988941766149674,0.382831527881707,0.5935031209397181,0.4858668361419393,0.533384038023719,0.5447239083860573,0.911427906755146,0.4841275357566372,0.5099634341829321,0.5289613455467254,0.6036133314803981,0.6048793118661273,0.6464970506144501,0.6892662412698969,0.5071843264417616,0.4945041643894667,0.6081330345121375,0.3931838704436146,0.46337675961506825,0.5124347437032984,0.6646854861711301,0.32730650712632764,0.4853114636026682,0.4670557989700461,0.37176515555310297,0.401462210002583,0.5242670945519851,0.6710972583391538,0.4417661265747368,0.43475921287295943,0.5540636451275427,0.5995003652169059,0.517415771741677,0.595450385743389,0.5381010762889223,0.3746200443008423,0.5943343183438179,0.5064595604693584,0.7066671941937979,0.8286226412359844,0.5520294861198624,0.7557724877818269,0.487200525081621,0.6809895902059753,0.49259385783799053,0.5667654495922471,0.5220041756386563,0.558442078847265,0.7349784377757433,0.6085095344822238,0.7402745170168742,0.40573595890595426,0.5236263030439848,0.43455790490473956,0.574287690426192,0.5261414679915701,0.5867990320480955,0.4145452250328581,0.0,0.5548129917186354,0.5511154413682028,0.5358669690439729,0.5196657779897658,0.6807182196155496,0.7714703652389856,0.43530892982833347,0.3844514065307519,0.5053995338066608,0.5520950687766932,0.5911639217203616,0.41446150251950753,0.5661475091088586,0.6607991518723643,0.4957490017568485,0.6041184741287153,0.5730199687224133
ROU,0.7066881659591254,0.6971684294718472,0.4886093290201762,0.5515495161623248,0.5430178216071473,0.584591360692231,0.5938062128507533,0.47835211948144796,0.46211791073064856,0.5885936347826498,0.9141428082762288,0.6071144313260775,0.6406848681364061,0.6009490206681454,0.5255234308911942,0.6304253494044537,0.6435229964737186,0.6289570156269706,0.5575254404100257,0.6123847113886797,0.711731849679617,0.5008158868858114,0.6156782603430808,0.6396550140468187,0.6010252378559531,0.549352091700416,0.5683083753959148,0.6006483711540882,0.5801434175761774,0.6096844656688832,0.6387535336885815,0.8022731845449865,0.5395435554876543,0.5256452735790723,0.5899598514889468,0.5643535947467159,0.6637940551184002,0.7028385747869131,0.695366011279883,0.5554983704963715,0.6186227056321469,0.6101865747435541,0.7039901330071635,0.7414295348346578,0.613430522502224,0.6594086040424706,0.5151137113806004,0.7890320649644331,0.5702715114681526,0.5560311821069375,0.562399678563544,0.6891992237658778,0.6100294169228162,0.6310142611793081,0.6709906688721299,0.6115292439205242,0.6528589210683836,0.5466347924899908,0.44710137682722606,0.5848952145710955,0.5395431486312295,0.48630876726273287,0.5548129917186354,0.0,0.5389335856896695,0.6589344749763227,0.5566064479585082,0.775847678336511,0.8172306035165735,0.49809471892558366,0.5571501583685429,0.6212075055433078,0.5639234841232302,0.5815072432558682,0.4700096426528431,0.6354568042199177,0.5432987623707632,0.6318472833551149,0.5299719071687596,0.621875644070381
RUS,0.6940396335726028,0.5755823971030029,0.516280725912817,0.5321077796349969,0.5090225280166601,0.5369048992588569,0.6573997828642604,0.5158468463019014,0.5624736729339959,0.5375851214281785,0.8511379027182354,0.528840756310455,0.6211527786526178,0.5903099705145115,0.5826642798161507,0.6494501363259971,0.6777896609746822,0.6925797952317851,0.5835360754127061,0.6081280067631939,0.7169832424003377,0.5203043325746266,0.5549062795713798,0.5877097636053474,0.5831864003071454,0.5376721441662103,0.5717867817106819,0.5724899972698951,0.539869045892626,0.5441969759271247,0.606857116450462,0.7639154541665741,0.5229928829511263,0.5022954672840717,0.5845069674118274,0.5679846765638684,0.6833059145423577,0.6628394147134524,0.6333227196038044,0.5292422129404408,0.5801203704109439,0.5772474055655644,0.6275824450050762,0.8175412171969215,0.6075317349910772,0.7352026464614926,0.5289036143904954,0.7418014066496965,0.5922608887793404,0.5981694615286143,0.5354051264067613,0.6717195147902496,0.7392182154933427,0.5875566038066848,0.748934448488503,0.5415884506881813,0.5661190472792839,0.56244063274659,0.5572674704858339,0.5806216330222805,0.6078027367462846,0.49487400884129357,0.5511154413682028,0.5389335856896695,0.0,0.6250342467751815,0.5992018652699381,0.7197568185202791,0.8022466697328006,0.4905192171620767,0.5725799110081387,0.5706017831148437,0.5771105012058436,0.6288621829485829,0.5068280848567978,0.5990769001701227,0.5916171120864109,0.562074107700158,0.6244327566297517,0.5806010662631402
SAU,0.7383213758635532,0.657521914523039,0.5811668190040079,0.5479775801116958,0.5923808824661148,0.567903385679456,0.6740148866978524,0.6167946954168279,0.6514210514148605,0.6051230522247436,0.8749319032160606,0.6133158245793638,0.635888661450013,0.6764555910689863,0.68826389382654,0.7186502953380862,0.7068516256850953,0.7235910886282939,0.5798494228236839,0.5709205431422643,0.6934537390117341,0.6131696662087961,0.6343762459549834,0.6129522036607928,0.67029740693224,0.5288287394928786,0.6109761553448995,0.6145517880131377,0.5904126026798564,0.5737473929332998,0.6350405524623712,0.6850237241329306,0.5811760124582812,0.6079252492534926,0.6376676056154501,0.6526199243595662,0.6634910493638885,0.6771682605840389,0.6388459804675292,0.5727982158542416,0.6439436068744407,0.6338592070813839,0.6521975648574214,0.8550517363706536,0.6768786447283901,0.7793217554439932,0.6236384983899416,0.7709018557536222,0.6488045658001794,0.6616629353787686,0.605781347159448,0.6983045244467543,0.7445913422191737,0.6485824760140102,0.7419807341184678,0.5570979995032334,0.5763757452340492,0.6105761669279867,0.6451519985012802,0.6225912453712776,0.6511014618431833,0.5905363584004547,0.5358669690439729,0.6589344749763227,0.6250342467751815,0.0,0.6323734097847511,0.758909699288422,0.7873844556112872,0.636567390169445,0.5950010514739941,0.6718031165511534,0.6539836384687874,0.6687643455549288,0.601233508193491,0.6576777485069674,0.6852138114555385,0.6121124553848942,0.6500956827194186,0.6418194672308543
SEN,0.7622877068127174,0.7233658099760135,0.5212490004450719,0.5594719922709858,0.5915520763205617,0.5464116120672338,0.6080533073193334,0.5526007306998977,0.5293157947833386,0.6118595882663193,0.9169009590756875,0.5981897862325203,0.6548692240039756,0.5547297582529839,0.6322613154484561,0.5733309945954309,0.5676254656727141,0.6334462698370926,0.520899638215937,0.5163737407344741,0.6760971732014744,0.5693929702040508,0.6254884035603214,0.607906266793411,0.6525669398524493,0.5346065673998964,0.5665480916067106,0.6011508164338251,0.5568890658771133,0.6028246047204184,0.5751014109517976,0.7863648871494969,0.5446722845227498,0.535801043817084,0.584199021860117,0.6168542599760858,0.6436389405847485,0.6495804225121419,0.6315628349994156,0.5632059252249906,0.5774299190578476,0.6374267770512382,0.7152742763389273,0.7911966935482944,0.6410124384680651,0.725053522377071,0.5298867460724999,0.7860730232080501,0.5717035897078973,0.5125642514826968,0.5972435785189598,0.6967310547857812,0.6937314247219124,0.620911469978985,0.690010929189236,0.5720703084051587,0.6283167229877199,0.548340341343277,0.6072014010447797,0.5286256498780045,0.523694297198503,0.5292990532734878,0.5196657779897658,0.5566064479585082,0.5992018652699381,0.6323734097847511,0.0,0.7756922740113115,0.7993050351082014,0.6011791793364664,0.5987556707160145,0.6525720330066437,0.6006235623389844,0.5572087168725022,0.5533227464517225,0.6676662572926654,0.627256381133405,0.6203765228404313,0.5803699631455094,0.6083252935212059
SGP,0.851254362578862,0.6689996507387563,0.7553383809633137,0.6803467635814033,0.6726004916275453,0.6339346050034276,0.7839792007635676,0.7366440146036743,0.739661064048195,0.6880128408375036,0.8627145671332458,0.7074672387980537,0.606543922016353,0.7210757744401575,0.734965060733423,0.7956337787181569,0.824269145076124,0.87206808229805,0.760085260800537,0.7119575457525048,0.7154768618748555,0.681173675134904,0.6592930550923966,0.6523527877754843,0.7486282682161786,0.6786805056298477,0.7295857764074589,0.6402251204980072,0.6565584246909133,0.6455320609198888,0.6777605015246049,0.6446361015799216,0.6924944216300629,0.6654390413859583,0.744675623813855,0.7443038981387862,0.6335956328887687,0.7389195152658528,0.6363634501549538,0.667362565760234,0.7775982399861172,0.6861938349445413,0.8358905899758542,0.9175519142737436,0.6344334301735187,0.8852917624423288,0.7193260418529189,0.7649510114573417,0.7397425443154286,0.798083057948405,0.6879595780120642,0.6362079995361516,0.8560294746697783,0.7231140931772847,0.8666677165777317,0.6222817096347669,0.6512028426855428,0.7034223491227757,0.7659695073092316,0.7770947297416249,0.7565377990470574,0.7014301532102555,0.6807182196155496,0.775847678336511,0.7197568185202791,0.758909699288422,0.7756922740113115,0.0,0.8501632194392026,0.7232779879119955,0.7053200108913633,0.6829915225997252,0.7138494325458912,0.7911649112015817,0.7131817659786069,0.6020943673582939,0.7932764074976856,0.6750194441752755,0.795767644778108,0.7590020639152915
STP,0.8639888252258606,0.8493182314316532,0.7934656313571877,0.7378614181350087,0.7743433671938437,0.7817851545551939,0.7780113747093367,0.7773590509789927,0.8040776301464375,0.8147820374376961,0.9364015054102265,0.7836957166214092,0.7978092569168864,0.8157424653876739,0.8574575436102333,0.8367599819839565,0.8130925312674776,0.8236593527021735,0.7844452317852029,0.7589662682898624,0.7311332635101213,0.7948279994471251,0.7951667690063139,0.7884368241429384,0.8559614955377332,0.7893381990904621,0.7641531451590486,0.8044554321076407,0.7521082922379032,0.7300806090294724,0.7838356932989461,0.774742306834252,0.765579913849504,0.7737135310504534,0.8344722365827745,0.8016396246917652,0.7661849511961383,0.7550416785163933,0.7937835045630999,0.7840999058517967,0.8029634245465364,0.8059695094121688,0.8179456691615308,0.8742003000648012,0.8464446759479753,0.8112929032757763,0.7684418398842181,0.7074875784159621,0.7552742553412978,0.7988325044349601,0.840537448410567,0.7835369982396926,0.8459260582079194,0.7832416833244106,0.8268169377373236,0.7483500431638381,0.7900882703454614,0.7833436254497412,0.8026240842488601,0.8098131722528532,0.8023709053085725,0.8013312194432847,0.7714703652389856,0.8172306035165735,0.8022466697328006,0.7873844556112872,0.7993050351082014,0.8501632194392026,0.0,0.7811946506135554,0.7834981668603458,0.8199159015611136,0.8090199450626905,0.7595298812156559,0.7839939905537882,0.8408139903541971,0.8157629884445905,0.772871431142652,0.8289775145927212,0.7987625045763557
SVK,0.7476265749429793,0.6581824960782947,0.5604081098838185,0.5176234085898512,0.4164444246697289,0.48196171112193353,0.6710375200265978,0.49008805680500367,0.5588438814511653,0.5535381393304365,0.9182227184782834,0.5441825511366061,0.5639400941415244,0.5935792632444785,0.5784024181353663,0.6546866154732668,0.7160889438244067,0.7203035889850866,0.5968827354373442,0.5906307977494588,0.6864467683091174,0.3759412706011264,0.48460359082147847,0.5992192158960908,0.6561004253165849,0.4344251931844373,0.5247013198974237,0.5194135004125136,0.4638703300460517,0.498067819806755,0.6228071377533874,0.7177245208686005,0.49008211945513813,0.45208182124149215,0.6078584200829524,0.6046654165595005,0.6116578125938271,0.6617994352995641,0.648156712342848,0.45618300259585165,0.635368133181648,0.5148542552193636,0.727026268031038,0.7995807002589523,0.5652872558424065,0.7451422963267235,0.48570418233259305,0.7168954176844011,0.5185753163484095,0.5794566349756916,0.5432917813082909,0.6038076662023089,0.7685194489702762,0.6114075030417312,0.77603841676038,0.5201511402288712,0.617089255572495,0.5430824033953195,0.5600871244384068,0.6235168947494558,0.6134596969297808,0.4010752315758419,0.43530892982833347,0.49809471892558366,0.4905192171620767,0.636567390169445,0.6011791793364664,0.7232779879119955,0.7811946506135554,0.0,0.43583445926810455,0.515361431464706,0.5670366743274604,0.6384453550401131,0.4463685383821969,0.568906428281398,0.6143870756717075,0.5704576994739442,0.6331527822357591,0.5858766398906423
SVN,0.7770999359015868,0.6484545751048602,0.5426101714202675,0.4499936795470837,0.3891303102290552,0.41752626215902766,0.6189872882820444,0.5064778438409128,0.5645763267334567,0.5783895483554508,0.9321509744418973,0.49567079565636507,0.5124840929957893,0.5854061630685575,0.578717761274534,0.6547076334991608,0.7027687902755821,0.7077544517244302,0.5709795108736819,0.5470744001460444,0.6505485988694463,0.3564347619379888,0.43251913016409943,0.5250063664932805,0.6929970896321022,0.3760215160417727,0.48646535160115084,0.4720661632388728,0.39047586896765274,0.4195781442619566,0.5619612157195712,0.7000249835557362,0.4617500679048659,0.4377804419767557,0.6058890783297025,0.6172453638087227,0.5349364025564918,0.6216626835677835,0.5664948212743321,0.35522652684901934,0.6349179598107632,0.49935649361913215,0.7255732630546472,0.8294961469485671,0.5434767891616806,0.7831945550926371,0.5098948330575224,0.678066044869545,0.5156572041500093,0.6177914373311937,0.5212545078976624,0.5956415530404154,0.7436913480314188,0.6488509325528796,0.7560713073344952,0.4311772028018509,0.5557288557550323,0.49189974669253506,0.6082340904320823,0.5860930419884111,0.6482923637323543,0.39685493712436515,0.3844514065307519,0.5571501583685429,0.5725799110081387,0.5950010514739941,0.5987556707160145,0.7053200108913633,0.7834981668603458,0.43583445926810455,0.0,0.48410799295680235,0.6062470466930723,0.5943140646268716,0.4447771273388754,0.5632821629218352,0.6525197567639935,0.4981593615631682,0.6468426644499329,0.6038052986517932
SWE,0.8058117483483639,0.6741445072079142,0.5935207250286156,0.5074359332621018,0.38503807527503864,0.45658597375372817,0.6982642808242241,0.5730706259516798,0.6114275340380954,0.5889509222382492,0.9293979302738924,0.44207908871631435,0.5252894465792824,0.5607624016927969,0.601481346591031,0.6575257821270403,0.7237445698127464,0.7439414574854253,0.6297109045011753,0.602944541481332,0.7021959006605308,0.4207001549444015,0.40634010027080153,0.5011507939585936,0.7206968620061878,0.5091331951694263,0.5141268103406752,0.4091155277216692,0.444700817930351,0.4804106756472358,0.5771199747227184,0.7117937818346917,0.5660856162192541,0.44149446554490857,0.6566835164777521,0.6546353975649225,0.6203487739717348,0.6681857232682897,0.5496799185939382,0.44656377535580394,0.6796084015711222,0.47289277455883977,0.7371221086699395,0.831129391716212,0.5175251937481885,0.8178144095574318,0.578672345216269,0.7042018262534719,0.5567899364872779,0.6493034892666106,0.5489558416338984,0.629656081352681,0.7746897876552321,0.6617786713110695,0.7891862401548171,0.4824247533990605,0.5242068498460565,0.5143251824262035,0.6258977519959217,0.6352565080900856,0.673994216531195,0.4681654825314313,0.5053995338066608,0.6212075055433078,0.5706017831148437,0.6718031165511534,0.6525720330066437,0.6829915225997252,0.8199159015611136,0.515361431464706,0.48410799295680235,0.0,0.6430737524554997,0.6634208428036082,0.5441961532630252,0.5569149234938957,0.6618227337467554,0.46022766186540714,0.7146727251218411,0.5930513316038183
THA,0.7422361562966142,0.6895886681912121,0.5214462742041794,0.6257985346374053,0.5772825324957164,0.606975806459191,0.6398079422971693,0.5727312997852018,0.4803189523634388,0.5356052287976497,0.8902963742834272,0.5977606311077687,0.6418441317532475,0.6164974250393087,0.49473363354591227,0.6267703085745537,0.6341508474742984,0.6820178048260781,0.5437579310051021,0.565635834622843,0.7143446413364796,0.57580424913832,0.6042000082631076,0.6164619894107211,0.6058725653644208,0.5525740039082752,0.6172179830920518,0.6088891664021454,0.5871488317637507,0.6236040282479082,0.6312302550477498,0.7519668445574224,0.5726498170414307,0.5204994932892919,0.4684743353925232,0.5793940067118116,0.6462861168804318,0.6989134050954711,0.6592712932583454,0.559042795293498,0.6041747095790296,0.5454942633826521,0.7528718873721376,0.8240716489591283,0.5212712007332063,0.7272621651026269,0.5684603450086464,0.7883750668488908,0.6830657445771476,0.55010149392989,0.5072033996413812,0.623587158050468,0.686391489605209,0.5756881762872733,0.7406828542242064,0.629972112255854,0.6549370847555263,0.6231071370780871,0.5521765362001999,0.5537590830364778,0.5195611673627082,0.5386727186123516,0.5520950687766932,0.5639234841232302,0.5771105012058436,0.6539836384687874,0.6006235623389844,0.7138494325458912,0.8090199450626905,0.5670366743274604,0.6062470466930723,0.6430737524554997,0.0,0.5692726257075522,0.5101294623132083,0.5143601888831756,0.6343074526415456,0.6253033519545327,0.5195233879008562,0.6409144190061824
TUN,0.7297582691324159,0.7058400299521305,0.5430465143993114,0.6001294295858993,0.6178400830381746,0.6220733809380915,0.560482484774406,0.5596440368363462,0.5240716409402714,0.6098577830576237,0.9018963627398994,0.6159526322155439,0.6759499329978319,0.6498970853615618,0.5744193481661565,0.6299416735922868,0.5849002148107698,0.6255146207742226,0.5945624673953794,0.5890591493979274,0.6862419690988071,0.6167137242062266,0.6396391823325163,0.627991197563685,0.6506749582014337,0.5932775139771755,0.6030056938313557,0.6284423122510737,0.6108834858112479,0.6370649966696414,0.6296977954285264,0.7935625563376029,0.5870488543098064,0.5607407372913297,0.5719976977525505,0.5950662877337142,0.691667903452434,0.6849085777461011,0.6909329225848715,0.5820242626941164,0.6278184675349227,0.6466219663365523,0.7030874019127537,0.77135870994665,0.6344542626788006,0.6771480618266107,0.5938322596598625,0.7844947716202885,0.6448987122618558,0.5455087297090426,0.6167151117760126,0.6953568501857275,0.6132290042515238,0.632022231310076,0.72737648772153,0.6422847672880593,0.6580426403648343,0.6067150722362962,0.57110727525951,0.5948222248465507,0.552855947563513,0.5754331223981867,0.5911639217203616,0.5815072432558682,0.6288621829485829,0.6687643455549288,0.5572087168725022,0.7911649112015817,0.7595298812156559,0.6384453550401131,0.5943140646268716,0.6634208428036082,0.5692726257075522,0.0,0.5360536154243344,0.6643089250371248,0.615941091931018,0.6433095983762729,0.5530966631123939,0.640398182952612
TUR,0.7260370218332843,0.6325784818613754,0.46116276638625203,0.4765774899852328,0.4353126574879099,0.4732262810995669,0.5554591306243628,0.44967147146179576,0.4815885783244551,0.5104686706604943,0.8984113784446802,0.5125350349102545,0.573116708151519,0.5649066033581757,0.49676492398000505,0.6135447592969357,0.6302538243110616,0.6415616319754462,0.5014701368574012,0.52621013241227,0.6473135411716054,0.4353252131135113,0.5116961962570977,0.5554889463780013,0.5564137773797757,0.4125987027209642,0.5232064194902846,0.5152697107085459,0.4672913159412318,0.4957212511998196,0.5489882803332287,0.7535983525228668,0.48987390206694886,0.4671931231272651,0.528427597023264,0.5208799906327513,0.6110668625574813,0.6183998301908106,0.6078103275325902,0.42159330807007894,0.5779416167847055,0.5153981138458322,0.6959368898912628,0.7724601052252776,0.5245047438175714,0.7262087905521447,0.49710582455179664,0.711845760458168,0.5277424118833101,0.5146115718604715,0.4879168885057389,0.6103988937596944,0.6806420475565057,0.6196427708926818,0.7421549205233124,0.5222829803614188,0.587895237994174,0.4974827695706332,0.49859182062908963,0.517225492799966,0.5743434491987265,0.4468799499871378,0.41446150251950753,0.4700096426528431,0.5068280848567978,0.601233508193491,0.5533227464517225,0.7131817659786069,0.7839939905537882,0.4463685383821969,0.4447771273388754,0.5441961532630252,0.5101294623132083,0.5360536154243344,0.0,0.5539748049011651,0.5860816124184676,0.5494676690994691,0.5545777225015656,0.5543641820027784
TWN,0.8084323068815383,0.6841466907012865,0.5797007054498219,0.6190351025509665,0.5364473192976238,0.5407591236811592,0.6953376695055616,0.6120339100790263,0.5926673070536054,0.561808248168116,0.92149825993066,0.5643656604896264,0.5823705825351854,0.6403704067123779,0.4888806267268138,0.701249771674982,0.7613104052557106,0.7697095591032725,0.6201375203332012,0.6143566780410338,0.7394212100846774,0.5278753779172269,0.5063699013038669,0.6068220689825881,0.6728860694362464,0.5545707532551041,0.6454058236310338,0.5034207168746855,0.5552598147314635,0.5844326075692783,0.6239289819225003,0.6874031881473337,0.6178176675759615,0.5009496863087288,0.5935182474892546,0.6118475255544626,0.6405496183387497,0.705440302960051,0.5755020934041968,0.5163910327394067,0.6634012275180908,0.4633870526105501,0.7763228803090988,0.8009153155117071,0.3629783362187884,0.8209815826423157,0.6324356903437424,0.7257556801767236,0.7032433581513295,0.6427115029970407,0.4993987857431173,0.6081701578092086,0.7704026147208258,0.6422697944190899,0.813392306749962,0.559713677925721,0.6372181835888537,0.6388138151950714,0.6397445281881804,0.6422928201579557,0.6500690296112754,0.5493551463019674,0.5661475091088586,0.6354568042199177,0.5990769001701227,0.6576777485069674,0.6676662572926654,0.6020943673582939,0.8408139903541971,0.568906428281398,0.5632821629218352,0.5569149234938957,0.5143601888831756,0.6643089250371248,0.5539748049011651,0.0,0.6381383999770894,0.5478001870907863,0.6604156762032842,0.6234469690385662
UKR,0.7607898679571297,0.7377416114318017,0.539432626152155,0.6280636360054132,0.6410801152570208,0.6400552708483982,0.6578050725277941,0.5683930336931889,0.5445777249396948,0.6339580271906772,0.9064177602066904,0.6246670329190323,0.7052723750671402,0.6749596516806138,0.5885243514633572,0.6698833726641005,0.6930298530108129,0.6452432656109938,0.6523254970346521,0.6423770226822112,0.744371031571281,0.6067387000248629,0.6605968229212477,0.6699010109906836,0.6569668327632633,0.6398924460798586,0.6563114643476099,0.6367764486680273,0.6345702714925672,0.6746719828065689,0.6848381844148883,0.8055876419725879,0.6400244964118793,0.5926307257646647,0.6311475069161002,0.6161897511429928,0.7250288148944608,0.7430352296236805,0.7081606103619652,0.6329377299434052,0.648671775302927,0.6395628493566837,0.6828687503508544,0.6858202171764907,0.658053057759226,0.7228774850309757,0.6110686425127375,0.7950608002470929,0.6512402668421895,0.6000043654126457,0.6124085076521399,0.7751286571858309,0.6395944852523747,0.6403020199418522,0.7058804504451517,0.6542548354714126,0.6907873222149518,0.6443762596651873,0.5785339016332406,0.6400406891958643,0.6118036357124269,0.5570066594334218,0.6607991518723643,0.5432987623707632,0.5916171120864109,0.6852138114555385,0.627256381133405,0.7932764074976856,0.8157629884445905,0.6143870756717075,0.6525197567639935,0.6618227337467554,0.6343074526415456,0.615941091931018,0.5860816124184676,0.6381383999770894,0.0,0.6612355030096937,0.6256893257938848,0.648343210721898
USA,0.7599572526868595,0.6548816608899162,0.529543805408204,0.45759844853407794,0.4236746875874879,0.4428156819531583,0.6784962731068676,0.602394958189571,0.5994328968512865,0.5451962256778883,0.8908052183405305,0.3790512350653308,0.5218911514228115,0.5604913820353713,0.6106169956216502,0.6668078188171487,0.6870895756009486,0.7310072285728677,0.5397176077057576,0.5542370329115219,0.7016800239987507,0.47764008654295975,0.40732544469666615,0.48723953632776373,0.6975013418669279,0.520493954485957,0.5628417371150828,0.4776022162860105,0.40462964910595517,0.3944222352209437,0.5498630317076496,0.6726030221072404,0.5588449197700468,0.4371735421219036,0.6376187136931942,0.6288941328888561,0.5733236391139312,0.6174393470611452,0.45856074660608875,0.4474786646822046,0.6398156432431691,0.5043057327978316,0.6742310729864268,0.8560289077321883,0.527976435931096,0.8040381820374367,0.5724089236414921,0.6514774705786165,0.6154301298261156,0.6416866307640394,0.4997574117012324,0.6352972877833342,0.7607381361983641,0.6297454797203692,0.7207889389788558,0.39753759262371036,0.5130377109757776,0.4844517713520886,0.6140555131160417,0.5734001203642942,0.658713608021924,0.5004784186020922,0.4957490017568485,0.6318472833551149,0.562074107700158,0.6121124553848942,0.6203765228404313,0.6750194441752755,0.772871431142652,0.5704576994739442,0.4981593615631682,0.46022766186540714,0.6253033519545327,0.6433095983762729,0.5494676690994691,0.5478001870907863,0.6612355030096937,0.0,0.686350664203312,0.5487961276013287
VNM,0.6930463100356125,0.7102344882793105,0.5134173863753663,0.6402210440104035,0.6577645249755946,0.6704104204321581,0.49869429829925727,0.5812274135256209,0.4828074901079983,0.6127997680306443,0.8672500030888641,0.6530981228713839,0.7077037901251939,0.6477932144722917,0.5529410153093951,0.6384799429357675,0.6389270410678828,0.6715783220515488,0.5462456170434932,0.6050711948257399,0.71929917121379,0.633892196949527,0.7037704981320916,0.6643601583748832,0.6144377017804005,0.6275771184142989,0.623451581155584,0.6744191471094982,0.6643474364335715,0.6737782012970424,0.6612418069936477,0.8212494843869023,0.5885474566481194,0.6093441452993471,0.5441701779437425,0.5853566569276346,0.7003933186239828,0.700400993092774,0.7356194958850834,0.6298516720717962,0.6292872277342657,0.6741925400559533,0.7049933397960081,0.7709920011908596,0.6598721487156632,0.6270240171248739,0.5826676072720494,0.8183967113991596,0.6752387244216822,0.5614803727657445,0.6120561206152665,0.698425661128741,0.5228304902541818,0.6252163796666208,0.703548379739565,0.6759561083423767,0.6728044521789498,0.6071195725420254,0.48091343403022,0.594226091596971,0.5200599463938125,0.6014819497231153,0.6041184741287153,0.5299719071687596,0.6244327566297517,0.6500956827194186,0.5803699631455094,0.795767644778108,0.8289775145927212,0.6331527822357591,0.6468426644499329,0.7146727251218411,0.5195233879008562,0.5530966631123939,0.5545777225015656,0.6604156762032842,0.6256893257938848,0.686350664203312,0.0,0.6904246662813271
ZAF,0.7701185719061424,0.6684163743892679,0.5617484870258657,0.5416615595888166,0.5636858755353282,0.5665421407546941,0.7216189404088789,0.5899831341283089,0.6243550462491378,0.5612307956636164,0.8610267973827738,0.5418567019652989,0.6639780835903993,0.5948194483967907,0.5979392261324821,0.6614941948976235,0.6834140038633973,0.7165209532693345,0.5780673283999213,0.6046725350713039,0.7483804899014966,0.5568943457656248,0.5716041397443464,0.6209021756098643,0.6712548485885499,0.5781217210466796,0.6417385984043114,0.5851357315286724,0.5596934995538972,0.583089848878759,0.6312239280099118,0.7728601563945201,0.6005808613136343,0.5348115637919554,0.6238031964622935,0.6104645425510372,0.6900902550734167,0.6923577134330187,0.6268176714045015,0.5642318286712632,0.6251754012374388,0.6025655020630971,0.6811984300242772,0.83390719764539,0.6264494792165608,0.7690587595736879,0.5914405517390536,0.7589280148006671,0.672097904424169,0.601909270028445,0.5811034698502993,0.7165452544153995,0.7653614771965928,0.6405386457193034,0.7742912092542894,0.5709011745095856,0.6327544064898651,0.5781415228199284,0.650788458815741,0.5745366973560474,0.6391507383295854,0.5358866173361725,0.5730199687224133,0.621875644070381,0.5806010662631402,0.6418194672308543,0.6083252935212059,0.7590020639152915,0.7987625045763557,0.5858766398906423,0.6038052986517932,0.5930513316038183,0.6409144190061824,0.640398182952612,0.5543641820027784,0.6234469690385662,0.648343210721898,0.5487961276013287,0.6904246662813271,0.0
