,AGO,ARE,ARG,AUS,AUT,BEL,BGD,BGR,BLR,BRA,BRN,CAN,CHE,CHL,CHN,CIV,CMR,COD,COL,CRI,CYP,CZE,DEU,DNK,EGY,ESP,EST,FIN,FRA,GBR,GRC,HKG,HRV,HUN,IDN,IND,IRL,ISL,ISR,ITA,JOR,JPN,KAZ,KHM,KOR,LAO,LTU,LUX,LVA,MAR,MEX,MLT,MMR,MYS,NGA,NLD,NOR,NZL,PAK,PER,PHL,POL,PRT,ROU,RUS,SAU,SEN,SGP,STP,SVK,SVN,SWE,THA,TUN,TUR,TWN,UKR,USA,VNM,ZAF
AGO,0.0,0.6396594755303849,0.6997165629343658,0.7247019185023209,0.730646902734135,0.7654158289369801,0.730168353177725,0.7377638875418893,0.7105960296469825,0.7041083711832047,0.873869088848847,0.7095476232708426,0.7515823341215492,0.7573759081469198,0.7680897503482835,0.7804047981889435,0.7388497134676977,0.8147513533491839,0.7148084545803332,0.7282152071042307,0.7907666484033953,0.7506652797997954,0.76823238149105,0.7429118456611584,0.7682174492376067,0.730874253993765,0.7436766598595298,0.7681656700644683,0.7279318510081034,0.7243310867292113,0.7366298194770114,0.8106349535050793,0.7114387035810553,0.7290825884115453,0.7012723772133677,0.739681541858422,0.7767883214653172,0.7793863669461273,0.7739404259013903,0.7523903452910902,0.7606650977285115,0.7872664474200659,0.7027870027891657,0.8097448591315081,0.802914722934074,0.6915301662274467,0.7623632321673417,0.840576480911208,0.7485905749812766,0.7236930035268699,0.7378674084945844,0.7868611082931367,0.7171073112504355,0.7258622562505976,0.7728823449620319,0.737867485057716,0.7260999434357098,0.6981096967742891,0.6511547297233685,0.7229752466691662,0.7234424119381758,0.7441399258072104,0.7076875792792451,0.7135422723825454,0.7059175901180036,0.7200731535841038,0.7379165382563687,0.8142859767338411,0.8655572381610624,0.7465329161058016,0.7681876293683964,0.7678528450680011,0.730020562770963,0.7104934234629552,0.6972547565884876,0.801105306773313,0.7431238539584443,0.7445642130270038,0.722981274814873,0.7472932919390691
ARE,0.6396594755303849,0.0,0.682697568975251,0.6267521829889382,0.6525492268607734,0.5942720418342715,0.7695292613513779,0.6548939563641957,0.6923247343497756,0.6221519368752909,0.7148760302409649,0.6177968880972738,0.6784401606370737,0.7049352677496915,0.7294455482442478,0.7368785519694878,0.7327310337577086,0.8120230742554564,0.6607696807407737,0.67883955545922,0.7325374778576287,0.6633299828605524,0.6623537445835418,0.6695074442518301,0.7630972168774415,0.6351002727970295,0.6842388317669912,0.6335203810340683,0.6300066758615757,0.6190862198535328,0.6690941369934784,0.7378656172923111,0.6521276735947871,0.6411983373640257,0.6812804448190651,0.7143073875487734,0.7176430005422236,0.736417454384055,0.6368629567369861,0.6362165823966404,0.6942680872743405,0.6890589911178098,0.712659620916651,0.8866689639136073,0.7129847853284347,0.7950306597460408,0.695630398979176,0.7905689474501164,0.7125919966482928,0.7454752031999021,0.6433666073196244,0.7178487641684019,0.8036624408173211,0.6655294321713338,0.803639851530808,0.6210850948646596,0.6192207305731918,0.6562131864963209,0.7253344434934305,0.6735221470028271,0.744342526794988,0.6388558153827572,0.6201757879119855,0.6820916692615346,0.6066021114109446,0.6800270596712243,0.7230404641786102,0.651057579978294,0.8442540898073513,0.6737803922497261,0.6765819544022987,0.6763602390761312,0.6962207188259378,0.7318697387088117,0.6690976895841585,0.6780954653573523,0.7512027136876563,0.653380130867994,0.7283083510578842,0.6644683824952108
ARG,0.6997165629343658,0.682697568975251,0.0,0.5668804561663744,0.5309756412177187,0.5218870293711227,0.6103953875363803,0.5286239870704194,0.4747226690981989,0.3914316947696052,0.9213274395993053,0.5180495226414197,0.5859085103436885,0.5729322231692869,0.5074942652347441,0.6192630443101217,0.6094161786022193,0.6286037612506675,0.4654220411243792,0.5424524884353114,0.6854652281191977,0.5460916841236848,0.5481392177622993,0.5831814156654869,0.5668354101542229,0.47890349693201295,0.5888251502149829,0.5745585629773758,0.5494792904696109,0.551331565340148,0.6073343710247694,0.7604433326479942,0.5161092478451584,0.45463429723198384,0.5238665766230428,0.5163716064299548,0.6085949182369708,0.6647609356549823,0.5467128990715994,0.4940569025164257,0.5770035462321794,0.5291830570607412,0.658174415823247,0.7737855731871165,0.5521782292826233,0.7077350131028202,0.5704112267761552,0.7707061034835918,0.6420958934824853,0.5311054631360017,0.46568110950148267,0.6949285146486863,0.6640533739443343,0.5161387281637224,0.6832429772070587,0.5181992235126107,0.6200424488134411,0.5230152970242089,0.493425415468786,0.4545344767363291,0.5563849696034443,0.49652823691330883,0.49216349617108585,0.5248143336199924,0.5190649171560973,0.6052579906595771,0.5275965777692941,0.7180154415083114,0.8134521290243405,0.6003309955040564,0.5526486032440402,0.5822073727876734,0.5121666446619757,0.5461590889931633,0.4641096162365894,0.5968557965819227,0.5695426200901097,0.49266003535672265,0.5593877886811526,0.5411628013275745
AUS,0.7247019185023209,0.6267521829889382,0.5668804561663744,0.0,0.458195896278189,0.45740970374900536,0.6391212084402796,0.4766546928781358,0.6068408889956501,0.49450454796663845,0.9138020069549067,0.46578950642807043,0.5467134122614568,0.5247195752470681,0.6402779095258169,0.676608019390778,0.6467261267923071,0.6727505773644105,0.5471101812601193,0.5143712247069238,0.6006258529501076,0.4871427749022566,0.5227250956095305,0.5342700675905253,0.6757028616085317,0.4592761461712408,0.5420451282056495,0.5307022953489018,0.41696596717018986,0.39599830442298284,0.5810245417317174,0.6749334463413582,0.534688081464907,0.5288273102579505,0.6152298833945724,0.6213049440917927,0.6017743402446464,0.6197365736226197,0.550260279633583,0.47127261420961225,0.644193886884616,0.580966436501564,0.5906255910387677,0.8261832362180792,0.6525447116008237,0.7528347293600097,0.5702952126755555,0.7015546785129589,0.5161071587678154,0.6371577732076412,0.5821206363659537,0.6158442036831377,0.736619760794922,0.6241351036819884,0.7199479198433371,0.43407945678490206,0.4945093152893053,0.4342173377260872,0.6088595647123933,0.5334505616781189,0.6497106814384845,0.4788909274506634,0.44984654561940696,0.5122252971610212,0.5473543641179033,0.6185238168266264,0.574418078790541,0.6643682656703603,0.7697450742364295,0.5521219177367704,0.4747335189508521,0.49958065461893647,0.6579482001907767,0.6078813636720237,0.5203594123051576,0.6925858376343177,0.6550614515272823,0.493882827101087,0.6584263605660128,0.5447468358267022
AUT,0.730646902734135,0.6525492268607734,0.5309756412177187,0.458195896278189,0.0,0.39161741943607825,0.654407762208645,0.4665047154949331,0.5479688953331198,0.48551908059242116,0.9326881555606824,0.48079242646763853,0.43446833344607266,0.527758298297889,0.5797831812804947,0.6553239962729019,0.6877583941633291,0.7547129299078129,0.5478610290768212,0.5177891858241103,0.590143219333007,0.35458755447003515,0.3776412720347814,0.5110498154135529,0.6829889765365796,0.35182963829199865,0.46229590326402414,0.42246752011641575,0.3569653226720227,0.3713523772162287,0.563016965635158,0.6683102329516806,0.4751750393399238,0.42734326036534925,0.6156077859796745,0.6217692627801101,0.5958945017810804,0.6187627136950771,0.5003083447263751,0.3398185048263335,0.6355321550476096,0.48153938213719927,0.6622325717050899,0.8334813441704684,0.5473834497948429,0.7741662384885029,0.5327502945665967,0.6743466111300205,0.44565588432242,0.6411354101995238,0.5519238931639295,0.5817464315690389,0.7665830436045089,0.6109495839275335,0.7524147555839589,0.4094598551675688,0.5230841326660524,0.4320804760519184,0.5613294075038151,0.5613922064031094,0.6590656547616419,0.4092835899047387,0.33572356068004255,0.4803735430049633,0.49389711584726875,0.6476443987161314,0.6017822511279819,0.6433271592746853,0.797461656036115,0.40005703048664293,0.38507943771636505,0.38716631116428785,0.59562989434023,0.6298528791067666,0.44468303359527883,0.5864381715946191,0.6392414747567979,0.4574337469628297,0.6685202194737421,0.5626601936017234
BEL,0.7654158289369801,0.5942720418342715,0.5218870293711227,0.45740970374900536,0.39161741943607825,0.0,0.6491612168230131,0.47129629928663225,0.5505956598052965,0.4526900926219187,0.8780139389372296,0.47973126873849636,0.48573866376398617,0.5401544515041011,0.6103610952794424,0.6352562936851138,0.6637116488839205,0.738152717243057,0.5277934823701731,0.4828980837508715,0.5823236614542401,0.42614797054561354,0.38487055553609967,0.4999224110012326,0.6671085398291633,0.347130542760253,0.5128354299589943,0.4487154141819416,0.3570963740462482,0.39115000862544974,0.5379276772726571,0.6700584914208696,0.49465170412902104,0.41560404588434935,0.6358728133598177,0.6153779561081353,0.5798411853439024,0.6023085339882875,0.44270520618192377,0.3739201214100031,0.6219282637756294,0.49333457909236755,0.6732276819441347,0.8353564207179683,0.5597950620082061,0.7937831277313371,0.5151431422730457,0.6889778883278909,0.5148263083377413,0.6270874779877906,0.5258827119084373,0.6146122608708953,0.7593737686493851,0.593242291797723,0.7433506702090481,0.3605801587718612,0.5193589866569933,0.4697631178432086,0.6102000506332639,0.5413004086462698,0.6533523976717387,0.42000732993661843,0.38198573471077824,0.5220081970165504,0.5165814490354489,0.6194809476235238,0.5668376167600019,0.5863792417890774,0.7966758761291426,0.5011406991266799,0.4108664270499355,0.45661166000741893,0.6313494275878588,0.6369998367384173,0.4990113397534437,0.584295905036758,0.6351046014675807,0.45131148788893655,0.6698342200035677,0.5486269587684741
BGD,0.730168353177725,0.7695292613513779,0.6103953875363803,0.6391212084402796,0.654407762208645,0.6491612168230131,0.0,0.6003976350571939,0.5393561469806102,0.6177252205933953,0.9439239973802958,0.6474959193134794,0.704424691132966,0.6576023229554007,0.6334482175874099,0.6683914140871173,0.6501597509257481,0.6873771974629784,0.6181950179535907,0.6136342780675758,0.68911631000848,0.6691417344895026,0.6851421809177055,0.6497113234396275,0.6693821410792087,0.6248316914388361,0.6347506494624715,0.6782170346305413,0.6428076468103112,0.6616400048967318,0.6427641709919962,0.7461155892553043,0.6220234894794213,0.6303157716572149,0.6468650074128219,0.6205611177697562,0.7132963618916086,0.6460470163480768,0.6670710109436125,0.6253171202528395,0.6751645867770428,0.6878183048761227,0.700983620935029,0.6650474485703083,0.6910960326529705,0.6408706205931404,0.6611703746159742,0.7680304000464259,0.6630101986221671,0.577393358250609,0.6747068681438415,0.735765407771845,0.5515235534938222,0.6837591548717915,0.7038522652073492,0.6563261520301729,0.6624580143689903,0.6016855573634108,0.5377404104414238,0.6020963790872204,0.6386143255309632,0.6309705614190338,0.5996763001114975,0.6111138928710311,0.6505362096111632,0.6881035329040355,0.6051777355979095,0.7768425071767399,0.7913821513463865,0.718310275142612,0.6445205102183167,0.6847465395666295,0.6280243781245433,0.5704825264810919,0.5229061422127246,0.7275327060681659,0.6504419045281158,0.686294696454814,0.5558693300438254,0.7034038474473316
BGR,0.7377638875418893,0.6548939563641957,0.5286239870704194,0.4766546928781358,0.4665047154949331,0.47129629928663225,0.6003976350571939,0.0,0.5068953680291427,0.5023343695067033,0.9067074247259479,0.5152839206071541,0.5691382488928246,0.5522591754122947,0.5752432823367306,0.6100615717761222,0.6350386487804961,0.6634619903563758,0.5395210200622248,0.5220115636806375,0.6431310387180663,0.46076938910793686,0.5096470072765459,0.571240799494582,0.6445987990523889,0.43044581866061443,0.5217833491864112,0.5186716543055104,0.48032418060496374,0.5114667871965253,0.5535687995384629,0.7248929030147249,0.47736821226472204,0.45676996370983186,0.5908044479458697,0.5433321407270888,0.631576365891932,0.6361164521927103,0.5705666978027064,0.4334753830568015,0.548481420071795,0.548454279725062,0.6383634609527402,0.7509012080196251,0.613976081916527,0.7179791739407917,0.5202708193229137,0.719172326243277,0.5311554006948191,0.5686451639316404,0.5642814869613323,0.658107961202842,0.6999744022961507,0.5930663493262308,0.6952298093053452,0.49506949250243176,0.5926593875424191,0.49172538859382364,0.5594045300178037,0.5243046934966109,0.577344282570024,0.397526311146351,0.44819567634474355,0.4350564765165129,0.4937956403906722,0.6292064851068082,0.5390913461773795,0.7012197485627137,0.7824101415583202,0.5280106091379984,0.46688796148212725,0.49358805278416357,0.5855930336207019,0.5970574593775458,0.4496515202277864,0.6217331712131424,0.5739007261161228,0.5482852819763937,0.6111830020339728,0.5415813995283051
BLR,0.7105960296469825,0.6923247343497756,0.4747226690981989,0.6068408889956501,0.5479688953331198,0.5505956598052965,0.5393561469806102,0.5068953680291427,0.0,0.5021632482055881,0.9215493791979349,0.5748282955613838,0.6168068287053039,0.6098210917634566,0.4901696452092418,0.5724583042284127,0.6021937146405325,0.6197388843310382,0.5452788893105553,0.5432189163095594,0.6600222562140051,0.5431329906752917,0.5555675167366825,0.5849687779709531,0.608035330802516,0.48492327246593736,0.5662736289320686,0.5560325879317548,0.5570539315425685,0.5992352045100454,0.5734669067942016,0.7621128183327294,0.5189790181336301,0.4495620604410764,0.5016068360230902,0.5295858532509184,0.6198411230543209,0.6372266952258346,0.6176744033202509,0.5247321537392969,0.5399045412313233,0.5603167951463734,0.7125821090827256,0.7412122823420616,0.5560346606798391,0.6381632680861221,0.5645077501673766,0.7723990182179111,0.6233808853487304,0.4329372392209526,0.5459375571668414,0.7109719995319824,0.5872403910089893,0.5582032330410018,0.667360777980796,0.5690436084492762,0.6355327513058596,0.5346110317763428,0.43613506800359975,0.5280905399571354,0.5105551887942466,0.4752014445783332,0.48405842249703723,0.5277786058913461,0.54195468188877,0.6631666307889726,0.5295921196073029,0.7009260765818162,0.8220781022284451,0.5958258225277797,0.5767256978409241,0.5853212251949166,0.4810667120907558,0.5486452789802325,0.4335794388258977,0.6105823487678615,0.575648834497087,0.6039780104817932,0.5130043639026497,0.5952122053093071
BRA,0.7041083711832047,0.6221519368752909,0.3914316947696052,0.49450454796663845,0.48551908059242116,0.4526900926219187,0.6177252205933953,0.5023343695067033,0.5021632482055881,0.0,0.8757747838687837,0.4557378408324809,0.5613812612972386,0.547489029937415,0.5144289669766546,0.605961425514018,0.6187009884245807,0.6681685083864717,0.44032170129839626,0.5098643264794351,0.6812410815780431,0.5022526668670013,0.49103511476262524,0.5538655298023709,0.5959896857562514,0.43095670212571513,0.5689637903814323,0.517511621567866,0.4686217367296938,0.4892709419840017,0.5776382267156118,0.7168021117243862,0.4894244900725784,0.43902105056352203,0.5044402064711351,0.5242932756328683,0.6116262737334236,0.6479231784621003,0.5318008163392752,0.44401411678969915,0.5826090509209327,0.4824734455076107,0.6334157015192394,0.8072778417492961,0.5321524883306322,0.7209058462370861,0.5293437666073425,0.7341394840551151,0.6121646238419012,0.535224105842873,0.41278240214026196,0.6757888076885403,0.6948499773304424,0.49999238670567586,0.7169893600619552,0.45429445964338855,0.5745747871734352,0.5108134262056035,0.5091618621482317,0.4328342446194551,0.5677588726897775,0.44615034058808173,0.4268549729003238,0.48897104281827375,0.46145148974650435,0.5714015769717353,0.5397837007770383,0.6777778628826145,0.8043112076079694,0.5296780119843084,0.5067018597890324,0.5432444910620945,0.5096559972158636,0.5637736202717932,0.4273446461978034,0.5650801724373954,0.5791722844750898,0.4633285777853721,0.5838290358394889,0.5048117485259737
BRN,0.873869088848847,0.7148760302409649,0.9213274395993053,0.9138020069549067,0.9326881555606824,0.8780139389372296,0.9439239973802958,0.9067074247259479,0.9215493791979349,0.8757747838687837,0.0,0.8855068709014926,0.9419163523728423,0.9210609157189275,0.9235289927804932,0.8917364357915366,0.8865499249423912,0.9587028938491056,0.8693432229403442,0.9243282810079467,0.9475336277502879,0.9296464883729647,0.9225332768668261,0.9220262686242583,0.9218131118694053,0.9200258684349905,0.9284811980214448,0.9034514652688023,0.9164492620861253,0.9172326973182794,0.8921668766010885,0.9533809797658233,0.8928223777455508,0.9099887821171766,0.8757171754937166,0.8845643376146106,0.9560487070191729,0.9540415695415512,0.8959596186222256,0.9179986544635502,0.9035814949236638,0.9235267518850028,0.8900303470251405,0.9640846922634105,0.9364649119622453,0.8940015489910816,0.8904564151601151,0.9600031197770929,0.9480269953398628,0.9154759095725344,0.8694742646826261,0.9532916506431038,0.9148223133941652,0.8894074949835359,0.954586813126951,0.9080946287245408,0.912708695663937,0.9155313654919875,0.9109273296404594,0.896295693999157,0.9208027044070062,0.898345486604077,0.9123464430298095,0.9206691838930038,0.8703312137842955,0.8880945738302759,0.9120802077216557,0.8825302387808426,0.9624512245803036,0.9322111801918944,0.9483108961721387,0.9291968183510428,0.919864984998327,0.9296972580986316,0.9142577149316725,0.9117493469387644,0.9165608806091131,0.9054886025146298,0.9023971519491275,0.87171478968419
CAN,0.7095476232708426,0.6177968880972738,0.5180495226414197,0.46578950642807043,0.48079242646763853,0.47973126873849636,0.6474959193134794,0.5152839206071541,0.5748282955613838,0.4557378408324809,0.8855068709014926,0.0,0.5718474894230764,0.5554655472811665,0.6120048033872938,0.6320036115886933,0.6338640101935031,0.7146368873292858,0.5141342734197815,0.5225020308760944,0.6519555684640395,0.5115109430229048,0.47988354079060386,0.5375318233229291,0.6601682160555119,0.4733737091871239,0.5430904849714845,0.4889955657768752,0.456151981512288,0.45239007217096955,0.5725819750005284,0.694076758078131,0.5379639603027091,0.4687371201088152,0.5989827803399983,0.5959116115287306,0.6238034369864881,0.6244227789010861,0.4980170624805018,0.49215518255826396,0.6129104718508532,0.526031624173391,0.6110854143844098,0.8274240226139317,0.5913121181004224,0.7473282891353874,0.5713323571329354,0.7029141494297326,0.589541138876905,0.6059021143213527,0.506773869544742,0.6681721550394524,0.7275406164435194,0.5750734535040464,0.7171871160382932,0.44075097679408026,0.5008243153740588,0.48375641947089965,0.5915007054995403,0.49912850439741063,0.6511115189007922,0.49956377439011335,0.485997921172517,0.5432640400780403,0.49320553087213564,0.5994139186624949,0.5980234425484795,0.6791957491044193,0.7766120550156177,0.5779458227770007,0.5244324358931156,0.4646937192544991,0.6153592282528214,0.603205742823608,0.5297829820471402,0.6367458672550141,0.6224842473783523,0.3814450616503008,0.6709717337861636,0.5285492168928884
CHE,0.7515823341215492,0.6784401606370737,0.5859085103436885,0.5467134122614568,0.43446833344607266,0.48573866376398617,0.704424691132966,0.5691382488928246,0.6168068287053039,0.5613812612972386,0.9419163523728423,0.5718474894230764,0.0,0.5533567622968765,0.6389156625383857,0.6958652201753842,0.7024765992265426,0.795878364912808,0.6169987840509988,0.551357438905196,0.6037779600063271,0.5065375500802782,0.4926396644644553,0.50809327170688,0.7368045535262018,0.4964285720141554,0.52600506009099,0.5173236417336251,0.47611419331496946,0.475149297958239,0.582412270314357,0.632794016010956,0.5534141078515686,0.512242594925521,0.644188833681589,0.6976278331343805,0.5592507284229286,0.643129534694576,0.49802641954203886,0.48924266915002,0.6676237178748565,0.5408407112300522,0.7140031473560666,0.8722689845058076,0.5922586778244242,0.801449542557925,0.6088384770190135,0.7046680002642668,0.5587185398694661,0.6917887369948723,0.6043214986933744,0.5669559042919421,0.7929517994064281,0.6335880936709887,0.765180666657224,0.4658581757342707,0.5771302428806525,0.5369621394371602,0.6231743991003704,0.6328053435494511,0.6607648880855965,0.5489502336878185,0.4894838737803946,0.5780443137233057,0.5897724296328247,0.6680383169508889,0.652453665078333,0.5564211887334835,0.8235420688087756,0.5424226687872289,0.5117581985603291,0.5028869212935919,0.6281894583351025,0.675229168250947,0.5680290403725107,0.6033220837524605,0.6786632402331825,0.5409534085448359,0.6963679023372087,0.6553469367407291
CHL,0.7573759081469198,0.7049352677496915,0.5729322231692869,0.5247195752470681,0.527758298297889,0.5401544515041011,0.6576023229554007,0.5522591754122947,0.6098210917634566,0.547489029937415,0.9210609157189275,0.5554655472811665,0.5533567622968765,0.0,0.6463252194681497,0.6375873629747486,0.6560036975547531,0.7009187275867782,0.5750925034754719,0.5409576150817907,0.6480859237260643,0.571951169818159,0.565558194494665,0.6007009563511116,0.7121015699623047,0.5296085054084945,0.5519438506494263,0.5548814545388009,0.5045216480208491,0.5287307717237614,0.5918649836624378,0.7292812219598843,0.5527432827750054,0.5532634741346101,0.6333307560902486,0.6869970959087001,0.6269700267147252,0.6306123591524965,0.5344835310369942,0.5495458192164325,0.6514797717556016,0.609402529839511,0.6869661989640339,0.8505861722340461,0.6393494191047692,0.7351047551124723,0.58521860518688,0.7501845383844185,0.5969374608873209,0.6367596191164111,0.6056767754747895,0.6500084201342542,0.7438511158105826,0.6450650192374883,0.7206386170257046,0.5146226170535042,0.5848010156193539,0.5060796498675662,0.6265697272964775,0.5269702991744037,0.6091315744139502,0.5481318726127608,0.5053173577531807,0.5863939464280874,0.5892869768126207,0.6772547923914904,0.5577397146296366,0.7064754627226614,0.8245835159589601,0.6191375221336933,0.5841639787985939,0.5464836531342213,0.6316102057955976,0.6535597287894425,0.5781837632560319,0.6700729671734252,0.6600141428759342,0.5512643756107584,0.6344642439966188,0.5851683200664091
CHN,0.7680897503482835,0.7294455482442478,0.5074942652347441,0.6402779095258169,0.5797831812804947,0.6103610952794424,0.6334482175874099,0.5752432823367306,0.4901696452092418,0.5144289669766546,0.9235289927804932,0.6120048033872938,0.6389156625383857,0.6463252194681497,0.0,0.6688967016802514,0.6955200904526332,0.7260748372287222,0.5761836244879739,0.6753550981110062,0.7514768918766402,0.5635808275893742,0.5751994748718681,0.6664478049992499,0.6417882363969079,0.5699182748818209,0.6400878123797971,0.5873391428065494,0.6365711328578719,0.6526414144529389,0.6690631968402825,0.8358416949428032,0.6158930966117178,0.5486018105788779,0.526648917657583,0.4989125925908772,0.7149865909743411,0.7163232843884956,0.6299371207624223,0.5558422835300297,0.6226209044736993,0.5321584723241237,0.7344588596155318,0.7816540598562738,0.4508759941788837,0.7443091616027422,0.6533438468489541,0.8139471002260148,0.6965823357804933,0.5687350450260559,0.5129671234101911,0.7417610235057455,0.6765197459292492,0.5691668711160741,0.7854789179155817,0.6200360281898105,0.6878815124067231,0.630015086120187,0.5555014645274197,0.5795068127167662,0.6516612596839608,0.5537140377642027,0.5858869076412277,0.5768177569165096,0.5706234589282958,0.697347301833686,0.6279764665318674,0.720718315347184,0.8774185774348134,0.6242433914725709,0.6173485898835626,0.6188966048842647,0.5046435590211423,0.6132101284319936,0.475197357063435,0.5102026968928977,0.6112736520726402,0.6206233942672416,0.5267820023659789,0.6004546300859921
CIV,0.7804047981889435,0.7368785519694878,0.6192630443101217,0.676608019390778,0.6553239962729019,0.6352562936851138,0.6683914140871173,0.6100615717761222,0.5724583042284127,0.605961425514018,0.8917364357915366,0.6320036115886933,0.6958652201753842,0.6375873629747486,0.6688967016802514,0.0,0.5755162779223132,0.7112093087507013,0.6134907038544425,0.6113857098985127,0.7453146611631436,0.6646754145299894,0.6660461020622217,0.6809319184442295,0.6961705443363836,0.6160781348602142,0.6177990338403334,0.6298840125820379,0.6404130223551873,0.6828349796238533,0.6600676631351512,0.8063113600984432,0.6316036127508566,0.5979940068704219,0.6013536115994419,0.6605731980611907,0.702954713414447,0.7319844144073651,0.672377018486346,0.6249160415484002,0.6242805818558191,0.6787039678356241,0.7514709784673237,0.8026261778972408,0.7064490723093524,0.684134949684213,0.5765421002865632,0.8079080508942782,0.6499608858144708,0.5999207843682639,0.6370928446776937,0.7864443402987952,0.7297781821983682,0.6503125631859196,0.7149869287151296,0.6542069468261732,0.7059856116700578,0.602608091088101,0.6405866204646954,0.5750632752578612,0.6170020298738266,0.5800301811704374,0.5946762450036465,0.6277708424630516,0.6398375557224887,0.7085795609128033,0.578367065073136,0.7651323473979182,0.8594335836881475,0.7076296519902975,0.6871489811188256,0.6469798274695383,0.6488097465409794,0.6561382123903093,0.6100968163450239,0.7272231212296913,0.6679860337394905,0.657168553040189,0.6423838994077372,0.6501591444296865
CMR,0.7388497134676977,0.7327310337577086,0.6094161786022193,0.6467261267923071,0.6877583941633291,0.6637116488839205,0.6501597509257481,0.6350386487804961,0.6021937146405325,0.6187009884245807,0.8865499249423912,0.6338640101935031,0.7024765992265426,0.6560036975547531,0.6955200904526332,0.5755162779223132,0.0,0.7120437055811979,0.5886506903374505,0.5964142226951291,0.7097891165411068,0.6909712740722761,0.7065439330539706,0.6705028808040644,0.6993764664198278,0.642114379573705,0.6387469124499585,0.6826290490338471,0.6627574446008935,0.667432109904155,0.6426043744443742,0.7840053927500855,0.6382561255788682,0.6452795363132605,0.5917837375520391,0.6702506583315586,0.7095887564339868,0.7097035766568306,0.6928812324020509,0.6669356264076329,0.6468132656943985,0.7042335784799747,0.7173788882544114,0.7950960551932807,0.7361525610199061,0.6782181941227534,0.6010590539542607,0.822894891301428,0.6781733437803148,0.621386836732296,0.6692757949368421,0.7698930151442722,0.7311450410606474,0.6442659118689886,0.7107496267772857,0.6674393813489188,0.6868904193179628,0.6183681945680175,0.6472700034516906,0.5474110588829209,0.6430425197746804,0.6297145703721041,0.6206748173754896,0.6198423940121426,0.6470205847273885,0.6800003661787356,0.5640041683610953,0.7742378363471224,0.8235631272790591,0.7468871274615808,0.7052513614785735,0.6892815515689084,0.6344503801632804,0.5841507142144222,0.6234991247843229,0.7742832915925133,0.6797252220800074,0.6549249756966082,0.6520477159195878,0.6691060226216863
COD,0.8147513533491839,0.8120230742554564,0.6286037612506675,0.6727505773644105,0.7547129299078129,0.738152717243057,0.6873771974629784,0.6634619903563758,0.6197388843310382,0.6681685083864717,0.9587028938491056,0.7146368873292858,0.795878364912808,0.7009187275867782,0.7260748372287222,0.7112093087507013,0.7120437055811979,0.0,0.7031446974343121,0.689745875493888,0.787700669274062,0.7520281103815507,0.7660042830961709,0.7561986421504443,0.7037219661487768,0.7019859502180141,0.7403619184451881,0.7626736700830726,0.7362185225497373,0.7609580893440828,0.7470964733752823,0.8594646278049213,0.7136810018933794,0.7066571398038185,0.6899002721352464,0.7057314916192231,0.7464438941311541,0.7471024320416588,0.7726235026570377,0.7326291910843872,0.7218376897571773,0.7680488438178884,0.6960876980606886,0.7742510147698065,0.7967142818307918,0.746260745549767,0.707637661235205,0.8731359706578836,0.7502112315807954,0.6509334896118468,0.6876188911275873,0.8277632556418824,0.7297282977503076,0.7224053627109818,0.7205785096965529,0.7284269176327718,0.751262491939355,0.6680587205856631,0.6959211579024632,0.6461497545730824,0.6372191458148001,0.6805823374464446,0.7165753621778075,0.6919634202538123,0.6994995255370295,0.7805884509881826,0.6410723391923955,0.8763665571981591,0.8667492272865017,0.7848697064821952,0.7411600363541264,0.7624374319110337,0.7261238137491686,0.6657529934768756,0.6561698813207864,0.8068519651645701,0.681390140143245,0.7536426110752497,0.6587019718289812,0.7186505666295482
COL,0.7148084545803332,0.6607696807407737,0.4654220411243792,0.5471101812601193,0.5478610290768212,0.5277934823701731,0.6181950179535907,0.5395210200622248,0.5452788893105553,0.44032170129839626,0.8693432229403442,0.5141342734197815,0.6169987840509988,0.5750925034754719,0.5761836244879739,0.6134907038544425,0.5886506903374505,0.7031446974343121,0.0,0.5485196793094517,0.6664409475242279,0.5770270121342255,0.5798222357718618,0.592901213899514,0.6057858681110126,0.497040189943017,0.5945799836894357,0.576841054045907,0.5319433408746489,0.5370815765981183,0.5761538217797256,0.7459310300340966,0.5352860053493088,0.5213356923748209,0.5343550856161753,0.5657885966973583,0.6418783022464462,0.6553057072232592,0.5485631637759775,0.5236377381361544,0.5718692418450236,0.5895012049621455,0.6559332376878763,0.8177866167966003,0.6171699149867074,0.693768863627251,0.5682783199029802,0.7675088964804834,0.6397379156975022,0.565980003311564,0.5288473741143804,0.678502147044727,0.7168445952491549,0.5629600864766717,0.707258186924392,0.5357212036817592,0.6190073840262229,0.5314909707711384,0.5447950781525452,0.4574789956598875,0.6034685045420306,0.532706418298891,0.49229116157541447,0.5489625909012931,0.5456838166718453,0.6183381051617715,0.5334711766811808,0.7216409937204686,0.8102404325865367,0.6367222756031808,0.5956427549029658,0.6071767242312389,0.5540786916783818,0.6069241871337472,0.502671667729263,0.639059605445277,0.6566343881273211,0.5266811722654937,0.5934821057174574,0.5597829375902222
CRI,0.7282152071042307,0.67883955545922,0.5424524884353114,0.5143712247069238,0.5177891858241103,0.4828980837508715,0.6136342780675758,0.5220115636806375,0.5432189163095594,0.5098643264794351,0.9243282810079467,0.5225020308760944,0.551357438905196,0.5409576150817907,0.6753550981110062,0.6113857098985127,0.5964142226951291,0.689745875493888,0.5485196793094517,0.0,0.5861052301531744,0.5418830897092747,0.5574724374351696,0.5105867670307741,0.6604269934634059,0.46887620017829323,0.5339510315045187,0.5367362954054908,0.46123320265904644,0.502659100682962,0.5149943218105246,0.6173821306543111,0.5300977606418046,0.5002541522499624,0.5975334391836195,0.6566053059047886,0.5755933377612497,0.6102469858503162,0.5356063958962268,0.4995148295112293,0.6210298198885681,0.5654385802386385,0.6586564494246825,0.8053703453374784,0.6441230651965274,0.7157622895326683,0.5289688076174553,0.7066403775606747,0.566128892330572,0.5842844007634724,0.5785120219029247,0.6563237778089327,0.734566275978841,0.6031741922940833,0.673015529298785,0.46496822101884133,0.5577614517271422,0.4884675304318825,0.6082832221981309,0.5136690704147876,0.5576346383113698,0.4877027685236909,0.47153801667764716,0.5221427657263539,0.5912554065139561,0.5779107436763528,0.5156238983781116,0.6705584078213751,0.7694021244352264,0.6120710461898645,0.5251553027659692,0.5612244310285698,0.5957006365721321,0.6230651995464335,0.5260854532140993,0.6646927958033192,0.630785416324998,0.5178680792888402,0.6492404108797698,0.5867976148492977
CYP,0.7907666484033953,0.7325374778576287,0.6854652281191977,0.6006258529501076,0.590143219333007,0.5823236614542401,0.68911631000848,0.6431310387180663,0.6600222562140051,0.6812410815780431,0.9475336277502879,0.6519555684640395,0.6037779600063271,0.6480859237260643,0.7514768918766402,0.7453146611631436,0.7097891165411068,0.787700669274062,0.6664409475242279,0.5861052301531744,0.0,0.6312931964666485,0.6255234800238773,0.5768646739179756,0.7094501844324859,0.5836051609645836,0.5638660037989166,0.6357883084796485,0.5838597142240898,0.5830934162207888,0.5631159642947375,0.6813995030849169,0.6287932103626541,0.6523266172054288,0.7213700495334963,0.7470709245507694,0.7106217631947535,0.6675269334095544,0.6537992174740674,0.6255833065245332,0.6818682376317836,0.6868742632704441,0.747807877852151,0.8652026983624251,0.7235724514460671,0.7924184722055253,0.666126986868751,0.7459798395137248,0.5748536481608144,0.7217936258460412,0.7227594577132963,0.6542588452967335,0.8005461629511914,0.7117766401623976,0.7752949276941763,0.6040295605513494,0.5967838830870809,0.5937156464945528,0.6930446315858975,0.675726325730358,0.7332289065508523,0.6309846053063588,0.585462734112668,0.6523636705254057,0.6856771317158216,0.7282096341054545,0.6299827116122702,0.6679035919184033,0.8065489496706357,0.6716053426058203,0.6067238643640972,0.6336720811961083,0.7125633395661878,0.7037538692191366,0.6519083533241753,0.7541416192182229,0.7557441015687372,0.6569892957030261,0.7366392469827897,0.7277434006197724
CZE,0.7506652797997954,0.6633299828605524,0.5460916841236848,0.4871427749022566,0.35458755447003515,0.42614797054561354,0.6691417344895026,0.46076938910793686,0.5431329906752917,0.5022526668670013,0.9296464883729647,0.5115109430229048,0.5065375500802782,0.571951169818159,0.5635808275893742,0.6646754145299894,0.6909712740722761,0.7520281103815507,0.5770270121342255,0.5418830897092747,0.6312931964666485,0.0,0.39798593669940024,0.5542397885133417,0.7008039532867306,0.3788463689906738,0.47028068723434757,0.47220273018940734,0.4096085595024235,0.4367540671843547,0.597796052919602,0.6839363566105685,0.5100320993565212,0.38666570161441477,0.6123948193201981,0.6134397713621316,0.6215420437975212,0.6594313500529141,0.5383624200344957,0.391051914324958,0.6386977564071846,0.49724651464336267,0.6782178900830749,0.8360721525520663,0.5354072044902574,0.7681033916198449,0.525241650573821,0.7071945679396615,0.4810577319495576,0.6301524216534761,0.5457859425115931,0.61248465710695,0.7570247214091294,0.5840954123737914,0.7432904059669692,0.4437200832637757,0.5576669346643781,0.47812614283895105,0.5886562283254756,0.5896541520790856,0.6561082869000134,0.36327906051393694,0.3997372920473428,0.48435526662621836,0.5163218907487963,0.671513311893892,0.6075645356713107,0.651096181654539,0.8089458738578791,0.36749105850323366,0.3767493862498457,0.4102820722053156,0.5960142542399088,0.6228609765314683,0.4781557150742733,0.5990602857078524,0.6204997745095238,0.5023607129448715,0.6565210711228435,0.5553970242184493
DEU,0.76823238149105,0.6623537445835418,0.5481392177622993,0.5227250956095305,0.3776412720347814,0.38487055553609967,0.6851421809177055,0.5096470072765459,0.5555675167366825,0.49103511476262524,0.9225332768668261,0.47988354079060386,0.4926396644644553,0.565558194494665,0.5751994748718681,0.6660461020622217,0.7065439330539706,0.7660042830961709,0.5798222357718618,0.5574724374351696,0.6255234800238773,0.39798593669940024,0.0,0.5157939053063945,0.6960613743727234,0.384932273682291,0.5238542523722677,0.4458161923214949,0.3866530406768919,0.4222145211690122,0.5741516219301107,0.7044609998645424,0.5374773085266511,0.3871501316998018,0.6400801894873356,0.6283121734252695,0.6112543384143728,0.6271555232682594,0.49026534509005826,0.375648710009127,0.6463232469397564,0.4437993742672364,0.7087367424101917,0.8557695829277411,0.4861477630209209,0.8127847905472074,0.5810690008369034,0.6992473429208897,0.5621387288298736,0.6395267866400484,0.5347513510928357,0.6167414023820519,0.7766366186401036,0.6175337836029944,0.7753530051616816,0.4231947617491707,0.5496891466246646,0.5207194652907285,0.6072009173399472,0.5798975756062851,0.690695202647244,0.44675196794431743,0.4363948733622173,0.5314228140387977,0.528977405510735,0.676694960666345,0.6345306770360944,0.6268684285055992,0.8152152707605357,0.4435928075969628,0.42287435585094013,0.4055598213084492,0.6090652975238993,0.6416239501832959,0.5158632975280556,0.5669778562195298,0.6586152579570491,0.43757147256241674,0.695543295167715,0.5612347463164757
DNK,0.7429118456611584,0.6695074442518301,0.5831814156654869,0.5342700675905253,0.5110498154135529,0.4999224110012326,0.6497113234396275,0.571240799494582,0.5849687779709531,0.5538655298023709,0.9220262686242583,0.5375318233229291,0.50809327170688,0.6007009563511116,0.6664478049992499,0.6809319184442295,0.6705028808040644,0.7561986421504443,0.592901213899514,0.5105867670307741,0.5768646739179756,0.5542397885133417,0.5157939053063945,0.0,0.6616166287475412,0.5285069553576405,0.5409589754480665,0.5223672447412658,0.49456735316612,0.4801119129907712,0.49251507455781485,0.6200490812072463,0.5636892589055216,0.5194419081752996,0.646208051892104,0.6806692601629557,0.6019784643074252,0.6131357694950607,0.5378013221095682,0.4874086699501247,0.6484996969859009,0.5628473121073388,0.7031662927031057,0.8454372092814285,0.6271480358586363,0.7686291218480918,0.6012502125724383,0.715001109066138,0.606557728332102,0.6780971139392985,0.6090789709805445,0.6457990064585472,0.7562117273642144,0.6289104984605942,0.7360286609304274,0.45431337957570633,0.47489384545895763,0.5151402892916925,0.6143000101272089,0.6054585717184671,0.6717958726288312,0.5574618183118379,0.5240442719869429,0.5775309125530894,0.600436049132858,0.6730359725279921,0.6382568323960659,0.5904796291616182,0.8103423261170309,0.6234812346520552,0.5413071061630256,0.5285692945372203,0.645919618280797,0.6465173687254846,0.5825058487014952,0.6694405357189672,0.6673415387344617,0.5141217445581237,0.6913296247636005,0.6185539540085097
EGY,0.7682174492376067,0.7630972168774415,0.5668354101542229,0.6757028616085317,0.6829889765365796,0.6671085398291633,0.6693821410792087,0.6445987990523889,0.608035330802516,0.5959896857562514,0.9218131118694053,0.6601682160555119,0.7368045535262018,0.7121015699623047,0.6417882363969079,0.6961705443363836,0.6993764664198278,0.7037219661487768,0.6057858681110126,0.6604269934634059,0.7094501844324859,0.7008039532867306,0.6960613743727234,0.6616166287475412,0.0,0.65062006605074,0.6634257355269326,0.6782465764448133,0.6833655231067469,0.6968230012999156,0.6310441754539468,0.8225297087848197,0.6498031728750397,0.6563150072430476,0.623955437769369,0.6180995957913584,0.7668903236222804,0.7330921924263418,0.7316381064269194,0.6521189371828269,0.646318266472156,0.6829448974116995,0.703234029491143,0.7853939242163618,0.7057849679446366,0.7375090105294578,0.6523228532816066,0.8559240711696925,0.7014981891315035,0.6381571770421351,0.612705995261535,0.7911078099156511,0.7269192014639951,0.6317481246495738,0.7854750991166345,0.672910456208456,0.6773658682552939,0.6482763868811725,0.5929386356491518,0.6002777924405318,0.6891660904841045,0.6470970497062543,0.6528764508903123,0.6413086096202948,0.6124015000900264,0.691946850150896,0.6347571743406751,0.7571549211408737,0.8594205755935148,0.7285161978095808,0.6994258085080921,0.7091677084071942,0.643609854476108,0.663443749692244,0.6089959741716946,0.723166349985615,0.65848801428962,0.6743498481435204,0.6587509280954736,0.685931410600827
ESP,0.730874253993765,0.6351002727970295,0.47890349693201295,0.4592761461712408,0.35182963829199865,0.347130542760253,0.6248316914388361,0.43044581866061443,0.48492327246593736,0.43095670212571513,0.9200258684349905,0.4733737091871239,0.4964285720141554,0.5296085054084945,0.5699182748818209,0.6160781348602142,0.642114379573705,0.7019859502180141,0.497040189943017,0.46887620017829323,0.5836051609645836,0.3788463689906738,0.384932273682291,0.5285069553576405,0.65062006605074,0.0,0.47370490516013325,0.4519455566688929,0.3522821450455679,0.40174548893814804,0.5097592726729692,0.676643147947677,0.4417755215633076,0.36903334869099635,0.579169174141666,0.5860812434302823,0.5745483456854775,0.5968252351244764,0.4931428796565875,0.33579501113203175,0.565176569367035,0.4739094302056291,0.6716272833336967,0.8207103276779225,0.5279046786609546,0.7517513617438784,0.5010287450490052,0.6996658645322914,0.48879755350302834,0.5705993637630099,0.5129084034218901,0.5855331180206479,0.7406066754952724,0.5711416880878846,0.7199842876299394,0.4069475041379096,0.5428427985394602,0.46158846143815946,0.543649033217146,0.5062208519686755,0.5962573946561818,0.3840783109192144,0.32661390163884,0.4698801081266895,0.4791104168980757,0.6049510521689127,0.5220381738792532,0.6451823987569515,0.7792746364421137,0.44451746419505456,0.3890069555077889,0.4351985501253902,0.5575556988770258,0.5994254014786063,0.4352309564926672,0.574022921252282,0.6124640825158792,0.46522644086234627,0.6337445031023151,0.5268144829829984
EST,0.7436766598595298,0.6842388317669912,0.5888251502149829,0.5420451282056495,0.46229590326402414,0.5128354299589943,0.6347506494624715,0.5217833491864112,0.5662736289320686,0.5689637903814323,0.9284811980214448,0.5430904849714845,0.52600506009099,0.5519438506494263,0.6400878123797971,0.6177990338403334,0.6387469124499585,0.7403619184451881,0.5945799836894357,0.5339510315045187,0.5638660037989166,0.47028068723434757,0.5238542523722677,0.5409589754480665,0.6634257355269326,0.47370490516013325,0.0,0.47041884952168367,0.49648925047676207,0.5148759759737941,0.5799923300726157,0.689824318497006,0.5219935040948038,0.4835678175148987,0.6149481110105968,0.6717536690822979,0.6394851550215314,0.6605996851101983,0.5721725306515513,0.48734416876409786,0.630494969847578,0.5937953921059275,0.6902233279680589,0.8358702933746763,0.6238558645618094,0.7285180333838817,0.5097046965145205,0.7494519325521802,0.39708941613381166,0.650738838048737,0.601104843880382,0.5688652464109442,0.74437903121554,0.5968489349108231,0.742585880168628,0.5052435978073945,0.5541367098993804,0.5141743129994958,0.5908624947359102,0.5787694340033599,0.6392655497592926,0.48774014741544314,0.46368015861456874,0.5257222497109368,0.5550266433554092,0.6629139538858254,0.5820971929486651,0.6489336973844442,0.7826432126969225,0.5304764519211146,0.48808607192843656,0.4726569544553349,0.5982042547917652,0.5983516017041105,0.5458087346127158,0.6404319005637669,0.6652133225472228,0.572065025327921,0.6396265545053903,0.6249025048545651
FIN,0.7681656700644683,0.6335203810340683,0.5745585629773758,0.5307022953489018,0.42246752011641575,0.4487154141819416,0.6782170346305413,0.5186716543055104,0.5560325879317548,0.517511621567866,0.9034514652688023,0.4889955657768752,0.5173236417336251,0.5548814545388009,0.5873391428065494,0.6298840125820379,0.6826290490338471,0.7626736700830726,0.576841054045907,0.5367362954054908,0.6357883084796485,0.47220273018940734,0.4458161923214949,0.5223672447412658,0.6782465764448133,0.4519455566688929,0.47041884952168367,0.0,0.4791932511066125,0.4900546244095556,0.5809743204087151,0.6985746112004313,0.5343413826730116,0.4543495487208117,0.6243333819419492,0.63910660814787,0.6178110066819421,0.6385227513520719,0.4974859001287955,0.4352906666510848,0.6249386038118757,0.5033369941502516,0.698073791992368,0.8364838224543502,0.5386657094028494,0.7821870243521457,0.5676532923903732,0.7298349286940894,0.5321974089872311,0.6569862953040199,0.5599267812577763,0.6184801935261744,0.7615712678434876,0.5948576966432447,0.7758182157739794,0.4388903598137744,0.5306067676953825,0.5158913149387346,0.6187141198593771,0.5687176294411276,0.6808878212981633,0.4412319598633525,0.4613745423533695,0.5543958508493821,0.5486900661268702,0.6605492846944923,0.6204154299325854,0.6045194916955496,0.8244803910226257,0.5372168678497321,0.4624281794183618,0.4092759704369609,0.6220763664555937,0.638510057198005,0.523583380413939,0.5475086765597058,0.6546237707710955,0.49776215499568804,0.6632778061175577,0.57113608022233
FRA,0.7279318510081034,0.6300066758615757,0.5494792904696109,0.41696596717018986,0.3569653226720227,0.3570963740462482,0.6428076468103112,0.48032418060496374,0.5570539315425685,0.4686217367296938,0.9164492620861253,0.456151981512288,0.47611419331496946,0.5045216480208491,0.6365711328578719,0.6404130223551873,0.6627574446008935,0.7362185225497373,0.5319433408746489,0.46123320265904644,0.5838597142240898,0.4096085595024235,0.3866530406768919,0.49456735316612,0.6833655231067469,0.3522821450455679,0.49648925047676207,0.4791932511066125,0.0,0.3281744024751858,0.5307051543658565,0.6430456489741313,0.49616253300093216,0.42185407432626104,0.6348190608862353,0.6419795804309435,0.5602362184609103,0.6087050472188719,0.46155629906586504,0.3621987546780536,0.6465788830241644,0.5059233333524107,0.6675349011431048,0.8383347433451838,0.5764766704446747,0.766853023163049,0.5206136636672329,0.6669514537271141,0.49861220518432275,0.6219016077981921,0.5599614813281021,0.5796934882379201,0.757443663476734,0.6147178641328501,0.7282429603220418,0.35598775458447107,0.5072831420053052,0.4285232432310532,0.587688038491561,0.5352100631778111,0.6401727985469806,0.43705568730625494,0.35385498798939646,0.4990426612630624,0.5190635571693256,0.6393826168797279,0.5633876290016877,0.6150619537290919,0.7771722541995572,0.46694364451217574,0.42597155736203923,0.4421575046176112,0.6071262669121308,0.6226042897840729,0.48225329213292456,0.6164052121486477,0.6405663031394163,0.42328284593099424,0.6793223806237498,0.5519248990611566
GBR,0.7243310867292113,0.6190862198535328,0.551331565340148,0.39599830442298284,0.3713523772162287,0.39115000862544974,0.6616400048967318,0.5114667871965253,0.5992352045100454,0.4892709419840017,0.9172326973182794,0.45239007217096955,0.475149297958239,0.5287307717237614,0.6526414144529389,0.6828349796238533,0.667432109904155,0.7609580893440828,0.5370815765981183,0.502659100682962,0.5830934162207888,0.4367540671843547,0.4222145211690122,0.4801119129907712,0.6968230012999156,0.40174548893814804,0.5148759759737941,0.4900546244095556,0.3281744024751858,0.0,0.55353597456265,0.6292459555267416,0.5008357637904566,0.46438704251141044,0.6453409611085132,0.6583342793869734,0.5451923591024052,0.5912321275860398,0.47278232473576787,0.3906936622413554,0.6552845851617826,0.5318168478965176,0.656076189648476,0.8618389001978447,0.5983386728931396,0.7912284195354753,0.5497632755829591,0.6643445394513484,0.5289859469102149,0.6710439453985663,0.5778532494991475,0.5631742649733139,0.7828893756960054,0.612988050011336,0.7447929392234899,0.3615509898293406,0.48780615539524536,0.4303093850803663,0.596965546086976,0.5539251703188184,0.6716267921811901,0.474011593729561,0.3836840850154309,0.5246233836595481,0.532322582463452,0.6529981902146601,0.610952638497805,0.6237084007749566,0.7626462610890958,0.4763919186345045,0.44338556515310645,0.46908088215369187,0.6216260178205482,0.6417492151077209,0.5246019463709446,0.6459457965131028,0.6762026461246636,0.4183052048539302,0.6906160911783753,0.5669910414223205
GRC,0.7366298194770114,0.6690941369934784,0.6073343710247694,0.5810245417317174,0.563016965635158,0.5379276772726571,0.6427641709919962,0.5535687995384629,0.5734669067942016,0.5776382267156118,0.8921668766010885,0.5725819750005284,0.582412270314357,0.5918649836624378,0.6690631968402825,0.6600676631351512,0.6426043744443742,0.7470964733752823,0.5761538217797256,0.5149943218105246,0.5631159642947375,0.597796052919602,0.5741516219301107,0.49251507455781485,0.6310441754539468,0.5097592726729692,0.5799923300726157,0.5809743204087151,0.5307051543658565,0.55353597456265,0.0,0.642434025855967,0.5395121724535649,0.5509420292755994,0.636355992309188,0.6548896199737451,0.677237311040992,0.630973129402252,0.56612019372036,0.5463415614621234,0.6169395735820784,0.588623407173459,0.6971126924951188,0.8159336997528606,0.6272669795562908,0.7247221560322575,0.5791538835145169,0.7497199431323871,0.6254501516295083,0.6417405870284327,0.6184760504713276,0.6711018964566612,0.7470812164440396,0.6483614612158223,0.7380943914211608,0.5457458521745342,0.5815363617528448,0.5625912942371079,0.5867939385054836,0.5940582243461442,0.6559175812407854,0.5786317452398809,0.5349972467262942,0.5832462444905742,0.586315610173946,0.654755103804909,0.5866332610406042,0.620185530149505,0.8092935950289566,0.6487281492328973,0.6025811682500638,0.5734930054922164,0.6288640411437849,0.6679839319659988,0.5582466875446732,0.664017453906845,0.6793596182902083,0.5796806844067475,0.6704102045265556,0.6130884493878704
HKG,0.8106349535050793,0.7378656172923111,0.7604433326479942,0.6749334463413582,0.6683102329516806,0.6700584914208696,0.7461155892553043,0.7248929030147249,0.7621128183327294,0.7168021117243862,0.9533809797658233,0.694076758078131,0.632794016010956,0.7292812219598843,0.8358416949428032,0.8063113600984432,0.7840053927500855,0.8594646278049213,0.7459310300340966,0.6173821306543111,0.6813995030849169,0.6839363566105685,0.7044609998645424,0.6200490812072463,0.8225297087848197,0.676643147947677,0.689824318497006,0.6985746112004313,0.6430456489741313,0.6292459555267416,0.642434025855967,0.0,0.7187985884383965,0.6910492825954703,0.780970612674371,0.8210132172017237,0.7128411006164538,0.7002071126378318,0.6501098513089694,0.678110743375827,0.7769130118238244,0.7072432326324848,0.7536787759572872,0.903440533277934,0.7563636587723346,0.8398598471470857,0.7500058480974503,0.6730028381572095,0.7114620436353457,0.8225587854274339,0.7436553414002514,0.7090730779448194,0.8663723917663432,0.7295270458990174,0.7884396631754587,0.6420036958741753,0.6794386642126969,0.6909813564817726,0.7717829487502685,0.7688488477645024,0.7463485835384224,0.7109254356328778,0.6595389086024832,0.7166695710813574,0.7443710445201046,0.7079536557867387,0.76861630527374,0.648338402720416,0.767328279481189,0.7096136148947956,0.6817188195143812,0.6957227228338629,0.7710517613446239,0.7983055824150771,0.744263885216813,0.7671417110215157,0.7671313594331642,0.6758518099215926,0.8314419069374546,0.754427142035002
HRV,0.7114387035810553,0.6521276735947871,0.5161092478451584,0.534688081464907,0.4751750393399238,0.49465170412902104,0.6220234894794213,0.47736821226472204,0.5189790181336301,0.4894244900725784,0.8928223777455508,0.5379639603027091,0.5534141078515686,0.5527432827750054,0.6158930966117178,0.6316036127508566,0.6382561255788682,0.7136810018933794,0.5352860053493088,0.5300977606418046,0.6287932103626541,0.5100320993565212,0.5374773085266511,0.5636892589055216,0.6498031728750397,0.4417755215633076,0.5219935040948038,0.5343413826730116,0.49616253300093216,0.5008357637904566,0.5395121724535649,0.7187985884383965,0.0,0.46783352110856186,0.5841116382251664,0.6117684046441182,0.6142701205134297,0.6369129740928814,0.567175678353185,0.4710213517959203,0.5598851900523184,0.5619235039462057,0.6850915904043605,0.8103418970422309,0.6141524315642746,0.700970348096286,0.5225256615953483,0.7633573377780208,0.5672174012535024,0.5855714227797176,0.5768276357717846,0.6453812997474772,0.7051957794692054,0.6028172800535294,0.7181227470792004,0.49828260279247827,0.5783868584975637,0.500539926910237,0.5252718137134329,0.5413891498304388,0.5755049811527931,0.4622494001433674,0.4451859896412806,0.5125838874405391,0.5173268263968882,0.6217046378499723,0.5422314752170517,0.6896593855893907,0.7768941709232969,0.5495902993239858,0.49111197166137516,0.5422746458441963,0.5750135332126128,0.5989520681540212,0.5043153868887157,0.6333265425715568,0.6349327262592833,0.5519194165778436,0.6170279319579385,0.5908499978908937
HUN,0.7290825884115453,0.6411983373640257,0.45463429723198384,0.5288273102579505,0.42734326036534925,0.41560404588434935,0.6303157716572149,0.45676996370983186,0.4495620604410764,0.43902105056352203,0.9099887821171766,0.4687371201088152,0.512242594925521,0.5532634741346101,0.5486018105788779,0.5979940068704219,0.6452795363132605,0.7066571398038185,0.5213356923748209,0.5002541522499624,0.6523266172054288,0.38666570161441477,0.3871501316998018,0.5194419081752996,0.6563150072430476,0.36903334869099635,0.4835678175148987,0.4543495487208117,0.42185407432626104,0.46438704251141044,0.5509420292755994,0.6910492825954703,0.46783352110856186,0.0,0.57599779613192,0.5707053344303366,0.5623978041757269,0.636992674892141,0.4900856306713962,0.3978198669752813,0.573019613298282,0.4643744725933409,0.689149127365961,0.799586514551321,0.4833094132852072,0.7234927335413155,0.5058952958651819,0.7185416852394728,0.5663643381305693,0.5512974597404992,0.4655102970104079,0.6191827316686247,0.6969946072096942,0.5421823616854431,0.7099996163470937,0.42258752446988285,0.5777625318862023,0.48394184402502727,0.52641816522984,0.5348693837655304,0.569283968264004,0.377980225744812,0.4096543849252308,0.48628809916235133,0.48909025700860187,0.6247636671349548,0.558130615145869,0.6371106138493426,0.7873686103382733,0.4545204424978502,0.4488349845659632,0.43811221790341587,0.5181258706391212,0.5777715025725989,0.4777161749929732,0.5429966028811044,0.5984597163858362,0.45340897667629365,0.6040274456877945,0.5148362997209953
IDN,0.7012723772133677,0.6812804448190651,0.5238665766230428,0.6152298833945724,0.6156077859796745,0.6358728133598177,0.6468650074128219,0.5908044479458697,0.5016068360230902,0.5044402064711351,0.8757171754937166,0.5989827803399983,0.644188833681589,0.6333307560902486,0.526648917657583,0.6013536115994419,0.5917837375520391,0.6899002721352464,0.5343550856161753,0.5975334391836195,0.7213700495334963,0.6123948193201981,0.6400801894873356,0.646208051892104,0.623955437769369,0.579169174141666,0.6149481110105968,0.6243333819419492,0.6348190608862353,0.6453409611085132,0.636355992309188,0.780970612674371,0.5841116382251664,0.57599779613192,0.0,0.5431722832432666,0.7067012260492629,0.709248523676252,0.6635304086976266,0.5925418088053702,0.5865496486573792,0.6177670161182534,0.7155686315146247,0.8234751564821315,0.6120296111567237,0.6605263960666493,0.6219547755057887,0.810149234887455,0.685093861993009,0.5375040258100064,0.5391060404071462,0.7566037547331008,0.6783651326822397,0.5096233202602676,0.728647715860035,0.6350762846206178,0.6717333222198749,0.5979047261851788,0.5559058818003884,0.5272458402538611,0.5775141104072234,0.5318649053694043,0.549268321896917,0.5605869773511537,0.5684911022366725,0.6087105856726648,0.5955349597490969,0.7321148456321169,0.8503950388316162,0.6577883924153392,0.6427335346319579,0.6512894613836899,0.4906072420291162,0.6006628786835447,0.5128246822623765,0.641496948626574,0.643604224819437,0.6396898427268065,0.5370641283402103,0.6094683597427764
IND,0.739681541858422,0.7143073875487734,0.5163716064299548,0.6213049440917927,0.6217692627801101,0.6153779561081353,0.6205611177697562,0.5433321407270888,0.5295858532509184,0.5242932756328683,0.8845643376146106,0.5959116115287306,0.6976278331343805,0.6869970959087001,0.4989125925908772,0.6605731980611907,0.6702506583315586,0.7057314916192231,0.5657885966973583,0.6566053059047886,0.7470709245507694,0.6134397713621316,0.6283121734252695,0.6806692601629557,0.6180995957913584,0.5860812434302823,0.6717536690822979,0.63910660814787,0.6419795804309435,0.6583342793869734,0.6548896199737451,0.8210132172017237,0.6117684046441182,0.5707053344303366,0.5431722832432666,0.0,0.7277739338500544,0.7186496854558188,0.650139526432874,0.5839972995667523,0.609132430053018,0.6100082650005466,0.6979362544583431,0.7608553368004316,0.6167835892209331,0.7134559268271659,0.6291531740355838,0.796101722778433,0.7035636278520607,0.5362075239940698,0.5344327781240888,0.7779104832086337,0.6626935351404646,0.5851363261388195,0.7863158320206229,0.6295730032223137,0.6936207981659654,0.63122086159637,0.5383918121735,0.572118117101788,0.6415124252941301,0.5521336830667919,0.5967871841898806,0.5599047669922846,0.5625594381604543,0.6543880627590808,0.602466759042781,0.7493902599238438,0.8353281209344239,0.6668700609224081,0.6394876658572909,0.6422641862908641,0.5716634385426413,0.6045323754993834,0.5082081607975321,0.6380585426669514,0.6355137662971005,0.6207306721271867,0.578570524628029,0.5946558824025461
IRL,0.7767883214653172,0.7176430005422236,0.6085949182369708,0.6017743402446464,0.5958945017810804,0.5798411853439024,0.7132963618916086,0.631576365891932,0.6198411230543209,0.6116262737334236,0.9560487070191729,0.6238034369864881,0.5592507284229286,0.6269700267147252,0.7149865909743411,0.702954713414447,0.7095887564339868,0.7464438941311541,0.6418783022464462,0.5755933377612497,0.7106217631947535,0.6215420437975212,0.6112543384143728,0.6019784643074252,0.7668903236222804,0.5745483456854775,0.6394851550215314,0.6178110066819421,0.5602362184609103,0.5451923591024052,0.677237311040992,0.7128411006164538,0.6142701205134297,0.5623978041757269,0.7067012260492629,0.7277739338500544,0.0,0.6227431171047579,0.5644751014968864,0.5919949309653091,0.6924558131713862,0.6375383611887226,0.7477711255141218,0.859188316130498,0.686557716983429,0.7923300957659261,0.6654557265380514,0.6953242802784317,0.6665044146280289,0.681231713579362,0.6705537966158296,0.6248078769555307,0.7934205524200588,0.6675492200987626,0.7190575185623215,0.5626628788211242,0.6559014679439712,0.5873065323517231,0.6805211424182861,0.6485973766503893,0.6373420477646903,0.6123321075442505,0.5760537958771017,0.6445713342165419,0.6848145898674316,0.7325400551971685,0.6644230218262905,0.7077434053025001,0.7835385040415038,0.6608324445708311,0.6052716933694293,0.6328024811675899,0.6518163807941485,0.6933682105516572,0.6523730921065432,0.6861080778430984,0.7040003386639314,0.5903040702897531,0.7065462846894669,0.6773210258091481
ISL,0.7793863669461273,0.736417454384055,0.6647609356549823,0.6197365736226197,0.6187627136950771,0.6023085339882875,0.6460470163480768,0.6361164521927103,0.6372266952258346,0.6479231784621003,0.9540415695415512,0.6244227789010861,0.643129534694576,0.6306123591524965,0.7163232843884956,0.7319844144073651,0.7097035766568306,0.7471024320416588,0.6553057072232592,0.6102469858503162,0.6675269334095544,0.6594313500529141,0.6271555232682594,0.6131357694950607,0.7330921924263418,0.5968252351244764,0.6605996851101983,0.6385227513520719,0.6087050472188719,0.5912321275860398,0.630973129402252,0.7002071126378318,0.6369129740928814,0.636992674892141,0.709248523676252,0.7186496854558188,0.6227431171047579,0.0,0.6156865267419503,0.6290504220768315,0.6614358775275562,0.6608122174186046,0.744274548327224,0.8420814543446151,0.7073577795705465,0.794398641205527,0.7033035143257829,0.7396450278441767,0.6619908035059927,0.6777377141769716,0.7116491451134037,0.6645618449976288,0.7693743667892496,0.692606980775948,0.7700330906871419,0.6144750323732218,0.6257872381577774,0.6036490846410169,0.684196724090003,0.6273989950666556,0.6848140802499424,0.6521143860651482,0.5967472610792375,0.6764466225088054,0.6698129111189665,0.7269419743923389,0.6508543693119325,0.7339592395022387,0.7608466132770877,0.6934636179463359,0.6408692511238111,0.6593572450743836,0.6783772923636494,0.6834978152864509,0.6575398801230903,0.7348797738529409,0.7263808876486826,0.6325048131907892,0.7082676435834588,0.6853124158620174
ISR,0.7739404259013903,0.6368629567369861,0.5467128990715994,0.550260279633583,0.5003083447263751,0.44270520618192377,0.6670710109436125,0.5705666978027064,0.6176744033202509,0.5318008163392752,0.8959596186222256,0.4980170624805018,0.49802641954203886,0.5344835310369942,0.6299371207624223,0.672377018486346,0.6928812324020509,0.7726235026570377,0.5485631637759775,0.5356063958962268,0.6537992174740674,0.5383624200344957,0.49026534509005826,0.5378013221095682,0.7316381064269194,0.4931428796565875,0.5721725306515513,0.4974859001287955,0.46155629906586504,0.47278232473576787,0.56612019372036,0.6501098513089694,0.567175678353185,0.4900856306713962,0.6635304086976266,0.650139526432874,0.5644751014968864,0.6156865267419503,0.0,0.4900337257568966,0.6464801484334683,0.5322065902663247,0.7145037507630743,0.84845181460961,0.5504181487509988,0.7955843198876619,0.604770564912499,0.7055795440327134,0.6384109716549868,0.657883898163035,0.5600324746891736,0.6006226216824625,0.7684782181857295,0.612365747845256,0.7348163099446015,0.4119972842413841,0.577302376999505,0.528440995148129,0.64793693184309,0.5793545253319865,0.6521545706379371,0.5523873639559608,0.4989946854478909,0.6190028713610466,0.5893544914736757,0.6514406059966353,0.6230735974819575,0.597255736647249,0.8073315095362393,0.6277389798243902,0.5452900388273051,0.5248332304655232,0.6171169534445996,0.6642380192561711,0.5807665133143204,0.5581058670615434,0.6689615053390358,0.45096093084487127,0.6809396921768129,0.5716451506150296
ITA,0.7523903452910902,0.6362165823966404,0.4940569025164257,0.47127261420961225,0.3398185048263335,0.3739201214100031,0.6253171202528395,0.4334753830568015,0.5247321537392969,0.44401411678969915,0.9179986544635502,0.49215518255826396,0.48924266915002,0.5495458192164325,0.5558422835300297,0.6249160415484002,0.6669356264076329,0.7326291910843872,0.5236377381361544,0.4995148295112293,0.6255833065245332,0.391051914324958,0.375648710009127,0.4874086699501247,0.6521189371828269,0.33579501113203175,0.48734416876409786,0.4352906666510848,0.3621987546780536,0.3906936622413554,0.5463415614621234,0.678110743375827,0.4710213517959203,0.3978198669752813,0.5925418088053702,0.5839972995667523,0.5919949309653091,0.6290504220768315,0.4900337257568966,0.0,0.6086154147133256,0.46026995575735413,0.67695314727158,0.8223869749180489,0.509002977497156,0.7857263335519242,0.5140271572122352,0.6884150458573809,0.5147754792445292,0.6288954870547196,0.5183514776926376,0.6029268919982913,0.752130469574452,0.5879619680255689,0.7443571149403458,0.3811733590240187,0.5251423350584796,0.47305043539097086,0.566556424882298,0.5216325513190834,0.640434011899439,0.4007692396382089,0.3560065349585541,0.4722057440355726,0.5062254081513518,0.6255948289574286,0.5799151310143401,0.6233006990946333,0.7950393256451708,0.4532339753508809,0.3750403086417445,0.433802611842408,0.5759039413497372,0.6057442648588707,0.4373100516390717,0.5633545864227728,0.6211537794578648,0.45325122974515025,0.6425330420229537,0.5401174622511906
JOR,0.7606650977285115,0.6942680872743405,0.5770035462321794,0.644193886884616,0.6355321550476096,0.6219282637756294,0.6751645867770428,0.548481420071795,0.5399045412313233,0.5826090509209327,0.9035814949236638,0.6129104718508532,0.6676237178748565,0.6514797717556016,0.6226209044736993,0.6242805818558191,0.6468132656943985,0.7218376897571773,0.5718692418450236,0.6210298198885681,0.6818682376317836,0.6386977564071846,0.6463232469397564,0.6484996969859009,0.646318266472156,0.565176569367035,0.630494969847578,0.6249386038118757,0.6465788830241644,0.6552845851617826,0.6169395735820784,0.7769130118238244,0.5598851900523184,0.573019613298282,0.5865496486573792,0.609132430053018,0.6924558131713862,0.6614358775275562,0.6464801484334683,0.6086154147133256,0.0,0.6393650750135625,0.7289727681945671,0.8431279107102203,0.6704227484006972,0.7257960646980305,0.6236096714784124,0.817180753819213,0.6828788977632324,0.5814731553279325,0.6088938429414982,0.7430792370467871,0.76832098081962,0.5967280691686255,0.7499023586018857,0.6348410422273669,0.6674722052667024,0.6233339389965823,0.6240917956218949,0.5695717401016639,0.6265421427473187,0.5722002665529318,0.5726707627090435,0.5981793064930317,0.5832121452564198,0.6507132724069127,0.5555285175624832,0.7446495884591269,0.8089381697688742,0.6879120929999087,0.6493662352553745,0.654152962116008,0.593362906862582,0.6411703635603594,0.5893629696939875,0.6928113749293706,0.6581272267415456,0.6210847057579928,0.6421157060526631,0.6174692769102402
JPN,0.7872664474200659,0.6890589911178098,0.5291830570607412,0.580966436501564,0.48153938213719927,0.49333457909236755,0.6878183048761227,0.548454279725062,0.5603167951463734,0.4824734455076107,0.9235267518850028,0.526031624173391,0.5408407112300522,0.609402529839511,0.5321584723241237,0.6787039678356241,0.7042335784799747,0.7680488438178884,0.5895012049621455,0.5654385802386385,0.6868742632704441,0.49724651464336267,0.4437993742672364,0.5628473121073388,0.6829448974116995,0.4739094302056291,0.5937953921059275,0.5033369941502516,0.5059233333524107,0.5318168478965176,0.588623407173459,0.7072432326324848,0.5619235039462057,0.4643744725933409,0.6177670161182534,0.6100082650005466,0.6375383611887226,0.6608122174186046,0.5322065902663247,0.46026995575735413,0.6393650750135625,0.0,0.7158055164271592,0.7924713036139648,0.4377014505624793,0.8016204561725849,0.6129918970875908,0.7441774441972636,0.6335182189556182,0.6307308248765203,0.511472024615374,0.6769827876684048,0.7627880714489144,0.6045699225254693,0.7696970272207021,0.5098360692661806,0.6088000445874294,0.595346521442728,0.6054158505425641,0.5797261942706599,0.681431065638114,0.5092238310261563,0.5077843238471169,0.5444302493625462,0.5472870890342053,0.6434415259562025,0.6307610175584364,0.6456006180484979,0.8357075069919729,0.5171994669906032,0.5223478710332684,0.4890879421561677,0.5563380269535353,0.665370628119615,0.5148583402140604,0.5114515785167537,0.6186641728723519,0.5030154511255562,0.6652706279530154,0.5803042106361392
KAZ,0.7027870027891657,0.712659620916651,0.658174415823247,0.5906255910387677,0.6622325717050899,0.6732276819441347,0.700983620935029,0.6383634609527402,0.7125821090827256,0.6334157015192394,0.8900303470251405,0.6110854143844098,0.7140031473560666,0.6869661989640339,0.7344588596155318,0.7514709784673237,0.7173788882544114,0.6960876980606886,0.6559332376878763,0.6586564494246825,0.747807877852151,0.6782178900830749,0.7087367424101917,0.7031662927031057,0.703234029491143,0.6716272833336967,0.6902233279680589,0.698073791992368,0.6675349011431048,0.656076189648476,0.6971126924951188,0.7536787759572872,0.6850915904043605,0.689149127365961,0.7155686315146247,0.6979362544583431,0.7477711255141218,0.744274548327224,0.7145037507630743,0.67695314727158,0.7289727681945671,0.7158055164271592,0.0,0.8232167457826707,0.7835140513541544,0.7678485561068332,0.6764787200329208,0.7797828931895863,0.6742951296310428,0.7403271337658318,0.6530230183830491,0.7710362587414359,0.7612653886854498,0.679403332585638,0.74337340075892,0.657421861488256,0.6681765237909429,0.6320044432045764,0.6752308934656629,0.6490481821653334,0.7230397968051907,0.6515116857180325,0.6667701802309987,0.6522752729113659,0.6023459408757691,0.6642047387116002,0.6986574081298236,0.7750345518954073,0.8297646829993535,0.7001173050797127,0.681863571775216,0.6954174718736784,0.7596526999229452,0.7229120366974519,0.6542912928243958,0.7851555948326363,0.6733949563862078,0.653670072456251,0.7070216318625562,0.6688923264151395
KHM,0.8097448591315081,0.8866689639136073,0.7737855731871165,0.8261832362180792,0.8334813441704684,0.8353564207179683,0.6650474485703083,0.7509012080196251,0.7412122823420616,0.8072778417492961,0.9640846922634105,0.8274240226139317,0.8722689845058076,0.8505861722340461,0.7816540598562738,0.8026261778972408,0.7950960551932807,0.7742510147698065,0.8177866167966003,0.8053703453374784,0.8652026983624251,0.8360721525520663,0.8557695829277411,0.8454372092814285,0.7853939242163618,0.8207103276779225,0.8358702933746763,0.8364838224543502,0.8383347433451838,0.8618389001978447,0.8159336997528606,0.903440533277934,0.8103418970422309,0.799586514551321,0.8234751564821315,0.7608553368004316,0.859188316130498,0.8420814543446151,0.84845181460961,0.8223869749180489,0.8431279107102203,0.7924713036139648,0.8232167457826707,0.0,0.822434025684427,0.7358536207239413,0.8247608731386324,0.8978296804397702,0.8219959491601067,0.7328413963352232,0.8179779028031071,0.887995252494899,0.6520436708518897,0.8297804253873132,0.8040869238240117,0.8435402493022759,0.8695708670914865,0.8015304200027463,0.7114178154795756,0.8049668583285637,0.7676800071337836,0.8055178581145312,0.8184265895543746,0.7814746010115451,0.8089668103810911,0.8328310486475975,0.7641883738497577,0.9118228014527526,0.8861281288546222,0.8458833049627583,0.8375860142693967,0.8355387014237743,0.8093088426396412,0.7510572406308975,0.7383432235956767,0.8027647359518988,0.6636581045227375,0.8435150795521128,0.7267657418568836,0.8289775518856665
KOR,0.802914722934074,0.7129847853284347,0.5521782292826233,0.6525447116008237,0.5473834497948429,0.5597950620082061,0.6910960326529705,0.613976081916527,0.5560346606798391,0.5321524883306322,0.9364649119622453,0.5913121181004224,0.5922586778244242,0.6393494191047692,0.4508759941788837,0.7064490723093524,0.7361525610199061,0.7967142818307918,0.6171699149867074,0.6441230651965274,0.7235724514460671,0.5354072044902574,0.4861477630209209,0.6271480358586363,0.7057849679446366,0.5279046786609546,0.6238558645618094,0.5386657094028494,0.5764766704446747,0.5983386728931396,0.6272669795562908,0.7563636587723346,0.6141524315642746,0.4833094132852072,0.6120296111567237,0.6167835892209331,0.686557716983429,0.7073577795705465,0.5504181487509988,0.509002977497156,0.6704227484006972,0.4377014505624793,0.7835140513541544,0.822434025684427,0.0,0.8265550471723325,0.6668682886714195,0.7726463801960143,0.7028942890197382,0.6419946139555363,0.524629620507911,0.672906004506302,0.7667062516420454,0.5805158845124013,0.81487686800619,0.5557454723391346,0.6425403709185137,0.6479194788475333,0.6201634157743081,0.6341537198678108,0.6928410829064359,0.5633134045196375,0.5580444837343574,0.605848062680802,0.5978770703606697,0.6971210425442206,0.6837349351218769,0.6359139644316223,0.8650336261659205,0.568038531149888,0.5833770973185611,0.564650583916971,0.5052643359436022,0.6746466240610464,0.5449003590754798,0.4107882502716854,0.6753707583670943,0.5649783359067858,0.6318768615727052,0.6173402782042531
LAO,0.6915301662274467,0.7950306597460408,0.7077350131028202,0.7528347293600097,0.7741662384885029,0.7937831277313371,0.6408706205931404,0.7179791739407917,0.6381632680861221,0.7209058462370861,0.8940015489910816,0.7473282891353874,0.801449542557925,0.7351047551124723,0.7443091616027422,0.684134949684213,0.6782181941227534,0.746260745549767,0.693768863627251,0.7157622895326683,0.7924184722055253,0.7681033916198449,0.8127847905472074,0.7686291218480918,0.7375090105294578,0.7517513617438784,0.7285180333838817,0.7821870243521457,0.766853023163049,0.7912284195354753,0.7247221560322575,0.8398598471470857,0.700970348096286,0.7234927335413155,0.6605263960666493,0.7134559268271659,0.7923300957659261,0.794398641205527,0.7955843198876619,0.7857263335519242,0.7257960646980305,0.8016204561725849,0.7678485561068332,0.7358536207239413,0.8265550471723325,0.0,0.7252619270503189,0.8724364023792559,0.7588630526506336,0.6510627803414598,0.7517979493482145,0.8340849586129487,0.6052498881344756,0.7330144370464837,0.7407626634466999,0.787592843942971,0.7959153887922359,0.6977830078942497,0.6149741970044621,0.7067169211669995,0.6559619435946522,0.707066113315507,0.7267168682636757,0.7165880796310509,0.7251951501530312,0.7544561507872848,0.6807639311566989,0.8652130031416181,0.8365735562156151,0.8026543247838862,0.7971147293420824,0.7902450033652741,0.7051768962580526,0.6732523256602904,0.6928263242145277,0.8222981367811689,0.7193428759141574,0.7886423206010394,0.6029883180096296,0.7464503864819266
LTU,0.7623632321673417,0.695630398979176,0.5704112267761552,0.5702952126755555,0.5327502945665967,0.5151431422730457,0.6611703746159742,0.5202708193229137,0.5645077501673766,0.5293437666073425,0.8904564151601151,0.5713323571329354,0.6088384770190135,0.58521860518688,0.6533438468489541,0.5765421002865632,0.6010590539542607,0.707637661235205,0.5682783199029802,0.5289688076174553,0.666126986868751,0.525241650573821,0.5810690008369034,0.6012502125724383,0.6523228532816066,0.5010287450490052,0.5097046965145205,0.5676532923903732,0.5206136636672329,0.5497632755829591,0.5791538835145169,0.7500058480974503,0.5225256615953483,0.5058952958651819,0.6219547755057887,0.6291531740355838,0.6654557265380514,0.7033035143257829,0.604770564912499,0.5140271572122352,0.6236096714784124,0.6129918970875908,0.6764787200329208,0.8247608731386324,0.6668682886714195,0.7252619270503189,0.0,0.7783083348083505,0.5467781702447346,0.6140698336732362,0.5792275527886297,0.7052929081490568,0.7369239689288669,0.6284120931932002,0.7447021910643767,0.5212619199838389,0.620830666572749,0.5197632086315811,0.5848763126400504,0.5479264580058641,0.6142951652913446,0.48152011806533324,0.4844359721585445,0.5417151326991366,0.5370942344641758,0.6567305937564027,0.5408974511465438,0.6879906003006515,0.8089569921604423,0.5947605400304716,0.5625487383111969,0.565838745107153,0.6277736915242218,0.6246329681915164,0.5126555047533908,0.6843854423481143,0.6339229674204526,0.5817295393575797,0.6516802356603167,0.5916398236649256
LUX,0.840576480911208,0.7905689474501164,0.7707061034835918,0.7015546785129589,0.6743466111300205,0.6889778883278909,0.7680304000464259,0.719172326243277,0.7723990182179111,0.7341394840551151,0.9600031197770929,0.7029141494297326,0.7046680002642668,0.7501845383844185,0.8139471002260148,0.8079080508942782,0.822894891301428,0.8731359706578836,0.7675088964804834,0.7066403775606747,0.7459798395137248,0.7071945679396615,0.6992473429208897,0.715001109066138,0.8559240711696925,0.6996658645322914,0.7494519325521802,0.7298349286940894,0.6669514537271141,0.6643445394513484,0.7497199431323871,0.6730028381572095,0.7633573377780208,0.7185416852394728,0.810149234887455,0.796101722778433,0.6953242802784317,0.7396450278441767,0.7055795440327134,0.6884150458573809,0.817180753819213,0.7441774441972636,0.7797828931895863,0.8978296804397702,0.7726463801960143,0.8724364023792559,0.7783083348083505,0.0,0.7347282643189793,0.8146688723151521,0.773171585038183,0.7515026138268832,0.8667023262818722,0.7614241908277513,0.8190872504777814,0.6827291081877137,0.7386299009386937,0.7253876640476703,0.7907548609535034,0.7846529621425506,0.7924093707427984,0.7278625536616733,0.6831960900362509,0.7482720985109252,0.7507537336357509,0.7880228882005258,0.7964069655508196,0.7686469714114765,0.705666828832647,0.7236573133156542,0.69973269161357,0.7130628963569476,0.8084372207908682,0.8172729731422825,0.7457867196037862,0.7773670811740636,0.7751095069169959,0.6731374338011911,0.8351246757992017,0.7646143175750669
LVA,0.7485905749812766,0.7125919966482928,0.6420958934824853,0.5161071587678154,0.44565588432242,0.5148263083377413,0.6630101986221671,0.5311554006948191,0.6233808853487304,0.6121646238419012,0.9480269953398628,0.589541138876905,0.5587185398694661,0.5969374608873209,0.6965823357804933,0.6499608858144708,0.6781733437803148,0.7502112315807954,0.6397379156975022,0.566128892330572,0.5748536481608144,0.4810577319495576,0.5621387288298736,0.606557728332102,0.7014981891315035,0.48879755350302834,0.39708941613381166,0.5321974089872311,0.49861220518432275,0.5289859469102149,0.6254501516295083,0.7114620436353457,0.5672174012535024,0.5663643381305693,0.685093861993009,0.7035636278520607,0.6665044146280289,0.6619908035059927,0.6384109716549868,0.5147754792445292,0.6828788977632324,0.6335182189556182,0.6742951296310428,0.8219959491601067,0.7028942890197382,0.7588630526506336,0.5467781702447346,0.7347282643189793,0.0,0.6841216728451894,0.6718462267725341,0.6240282856334436,0.7781124071842427,0.6821431915837841,0.7421049861558662,0.5535900374870721,0.5954827903801976,0.5154942142525235,0.6339959609103023,0.6223500704098306,0.6938752720517277,0.50662100530743,0.4746276602285426,0.541389645608552,0.5716674134651998,0.7012518992525179,0.6005530851864693,0.6935366832531474,0.797791057941402,0.5062620672881406,0.48255812373746004,0.5010185163741081,0.697216025372689,0.6360715702781753,0.5389567486548807,0.7187734702685312,0.6769480731506164,0.6162020749854751,0.703727310754989,0.670151425248259
MAR,0.7236930035268699,0.7454752031999021,0.5311054631360017,0.6371577732076412,0.6411354101995238,0.6270874779877906,0.577393358250609,0.5686451639316404,0.4329372392209526,0.535224105842873,0.9154759095725344,0.6059021143213527,0.6917887369948723,0.6367596191164111,0.5687350450260559,0.5999207843682639,0.621386836732296,0.6509334896118468,0.565980003311564,0.5842844007634724,0.7217936258460412,0.6301524216534761,0.6395267866400484,0.6780971139392985,0.6381571770421351,0.5705993637630099,0.650738838048737,0.6569862953040199,0.6219016077981921,0.6710439453985663,0.6417405870284327,0.8225587854274339,0.5855714227797176,0.5512974597404992,0.5375040258100064,0.5362075239940698,0.681231713579362,0.6777377141769716,0.657883898163035,0.6288954870547196,0.5814731553279325,0.6307308248765203,0.7403271337658318,0.7328413963352232,0.6419946139555363,0.6510627803414598,0.6140698336732362,0.8146688723151521,0.6841216728451894,0.0,0.5720937277247077,0.7680850502721445,0.6264920757463415,0.6084218394441904,0.70647245329303,0.6346027173973953,0.7044029340632151,0.5988152773325951,0.5365026647364354,0.5403241705106849,0.5398706037766335,0.562853899470335,0.5640198217242064,0.5841039961547997,0.6093309424520145,0.6629541021080442,0.491002892543481,0.7784527618030843,0.8319543642239036,0.6785380362059698,0.6602828195931709,0.6569336020846062,0.5538476108793647,0.5399642419504516,0.523218682441463,0.6789515605867104,0.6196304682236594,0.6322386491520167,0.5641964307804982,0.5999252684237448
MEX,0.7378674084945844,0.6433666073196244,0.46568110950148267,0.5821206363659537,0.5519238931639295,0.5258827119084373,0.6747068681438415,0.5642814869613323,0.5459375571668414,0.41278240214026196,0.8694742646826261,0.506773869544742,0.6043214986933744,0.6056767754747895,0.5129671234101911,0.6370928446776937,0.6692757949368421,0.6876188911275873,0.5288473741143804,0.5785120219029247,0.7227594577132963,0.5457859425115931,0.5347513510928357,0.6090789709805445,0.612705995261535,0.5129084034218901,0.601104843880382,0.5599267812577763,0.5599614813281021,0.5778532494991475,0.6184760504713276,0.7436553414002514,0.5768276357717846,0.4655102970104079,0.5391060404071462,0.5344327781240888,0.6705537966158296,0.7116491451134037,0.5600324746891736,0.5183514776926376,0.6088938429414982,0.511472024615374,0.6530230183830491,0.8179779028031071,0.524629620507911,0.7517979493482145,0.5792275527886297,0.773171585038183,0.6718462267725341,0.5720937277247077,0.0,0.7127970916072777,0.7198623117039247,0.5269188587681988,0.7549439839703108,0.5360923571390518,0.6156542409179754,0.5785868609955761,0.5810604147728571,0.5198068333499791,0.6115710119175719,0.4987694990321521,0.5407240850523346,0.550359778923589,0.4985988926631464,0.6217776143773004,0.6032156475141921,0.6747885839723015,0.8559233318845763,0.592617727229731,0.5860220831146963,0.5821539527108807,0.5430172842471933,0.6299220807312746,0.5060245579998568,0.5732596291619709,0.615705400457268,0.5100451199028513,0.6056494145226655,0.5553592158225785
MLT,0.7868611082931367,0.7178487641684019,0.6949285146486863,0.6158442036831377,0.5817464315690389,0.6146122608708953,0.735765407771845,0.658107961202842,0.7109719995319824,0.6757888076885403,0.9532916506431038,0.6681721550394524,0.5669559042919421,0.6500084201342542,0.7417610235057455,0.7864443402987952,0.7698930151442722,0.8277632556418824,0.678502147044727,0.6563237778089327,0.6542588452967335,0.61248465710695,0.6167414023820519,0.6457990064585472,0.7911078099156511,0.5855331180206479,0.5688652464109442,0.6184801935261744,0.5796934882379201,0.5631742649733139,0.6711018964566612,0.7090730779448194,0.6453812997474772,0.6191827316686247,0.7566037547331008,0.7779104832086337,0.6248078769555307,0.6645618449976288,0.6006226216824625,0.6029268919982913,0.7430792370467871,0.6769827876684048,0.7710362587414359,0.887995252494899,0.672906004506302,0.8340849586129487,0.7052929081490568,0.7515026138268832,0.6240282856334436,0.7680850502721445,0.7127970916072777,0.0,0.8397286137091132,0.6921295408755196,0.824122379449064,0.5982085210549813,0.6591829368801339,0.6309138350817707,0.7171281724359099,0.7125224423252853,0.7273233451923014,0.6566921053102769,0.5730168479539403,0.688038462315628,0.6947186108992985,0.7642944013179643,0.718032938379366,0.6861905711234699,0.8037422024145894,0.6071878620287052,0.6124675699317641,0.6351526525215956,0.667297872715481,0.7338018984687341,0.6718774337125173,0.6686140151773333,0.7879820198857188,0.6556614199332345,0.7249031578360363,0.7256606236133395
MMR,0.7171073112504355,0.8036624408173211,0.6640533739443343,0.736619760794922,0.7665830436045089,0.7593737686493851,0.5515235534938222,0.6999744022961507,0.5872403910089893,0.6948499773304424,0.9148223133941652,0.7275406164435194,0.7929517994064281,0.7438511158105826,0.6765197459292492,0.7297781821983682,0.7311450410606474,0.7297282977503076,0.7168445952491549,0.734566275978841,0.8005461629511914,0.7570247214091294,0.7766366186401036,0.7562117273642144,0.7269192014639951,0.7406066754952724,0.74437903121554,0.7615712678434876,0.757443663476734,0.7828893756960054,0.7470812164440396,0.8663723917663432,0.7051957794692054,0.6969946072096942,0.6783651326822397,0.6626935351404646,0.7934205524200588,0.7693743667892496,0.7684782181857295,0.752130469574452,0.76832098081962,0.7627880714489144,0.7612653886854498,0.6520436708518897,0.7667062516420454,0.6052498881344756,0.7369239689288669,0.8667023262818722,0.7781124071842427,0.6264920757463415,0.7198623117039247,0.8397286137091132,0.0,0.7314600737880453,0.7301278042384676,0.750938946317908,0.7690958475436778,0.695544619666407,0.5064025837012959,0.6887942300954055,0.6570047571368337,0.7093885607485909,0.7284710732863358,0.7190776806887214,0.7335467931206111,0.745483180915737,0.6971814103101406,0.8367483178876923,0.8546725267469761,0.7970916945898543,0.7662421466983972,0.7687270739136913,0.6944481141984717,0.633653719820125,0.6434980171073962,0.778764953417228,0.6636130926916033,0.759877011769593,0.5654391804348425,0.7418298851445468
MYS,0.7258622562505976,0.6655294321713338,0.5161387281637224,0.6241351036819884,0.6109495839275335,0.593242291797723,0.6837591548717915,0.5930663493262308,0.5582032330410018,0.49999238670567586,0.8894074949835359,0.5750734535040464,0.6335880936709887,0.6450650192374883,0.5691668711160741,0.6503125631859196,0.6442659118689886,0.7224053627109818,0.5629600864766717,0.6031741922940833,0.7117766401623976,0.5840954123737914,0.6175337836029944,0.6289104984605942,0.6317481246495738,0.5711416880878846,0.5968489349108231,0.5948576966432447,0.6147178641328501,0.612988050011336,0.6483614612158223,0.7295270458990174,0.6028172800535294,0.5421823616854431,0.5096233202602676,0.5851363261388195,0.6675492200987626,0.692606980775948,0.612365747845256,0.5879619680255689,0.5967280691686255,0.6045699225254693,0.679403332585638,0.8297804253873132,0.5805158845124013,0.7330144370464837,0.6284120931932002,0.7614241908277513,0.6821431915837841,0.6084218394441904,0.5269188587681988,0.6921295408755196,0.7314600737880453,0.0,0.7272899898897365,0.5803131399154693,0.6331423414282288,0.6034189484374906,0.6057243014961751,0.571772688878813,0.5780888521990396,0.5394072468535899,0.567162416712353,0.6032623386729675,0.5614631364589007,0.6224712957260851,0.6029206160406657,0.6803947344627432,0.8248695679190038,0.6382407829940192,0.6366439107100925,0.6388497962999196,0.509454678788962,0.6245939642706605,0.5973574307545582,0.5876764170552071,0.5965562225136368,0.5892427609256354,0.5852911277191393,0.6157513909757913
NGA,0.7728823449620319,0.803639851530808,0.6832429772070587,0.7199479198433371,0.7524147555839589,0.7433506702090481,0.7038522652073492,0.6952298093053452,0.667360777980796,0.7169893600619552,0.954586813126951,0.7171871160382932,0.765180666657224,0.7206386170257046,0.7854789179155817,0.7149869287151296,0.7107496267772857,0.7205785096965529,0.707258186924392,0.673015529298785,0.7752949276941763,0.7432904059669692,0.7753530051616816,0.7360286609304274,0.7854750991166345,0.7199842876299394,0.742585880168628,0.7758182157739794,0.7282429603220418,0.7447929392234899,0.7380943914211608,0.7884396631754587,0.7181227470792004,0.7099996163470937,0.728647715860035,0.7863158320206229,0.7190575185623215,0.7700330906871419,0.7348163099446015,0.7443571149403458,0.7499023586018857,0.7696970272207021,0.74337340075892,0.8040869238240117,0.81487686800619,0.7407626634466999,0.7447021910643767,0.8190872504777814,0.7421049861558662,0.70647245329303,0.7549439839703108,0.824122379449064,0.7301278042384676,0.7272899898897365,0.0,0.7377616994560734,0.7604373789531356,0.6708646855145916,0.7091752867863895,0.7066886336110262,0.6334104137814307,0.7106506419259196,0.7218731792643474,0.7025791045341857,0.7479519380920715,0.7328674243179035,0.6710993066973727,0.8454838903243941,0.86504583417878,0.792204316836477,0.758258249780337,0.7608703286134493,0.751652428851344,0.7255650572475505,0.7173324042629385,0.819727043627183,0.7012178413553399,0.7223295435938095,0.7376945559786071,0.752344664712233
NLD,0.737867485057716,0.6210850948646596,0.5181992235126107,0.43407945678490206,0.4094598551675688,0.3605801587718612,0.6563261520301729,0.49506949250243176,0.5690436084492762,0.45429445964338855,0.9080946287245408,0.44075097679408026,0.4658581757342707,0.5146226170535042,0.6200360281898105,0.6542069468261732,0.6674393813489188,0.7284269176327718,0.5357212036817592,0.46496822101884133,0.6040295605513494,0.4437200832637757,0.4231947617491707,0.45431337957570633,0.672910456208456,0.4069475041379096,0.5052435978073945,0.4388903598137744,0.35598775458447107,0.3615509898293406,0.5457458521745342,0.6420036958741753,0.49828260279247827,0.42258752446988285,0.6350762846206178,0.6295730032223137,0.5626628788211242,0.6144750323732218,0.4119972842413841,0.3811733590240187,0.6348410422273669,0.5098360692661806,0.657421861488256,0.8435402493022759,0.5557454723391346,0.787592843942971,0.5212619199838389,0.6827291081877137,0.5535900374870721,0.6346027173973953,0.5360923571390518,0.5982085210549813,0.750938946317908,0.5803131399154693,0.7377616994560734,0.0,0.4611964141373979,0.4399622228907485,0.5985890587045576,0.5405878206236352,0.6228649295027668,0.4565326398579554,0.4153219229048203,0.5309411318519932,0.5203985341971292,0.6130601129230211,0.5852353648370099,0.568255453700336,0.7848094972457307,0.5299610230890287,0.4519972299228434,0.46561119552546093,0.6146232014265668,0.6239017901203144,0.5289632864296271,0.5676559741911178,0.6310268384478657,0.403758109549747,0.6707410099874296,0.5391205527150569
NOR,0.7260999434357098,0.6192207305731918,0.6200424488134411,0.4945093152893053,0.5230841326660524,0.5193589866569933,0.6624580143689903,0.5926593875424191,0.6355327513058596,0.5745747871734352,0.912708695663937,0.5008243153740588,0.5771302428806525,0.5848010156193539,0.6878815124067231,0.7059856116700578,0.6868904193179628,0.751262491939355,0.6190073840262229,0.5577614517271422,0.5967838830870809,0.5576669346643781,0.5496891466246646,0.47489384545895763,0.6773658682552939,0.5428427985394602,0.5541367098993804,0.5306067676953825,0.5072831420053052,0.48780615539524536,0.5815363617528448,0.6794386642126969,0.5783868584975637,0.5777625318862023,0.6717333222198749,0.6936207981659654,0.6559014679439712,0.6257872381577774,0.577302376999505,0.5251423350584796,0.6674722052667024,0.6088000445874294,0.6681765237909429,0.8695708670914865,0.6425403709185137,0.7959153887922359,0.620830666572749,0.7386299009386937,0.5954827903801976,0.7044029340632151,0.6156542409179754,0.6591829368801339,0.7690958475436778,0.6331423414282288,0.7604373789531356,0.4611964141373979,0.0,0.5175752859229839,0.6688983754201765,0.5916391277511078,0.7102407577713237,0.5699359384477415,0.5474953647172424,0.592612410970107,0.5523300145478658,0.6633002323732186,0.6527556281412453,0.6295885442886807,0.8237634713835927,0.6344082800580797,0.5512984218967777,0.5350134951322649,0.6831725031336776,0.6555531715466615,0.612609710884233,0.6864889728872695,0.6928604202612475,0.5284756533880401,0.7039518018858061,0.635919029781408
NZL,0.6981096967742891,0.6562131864963209,0.5230152970242089,0.4342173377260872,0.4320804760519184,0.4697631178432086,0.6016855573634108,0.49172538859382364,0.5346110317763428,0.5108134262056035,0.9155313654919875,0.48375641947089965,0.5369621394371602,0.5060796498675662,0.630015086120187,0.602608091088101,0.6183681945680175,0.6680587205856631,0.5314909707711384,0.4884675304318825,0.5937156464945528,0.47812614283895105,0.5207194652907285,0.5151402892916925,0.6482763868811725,0.46158846143815946,0.5141743129994958,0.5158913149387346,0.4285232432310532,0.4303093850803663,0.5625912942371079,0.6909813564817726,0.500539926910237,0.48394184402502727,0.5979047261851788,0.63122086159637,0.5873065323517231,0.6036490846410169,0.528440995148129,0.47305043539097086,0.6233339389965823,0.595346521442728,0.6320044432045764,0.8015304200027463,0.6479194788475333,0.6977830078942497,0.5197632086315811,0.7253876640476703,0.5154942142525235,0.5988152773325951,0.5785868609955761,0.6309138350817707,0.695544619666407,0.6034189484374906,0.6708646855145916,0.4399622228907485,0.5175752859229839,0.0,0.5537700458074397,0.538948877553713,0.5881651901366918,0.4632615269869655,0.42809359951865744,0.5193666121113208,0.5428939254455394,0.647809582210396,0.5461067722003825,0.6884741803275456,0.8105471441617709,0.5536031051074107,0.5088055609727486,0.5013573387405778,0.6212250406780015,0.6040000104374759,0.511043227539931,0.6840032842427606,0.6386068647903886,0.4828842034633081,0.6133651656933645,0.5632046112250761
PAK,0.6511547297233685,0.7253344434934305,0.493425415468786,0.6088595647123933,0.5613294075038151,0.6102000506332639,0.5377404104414238,0.5594045300178037,0.43613506800359975,0.5091618621482317,0.9109273296404594,0.5915007054995403,0.6231743991003704,0.6265697272964775,0.5555014645274197,0.6405866204646954,0.6472700034516906,0.6959211579024632,0.5447950781525452,0.6082832221981309,0.6930446315858975,0.5886562283254756,0.6072009173399472,0.6143000101272089,0.5929386356491518,0.543649033217146,0.5908624947359102,0.6187141198593771,0.587688038491561,0.596965546086976,0.5867939385054836,0.7717829487502685,0.5252718137134329,0.52641816522984,0.5559058818003884,0.5383918121735,0.6805211424182861,0.684196724090003,0.64793693184309,0.566556424882298,0.6240917956218949,0.6054158505425641,0.6752308934656629,0.7114178154795756,0.6201634157743081,0.6149741970044621,0.5848763126400504,0.7907548609535034,0.6339959609103023,0.5365026647364354,0.5810604147728571,0.7171281724359099,0.5064025837012959,0.6057243014961751,0.7091752867863895,0.5985890587045576,0.6688983754201765,0.5537700458074397,0.0,0.5574237385628458,0.5822212299706729,0.5682534814458496,0.5177714765303573,0.554660739759703,0.5332425034618216,0.6514289557141405,0.586549309072931,0.7380517061476993,0.8208250463106119,0.5957459361279566,0.6202972228507998,0.6186749851491966,0.5307373673523882,0.5755111206891096,0.44244716874522577,0.6493434565752274,0.5837973005905787,0.5976582047016941,0.5358717603293275,0.6214575646361189
PER,0.7229752466691662,0.6735221470028271,0.4545344767363291,0.5334505616781189,0.5613922064031094,0.5413004086462698,0.6020963790872204,0.5243046934966109,0.5280905399571354,0.4328342446194551,0.896295693999157,0.49912850439741063,0.6328053435494511,0.5269702991744037,0.5795068127167662,0.5750632752578612,0.5474110588829209,0.6461497545730824,0.4574789956598875,0.5136690704147876,0.675726325730358,0.5896541520790856,0.5798975756062851,0.6054585717184671,0.6002777924405318,0.5062208519686755,0.5787694340033599,0.5687176294411276,0.5352100631778111,0.5539251703188184,0.5940582243461442,0.7688488477645024,0.5413891498304388,0.5348693837655304,0.5272458402538611,0.572118117101788,0.6485973766503893,0.6273989950666556,0.5793545253319865,0.5216325513190834,0.5695717401016639,0.5797261942706599,0.6490481821653334,0.8049668583285637,0.6341537198678108,0.7067169211669995,0.5479264580058641,0.7846529621425506,0.6223500704098306,0.5403241705106849,0.5198068333499791,0.7125224423252853,0.6887942300954055,0.571772688878813,0.7066886336110262,0.5405878206236352,0.5916391277511078,0.538948877553713,0.5574237385628458,0.0,0.6096457504776264,0.5124163473253667,0.498871388243764,0.545037808766678,0.5338423752224456,0.625625949336859,0.48905176360039565,0.740353914323593,0.8110085053051577,0.6531351164610647,0.5782337858512396,0.5972619158659662,0.5390199334140974,0.5573501335379167,0.48096885112256615,0.659104411299357,0.625356129182329,0.5315062613465112,0.5967583367409337,0.5525307024859272
PHL,0.7234424119381758,0.744342526794988,0.5563849696034443,0.6497106814384845,0.6590656547616419,0.6533523976717387,0.6386143255309632,0.577344282570024,0.5105551887942466,0.5677588726897775,0.9208027044070062,0.6511115189007922,0.6607648880855965,0.6091315744139502,0.6516612596839608,0.6170020298738266,0.6430425197746804,0.6372191458148001,0.6034685045420306,0.5576346383113698,0.7332289065508523,0.6561082869000134,0.690695202647244,0.6717958726288312,0.6891660904841045,0.5962573946561818,0.6392655497592926,0.6808878212981633,0.6401727985469806,0.6716267921811901,0.6559175812407854,0.7463485835384224,0.5755049811527931,0.569283968264004,0.5775141104072234,0.6415124252941301,0.6373420477646903,0.6848140802499424,0.6521545706379371,0.640434011899439,0.6265421427473187,0.681431065638114,0.7230397968051907,0.7676800071337836,0.6928410829064359,0.6559619435946522,0.6142951652913446,0.7924093707427984,0.6938752720517277,0.5398706037766335,0.6115710119175719,0.7273233451923014,0.6570047571368337,0.5780888521990396,0.6334104137814307,0.6228649295027668,0.7102407577713237,0.5881651901366918,0.5822212299706729,0.6096457504776264,0.0,0.5873223552647135,0.5949856269916276,0.6098351889278943,0.6299863476716686,0.6482847428986119,0.5481644084147592,0.7620902711528502,0.8009168201700408,0.6957077281635565,0.6889098015411097,0.6955908428846452,0.5770637312247507,0.6265344424827443,0.60595735662053,0.6875499159322215,0.6176207294218778,0.6623004303773673,0.6010943240164223,0.6435571927497477
POL,0.7441399258072104,0.6388558153827572,0.49652823691330883,0.4788909274506634,0.4092835899047387,0.42000732993661843,0.6309705614190338,0.397526311146351,0.4752014445783332,0.44615034058808173,0.898345486604077,0.49956377439011335,0.5489502336878185,0.5481318726127608,0.5537140377642027,0.5800301811704374,0.6297145703721041,0.6805823374464446,0.532706418298891,0.4877027685236909,0.6309846053063588,0.36327906051393694,0.44675196794431743,0.5574618183118379,0.6470970497062543,0.3840783109192144,0.48774014741544314,0.4412319598633525,0.43705568730625494,0.474011593729561,0.5786317452398809,0.7109254356328778,0.4622494001433674,0.377980225744812,0.5318649053694043,0.5521336830667919,0.6123321075442505,0.6521143860651482,0.5523873639559608,0.4007692396382089,0.5722002665529318,0.5092238310261563,0.6515116857180325,0.8055178581145312,0.5633134045196375,0.707066113315507,0.48152011806533324,0.7278625536616733,0.50662100530743,0.562853899470335,0.4987694990321521,0.6566921053102769,0.7093885607485909,0.5394072468535899,0.7106506419259196,0.4565326398579554,0.5699359384477415,0.4632615269869655,0.5682534814458496,0.5124163473253667,0.5873223552647135,0.0,0.39620596056889446,0.4234835503266107,0.47891897833255487,0.6227789047339877,0.5326249660218625,0.6729775725734753,0.8203951831980405,0.45252254022922694,0.39015080908300326,0.4585751962402632,0.5592416402492383,0.5833822663414842,0.436251549377984,0.5976021225888095,0.5699052602812512,0.5093575823449712,0.5936009927448377,0.5309798039207732
PRT,0.7076875792792451,0.6201757879119855,0.49216349617108585,0.44984654561940696,0.33572356068004255,0.38198573471077824,0.5996763001114975,0.44819567634474355,0.48405842249703723,0.4268549729003238,0.9123464430298095,0.485997921172517,0.4894838737803946,0.5053173577531807,0.5858869076412277,0.5946762450036465,0.6206748173754896,0.7165753621778075,0.49229116157541447,0.47153801667764716,0.585462734112668,0.3997372920473428,0.4363948733622173,0.5240442719869429,0.6528764508903123,0.32661390163884,0.46368015861456874,0.4613745423533695,0.35385498798939646,0.3836840850154309,0.5349972467262942,0.6595389086024832,0.4451859896412806,0.4096543849252308,0.549268321896917,0.5967871841898806,0.5760537958771017,0.5967472610792375,0.4989946854478909,0.3560065349585541,0.5726707627090435,0.5077843238471169,0.6667701802309987,0.8184265895543746,0.5580444837343574,0.7267168682636757,0.4844359721585445,0.6831960900362509,0.4746276602285426,0.5640198217242064,0.5407240850523346,0.5730168479539403,0.7284710732863358,0.567162416712353,0.7218731792643474,0.4153219229048203,0.5474953647172424,0.42809359951865744,0.5177714765303573,0.498871388243764,0.5949856269916276,0.39620596056889446,0.0,0.48170945685095073,0.49555960795681375,0.6134909986586994,0.5218386507389742,0.647821250012803,0.7612962724908615,0.4302792464654538,0.4127039814192297,0.46853518596806687,0.5428295286795224,0.5905856340755804,0.40092216910640643,0.5950799760669038,0.6353383133005877,0.4780117967425988,0.6104918411905439,0.525858705428142
ROU,0.7135422723825454,0.6820916692615346,0.5248143336199924,0.5122252971610212,0.4803735430049633,0.5220081970165504,0.6111138928710311,0.4350564765165129,0.5277786058913461,0.48897104281827375,0.9206691838930038,0.5432640400780403,0.5780443137233057,0.5863939464280874,0.5768177569165096,0.6277708424630516,0.6198423940121426,0.6919634202538123,0.5489625909012931,0.5221427657263539,0.6523636705254057,0.48435526662621836,0.5314228140387977,0.5775309125530894,0.6413086096202948,0.4698801081266895,0.5257222497109368,0.5543958508493821,0.4990426612630624,0.5246233836595481,0.5832462444905742,0.7166695710813574,0.5125838874405391,0.48628809916235133,0.5605869773511537,0.5599047669922846,0.6445713342165419,0.6764466225088054,0.6190028713610466,0.4722057440355726,0.5981793064930317,0.5444302493625462,0.6522752729113659,0.7814746010115451,0.605848062680802,0.7165880796310509,0.5417151326991366,0.7482720985109252,0.541389645608552,0.5841039961547997,0.550359778923589,0.688038462315628,0.7190776806887214,0.6032623386729675,0.7025791045341857,0.5309411318519932,0.592612410970107,0.5193666121113208,0.554660739759703,0.545037808766678,0.6098351889278943,0.4234835503266107,0.48170945685095073,0.0,0.48596963453601044,0.5946244762858834,0.564337460896738,0.726877454236092,0.8204091812219111,0.5259938150941409,0.4847156504433061,0.5178542792332842,0.5714682985983792,0.6070776899342615,0.46044619045372215,0.6411161124421069,0.6070170843550226,0.5594656832556972,0.6195306221318999,0.5813483491510345
RUS,0.7059175901180036,0.6066021114109446,0.5190649171560973,0.5473543641179033,0.49389711584726875,0.5165814490354489,0.6505362096111632,0.4937956403906722,0.54195468188877,0.46145148974650435,0.8703312137842955,0.49320553087213564,0.5897724296328247,0.5892869768126207,0.5706234589282958,0.6398375557224887,0.6470205847273885,0.6994995255370295,0.5456838166718453,0.5912554065139561,0.6856771317158216,0.5163218907487963,0.528977405510735,0.600436049132858,0.6124015000900264,0.4791104168980757,0.5550266433554092,0.5486900661268702,0.5190635571693256,0.532322582463452,0.586315610173946,0.7443710445201046,0.5173268263968882,0.48909025700860187,0.5684911022366725,0.5625594381604543,0.6848145898674316,0.6698129111189665,0.5893544914736757,0.5062254081513518,0.5832121452564198,0.5472870890342053,0.6023459408757691,0.8089668103810911,0.5978770703606697,0.7251951501530312,0.5370942344641758,0.7507537336357509,0.5716674134651998,0.6093309424520145,0.4985988926631464,0.6947186108992985,0.7335467931206111,0.5614631364589007,0.7479519380920715,0.5203985341971292,0.5523300145478658,0.5428939254455394,0.5332425034618216,0.5338423752224456,0.6299863476716686,0.47891897833255487,0.49555960795681375,0.48596963453601044,0.0,0.6147053239027285,0.5917304481762569,0.6717263225868204,0.8164676233919571,0.53106280424621,0.5619516429393694,0.5364067117703245,0.5750191909022037,0.63145736639616,0.48079717364655644,0.6074259161797174,0.5709230955158258,0.5278393873581535,0.638164960494588,0.5546416404021085
SAU,0.7200731535841038,0.6800270596712243,0.6052579906595771,0.6185238168266264,0.6476443987161314,0.6194809476235238,0.6881035329040355,0.6292064851068082,0.6631666307889726,0.5714015769717353,0.8880945738302759,0.5994139186624949,0.6680383169508889,0.6772547923914904,0.697347301833686,0.7085795609128033,0.6800003661787356,0.7805884509881826,0.6183381051617715,0.5779107436763528,0.7282096341054545,0.671513311893892,0.676694960666345,0.6730359725279921,0.691946850150896,0.6049510521689127,0.6629139538858254,0.6605492846944923,0.6393826168797279,0.6529981902146601,0.654755103804909,0.7079536557867387,0.6217046378499723,0.6247636671349548,0.6087105856726648,0.6543880627590808,0.7325400551971685,0.7269419743923389,0.6514406059966353,0.6255948289574286,0.6507132724069127,0.6434415259562025,0.6642047387116002,0.8328310486475975,0.6971210425442206,0.7544561507872848,0.6567305937564027,0.7880228882005258,0.7012518992525179,0.6629541021080442,0.6217776143773004,0.7642944013179643,0.745483180915737,0.6224712957260851,0.7328674243179035,0.6130601129230211,0.6633002323732186,0.647809582210396,0.6514289557141405,0.625625949336859,0.6482847428986119,0.6227789047339877,0.6134909986586994,0.5946244762858834,0.6147053239027285,0.0,0.6399575916842064,0.7368376984871687,0.8198167370422579,0.7006905533244789,0.6591162698753462,0.6658607362587605,0.6660528552547884,0.6782377948261271,0.6254482449144835,0.6933128891778204,0.6805506787317279,0.6228865021852732,0.6921890339973523,0.6178559382523275
SEN,0.7379165382563687,0.7230404641786102,0.5275965777692941,0.574418078790541,0.6017822511279819,0.5668376167600019,0.6051777355979095,0.5390913461773795,0.5295921196073029,0.5397837007770383,0.9120802077216557,0.5980234425484795,0.652453665078333,0.5577397146296366,0.6279764665318674,0.578367065073136,0.5640041683610953,0.6410723391923955,0.5334711766811808,0.5156238983781116,0.6299827116122702,0.6075645356713107,0.6345306770360944,0.6382568323960659,0.6347571743406751,0.5220381738792532,0.5820971929486651,0.6204154299325854,0.5633876290016877,0.610952638497805,0.5866332610406042,0.76861630527374,0.5422314752170517,0.558130615145869,0.5955349597490969,0.602466759042781,0.6644230218262905,0.6508543693119325,0.6230735974819575,0.5799151310143401,0.5555285175624832,0.6307610175584364,0.6986574081298236,0.7641883738497577,0.6837349351218769,0.6807639311566989,0.5408974511465438,0.7964069655508196,0.6005530851864693,0.491002892543481,0.6032156475141921,0.718032938379366,0.6971814103101406,0.6029206160406657,0.6710993066973727,0.5852353648370099,0.6527556281412453,0.5461067722003825,0.586549309072931,0.48905176360039565,0.5481644084147592,0.5326249660218625,0.5218386507389742,0.564337460896738,0.5917304481762569,0.6399575916842064,0.0,0.7557300561712526,0.8167947033241343,0.6711483113177978,0.613571367414174,0.6282071676084355,0.6124187556388,0.5463884241397756,0.5470593978941003,0.7076452843147427,0.615392909255277,0.6022142075523982,0.6025427199179754,0.5906921910306019
SGP,0.8142859767338411,0.651057579978294,0.7180154415083114,0.6643682656703603,0.6433271592746853,0.5863792417890774,0.7768425071767399,0.7012197485627137,0.7009260765818162,0.6777778628826145,0.8825302387808426,0.6791957491044193,0.5564211887334835,0.7064754627226614,0.720718315347184,0.7651323473979182,0.7742378363471224,0.8763665571981591,0.7216409937204686,0.6705584078213751,0.6679035919184033,0.651096181654539,0.6268684285055992,0.5904796291616182,0.7571549211408737,0.6451823987569515,0.6489336973844442,0.6045194916955496,0.6150619537290919,0.6237084007749566,0.620185530149505,0.648338402720416,0.6896593855893907,0.6371106138493426,0.7321148456321169,0.7493902599238438,0.7077434053025001,0.7339592395022387,0.597255736647249,0.6233006990946333,0.7446495884591269,0.6456006180484979,0.7750345518954073,0.9118228014527526,0.6359139644316223,0.8652130031416181,0.6879906003006515,0.7686469714114765,0.6935366832531474,0.7784527618030843,0.6747885839723015,0.6861905711234699,0.8367483178876923,0.6803947344627432,0.8454838903243941,0.568255453700336,0.6295885442886807,0.6884741803275456,0.7380517061476993,0.740353914323593,0.7620902711528502,0.6729775725734753,0.647821250012803,0.726877454236092,0.6717263225868204,0.7368376984871687,0.7557300561712526,0.0,0.8518067949928356,0.679664594845948,0.674166850449513,0.6496062029795959,0.706388950817395,0.7740484803395415,0.7028724209164857,0.6218824348466535,0.7616750195255342,0.6528480920207069,0.7612467069871017,0.7304000681056321
STP,0.8655572381610624,0.8442540898073513,0.8134521290243405,0.7697450742364295,0.797461656036115,0.7966758761291426,0.7913821513463865,0.7824101415583202,0.8220781022284451,0.8043112076079694,0.9624512245803036,0.7766120550156177,0.8235420688087756,0.8245835159589601,0.8774185774348134,0.8594335836881475,0.8235631272790591,0.8667492272865017,0.8102404325865367,0.7694021244352264,0.8065489496706357,0.8089458738578791,0.8152152707605357,0.8103423261170309,0.8594205755935148,0.7792746364421137,0.7826432126969225,0.8244803910226257,0.7771722541995572,0.7626462610890958,0.8092935950289566,0.767328279481189,0.7768941709232969,0.7873686103382733,0.8503950388316162,0.8353281209344239,0.7835385040415038,0.7608466132770877,0.8073315095362393,0.7950393256451708,0.8089381697688742,0.8357075069919729,0.8297646829993535,0.8861281288546222,0.8650336261659205,0.8365735562156151,0.8089569921604423,0.705666828832647,0.797791057941402,0.8319543642239036,0.8559233318845763,0.8037422024145894,0.8546725267469761,0.8248695679190038,0.86504583417878,0.7848094972457307,0.8237634713835927,0.8105471441617709,0.8208250463106119,0.8110085053051577,0.8009168201700408,0.8203951831980405,0.7612962724908615,0.8204091812219111,0.8164676233919571,0.8198167370422579,0.8167947033241343,0.8518067949928356,0.0,0.8161254547660903,0.7976343139115534,0.8297673229374426,0.8119018140326252,0.8086457663819596,0.8142137104241151,0.865959134684228,0.8363564642633547,0.7872901715872068,0.8404445016889999,0.8086510694004638
SVK,0.7465329161058016,0.6737803922497261,0.6003309955040564,0.5521219177367704,0.40005703048664293,0.5011406991266799,0.718310275142612,0.5280106091379984,0.5958258225277797,0.5296780119843084,0.9322111801918944,0.5779458227770007,0.5424226687872289,0.6191375221336933,0.6242433914725709,0.7076296519902975,0.7468871274615808,0.7848697064821952,0.6367222756031808,0.6120710461898645,0.6716053426058203,0.36749105850323366,0.4435928075969628,0.6234812346520552,0.7285161978095808,0.44451746419505456,0.5304764519211146,0.5372168678497321,0.46694364451217574,0.4763919186345045,0.6487281492328973,0.7096136148947956,0.5495902993239858,0.4545204424978502,0.6577883924153392,0.6668700609224081,0.6608324445708311,0.6934636179463359,0.6277389798243902,0.4532339753508809,0.6879120929999087,0.5171994669906032,0.7001173050797127,0.8458833049627583,0.568038531149888,0.8026543247838862,0.5947605400304716,0.7236573133156542,0.5062620672881406,0.6785380362059698,0.592617727229731,0.6071878620287052,0.7970916945898543,0.6382407829940192,0.792204316836477,0.5299610230890287,0.6344082800580797,0.5536031051074107,0.5957459361279566,0.6531351164610647,0.6957077281635565,0.45252254022922694,0.4302792464654538,0.5259938150941409,0.53106280424621,0.7006905533244789,0.6711483113177978,0.679664594845948,0.8161254547660903,0.0,0.4520334756983232,0.48192683761734323,0.6090372564946798,0.6790547624134406,0.5145450711465671,0.6161275900213475,0.673249476564337,0.5664689925783449,0.700928484571566,0.6103436024943981
SVN,0.7681876293683964,0.6765819544022987,0.5526486032440402,0.4747335189508521,0.38507943771636505,0.4108664270499355,0.6445205102183167,0.46688796148212725,0.5767256978409241,0.5067018597890324,0.9483108961721387,0.5244324358931156,0.5117581985603291,0.5841639787985939,0.6173485898835626,0.6871489811188256,0.7052513614785735,0.7411600363541264,0.5956427549029658,0.5251553027659692,0.6067238643640972,0.3767493862498457,0.42287435585094013,0.5413071061630256,0.6994258085080921,0.3890069555077889,0.48808607192843656,0.4624281794183618,0.42597155736203923,0.44338556515310645,0.6025811682500638,0.6817188195143812,0.49111197166137516,0.4488349845659632,0.6427335346319579,0.6394876658572909,0.6052716933694293,0.6408692511238111,0.5452900388273051,0.3750403086417445,0.6493662352553745,0.5223478710332684,0.681863571775216,0.8375860142693967,0.5833770973185611,0.7971147293420824,0.5625487383111969,0.69973269161357,0.48255812373746004,0.6602828195931709,0.5860220831146963,0.6124675699317641,0.7662421466983972,0.6366439107100925,0.758258249780337,0.4519972299228434,0.5512984218967777,0.5088055609727486,0.6202972228507998,0.5782337858512396,0.6889098015411097,0.39015080908300326,0.4127039814192297,0.4847156504433061,0.5619516429393694,0.6591162698753462,0.613571367414174,0.674166850449513,0.7976343139115534,0.4520334756983232,0.0,0.43824801357497745,0.6413608925833648,0.6010832129259555,0.4803642285538845,0.6233540223815323,0.6583773870807521,0.5150856985026555,0.6866637765437152,0.5918987776495603
SWE,0.7678528450680011,0.6763602390761312,0.5822073727876734,0.49958065461893647,0.38716631116428785,0.45661166000741893,0.6847465395666295,0.49358805278416357,0.5853212251949166,0.5432444910620945,0.9291968183510428,0.4646937192544991,0.5028869212935919,0.5464836531342213,0.6188966048842647,0.6469798274695383,0.6892815515689084,0.7624374319110337,0.6071767242312389,0.5612244310285698,0.6336720811961083,0.4102820722053156,0.4055598213084492,0.5285692945372203,0.7091677084071942,0.4351985501253902,0.4726569544553349,0.4092759704369609,0.4421575046176112,0.46908088215369187,0.5734930054922164,0.6957227228338629,0.5422746458441963,0.43811221790341587,0.6512894613836899,0.6422641862908641,0.6328024811675899,0.6593572450743836,0.5248332304655232,0.433802611842408,0.654152962116008,0.4890879421561677,0.6954174718736784,0.8355387014237743,0.564650583916971,0.7902450033652741,0.565838745107153,0.7130628963569476,0.5010185163741081,0.6569336020846062,0.5821539527108807,0.6351526525215956,0.7687270739136913,0.6388497962999196,0.7608703286134493,0.46561119552546093,0.5350134951322649,0.5013573387405778,0.6186749851491966,0.5972619158659662,0.6955908428846452,0.4585751962402632,0.46853518596806687,0.5178542792332842,0.5364067117703245,0.6658607362587605,0.6282071676084355,0.6496062029795959,0.8297673229374426,0.48192683761734323,0.43824801357497745,0.0,0.6558818143885421,0.6362041801651599,0.5364540257381717,0.6248624318181119,0.6537053368248693,0.464272845659313,0.7055398844783125,0.5738254370385446
THA,0.730020562770963,0.6962207188259378,0.5121666446619757,0.6579482001907767,0.59562989434023,0.6313494275878588,0.6280243781245433,0.5855930336207019,0.4810667120907558,0.5096559972158636,0.919864984998327,0.6153592282528214,0.6281894583351025,0.6316102057955976,0.5046435590211423,0.6488097465409794,0.6344503801632804,0.7261238137491686,0.5540786916783818,0.5957006365721321,0.7125633395661878,0.5960142542399088,0.6090652975238993,0.645919618280797,0.643609854476108,0.5575556988770258,0.5982042547917652,0.6220763664555937,0.6071262669121308,0.6216260178205482,0.6288640411437849,0.7710517613446239,0.5750135332126128,0.5181258706391212,0.4906072420291162,0.5716634385426413,0.6518163807941485,0.6783772923636494,0.6171169534445996,0.5759039413497372,0.593362906862582,0.5563380269535353,0.7596526999229452,0.8093088426396412,0.5052643359436022,0.7051768962580526,0.6277736915242218,0.8084372207908682,0.697216025372689,0.5538476108793647,0.5430172842471933,0.667297872715481,0.6944481141984717,0.509454678788962,0.751652428851344,0.6146232014265668,0.6831725031336776,0.6212250406780015,0.5307373673523882,0.5390199334140974,0.5770637312247507,0.5592416402492383,0.5428295286795224,0.5714682985983792,0.5750191909022037,0.6660528552547884,0.6124187556388,0.706388950817395,0.8119018140326252,0.6090372564946798,0.6413608925833648,0.6558818143885421,0.0,0.6039442536856626,0.5165834315522425,0.5230153788600832,0.6617308579608137,0.6105819924610705,0.5117997788026118,0.629207819362585
TUN,0.7104934234629552,0.7318697387088117,0.5461590889931633,0.6078813636720237,0.6298528791067666,0.6369998367384173,0.5704825264810919,0.5970574593775458,0.5486452789802325,0.5637736202717932,0.9296972580986316,0.603205742823608,0.675229168250947,0.6535597287894425,0.6132101284319936,0.6561382123903093,0.5841507142144222,0.6657529934768756,0.6069241871337472,0.6230651995464335,0.7037538692191366,0.6228609765314683,0.6416239501832959,0.6465173687254846,0.663443749692244,0.5994254014786063,0.5983516017041105,0.638510057198005,0.6226042897840729,0.6417492151077209,0.6679839319659988,0.7983055824150771,0.5989520681540212,0.5777715025725989,0.6006628786835447,0.6045323754993834,0.6933682105516572,0.6834978152864509,0.6642380192561711,0.6057442648588707,0.6411703635603594,0.665370628119615,0.7229120366974519,0.7510572406308975,0.6746466240610464,0.6732523256602904,0.6246329681915164,0.8172729731422825,0.6360715702781753,0.5399642419504516,0.6299220807312746,0.7338018984687341,0.633653719820125,0.6245939642706605,0.7255650572475505,0.6239017901203144,0.6555531715466615,0.6040000104374759,0.5755111206891096,0.5573501335379167,0.6265344424827443,0.5833822663414842,0.5905856340755804,0.6070776899342615,0.63145736639616,0.6782377948261271,0.5463884241397756,0.7740484803395415,0.8086457663819596,0.6790547624134406,0.6010832129259555,0.6362041801651599,0.6039442536856626,0.0,0.5522813043767203,0.7190490136528729,0.6472739927272108,0.6189018049613318,0.5992858096192232,0.6324998901372801
TUR,0.6972547565884876,0.6690976895841585,0.4641096162365894,0.5203594123051576,0.44468303359527883,0.4990113397534437,0.5229061422127246,0.4496515202277864,0.4335794388258977,0.4273446461978034,0.9142577149316725,0.5297829820471402,0.5680290403725107,0.5781837632560319,0.475197357063435,0.6100968163450239,0.6234991247843229,0.6561698813207864,0.502671667729263,0.5260854532140993,0.6519083533241753,0.4781557150742733,0.5158632975280556,0.5825058487014952,0.6089959741716946,0.4352309564926672,0.5458087346127158,0.523583380413939,0.48225329213292456,0.5246019463709446,0.5582466875446732,0.744263885216813,0.5043153868887157,0.4777161749929732,0.5128246822623765,0.5082081607975321,0.6523730921065432,0.6575398801230903,0.5807665133143204,0.4373100516390717,0.5893629696939875,0.5148583402140604,0.6542912928243958,0.7383432235956767,0.5449003590754798,0.6928263242145277,0.5126555047533908,0.7457867196037862,0.5389567486548807,0.523218682441463,0.5060245579998568,0.6718774337125173,0.6434980171073962,0.5973574307545582,0.7173324042629385,0.5289632864296271,0.612609710884233,0.511043227539931,0.44244716874522577,0.48096885112256615,0.60595735662053,0.436251549377984,0.40092216910640643,0.46044619045372215,0.48079717364655644,0.6254482449144835,0.5470593978941003,0.7028724209164857,0.8142137104241151,0.5145450711465671,0.4803642285538845,0.5364540257381717,0.5165834315522425,0.5522813043767203,0.0,0.5814676251664262,0.584821490057859,0.5568411941116105,0.5474481144384142,0.5570605062941375
TWN,0.801105306773313,0.6780954653573523,0.5968557965819227,0.6925858376343177,0.5864381715946191,0.584295905036758,0.7275327060681659,0.6217331712131424,0.6105823487678615,0.5650801724373954,0.9117493469387644,0.6367458672550141,0.6033220837524605,0.6700729671734252,0.5102026968928977,0.7272231212296913,0.7742832915925133,0.8068519651645701,0.639059605445277,0.6646927958033192,0.7541416192182229,0.5990602857078524,0.5669778562195298,0.6694405357189672,0.723166349985615,0.574022921252282,0.6404319005637669,0.5475086765597058,0.6164052121486477,0.6459457965131028,0.664017453906845,0.7671417110215157,0.6333265425715568,0.5429966028811044,0.641496948626574,0.6380585426669514,0.6861080778430984,0.7348797738529409,0.5581058670615434,0.5633545864227728,0.6928113749293706,0.5114515785167537,0.7851555948326363,0.8027647359518988,0.4107882502716854,0.8222981367811689,0.6843854423481143,0.7773670811740636,0.7187734702685312,0.6789515605867104,0.5732596291619709,0.6686140151773333,0.778764953417228,0.5876764170552071,0.819727043627183,0.5676559741911178,0.6864889728872695,0.6840032842427606,0.6493434565752274,0.659104411299357,0.6875499159322215,0.5976021225888095,0.5950799760669038,0.6411161124421069,0.6074259161797174,0.6933128891778204,0.7076452843147427,0.6218824348466535,0.865959134684228,0.6161275900213475,0.6233540223815323,0.6248624318181119,0.5230153788600832,0.7190490136528729,0.5814676251664262,0.0,0.6631109049177835,0.6098413022824325,0.6341954863406646,0.6376157703070732
UKR,0.7431238539584443,0.7512027136876563,0.5695426200901097,0.6550614515272823,0.6392414747567979,0.6351046014675807,0.6504419045281158,0.5739007261161228,0.575648834497087,0.5791722844750898,0.9165608806091131,0.6224842473783523,0.6786632402331825,0.6600141428759342,0.6112736520726402,0.6679860337394905,0.6797252220800074,0.681390140143245,0.6566343881273211,0.630785416324998,0.7557441015687372,0.6204997745095238,0.6586152579570491,0.6673415387344617,0.65848801428962,0.6124640825158792,0.6652133225472228,0.6546237707710955,0.6405663031394163,0.6762026461246636,0.6793596182902083,0.7671313594331642,0.6349327262592833,0.5984597163858362,0.643604224819437,0.6355137662971005,0.7040003386639314,0.7263808876486826,0.6689615053390358,0.6211537794578648,0.6581272267415456,0.6186641728723519,0.6733949563862078,0.6636581045227375,0.6753707583670943,0.7193428759141574,0.6339229674204526,0.7751095069169959,0.6769480731506164,0.6196304682236594,0.615705400457268,0.7879820198857188,0.6636130926916033,0.5965562225136368,0.7012178413553399,0.6310268384478657,0.6928604202612475,0.6386068647903886,0.5837973005905787,0.625356129182329,0.6176207294218778,0.5699052602812512,0.6353383133005877,0.6070170843550226,0.5709230955158258,0.6805506787317279,0.615392909255277,0.7616750195255342,0.8363564642633547,0.673249476564337,0.6583773870807521,0.6537053368248693,0.6617308579608137,0.6472739927272108,0.584821490057859,0.6631109049177835,0.0,0.6250029379084299,0.6495529283336733,0.644141194115744
USA,0.7445642130270038,0.653380130867994,0.49266003535672265,0.493882827101087,0.4574337469628297,0.45131148788893655,0.686294696454814,0.5482852819763937,0.6039780104817932,0.4633285777853721,0.9054886025146298,0.3814450616503008,0.5409534085448359,0.5512643756107584,0.6206233942672416,0.657168553040189,0.6549249756966082,0.7536426110752497,0.5266811722654937,0.5178680792888402,0.6569892957030261,0.5023607129448715,0.43757147256241674,0.5141217445581237,0.6743498481435204,0.46522644086234627,0.572065025327921,0.49776215499568804,0.42328284593099424,0.4183052048539302,0.5796806844067475,0.6758518099215926,0.5519194165778436,0.45340897667629365,0.6396898427268065,0.6207306721271867,0.5903040702897531,0.6325048131907892,0.45096093084487127,0.45325122974515025,0.6210847057579928,0.5030154511255562,0.653670072456251,0.8435150795521128,0.5649783359067858,0.7886423206010394,0.5817295393575797,0.6731374338011911,0.6162020749854751,0.6322386491520167,0.5100451199028513,0.6556614199332345,0.759877011769593,0.5892427609256354,0.7223295435938095,0.403758109549747,0.5284756533880401,0.4828842034633081,0.5976582047016941,0.5315062613465112,0.6623004303773673,0.5093575823449712,0.4780117967425988,0.5594656832556972,0.5278393873581535,0.6228865021852732,0.6022142075523982,0.6528480920207069,0.7872901715872068,0.5664689925783449,0.5150856985026555,0.464272845659313,0.6105819924610705,0.6189018049613318,0.5568411941116105,0.6098413022824325,0.6250029379084299,0.0,0.685321956602669,0.5121382311848323
VNM,0.722981274814873,0.7283083510578842,0.5593877886811526,0.6584263605660128,0.6685202194737421,0.6698342200035677,0.5558693300438254,0.6111830020339728,0.5130043639026497,0.5838290358394889,0.9023971519491275,0.6709717337861636,0.6963679023372087,0.6344642439966188,0.5267820023659789,0.6423838994077372,0.6520477159195878,0.6587019718289812,0.5934821057174574,0.6492404108797698,0.7366392469827897,0.6565210711228435,0.695543295167715,0.6913296247636005,0.6587509280954736,0.6337445031023151,0.6396265545053903,0.6632778061175577,0.6793223806237498,0.6906160911783753,0.6704102045265556,0.8314419069374546,0.6170279319579385,0.6040274456877945,0.5370641283402103,0.578570524628029,0.7065462846894669,0.7082676435834588,0.6809396921768129,0.6425330420229537,0.6421157060526631,0.6652706279530154,0.7070216318625562,0.7267657418568836,0.6318768615727052,0.6029883180096296,0.6516802356603167,0.8351246757992017,0.703727310754989,0.5641964307804982,0.6056494145226655,0.7249031578360363,0.5654391804348425,0.5852911277191393,0.7376945559786071,0.6707410099874296,0.7039518018858061,0.6133651656933645,0.5358717603293275,0.5967583367409337,0.6010943240164223,0.5936009927448377,0.6104918411905439,0.6195306221318999,0.638164960494588,0.6921890339973523,0.6025427199179754,0.7612467069871017,0.8404445016889999,0.700928484571566,0.6866637765437152,0.7055398844783125,0.5117997788026118,0.5992858096192232,0.5474481144384142,0.6341954863406646,0.6495529283336733,0.685321956602669,0.0,0.6614779517969054
ZAF,0.7472932919390691,0.6644683824952108,0.5411628013275745,0.5447468358267022,0.5626601936017234,0.5486269587684741,0.7034038474473316,0.5415813995283051,0.5952122053093071,0.5048117485259737,0.87171478968419,0.5285492168928884,0.6553469367407291,0.5851683200664091,0.6004546300859921,0.6501591444296865,0.6691060226216863,0.7186505666295482,0.5597829375902222,0.5867976148492977,0.7277434006197724,0.5553970242184493,0.5612347463164757,0.6185539540085097,0.685931410600827,0.5268144829829984,0.6249025048545651,0.57113608022233,0.5519248990611566,0.5669910414223205,0.6130884493878704,0.754427142035002,0.5908499978908937,0.5148362997209953,0.6094683597427764,0.5946558824025461,0.6773210258091481,0.6853124158620174,0.5716451506150296,0.5401174622511906,0.6174692769102402,0.5803042106361392,0.6688923264151395,0.8289775518856665,0.6173402782042531,0.7464503864819266,0.5916398236649256,0.7646143175750669,0.670151425248259,0.5999252684237448,0.5553592158225785,0.7256606236133395,0.7418298851445468,0.6157513909757913,0.752344664712233,0.5391205527150569,0.635919029781408,0.5632046112250761,0.6214575646361189,0.5525307024859272,0.6435571927497477,0.5309798039207732,0.525858705428142,0.5813483491510345,0.5546416404021085,0.6178559382523275,0.5906921910306019,0.7304000681056321,0.8086510694004638,0.6103436024943981,0.5918987776495603,0.5738254370385446,0.629207819362585,0.6324998901372801,0.5570605062941375,0.6376157703070732,0.644141194115744,0.5121382311848323,0.6614779517969054,0.0
