,AGO,ARE,ARG,AUS,AUT,BEL,BGD,BGR,BLR,BRA,BRN,CAN,CHE,CHL,CHN,CIV,CMR,COD,COL,CRI,CYP,CZE,DEU,DNK,EGY,ESP,EST,FIN,FRA,GBR,GRC,HKG,HRV,HUN,IDN,IND,IRL,ISL,ISR,ITA,JOR,JPN,KAZ,KHM,KOR,LAO,LTU,LUX,LVA,MAR,MEX,MLT,MMR,MYS,NGA,NLD,NOR,NZL,PAK,PER,PHL,POL,PRT,ROU,RUS,SAU,SEN,SGP,STP,SVK,SVN,SWE,THA,TUN,TUR,TWN,UKR,USA,VNM,ZAF
AGO,0.0,0.6932691922224498,0.696166325581789,0.7588702552553295,0.752637592181135,0.7749306298415701,0.7434831276254078,0.738256209199592,0.7201738773943841,0.6986733818237293,0.8475739434509597,0.7342561998280045,0.7808654310984606,0.7786880739840075,0.7674134192983936,0.7749326916354194,0.7367447338574156,0.7750342963548048,0.7097275305765178,0.7439754898794156,0.8074877782810752,0.779109908373199,0.7895417354457958,0.7651587288486681,0.729672954161201,0.7632255047352421,0.7750880037311991,0.7949034737294298,0.7528897089086537,0.7378278708497376,0.7705924820806637,0.8319117361941463,0.7081858707584924,0.7347606479754367,0.698644450233588,0.7219625138283164,0.8021875837783061,0.8126400535463928,0.8041552317474282,0.7693205216030397,0.7502660982016588,0.8108824133610323,0.6985055353048972,0.814971730534056,0.8223330182050855,0.7000689794189866,0.7565067992345175,0.8573353640940742,0.7835253553805737,0.7317071949929387,0.7253751066481934,0.8009485389481156,0.706821806297956,0.7183349790044565,0.7603699790583758,0.7620862467712869,0.7305006666735685,0.7353139718153625,0.6546442242438245,0.7349001005310759,0.7089882114185814,0.7525890309235433,0.7323205823185381,0.6990460504862669,0.6768463465364364,0.7181161559622378,0.7631380193860323,0.8231094999728281,0.871999244560685,0.7556797493408306,0.7903257560682232,0.7983021830095743,0.729222410934177,0.7610176734511487,0.7201882485881199,0.7997461324285401,0.7528123016254318,0.7551867668873313,0.6811574409122625,0.763208674412943
ARE,0.6932691922224498,0.0,0.7173406985602966,0.6615101688312031,0.6840882555909809,0.6169516910702005,0.7786164053039027,0.6711193101516971,0.7275552752322356,0.6607860017175775,0.6867259542563539,0.6488668626918664,0.7256489007738774,0.7398837198223496,0.7418093307281934,0.7427558418502985,0.7548216153592789,0.8072406989572892,0.7036705071512147,0.6898931972186434,0.7295564449748836,0.700730608535405,0.6905756301202248,0.7048522495721316,0.6705858155058386,0.6550472806284282,0.7234150826495569,0.680113304908345,0.6733844262086053,0.6541995652316894,0.7036395457582781,0.7691699893742167,0.6537859599544564,0.6770645690035196,0.6945389876229211,0.7155658812083746,0.7241757093887681,0.7547502506694167,0.7102892259739294,0.6748901104606778,0.7076143946290315,0.7240134584561764,0.7161997319386826,0.8777635331900976,0.7370442259843211,0.8144474238882662,0.697512601240309,0.7989589709348472,0.720565267320546,0.7627664217487169,0.6530688589909496,0.7353466876768411,0.790407035648538,0.6975568989271311,0.8327857719783383,0.6604981436660913,0.6521453810739021,0.6773492822698538,0.7353289440506472,0.7123922740895534,0.7571150289271,0.6634980559809976,0.6539739676842065,0.7028990462256182,0.6180979184575904,0.6889024626183045,0.7629312838263762,0.6739333898231183,0.8615701453886593,0.6790114103043553,0.701348008573602,0.7034614405427756,0.7418322828916136,0.7427238058624424,0.701608274515085,0.6965132969669097,0.7775066249297148,0.680610308498883,0.7441947342457796,0.7150305349427221
ARG,0.696166325581789,0.7173406985602966,0.0,0.5484693814189545,0.5257960151751678,0.5344664009773316,0.6010125076427204,0.5323274388550588,0.45737345845442823,0.4201400152215697,0.9131043031277265,0.5163238912236099,0.5970694092507994,0.590765806728648,0.5071322824808195,0.6180435014212736,0.5982180910522789,0.6020127035982084,0.4815574903840234,0.5590767853263037,0.6742948540359777,0.5411254006546526,0.5506803162136052,0.581209887612678,0.5537356193241255,0.5031902231001911,0.5757492373699771,0.5923551088330016,0.5504917490511158,0.5508271992737334,0.607052913971137,0.7718104314752368,0.522910672153132,0.48327587196730004,0.5244696432553023,0.5078813215266417,0.626681489374486,0.6549365035183837,0.588299867069479,0.5015606136762901,0.5739228183996038,0.5544797155265232,0.6322024603084143,0.7339179444411257,0.563335554757542,0.7118863660461979,0.5544679244669978,0.7584521404002487,0.630305129044223,0.5236401941174161,0.47332095795691775,0.6874175683468902,0.6282339902652393,0.5459389327151968,0.670520725971074,0.5606976905657703,0.5969623335143038,0.5468947982711798,0.45167974273579137,0.4715280933435735,0.5456748658482575,0.5034621443822346,0.5098020816318989,0.45409177471995893,0.510375640531079,0.5818204746268291,0.5224381578936086,0.7427853429012854,0.7982275336108694,0.5734996278468762,0.5547030257784832,0.5778444028967642,0.5298461699057032,0.5970535764531271,0.45517968385159635,0.6088018404658552,0.5544240610639015,0.5061164224819674,0.5101546133547702,0.5621706290612983
AUS,0.7588702552553295,0.6615101688312031,0.5484693814189545,0.0,0.45548439813564523,0.46631639229239535,0.6354982366155848,0.44262390897368675,0.584213196366085,0.5269179971396775,0.9111123918767535,0.4653592130933512,0.56421680155482,0.5337469201722556,0.6298398805198678,0.6600714970005849,0.6261617061773337,0.6651544324345283,0.5503564450942053,0.5418885213120039,0.5556089810899065,0.4612202876883938,0.5161993181123308,0.5216331947553196,0.683140574781681,0.42784655328415433,0.5200251839229344,0.5345422263991009,0.4342603293158574,0.4036752537166196,0.5603916628973478,0.6744462167567938,0.49157661521058454,0.49694051364827885,0.5956685859102728,0.5874272873101066,0.5237326601304443,0.5799349858126236,0.5568010962990078,0.46233611434304506,0.613092961588555,0.5810034577931531,0.6038929098559048,0.79823003476176,0.634012092270863,0.76390142528199,0.5310101155495432,0.6658126549237622,0.48155975085202296,0.6196580980356639,0.5535403324237181,0.6060803413373371,0.7127449121478754,0.6040652811254742,0.7092127536743116,0.41260195955708867,0.49023582537817373,0.4441798006742146,0.5832807434188286,0.5239866507810408,0.6337471680266272,0.45835368265694754,0.4292909878782862,0.5004410415300982,0.5428288542051639,0.5662163909725444,0.5662090576524758,0.7113226877445188,0.749294307487382,0.5383227620117991,0.4507691426866739,0.5147220763463828,0.6658458947083251,0.6267820317298127,0.516789568117171,0.6622535391522425,0.6549901004992618,0.4734698310400644,0.6519640809442216,0.5489222876761622
AUT,0.752637592181135,0.6840882555909809,0.5257960151751678,0.45548439813564523,0.0,0.4053417543164217,0.6538545849894825,0.45687150997587883,0.549129856343614,0.5048709874571734,0.9287508826852008,0.4905862262259425,0.4662749003787417,0.5321356029604358,0.5743356189269155,0.649086266259424,0.6772336849580133,0.7396717029135842,0.5548244483359254,0.5491032727127881,0.5940313778789286,0.3463858968338546,0.3774932813034772,0.5028074023671127,0.6685371115406684,0.35348131220031065,0.45033810412486647,0.43997197733548954,0.344507957026136,0.36515645854596734,0.5430655921764386,0.6708793161192157,0.4515255592762444,0.41557075539037047,0.5934288916754593,0.6109418957869615,0.5305080289527391,0.6045266281852614,0.5272331709427933,0.3479093315307848,0.6409471592852991,0.5031822918843353,0.6761090612054658,0.8105166665139834,0.5535184731535782,0.766327175098064,0.5315040869842196,0.6586602783368597,0.4403747781905991,0.6340627460264942,0.5347524231320976,0.5638694210532266,0.7383887589250637,0.6163589734538788,0.7490637532033745,0.40765442045808414,0.5098591713825801,0.4534210050309802,0.5596470525163455,0.571224238629782,0.6386912392791015,0.404408513673916,0.32030273886068233,0.44845010426374726,0.5002344674980633,0.6120300896016279,0.5906257949251146,0.675048497883869,0.7866962490078251,0.42241502692930766,0.38870406957288045,0.3952956791527986,0.6104168719558839,0.6446539972018502,0.4378680580191383,0.5828477019296802,0.6552548840144339,0.45917521780312637,0.6462301575320709,0.5752298172865792
BEL,0.7749306298415701,0.6169516910702005,0.5344664009773316,0.46631639229239535,0.4053417543164217,0.0,0.6548917769094988,0.4658130718827716,0.5505189118035189,0.48244939519011487,0.874543067530656,0.49801901641720264,0.5158591844983983,0.5529381514713484,0.6150849114181948,0.6168158406625159,0.6482157529697891,0.7445794599884649,0.5494407402553771,0.4917164481546924,0.5806285140763638,0.42942543545842365,0.40330137569836816,0.5019143275873055,0.6312402043457108,0.36805904703854514,0.4951698945692444,0.47392597252030044,0.3747258574674611,0.40912822299158047,0.5182171442430907,0.6739905456024308,0.45819821398761307,0.4199991663578307,0.6061616794112774,0.6084301041161161,0.5325641521722947,0.5981883967054409,0.5049688777702857,0.36801578557502257,0.6173178112662102,0.5183862276879494,0.6686807882626598,0.8078901026002235,0.5557197592029631,0.796863439258142,0.4936808973146703,0.6694976505426057,0.5055615672004581,0.623068376147362,0.5229721972899835,0.6071763918298659,0.7328896292983959,0.6119864373260937,0.7393611732482263,0.38073614063855243,0.5166959149669221,0.4993156542728582,0.5858527468164583,0.5574364634375583,0.6317138897837775,0.42287138586162176,0.38101437695578794,0.5084318132358453,0.5277486312791059,0.5827341615743223,0.5505927382919301,0.6107085051319873,0.7806890600034665,0.46730709586341246,0.43718172523396537,0.4699214961273115,0.64257702068599,0.6283855703675872,0.4898436492367091,0.5699549465175426,0.6563110090905669,0.4704614776577895,0.663103528497819,0.5652750704438482
BGD,0.7434831276254078,0.7786164053039027,0.6010125076427204,0.6354982366155848,0.6538545849894825,0.6548917769094988,0.0,0.5918680059396442,0.5413844369877346,0.6470212436002747,0.9384969235969673,0.6649539370048303,0.7193162662312479,0.6663685513907074,0.6428287433903016,0.668735426710721,0.6540884494489629,0.6552276234928786,0.6202131138855612,0.6391575502341744,0.6595858672211542,0.6653260680354619,0.6910164207841024,0.6513740657613957,0.6738719055583855,0.636201527876388,0.6198735310960061,0.6965825566617693,0.6471086487583677,0.658925431574344,0.6485753194898666,0.7485270095170725,0.6288496566373735,0.6238321536589362,0.6379673300909576,0.611697749010905,0.7083681297367144,0.6450399651449895,0.7001397488762131,0.62690629963054,0.6617540643925716,0.701722544727939,0.7013662421639539,0.6569572404735989,0.692013812392982,0.688418389750804,0.6447289524442091,0.7602866561459851,0.6479255605447026,0.5874231050977653,0.6738173792982253,0.7235614409557735,0.5460162695411734,0.6814603506717983,0.6870804279836824,0.6614298013194372,0.6668420732512483,0.6257593273076241,0.5037296546063775,0.6081460837698818,0.6133227284932767,0.6348433073714921,0.6113012731848346,0.5806049449475091,0.6483994340185443,0.6641351755382691,0.6020815415989231,0.7847353885879826,0.7824083461864114,0.6875579563671658,0.6372681904579155,0.6959308172914274,0.6382279656773563,0.6530946603563795,0.5371652005723634,0.7190574224974978,0.6676425905908763,0.6893902152261124,0.5112139150781622,0.7147551143549934
BGR,0.738256209199592,0.6711193101516971,0.5323274388550588,0.44262390897368675,0.45687150997587883,0.4658130718827716,0.5918680059396442,0.0,0.5036908976757957,0.5352084254295414,0.9039011327920605,0.535461667601353,0.6029263604443089,0.5750517243865294,0.5875815499810513,0.5977922067772188,0.6204833126143888,0.6721699560826824,0.5562108437429029,0.5204630096300765,0.5830213587217027,0.433307278446475,0.530093003025978,0.5596714266633107,0.6485117486518939,0.40282915880074915,0.4982189775486001,0.5237862058876923,0.466389101052733,0.5094013567678127,0.5444678964469777,0.7281234251496392,0.44098087566597016,0.45972245426655967,0.5666105345517243,0.5207299950787774,0.591031666366859,0.6172994224925505,0.5958496568064969,0.4440514423420413,0.5683042771329934,0.5916028068704325,0.638096128579144,0.7413376149009814,0.6241655586804803,0.7061393227505162,0.47214631570600724,0.7206351272347259,0.4717974834263947,0.5536783324936844,0.5529492113030368,0.645203347275532,0.6502345920015151,0.6017636659933683,0.6890292262921215,0.48322382225912613,0.5522921345792506,0.4840666193032703,0.5349503900743152,0.5596381137342307,0.573216140763631,0.36861169114130077,0.4273434790571397,0.40750049766005675,0.5067959000541704,0.5849882521189327,0.53687319648691,0.7106455593733357,0.7787990620644849,0.4829775970333289,0.44812808875490245,0.5205477421098105,0.6103213227112751,0.5974519798636403,0.4536157623925785,0.6266172771806012,0.6023532788149587,0.5633430487723481,0.5926519679094907,0.5633608579930298
BLR,0.7201738773943841,0.7275552752322356,0.45737345845442823,0.584213196366085,0.549129856343614,0.5505189118035189,0.5413844369877346,0.5036908976757957,0.0,0.5096648679825587,0.9242156592294156,0.5807382930667123,0.6298732039599144,0.6030462048598697,0.48515863320785074,0.5673781131313291,0.5989968025494091,0.6275122043911325,0.523075360439048,0.5401126960823055,0.6246486657683258,0.5410070670722582,0.5565992496826275,0.5847191033940988,0.5999891593412723,0.4994378922797853,0.5708991466493815,0.5738131436987998,0.5556386201192162,0.59726990491268,0.5909100994581052,0.7535782652288566,0.5199407821149034,0.4649755999248764,0.4739850850997892,0.5308129818106609,0.651066063878075,0.6234261726398286,0.638628270821552,0.5181804563689368,0.5528170991697821,0.5726139078661332,0.7002100519047209,0.7399025745400362,0.5536824595492411,0.6615189051884129,0.5600395486157439,0.7602286613586152,0.6259816461867777,0.4265914604981658,0.5289764600552296,0.6792189625021405,0.5625777788501465,0.5587120692999433,0.6393339819227978,0.575827799508516,0.6172175267819232,0.5508859199061356,0.4055316177426266,0.5205952530614786,0.469862200042064,0.4811427405311095,0.5052330330124966,0.4521811329736119,0.5476312403230411,0.64648010548819,0.5242200910739847,0.7008233435438144,0.8122340935594446,0.568906921858077,0.5725959428687001,0.5876243058598553,0.4708597330200304,0.5994139553534303,0.4420854659621839,0.6040639593486559,0.5712196744683428,0.5934104106682406,0.5004914786485574,0.6015067057109976
BRA,0.6986733818237293,0.6607860017175775,0.4201400152215697,0.5269179971396775,0.5048709874571734,0.48244939519011487,0.6470212436002747,0.5352084254295414,0.5096648679825587,0.0,0.8604097505977207,0.4731312086628309,0.573283021474064,0.5784464543784705,0.5137370900063825,0.6106950936880899,0.6096671554741753,0.695080038289803,0.4683248109597382,0.5401499716014416,0.6830906722190643,0.5193942619653015,0.4999979277048652,0.5717990548364953,0.5691989468882204,0.47883377176547104,0.5792673704635997,0.5419838827727071,0.4943984877782881,0.5075756925377399,0.5852689930322083,0.724254049224847,0.5187615643815248,0.45387351083873473,0.5067467506403995,0.5248841740975851,0.627952174629413,0.6535958975475664,0.5639694932233847,0.47009557362258547,0.5784699027119927,0.515611731885047,0.645276409747655,0.7908721191959412,0.5215678301545974,0.7216353930964818,0.525434474017819,0.7175357841051129,0.633796297559946,0.5481471158265567,0.44712679000724126,0.6692646720617385,0.6903629844237772,0.5153094158890912,0.7254026712222365,0.5220434580854294,0.5849094378204327,0.5567251416756346,0.49598916155276634,0.4915660570590965,0.5506283643974808,0.47604875629583926,0.47234751839737726,0.51229653945057,0.48508271557134586,0.5759932098613152,0.5704241542355571,0.6859457717644978,0.7914371564832824,0.5167244242122384,0.5536041406298157,0.5372018947159236,0.5113324839002297,0.5924706189411778,0.47176773489310136,0.5487410944614332,0.593554382451161,0.4753970007314779,0.5768236923652051,0.5257210661671399
BRN,0.8475739434509597,0.6867259542563539,0.9131043031277265,0.9111123918767535,0.9287508826852008,0.874543067530656,0.9384969235969673,0.9039011327920605,0.9242156592294156,0.8604097505977207,0.0,0.8653610949346408,0.9387423895798213,0.9199673870167928,0.9162260487799281,0.8876034616237329,0.8698073708977747,0.9412629566367527,0.8622190460850357,0.8952942115144235,0.9409124430645189,0.9265202049597686,0.9206326846841538,0.9092042913198979,0.8215330217131052,0.9204098928720493,0.9284448491901145,0.9079517661281252,0.9157280185537061,0.9097961582827278,0.8962856636571096,0.9521995876027765,0.891077548763507,0.9097392775500677,0.8622108449464009,0.884341142025202,0.9497744210781219,0.9452555364330292,0.9171693062725153,0.9142960411534532,0.8759553969685485,0.9281936930387724,0.8701945871495449,0.9624469171244259,0.9324297410063709,0.8976764819770942,0.8719378749080289,0.9585715020182877,0.9450277981870168,0.9053661911934238,0.8652397583797962,0.9461360606314952,0.9047972474892266,0.8706812905524677,0.9427283652801258,0.9154273072700239,0.8997944873371975,0.9062019545187373,0.9000521714198072,0.8863433087499771,0.9058975906903333,0.8979177801000516,0.9061799546094785,0.918641667014976,0.861461389946698,0.8757597644642247,0.9174645319510459,0.867313923458285,0.9531726145500996,0.9079922845264394,0.9436781178047873,0.9296999989772862,0.9024509159709972,0.8716927897075238,0.911146049971921,0.9070695242971106,0.9121897672463657,0.8903592854373786,0.8827599833156682,0.8689445175780439
CAN,0.7342561998280045,0.6488668626918664,0.5163238912236099,0.4653592130933512,0.4905862262259425,0.49801901641720264,0.6649539370048303,0.535461667601353,0.5807382930667123,0.4731312086628309,0.8653610949346408,0.0,0.5836327001597035,0.5688658886738954,0.6155693678743409,0.6226768909185117,0.621447970933107,0.6910460144753022,0.5213242710849225,0.5474175001532584,0.6418904938462864,0.521005372447984,0.49947173526848276,0.540892849007786,0.6344640291565379,0.5039422925915479,0.5444327295567807,0.5153289550298955,0.4709092575255478,0.4559495391506214,0.5481321407938344,0.7054231625473691,0.5266350183927717,0.46890261439891584,0.580618815015143,0.5879477222141573,0.6335986318990361,0.6271945036127391,0.5261265181698391,0.4915429145958269,0.5850827189217825,0.5392983110037546,0.6161155084551335,0.8100385620404134,0.5870549872209688,0.7739075840963998,0.5502838766032797,0.7025777388812087,0.5937623493207415,0.6083124045056056,0.4930875121875836,0.6658226624093607,0.7166953027152642,0.5791307535299005,0.7185853781701242,0.46125417749031883,0.5140046128969035,0.5114280487863925,0.5719457603312579,0.5092572680867862,0.636130548799718,0.5093552326840646,0.4849003900069232,0.5580982833568648,0.506006060058037,0.5690880828356257,0.6026603017482299,0.716939206759949,0.7690942334751216,0.5778936015023763,0.5382650979642812,0.48793335166044144,0.620289277082433,0.6173589536646049,0.534354198261086,0.6161445385998546,0.6306931157264297,0.3885446069699094,0.6464803895031311,0.5381746123542922
CHE,0.7808654310984606,0.7256489007738774,0.5970694092507994,0.56421680155482,0.4662749003787417,0.5158591844983983,0.7193162662312479,0.6029263604443089,0.6298732039599144,0.573283021474064,0.9387423895798213,0.5836327001597035,0.0,0.5740408014995871,0.6436023006958889,0.6886312816529518,0.7003014839631957,0.787889326647469,0.61818208009568,0.577488771977254,0.6603963852590974,0.537832924826267,0.498886534830433,0.5304182397808032,0.7296569329403861,0.5401581788614942,0.5570089301973211,0.5424181841007857,0.493855607985378,0.4964245389645434,0.5805685833538781,0.6418892959156675,0.5455586837045587,0.5168873963293352,0.6436936868366716,0.7008567241609752,0.5408495997652705,0.6466691496677817,0.5266676287692802,0.5162961823740575,0.7007013900050594,0.5566069923525521,0.7322748131578924,0.8559724625237393,0.6050918725041615,0.7947967033900752,0.6186153410778688,0.6903426936410741,0.5828911494603811,0.6935734123223026,0.5928677323747839,0.5728947485006312,0.7835206785400062,0.660307132654658,0.762131006778545,0.5017760337726715,0.5854711303569153,0.5665830681132024,0.6309333184753798,0.6480270642237234,0.6478175695672579,0.5567078575017661,0.5022637388444031,0.5882003087705113,0.6153755748845084,0.6477528088242227,0.657554818555059,0.6110795439453786,0.8093876321993191,0.566448860022492,0.5331296598659324,0.5227972989738827,0.6514540675767666,0.7001597189486248,0.5876234208348293,0.5975965880740205,0.7073898540480396,0.5387404987136042,0.705044443644976,0.6622383967557928
CHL,0.7786880739840075,0.7398837198223496,0.590765806728648,0.5337469201722556,0.5321356029604358,0.5529381514713484,0.6663685513907074,0.5750517243865294,0.6030462048598697,0.5784464543784705,0.9199673870167928,0.5688658886738954,0.5740408014995871,0.0,0.6485486365656244,0.6309855847627365,0.6375399026547909,0.6837043730058792,0.5721071490379375,0.5714884633633115,0.664066118331718,0.5699092114267243,0.5721695246943919,0.590184104715332,0.6965099238643709,0.5599361498671379,0.558127747637656,0.5657825936753464,0.5179928755233504,0.546233945779474,0.5515358010437902,0.7328624561271253,0.5421665107216516,0.5486739948754599,0.6324786531477747,0.6826618206421322,0.6109232960830496,0.6138723708498314,0.5526356337571656,0.5681795112524923,0.6377819446640325,0.6194299467307014,0.6799467784321154,0.8273330556553954,0.633720291330346,0.7311181107912169,0.5782366123289221,0.7445615875592934,0.5861166885139574,0.6333659571203623,0.6032335545325186,0.6459648331242301,0.7383453025836362,0.6623852992714803,0.7405311935169686,0.5269054774003676,0.5828211727048429,0.4927400796675066,0.6135375802089891,0.5325927084267734,0.5989737995416833,0.5632997099239594,0.5164724796736212,0.5742187547260275,0.591367374489408,0.6696036939695773,0.5710285490241116,0.7327017055333844,0.8225395464330738,0.6177859098549108,0.5857969570478673,0.55341004746146,0.6407140856213448,0.6527933067968186,0.5900380918997519,0.6657100704799144,0.6862429795398787,0.5560237297199135,0.6507726087527536,0.6039867888206699
CHN,0.7674134192983936,0.7418093307281934,0.5071322824808195,0.6298398805198678,0.5743356189269155,0.6150849114181948,0.6428287433903016,0.5875815499810513,0.48515863320785074,0.5137370900063825,0.9162260487799281,0.6155693678743409,0.6436023006958889,0.6485486365656244,0.0,0.6786954003400262,0.6886422940030823,0.7276921797714573,0.5843468030104986,0.6774191855321849,0.7494491587350055,0.5522289801046135,0.5631356639098644,0.6624396547813185,0.6039673520274362,0.560339701918231,0.6511825848052565,0.5892135817428922,0.6345821461189282,0.6531345647163752,0.6709550454922157,0.8302058943261934,0.6090974487323368,0.5473556270976774,0.5118843780856911,0.5240227350467268,0.708136055518826,0.7150860392817299,0.6609653575136876,0.5412500678564701,0.6271627074343546,0.533053134233641,0.7411132182050557,0.7718944096707284,0.460702545891731,0.7605655596626232,0.659375020142935,0.8090977436186115,0.7118259027970091,0.5830792419757951,0.49553689858479544,0.7156535948122985,0.6713017280967579,0.5905696060922084,0.7862608750786308,0.6706555582512261,0.6794727612678793,0.6407752462900433,0.5363746798531713,0.5755831089390248,0.614092007149771,0.5600778170826449,0.5868780272138926,0.5090693005709168,0.5674771085752037,0.6914117389834421,0.6486299723432661,0.7074611792022447,0.876545621628378,0.5926983701608047,0.6146975426781036,0.6072475437022298,0.4891123093541149,0.6531688500476167,0.47782184189098365,0.5051039854777203,0.6074930155734413,0.6136044793158991,0.5399409261659159,0.6143685983493363
CIV,0.7749326916354194,0.7427558418502985,0.6180435014212736,0.6600714970005849,0.649086266259424,0.6168158406625159,0.668735426710721,0.5977922067772188,0.5673781131313291,0.6106950936880899,0.8876034616237329,0.6226768909185117,0.6886312816529518,0.6309855847627365,0.6786954003400262,0.0,0.5781269102490469,0.7114260596426968,0.6031121597470445,0.5971585305510153,0.7205384107956889,0.6537076047464181,0.6631555010065534,0.6723224111712569,0.6815811513094769,0.6267509429212261,0.595944011875977,0.6377036704889457,0.6228763657151787,0.6675033118106237,0.6553800884143877,0.8092676319162372,0.6242478951437805,0.5997567474702825,0.5936391790485183,0.6743882437220824,0.7275883119138161,0.7137508149145125,0.6831104596251643,0.619888758468296,0.6218630025942312,0.6862702138283215,0.7307928328290257,0.780621530070929,0.700144926877914,0.7015069972975471,0.5728966006971312,0.8062909045407548,0.6497143735462646,0.5982244913134681,0.6448576522519943,0.7572438654154648,0.7093923247372624,0.6550319771078755,0.7049248080713671,0.655658946263958,0.690666066340375,0.6037424163513481,0.6333316831779433,0.5705105537380079,0.5927625534921068,0.5838778739563711,0.5954512560954148,0.6100010299029032,0.6388543234767703,0.7020891535324143,0.5718904673582025,0.7822795984515499,0.8349467902197284,0.6671064679949793,0.6741377269108516,0.64477648535724,0.6375308527562734,0.6412827243260217,0.6063786119226822,0.7140679961704531,0.6704339124484784,0.6578229010370346,0.6394476771077487,0.64986119134879
CMR,0.7367447338574156,0.7548216153592789,0.5982180910522789,0.6261617061773337,0.6772336849580133,0.6482157529697891,0.6540884494489629,0.6204833126143888,0.5989968025494091,0.6096671554741753,0.8698073708977747,0.621447970933107,0.7003014839631957,0.6375399026547909,0.6886422940030823,0.5781269102490469,0.0,0.6852699135846889,0.5758991305048189,0.5785263681961664,0.6891027169730196,0.6751261361639357,0.7006190013240234,0.6599712819230668,0.6738056794208678,0.6490975299947357,0.6226347730605765,0.6811539374759779,0.6508259363147595,0.6539459579953152,0.6428840869696473,0.7835513842222751,0.6317346869604936,0.6347082985690164,0.5782586755791775,0.6625725172387825,0.7254049195507936,0.688416477985682,0.6931475327083049,0.6573358274901402,0.6188463794285474,0.7110111439420465,0.6806665826499901,0.7743210370504414,0.732918379885751,0.7167761805318276,0.5873062485744464,0.8249105059805097,0.6719770693904387,0.6219950409393323,0.6546975625372914,0.7325947859056221,0.71602093785049,0.644254224695708,0.6925581078584737,0.657155099288176,0.656510953503157,0.6190632602064436,0.622261564903396,0.5479451207020483,0.6069889427362025,0.6209616001233977,0.623758944661538,0.617763219071429,0.6449161598762745,0.6665197548601878,0.5624801582604195,0.7933896804308773,0.8016017043035479,0.7150464983399939,0.6878725654008904,0.6940696383549367,0.6266551980689699,0.5706651300949588,0.605783081322837,0.7586540568658827,0.6699333738712162,0.6548009650434885,0.6387657371957296,0.6614388300263381
COD,0.7750342963548048,0.8072406989572892,0.6020127035982084,0.6651544324345283,0.7396717029135842,0.7445794599884649,0.6552276234928786,0.6721699560826824,0.6275122043911325,0.695080038289803,0.9412629566367527,0.6910460144753022,0.787889326647469,0.6837043730058792,0.7276921797714573,0.7114260596426968,0.6852699135846889,0.0,0.6911732422493685,0.7065676653232315,0.7822248738502665,0.7429994951629544,0.7505772142176009,0.7462380783000219,0.720721232964207,0.7137096273272799,0.7164644342228291,0.7573193798627891,0.723330787683432,0.7520270314372778,0.7487778906826731,0.8499960944515956,0.7116870440772686,0.6904182986458118,0.6962111857831296,0.6996816037424168,0.7672619463172865,0.7419233506720462,0.768804739229392,0.7317727641525705,0.7104731906072008,0.7666837066359837,0.6725904402572489,0.7215298991326511,0.7784269792499021,0.7175765736622607,0.6962705071026074,0.855732956473464,0.7397917440430223,0.6414635953078535,0.6947917361714981,0.8020760810219839,0.6601291908554422,0.7183324720046349,0.7226082545812157,0.7259270664771459,0.7362742117378552,0.6719349551716541,0.6323948531657131,0.6096012824472454,0.6508571701703847,0.6872830905588131,0.7111658015396201,0.6466207581456328,0.69002041709915,0.7307492803846506,0.6425726302552951,0.8825061081365176,0.8425788797221956,0.7597925779662253,0.7343092443649829,0.7499096691271813,0.7051647955016093,0.6869010189521526,0.640625029059104,0.7956997684641353,0.6479602255280956,0.7367535078632291,0.6748871948223714,0.717257464396505
COL,0.7097275305765178,0.7036705071512147,0.4815574903840234,0.5503564450942053,0.5548244483359254,0.5494407402553771,0.6202131138855612,0.5562108437429029,0.523075360439048,0.4683248109597382,0.8622190460850357,0.5213242710849225,0.61818208009568,0.5721071490379375,0.5843468030104986,0.6031121597470445,0.5758991305048189,0.6911732422493685,0.0,0.5418396685724818,0.6552781041535568,0.5788571107958363,0.5900945263625399,0.5812925765927444,0.5842725235022539,0.5287927525205602,0.5822383650713402,0.5987325509932578,0.5396823140744146,0.5353629168500549,0.5803746643388787,0.7447368208520034,0.5362033921007169,0.5269497532791484,0.5338383028401527,0.5742775062284166,0.6323319348365446,0.631558982849291,0.5787359444400867,0.5391716724306841,0.5502323401588661,0.6127390890705656,0.6646227676901273,0.8080002927180293,0.6244804550088874,0.6928368277440685,0.5497266315887795,0.7576547305069703,0.6308080366464621,0.5549279199108592,0.5315031455588365,0.6498281790267758,0.6968172805609255,0.580152479788595,0.6888953184203959,0.5667782979734031,0.6048054253587031,0.540647984959762,0.5219043980402027,0.4690910396972785,0.551020714817122,0.5410285531227167,0.4969360955566187,0.5269289004744171,0.565049191821991,0.5788701514244189,0.5244014760056966,0.7402968781833715,0.7939262672812462,0.6255778708036083,0.5997682246381489,0.6282748884685898,0.5529764603794416,0.6335917852177423,0.5117519430538179,0.6380405495686128,0.6608348819282552,0.5363083332536839,0.5573974816003888,0.5711641292298744
CRI,0.7439754898794156,0.6898931972186434,0.5590767853263037,0.5418885213120039,0.5491032727127881,0.4917164481546924,0.6391575502341744,0.5204630096300765,0.5401126960823055,0.5401499716014416,0.8952942115144235,0.5474175001532584,0.577488771977254,0.5714884633633115,0.6774191855321849,0.5971585305510153,0.5785263681961664,0.7065676653232315,0.5418396685724818,0.0,0.5785668440050368,0.5624232323757123,0.5853563229543818,0.5395098677397118,0.6510679940823808,0.5080122770791794,0.5390192517016674,0.5706409122302307,0.49989664047599014,0.5345135864262348,0.5100108917734206,0.6363927827972742,0.502319743456194,0.49621746366799013,0.5572387168923898,0.6308154076897277,0.6092151076531647,0.6213024703725881,0.5731007401584989,0.5215156848252588,0.5982059290550193,0.5970833507236439,0.659462694232639,0.7884841714002122,0.654125154887652,0.7004752604705303,0.5015135624007788,0.7181884839855911,0.5793106178740625,0.5755919832891909,0.5629799199042965,0.6528384873734131,0.7141316178333416,0.6066972362581494,0.6776409398203934,0.49135677357211804,0.574303953240535,0.5265932746892115,0.5783761052963025,0.5397163298485746,0.5563580090496649,0.48568056792195446,0.483035673932296,0.5557964167840498,0.5890148613476499,0.5665120017693223,0.5128391141555605,0.6919853032008538,0.7624338955196377,0.5970429127437684,0.5583803013027866,0.5987903749350019,0.603212034634252,0.6280860848551993,0.5327873220966157,0.6466937787413579,0.6469810248129356,0.561428416254735,0.632515226846968,0.5862607478369043
CYP,0.8074877782810752,0.7295564449748836,0.6742948540359777,0.5556089810899065,0.5940313778789286,0.5806285140763638,0.6595858672211542,0.5830213587217027,0.6246486657683258,0.6830906722190643,0.9409124430645189,0.6418904938462864,0.6603963852590974,0.664066118331718,0.7494491587350055,0.7205384107956889,0.6891027169730196,0.7822248738502665,0.6552781041535568,0.5785668440050368,0.0,0.6091109056810488,0.654265575316312,0.5870406115648893,0.7125148021208338,0.550229539635752,0.5545257060983836,0.6429894053933648,0.5856812008163341,0.5707562807214752,0.5646477205976803,0.6426274287702145,0.5849518597159036,0.6228265155835186,0.6794114152469217,0.6943631981737316,0.6212604413116136,0.5967326884166423,0.6506391974559657,0.6005115884543644,0.6582292723208146,0.6944607320327331,0.7309492013225032,0.838372492002484,0.7064206554699953,0.7745171687119206,0.6354601711052575,0.711325857234474,0.5303484692161219,0.6842794028042746,0.6950172012627538,0.6065951924674426,0.763790725055391,0.6750878874283439,0.7447739494969381,0.5511617724378669,0.570649288116179,0.6009893596637192,0.6746663402452585,0.6733044432823669,0.7050854068808012,0.6018691946520771,0.5423417239742078,0.6312598839634797,0.6866264219022724,0.6530012251703133,0.6249449174015648,0.6852710960234086,0.7171159384468395,0.65119463603088,0.5683037374131649,0.6645751724763035,0.7143182216120023,0.6936694101507322,0.634734828220998,0.7314672078413831,0.7525218776184174,0.654218788161209,0.7052938275876433,0.7196043504298326
CZE,0.779109908373199,0.700730608535405,0.5411254006546526,0.4612202876883938,0.3463858968338546,0.42942543545842365,0.6653260680354619,0.433307278446475,0.5410070670722582,0.5193942619653015,0.9265202049597686,0.521005372447984,0.537832924826267,0.5699092114267243,0.5522289801046135,0.6537076047464181,0.6751261361639357,0.7429994951629544,0.5788571107958363,0.5624232323757123,0.6091109056810488,0.0,0.40912910517586076,0.5389568676054016,0.6856091911777369,0.3666181458493827,0.4610707074311138,0.4688449478324445,0.40048284300192233,0.43338401459119325,0.5798941479523484,0.6944561051693751,0.47773788678646295,0.390195520767138,0.5923389712738473,0.5987799315492749,0.5586180165612873,0.6341304765368901,0.5603152139494553,0.37726334207710316,0.6397645986849513,0.5072928572503024,0.6952117743874997,0.8111958903317584,0.5436452862226584,0.7762716724990028,0.5067134550315616,0.7019205530572266,0.4528298807140819,0.6228747371726703,0.5249493258737307,0.598457107794886,0.7347254261433033,0.5864228259869911,0.7410206175083333,0.42399325421821576,0.5323131195303838,0.49606448020084243,0.5824138701612017,0.5920765371241546,0.637533739708018,0.3544270030140639,0.3911295392407176,0.4460778454951716,0.5232175697061531,0.6338046900503,0.5862065717060936,0.6823026457679677,0.8022380635099328,0.385549656593504,0.36152530464048843,0.4038191734227247,0.6072030540438887,0.6300668375639077,0.47335786077459135,0.5881727740796884,0.6413775960927193,0.49244493224825875,0.6436844036638073,0.5579429823458067
DEU,0.7895417354457958,0.6905756301202248,0.5506803162136052,0.5161993181123308,0.3774932813034772,0.40330137569836816,0.6910164207841024,0.530093003025978,0.5565992496826275,0.4999979277048652,0.9206326846841538,0.49947173526848276,0.498886534830433,0.5721695246943919,0.5631356639098644,0.6631555010065534,0.7006190013240234,0.7505772142176009,0.5900945263625399,0.5853563229543818,0.654265575316312,0.40912910517586076,0.0,0.5062949869385232,0.6788757211845091,0.42071750780376027,0.5174192582176173,0.46369516020010515,0.3834452226202037,0.4289572686653807,0.556535791011589,0.6956899619646013,0.5165949018501631,0.39856453058886865,0.6170198878098142,0.6325197419620844,0.5755567005094827,0.6241701031539932,0.5172586283802584,0.36580709139865203,0.6522106477713332,0.4491023105871959,0.7041144478364519,0.8336673457592013,0.48187991375202105,0.8159167848297164,0.5795816633142579,0.6778639160612296,0.5726258031602607,0.6372159073731244,0.5216236045776824,0.6080989761442601,0.7538217812269389,0.617647431446021,0.7747961530049445,0.43720332888145763,0.5420020980156294,0.5334474921500637,0.58805034352184,0.5899921080590943,0.665135932893543,0.4501667101927525,0.4421852670975486,0.536208267659513,0.538444624683395,0.650986900173689,0.6272544070856155,0.6503921349528798,0.8045027294742606,0.46713022813114013,0.45585023675350617,0.4006973847032755,0.6172543083434122,0.6525312238666839,0.5090807861250345,0.548739860832548,0.6707039293163901,0.4362353150850671,0.6889206718340505,0.5739315521432331
DNK,0.7651587288486681,0.7048522495721316,0.581209887612678,0.5216331947553196,0.5028074023671127,0.5019143275873055,0.6513740657613957,0.5596714266633107,0.5847191033940988,0.5717990548364953,0.9092042913198979,0.540892849007786,0.5304182397808032,0.590184104715332,0.6624396547813185,0.6723224111712569,0.6599712819230668,0.7462380783000219,0.5812925765927444,0.5395098677397118,0.5870406115648893,0.5389568676054016,0.5062949869385232,0.0,0.6531985582933009,0.5263232302464048,0.517893245537071,0.5258952069090357,0.4983244905138044,0.47755160386097334,0.5121993402414478,0.6399241948117161,0.5217015985971248,0.5206403914537969,0.6366783054219299,0.6701363319712871,0.5815932403920993,0.6018580874651226,0.5551869074810515,0.471329727504031,0.6506453741927689,0.576734239272408,0.703283813693003,0.8355685343960707,0.6151749916397429,0.7808198670597923,0.5845799409596817,0.7182579214539234,0.5813993130905242,0.6813344031226705,0.5972661398808,0.632186379685981,0.7490744755543586,0.6393318096221641,0.7264970341526334,0.45682153734408876,0.43836159253599866,0.5241504673198174,0.5915165666681347,0.6066984876707825,0.6631255832666247,0.5334098440445988,0.5077912734091973,0.5758650932520946,0.5966163352152838,0.6190057544405336,0.6255519449326898,0.6266577771310425,0.8050619257757106,0.6043356933678419,0.5222332004798432,0.5276756284639916,0.657028892911597,0.6679076568866267,0.5702674690924062,0.6541422138176372,0.6919509441725924,0.4982733882885361,0.669419419696114,0.6286615372309369
EGY,0.729672954161201,0.6705858155058386,0.5537356193241255,0.683140574781681,0.6685371115406684,0.6312402043457108,0.6738719055583855,0.6485117486518939,0.5999891593412723,0.5691989468882204,0.8215330217131052,0.6344640291565379,0.7296569329403861,0.6965099238643709,0.6039673520274362,0.6815811513094769,0.6738056794208678,0.720721232964207,0.5842725235022539,0.6510679940823808,0.7125148021208338,0.6856091911777369,0.6788757211845091,0.6531985582933009,0.0,0.6364940639412181,0.6657197429259367,0.6854577919543278,0.6754508631524478,0.6870900703014481,0.6168865870198229,0.8245794477475452,0.6346144182988677,0.6426591525482629,0.6094069339815232,0.6083803421673278,0.7701752303408238,0.7152771251412835,0.7251292142015242,0.6417665779908868,0.6108626493224038,0.6863273750632857,0.7192773920939121,0.7777683592909769,0.6704504308959119,0.7233130105281018,0.6529625669931028,0.8390891694792189,0.7169041676404554,0.6313202061439702,0.5829443486568914,0.7594202532412383,0.7125813117347355,0.6309501745565504,0.7940133282378922,0.691912764591479,0.6719269060226432,0.6640797109979377,0.5506549798026078,0.5814621708852933,0.661107648108572,0.6518231033354172,0.6332992695369896,0.5890191700916481,0.5666112821675758,0.660288086121482,0.6389645634196527,0.7294148708687627,0.8524432441448176,0.6770250632079161,0.7078184030506798,0.7051838846583001,0.6035255962547108,0.6652124915610288,0.5381106516127315,0.6680447080784152,0.6613079506168129,0.6607063044822742,0.5832195208579402,0.6612635641510334
ESP,0.7632255047352421,0.6550472806284282,0.5031902231001911,0.42784655328415433,0.35348131220031065,0.36805904703854514,0.636201527876388,0.40282915880074915,0.4994378922797853,0.47883377176547104,0.9204098928720493,0.5039422925915479,0.5401581788614942,0.5599361498671379,0.560339701918231,0.6267509429212261,0.6490975299947357,0.7137096273272799,0.5287927525205602,0.5080122770791794,0.550229539635752,0.3666181458493827,0.42071750780376027,0.5263232302464048,0.6364940639412181,0.0,0.46654183188150433,0.4667605002488061,0.37128182928336223,0.4023470475716649,0.528414755783602,0.692271288373636,0.4043273180584905,0.4113245641528567,0.5562851781982862,0.5758350410023182,0.5189849549368933,0.5731308832021719,0.550721162878784,0.32928993167740117,0.5863506499134498,0.5065544909233001,0.6805270965871794,0.8035737307348504,0.5357593696938028,0.7629208115629159,0.4875718657971056,0.6917500680486859,0.4424856736918987,0.5742114145793057,0.5063719349838091,0.5743025413670182,0.7203817728682023,0.5917397182777253,0.7336243934988605,0.41295667353815013,0.5180160893714706,0.48382815518836303,0.5566105425517389,0.5337911384767373,0.6108624157504307,0.3685421545939757,0.31447395163181335,0.4373563301805416,0.4993981817622666,0.5541471705528032,0.5271197326945031,0.6648456996165746,0.781765852379488,0.414391671966205,0.35727688051897516,0.46858681478621617,0.5812142791894708,0.6204606445855497,0.42011334457291494,0.5675105285076514,0.6424875387242497,0.5014758699448391,0.6245133094703449,0.5619519914077097
EST,0.7750880037311991,0.7234150826495569,0.5757492373699771,0.5200251839229344,0.45033810412486647,0.4951698945692444,0.6198735310960061,0.4982189775486001,0.5708991466493815,0.5792673704635997,0.9284448491901145,0.5444327295567807,0.5570089301973211,0.558127747637656,0.6511825848052565,0.595944011875977,0.6226347730605765,0.7164644342228291,0.5822383650713402,0.5390192517016674,0.5545257060983836,0.4610707074311138,0.5174192582176173,0.517893245537071,0.6657197429259367,0.46654183188150433,0.0,0.48062294853815646,0.48346720229122137,0.49862927260130996,0.5670097890200471,0.6971666435335461,0.4765731488152557,0.48857617388534125,0.5894189952869251,0.6582379560300211,0.5931880921649401,0.6273258591775425,0.5917243089546393,0.4733800354930497,0.6337923130534745,0.6068978746165508,0.6893580811425638,0.8133677325936306,0.6348716202465496,0.7447390499898586,0.4800471145671743,0.7279612700915506,0.3916302247570743,0.6367864620723419,0.6015037232697236,0.5774233315083611,0.7224273378053605,0.6221189728200903,0.7322491119296256,0.48819094060984286,0.5055768487043767,0.5266445114907563,0.5786069667986866,0.5734685339473976,0.6348182784205416,0.46783556135976134,0.4476439841573433,0.5095094123821011,0.56350619561548,0.6087762751789912,0.5605758308314991,0.6986110027659707,0.7656572042722329,0.5137511400794096,0.45527837363821333,0.478502231219879,0.6353629777858346,0.6144766299984236,0.5147703048329532,0.659871182170306,0.6841035234691536,0.5593859013256903,0.6316285817461682,0.6262399193236763
FIN,0.7949034737294298,0.680113304908345,0.5923551088330016,0.5345422263991009,0.43997197733548954,0.47392597252030044,0.6965825566617693,0.5237862058876923,0.5738131436987998,0.5419838827727071,0.9079517661281252,0.5153289550298955,0.5424181841007857,0.5657825936753464,0.5892135817428922,0.6377036704889457,0.6811539374759779,0.7573193798627891,0.5987325509932578,0.5706409122302307,0.6429894053933648,0.4688449478324445,0.46369516020010515,0.5258952069090357,0.6854577919543278,0.4667605002488061,0.48062294853815646,0.0,0.4870976228571638,0.5053656435022851,0.5828282180902058,0.6912758136048045,0.5100175604479582,0.4765215346496419,0.6010282401691048,0.6374631209119065,0.5848871506162974,0.6447902293489799,0.5367849204438658,0.44566797799079033,0.648025949806373,0.5201202331952873,0.7146063652067032,0.8221977187024898,0.5279812659796123,0.8055866370249084,0.5666961323277574,0.7330611634236344,0.5427229333443244,0.6659916255977667,0.5514280743211976,0.6097751217827149,0.741410296680699,0.6192475392577556,0.7810406799863056,0.4678732919218403,0.5262662596412352,0.546975438436703,0.6138110305497497,0.593255281640945,0.6560165827422592,0.44956161836782854,0.46727122736331017,0.5479526978234011,0.5704482375054155,0.6434845351190847,0.6250113473743278,0.61661435547115,0.8200769296633383,0.5129765739534342,0.4819940000049864,0.4183775636649395,0.6219756125626874,0.6577874205203532,0.528525674746618,0.526439733503858,0.6743787149540278,0.5106293551565393,0.68179998714704,0.5985418586628772
FRA,0.7528897089086537,0.6733844262086053,0.5504917490511158,0.4342603293158574,0.344507957026136,0.3747258574674611,0.6471086487583677,0.466389101052733,0.5556386201192162,0.4943984877782881,0.9157280185537061,0.4709092575255478,0.493855607985378,0.5179928755233504,0.6345821461189282,0.6228763657151787,0.6508259363147595,0.723330787683432,0.5396823140744146,0.49989664047599014,0.5856812008163341,0.40048284300192233,0.3834452226202037,0.4983244905138044,0.6754508631524478,0.37128182928336223,0.48346720229122137,0.4870976228571638,0.0,0.33547811625920276,0.5206619532513186,0.6429543460650335,0.4554821314584273,0.39929679484683916,0.6060949786375188,0.625503131881973,0.4972286930467855,0.5864511482600933,0.4842638581102137,0.3591375107429112,0.6349048791462769,0.5250828580953656,0.6714958568874565,0.8192733936072469,0.5716385869032112,0.7618107227146901,0.504271900367875,0.6446684471482123,0.4814926020032302,0.6092762177931756,0.5373990683668256,0.5720097258989367,0.7353497789343744,0.6062714681707017,0.7226319914192546,0.34496544201369705,0.5072603317592461,0.45601808412240363,0.5750799193197478,0.5527235757708769,0.6130243571120776,0.42165819396423665,0.356787615488543,0.483198544899032,0.5249952506030715,0.5929688108039414,0.5562056672168443,0.6630732691210266,0.7628472183611591,0.45822212238100285,0.4198511982716628,0.4405174263579484,0.6154241850319552,0.6230246073645508,0.4702651867865053,0.600502128295054,0.6585063773581692,0.4332629995092169,0.6656463889201965,0.55846581090814
GBR,0.7378278708497376,0.6541995652316894,0.5508271992737334,0.4036752537166196,0.36515645854596734,0.40912822299158047,0.658925431574344,0.5094013567678127,0.59726990491268,0.5075756925377399,0.9097961582827278,0.4559495391506214,0.4964245389645434,0.546233945779474,0.6531345647163752,0.6675033118106237,0.6539459579953152,0.7520270314372778,0.5353629168500549,0.5345135864262348,0.5707562807214752,0.43338401459119325,0.4289572686653807,0.47755160386097334,0.6870900703014481,0.4023470475716649,0.49862927260130996,0.5053656435022851,0.33547811625920276,0.0,0.5478520376907271,0.6310566264734487,0.47276619075808957,0.45694695281544223,0.6255270485332767,0.637264820006386,0.4689851349989314,0.5716720846042836,0.49776637748452673,0.3947044224717781,0.6441833321629535,0.5496827536024108,0.6559868380315377,0.8449024807901548,0.6062404788667441,0.7863070054522898,0.5147403615700773,0.6378880608637884,0.485048391009371,0.6636174865484938,0.5556448926870718,0.5411288006219745,0.7591892141910349,0.6084336855694076,0.7367561466299576,0.3434201064844481,0.4730776495843083,0.4606253891397164,0.5834790446097451,0.5638911634360437,0.6491821220874491,0.46481217733997676,0.37437371626404264,0.5109552242277787,0.5353777488592254,0.594167087362226,0.6008206612858732,0.6634567958704836,0.7403907826041388,0.49022457825709326,0.42401649572127076,0.48489323761062286,0.6430210574897374,0.6414678524819436,0.511592095633225,0.6289742011168886,0.6965395960418308,0.4083232679804568,0.6649243968938136,0.5751075587257841
GRC,0.7705924820806637,0.7036395457582781,0.607052913971137,0.5603916628973478,0.5430655921764386,0.5182171442430907,0.6485753194898666,0.5444678964469777,0.5909100994581052,0.5852689930322083,0.8962856636571096,0.5481321407938344,0.5805685833538781,0.5515358010437902,0.6709550454922157,0.6553800884143877,0.6428840869696473,0.7487778906826731,0.5803746643388787,0.5100108917734206,0.5646477205976803,0.5798941479523484,0.556535791011589,0.5121993402414478,0.6168865870198229,0.528414755783602,0.5670097890200471,0.5828282180902058,0.5206619532513186,0.5478520376907271,0.0,0.6671032128808568,0.5220160946264772,0.534588957666909,0.6356230897855716,0.6531572121192485,0.6561385999729474,0.6158341419546153,0.539761186040229,0.535922863790466,0.6199986636388011,0.5928021399766623,0.6830194971681774,0.8048394803086606,0.6012368138723992,0.7521638176358261,0.5811910861285114,0.7264840957267303,0.5980440271074833,0.6373983482986167,0.5982769236663036,0.6564087147763251,0.7472295179574562,0.6730490509725168,0.7433200266519426,0.5235802413855203,0.5545624097811662,0.5748660952499708,0.5961126815220332,0.5918635498657593,0.6571639106712792,0.5626036318834229,0.5205098010100616,0.5895381487681838,0.588800232937853,0.6388122908671818,0.5752227557145356,0.6478650811150218,0.8005304392456511,0.6335330218030799,0.5740770241149995,0.5556591363327167,0.657108067835109,0.6565230601389884,0.5479110659169734,0.631249826133596,0.698002038804796,0.535772805836927,0.6736102762446542,0.6130152761500578
HKG,0.8319117361941463,0.7691699893742167,0.7718104314752368,0.6744462167567938,0.6708793161192157,0.6739905456024308,0.7485270095170725,0.7281234251496392,0.7535782652288566,0.724254049224847,0.9521995876027765,0.7054231625473691,0.6418892959156675,0.7328624561271253,0.8302058943261934,0.8092676319162372,0.7835513842222751,0.8499960944515956,0.7447368208520034,0.6363927827972742,0.6426274287702145,0.6944561051693751,0.6956899619646013,0.6399241948117161,0.8245794477475452,0.692271288373636,0.6971666435335461,0.6912758136048045,0.6429543460650335,0.6310566264734487,0.6671032128808568,0.0,0.7051890133629439,0.6490725946185547,0.7616774248224287,0.8041610362174016,0.6850313371580217,0.7002774864589283,0.6538760155807511,0.6753370739905401,0.768706181187438,0.7078740366853801,0.7654874840472309,0.8953162130612909,0.7485458989429723,0.8334197415785202,0.7367829138216954,0.6701576592754155,0.6975665647827568,0.8230194685207812,0.7332205795018674,0.6751627542910942,0.8636566728944732,0.7145050198267724,0.7943504386260939,0.6196095451798849,0.6677628274779664,0.7012908114140791,0.7486212708104149,0.7815793155081223,0.7270243994451632,0.6861175664998029,0.6536392345236605,0.750336464623265,0.7514779438572575,0.6731826629412225,0.7670797745030667,0.6781386266268077,0.7408937038601694,0.708744517323362,0.6741631235453354,0.7002779666589359,0.7694689671445959,0.7912639652020594,0.7509844805756222,0.7275484663901547,0.79811285949347,0.6724128409145982,0.8219398900415973,0.7553918993305662
HRV,0.7081858707584924,0.6537859599544564,0.522910672153132,0.49157661521058454,0.4515255592762444,0.45819821398761307,0.6288496566373735,0.44098087566597016,0.5199407821149034,0.5187615643815248,0.891077548763507,0.5266350183927717,0.5455586837045587,0.5421665107216516,0.6090974487323368,0.6242478951437805,0.6317346869604936,0.7116870440772686,0.5362033921007169,0.502319743456194,0.5849518597159036,0.47773788678646295,0.5165949018501631,0.5217015985971248,0.6346144182988677,0.4043273180584905,0.4765731488152557,0.5100175604479582,0.4554821314584273,0.47276619075808957,0.5220160946264772,0.7051890133629439,0.0,0.44313134111201447,0.5560768001502209,0.5898058673889132,0.5614106650834132,0.6041859158456979,0.5690164656736295,0.4382548990780852,0.5823866959033586,0.5615352249938099,0.6692292545028263,0.7996959889102156,0.5989563631557437,0.715301796423443,0.466525997462427,0.7323784611831634,0.5023040679484448,0.5689354388009009,0.5514520401510061,0.609009282211356,0.690033604133324,0.616694021151882,0.7037298641321817,0.45490379262711367,0.5069082840552022,0.483434222000174,0.5436858771375891,0.5522329112075237,0.5846035396524208,0.41926847745454476,0.40752876164871904,0.4566446182217369,0.4925297226690647,0.5678552722266834,0.5300424782088713,0.6619895695045696,0.7781133076008178,0.4907916247195664,0.4305340326024556,0.5227250834830373,0.594853813315853,0.6081847050721232,0.4926311529628405,0.6022300443963414,0.6541459819000592,0.5213164924249117,0.6063128736688623,0.5845744865779122
HUN,0.7347606479754367,0.6770645690035196,0.48327587196730004,0.49694051364827885,0.41557075539037047,0.4199991663578307,0.6238321536589362,0.45972245426655967,0.4649755999248764,0.45387351083873473,0.9097392775500677,0.46890261439891584,0.5168873963293352,0.5486739948754599,0.5473556270976774,0.5997567474702825,0.6347082985690164,0.6904182986458118,0.5269497532791484,0.49621746366799013,0.6228265155835186,0.390195520767138,0.39856453058886865,0.5206403914537969,0.6426591525482629,0.4113245641528567,0.48857617388534125,0.4765215346496419,0.39929679484683916,0.45694695281544223,0.534588957666909,0.6490725946185547,0.44313134111201447,0.0,0.5511393816572855,0.5612574214330731,0.5549080489196208,0.6225484187739171,0.5100022167056357,0.4021502656349089,0.5787574510056219,0.4728535231831849,0.652007799298783,0.7827317739689625,0.4973072807605103,0.7205792793698131,0.5025181367210917,0.6931217034096686,0.5526571531393674,0.537741930938169,0.4533395847263995,0.5932976669480584,0.6825047295500979,0.5598044378670796,0.6951347674903106,0.4400885732085925,0.5589516482899364,0.48857602443796283,0.5099555139061398,0.5462409742597418,0.5342756879764842,0.38025138136696257,0.41246967138960194,0.457959092466879,0.48243338282470116,0.5924259263193974,0.5443583043797962,0.6630871192444282,0.7650415780309938,0.42949368001942845,0.4508132324570758,0.4307688364759707,0.5301898497842963,0.5940987415299636,0.4786137673848844,0.537212570910657,0.6144180300056894,0.44266164326820745,0.6168985276256351,0.5222685052775112
IDN,0.698644450233588,0.6945389876229211,0.5244696432553023,0.5956685859102728,0.5934288916754593,0.6061616794112774,0.6379673300909576,0.5666105345517243,0.4739850850997892,0.5067467506403995,0.8622108449464009,0.580618815015143,0.6436936868366716,0.6324786531477747,0.5118843780856911,0.5936391790485183,0.5782586755791775,0.6962111857831296,0.5338383028401527,0.5572387168923898,0.6794114152469217,0.5923389712738473,0.6170198878098142,0.6366783054219299,0.6094069339815232,0.5562851781982862,0.5894189952869251,0.6010282401691048,0.6060949786375188,0.6255270485332767,0.6356230897855716,0.7616774248224287,0.5560768001502209,0.5511393816572855,0.0,0.5525319260050969,0.694209175823267,0.6721120291422217,0.66179724061694,0.5721163316056982,0.5762238369251819,0.6058146387043956,0.7052978670216066,0.7941340960676461,0.5960277623370464,0.6764436642873272,0.5994621504234259,0.7893910946022749,0.6676538370574893,0.531933707539154,0.5342548914454132,0.7028685760685982,0.6514937992308129,0.5361445003079843,0.7110101201156162,0.6399112124268519,0.6412535342912897,0.5936921935568316,0.5270500803991901,0.528434115953899,0.5273921776403363,0.5261718225558983,0.5361829262572766,0.5220282068287375,0.5629401916932562,0.6116592749689918,0.5901258322136567,0.710440416039482,0.8320136800535641,0.608271564504164,0.6120402653308554,0.6404868530269363,0.47692770472358875,0.5986093364725991,0.4996080101953963,0.6058500026772792,0.6338626244384982,0.6234911014891032,0.5295473504326949,0.6059178216697905
IND,0.7219625138283164,0.7155658812083746,0.5078813215266417,0.5874272873101066,0.6109418957869615,0.6084301041161161,0.611697749010905,0.5207299950787774,0.5308129818106609,0.5248841740975851,0.884341142025202,0.5879477222141573,0.7008567241609752,0.6826618206421322,0.5240227350467268,0.6743882437220824,0.6625725172387825,0.6996816037424168,0.5742775062284166,0.6308154076897277,0.6943631981737316,0.5987799315492749,0.6325197419620844,0.6701363319712871,0.6083803421673278,0.5758350410023182,0.6582379560300211,0.6374631209119065,0.625503131881973,0.637264820006386,0.6531572121192485,0.8041610362174016,0.5898058673889132,0.5612574214330731,0.5525319260050969,0.0,0.6974348385272904,0.7023244649791849,0.6669232712361983,0.5747400274573645,0.5825760274397151,0.6187865351997228,0.6838591077833751,0.7318175739550372,0.6261591147310258,0.7146739616208506,0.6060268445287773,0.7715894112463249,0.6804766702744787,0.5423597099337677,0.5375227674391401,0.7426548674309335,0.6236594410190074,0.5930737170865913,0.7533970531933307,0.6403372486672426,0.6698448284436683,0.63344735820972,0.5045356839619795,0.590809194493175,0.6012783116547719,0.5593330074565104,0.5915940003165897,0.5204825604605058,0.5567153702937342,0.6420810977602839,0.602243539102218,0.7507279305705093,0.8018687624545244,0.6181618796839166,0.6317263488549183,0.6458798953115631,0.5752935521041007,0.631435028185303,0.5155948692628319,0.6316553356160934,0.6111312627882436,0.6152572193177392,0.554431534359422,0.6109454400822102
IRL,0.8021875837783061,0.7241757093887681,0.626681489374486,0.5237326601304443,0.5305080289527391,0.5325641521722947,0.7083681297367144,0.591031666366859,0.651066063878075,0.627952174629413,0.9497744210781219,0.6335986318990361,0.5408495997652705,0.6109232960830496,0.708136055518826,0.7275883119138161,0.7254049195507936,0.7672619463172865,0.6323319348365446,0.6092151076531647,0.6212604413116136,0.5586180165612873,0.5755567005094827,0.5815932403920993,0.7701752303408238,0.5189849549368933,0.5931880921649401,0.5848871506162974,0.4972286930467855,0.4689851349989314,0.6561385999729474,0.6850313371580217,0.5614106650834132,0.5549080489196208,0.694209175823267,0.6974348385272904,0.0,0.6038464409726533,0.5684017535014781,0.5420258673401691,0.7115857174887259,0.6408405860432511,0.7479574457865561,0.8568286524267902,0.6722839158369219,0.8110326864594468,0.614541395843744,0.6640243259628775,0.5703870357624495,0.7047272451023837,0.6350842457516126,0.5564492563809231,0.7826827342944502,0.6749219530158753,0.7555789609985974,0.489896489595195,0.6047370777414265,0.5681698376134924,0.6779343543624541,0.6557582262492582,0.6789718209275304,0.5603763912959785,0.5108517739510651,0.6107263797312783,0.6816715545013932,0.6783690441486222,0.6474716815980166,0.690753381337487,0.766306961642263,0.5880354521605367,0.5208599780232591,0.6162935623712288,0.67952039785244,0.7137926002525652,0.6258032163801672,0.6711778604390177,0.7467085101311637,0.5765805191463979,0.7130215874721799,0.6944253058341884
ISL,0.8126400535463928,0.7547502506694167,0.6549365035183837,0.5799349858126236,0.6045266281852614,0.5981883967054409,0.6450399651449895,0.6172994224925505,0.6234261726398286,0.6535958975475664,0.9452555364330292,0.6271945036127391,0.6466691496677817,0.6138723708498314,0.7150860392817299,0.7137508149145125,0.688416477985682,0.7419233506720462,0.631558982849291,0.6213024703725881,0.5967326884166423,0.6341304765368901,0.6241701031539932,0.6018580874651226,0.7152771251412835,0.5731308832021719,0.6273258591775425,0.6447902293489799,0.5864511482600933,0.5716720846042836,0.6158341419546153,0.7002774864589283,0.6041859158456979,0.6225484187739171,0.6721120291422217,0.7023244649791849,0.6038464409726533,0.0,0.6217602414680304,0.6180859328350031,0.6402675138180852,0.6777970211873058,0.7322060141960198,0.8346981669358248,0.703800355626582,0.7926291448563207,0.6566002955523246,0.7091117130104856,0.609614828720178,0.659786568837137,0.688600654807949,0.6314926892358065,0.7680595801588913,0.6933005359419233,0.7363760124894514,0.5738383147911639,0.6073924550270996,0.5909850653900675,0.6723555246449209,0.6190312267103854,0.6647359705342604,0.6282257775909297,0.5743090246057977,0.6412584512913202,0.6571883004830075,0.6654178348622587,0.6227184983157925,0.7539042853822495,0.7577780923500008,0.6643448840636561,0.6128362459408161,0.6616561619763704,0.694737403556313,0.6909001631268805,0.6239462624059566,0.7243036772225451,0.7503694734489718,0.6343249879679673,0.7020455002858343,0.6810770947996558
ISR,0.8041552317474282,0.7102892259739294,0.588299867069479,0.5568010962990078,0.5272331709427933,0.5049688777702857,0.7001397488762131,0.5958496568064969,0.638628270821552,0.5639694932233847,0.9171693062725153,0.5261265181698391,0.5266676287692802,0.5526356337571656,0.6609653575136876,0.6831104596251643,0.6931475327083049,0.768804739229392,0.5787359444400867,0.5731007401584989,0.6506391974559657,0.5603152139494553,0.5172586283802584,0.5551869074810515,0.7251292142015242,0.550721162878784,0.5917243089546393,0.5367849204438658,0.4842638581102137,0.49776637748452673,0.539761186040229,0.6538760155807511,0.5690164656736295,0.5100022167056357,0.66179724061694,0.6669232712361983,0.5684017535014781,0.6217602414680304,0.0,0.5183240306556577,0.6343317370516546,0.5668911772964744,0.7080820803224074,0.8467749604732295,0.5758410625534488,0.8228513496811365,0.6153125371730099,0.7052086023650759,0.6358806781310814,0.6786410311898222,0.573547689148346,0.6265566102870634,0.7825447281260604,0.6429251043957467,0.7363906644930518,0.45830107912393725,0.5882270069852343,0.5521581577583272,0.6522700796669147,0.608846678879863,0.6512805647846627,0.5735383203580929,0.5230859445091787,0.62373265523922,0.6233336136583406,0.6422332486000386,0.6269299450505498,0.6520611392034259,0.8031473902556876,0.6375518971686589,0.5643025385306715,0.5386448547979246,0.6553017016240823,0.669056048539384,0.61411840271548,0.5776581386981461,0.7110733421193561,0.4588852204934806,0.7191233036355896,0.609143850762188
ITA,0.7693205216030397,0.6748901104606778,0.5015606136762901,0.46233611434304506,0.3479093315307848,0.36801578557502257,0.62690629963054,0.4440514423420413,0.5181804563689368,0.47009557362258547,0.9142960411534532,0.4915429145958269,0.5162961823740575,0.5681795112524923,0.5412500678564701,0.619888758468296,0.6573358274901402,0.7317727641525705,0.5391716724306841,0.5215156848252588,0.6005115884543644,0.37726334207710316,0.36580709139865203,0.471329727504031,0.6417665779908868,0.32928993167740117,0.4733800354930497,0.44566797799079033,0.3591375107429112,0.3947044224717781,0.535922863790466,0.6753370739905401,0.4382548990780852,0.4021502656349089,0.5721163316056982,0.5747400274573645,0.5420258673401691,0.6180859328350031,0.5183240306556577,0.0,0.6104884470031419,0.45922912400598004,0.676561808314006,0.7958891653095699,0.5064737821446138,0.7893550014128577,0.49930269118300524,0.6753649765356605,0.5040154056719879,0.6112532518337769,0.48776107808734914,0.5947780683382303,0.7243880442345135,0.5930646601121435,0.7368515507191313,0.3992262524919969,0.4982590551428269,0.4979299068062115,0.5520632285768758,0.5375203216513509,0.628564408332702,0.39125079703939797,0.35542801822762454,0.4538444701605459,0.5131474242564652,0.5864927358578357,0.5610693802917445,0.6494821404657537,0.7864648950783741,0.43456624790069165,0.3791911540554888,0.4340995556639009,0.5856962262241782,0.6148985373687776,0.4315035958499448,0.5416883170534283,0.6406821203953452,0.4504481793339203,0.621653241934275,0.5520418545919472
JOR,0.7502660982016588,0.7076143946290315,0.5739228183996038,0.613092961588555,0.6409471592852991,0.6173178112662102,0.6617540643925716,0.5683042771329934,0.5528170991697821,0.5784699027119927,0.8759553969685485,0.5850827189217825,0.7007013900050594,0.6377819446640325,0.6271627074343546,0.6218630025942312,0.6188463794285474,0.7104731906072008,0.5502323401588661,0.5982059290550193,0.6582292723208146,0.6397645986849513,0.6522106477713332,0.6506453741927689,0.6108626493224038,0.5863506499134498,0.6337923130534745,0.648025949806373,0.6349048791462769,0.6441833321629535,0.6199986636388011,0.768706181187438,0.5823866959033586,0.5787574510056219,0.5762238369251819,0.5825760274397151,0.7115857174887259,0.6402675138180852,0.6343317370516546,0.6104884470031419,0.0,0.6496754287096234,0.705208109935513,0.8031767620091236,0.6749929855749258,0.7032955843989998,0.6036612082016346,0.7970442142315398,0.679111061160331,0.557320049976701,0.5868856535312117,0.7243499490137251,0.7433224032956419,0.5928645032126549,0.7322724728011736,0.6324932277385343,0.6581295418434493,0.6207069496847031,0.614805069349931,0.5620105117900445,0.6115163353197096,0.5824464308672153,0.5778653011086567,0.5967180454908343,0.5769922324705473,0.6252975434977409,0.5518604865118891,0.7581379795971508,0.7875592434786227,0.6631328982719313,0.6499182138581676,0.6766424118707748,0.5993876883917859,0.6209000062619064,0.5816798014396692,0.675462133095992,0.6413889132278315,0.6170082357533319,0.6362353853897683,0.6008228824906503
JPN,0.8108824133610323,0.7240134584561764,0.5544797155265232,0.5810034577931531,0.5031822918843353,0.5183862276879494,0.701722544727939,0.5916028068704325,0.5726139078661332,0.515611731885047,0.9281936930387724,0.5392983110037546,0.5566069923525521,0.6194299467307014,0.533053134233641,0.6862702138283215,0.7110111439420465,0.7666837066359837,0.6127390890705656,0.5970833507236439,0.6944607320327331,0.5072928572503024,0.4491023105871959,0.576734239272408,0.6863273750632857,0.5065544909233001,0.6068978746165508,0.5201202331952873,0.5250828580953656,0.5496827536024108,0.5928021399766623,0.7078740366853801,0.5615352249938099,0.4728535231831849,0.6058146387043956,0.6187865351997228,0.6408405860432511,0.6777970211873058,0.5668911772964744,0.45922912400598004,0.6496754287096234,0.0,0.7206611769246563,0.7682281626969258,0.4416368319175237,0.8169592873516694,0.621159461091076,0.7345770940162923,0.6548969390772196,0.641389415696191,0.5244703855408565,0.6493288874110634,0.7569533186722838,0.632135665396294,0.7903276188150562,0.5551067174009088,0.6137680400350505,0.623831431365175,0.6078300166755731,0.6058262212360104,0.6666856781714163,0.5133925159747096,0.5239095107963854,0.5587321598921777,0.5689290069690547,0.6557694273679796,0.6466170787669155,0.6610794003798411,0.8240063098109028,0.5338582781943929,0.547043195017591,0.4838455244034656,0.5611606020199413,0.6863138546192077,0.5366029243151967,0.492844695890945,0.6338177530475685,0.5198818829426994,0.6671972233602702,0.6100054869646898
KAZ,0.6985055353048972,0.7161997319386826,0.6322024603084143,0.6038929098559048,0.6761090612054658,0.6686807882626598,0.7013662421639539,0.638096128579144,0.7002100519047209,0.645276409747655,0.8701945871495449,0.6161155084551335,0.7322748131578924,0.6799467784321154,0.7411132182050557,0.7307928328290257,0.6806665826499901,0.6725904402572489,0.6646227676901273,0.659462694232639,0.7309492013225032,0.6952117743874997,0.7041144478364519,0.703283813693003,0.7192773920939121,0.6805270965871794,0.6893580811425638,0.7146063652067032,0.6714958568874565,0.6559868380315377,0.6830194971681774,0.7654874840472309,0.6692292545028263,0.652007799298783,0.7052978670216066,0.6838591077833751,0.7479574457865561,0.7322060141960198,0.7080820803224074,0.676561808314006,0.705208109935513,0.7206611769246563,0.0,0.8052176164091042,0.7752132486472996,0.7569858598446881,0.6604567279988356,0.7819879082370746,0.6894372055344303,0.7197647762455504,0.6517702734962014,0.7697801928953822,0.7301388799389288,0.7038494462663493,0.7154638881269929,0.6571639773068572,0.6748084005061817,0.6335341347903664,0.6428124155089837,0.623387589607345,0.7074484513477861,0.6482675079673329,0.6721151681918357,0.649164672150838,0.600313938223045,0.6340411860637145,0.6861704375568254,0.8073167439245242,0.8190959637692383,0.7029356492899024,0.6937860512947569,0.7032440003781811,0.7455057637428142,0.7203324677492913,0.6737542547543605,0.7701553592828332,0.6721752146060324,0.6505895560942425,0.6905154388462534,0.6714248381768119
KHM,0.814971730534056,0.8777635331900976,0.7339179444411257,0.79823003476176,0.8105166665139834,0.8078901026002235,0.6569572404735989,0.7413376149009814,0.7399025745400362,0.7908721191959412,0.9624469171244259,0.8100385620404134,0.8559724625237393,0.8273330556553954,0.7718944096707284,0.780621530070929,0.7743210370504414,0.7215298991326511,0.8080002927180293,0.7884841714002122,0.838372492002484,0.8111958903317584,0.8336673457592013,0.8355685343960707,0.7777683592909769,0.8035737307348504,0.8133677325936306,0.8221977187024898,0.8192733936072469,0.8449024807901548,0.8048394803086606,0.8953162130612909,0.7996959889102156,0.7827317739689625,0.7941340960676461,0.7318175739550372,0.8568286524267902,0.8346981669358248,0.8467749604732295,0.7958891653095699,0.8031767620091236,0.7682281626969258,0.8052176164091042,0.0,0.8000043994916719,0.7677348868977893,0.7979044557983652,0.8809079174401766,0.8076483068083319,0.726209879816611,0.8064353371099372,0.8598150318656336,0.68615446627362,0.8037909938284817,0.79407282185806,0.8354691942995317,0.8515239404209141,0.7959962519742565,0.7052185385697644,0.7822235437342294,0.752454748975913,0.7807317549228866,0.8005183538741858,0.7109784535806848,0.7823991392277846,0.8210048581803071,0.7422804251588379,0.904776662642159,0.8628817099525193,0.8058039753311822,0.8207298372242248,0.8095680881358698,0.7852357198104822,0.7799132740373637,0.71732709907962,0.7794434942093352,0.6443048729036677,0.8338977921697556,0.7061512036180797,0.8156010189076998
KOR,0.8223330182050855,0.7370442259843211,0.563335554757542,0.634012092270863,0.5535184731535782,0.5557197592029631,0.692013812392982,0.6241655586804803,0.5536824595492411,0.5215678301545974,0.9324297410063709,0.5870549872209688,0.6050918725041615,0.633720291330346,0.460702545891731,0.700144926877914,0.732918379885751,0.7784269792499021,0.6244804550088874,0.654125154887652,0.7064206554699953,0.5436452862226584,0.48187991375202105,0.6151749916397429,0.6704504308959119,0.5357593696938028,0.6348716202465496,0.5279812659796123,0.5716385869032112,0.6062404788667441,0.6012368138723992,0.7485458989429723,0.5989563631557437,0.4973072807605103,0.5960277623370464,0.6261591147310258,0.6722839158369219,0.703800355626582,0.5758410625534488,0.5064737821446138,0.6749929855749258,0.4416368319175237,0.7752132486472996,0.8000043994916719,0.0,0.8331938997503444,0.6624671072139906,0.7482267422410216,0.701922880725174,0.6460079810787351,0.5173638913424273,0.6679673199133042,0.7475894727409308,0.6166688084876467,0.8121376271379604,0.5939206569295516,0.6308659570276431,0.6524524672828195,0.6113775787987549,0.6325804556659157,0.6655449622242116,0.5593496032013946,0.5695919999913758,0.5901774975889136,0.6042918479899776,0.7089844607420616,0.6706738191504088,0.6240062131147835,0.8518922050135375,0.5791010019035044,0.5890505760363227,0.5481034185018581,0.5479343042456596,0.6866469776980284,0.543259406189678,0.4281431141117436,0.6734107737619107,0.5558894228050534,0.6591978159635346,0.6359378948252055
LAO,0.7000689794189866,0.8144474238882662,0.7118863660461979,0.76390142528199,0.766327175098064,0.796863439258142,0.688418389750804,0.7061393227505162,0.6615189051884129,0.7216353930964818,0.8976764819770942,0.7739075840963998,0.7947967033900752,0.7311181107912169,0.7605655596626232,0.7015069972975471,0.7167761805318276,0.7175765736622607,0.6928368277440685,0.7004752604705303,0.7745171687119206,0.7762716724990028,0.8159167848297164,0.7808198670597923,0.7233130105281018,0.7629208115629159,0.7447390499898586,0.8055866370249084,0.7618107227146901,0.7863070054522898,0.7521638176358261,0.8334197415785202,0.715301796423443,0.7205792793698131,0.6764436642873272,0.7146739616208506,0.8110326864594468,0.7926291448563207,0.8228513496811365,0.7893550014128577,0.7032955843989998,0.8169592873516694,0.7569858598446881,0.7677348868977893,0.8331938997503444,0.0,0.7167155641658733,0.8615183972220745,0.7559714228250743,0.6612742282566983,0.7646062610435947,0.7991692327756316,0.6675286744002985,0.7370151426399203,0.7384707753824649,0.7967736574023665,0.8109593313187957,0.7083603423232011,0.6289560281849047,0.7287000436001339,0.6422631020779349,0.7185683166623179,0.7280775523050721,0.6688650415638354,0.7107753264284837,0.7593899067868579,0.7099373511071313,0.8655075087864325,0.8225013059878306,0.7493846285064809,0.7961367659928598,0.8092548035270176,0.6974873262122122,0.7304264195121627,0.6975827127720907,0.8147706676493924,0.7274715787907239,0.796911733913927,0.6296450266759951,0.7562925805494319
LTU,0.7565067992345175,0.697512601240309,0.5544679244669978,0.5310101155495432,0.5315040869842196,0.4936808973146703,0.6447289524442091,0.47214631570600724,0.5600395486157439,0.525434474017819,0.8719378749080289,0.5502838766032797,0.6186153410778688,0.5782366123289221,0.659375020142935,0.5728966006971312,0.5873062485744464,0.6962705071026074,0.5497266315887795,0.5015135624007788,0.6354601711052575,0.5067134550315616,0.5795816633142579,0.5845799409596817,0.6529625669931028,0.4875718657971056,0.4800471145671743,0.5666961323277574,0.504271900367875,0.5147403615700773,0.5811910861285114,0.7367829138216954,0.466525997462427,0.5025181367210917,0.5994621504234259,0.6060268445287773,0.614541395843744,0.6566002955523246,0.6153125371730099,0.49930269118300524,0.6036612082016346,0.621159461091076,0.6604567279988356,0.7979044557983652,0.6624671072139906,0.7167155641658733,0.0,0.7599438207355275,0.5141922542947727,0.5978217921674932,0.5557608329110505,0.6640844882898645,0.7086498154149864,0.6294613167199878,0.7223427143844671,0.49867082849191924,0.5831689317699066,0.5235113955910897,0.576133844839181,0.5424836957577267,0.5935048299960083,0.45282391577219483,0.4734890807035998,0.5202755609739333,0.5421593260067045,0.6078236831573085,0.516981151510609,0.6931770933825603,0.7797073411247291,0.5251851264452968,0.52212236915834,0.576501951594398,0.6171625144355767,0.6020296431546102,0.5117454768657052,0.6592795132512227,0.6362801478433184,0.5656545608785275,0.6153758947956918,0.5844791554050974
LUX,0.8573353640940742,0.7989589709348472,0.7584521404002487,0.6658126549237622,0.6586602783368597,0.6694976505426057,0.7602866561459851,0.7206351272347259,0.7602286613586152,0.7175357841051129,0.9585715020182877,0.7025777388812087,0.6903426936410741,0.7445615875592934,0.8090977436186115,0.8062909045407548,0.8249105059805097,0.855732956473464,0.7576547305069703,0.7181884839855911,0.711325857234474,0.7019205530572266,0.6778639160612296,0.7182579214539234,0.8390891694792189,0.6917500680486859,0.7279612700915506,0.7330611634236344,0.6446684471482123,0.6378880608637884,0.7264840957267303,0.6701576592754155,0.7323784611831634,0.6931217034096686,0.7893910946022749,0.7715894112463249,0.6640243259628775,0.7091117130104856,0.7052086023650759,0.6753649765356605,0.7970442142315398,0.7345770940162923,0.7819879082370746,0.8809079174401766,0.7482267422410216,0.8615183972220745,0.7599438207355275,0.0,0.7077039623112967,0.8051385171643929,0.7691224076858736,0.734603499580864,0.8572992902943675,0.7278267629338464,0.8161200305706671,0.6492342850938703,0.72790876277819,0.7275861266102506,0.7594000162406371,0.777868249358369,0.7864324635822556,0.7170387874953628,0.6748941478499323,0.7612531382309374,0.7342158472353714,0.7678985499720904,0.7866373464826882,0.8105328075710503,0.6862485935339443,0.7146241218192605,0.6898810156585106,0.7045162886501375,0.8130937832769066,0.8105878440306066,0.7318659621734371,0.7470983605961155,0.8016887322202616,0.664986085677165,0.8133068530499353,0.759719983905718
LVA,0.7835253553805737,0.720565267320546,0.630305129044223,0.48155975085202296,0.4403747781905991,0.5055615672004581,0.6479255605447026,0.4717974834263947,0.6259816461867777,0.633796297559946,0.9450277981870168,0.5937623493207415,0.5828911494603811,0.5861166885139574,0.7118259027970091,0.6497143735462646,0.6719770693904387,0.7397917440430223,0.6308080366464621,0.5793106178740625,0.5303484692161219,0.4528298807140819,0.5726258031602607,0.5813993130905242,0.7169041676404554,0.4424856736918987,0.3916302247570743,0.5427229333443244,0.4814926020032302,0.485048391009371,0.5980440271074833,0.6975665647827568,0.5023040679484448,0.5526571531393674,0.6676538370574893,0.6804766702744787,0.5703870357624495,0.609614828720178,0.6358806781310814,0.5040154056719879,0.679111061160331,0.6548969390772196,0.6894372055344303,0.8076483068083319,0.701922880725174,0.7559714228250743,0.5141922542947727,0.7077039623112967,0.0,0.6725783908387373,0.6560019508392926,0.5837464138337145,0.7560866953177304,0.6759394322989495,0.7273078262527185,0.478065390904946,0.5511099589447008,0.5102669372977339,0.6338658539519113,0.6331850960260187,0.6753747593981099,0.48700796135341495,0.436533584882772,0.5239920084389348,0.5855457917422361,0.6305451413890961,0.5791352139137894,0.7228910766728964,0.7654553962079608,0.49437052024830597,0.43916302343982594,0.526851748019729,0.7072542470201858,0.6734574742009083,0.5362942852317042,0.7143203367368537,0.7112885032225646,0.6093054459561212,0.6762445474884099,0.6704547485864516
MAR,0.7317071949929387,0.7627664217487169,0.5236401941174161,0.6196580980356639,0.6340627460264942,0.623068376147362,0.5874231050977653,0.5536783324936844,0.4265914604981658,0.5481471158265567,0.9053661911934238,0.6083124045056056,0.6935734123223026,0.6333659571203623,0.5830792419757951,0.5982244913134681,0.6219950409393323,0.6414635953078535,0.5549279199108592,0.5755919832891909,0.6842794028042746,0.6228747371726703,0.6372159073731244,0.6813344031226705,0.6313202061439702,0.5742114145793057,0.6367864620723419,0.6659916255977667,0.6092762177931756,0.6636174865484938,0.6373983482986167,0.8230194685207812,0.5689354388009009,0.537741930938169,0.531933707539154,0.5423597099337677,0.7047272451023837,0.659786568837137,0.6786410311898222,0.6112532518337769,0.557320049976701,0.641389415696191,0.7197647762455504,0.726209879816611,0.6460079810787351,0.6612742282566983,0.5978217921674932,0.8051385171643929,0.6725783908387373,0.0,0.5624626815598952,0.7350560871442338,0.611531756845225,0.6049249301563245,0.687969522552344,0.6479295734704839,0.699981516721849,0.6071010179198407,0.5158229855112477,0.5442484190993601,0.5067633710079109,0.5647766417878375,0.5676244914847548,0.5427214605498658,0.5976841238543271,0.6606621075325435,0.49954557269435,0.7906363909198943,0.8197180813254107,0.6213731873173219,0.6495718043706686,0.6543070048229777,0.5465443392797417,0.5950562359241488,0.5216734345369627,0.6721892328783468,0.6162323235304227,0.6438808408426704,0.5484958346234294,0.6011569881357027
MEX,0.7253751066481934,0.6530688589909496,0.47332095795691775,0.5535403324237181,0.5347524231320976,0.5229721972899835,0.6738173792982253,0.5529492113030368,0.5289764600552296,0.44712679000724126,0.8652397583797962,0.4930875121875836,0.5928677323747839,0.6032335545325186,0.49553689858479544,0.6448576522519943,0.6546975625372914,0.6947917361714981,0.5315031455588365,0.5629799199042965,0.6950172012627538,0.5249493258737307,0.5216236045776824,0.5972661398808,0.5829443486568914,0.5063719349838091,0.6015037232697236,0.5514280743211976,0.5373990683668256,0.5556448926870718,0.5982769236663036,0.7332205795018674,0.5514520401510061,0.4533395847263995,0.5342548914454132,0.5375227674391401,0.6350842457516126,0.688600654807949,0.573547689148346,0.48776107808734914,0.5868856535312117,0.5244703855408565,0.6517702734962014,0.8064353371099372,0.5173638913424273,0.7646062610435947,0.5557608329110505,0.7691224076858736,0.6560019508392926,0.5624626815598952,0.0,0.6803993134001725,0.706908537254541,0.5529079933815114,0.7431932744496526,0.5544331616775849,0.5867656672123668,0.5812905509734001,0.5454362989032615,0.5102628718801048,0.5799250522761706,0.49710374479940994,0.5288073676126095,0.5243308526301251,0.5006688979185168,0.6088711908097093,0.6011120988277295,0.6631619682689026,0.842330480825181,0.5531531978994123,0.5687574743188835,0.5596428879633816,0.5119414490942882,0.6381831954831645,0.4995535341726563,0.5414111906009987,0.6131364803396284,0.4975993735819289,0.5844398843353518,0.5748397735855961
MLT,0.8009485389481156,0.7353466876768411,0.6874175683468902,0.6060803413373371,0.5638694210532266,0.6071763918298659,0.7235614409557735,0.645203347275532,0.6792189625021405,0.6692646720617385,0.9461360606314952,0.6658226624093607,0.5728947485006312,0.6459648331242301,0.7156535948122985,0.7572438654154648,0.7325947859056221,0.8020760810219839,0.6498281790267758,0.6528384873734131,0.6065951924674426,0.598457107794886,0.6080989761442601,0.632186379685981,0.7594202532412383,0.5743025413670182,0.5774233315083611,0.6097751217827149,0.5720097258989367,0.5411288006219745,0.6564087147763251,0.6751627542910942,0.609009282211356,0.5932976669480584,0.7028685760685982,0.7426548674309335,0.5564492563809231,0.6314926892358065,0.6265566102870634,0.5947780683382303,0.7243499490137251,0.6493288874110634,0.7697801928953822,0.8598150318656336,0.6679673199133042,0.7991692327756316,0.6640844882898645,0.734603499580864,0.5837464138337145,0.7350560871442338,0.6803993134001725,0.0,0.8057865207010811,0.6780578666945305,0.8149051380590543,0.5713711465644532,0.6309030104172052,0.6323083207920774,0.6937033326799065,0.6933989034658781,0.6738358799290465,0.6345855933480565,0.5454731189827808,0.6451046226551557,0.6823946384792412,0.7070500343828909,0.6935642340630512,0.6792389347722686,0.7700043045228565,0.6095753651483222,0.5960701936045453,0.638267262045636,0.6487638180287405,0.7221381629694466,0.633126643464238,0.6545176424176772,0.7883465583754138,0.6467437552442685,0.7136265192361588,0.7128383896278772
MMR,0.706821806297956,0.790407035648538,0.6282339902652393,0.7127449121478754,0.7383887589250637,0.7328896292983959,0.5460162695411734,0.6502345920015151,0.5625777788501465,0.6903629844237772,0.9047972474892266,0.7166953027152642,0.7835206785400062,0.7383453025836362,0.6713017280967579,0.7093923247372624,0.71602093785049,0.6601291908554422,0.6968172805609255,0.7141316178333416,0.763790725055391,0.7347254261433033,0.7538217812269389,0.7490744755543586,0.7125813117347355,0.7203817728682023,0.7224273378053605,0.741410296680699,0.7353497789343744,0.7591892141910349,0.7472295179574562,0.8636566728944732,0.690033604133324,0.6825047295500979,0.6514937992308129,0.6236594410190074,0.7826827342944502,0.7680595801588913,0.7825447281260604,0.7243880442345135,0.7433224032956419,0.7569533186722838,0.7301388799389288,0.68615446627362,0.7475894727409308,0.6675286744002985,0.7086498154149864,0.8572992902943675,0.7560866953177304,0.611531756845225,0.706908537254541,0.8057865207010811,0.0,0.7162432609430666,0.6882615461884047,0.7502285255096942,0.7530237170191624,0.6771210810265963,0.46807736756001467,0.6713872869581553,0.6242195762336759,0.6854741866252813,0.7108340479009163,0.6267887539843272,0.7187822059879851,0.7280147377960392,0.6838072248446387,0.8275650524923011,0.8528865496541704,0.7428704545328638,0.7395010020096845,0.7513446732222974,0.6713062942957397,0.6781476362395678,0.637138434106333,0.7577809883824578,0.656826940315867,0.7552752721758431,0.5347550091099968,0.7424122139306357
MYS,0.7183349790044565,0.6975568989271311,0.5459389327151968,0.6040652811254742,0.6163589734538788,0.6119864373260937,0.6814603506717983,0.6017636659933683,0.5587120692999433,0.5153094158890912,0.8706812905524677,0.5791307535299005,0.660307132654658,0.6623852992714803,0.5905696060922084,0.6550319771078755,0.644254224695708,0.7183324720046349,0.580152479788595,0.6066972362581494,0.6750878874283439,0.5864228259869911,0.617647431446021,0.6393318096221641,0.6309501745565504,0.5917397182777253,0.6221189728200903,0.6192475392577556,0.6062714681707017,0.6084336855694076,0.6730490509725168,0.7145050198267724,0.616694021151882,0.5598044378670796,0.5361445003079843,0.5930737170865913,0.6749219530158753,0.6933005359419233,0.6429251043957467,0.5930646601121435,0.5928645032126549,0.632135665396294,0.7038494462663493,0.8037909938284817,0.6166688084876467,0.7370151426399203,0.6294613167199878,0.7278267629338464,0.6759394322989495,0.6049249301563245,0.5529079933815114,0.6780578666945305,0.7162432609430666,0.0,0.7225142772990073,0.6048769382513361,0.6112610033808565,0.6297380343265616,0.5859462498157738,0.5906586153261751,0.5622926239983705,0.565910148968501,0.5842893904466665,0.5884921820202981,0.5755321074267055,0.6336716680130062,0.6111865465934001,0.7119415639918403,0.7929427553591972,0.6125542797695362,0.6467321282331951,0.6373585665367772,0.5503666357699254,0.6370348370885955,0.601910838983861,0.6132459111219435,0.6157563348953482,0.5985744461858855,0.5878004083420719,0.6308750993577655
NGA,0.7603699790583758,0.8327857719783383,0.670520725971074,0.7092127536743116,0.7490637532033745,0.7393611732482263,0.6870804279836824,0.6890292262921215,0.6393339819227978,0.7254026712222365,0.9427283652801258,0.7185853781701242,0.762131006778545,0.7405311935169686,0.7862608750786308,0.7049248080713671,0.6925581078584737,0.7226082545812157,0.6888953184203959,0.6776409398203934,0.7447739494969381,0.7410206175083333,0.7747961530049445,0.7264970341526334,0.7940133282378922,0.7336243934988605,0.7322491119296256,0.7810406799863056,0.7226319914192546,0.7367561466299576,0.7433200266519426,0.7943504386260939,0.7037298641321817,0.6951347674903106,0.7110101201156162,0.7533970531933307,0.7555789609985974,0.7363760124894514,0.7363906644930518,0.7368515507191313,0.7322724728011736,0.7903276188150562,0.7154638881269929,0.79407282185806,0.8121376271379604,0.7384707753824649,0.7223427143844671,0.8161200305706671,0.7273078262527185,0.687969522552344,0.7431932744496526,0.8149051380590543,0.6882615461884047,0.7225142772990073,0.0,0.7195185013851491,0.744685954607407,0.6761085862448052,0.6660330984134201,0.7035436263845867,0.6149865564784042,0.6970759393180415,0.72627930872271,0.6616715931019863,0.7395782615078326,0.7077895160162144,0.6582975970638817,0.8670493800421595,0.8270830764136203,0.7826291875431505,0.7465906083821422,0.7686875734006423,0.7351968930137863,0.7402249286792123,0.7225133685018467,0.8131824932489917,0.7128845397639793,0.7194559747491927,0.7194896297954665,0.7449166387214634
NLD,0.7620862467712869,0.6604981436660913,0.5606976905657703,0.41260195955708867,0.40765442045808414,0.38073614063855243,0.6614298013194372,0.48322382225912613,0.575827799508516,0.5220434580854294,0.9154273072700239,0.46125417749031883,0.5017760337726715,0.5269054774003676,0.6706555582512261,0.655658946263958,0.657155099288176,0.7259270664771459,0.5667782979734031,0.49135677357211804,0.5511617724378669,0.42399325421821576,0.43720332888145763,0.45682153734408876,0.691912764591479,0.41295667353815013,0.48819094060984286,0.4678732919218403,0.34496544201369705,0.3434201064844481,0.5235802413855203,0.6196095451798849,0.45490379262711367,0.4400885732085925,0.6399112124268519,0.6403372486672426,0.489896489595195,0.5738383147911639,0.45830107912393725,0.3992262524919969,0.6324932277385343,0.5551067174009088,0.6571639773068572,0.8354691942995317,0.5939206569295516,0.7967736574023665,0.49867082849191924,0.6492342850938703,0.478065390904946,0.6479295734704839,0.5544331616775849,0.5713711465644532,0.7502285255096942,0.6048769382513361,0.7195185013851491,0.0,0.43518883832697447,0.4490412581871887,0.6022054436281696,0.5730986536508182,0.6343269823478239,0.440309010484639,0.394836782121718,0.5310923501072282,0.5403327162400051,0.5830539670515313,0.5723784998157846,0.6404521355649465,0.7571527962108439,0.49543127574910123,0.4171601073418623,0.46845184812289015,0.6592372534885814,0.6268168390325387,0.5359211437350471,0.6039388263675602,0.6818009505535971,0.4177341287301633,0.682107390366371,0.5679220299930311
NOR,0.7305006666735685,0.6521453810739021,0.5969623335143038,0.49023582537817373,0.5098591713825801,0.5166959149669221,0.6668420732512483,0.5522921345792506,0.6172175267819232,0.5849094378204327,0.8997944873371975,0.5140046128969035,0.5854711303569153,0.5828211727048429,0.6794727612678793,0.690666066340375,0.656510953503157,0.7362742117378552,0.6048054253587031,0.574303953240535,0.570649288116179,0.5323131195303838,0.5420020980156294,0.43836159253599866,0.6719269060226432,0.5180160893714706,0.5055768487043767,0.5262662596412352,0.5072603317592461,0.4730776495843083,0.5545624097811662,0.6677628274779664,0.5069082840552022,0.5589516482899364,0.6412535342912897,0.6698448284436683,0.6047370777414265,0.6073924550270996,0.5882270069852343,0.4982590551428269,0.6581295418434493,0.6137680400350505,0.6748084005061817,0.8515239404209141,0.6308659570276431,0.8109593313187957,0.5831689317699066,0.72790876277819,0.5511099589447008,0.699981516721849,0.5867656672123668,0.6309030104172052,0.7530237170191624,0.6112610033808565,0.744685954607407,0.43518883832697447,0.0,0.5358560963908211,0.6306249301708039,0.5944628480760955,0.6809951590284072,0.5388394120825981,0.5202949171578909,0.5794937922225739,0.5561125110332535,0.5872047053778168,0.64052616365203,0.6323787430793304,0.8048694465712873,0.610788066598418,0.5256791405545629,0.5250903267144733,0.6792873090022293,0.6536930387749492,0.5984412662593095,0.6604453281456465,0.6998471680903057,0.5167027411807521,0.6702605153250559,0.6371406170932438
NZL,0.7353139718153625,0.6773492822698538,0.5468947982711798,0.4441798006742146,0.4534210050309802,0.4993156542728582,0.6257593273076241,0.4840666193032703,0.5508859199061356,0.5567251416756346,0.9062019545187373,0.5114280487863925,0.5665830681132024,0.4927400796675066,0.6407752462900433,0.6037424163513481,0.6190632602064436,0.6719349551716541,0.540647984959762,0.5265932746892115,0.6009893596637192,0.49606448020084243,0.5334474921500637,0.5241504673198174,0.6640797109979377,0.48382815518836303,0.5266445114907563,0.546975438436703,0.45601808412240363,0.4606253891397164,0.5748660952499708,0.7012908114140791,0.483434222000174,0.48857602443796283,0.5936921935568316,0.63344735820972,0.5681698376134924,0.5909850653900675,0.5521581577583272,0.4979299068062115,0.6207069496847031,0.623831431365175,0.6335341347903664,0.7959962519742565,0.6524524672828195,0.7083603423232011,0.5235113955910897,0.7275861266102506,0.5102669372977339,0.6071010179198407,0.5812905509734001,0.6323083207920774,0.6771210810265963,0.6297380343265616,0.6761085862448052,0.4490412581871887,0.5358560963908211,0.0,0.5643971319739155,0.5410515662765853,0.5831049701548046,0.4820111739319304,0.4354101154404292,0.500429969479976,0.5617732249395785,0.6142853964400251,0.5623886263316689,0.7180654641986607,0.8021328101367934,0.5658134557487345,0.5147192329721256,0.5252912639634042,0.6458690299388412,0.634610103510474,0.5355216645000642,0.6778896904639042,0.6653124828944904,0.5007333273478998,0.6143734765454687,0.5700757361853246
PAK,0.6546442242438245,0.7353289440506472,0.45167974273579137,0.5832807434188286,0.5596470525163455,0.5858527468164583,0.5037296546063775,0.5349503900743152,0.4055316177426266,0.49598916155276634,0.9000521714198072,0.5719457603312579,0.6309333184753798,0.6135375802089891,0.5363746798531713,0.6333316831779433,0.622261564903396,0.6323948531657131,0.5219043980402027,0.5783761052963025,0.6746663402452585,0.5824138701612017,0.58805034352184,0.5915165666681347,0.5506549798026078,0.5566105425517389,0.5786069667986866,0.6138110305497497,0.5750799193197478,0.5834790446097451,0.5961126815220332,0.7486212708104149,0.5436858771375891,0.5099555139061398,0.5270500803991901,0.5045356839619795,0.6779343543624541,0.6723555246449209,0.6522700796669147,0.5520632285768758,0.614805069349931,0.6078300166755731,0.6428124155089837,0.7052185385697644,0.6113775787987549,0.6289560281849047,0.576133844839181,0.7594000162406371,0.6338658539519113,0.5158229855112477,0.5454362989032615,0.6937033326799065,0.46807736756001467,0.5859462498157738,0.6660330984134201,0.6022054436281696,0.6306249301708039,0.5643971319739155,0.0,0.5317583213285126,0.5316898685806105,0.5480530562680527,0.5369778288081413,0.4562343550072981,0.5303229927399334,0.6118540586366644,0.5636631245064461,0.7297339113359287,0.8047682703086233,0.58767323906673,0.6078983731377745,0.6002715333080754,0.5205705090057351,0.6166057397819803,0.45012553257809684,0.6288460979100379,0.5579463862978002,0.5783708684860258,0.46743788682401505,0.6247426972909668
PER,0.7349001005310759,0.7123922740895534,0.4715280933435735,0.5239866507810408,0.571224238629782,0.5574364634375583,0.6081460837698818,0.5596381137342307,0.5205952530614786,0.4915660570590965,0.8863433087499771,0.5092572680867862,0.6480270642237234,0.5325927084267734,0.5755831089390248,0.5705105537380079,0.5479451207020483,0.6096012824472454,0.4690910396972785,0.5397163298485746,0.6733044432823669,0.5920765371241546,0.5899921080590943,0.6066984876707825,0.5814621708852933,0.5337911384767373,0.5734685339473976,0.593255281640945,0.5527235757708769,0.5638911634360437,0.5918635498657593,0.7815793155081223,0.5522329112075237,0.5462409742597418,0.528434115953899,0.590809194493175,0.6557582262492582,0.6190312267103854,0.608846678879863,0.5375203216513509,0.5620105117900445,0.6058262212360104,0.623387589607345,0.7822235437342294,0.6325804556659157,0.7287000436001339,0.5424836957577267,0.777868249358369,0.6331850960260187,0.5442484190993601,0.5102628718801048,0.6933989034658781,0.6713872869581553,0.5906586153261751,0.7035436263845867,0.5730986536508182,0.5944628480760955,0.5410515662765853,0.5317583213285126,0.0,0.5849338588329452,0.5355429028634913,0.5139856063931693,0.5338286067476427,0.549247053118405,0.6134976039324243,0.5047184677100596,0.764382956796364,0.8108226744468154,0.6313994899524408,0.5960502923541567,0.6163797985322748,0.5414723594886663,0.6002530979224432,0.4902441154925948,0.6513715863498895,0.626874093003548,0.5475060716757757,0.5643980466734596,0.5658081740961742
PHL,0.7089882114185814,0.7571150289271,0.5456748658482575,0.6337471680266272,0.6386912392791015,0.6317138897837775,0.6133227284932767,0.573216140763631,0.469862200042064,0.5506283643974808,0.9058975906903333,0.636130548799718,0.6478175695672579,0.5989737995416833,0.614092007149771,0.5927625534921068,0.6069889427362025,0.6508571701703847,0.551020714817122,0.5563580090496649,0.7050854068808012,0.637533739708018,0.665135932893543,0.6631255832666247,0.661107648108572,0.6108624157504307,0.6348182784205416,0.6560165827422592,0.6130243571120776,0.6491821220874491,0.6571639106712792,0.7270243994451632,0.5846035396524208,0.5342756879764842,0.5273921776403363,0.6012783116547719,0.6789718209275304,0.6647359705342604,0.6512805647846627,0.628564408332702,0.6115163353197096,0.6666856781714163,0.7074484513477861,0.752454748975913,0.6655449622242116,0.6422631020779349,0.5935048299960083,0.7864324635822556,0.6753747593981099,0.5067633710079109,0.5799250522761706,0.6738358799290465,0.6242195762336759,0.5622926239983705,0.6149865564784042,0.6343269823478239,0.6809951590284072,0.5831049701548046,0.5316898685806105,0.5849338588329452,0.0,0.5748804640918103,0.5884706733646905,0.5533126506934479,0.6011093241522323,0.6419509878503689,0.5312837181372393,0.748985976978748,0.7996012700813943,0.6447744612796977,0.6799046381306686,0.671365457451799,0.5237050519982066,0.6085478758295393,0.5870806629305708,0.6491914842812908,0.6116558789342258,0.6513771151960498,0.5607396480764578,0.6269435358939831
POL,0.7525890309235433,0.6634980559809976,0.5034621443822346,0.45835368265694754,0.404408513673916,0.42287138586162176,0.6348433073714921,0.36861169114130077,0.4811427405311095,0.47604875629583926,0.8979177801000516,0.5093552326840646,0.5567078575017661,0.5632997099239594,0.5600778170826449,0.5838778739563711,0.6209616001233977,0.6872830905588131,0.5410285531227167,0.48568056792195446,0.6018691946520771,0.3544270030140639,0.4501667101927525,0.5334098440445988,0.6518231033354172,0.3685421545939757,0.46783556135976134,0.44956161836782854,0.42165819396423665,0.46481217733997676,0.5626036318834229,0.6861175664998029,0.41926847745454476,0.38025138136696257,0.5261718225558983,0.5593330074565104,0.5603763912959785,0.6282257775909297,0.5735383203580929,0.39125079703939797,0.5824464308672153,0.5133925159747096,0.6482675079673329,0.7807317549228866,0.5593496032013946,0.7185683166623179,0.45282391577219483,0.7170387874953628,0.48700796135341495,0.5647766417878375,0.49710374479940994,0.6345855933480565,0.6854741866252813,0.565910148968501,0.6970759393180415,0.440309010484639,0.5388394120825981,0.4820111739319304,0.5480530562680527,0.5355429028634913,0.5748804640918103,0.0,0.38407602955197834,0.4066356630401618,0.488565766092813,0.5963363144510718,0.5342622305782156,0.6826654019925882,0.7985592485594296,0.3934388406816752,0.3773537490911954,0.4587945104760765,0.5702954198979504,0.5883000742456498,0.4469499684300367,0.5832545538428253,0.5863607568751859,0.5095221822653603,0.6059314935749598,0.5337525761187232
PRT,0.7323205823185381,0.6539739676842065,0.5098020816318989,0.4292909878782862,0.32030273886068233,0.38101437695578794,0.6113012731848346,0.4273434790571397,0.5052330330124966,0.47234751839737726,0.9061799546094785,0.4849003900069232,0.5022637388444031,0.5164724796736212,0.5868780272138926,0.5954512560954148,0.623758944661538,0.7111658015396201,0.4969360955566187,0.483035673932296,0.5423417239742078,0.3911295392407176,0.4421852670975486,0.5077912734091973,0.6332992695369896,0.31447395163181335,0.4476439841573433,0.46727122736331017,0.356787615488543,0.37437371626404264,0.5205098010100616,0.6536392345236605,0.40752876164871904,0.41246967138960194,0.5361829262572766,0.5915940003165897,0.5108517739510651,0.5743090246057977,0.5230859445091787,0.35542801822762454,0.5778653011086567,0.5239095107963854,0.6721151681918357,0.8005183538741858,0.5695919999913758,0.7280775523050721,0.4734890807035998,0.6748941478499323,0.436533584882772,0.5676244914847548,0.5288073676126095,0.5454731189827808,0.7108340479009163,0.5842893904466665,0.72627930872271,0.394836782121718,0.5202949171578909,0.4354101154404292,0.5369778288081413,0.5139856063931693,0.5884706733646905,0.38407602955197834,0.0,0.443699663770243,0.509473774385659,0.55388527103948,0.5105252822369367,0.6667924419218887,0.7588921173712876,0.42276182015770786,0.38615333126201745,0.48412989270519546,0.5693461064819137,0.6003567619066947,0.40729395409436764,0.5820943267847929,0.6639052084124775,0.4872206845313144,0.598809527072919,0.5360781389219459
ROU,0.6990460504862669,0.7028990462256182,0.45409177471995893,0.5004410415300982,0.44845010426374726,0.5084318132358453,0.5806049449475091,0.40750049766005675,0.4521811329736119,0.51229653945057,0.918641667014976,0.5580982833568648,0.5882003087705113,0.5742187547260275,0.5090693005709168,0.6100010299029032,0.617763219071429,0.6466207581456328,0.5269289004744171,0.5557964167840498,0.6312598839634797,0.4460778454951716,0.536208267659513,0.5758650932520946,0.5890191700916481,0.4373563301805416,0.5095094123821011,0.5479526978234011,0.483198544899032,0.5109552242277787,0.5895381487681838,0.750336464623265,0.4566446182217369,0.457959092466879,0.5220282068287375,0.5204825604605058,0.6107263797312783,0.6412584512913202,0.62373265523922,0.4538444701605459,0.5967180454908343,0.5587321598921777,0.649164672150838,0.7109784535806848,0.5901774975889136,0.6688650415638354,0.5202755609739333,0.7612531382309374,0.5239920084389348,0.5427214605498658,0.5243308526301251,0.6451046226551557,0.6267887539843272,0.5884921820202981,0.6616715931019863,0.5310923501072282,0.5794937922225739,0.500429969479976,0.4562343550072981,0.5338286067476427,0.5533126506934479,0.4066356630401618,0.443699663770243,0.0,0.48663952258945564,0.5972277566240037,0.5313492731514218,0.7332197691801967,0.808829306960241,0.4732481852868152,0.48656685576705244,0.5459606992138576,0.5416220267357496,0.6184114999012095,0.41018368514827874,0.6064920448089333,0.5758725465647878,0.5618873626483407,0.522922281958368,0.5814670414918489
RUS,0.6768463465364364,0.6180979184575904,0.510375640531079,0.5428288542051639,0.5002344674980633,0.5277486312791059,0.6483994340185443,0.5067959000541704,0.5476312403230411,0.48508271557134586,0.861461389946698,0.506006060058037,0.6153755748845084,0.591367374489408,0.5674771085752037,0.6388543234767703,0.6449161598762745,0.69002041709915,0.565049191821991,0.5890148613476499,0.6866264219022724,0.5232175697061531,0.538444624683395,0.5966163352152838,0.5666112821675758,0.4993981817622666,0.56350619561548,0.5704482375054155,0.5249952506030715,0.5353777488592254,0.588800232937853,0.7514779438572575,0.4925297226690647,0.48243338282470116,0.5629401916932562,0.5567153702937342,0.6816715545013932,0.6571883004830075,0.6233336136583406,0.5131474242564652,0.5769922324705473,0.5689290069690547,0.600313938223045,0.7823991392277846,0.6042918479899776,0.7107753264284837,0.5421593260067045,0.7342158472353714,0.5855457917422361,0.5976841238543271,0.5006688979185168,0.6823946384792412,0.7187822059879851,0.5755321074267055,0.7395782615078326,0.5403327162400051,0.5561125110332535,0.5617732249395785,0.5303229927399334,0.549247053118405,0.6011093241522323,0.488565766092813,0.509473774385659,0.48663952258945564,0.0,0.6119766566712523,0.5893514635401599,0.6930293790180243,0.8047580463719175,0.5068392660764293,0.5765127798355729,0.544367127317997,0.5761403065246847,0.6342922452259333,0.49379121046612245,0.5971751413053629,0.5833776536739387,0.5274335741356446,0.6014609610643498,0.560535103314266
SAU,0.7181161559622378,0.6889024626183045,0.5818204746268291,0.5662163909725444,0.6120300896016279,0.5827341615743223,0.6641351755382691,0.5849882521189327,0.64648010548819,0.5759932098613152,0.8757597644642247,0.5690880828356257,0.6477528088242227,0.6696036939695773,0.6914117389834421,0.7020891535324143,0.6665197548601878,0.7307492803846506,0.5788701514244189,0.5665120017693223,0.6530012251703133,0.6338046900503,0.650986900173689,0.6190057544405336,0.660288086121482,0.5541471705528032,0.6087762751789912,0.6434845351190847,0.5929688108039414,0.594167087362226,0.6388122908671818,0.6731826629412225,0.5678552722266834,0.5924259263193974,0.6116592749689918,0.6420810977602839,0.6783690441486222,0.6654178348622587,0.6422332486000386,0.5864927358578357,0.6252975434977409,0.6557694273679796,0.6340411860637145,0.8210048581803071,0.7089844607420616,0.7593899067868579,0.6078236831573085,0.7678985499720904,0.6305451413890961,0.6606621075325435,0.6088711908097093,0.7070500343828909,0.7280147377960392,0.6336716680130062,0.7077895160162144,0.5830539670515313,0.5872047053778168,0.6142853964400251,0.6118540586366644,0.6134976039324243,0.6419509878503689,0.5963363144510718,0.55388527103948,0.5972277566240037,0.6119766566712523,0.0,0.6228694692734926,0.7437614598186588,0.7797848183514803,0.6472834718410362,0.6026886038022087,0.6639745877209677,0.6680060410194203,0.6746476143448051,0.6113708497333731,0.682075289328885,0.6789238606039534,0.6142189633861442,0.64993128930756,0.6184073061331963
SEN,0.7631380193860323,0.7629312838263762,0.5224381578936086,0.5662090576524758,0.5906257949251146,0.5505927382919301,0.6020815415989231,0.53687319648691,0.5242200910739847,0.5704241542355571,0.9174645319510459,0.6026603017482299,0.657554818555059,0.5710285490241116,0.6486299723432661,0.5718904673582025,0.5624801582604195,0.6425726302552951,0.5244014760056966,0.5128391141555605,0.6249449174015648,0.5862065717060936,0.6272544070856155,0.6255519449326898,0.6389645634196527,0.5271197326945031,0.5605758308314991,0.6250113473743278,0.5562056672168443,0.6008206612858732,0.5752227557145356,0.7670797745030667,0.5300424782088713,0.5443583043797962,0.5901258322136567,0.602243539102218,0.6474716815980166,0.6227184983157925,0.6269299450505498,0.5610693802917445,0.5518604865118891,0.6466170787669155,0.6861704375568254,0.7422804251588379,0.6706738191504088,0.7099373511071313,0.516981151510609,0.7866373464826882,0.5791352139137894,0.49954557269435,0.6011120988277295,0.6935642340630512,0.6838072248446387,0.6111865465934001,0.6582975970638817,0.5723784998157846,0.64052616365203,0.5623886263316689,0.5636631245064461,0.5047184677100596,0.5312837181372393,0.5342622305782156,0.5105252822369367,0.5313492731514218,0.5893514635401599,0.6228694692734926,0.0,0.7721889704627044,0.8014957147526421,0.6218809725976921,0.6017566351294834,0.6392404413833888,0.6141866931532558,0.5858451825554722,0.5445642135494835,0.6916270257226189,0.6354245815625337,0.6125954620615028,0.6012553517769063,0.6035566784274398
SGP,0.8231094999728281,0.6739333898231183,0.7427853429012854,0.7113226877445188,0.675048497883869,0.6107085051319873,0.7847353885879826,0.7106455593733357,0.7008233435438144,0.6859457717644978,0.867313923458285,0.716939206759949,0.6110795439453786,0.7327017055333844,0.7074611792022447,0.7822795984515499,0.7933896804308773,0.8825061081365176,0.7402968781833715,0.6919853032008538,0.6852710960234086,0.6823026457679677,0.6503921349528798,0.6266577771310425,0.7294148708687627,0.6648456996165746,0.6986110027659707,0.61661435547115,0.6630732691210266,0.6634567958704836,0.6478650811150218,0.6781386266268077,0.6619895695045696,0.6630871192444282,0.710440416039482,0.7507279305705093,0.690753381337487,0.7539042853822495,0.6520611392034259,0.6494821404657537,0.7581379795971508,0.6610794003798411,0.8073167439245242,0.904776662642159,0.6240062131147835,0.8655075087864325,0.6931770933825603,0.8105328075710503,0.7228910766728964,0.7906363909198943,0.6631619682689026,0.6792389347722686,0.8275650524923011,0.7119415639918403,0.8670493800421595,0.6404521355649465,0.6323787430793304,0.7180654641986607,0.7297339113359287,0.764382956796364,0.748985976978748,0.6826654019925882,0.6667924419218887,0.7332197691801967,0.6930293790180243,0.7437614598186588,0.7721889704627044,0.0,0.8749245438295886,0.6897478959636617,0.697189110332618,0.6735210444366626,0.6996946449783604,0.7799710791350672,0.6988348270671962,0.5821382867115805,0.7831261821402196,0.686735199351848,0.767030547906607,0.7574833410733051
STP,0.871999244560685,0.8615701453886593,0.7982275336108694,0.749294307487382,0.7866962490078251,0.7806890600034665,0.7824083461864114,0.7787990620644849,0.8122340935594446,0.7914371564832824,0.9531726145500996,0.7690942334751216,0.8093876321993191,0.8225395464330738,0.876545621628378,0.8349467902197284,0.8016017043035479,0.8425788797221956,0.7939262672812462,0.7624338955196377,0.7171159384468395,0.8022380635099328,0.8045027294742606,0.8050619257757106,0.8524432441448176,0.781765852379488,0.7656572042722329,0.8200769296633383,0.7628472183611591,0.7403907826041388,0.8005304392456511,0.7408937038601694,0.7781133076008178,0.7650415780309938,0.8320136800535641,0.8018687624545244,0.766306961642263,0.7577780923500008,0.8031473902556876,0.7864648950783741,0.7875592434786227,0.8240063098109028,0.8190959637692383,0.8628817099525193,0.8518922050135375,0.8225013059878306,0.7797073411247291,0.6862485935339443,0.7654553962079608,0.8197180813254107,0.842330480825181,0.7700043045228565,0.8528865496541704,0.7929427553591972,0.8270830764136203,0.7571527962108439,0.8048694465712873,0.8021328101367934,0.8047682703086233,0.8108226744468154,0.7996012700813943,0.7985592485594296,0.7588921173712876,0.808829306960241,0.8047580463719175,0.7797848183514803,0.8014957147526421,0.8749245438295886,0.0,0.7937064777808458,0.7904680830845977,0.8228154366183262,0.8212870567067797,0.7862415841975318,0.7926859779751763,0.8490273040309116,0.8329390718247687,0.775495367960146,0.8346206434719841,0.7926720924147445
SVK,0.7556797493408306,0.6790114103043553,0.5734996278468762,0.5383227620117991,0.42241502692930766,0.46730709586341246,0.6875579563671658,0.4829775970333289,0.568906921858077,0.5167244242122384,0.9079922845264394,0.5778936015023763,0.566448860022492,0.6177859098549108,0.5926983701608047,0.6671064679949793,0.7150464983399939,0.7597925779662253,0.6255778708036083,0.5970429127437684,0.65119463603088,0.385549656593504,0.46713022813114013,0.6043356933678419,0.6770250632079161,0.414391671966205,0.5137511400794096,0.5129765739534342,0.45822212238100285,0.49022457825709326,0.6335330218030799,0.708744517323362,0.4907916247195664,0.42949368001942845,0.608271564504164,0.6181618796839166,0.5880354521605367,0.6643448840636561,0.6375518971686589,0.43456624790069165,0.6631328982719313,0.5338582781943929,0.7029356492899024,0.8058039753311822,0.5791010019035044,0.7493846285064809,0.5251851264452968,0.7146241218192605,0.49437052024830597,0.6213731873173219,0.5531531978994123,0.6095753651483222,0.7428704545328638,0.6125542797695362,0.7826291875431505,0.49543127574910123,0.610788066598418,0.5658134557487345,0.58767323906673,0.6313994899524408,0.6447744612796977,0.3934388406816752,0.42276182015770786,0.4732481852868152,0.5068392660764293,0.6472834718410362,0.6218809725976921,0.6897478959636617,0.7937064777808458,0.0,0.4327581786121789,0.4863658762695738,0.5991157952955896,0.6565694698962866,0.4929288975094994,0.5873038887931415,0.6581498019235786,0.5684250360244232,0.6392324782514957,0.5999592544410179
SVN,0.7903257560682232,0.701348008573602,0.5547030257784832,0.4507691426866739,0.38870406957288045,0.43718172523396537,0.6372681904579155,0.44812808875490245,0.5725959428687001,0.5536041406298157,0.9436781178047873,0.5382650979642812,0.5331296598659324,0.5857969570478673,0.6146975426781036,0.6741377269108516,0.6878725654008904,0.7343092443649829,0.5997682246381489,0.5583803013027866,0.5683037374131649,0.36152530464048843,0.45585023675350617,0.5222332004798432,0.7078184030506798,0.35727688051897516,0.45527837363821333,0.4819940000049864,0.4198511982716628,0.42401649572127076,0.5740770241149995,0.6741631235453354,0.4305340326024556,0.4508132324570758,0.6120402653308554,0.6317263488549183,0.5208599780232591,0.6128362459408161,0.5643025385306715,0.3791911540554888,0.6499182138581676,0.547043195017591,0.6937860512947569,0.8207298372242248,0.5890505760363227,0.7961367659928598,0.52212236915834,0.6898810156585106,0.43916302343982594,0.6495718043706686,0.5687574743188835,0.5960701936045453,0.7395010020096845,0.6467321282331951,0.7465906083821422,0.4171601073418623,0.5256791405545629,0.5147192329721256,0.6078983731377745,0.5960502923541567,0.6799046381306686,0.3773537490911954,0.38615333126201745,0.48656685576705244,0.5765127798355729,0.6026886038022087,0.6017566351294834,0.697189110332618,0.7904680830845977,0.4327581786121789,0.0,0.4752047291471767,0.6535094028872614,0.639091825011015,0.48147050070340675,0.6284621607659091,0.6904781158672832,0.5238585619718609,0.671537308179919,0.6133386984245341
SWE,0.7983021830095743,0.7034614405427756,0.5778444028967642,0.5147220763463828,0.3952956791527986,0.4699214961273115,0.6959308172914274,0.5205477421098105,0.5876243058598553,0.5372018947159236,0.9296999989772862,0.48793335166044144,0.5227972989738827,0.55341004746146,0.6072475437022298,0.64477648535724,0.6940696383549367,0.7499096691271813,0.6282748884685898,0.5987903749350019,0.6645751724763035,0.4038191734227247,0.4006973847032755,0.5276756284639916,0.7051838846583001,0.46858681478621617,0.478502231219879,0.4183775636649395,0.4405174263579484,0.48489323761062286,0.5556591363327167,0.7002779666589359,0.5227250834830373,0.4307688364759707,0.6404868530269363,0.6458798953115631,0.6162935623712288,0.6616561619763704,0.5386448547979246,0.4340995556639009,0.6766424118707748,0.4838455244034656,0.7032440003781811,0.8095680881358698,0.5481034185018581,0.8092548035270176,0.576501951594398,0.7045162886501375,0.526851748019729,0.6543070048229777,0.5596428879633816,0.638267262045636,0.7513446732222974,0.6373585665367772,0.7686875734006423,0.46845184812289015,0.5250903267144733,0.5252912639634042,0.6002715333080754,0.6163797985322748,0.671365457451799,0.4587945104760765,0.48412989270519546,0.5459606992138576,0.544367127317997,0.6639745877209677,0.6392404413833888,0.6735210444366626,0.8228154366183262,0.4863658762695738,0.4752047291471767,0.0,0.6553294688011939,0.6608393811355734,0.5388523635288167,0.5884237929562379,0.6654381421526719,0.4674293589484489,0.693803918372276,0.5846643995861073
THA,0.729222410934177,0.7418322828916136,0.5298461699057032,0.6658458947083251,0.6104168719558839,0.64257702068599,0.6382279656773563,0.6103213227112751,0.4708597330200304,0.5113324839002297,0.9024509159709972,0.620289277082433,0.6514540675767666,0.6407140856213448,0.4891123093541149,0.6375308527562734,0.6266551980689699,0.7051647955016093,0.5529764603794416,0.603212034634252,0.7143182216120023,0.6072030540438887,0.6172543083434122,0.657028892911597,0.6035255962547108,0.5812142791894708,0.6353629777858346,0.6219756125626874,0.6154241850319552,0.6430210574897374,0.657108067835109,0.7694689671445959,0.594853813315853,0.5301898497842963,0.47692770472358875,0.5752935521041007,0.67952039785244,0.694737403556313,0.6553017016240823,0.5856962262241782,0.5993876883917859,0.5611606020199413,0.7455057637428142,0.7852357198104822,0.5479343042456596,0.6974873262122122,0.6171625144355767,0.8130937832769066,0.7072542470201858,0.5465443392797417,0.5119414490942882,0.6487638180287405,0.6713062942957397,0.5503666357699254,0.7351968930137863,0.6592372534885814,0.6792873090022293,0.6458690299388412,0.5205705090057351,0.5414723594886663,0.5237050519982066,0.5702954198979504,0.5693461064819137,0.5416220267357496,0.5761403065246847,0.6680060410194203,0.6141866931532558,0.6996946449783604,0.8212870567067797,0.5991157952955896,0.6535094028872614,0.6553294688011939,0.0,0.6264481307817173,0.5114779277235935,0.5375400838391513,0.6444510146040551,0.6207431287332336,0.5150883224744538,0.6337644556302316
TUN,0.7610176734511487,0.7427238058624424,0.5970535764531271,0.6267820317298127,0.6446539972018502,0.6283855703675872,0.6530946603563795,0.5974519798636403,0.5994139553534303,0.5924706189411778,0.8716927897075238,0.6173589536646049,0.7001597189486248,0.6527933067968186,0.6531688500476167,0.6412827243260217,0.5706651300949588,0.6869010189521526,0.6335917852177423,0.6280860848551993,0.6936694101507322,0.6300668375639077,0.6525312238666839,0.6679076568866267,0.6652124915610288,0.6204606445855497,0.6144766299984236,0.6577874205203532,0.6230246073645508,0.6414678524819436,0.6565230601389884,0.7912639652020594,0.6081847050721232,0.5940987415299636,0.5986093364725991,0.631435028185303,0.7137926002525652,0.6909001631268805,0.669056048539384,0.6148985373687776,0.6209000062619064,0.6863138546192077,0.7203324677492913,0.7799132740373637,0.6866469776980284,0.7304264195121627,0.6020296431546102,0.8105878440306066,0.6734574742009083,0.5950562359241488,0.6381831954831645,0.7221381629694466,0.6781476362395678,0.6370348370885955,0.7402249286792123,0.6268168390325387,0.6536930387749492,0.634610103510474,0.6166057397819803,0.6002530979224432,0.6085478758295393,0.5883000742456498,0.6003567619066947,0.6184114999012095,0.6342922452259333,0.6746476143448051,0.5858451825554722,0.7799710791350672,0.7862415841975318,0.6565694698962866,0.639091825011015,0.6608393811355734,0.6264481307817173,0.0,0.5786902130810542,0.71387400690881,0.6633810428985373,0.6312943581788661,0.6398454285921785,0.6123461807892251
TUR,0.7201882485881199,0.701608274515085,0.45517968385159635,0.516789568117171,0.4378680580191383,0.4898436492367091,0.5371652005723634,0.4536157623925785,0.4420854659621839,0.47176773489310136,0.911146049971921,0.534354198261086,0.5876234208348293,0.5900380918997519,0.47782184189098365,0.6063786119226822,0.605783081322837,0.640625029059104,0.5117519430538179,0.5327873220966157,0.634734828220998,0.47335786077459135,0.5090807861250345,0.5702674690924062,0.5381106516127315,0.42011334457291494,0.5147703048329532,0.528525674746618,0.4702651867865053,0.511592095633225,0.5479110659169734,0.7509844805756222,0.4926311529628405,0.4786137673848844,0.4996080101953963,0.5155948692628319,0.6258032163801672,0.6239462624059566,0.61411840271548,0.4315035958499448,0.5816798014396692,0.5366029243151967,0.6737542547543605,0.71732709907962,0.543259406189678,0.6975827127720907,0.5117454768657052,0.7318659621734371,0.5362942852317042,0.5216734345369627,0.4995535341726563,0.633126643464238,0.637138434106333,0.601910838983861,0.7225133685018467,0.5359211437350471,0.5984412662593095,0.5355216645000642,0.45012553257809684,0.4902441154925948,0.5870806629305708,0.4469499684300367,0.40729395409436764,0.41018368514827874,0.49379121046612245,0.6113708497333731,0.5445642135494835,0.6988348270671962,0.7926859779751763,0.4929288975094994,0.48147050070340675,0.5388523635288167,0.5114779277235935,0.5786902130810542,0.0,0.5754169358338787,0.5922366419011647,0.557528233070985,0.5244438034624704,0.5649112473126329
TWN,0.7997461324285401,0.6965132969669097,0.6088018404658552,0.6622535391522425,0.5828477019296802,0.5699549465175426,0.7190574224974978,0.6266172771806012,0.6040639593486559,0.5487410944614332,0.9070695242971106,0.6161445385998546,0.5975965880740205,0.6657100704799144,0.5051039854777203,0.7140679961704531,0.7586540568658827,0.7956997684641353,0.6380405495686128,0.6466937787413579,0.7314672078413831,0.5881727740796884,0.548739860832548,0.6541422138176372,0.6680447080784152,0.5675105285076514,0.659871182170306,0.526439733503858,0.600502128295054,0.6289742011168886,0.631249826133596,0.7275484663901547,0.6022300443963414,0.537212570910657,0.6058500026772792,0.6316553356160934,0.6711778604390177,0.7243036772225451,0.5776581386981461,0.5416883170534283,0.675462133095992,0.492844695890945,0.7701553592828332,0.7794434942093352,0.4281431141117436,0.8147706676493924,0.6592795132512227,0.7470983605961155,0.7143203367368537,0.6721892328783468,0.5414111906009987,0.6545176424176772,0.7577809883824578,0.6132459111219435,0.8131824932489917,0.6039388263675602,0.6604453281456465,0.6778896904639042,0.6288460979100379,0.6513715863498895,0.6491914842812908,0.5832545538428253,0.5820943267847929,0.6064920448089333,0.5971751413053629,0.682075289328885,0.6916270257226189,0.5821382867115805,0.8490273040309116,0.5873038887931415,0.6284621607659091,0.5884237929562379,0.5375400838391513,0.71387400690881,0.5754169358338787,0.0,0.6573366462503462,0.5865658272340023,0.6661734758592059,0.6355477728165395
UKR,0.7528123016254318,0.7775066249297148,0.5544240610639015,0.6549901004992618,0.6552548840144339,0.6563110090905669,0.6676425905908763,0.6023532788149587,0.5712196744683428,0.593554382451161,0.9121897672463657,0.6306931157264297,0.7073898540480396,0.6862429795398787,0.6074930155734413,0.6704339124484784,0.6699333738712162,0.6479602255280956,0.6608348819282552,0.6469810248129356,0.7525218776184174,0.6413775960927193,0.6707039293163901,0.6919509441725924,0.6613079506168129,0.6424875387242497,0.6841035234691536,0.6743787149540278,0.6585063773581692,0.6965395960418308,0.698002038804796,0.79811285949347,0.6541459819000592,0.6144180300056894,0.6338626244384982,0.6111312627882436,0.7467085101311637,0.7503694734489718,0.7110733421193561,0.6406821203953452,0.6413889132278315,0.6338177530475685,0.6721752146060324,0.6443048729036677,0.6734107737619107,0.7274715787907239,0.6362801478433184,0.8016887322202616,0.7112885032225646,0.6162323235304227,0.6131364803396284,0.7883465583754138,0.656826940315867,0.6157563348953482,0.7128845397639793,0.6818009505535971,0.6998471680903057,0.6653124828944904,0.5579463862978002,0.626874093003548,0.6116558789342258,0.5863607568751859,0.6639052084124775,0.5758725465647878,0.5833776536739387,0.6789238606039534,0.6354245815625337,0.7831261821402196,0.8329390718247687,0.6581498019235786,0.6904781158672832,0.6654381421526719,0.6444510146040551,0.6633810428985373,0.5922366419011647,0.6573366462503462,0.0,0.6548656680380136,0.629585676886655,0.647395359941998
USA,0.7551867668873313,0.680610308498883,0.5061164224819674,0.4734698310400644,0.45917521780312637,0.4704614776577895,0.6893902152261124,0.5633430487723481,0.5934104106682406,0.4753970007314779,0.8903592854373786,0.3885446069699094,0.5387404987136042,0.5560237297199135,0.6136044793158991,0.6578229010370346,0.6548009650434885,0.7367535078632291,0.5363083332536839,0.561428416254735,0.654218788161209,0.49244493224825875,0.4362353150850671,0.4982733882885361,0.6607063044822742,0.5014758699448391,0.5593859013256903,0.5106293551565393,0.4332629995092169,0.4083232679804568,0.535772805836927,0.6724128409145982,0.5213164924249117,0.44266164326820745,0.6234911014891032,0.6152572193177392,0.5765805191463979,0.6343249879679673,0.4588852204934806,0.4504481793339203,0.6170082357533319,0.5198818829426994,0.6505895560942425,0.8338977921697556,0.5558894228050534,0.796911733913927,0.5656545608785275,0.664986085677165,0.6093054459561212,0.6438808408426704,0.4975993735819289,0.6467437552442685,0.7552752721758431,0.5985744461858855,0.7194559747491927,0.4177341287301633,0.5167027411807521,0.5007333273478998,0.5783708684860258,0.5475060716757757,0.6513771151960498,0.5095221822653603,0.4872206845313144,0.5618873626483407,0.5274335741356446,0.6142189633861442,0.6125954620615028,0.686735199351848,0.775495367960146,0.5684250360244232,0.5238585619718609,0.4674293589484489,0.6207431287332336,0.6312943581788661,0.557528233070985,0.5865658272340023,0.6548656680380136,0.0,0.6668777327627886,0.5330248000230787
VNM,0.6811574409122625,0.7441947342457796,0.5101546133547702,0.6519640809442216,0.6462301575320709,0.663103528497819,0.5112139150781622,0.5926519679094907,0.5004914786485574,0.5768236923652051,0.8827599833156682,0.6464803895031311,0.705044443644976,0.6507726087527536,0.5399409261659159,0.6394476771077487,0.6387657371957296,0.6748871948223714,0.5573974816003888,0.632515226846968,0.7052938275876433,0.6436844036638073,0.6889206718340505,0.669419419696114,0.5832195208579402,0.6245133094703449,0.6316285817461682,0.68179998714704,0.6656463889201965,0.6649243968938136,0.6736102762446542,0.8219398900415973,0.6063128736688623,0.6168985276256351,0.5295473504326949,0.554431534359422,0.7130215874721799,0.7020455002858343,0.7191233036355896,0.621653241934275,0.6362353853897683,0.6671972233602702,0.6905154388462534,0.7061512036180797,0.6591978159635346,0.6296450266759951,0.6153758947956918,0.8133068530499353,0.6762445474884099,0.5484958346234294,0.5844398843353518,0.7136265192361588,0.5347550091099968,0.5878004083420719,0.7194896297954665,0.682107390366371,0.6702605153250559,0.6143734765454687,0.46743788682401505,0.5643980466734596,0.5607396480764578,0.6059314935749598,0.598809527072919,0.522922281958368,0.6014609610643498,0.64993128930756,0.6012553517769063,0.767030547906607,0.8346206434719841,0.6392324782514957,0.671537308179919,0.693803918372276,0.5150883224744538,0.6398454285921785,0.5244438034624704,0.6661734758592059,0.629585676886655,0.6668777327627886,0.0,0.6773889976942091
ZAF,0.763208674412943,0.7150305349427221,0.5621706290612983,0.5489222876761622,0.5752298172865792,0.5652750704438482,0.7147551143549934,0.5633608579930298,0.6015067057109976,0.5257210661671399,0.8689445175780439,0.5381746123542922,0.6622383967557928,0.6039867888206699,0.6143685983493363,0.64986119134879,0.6614388300263381,0.717257464396505,0.5711641292298744,0.5862607478369043,0.7196043504298326,0.5579429823458067,0.5739315521432331,0.6286615372309369,0.6612635641510334,0.5619519914077097,0.6262399193236763,0.5985418586628772,0.55846581090814,0.5751075587257841,0.6130152761500578,0.7553918993305662,0.5845744865779122,0.5222685052775112,0.6059178216697905,0.6109454400822102,0.6944253058341884,0.6810770947996558,0.609143850762188,0.5520418545919472,0.6008228824906503,0.6100054869646898,0.6714248381768119,0.8156010189076998,0.6359378948252055,0.7562925805494319,0.5844791554050974,0.759719983905718,0.6704547485864516,0.6011569881357027,0.5748397735855961,0.7128383896278772,0.7424122139306357,0.6308750993577655,0.7449166387214634,0.5679220299930311,0.6371406170932438,0.5700757361853246,0.6247426972909668,0.5658081740961742,0.6269435358939831,0.5337525761187232,0.5360781389219459,0.5814670414918489,0.560535103314266,0.6184073061331963,0.6035566784274398,0.7574833410733051,0.7926720924147445,0.5999592544410179,0.6133386984245341,0.5846643995861073,0.6337644556302316,0.6123461807892251,0.5649112473126329,0.6355477728165395,0.647395359941998,0.5330248000230787,0.6773889976942091,0.0
